Board_ID,Difficulty,Algorithm,Threads,Rep,Time_s,Correct
easy_001,Easy,Serial,1,1,0.003644584,1
easy_001,Easy,Serial,1,2,0.003531958,1
easy_001,Easy,Serial,1,3,0.003410958,1
easy_001,Easy,Serial,1,4,0.003186958,1
easy_001,Easy,Serial,1,5,0.003290292,1
easy_001,Easy,Serial-MRV,1,1,0.000751625,1
easy_001,Easy,Serial-MRV,1,2,0.000750750,1
easy_001,Easy,Serial-MRV,1,3,0.000751042,1
easy_001,Easy,Serial-MRV,1,4,0.000736250,1
easy_001,Easy,Serial-MRV,1,5,0.000726208,1
easy_001,Easy,BranchBound,1,1,0.002466042,1
easy_001,Easy,BranchBound,1,2,0.002479541,1
easy_001,Easy,BranchBound,1,3,0.002447333,1
easy_001,Easy,BranchBound,1,4,0.002417500,1
easy_001,Easy,BranchBound,1,5,0.004999500,1
easy_001,Easy,BranchBoundMRV,1,1,0.001070791,1
easy_001,Easy,BranchBoundMRV,1,2,0.002396500,1
easy_001,Easy,BranchBoundMRV,1,3,0.002605583,1
easy_001,Easy,BranchBoundMRV,1,4,0.001088833,1
easy_001,Easy,BranchBoundMRV,1,5,0.001066291,1
easy_001,Easy,OpenMP,4,1,0.001776934,1
easy_001,Easy,OpenMP,4,2,0.000716925,1
easy_001,Easy,OpenMP,4,3,0.001542807,1
easy_001,Easy,OpenMP,4,4,0.000715971,1
easy_001,Easy,OpenMP,4,5,0.000754833,1
easy_001,Easy,OpenMP,8,1,0.000860929,1
easy_001,Easy,OpenMP,8,2,0.002567053,1
easy_001,Easy,OpenMP,8,3,0.010231018,1
easy_001,Easy,OpenMP,8,4,0.000788927,1
easy_001,Easy,OpenMP,8,5,0.001821041,1
easy_001,Easy,OpenMP,16,1,0.018912077,1
easy_001,Easy,OpenMP,16,2,0.030061007,1
easy_001,Easy,OpenMP,16,3,0.018771172,1
easy_001,Easy,OpenMP,16,4,0.017065048,1
easy_001,Easy,OpenMP,16,5,0.018430948,1
easy_001,Easy,OMP-BranchBoundMRV,4,1,0.001156092,1
easy_001,Easy,OMP-BranchBoundMRV,4,2,0.001102924,1
easy_001,Easy,OMP-BranchBoundMRV,4,3,0.001128197,1
easy_001,Easy,OMP-BranchBoundMRV,4,4,0.001085043,1
easy_001,Easy,OMP-BranchBoundMRV,4,5,0.001090050,1
easy_001,Easy,OMP-BranchBoundMRV,8,1,0.001109123,1
easy_001,Easy,OMP-BranchBoundMRV,8,2,0.002320051,1
easy_001,Easy,OMP-BranchBoundMRV,8,3,0.001077890,1
easy_001,Easy,OMP-BranchBoundMRV,8,4,0.001357794,1
easy_001,Easy,OMP-BranchBoundMRV,8,5,0.001086950,1
easy_001,Easy,OMP-BranchBoundMRV,16,1,0.018167019,1
easy_001,Easy,OMP-BranchBoundMRV,16,2,0.012301922,1
easy_001,Easy,OMP-BranchBoundMRV,16,3,0.009462118,1
easy_001,Easy,OMP-BranchBoundMRV,16,4,0.010630846,1
easy_001,Easy,OMP-BranchBoundMRV,16,5,0.037670851,1
easy_002,Easy,Serial,1,1,0.001748625,1
easy_002,Easy,Serial,1,2,0.001625709,1
easy_002,Easy,Serial,1,3,0.001662583,1
easy_002,Easy,Serial,1,4,0.001751083,1
easy_002,Easy,Serial,1,5,0.001653542,1
easy_002,Easy,Serial-MRV,1,1,0.000724791,1
easy_002,Easy,Serial-MRV,1,2,0.000824041,1
easy_002,Easy,Serial-MRV,1,3,0.000693750,1
easy_002,Easy,Serial-MRV,1,4,0.000770542,1
easy_002,Easy,Serial-MRV,1,5,0.000798792,1
easy_002,Easy,BranchBound,1,1,0.001476916,1
easy_002,Easy,BranchBound,1,2,0.001442542,1
easy_002,Easy,BranchBound,1,3,0.001428458,1
easy_002,Easy,BranchBound,1,4,0.001460834,1
easy_002,Easy,BranchBound,1,5,0.001385209,1
easy_002,Easy,BranchBoundMRV,1,1,0.001067208,1
easy_002,Easy,BranchBoundMRV,1,2,0.001056000,1
easy_002,Easy,BranchBoundMRV,1,3,0.000974666,1
easy_002,Easy,BranchBoundMRV,1,4,0.000976709,1
easy_002,Easy,BranchBoundMRV,1,5,0.001008042,1
easy_002,Easy,OpenMP,4,1,0.000896931,1
easy_002,Easy,OpenMP,4,2,0.000808954,1
easy_002,Easy,OpenMP,4,3,0.000777960,1
easy_002,Easy,OpenMP,4,4,0.000878096,1
easy_002,Easy,OpenMP,4,5,0.000771999,1
easy_002,Easy,OpenMP,8,1,0.001378059,1
easy_002,Easy,OpenMP,8,2,0.001729012,1
easy_002,Easy,OpenMP,8,3,0.001702070,1
easy_002,Easy,OpenMP,8,4,0.000767946,1
easy_002,Easy,OpenMP,8,5,0.000767946,1
easy_002,Easy,OpenMP,16,1,0.037086010,1
easy_002,Easy,OpenMP,16,2,0.024134874,1
easy_002,Easy,OpenMP,16,3,0.025505066,1
easy_002,Easy,OpenMP,16,4,0.024842978,1
easy_002,Easy,OpenMP,16,5,0.015707016,1
easy_002,Easy,OMP-BranchBoundMRV,4,1,0.001061916,1
easy_002,Easy,OMP-BranchBoundMRV,4,2,0.001039028,1
easy_002,Easy,OMP-BranchBoundMRV,4,3,0.001023054,1
easy_002,Easy,OMP-BranchBoundMRV,4,4,0.001016855,1
easy_002,Easy,OMP-BranchBoundMRV,4,5,0.001029968,1
easy_002,Easy,OMP-BranchBoundMRV,8,1,0.001038074,1
easy_002,Easy,OMP-BranchBoundMRV,8,2,0.001024008,1
easy_002,Easy,OMP-BranchBoundMRV,8,3,0.001048088,1
easy_002,Easy,OMP-BranchBoundMRV,8,4,0.004198790,1
easy_002,Easy,OMP-BranchBoundMRV,8,5,0.001025915,1
easy_002,Easy,OMP-BranchBoundMRV,16,1,0.023313999,1
easy_002,Easy,OMP-BranchBoundMRV,16,2,0.026751041,1
easy_002,Easy,OMP-BranchBoundMRV,16,3,0.011808872,1
easy_002,Easy,OMP-BranchBoundMRV,16,4,0.017674923,1
easy_002,Easy,OMP-BranchBoundMRV,16,5,0.010787964,1
easy_003,Easy,Serial,1,1,0.014911875,1
easy_003,Easy,Serial,1,2,0.014215458,1
easy_003,Easy,Serial,1,3,0.014072250,1
easy_003,Easy,Serial,1,4,0.013537417,1
easy_003,Easy,Serial,1,5,0.013324750,1
easy_003,Easy,Serial-MRV,1,1,0.001054625,1
easy_003,Easy,Serial-MRV,1,2,0.001058208,1
easy_003,Easy,Serial-MRV,1,3,0.001199042,1
easy_003,Easy,Serial-MRV,1,4,0.001033000,1
easy_003,Easy,Serial-MRV,1,5,0.001099041,1
easy_003,Easy,BranchBound,1,1,0.012110125,1
easy_003,Easy,BranchBound,1,2,0.012128667,1
easy_003,Easy,BranchBound,1,3,0.012376125,1
easy_003,Easy,BranchBound,1,4,0.012383584,1
easy_003,Easy,BranchBound,1,5,0.012407375,1
easy_003,Easy,BranchBoundMRV,1,1,0.001641375,1
easy_003,Easy,BranchBoundMRV,1,2,0.001598750,1
easy_003,Easy,BranchBoundMRV,1,3,0.001504583,1
easy_003,Easy,BranchBoundMRV,1,4,0.001502791,1
easy_003,Easy,BranchBoundMRV,1,5,0.001541583,1
easy_003,Easy,OpenMP,4,1,0.001260996,1
easy_003,Easy,OpenMP,4,2,0.001230955,1
easy_003,Easy,OpenMP,4,3,0.001245022,1
easy_003,Easy,OpenMP,4,4,0.001208067,1
easy_003,Easy,OpenMP,4,5,0.001202106,1
easy_003,Easy,OpenMP,8,1,0.002671957,1
easy_003,Easy,OpenMP,8,2,0.001530886,1
easy_003,Easy,OpenMP,8,3,0.002665997,1
easy_003,Easy,OpenMP,8,4,0.002555132,1
easy_003,Easy,OpenMP,8,5,0.001185894,1
easy_003,Easy,OpenMP,16,1,0.008890152,1
easy_003,Easy,OpenMP,16,2,0.009134054,1
easy_003,Easy,OpenMP,16,3,0.012876034,1
easy_003,Easy,OpenMP,16,4,0.004424095,1
easy_003,Easy,OpenMP,16,5,0.006324053,1
easy_003,Easy,OMP-BranchBoundMRV,4,1,0.001852989,1
easy_003,Easy,OMP-BranchBoundMRV,4,2,0.001912117,1
easy_003,Easy,OMP-BranchBoundMRV,4,3,0.001961946,1
easy_003,Easy,OMP-BranchBoundMRV,4,4,0.002506018,1
easy_003,Easy,OMP-BranchBoundMRV,4,5,0.002191067,1
easy_003,Easy,OMP-BranchBoundMRV,8,1,0.003816128,1
easy_003,Easy,OMP-BranchBoundMRV,8,2,0.001996040,1
easy_003,Easy,OMP-BranchBoundMRV,8,3,0.001918077,1
easy_003,Easy,OMP-BranchBoundMRV,8,4,0.002429962,1
easy_003,Easy,OMP-BranchBoundMRV,8,5,0.003884077,1
easy_003,Easy,OMP-BranchBoundMRV,16,1,0.018198013,1
easy_003,Easy,OMP-BranchBoundMRV,16,2,0.010269880,1
easy_003,Easy,OMP-BranchBoundMRV,16,3,0.025106192,1
easy_003,Easy,OMP-BranchBoundMRV,16,4,0.006578922,1
easy_003,Easy,OMP-BranchBoundMRV,16,5,0.004314184,1
easy_004,Easy,Serial,1,1,0.001255792,1
easy_004,Easy,Serial,1,2,0.001313417,1
easy_004,Easy,Serial,1,3,0.001379458,1
easy_004,Easy,Serial,1,4,0.001281750,1
easy_004,Easy,Serial,1,5,0.001357833,1
easy_004,Easy,Serial-MRV,1,1,0.000903625,1
easy_004,Easy,Serial-MRV,1,2,0.000789542,1
easy_004,Easy,Serial-MRV,1,3,0.000750000,1
easy_004,Easy,Serial-MRV,1,4,0.000835125,1
easy_004,Easy,Serial-MRV,1,5,0.000747417,1
easy_004,Easy,BranchBound,1,1,0.001292166,1
easy_004,Easy,BranchBound,1,2,0.001227458,1
easy_004,Easy,BranchBound,1,3,0.001075042,1
easy_004,Easy,BranchBound,1,4,0.001274459,1
easy_004,Easy,BranchBound,1,5,0.001084334,1
easy_004,Easy,BranchBoundMRV,1,1,0.001046791,1
easy_004,Easy,BranchBoundMRV,1,2,0.001063625,1
easy_004,Easy,BranchBoundMRV,1,3,0.001033667,1
easy_004,Easy,BranchBoundMRV,1,4,0.001094417,1
easy_004,Easy,BranchBoundMRV,1,5,0.001042667,1
easy_004,Easy,OpenMP,4,1,0.000859022,1
easy_004,Easy,OpenMP,4,2,0.000829220,1
easy_004,Easy,OpenMP,4,3,0.000798941,1
easy_004,Easy,OpenMP,4,4,0.000787973,1
easy_004,Easy,OpenMP,4,5,0.000817060,1
easy_004,Easy,OpenMP,8,1,0.000806808,1
easy_004,Easy,OpenMP,8,2,0.002043009,1
easy_004,Easy,OpenMP,8,3,0.002170086,1
easy_004,Easy,OpenMP,8,4,0.000790119,1
easy_004,Easy,OpenMP,8,5,0.000779152,1
easy_004,Easy,OpenMP,16,1,0.021049023,1
easy_004,Easy,OpenMP,16,2,0.060997963,1
easy_004,Easy,OpenMP,16,3,0.028625011,1
easy_004,Easy,OpenMP,16,4,0.007977009,1
easy_004,Easy,OpenMP,16,5,0.010068893,1
easy_004,Easy,OMP-BranchBoundMRV,4,1,0.001259089,1
easy_004,Easy,OMP-BranchBoundMRV,4,2,0.001257896,1
easy_004,Easy,OMP-BranchBoundMRV,4,3,0.001159906,1
easy_004,Easy,OMP-BranchBoundMRV,4,4,0.001202106,1
easy_004,Easy,OMP-BranchBoundMRV,4,5,0.001147985,1
easy_004,Easy,OMP-BranchBoundMRV,8,1,0.001618862,1
easy_004,Easy,OMP-BranchBoundMRV,8,2,0.001262903,1
easy_004,Easy,OMP-BranchBoundMRV,8,3,0.001309156,1
easy_004,Easy,OMP-BranchBoundMRV,8,4,0.001127958,1
easy_004,Easy,OMP-BranchBoundMRV,8,5,0.001725912,1
easy_004,Easy,OMP-BranchBoundMRV,16,1,0.024897099,1
easy_004,Easy,OMP-BranchBoundMRV,16,2,0.003986120,1
easy_004,Easy,OMP-BranchBoundMRV,16,3,0.009480953,1
easy_004,Easy,OMP-BranchBoundMRV,16,4,0.019187927,1
easy_004,Easy,OMP-BranchBoundMRV,16,5,0.037493944,1
easy_005,Easy,Serial,1,1,0.000260375,1
easy_005,Easy,Serial,1,2,0.000258250,1
easy_005,Easy,Serial,1,3,0.000254334,1
easy_005,Easy,Serial,1,4,0.000261125,1
easy_005,Easy,Serial,1,5,0.000253750,1
easy_005,Easy,Serial-MRV,1,1,0.000959542,1
easy_005,Easy,Serial-MRV,1,2,0.000980417,1
easy_005,Easy,Serial-MRV,1,3,0.000951917,1
easy_005,Easy,Serial-MRV,1,4,0.001031875,1
easy_005,Easy,Serial-MRV,1,5,0.000951875,1
easy_005,Easy,BranchBound,1,1,0.000243500,1
easy_005,Easy,BranchBound,1,2,0.000238291,1
easy_005,Easy,BranchBound,1,3,0.000237750,1
easy_005,Easy,BranchBound,1,4,0.000237625,1
easy_005,Easy,BranchBound,1,5,0.000237542,1
easy_005,Easy,BranchBoundMRV,1,1,0.001201625,1
easy_005,Easy,BranchBoundMRV,1,2,0.001180333,1
easy_005,Easy,BranchBoundMRV,1,3,0.001156333,1
easy_005,Easy,BranchBoundMRV,1,4,0.001154083,1
easy_005,Easy,BranchBoundMRV,1,5,0.001175208,1
easy_005,Easy,OpenMP,4,1,0.001042843,1
easy_005,Easy,OpenMP,4,2,0.001055956,1
easy_005,Easy,OpenMP,4,3,0.001025200,1
easy_005,Easy,OpenMP,4,4,0.001024008,1
easy_005,Easy,OpenMP,4,5,0.001027822,1
easy_005,Easy,OpenMP,8,1,0.002306938,1
easy_005,Easy,OpenMP,8,2,0.001028061,1
easy_005,Easy,OpenMP,8,3,0.001029015,1
easy_005,Easy,OpenMP,8,4,0.001029015,1
easy_005,Easy,OpenMP,8,5,0.001025915,1
easy_005,Easy,OpenMP,16,1,0.009002924,1
easy_005,Easy,OpenMP,16,2,0.033625126,1
easy_005,Easy,OpenMP,16,3,0.040913105,1
easy_005,Easy,OpenMP,16,4,0.020485163,1
easy_005,Easy,OpenMP,16,5,0.006431103,1
easy_005,Easy,OMP-BranchBoundMRV,4,1,0.001286983,1
easy_005,Easy,OMP-BranchBoundMRV,4,2,0.001317024,1
easy_005,Easy,OMP-BranchBoundMRV,4,3,0.001257896,1
easy_005,Easy,OMP-BranchBoundMRV,4,4,0.001475096,1
easy_005,Easy,OMP-BranchBoundMRV,4,5,0.001607895,1
easy_005,Easy,OMP-BranchBoundMRV,8,1,0.002268076,1
easy_005,Easy,OMP-BranchBoundMRV,8,2,0.001286030,1
easy_005,Easy,OMP-BranchBoundMRV,8,3,0.002293110,1
easy_005,Easy,OMP-BranchBoundMRV,8,4,0.001652956,1
easy_005,Easy,OMP-BranchBoundMRV,8,5,0.002418041,1
easy_005,Easy,OMP-BranchBoundMRV,16,1,0.015532017,1
easy_005,Easy,OMP-BranchBoundMRV,16,2,0.016634226,1
easy_005,Easy,OMP-BranchBoundMRV,16,3,0.006484985,1
easy_005,Easy,OMP-BranchBoundMRV,16,4,0.005044937,1
easy_005,Easy,OMP-BranchBoundMRV,16,5,0.015083075,1
easy_006,Easy,Serial,1,1,0.000876958,1
easy_006,Easy,Serial,1,2,0.000897042,1
easy_006,Easy,Serial,1,3,0.000877541,1
easy_006,Easy,Serial,1,4,0.000862417,1
easy_006,Easy,Serial,1,5,0.000865500,1
easy_006,Easy,Serial-MRV,1,1,0.001058458,1
easy_006,Easy,Serial-MRV,1,2,0.001112542,1
easy_006,Easy,Serial-MRV,1,3,0.001097125,1
easy_006,Easy,Serial-MRV,1,4,0.001076666,1
easy_006,Easy,Serial-MRV,1,5,0.001053959,1
easy_006,Easy,BranchBound,1,1,0.000750541,1
easy_006,Easy,BranchBound,1,2,0.000738625,1
easy_006,Easy,BranchBound,1,3,0.000754458,1
easy_006,Easy,BranchBound,1,4,0.000738250,1
easy_006,Easy,BranchBound,1,5,0.000738208,1
easy_006,Easy,BranchBoundMRV,1,1,0.001444042,1
easy_006,Easy,BranchBoundMRV,1,2,0.001399084,1
easy_006,Easy,BranchBoundMRV,1,3,0.001398875,1
easy_006,Easy,BranchBoundMRV,1,4,0.001398916,1
easy_006,Easy,BranchBoundMRV,1,5,0.001450875,1
easy_006,Easy,OpenMP,4,1,0.001147985,1
easy_006,Easy,OpenMP,4,2,0.001196146,1
easy_006,Easy,OpenMP,4,3,0.001141071,1
easy_006,Easy,OpenMP,4,4,0.001139164,1
easy_006,Easy,OpenMP,4,5,0.001134157,1
easy_006,Easy,OpenMP,8,1,0.001137018,1
easy_006,Easy,OpenMP,8,2,0.002545834,1
easy_006,Easy,OpenMP,8,3,0.001296997,1
easy_006,Easy,OpenMP,8,4,0.001248121,1
easy_006,Easy,OpenMP,8,5,0.002556086,1
easy_006,Easy,OpenMP,16,1,0.071512938,1
easy_006,Easy,OpenMP,16,2,0.047962189,1
easy_006,Easy,OpenMP,16,3,0.008366108,1
easy_006,Easy,OpenMP,16,4,0.005756855,1
easy_006,Easy,OpenMP,16,5,0.011353970,1
easy_006,Easy,OMP-BranchBoundMRV,4,1,0.001552105,1
easy_006,Easy,OMP-BranchBoundMRV,4,2,0.001553059,1
easy_006,Easy,OMP-BranchBoundMRV,4,3,0.001567125,1
easy_006,Easy,OMP-BranchBoundMRV,4,4,0.001523972,1
easy_006,Easy,OMP-BranchBoundMRV,4,5,0.001595020,1
easy_006,Easy,OMP-BranchBoundMRV,8,1,0.003827095,1
easy_006,Easy,OMP-BranchBoundMRV,8,2,0.001931190,1
easy_006,Easy,OMP-BranchBoundMRV,8,3,0.005666971,1
easy_006,Easy,OMP-BranchBoundMRV,8,4,0.002099991,1
easy_006,Easy,OMP-BranchBoundMRV,8,5,0.002721071,1
easy_006,Easy,OMP-BranchBoundMRV,16,1,0.008830070,1
easy_006,Easy,OMP-BranchBoundMRV,16,2,0.023061037,1
easy_006,Easy,OMP-BranchBoundMRV,16,3,0.014431000,1
easy_006,Easy,OMP-BranchBoundMRV,16,4,0.020416021,1
easy_006,Easy,OMP-BranchBoundMRV,16,5,0.018197060,1
easy_007,Easy,Serial,1,1,0.002765209,1
easy_007,Easy,Serial,1,2,0.002609000,1
easy_007,Easy,Serial,1,3,0.002612209,1
easy_007,Easy,Serial,1,4,0.002639458,1
easy_007,Easy,Serial,1,5,0.002644916,1
easy_007,Easy,Serial-MRV,1,1,0.000714500,1
easy_007,Easy,Serial-MRV,1,2,0.000666417,1
easy_007,Easy,Serial-MRV,1,3,0.000658541,1
easy_007,Easy,Serial-MRV,1,4,0.000658250,1
easy_007,Easy,Serial-MRV,1,5,0.000676041,1
easy_007,Easy,BranchBound,1,1,0.002551459,1
easy_007,Easy,BranchBound,1,2,0.002584417,1
easy_007,Easy,BranchBound,1,3,0.002568583,1
easy_007,Easy,BranchBound,1,4,0.002540417,1
easy_007,Easy,BranchBound,1,5,0.002534958,1
easy_007,Easy,BranchBoundMRV,1,1,0.000905042,1
easy_007,Easy,BranchBoundMRV,1,2,0.000894583,1
easy_007,Easy,BranchBoundMRV,1,3,0.000902291,1
easy_007,Easy,BranchBoundMRV,1,4,0.000968875,1
easy_007,Easy,BranchBoundMRV,1,5,0.000923792,1
easy_007,Easy,OpenMP,4,1,0.000730991,1
easy_007,Easy,OpenMP,4,2,0.000717878,1
easy_007,Easy,OpenMP,4,3,0.000717878,1
easy_007,Easy,OpenMP,4,4,0.000717163,1
easy_007,Easy,OpenMP,4,5,0.000718117,1
easy_007,Easy,OpenMP,8,1,0.000734091,1
easy_007,Easy,OpenMP,8,2,0.001614809,1
easy_007,Easy,OpenMP,8,3,0.000724077,1
easy_007,Easy,OpenMP,8,4,0.000710964,1
easy_007,Easy,OpenMP,8,5,0.000756979,1
easy_007,Easy,OpenMP,16,1,0.017019033,1
easy_007,Easy,OpenMP,16,2,0.046449900,1
easy_007,Easy,OpenMP,16,3,0.024214029,1
easy_007,Easy,OpenMP,16,4,0.010715008,1
easy_007,Easy,OpenMP,16,5,0.009244919,1
easy_007,Easy,OMP-BranchBoundMRV,4,1,0.001201868,1
easy_007,Easy,OMP-BranchBoundMRV,4,2,0.001112938,1
easy_007,Easy,OMP-BranchBoundMRV,4,3,0.001254082,1
easy_007,Easy,OMP-BranchBoundMRV,4,4,0.000973225,1
easy_007,Easy,OMP-BranchBoundMRV,4,5,0.001077890,1
easy_007,Easy,OMP-BranchBoundMRV,8,1,0.001391172,1
easy_007,Easy,OMP-BranchBoundMRV,8,2,0.001196146,1
easy_007,Easy,OMP-BranchBoundMRV,8,3,0.002984047,1
easy_007,Easy,OMP-BranchBoundMRV,8,4,0.001023054,1
easy_007,Easy,OMP-BranchBoundMRV,8,5,0.001021862,1
easy_007,Easy,OMP-BranchBoundMRV,16,1,0.010859966,1
easy_007,Easy,OMP-BranchBoundMRV,16,2,0.016569853,1
easy_007,Easy,OMP-BranchBoundMRV,16,3,0.033318996,1
easy_007,Easy,OMP-BranchBoundMRV,16,4,0.080372095,1
easy_007,Easy,OMP-BranchBoundMRV,16,5,0.056474924,1
easy_008,Easy,Serial,1,1,0.000059125,1
easy_008,Easy,Serial,1,2,0.000041500,1
easy_008,Easy,Serial,1,3,0.000032042,1
easy_008,Easy,Serial,1,4,0.000029084,1
easy_008,Easy,Serial,1,5,0.000028209,1
easy_008,Easy,Serial-MRV,1,1,0.000559583,1
easy_008,Easy,Serial-MRV,1,2,0.000514041,1
easy_008,Easy,Serial-MRV,1,3,0.000555500,1
easy_008,Easy,Serial-MRV,1,4,0.000594833,1
easy_008,Easy,Serial-MRV,1,5,0.000514708,1
easy_008,Easy,BranchBound,1,1,0.000028084,1
easy_008,Easy,BranchBound,1,2,0.000024958,1
easy_008,Easy,BranchBound,1,3,0.000023834,1
easy_008,Easy,BranchBound,1,4,0.000023750,1
easy_008,Easy,BranchBound,1,5,0.000023584,1
easy_008,Easy,BranchBoundMRV,1,1,0.000871125,1
easy_008,Easy,BranchBoundMRV,1,2,0.000725125,1
easy_008,Easy,BranchBoundMRV,1,3,0.000701042,1
easy_008,Easy,BranchBoundMRV,1,4,0.000788250,1
easy_008,Easy,BranchBoundMRV,1,5,0.000770916,1
easy_008,Easy,OpenMP,4,1,0.000577927,1
easy_008,Easy,OpenMP,4,2,0.000679970,1
easy_008,Easy,OpenMP,4,3,0.000567198,1
easy_008,Easy,OpenMP,4,4,0.000576973,1
easy_008,Easy,OpenMP,4,5,0.000569820,1
easy_008,Easy,OpenMP,8,1,0.001186132,1
easy_008,Easy,OpenMP,8,2,0.001348019,1
easy_008,Easy,OpenMP,8,3,0.001245022,1
easy_008,Easy,OpenMP,8,4,0.001444101,1
easy_008,Easy,OpenMP,8,5,0.000871181,1
easy_008,Easy,OpenMP,16,1,0.015238047,1
easy_008,Easy,OpenMP,16,2,0.012290955,1
easy_008,Easy,OpenMP,16,3,0.010797024,1
easy_008,Easy,OpenMP,16,4,0.007973194,1
easy_008,Easy,OpenMP,16,5,0.007745028,1
easy_008,Easy,OMP-BranchBoundMRV,4,1,0.000924110,1
easy_008,Easy,OMP-BranchBoundMRV,4,2,0.000775099,1
easy_008,Easy,OMP-BranchBoundMRV,4,3,0.000879049,1
easy_008,Easy,OMP-BranchBoundMRV,4,4,0.000774860,1
easy_008,Easy,OMP-BranchBoundMRV,4,5,0.000773907,1
easy_008,Easy,OMP-BranchBoundMRV,8,1,0.000839949,1
easy_008,Easy,OMP-BranchBoundMRV,8,2,0.001322031,1
easy_008,Easy,OMP-BranchBoundMRV,8,3,0.001874924,1
easy_008,Easy,OMP-BranchBoundMRV,8,4,0.000938892,1
easy_008,Easy,OMP-BranchBoundMRV,8,5,0.000867844,1
easy_008,Easy,OMP-BranchBoundMRV,16,1,0.029124022,1
easy_008,Easy,OMP-BranchBoundMRV,16,2,0.032531977,1
easy_008,Easy,OMP-BranchBoundMRV,16,3,0.022260189,1
easy_008,Easy,OMP-BranchBoundMRV,16,4,0.057744026,1
easy_008,Easy,OMP-BranchBoundMRV,16,5,0.017027855,1
easy_009,Easy,Serial,1,1,0.000131833,1
easy_009,Easy,Serial,1,2,0.000130333,1
easy_009,Easy,Serial,1,3,0.000094958,1
easy_009,Easy,Serial,1,4,0.000121250,1
easy_009,Easy,Serial,1,5,0.000094541,1
easy_009,Easy,Serial-MRV,1,1,0.000549292,1
easy_009,Easy,Serial-MRV,1,2,0.000612750,1
easy_009,Easy,Serial-MRV,1,3,0.000555500,1
easy_009,Easy,Serial-MRV,1,4,0.000523541,1
easy_009,Easy,Serial-MRV,1,5,0.000613833,1
easy_009,Easy,BranchBound,1,1,0.000093375,1
easy_009,Easy,BranchBound,1,2,0.000092292,1
easy_009,Easy,BranchBound,1,3,0.000094958,1
easy_009,Easy,BranchBound,1,4,0.000130333,1
easy_009,Easy,BranchBound,1,5,0.000096375,1
easy_009,Easy,BranchBoundMRV,1,1,0.000607708,1
easy_009,Easy,BranchBoundMRV,1,2,0.000685041,1
easy_009,Easy,BranchBoundMRV,1,3,0.000644125,1
easy_009,Easy,BranchBoundMRV,1,4,0.000600583,1
easy_009,Easy,BranchBoundMRV,1,5,0.000615542,1
easy_009,Easy,OpenMP,4,1,0.000624180,1
easy_009,Easy,OpenMP,4,2,0.000581026,1
easy_009,Easy,OpenMP,4,3,0.000588894,1
easy_009,Easy,OpenMP,4,4,0.000598192,1
easy_009,Easy,OpenMP,4,5,0.000596046,1
easy_009,Easy,OpenMP,8,1,0.001326084,1
easy_009,Easy,OpenMP,8,2,0.000976086,1
easy_009,Easy,OpenMP,8,3,0.001338005,1
easy_009,Easy,OpenMP,8,4,0.000646114,1
easy_009,Easy,OpenMP,8,5,0.000580072,1
easy_009,Easy,OpenMP,16,1,0.016678095,1
easy_009,Easy,OpenMP,16,2,0.009824991,1
easy_009,Easy,OpenMP,16,3,0.007706881,1
easy_009,Easy,OpenMP,16,4,0.007678032,1
easy_009,Easy,OpenMP,16,5,0.011207819,1
easy_009,Easy,OMP-BranchBoundMRV,4,1,0.000733137,1
easy_009,Easy,OMP-BranchBoundMRV,4,2,0.000660181,1
easy_009,Easy,OMP-BranchBoundMRV,4,3,0.000660896,1
easy_009,Easy,OMP-BranchBoundMRV,4,4,0.000660896,1
easy_009,Easy,OMP-BranchBoundMRV,4,5,0.000694990,1
easy_009,Easy,OMP-BranchBoundMRV,8,1,0.000696898,1
easy_009,Easy,OMP-BranchBoundMRV,8,2,0.000659943,1
easy_009,Easy,OMP-BranchBoundMRV,8,3,0.000663996,1
easy_009,Easy,OMP-BranchBoundMRV,8,4,0.000674009,1
easy_009,Easy,OMP-BranchBoundMRV,8,5,0.000787020,1
easy_009,Easy,OMP-BranchBoundMRV,16,1,0.044430017,1
easy_009,Easy,OMP-BranchBoundMRV,16,2,0.024418831,1
easy_009,Easy,OMP-BranchBoundMRV,16,3,0.019239902,1
easy_009,Easy,OMP-BranchBoundMRV,16,4,0.013419867,1
easy_009,Easy,OMP-BranchBoundMRV,16,5,0.027613878,1
easy_010,Easy,Serial,1,1,0.000041042,1
easy_010,Easy,Serial,1,2,0.000035000,1
easy_010,Easy,Serial,1,3,0.000034792,1
easy_010,Easy,Serial,1,4,0.000059000,1
easy_010,Easy,Serial,1,5,0.000033625,1
easy_010,Easy,Serial-MRV,1,1,0.000475167,1
easy_010,Easy,Serial-MRV,1,2,0.000470375,1
easy_010,Easy,Serial-MRV,1,3,0.000469750,1
easy_010,Easy,Serial-MRV,1,4,0.000515083,1
easy_010,Easy,Serial-MRV,1,5,0.000553834,1
easy_010,Easy,BranchBound,1,1,0.000033333,1
easy_010,Easy,BranchBound,1,2,0.000029834,1
easy_010,Easy,BranchBound,1,3,0.000028875,1
easy_010,Easy,BranchBound,1,4,0.000028792,1
easy_010,Easy,BranchBound,1,5,0.000028625,1
easy_010,Easy,BranchBoundMRV,1,1,0.000519875,1
easy_010,Easy,BranchBoundMRV,1,2,0.000607541,1
easy_010,Easy,BranchBoundMRV,1,3,0.000584542,1
easy_010,Easy,BranchBoundMRV,1,4,0.000513584,1
easy_010,Easy,BranchBoundMRV,1,5,0.000512833,1
easy_010,Easy,OpenMP,4,1,0.000530958,1
easy_010,Easy,OpenMP,4,2,0.000706911,1
easy_010,Easy,OpenMP,4,3,0.000518084,1
easy_010,Easy,OpenMP,4,4,0.000509024,1
easy_010,Easy,OpenMP,4,5,0.000612020,1
easy_010,Easy,OpenMP,8,1,0.001351833,1
easy_010,Easy,OpenMP,8,2,0.000796080,1
easy_010,Easy,OpenMP,8,3,0.001321077,1
easy_010,Easy,OpenMP,8,4,0.000598907,1
easy_010,Easy,OpenMP,8,5,0.000519037,1
easy_010,Easy,OpenMP,16,1,0.014968157,1
easy_010,Easy,OpenMP,16,2,0.008347034,1
easy_010,Easy,OpenMP,16,3,0.009054184,1
easy_010,Easy,OpenMP,16,4,0.005133152,1
easy_010,Easy,OpenMP,16,5,0.008871078,1
easy_010,Easy,OMP-BranchBoundMRV,4,1,0.000576973,1
easy_010,Easy,OMP-BranchBoundMRV,4,2,0.000656128,1
easy_010,Easy,OMP-BranchBoundMRV,4,3,0.000602961,1
easy_010,Easy,OMP-BranchBoundMRV,4,4,0.000571966,1
easy_010,Easy,OMP-BranchBoundMRV,4,5,0.000571966,1
easy_010,Easy,OMP-BranchBoundMRV,8,1,0.001232862,1
easy_010,Easy,OMP-BranchBoundMRV,8,2,0.000589848,1
easy_010,Easy,OMP-BranchBoundMRV,8,3,0.000647068,1
easy_010,Easy,OMP-BranchBoundMRV,8,4,0.001466036,1
easy_010,Easy,OMP-BranchBoundMRV,8,5,0.000770092,1
easy_010,Easy,OMP-BranchBoundMRV,16,1,0.010360956,1
easy_010,Easy,OMP-BranchBoundMRV,16,2,0.014271021,1
easy_010,Easy,OMP-BranchBoundMRV,16,3,0.002815008,1
easy_010,Easy,OMP-BranchBoundMRV,16,4,0.001535177,1
easy_010,Easy,OMP-BranchBoundMRV,16,5,0.015119076,1
easy_011,Easy,Serial,1,1,0.000285166,1
easy_011,Easy,Serial,1,2,0.000272417,1
easy_011,Easy,Serial,1,3,0.000250000,1
easy_011,Easy,Serial,1,4,0.000252917,1
easy_011,Easy,Serial,1,5,0.000269917,1
easy_011,Easy,Serial-MRV,1,1,0.000808208,1
easy_011,Easy,Serial-MRV,1,2,0.000854500,1
easy_011,Easy,Serial-MRV,1,3,0.000788667,1
easy_011,Easy,Serial-MRV,1,4,0.000788291,1
easy_011,Easy,Serial-MRV,1,5,0.000790542,1
easy_011,Easy,BranchBound,1,1,0.000250500,1
easy_011,Easy,BranchBound,1,2,0.000234000,1
easy_011,Easy,BranchBound,1,3,0.000228416,1
easy_011,Easy,BranchBound,1,4,0.000227500,1
easy_011,Easy,BranchBound,1,5,0.000227500,1
easy_011,Easy,BranchBoundMRV,1,1,0.001004500,1
easy_011,Easy,BranchBoundMRV,1,2,0.000998125,1
easy_011,Easy,BranchBoundMRV,1,3,0.001019041,1
easy_011,Easy,BranchBoundMRV,1,4,0.000998417,1
easy_011,Easy,BranchBoundMRV,1,5,0.000996291,1
easy_011,Easy,OpenMP,4,1,0.000880957,1
easy_011,Easy,OpenMP,4,2,0.000863791,1
easy_011,Easy,OpenMP,4,3,0.000857115,1
easy_011,Easy,OpenMP,4,4,0.000856876,1
easy_011,Easy,OpenMP,4,5,0.000853062,1
easy_011,Easy,OpenMP,8,1,0.002040863,1
easy_011,Easy,OpenMP,8,2,0.001958847,1
easy_011,Easy,OpenMP,8,3,0.000871897,1
easy_011,Easy,OpenMP,8,4,0.000862837,1
easy_011,Easy,OpenMP,8,5,0.000858068,1
easy_011,Easy,OpenMP,16,1,0.038322926,1
easy_011,Easy,OpenMP,16,2,0.062859058,1
easy_011,Easy,OpenMP,16,3,0.017928123,1
easy_011,Easy,OpenMP,16,4,0.009191990,1
easy_011,Easy,OpenMP,16,5,0.010008097,1
easy_011,Easy,OMP-BranchBoundMRV,4,1,0.001518011,1
easy_011,Easy,OMP-BranchBoundMRV,4,2,0.001290083,1
easy_011,Easy,OMP-BranchBoundMRV,4,3,0.001125097,1
easy_011,Easy,OMP-BranchBoundMRV,4,4,0.001581907,1
easy_011,Easy,OMP-BranchBoundMRV,4,5,0.001098871,1
easy_011,Easy,OMP-BranchBoundMRV,8,1,0.001628160,1
easy_011,Easy,OMP-BranchBoundMRV,8,2,0.001843929,1
easy_011,Easy,OMP-BranchBoundMRV,8,3,0.002416849,1
easy_011,Easy,OMP-BranchBoundMRV,8,4,0.001861811,1
easy_011,Easy,OMP-BranchBoundMRV,8,5,0.003195047,1
easy_011,Easy,OMP-BranchBoundMRV,16,1,0.010142088,1
easy_011,Easy,OMP-BranchBoundMRV,16,2,0.022896051,1
easy_011,Easy,OMP-BranchBoundMRV,16,3,0.004834890,1
easy_011,Easy,OMP-BranchBoundMRV,16,4,0.006405830,1
easy_011,Easy,OMP-BranchBoundMRV,16,5,0.014669895,1
easy_012,Easy,Serial,1,1,0.001728916,1
easy_012,Easy,Serial,1,2,0.001736750,1
easy_012,Easy,Serial,1,3,0.001781667,1
easy_012,Easy,Serial,1,4,0.001753333,1
easy_012,Easy,Serial,1,5,0.001731250,1
easy_012,Easy,Serial-MRV,1,1,0.000740041,1
easy_012,Easy,Serial-MRV,1,2,0.000777625,1
easy_012,Easy,Serial-MRV,1,3,0.000729250,1
easy_012,Easy,Serial-MRV,1,4,0.000729417,1
easy_012,Easy,Serial-MRV,1,5,0.000773833,1
easy_012,Easy,BranchBound,1,1,0.001444750,1
easy_012,Easy,BranchBound,1,2,0.001374458,1
easy_012,Easy,BranchBound,1,3,0.001360917,1
easy_012,Easy,BranchBound,1,4,0.001381708,1
easy_012,Easy,BranchBound,1,5,0.001360958,1
easy_012,Easy,BranchBoundMRV,1,1,0.000939125,1
easy_012,Easy,BranchBoundMRV,1,2,0.000952833,1
easy_012,Easy,BranchBoundMRV,1,3,0.000932667,1
easy_012,Easy,BranchBoundMRV,1,4,0.000946041,1
easy_012,Easy,BranchBoundMRV,1,5,0.000962708,1
easy_012,Easy,OpenMP,4,1,0.000816822,1
easy_012,Easy,OpenMP,4,2,0.000793934,1
easy_012,Easy,OpenMP,4,3,0.000789165,1
easy_012,Easy,OpenMP,4,4,0.000794888,1
easy_012,Easy,OpenMP,4,5,0.000793934,1
easy_012,Easy,OpenMP,8,1,0.001266003,1
easy_012,Easy,OpenMP,8,2,0.002382040,1
easy_012,Easy,OpenMP,8,3,0.001342058,1
easy_012,Easy,OpenMP,8,4,0.000798941,1
easy_012,Easy,OpenMP,8,5,0.000811815,1
easy_012,Easy,OpenMP,16,1,0.014220953,1
easy_012,Easy,OpenMP,16,2,0.020069122,1
easy_012,Easy,OpenMP,16,3,0.020992994,1
easy_012,Easy,OpenMP,16,4,0.021826029,1
easy_012,Easy,OpenMP,16,5,0.016556025,1
easy_012,Easy,OMP-BranchBoundMRV,4,1,0.001032114,1
easy_012,Easy,OMP-BranchBoundMRV,4,2,0.001039982,1
easy_012,Easy,OMP-BranchBoundMRV,4,3,0.001149893,1
easy_012,Easy,OMP-BranchBoundMRV,4,4,0.001120806,1
easy_012,Easy,OMP-BranchBoundMRV,4,5,0.001056910,1
easy_012,Easy,OMP-BranchBoundMRV,8,1,0.001022100,1
easy_012,Easy,OMP-BranchBoundMRV,8,2,0.001029968,1
easy_012,Easy,OMP-BranchBoundMRV,8,3,0.001536131,1
easy_012,Easy,OMP-BranchBoundMRV,8,4,0.001039028,1
easy_012,Easy,OMP-BranchBoundMRV,8,5,0.002332926,1
easy_012,Easy,OMP-BranchBoundMRV,16,1,0.015271902,1
easy_012,Easy,OMP-BranchBoundMRV,16,2,0.007863998,1
easy_012,Easy,OMP-BranchBoundMRV,16,3,0.013529062,1
easy_012,Easy,OMP-BranchBoundMRV,16,4,0.012016058,1
easy_012,Easy,OMP-BranchBoundMRV,16,5,0.006216049,1
easy_013,Easy,Serial,1,1,0.010082875,1
easy_013,Easy,Serial,1,2,0.009945833,1
easy_013,Easy,Serial,1,3,0.010109541,1
easy_013,Easy,Serial,1,4,0.009944583,1
easy_013,Easy,Serial,1,5,0.009360791,1
easy_013,Easy,Serial-MRV,1,1,0.000723208,1
easy_013,Easy,Serial-MRV,1,2,0.000723750,1
easy_013,Easy,Serial-MRV,1,3,0.000700333,1
easy_013,Easy,Serial-MRV,1,4,0.000696708,1
easy_013,Easy,Serial-MRV,1,5,0.000691709,1
easy_013,Easy,BranchBound,1,1,0.008720125,1
easy_013,Easy,BranchBound,1,2,0.008677292,1
easy_013,Easy,BranchBound,1,3,0.008628917,1
easy_013,Easy,BranchBound,1,4,0.008675333,1
easy_013,Easy,BranchBound,1,5,0.008713625,1
easy_013,Easy,BranchBoundMRV,1,1,0.001140833,1
easy_013,Easy,BranchBoundMRV,1,2,0.001130000,1
easy_013,Easy,BranchBoundMRV,1,3,0.001084916,1
easy_013,Easy,BranchBoundMRV,1,4,0.001081500,1
easy_013,Easy,BranchBoundMRV,1,5,0.001090208,1
easy_013,Easy,OpenMP,4,1,0.000802040,1
easy_013,Easy,OpenMP,4,2,0.000763178,1
easy_013,Easy,OpenMP,4,3,0.000761032,1
easy_013,Easy,OpenMP,4,4,0.000754118,1
easy_013,Easy,OpenMP,4,5,0.000754118,1
easy_013,Easy,OpenMP,8,1,0.000771999,1
easy_013,Easy,OpenMP,8,2,0.000761032,1
easy_013,Easy,OpenMP,8,3,0.000808954,1
easy_013,Easy,OpenMP,8,4,0.000770092,1
easy_013,Easy,OpenMP,8,5,0.000751972,1
easy_013,Easy,OpenMP,16,1,0.009058952,1
easy_013,Easy,OpenMP,16,2,0.020236015,1
easy_013,Easy,OpenMP,16,3,0.013622046,1
easy_013,Easy,OpenMP,16,4,0.015656948,1
easy_013,Easy,OpenMP,16,5,0.013840914,1
easy_013,Easy,OMP-BranchBoundMRV,4,1,0.001321793,1
easy_013,Easy,OMP-BranchBoundMRV,4,2,0.001189947,1
easy_013,Easy,OMP-BranchBoundMRV,4,3,0.001284838,1
easy_013,Easy,OMP-BranchBoundMRV,4,4,0.001204014,1
easy_013,Easy,OMP-BranchBoundMRV,4,5,0.001213074,1
easy_013,Easy,OMP-BranchBoundMRV,8,1,0.002670050,1
easy_013,Easy,OMP-BranchBoundMRV,8,2,0.001292944,1
easy_013,Easy,OMP-BranchBoundMRV,8,3,0.002508879,1
easy_013,Easy,OMP-BranchBoundMRV,8,4,0.001562834,1
easy_013,Easy,OMP-BranchBoundMRV,8,5,0.001194954,1
easy_013,Easy,OMP-BranchBoundMRV,16,1,0.009745121,1
easy_013,Easy,OMP-BranchBoundMRV,16,2,0.024111986,1
easy_013,Easy,OMP-BranchBoundMRV,16,3,0.009139061,1
easy_013,Easy,OMP-BranchBoundMRV,16,4,0.013008833,1
easy_013,Easy,OMP-BranchBoundMRV,16,5,0.012320995,1
easy_014,Easy,Serial,1,1,0.010668584,1
easy_014,Easy,Serial,1,2,0.010198750,1
easy_014,Easy,Serial,1,3,0.010099750,1
easy_014,Easy,Serial,1,4,0.010536458,1
easy_014,Easy,Serial,1,5,0.010380875,1
easy_014,Easy,Serial-MRV,1,1,0.000852417,1
easy_014,Easy,Serial-MRV,1,2,0.000828666,1
easy_014,Easy,Serial-MRV,1,3,0.000850542,1
easy_014,Easy,Serial-MRV,1,4,0.000805750,1
easy_014,Easy,Serial-MRV,1,5,0.000801500,1
easy_014,Easy,BranchBound,1,1,0.009507750,1
easy_014,Easy,BranchBound,1,2,0.009496584,1
easy_014,Easy,BranchBound,1,3,0.009510125,1
easy_014,Easy,BranchBound,1,4,0.009759375,1
easy_014,Easy,BranchBound,1,5,0.009540625,1
easy_014,Easy,BranchBoundMRV,1,1,0.001162792,1
easy_014,Easy,BranchBoundMRV,1,2,0.001130583,1
easy_014,Easy,BranchBoundMRV,1,3,0.001126334,1
easy_014,Easy,BranchBoundMRV,1,4,0.001142708,1
easy_014,Easy,BranchBoundMRV,1,5,0.001146541,1
easy_014,Easy,OpenMP,4,1,0.000887871,1
easy_014,Easy,OpenMP,4,2,0.000876188,1
easy_014,Easy,OpenMP,4,3,0.000874043,1
easy_014,Easy,OpenMP,4,4,0.000869989,1
easy_014,Easy,OpenMP,4,5,0.000868082,1
easy_014,Easy,OpenMP,8,1,0.001960039,1
easy_014,Easy,OpenMP,8,2,0.002070189,1
easy_014,Easy,OpenMP,8,3,0.000909090,1
easy_014,Easy,OpenMP,8,4,0.000873089,1
easy_014,Easy,OpenMP,8,5,0.001908064,1
easy_014,Easy,OpenMP,16,1,0.020184994,1
easy_014,Easy,OpenMP,16,2,0.019483805,1
easy_014,Easy,OpenMP,16,3,0.011394978,1
easy_014,Easy,OpenMP,16,4,0.010261774,1
easy_014,Easy,OpenMP,16,5,0.031327963,1
easy_014,Easy,OMP-BranchBoundMRV,4,1,0.001245975,1
easy_014,Easy,OMP-BranchBoundMRV,4,2,0.001343012,1
easy_014,Easy,OMP-BranchBoundMRV,4,3,0.001404047,1
easy_014,Easy,OMP-BranchBoundMRV,4,4,0.001335859,1
easy_014,Easy,OMP-BranchBoundMRV,4,5,0.001341105,1
easy_014,Easy,OMP-BranchBoundMRV,8,1,0.002363920,1
easy_014,Easy,OMP-BranchBoundMRV,8,2,0.002990007,1
easy_014,Easy,OMP-BranchBoundMRV,8,3,0.001255035,1
easy_014,Easy,OMP-BranchBoundMRV,8,4,0.001754045,1
easy_014,Easy,OMP-BranchBoundMRV,8,5,0.002696037,1
easy_014,Easy,OMP-BranchBoundMRV,16,1,0.019633055,1
easy_014,Easy,OMP-BranchBoundMRV,16,2,0.011066914,1
easy_014,Easy,OMP-BranchBoundMRV,16,3,0.011497021,1
easy_014,Easy,OMP-BranchBoundMRV,16,4,0.020622969,1
easy_014,Easy,OMP-BranchBoundMRV,16,5,0.045027971,1
easy_015,Easy,Serial,1,1,0.000841541,1
easy_015,Easy,Serial,1,2,0.000783084,1
easy_015,Easy,Serial,1,3,0.000859541,1
easy_015,Easy,Serial,1,4,0.000896083,1
easy_015,Easy,Serial,1,5,0.000911167,1
easy_015,Easy,Serial-MRV,1,1,0.000677917,1
easy_015,Easy,Serial-MRV,1,2,0.000620417,1
easy_015,Easy,Serial-MRV,1,3,0.000679833,1
easy_015,Easy,Serial-MRV,1,4,0.000703500,1
easy_015,Easy,Serial-MRV,1,5,0.000616541,1
easy_015,Easy,BranchBound,1,1,0.000967208,1
easy_015,Easy,BranchBound,1,2,0.000834209,1
easy_015,Easy,BranchBound,1,3,0.000836625,1
easy_015,Easy,BranchBound,1,4,0.000931875,1
easy_015,Easy,BranchBound,1,5,0.000898584,1
easy_015,Easy,BranchBoundMRV,1,1,0.000874500,1
easy_015,Easy,BranchBoundMRV,1,2,0.000815042,1
easy_015,Easy,BranchBoundMRV,1,3,0.000924416,1
easy_015,Easy,BranchBoundMRV,1,4,0.000841625,1
easy_015,Easy,BranchBoundMRV,1,5,0.000937041,1
easy_015,Easy,OpenMP,4,1,0.000729084,1
easy_015,Easy,OpenMP,4,2,0.000674963,1
easy_015,Easy,OpenMP,4,3,0.000817060,1
easy_015,Easy,OpenMP,4,4,0.000728130,1
easy_015,Easy,OpenMP,4,5,0.000675201,1
easy_015,Easy,OpenMP,8,1,0.001115084,1
easy_015,Easy,OpenMP,8,2,0.001389027,1
easy_015,Easy,OpenMP,8,3,0.000675917,1
easy_015,Easy,OpenMP,8,4,0.001386881,1
easy_015,Easy,OpenMP,8,5,0.000674963,1
easy_015,Easy,OpenMP,16,1,0.021503210,1
easy_015,Easy,OpenMP,16,2,0.025077105,1
easy_015,Easy,OpenMP,16,3,0.008342981,1
easy_015,Easy,OpenMP,16,4,0.016088963,1
easy_015,Easy,OpenMP,16,5,0.054888964,1
easy_015,Easy,OMP-BranchBoundMRV,4,1,0.000893831,1
easy_015,Easy,OMP-BranchBoundMRV,4,2,0.000893831,1
easy_015,Easy,OMP-BranchBoundMRV,4,3,0.000892878,1
easy_015,Easy,OMP-BranchBoundMRV,4,4,0.000885963,1
easy_015,Easy,OMP-BranchBoundMRV,4,5,0.000884056,1
easy_015,Easy,OMP-BranchBoundMRV,8,1,0.000902891,1
easy_015,Easy,OMP-BranchBoundMRV,8,2,0.000885010,1
easy_015,Easy,OMP-BranchBoundMRV,8,3,0.000878096,1
easy_015,Easy,OMP-BranchBoundMRV,8,4,0.000901937,1
easy_015,Easy,OMP-BranchBoundMRV,8,5,0.000894070,1
easy_015,Easy,OMP-BranchBoundMRV,16,1,0.047603130,1
easy_015,Easy,OMP-BranchBoundMRV,16,2,0.016908884,1
easy_015,Easy,OMP-BranchBoundMRV,16,3,0.007000923,1
easy_015,Easy,OMP-BranchBoundMRV,16,4,0.009346962,1
easy_015,Easy,OMP-BranchBoundMRV,16,5,0.007638931,1
easy_016,Easy,Serial,1,1,0.000049250,1
easy_016,Easy,Serial,1,2,0.000030833,1
easy_016,Easy,Serial,1,3,0.000031125,1
easy_016,Easy,Serial,1,4,0.000030375,1
easy_016,Easy,Serial,1,5,0.000030584,1
easy_016,Easy,Serial-MRV,1,1,0.000479375,1
easy_016,Easy,Serial-MRV,1,2,0.000470542,1
easy_016,Easy,Serial-MRV,1,3,0.000554250,1
easy_016,Easy,Serial-MRV,1,4,0.000499000,1
easy_016,Easy,Serial-MRV,1,5,0.000493750,1
easy_016,Easy,BranchBound,1,1,0.000028833,1
easy_016,Easy,BranchBound,1,2,0.000084334,1
easy_016,Easy,BranchBound,1,3,0.000030708,1
easy_016,Easy,BranchBound,1,4,0.000026958,1
easy_016,Easy,BranchBound,1,5,0.000026375,1
easy_016,Easy,BranchBoundMRV,1,1,0.000532375,1
easy_016,Easy,BranchBoundMRV,1,2,0.000623334,1
easy_016,Easy,BranchBoundMRV,1,3,0.000484333,1
easy_016,Easy,BranchBoundMRV,1,4,0.000482834,1
easy_016,Easy,BranchBoundMRV,1,5,0.000588625,1
easy_016,Easy,OpenMP,4,1,0.000552893,1
easy_016,Easy,OpenMP,4,2,0.000517130,1
easy_016,Easy,OpenMP,4,3,0.000704050,1
easy_016,Easy,OpenMP,4,4,0.000559807,1
easy_016,Easy,OpenMP,4,5,0.000510931,1
easy_016,Easy,OpenMP,8,1,0.000813007,1
easy_016,Easy,OpenMP,8,2,0.000775099,1
easy_016,Easy,OpenMP,8,3,0.001198053,1
easy_016,Easy,OpenMP,8,4,0.000606775,1
easy_016,Easy,OpenMP,8,5,0.000799894,1
easy_016,Easy,OpenMP,16,1,0.006798029,1
easy_016,Easy,OpenMP,16,2,0.013644934,1
easy_016,Easy,OpenMP,16,3,0.001948833,1
easy_016,Easy,OpenMP,16,4,0.006412983,1
easy_016,Easy,OpenMP,16,5,0.009693861,1
easy_016,Easy,OMP-BranchBoundMRV,4,1,0.000631809,1
easy_016,Easy,OMP-BranchBoundMRV,4,2,0.000624895,1
easy_016,Easy,OMP-BranchBoundMRV,4,3,0.000536919,1
easy_016,Easy,OMP-BranchBoundMRV,4,4,0.000562191,1
easy_016,Easy,OMP-BranchBoundMRV,4,5,0.000552893,1
easy_016,Easy,OMP-BranchBoundMRV,8,1,0.000640869,1
easy_016,Easy,OMP-BranchBoundMRV,8,2,0.001076937,1
easy_016,Easy,OMP-BranchBoundMRV,8,3,0.001322985,1
easy_016,Easy,OMP-BranchBoundMRV,8,4,0.000547886,1
easy_016,Easy,OMP-BranchBoundMRV,8,5,0.000540018,1
easy_016,Easy,OMP-BranchBoundMRV,16,1,0.019000769,1
easy_016,Easy,OMP-BranchBoundMRV,16,2,0.032795906,1
easy_016,Easy,OMP-BranchBoundMRV,16,3,0.019309044,1
easy_016,Easy,OMP-BranchBoundMRV,16,4,0.018701077,1
easy_016,Easy,OMP-BranchBoundMRV,16,5,0.022607088,1
easy_017,Easy,Serial,1,1,0.002697458,1
easy_017,Easy,Serial,1,2,0.002672084,1
easy_017,Easy,Serial,1,3,0.002867750,1
easy_017,Easy,Serial,1,4,0.002660375,1
easy_017,Easy,Serial,1,5,0.002740750,1
easy_017,Easy,Serial-MRV,1,1,0.000843750,1
easy_017,Easy,Serial-MRV,1,2,0.000837625,1
easy_017,Easy,Serial-MRV,1,3,0.000853875,1
easy_017,Easy,Serial-MRV,1,4,0.000838291,1
easy_017,Easy,Serial-MRV,1,5,0.000864792,1
easy_017,Easy,BranchBound,1,1,0.002451625,1
easy_017,Easy,BranchBound,1,2,0.002431833,1
easy_017,Easy,BranchBound,1,3,0.002432000,1
easy_017,Easy,BranchBound,1,4,0.002469875,1
easy_017,Easy,BranchBound,1,5,0.002446125,1
easy_017,Easy,BranchBoundMRV,1,1,0.001025916,1
easy_017,Easy,BranchBoundMRV,1,2,0.001159917,1
easy_017,Easy,BranchBoundMRV,1,3,0.001155333,1
easy_017,Easy,BranchBoundMRV,1,4,0.001107500,1
easy_017,Easy,BranchBoundMRV,1,5,0.001182292,1
easy_017,Easy,OpenMP,4,1,0.000917912,1
easy_017,Easy,OpenMP,4,2,0.000911951,1
easy_017,Easy,OpenMP,4,3,0.000921011,1
easy_017,Easy,OpenMP,4,4,0.000905991,1
easy_017,Easy,OpenMP,4,5,0.001005173,1
easy_017,Easy,OpenMP,8,1,0.010413170,1
easy_017,Easy,OpenMP,8,2,0.005346060,1
easy_017,Easy,OpenMP,8,3,0.010509968,1
easy_017,Easy,OpenMP,8,4,0.018254995,1
easy_017,Easy,OpenMP,8,5,0.020723820,1
easy_017,Easy,OpenMP,16,1,0.021306038,1
easy_017,Easy,OpenMP,16,2,0.013038874,1
easy_017,Easy,OpenMP,16,3,0.038529873,1
easy_017,Easy,OpenMP,16,4,0.040703058,1
easy_017,Easy,OpenMP,16,5,0.031440020,1
easy_017,Easy,OMP-BranchBoundMRV,4,1,0.001198053,1
easy_017,Easy,OMP-BranchBoundMRV,4,2,0.001119137,1
easy_017,Easy,OMP-BranchBoundMRV,4,3,0.001542091,1
easy_017,Easy,OMP-BranchBoundMRV,4,4,0.001276016,1
easy_017,Easy,OMP-BranchBoundMRV,4,5,0.001104832,1
easy_017,Easy,OMP-BranchBoundMRV,8,1,0.001389027,1
easy_017,Easy,OMP-BranchBoundMRV,8,2,0.001438141,1
easy_017,Easy,OMP-BranchBoundMRV,8,3,0.001110077,1
easy_017,Easy,OMP-BranchBoundMRV,8,4,0.002913952,1
easy_017,Easy,OMP-BranchBoundMRV,8,5,0.001127958,1
easy_017,Easy,OMP-BranchBoundMRV,16,1,0.045171022,1
easy_017,Easy,OMP-BranchBoundMRV,16,2,0.017570019,1
easy_017,Easy,OMP-BranchBoundMRV,16,3,0.011470079,1
easy_017,Easy,OMP-BranchBoundMRV,16,4,0.016690016,1
easy_017,Easy,OMP-BranchBoundMRV,16,5,0.025680065,1
easy_018,Easy,Serial,1,1,0.000277541,1
easy_018,Easy,Serial,1,2,0.000264250,1
easy_018,Easy,Serial,1,3,0.000266959,1
easy_018,Easy,Serial,1,4,0.000263666,1
easy_018,Easy,Serial,1,5,0.000264000,1
easy_018,Easy,Serial-MRV,1,1,0.001233416,1
easy_018,Easy,Serial-MRV,1,2,0.001305208,1
easy_018,Easy,Serial-MRV,1,3,0.001230833,1
easy_018,Easy,Serial-MRV,1,4,0.001227875,1
easy_018,Easy,Serial-MRV,1,5,0.001268416,1
easy_018,Easy,BranchBound,1,1,0.000236750,1
easy_018,Easy,BranchBound,1,2,0.000230500,1
easy_018,Easy,BranchBound,1,3,0.000230166,1
easy_018,Easy,BranchBound,1,4,0.000236084,1
easy_018,Easy,BranchBound,1,5,0.000233125,1
easy_018,Easy,BranchBoundMRV,1,1,0.001732500,1
easy_018,Easy,BranchBoundMRV,1,2,0.001816584,1
easy_018,Easy,BranchBoundMRV,1,3,0.001699500,1
easy_018,Easy,BranchBoundMRV,1,4,0.001697458,1
easy_018,Easy,BranchBoundMRV,1,5,0.001736125,1
easy_018,Easy,OpenMP,4,1,0.000680923,1
easy_018,Easy,OpenMP,4,2,0.000656843,1
easy_018,Easy,OpenMP,4,3,0.000658035,1
easy_018,Easy,OpenMP,4,4,0.000655890,1
easy_018,Easy,OpenMP,4,5,0.000659943,1
easy_018,Easy,OpenMP,8,1,0.001434803,1
easy_018,Easy,OpenMP,8,2,0.000660896,1
easy_018,Easy,OpenMP,8,3,0.000664949,1
easy_018,Easy,OpenMP,8,4,0.001408100,1
easy_018,Easy,OpenMP,8,5,0.000651121,1
easy_018,Easy,OpenMP,16,1,0.059718132,1
easy_018,Easy,OpenMP,16,2,0.015215874,1
easy_018,Easy,OpenMP,16,3,0.028450012,1
easy_018,Easy,OpenMP,16,4,0.007036924,1
easy_018,Easy,OpenMP,16,5,0.008561134,1
easy_018,Easy,OMP-BranchBoundMRV,4,1,0.001387119,1
easy_018,Easy,OMP-BranchBoundMRV,4,2,0.001055002,1
easy_018,Easy,OMP-BranchBoundMRV,4,3,0.001093864,1
easy_018,Easy,OMP-BranchBoundMRV,4,4,0.000963926,1
easy_018,Easy,OMP-BranchBoundMRV,4,5,0.001107931,1
easy_018,Easy,OMP-BranchBoundMRV,8,1,0.002057076,1
easy_018,Easy,OMP-BranchBoundMRV,8,2,0.001171112,1
easy_018,Easy,OMP-BranchBoundMRV,8,3,0.001402140,1
easy_018,Easy,OMP-BranchBoundMRV,8,4,0.000934124,1
easy_018,Easy,OMP-BranchBoundMRV,8,5,0.001963139,1
easy_018,Easy,OMP-BranchBoundMRV,16,1,0.008162975,1
easy_018,Easy,OMP-BranchBoundMRV,16,2,0.010893106,1
easy_018,Easy,OMP-BranchBoundMRV,16,3,0.018326998,1
easy_018,Easy,OMP-BranchBoundMRV,16,4,0.045139074,1
easy_018,Easy,OMP-BranchBoundMRV,16,5,0.015761852,1
easy_019,Easy,Serial,1,1,0.000518750,1
easy_019,Easy,Serial,1,2,0.000505542,1
easy_019,Easy,Serial,1,3,0.000653167,1
easy_019,Easy,Serial,1,4,0.000602625,1
easy_019,Easy,Serial,1,5,0.000524625,1
easy_019,Easy,Serial-MRV,1,1,0.001253792,1
easy_019,Easy,Serial-MRV,1,2,0.001172542,1
easy_019,Easy,Serial-MRV,1,3,0.001151875,1
easy_019,Easy,Serial-MRV,1,4,0.001130917,1
easy_019,Easy,Serial-MRV,1,5,0.001137375,1
easy_019,Easy,BranchBound,1,1,0.000446666,1
easy_019,Easy,BranchBound,1,2,0.000439333,1
easy_019,Easy,BranchBound,1,3,0.000438750,1
easy_019,Easy,BranchBound,1,4,0.000457084,1
easy_019,Easy,BranchBound,1,5,0.000441666,1
easy_019,Easy,BranchBoundMRV,1,1,0.001446833,1
easy_019,Easy,BranchBoundMRV,1,2,0.001443375,1
easy_019,Easy,BranchBoundMRV,1,3,0.001459458,1
easy_019,Easy,BranchBoundMRV,1,4,0.001443333,1
easy_019,Easy,BranchBoundMRV,1,5,0.001575833,1
easy_019,Easy,OpenMP,4,1,0.001416922,1
easy_019,Easy,OpenMP,4,2,0.001253128,1
easy_019,Easy,OpenMP,4,3,0.001223087,1
easy_019,Easy,OpenMP,4,4,0.001227140,1
easy_019,Easy,OpenMP,4,5,0.001222134,1
easy_019,Easy,OpenMP,8,1,0.001233101,1
easy_019,Easy,OpenMP,8,2,0.001235008,1
easy_019,Easy,OpenMP,8,3,0.001217842,1
easy_019,Easy,OpenMP,8,4,0.002868891,1
easy_019,Easy,OpenMP,8,5,0.001229048,1
easy_019,Easy,OpenMP,16,1,0.009947062,1
easy_019,Easy,OpenMP,16,2,0.033414841,1
easy_019,Easy,OpenMP,16,3,0.021639109,1
easy_019,Easy,OpenMP,16,4,0.020122051,1
easy_019,Easy,OpenMP,16,5,0.020332813,1
easy_019,Easy,OMP-BranchBoundMRV,4,1,0.001580954,1
easy_019,Easy,OMP-BranchBoundMRV,4,2,0.001562119,1
easy_019,Easy,OMP-BranchBoundMRV,4,3,0.001818180,1
easy_019,Easy,OMP-BranchBoundMRV,4,4,0.001637936,1
easy_019,Easy,OMP-BranchBoundMRV,4,5,0.001574993,1
easy_019,Easy,OMP-BranchBoundMRV,8,1,0.001570940,1
easy_019,Easy,OMP-BranchBoundMRV,8,2,0.001572847,1
easy_019,Easy,OMP-BranchBoundMRV,8,3,0.001564026,1
easy_019,Easy,OMP-BranchBoundMRV,8,4,0.001564026,1
easy_019,Easy,OMP-BranchBoundMRV,8,5,0.003580093,1
easy_019,Easy,OMP-BranchBoundMRV,16,1,0.025163889,1
easy_019,Easy,OMP-BranchBoundMRV,16,2,0.031990051,1
easy_019,Easy,OMP-BranchBoundMRV,16,3,0.033173084,1
easy_019,Easy,OMP-BranchBoundMRV,16,4,0.049664021,1
easy_019,Easy,OMP-BranchBoundMRV,16,5,0.037131071,1
easy_020,Easy,Serial,1,1,0.000073750,1
easy_020,Easy,Serial,1,2,0.000072000,1
easy_020,Easy,Serial,1,3,0.000078000,1
easy_020,Easy,Serial,1,4,0.000068209,1
easy_020,Easy,Serial,1,5,0.000067625,1
easy_020,Easy,Serial-MRV,1,1,0.000476125,1
easy_020,Easy,Serial-MRV,1,2,0.000488333,1
easy_020,Easy,Serial-MRV,1,3,0.000492875,1
easy_020,Easy,Serial-MRV,1,4,0.000501541,1
easy_020,Easy,Serial-MRV,1,5,0.000466375,1
easy_020,Easy,BranchBound,1,1,0.000069000,1
easy_020,Easy,BranchBound,1,2,0.000064083,1
easy_020,Easy,BranchBound,1,3,0.000063667,1
easy_020,Easy,BranchBound,1,4,0.000063542,1
easy_020,Easy,BranchBound,1,5,0.000063500,1
easy_020,Easy,BranchBoundMRV,1,1,0.000551750,1
easy_020,Easy,BranchBoundMRV,1,2,0.000521334,1
easy_020,Easy,BranchBoundMRV,1,3,0.000524042,1
easy_020,Easy,BranchBoundMRV,1,4,0.000604709,1
easy_020,Easy,BranchBoundMRV,1,5,0.000576708,1
easy_020,Easy,OpenMP,4,1,0.000746965,1
easy_020,Easy,OpenMP,4,2,0.000517845,1
easy_020,Easy,OpenMP,4,3,0.000511885,1
easy_020,Easy,OpenMP,4,4,0.000638962,1
easy_020,Easy,OpenMP,4,5,0.000519037,1
easy_020,Easy,OpenMP,8,1,0.001106024,1
easy_020,Easy,OpenMP,8,2,0.000518084,1
easy_020,Easy,OpenMP,8,3,0.000504017,1
easy_020,Easy,OpenMP,8,4,0.001108885,1
easy_020,Easy,OpenMP,8,5,0.000556946,1
easy_020,Easy,OpenMP,16,1,0.019553900,1
easy_020,Easy,OpenMP,16,2,0.021730900,1
easy_020,Easy,OpenMP,16,3,0.021730900,1
easy_020,Easy,OpenMP,16,4,0.033298969,1
easy_020,Easy,OpenMP,16,5,0.020078897,1
easy_020,Easy,OMP-BranchBoundMRV,4,1,0.000581980,1
easy_020,Easy,OMP-BranchBoundMRV,4,2,0.000585794,1
easy_020,Easy,OMP-BranchBoundMRV,4,3,0.000580072,1
easy_020,Easy,OMP-BranchBoundMRV,4,4,0.000580072,1
easy_020,Easy,OMP-BranchBoundMRV,4,5,0.000574112,1
easy_020,Easy,OMP-BranchBoundMRV,8,1,0.000586033,1
easy_020,Easy,OMP-BranchBoundMRV,8,2,0.000603914,1
easy_020,Easy,OMP-BranchBoundMRV,8,3,0.000597000,1
easy_020,Easy,OMP-BranchBoundMRV,8,4,0.000899076,1
easy_020,Easy,OMP-BranchBoundMRV,8,5,0.002604008,1
easy_020,Easy,OMP-BranchBoundMRV,16,1,0.027627945,1
easy_020,Easy,OMP-BranchBoundMRV,16,2,0.021214008,1
easy_020,Easy,OMP-BranchBoundMRV,16,3,0.021190166,1
easy_020,Easy,OMP-BranchBoundMRV,16,4,0.017795086,1
easy_020,Easy,OMP-BranchBoundMRV,16,5,0.020263195,1
easy_021,Easy,Serial,1,1,0.000081458,1
easy_021,Easy,Serial,1,2,0.000077000,1
easy_021,Easy,Serial,1,3,0.000074583,1
easy_021,Easy,Serial,1,4,0.000074000,1
easy_021,Easy,Serial,1,5,0.000073792,1
easy_021,Easy,Serial-MRV,1,1,0.000584709,1
easy_021,Easy,Serial-MRV,1,2,0.000581084,1
easy_021,Easy,Serial-MRV,1,3,0.000577250,1
easy_021,Easy,Serial-MRV,1,4,0.000579958,1
easy_021,Easy,Serial-MRV,1,5,0.000579500,1
easy_021,Easy,BranchBound,1,1,0.000070958,1
easy_021,Easy,BranchBound,1,2,0.000065917,1
easy_021,Easy,BranchBound,1,3,0.000065459,1
easy_021,Easy,BranchBound,1,4,0.000065375,1
easy_021,Easy,BranchBound,1,5,0.000065292,1
easy_021,Easy,BranchBoundMRV,1,1,0.000789000,1
easy_021,Easy,BranchBoundMRV,1,2,0.000763500,1
easy_021,Easy,BranchBoundMRV,1,3,0.000812834,1
easy_021,Easy,BranchBoundMRV,1,4,0.000761625,1
easy_021,Easy,BranchBoundMRV,1,5,0.000771333,1
easy_021,Easy,OpenMP,4,1,0.000650167,1
easy_021,Easy,OpenMP,4,2,0.000652075,1
easy_021,Easy,OpenMP,4,3,0.000640154,1
easy_021,Easy,OpenMP,4,4,0.000631094,1
easy_021,Easy,OpenMP,4,5,0.000627995,1
easy_021,Easy,OpenMP,8,1,0.000657082,1
easy_021,Easy,OpenMP,8,2,0.000643969,1
easy_021,Easy,OpenMP,8,3,0.000687122,1
easy_021,Easy,OpenMP,8,4,0.001409054,1
easy_021,Easy,OpenMP,8,5,0.000636101,1
easy_021,Easy,OpenMP,16,1,0.040364981,1
easy_021,Easy,OpenMP,16,2,0.034651995,1
easy_021,Easy,OpenMP,16,3,0.015761852,1
easy_021,Easy,OpenMP,16,4,0.027554035,1
easy_021,Easy,OpenMP,16,5,0.020264864,1
easy_021,Easy,OMP-BranchBoundMRV,4,1,0.000838041,1
easy_021,Easy,OMP-BranchBoundMRV,4,2,0.000834227,1
easy_021,Easy,OMP-BranchBoundMRV,4,3,0.000829935,1
easy_021,Easy,OMP-BranchBoundMRV,4,4,0.000834942,1
easy_021,Easy,OMP-BranchBoundMRV,4,5,0.000833988,1
easy_021,Easy,OMP-BranchBoundMRV,8,1,0.000867128,1
easy_021,Easy,OMP-BranchBoundMRV,8,2,0.000829935,1
easy_021,Easy,OMP-BranchBoundMRV,8,3,0.000833035,1
easy_021,Easy,OMP-BranchBoundMRV,8,4,0.000827074,1
easy_021,Easy,OMP-BranchBoundMRV,8,5,0.000834942,1
easy_021,Easy,OMP-BranchBoundMRV,16,1,0.030426025,1
easy_021,Easy,OMP-BranchBoundMRV,16,2,0.009863138,1
easy_021,Easy,OMP-BranchBoundMRV,16,3,0.005678177,1
easy_021,Easy,OMP-BranchBoundMRV,16,4,0.014122009,1
easy_021,Easy,OMP-BranchBoundMRV,16,5,0.036329031,1
easy_022,Easy,Serial,1,1,0.000798250,1
easy_022,Easy,Serial,1,2,0.000778166,1
easy_022,Easy,Serial,1,3,0.000774583,1
easy_022,Easy,Serial,1,4,0.000774459,1
easy_022,Easy,Serial,1,5,0.000777667,1
easy_022,Easy,Serial-MRV,1,1,0.001019375,1
easy_022,Easy,Serial-MRV,1,2,0.000976792,1
easy_022,Easy,Serial-MRV,1,3,0.000954458,1
easy_022,Easy,Serial-MRV,1,4,0.000957208,1
easy_022,Easy,Serial-MRV,1,5,0.000953833,1
easy_022,Easy,BranchBound,1,1,0.000646084,1
easy_022,Easy,BranchBound,1,2,0.000640125,1
easy_022,Easy,BranchBound,1,3,0.000634125,1
easy_022,Easy,BranchBound,1,4,0.000637500,1
easy_022,Easy,BranchBound,1,5,0.000634500,1
easy_022,Easy,BranchBoundMRV,1,1,0.001350500,1
easy_022,Easy,BranchBoundMRV,1,2,0.001357000,1
easy_022,Easy,BranchBoundMRV,1,3,0.001367708,1
easy_022,Easy,BranchBoundMRV,1,4,0.001311500,1
easy_022,Easy,BranchBoundMRV,1,5,0.001310334,1
easy_022,Easy,OpenMP,4,1,0.001052856,1
easy_022,Easy,OpenMP,4,2,0.001080036,1
easy_022,Easy,OpenMP,4,3,0.001080036,1
easy_022,Easy,OpenMP,4,4,0.001183987,1
easy_022,Easy,OpenMP,4,5,0.001034021,1
easy_022,Easy,OpenMP,8,1,0.002357006,1
easy_022,Easy,OpenMP,8,2,0.002993822,1
easy_022,Easy,OpenMP,8,3,0.001044035,1
easy_022,Easy,OpenMP,8,4,0.001336098,1
easy_022,Easy,OpenMP,8,5,0.002359152,1
easy_022,Easy,OpenMP,16,1,0.029896975,1
easy_022,Easy,OpenMP,16,2,0.021468163,1
easy_022,Easy,OpenMP,16,3,0.022114038,1
easy_022,Easy,OpenMP,16,4,0.054116011,1
easy_022,Easy,OpenMP,16,5,0.030590057,1
easy_022,Easy,OMP-BranchBoundMRV,4,1,0.001443863,1
easy_022,Easy,OMP-BranchBoundMRV,4,2,0.001422882,1
easy_022,Easy,OMP-BranchBoundMRV,4,3,0.001432896,1
easy_022,Easy,OMP-BranchBoundMRV,4,4,0.001430988,1
easy_022,Easy,OMP-BranchBoundMRV,4,5,0.001425028,1
easy_022,Easy,OMP-BranchBoundMRV,8,1,0.003349066,1
easy_022,Easy,OMP-BranchBoundMRV,8,2,0.001426935,1
easy_022,Easy,OMP-BranchBoundMRV,8,3,0.003224850,1
easy_022,Easy,OMP-BranchBoundMRV,8,4,0.003149033,1
easy_022,Easy,OMP-BranchBoundMRV,8,5,0.003153086,1
easy_022,Easy,OMP-BranchBoundMRV,16,1,0.012925863,1
easy_022,Easy,OMP-BranchBoundMRV,16,2,0.017132998,1
easy_022,Easy,OMP-BranchBoundMRV,16,3,0.040719986,1
easy_022,Easy,OMP-BranchBoundMRV,16,4,0.010508060,1
easy_022,Easy,OMP-BranchBoundMRV,16,5,0.021309137,1
easy_023,Easy,Serial,1,1,0.002344334,1
easy_023,Easy,Serial,1,2,0.002157291,1
easy_023,Easy,Serial,1,3,0.002134667,1
easy_023,Easy,Serial,1,4,0.002134209,1
easy_023,Easy,Serial,1,5,0.002160709,1
easy_023,Easy,Serial-MRV,1,1,0.000808750,1
easy_023,Easy,Serial-MRV,1,2,0.000804167,1
easy_023,Easy,Serial-MRV,1,3,0.000808125,1
easy_023,Easy,Serial-MRV,1,4,0.000789084,1
easy_023,Easy,Serial-MRV,1,5,0.000785500,1
easy_023,Easy,BranchBound,1,1,0.001951083,1
easy_023,Easy,BranchBound,1,2,0.002021125,1
easy_023,Easy,BranchBound,1,3,0.002138209,1
easy_023,Easy,BranchBound,1,4,0.002243667,1
easy_023,Easy,BranchBound,1,5,0.002186208,1
easy_023,Easy,BranchBoundMRV,1,1,0.001316875,1
easy_023,Easy,BranchBoundMRV,1,2,0.001159833,1
easy_023,Easy,BranchBoundMRV,1,3,0.001053833,1
easy_023,Easy,BranchBoundMRV,1,4,0.001050458,1
easy_023,Easy,BranchBoundMRV,1,5,0.001139417,1
easy_023,Easy,OpenMP,4,1,0.000874043,1
easy_023,Easy,OpenMP,4,2,0.000881910,1
easy_023,Easy,OpenMP,4,3,0.000885010,1
easy_023,Easy,OpenMP,4,4,0.000901937,1
easy_023,Easy,OpenMP,4,5,0.000859022,1
easy_023,Easy,OpenMP,8,1,0.000873089,1
easy_023,Easy,OpenMP,8,2,0.000863075,1
easy_023,Easy,OpenMP,8,3,0.001575947,1
easy_023,Easy,OpenMP,8,4,0.000859976,1
easy_023,Easy,OpenMP,8,5,0.000872135,1
easy_023,Easy,OpenMP,16,1,0.004504919,1
easy_023,Easy,OpenMP,16,2,0.011864185,1
easy_023,Easy,OpenMP,16,3,0.010081053,1
easy_023,Easy,OpenMP,16,4,0.020219803,1
easy_023,Easy,OpenMP,16,5,0.009207964,1
easy_023,Easy,OMP-BranchBoundMRV,4,1,0.001183987,1
easy_023,Easy,OMP-BranchBoundMRV,4,2,0.001515865,1
easy_023,Easy,OMP-BranchBoundMRV,4,3,0.001487017,1
easy_023,Easy,OMP-BranchBoundMRV,4,4,0.001620054,1
easy_023,Easy,OMP-BranchBoundMRV,4,5,0.001124144,1
easy_023,Easy,OMP-BranchBoundMRV,8,1,0.003289938,1
easy_023,Easy,OMP-BranchBoundMRV,8,2,0.003274918,1
easy_023,Easy,OMP-BranchBoundMRV,8,3,0.002286196,1
easy_023,Easy,OMP-BranchBoundMRV,8,4,0.001347065,1
easy_023,Easy,OMP-BranchBoundMRV,8,5,0.001150131,1
easy_023,Easy,OMP-BranchBoundMRV,16,1,0.013843060,1
easy_023,Easy,OMP-BranchBoundMRV,16,2,0.011212826,1
easy_023,Easy,OMP-BranchBoundMRV,16,3,0.014693022,1
easy_023,Easy,OMP-BranchBoundMRV,16,4,0.020997047,1
easy_023,Easy,OMP-BranchBoundMRV,16,5,0.022906065,1
easy_024,Easy,Serial,1,1,0.008265750,1
easy_024,Easy,Serial,1,2,0.008082292,1
easy_024,Easy,Serial,1,3,0.008016625,1
easy_024,Easy,Serial,1,4,0.008248917,1
easy_024,Easy,Serial,1,5,0.008023833,1
easy_024,Easy,Serial-MRV,1,1,0.001024500,1
easy_024,Easy,Serial-MRV,1,2,0.000998125,1
easy_024,Easy,Serial-MRV,1,3,0.001005500,1
easy_024,Easy,Serial-MRV,1,4,0.000990792,1
easy_024,Easy,Serial-MRV,1,5,0.000991959,1
easy_024,Easy,BranchBound,1,1,0.007246083,1
easy_024,Easy,BranchBound,1,2,0.007226750,1
easy_024,Easy,BranchBound,1,3,0.007262500,1
easy_024,Easy,BranchBound,1,4,0.007282333,1
easy_024,Easy,BranchBound,1,5,0.007206958,1
easy_024,Easy,BranchBoundMRV,1,1,0.001424209,1
easy_024,Easy,BranchBoundMRV,1,2,0.001450042,1
easy_024,Easy,BranchBoundMRV,1,3,0.001403375,1
easy_024,Easy,BranchBoundMRV,1,4,0.001399750,1
easy_024,Easy,BranchBoundMRV,1,5,0.001403041,1
easy_024,Easy,OpenMP,4,1,0.001091957,1
easy_024,Easy,OpenMP,4,2,0.001065969,1
easy_024,Easy,OpenMP,4,3,0.001069069,1
easy_024,Easy,OpenMP,4,4,0.001062155,1
easy_024,Easy,OpenMP,4,5,0.001067162,1
easy_024,Easy,OpenMP,8,1,0.001101971,1
easy_024,Easy,OpenMP,8,2,0.001075029,1
easy_024,Easy,OpenMP,8,3,0.001082897,1
easy_024,Easy,OpenMP,8,4,0.002446175,1
easy_024,Easy,OpenMP,8,5,0.001089096,1
easy_024,Easy,OpenMP,16,1,0.017045021,1
easy_024,Easy,OpenMP,16,2,0.015509844,1
easy_024,Easy,OpenMP,16,3,0.007897854,1
easy_024,Easy,OpenMP,16,4,0.012006998,1
easy_024,Easy,OpenMP,16,5,0.014919043,1
easy_024,Easy,OMP-BranchBoundMRV,4,1,0.001634121,1
easy_024,Easy,OMP-BranchBoundMRV,4,2,0.001526117,1
easy_024,Easy,OMP-BranchBoundMRV,4,3,0.001573086,1
easy_024,Easy,OMP-BranchBoundMRV,4,4,0.001570940,1
easy_024,Easy,OMP-BranchBoundMRV,4,5,0.001527071,1
easy_024,Easy,OMP-BranchBoundMRV,8,1,0.001533031,1
easy_024,Easy,OMP-BranchBoundMRV,8,2,0.001536846,1
easy_024,Easy,OMP-BranchBoundMRV,8,3,0.001514912,1
easy_024,Easy,OMP-BranchBoundMRV,8,4,0.001516819,1
easy_024,Easy,OMP-BranchBoundMRV,8,5,0.001524925,1
easy_024,Easy,OMP-BranchBoundMRV,16,1,0.055804968,1
easy_024,Easy,OMP-BranchBoundMRV,16,2,0.040573835,1
easy_024,Easy,OMP-BranchBoundMRV,16,3,0.039089918,1
easy_024,Easy,OMP-BranchBoundMRV,16,4,0.012128115,1
easy_024,Easy,OMP-BranchBoundMRV,16,5,0.021561146,1
easy_025,Easy,Serial,1,1,0.006110500,1
easy_025,Easy,Serial,1,2,0.006156500,1
easy_025,Easy,Serial,1,3,0.006311708,1
easy_025,Easy,Serial,1,4,0.006444833,1
easy_025,Easy,Serial,1,5,0.006153250,1
easy_025,Easy,Serial-MRV,1,1,0.001491667,1
easy_025,Easy,Serial-MRV,1,2,0.001477875,1
easy_025,Easy,Serial-MRV,1,3,0.001497000,1
easy_025,Easy,Serial-MRV,1,4,0.001521500,1
easy_025,Easy,Serial-MRV,1,5,0.001511458,1
easy_025,Easy,BranchBound,1,1,0.005312625,1
easy_025,Easy,BranchBound,1,2,0.005373459,1
easy_025,Easy,BranchBound,1,3,0.005481291,1
easy_025,Easy,BranchBound,1,4,0.005289417,1
easy_025,Easy,BranchBound,1,5,0.005299458,1
easy_025,Easy,BranchBoundMRV,1,1,0.002046083,1
easy_025,Easy,BranchBoundMRV,1,2,0.002075042,1
easy_025,Easy,BranchBoundMRV,1,3,0.002176166,1
easy_025,Easy,BranchBoundMRV,1,4,0.002104625,1
easy_025,Easy,BranchBoundMRV,1,5,0.002110750,1
easy_025,Easy,OpenMP,4,1,0.001012802,1
easy_025,Easy,OpenMP,4,2,0.000988007,1
easy_025,Easy,OpenMP,4,3,0.000991106,1
easy_025,Easy,OpenMP,4,4,0.000993013,1
easy_025,Easy,OpenMP,4,5,0.000983000,1
easy_025,Easy,OpenMP,8,1,0.001060009,1
easy_025,Easy,OpenMP,8,2,0.002247810,1
easy_025,Easy,OpenMP,8,3,0.002192974,1
easy_025,Easy,OpenMP,8,4,0.001204014,1
easy_025,Easy,OpenMP,8,5,0.001013041,1
easy_025,Easy,OpenMP,16,1,0.052283049,1
easy_025,Easy,OpenMP,16,2,0.049500942,1
easy_025,Easy,OpenMP,16,3,0.051299095,1
easy_025,Easy,OpenMP,16,4,0.041888952,1
easy_025,Easy,OpenMP,16,5,0.041274071,1
easy_025,Easy,OMP-BranchBoundMRV,4,1,0.001486063,1
easy_025,Easy,OMP-BranchBoundMRV,4,2,0.001547098,1
easy_025,Easy,OMP-BranchBoundMRV,4,3,0.001477003,1
easy_025,Easy,OMP-BranchBoundMRV,4,4,0.001477957,1
easy_025,Easy,OMP-BranchBoundMRV,4,5,0.001480103,1
easy_025,Easy,OMP-BranchBoundMRV,8,1,0.001712084,1
easy_025,Easy,OMP-BranchBoundMRV,8,2,0.001597166,1
easy_025,Easy,OMP-BranchBoundMRV,8,3,0.001626015,1
easy_025,Easy,OMP-BranchBoundMRV,8,4,0.003185987,1
easy_025,Easy,OMP-BranchBoundMRV,8,5,0.001513958,1
easy_025,Easy,OMP-BranchBoundMRV,16,1,0.013729811,1
easy_025,Easy,OMP-BranchBoundMRV,16,2,0.021413088,1
easy_025,Easy,OMP-BranchBoundMRV,16,3,0.012142181,1
easy_025,Easy,OMP-BranchBoundMRV,16,4,0.013544083,1
easy_025,Easy,OMP-BranchBoundMRV,16,5,0.030308962,1
easy_026,Easy,Serial,1,1,0.000730292,1
easy_026,Easy,Serial,1,2,0.000709125,1
easy_026,Easy,Serial,1,3,0.000711625,1
easy_026,Easy,Serial,1,4,0.000708250,1
easy_026,Easy,Serial,1,5,0.000771375,1
easy_026,Easy,Serial-MRV,1,1,0.000886667,1
easy_026,Easy,Serial-MRV,1,2,0.000895250,1
easy_026,Easy,Serial-MRV,1,3,0.000881834,1
easy_026,Easy,Serial-MRV,1,4,0.000878375,1
easy_026,Easy,Serial-MRV,1,5,0.000881250,1
easy_026,Easy,BranchBound,1,1,0.000628791,1
easy_026,Easy,BranchBound,1,2,0.000622291,1
easy_026,Easy,BranchBound,1,3,0.000684500,1
easy_026,Easy,BranchBound,1,4,0.000625542,1
easy_026,Easy,BranchBound,1,5,0.000670083,1
easy_026,Easy,BranchBoundMRV,1,1,0.001083209,1
easy_026,Easy,BranchBoundMRV,1,2,0.001029584,1
easy_026,Easy,BranchBoundMRV,1,3,0.001025500,1
easy_026,Easy,BranchBoundMRV,1,4,0.001059041,1
easy_026,Easy,BranchBoundMRV,1,5,0.001025125,1
easy_026,Easy,OpenMP,4,1,0.001411915,1
easy_026,Easy,OpenMP,4,2,0.001940012,1
easy_026,Easy,OpenMP,4,3,0.001001120,1
easy_026,Easy,OpenMP,4,4,0.000948906,1
easy_026,Easy,OpenMP,4,5,0.000946999,1
easy_026,Easy,OpenMP,8,1,0.000955105,1
easy_026,Easy,OpenMP,8,2,0.003211021,1
easy_026,Easy,OpenMP,8,3,0.001023054,1
easy_026,Easy,OpenMP,8,4,0.001007080,1
easy_026,Easy,OpenMP,8,5,0.001639128,1
easy_026,Easy,OpenMP,16,1,0.014353037,1
easy_026,Easy,OpenMP,16,2,0.010116816,1
easy_026,Easy,OpenMP,16,3,0.004371881,1
easy_026,Easy,OpenMP,16,4,0.018012047,1
easy_026,Easy,OpenMP,16,5,0.030405045,1
easy_026,Easy,OMP-BranchBoundMRV,4,1,0.001127958,1
easy_026,Easy,OMP-BranchBoundMRV,4,2,0.001127005,1
easy_026,Easy,OMP-BranchBoundMRV,4,3,0.001365900,1
easy_026,Easy,OMP-BranchBoundMRV,4,4,0.001142025,1
easy_026,Easy,OMP-BranchBoundMRV,4,5,0.001154900,1
easy_026,Easy,OMP-BranchBoundMRV,8,1,0.001152992,1
easy_026,Easy,OMP-BranchBoundMRV,8,2,0.001132011,1
easy_026,Easy,OMP-BranchBoundMRV,8,3,0.002495050,1
easy_026,Easy,OMP-BranchBoundMRV,8,4,0.001125813,1
easy_026,Easy,OMP-BranchBoundMRV,8,5,0.002455950,1
easy_026,Easy,OMP-BranchBoundMRV,16,1,0.017975092,1
easy_026,Easy,OMP-BranchBoundMRV,16,2,0.005998135,1
easy_026,Easy,OMP-BranchBoundMRV,16,3,0.027216911,1
easy_026,Easy,OMP-BranchBoundMRV,16,4,0.031504869,1
easy_026,Easy,OMP-BranchBoundMRV,16,5,0.021176100,1
easy_027,Easy,Serial,1,1,0.000766708,1
easy_027,Easy,Serial,1,2,0.000756917,1
easy_027,Easy,Serial,1,3,0.000750291,1
easy_027,Easy,Serial,1,4,0.000746709,1
easy_027,Easy,Serial,1,5,0.000736250,1
easy_027,Easy,Serial-MRV,1,1,0.000738459,1
easy_027,Easy,Serial-MRV,1,2,0.000729167,1
easy_027,Easy,Serial-MRV,1,3,0.000728416,1
easy_027,Easy,Serial-MRV,1,4,0.000728375,1
easy_027,Easy,Serial-MRV,1,5,0.000737708,1
easy_027,Easy,BranchBound,1,1,0.000640792,1
easy_027,Easy,BranchBound,1,2,0.000632334,1
easy_027,Easy,BranchBound,1,3,0.000635167,1
easy_027,Easy,BranchBound,1,4,0.000672625,1
easy_027,Easy,BranchBound,1,5,0.000633000,1
easy_027,Easy,BranchBoundMRV,1,1,0.000954334,1
easy_027,Easy,BranchBoundMRV,1,2,0.000907333,1
easy_027,Easy,BranchBoundMRV,1,3,0.000903417,1
easy_027,Easy,BranchBoundMRV,1,4,0.000906500,1
easy_027,Easy,BranchBoundMRV,1,5,0.000903292,1
easy_027,Easy,OpenMP,4,1,0.000810146,1
easy_027,Easy,OpenMP,4,2,0.000790119,1
easy_027,Easy,OpenMP,4,3,0.000838041,1
easy_027,Easy,OpenMP,4,4,0.000795841,1
easy_027,Easy,OpenMP,4,5,0.000792980,1
easy_027,Easy,OpenMP,8,1,0.000797987,1
easy_027,Easy,OpenMP,8,2,0.000856161,1
easy_027,Easy,OpenMP,8,3,0.000790119,1
easy_027,Easy,OpenMP,8,4,0.000795841,1
easy_027,Easy,OpenMP,8,5,0.001708984,1
easy_027,Easy,OpenMP,16,1,0.023196936,1
easy_027,Easy,OpenMP,16,2,0.051965952,1
easy_027,Easy,OpenMP,16,3,0.054947138,1
easy_027,Easy,OpenMP,16,4,0.031979084,1
easy_027,Easy,OpenMP,16,5,0.020405054,1
easy_027,Easy,OMP-BranchBoundMRV,4,1,0.000997066,1
easy_027,Easy,OMP-BranchBoundMRV,4,2,0.000992060,1
easy_027,Easy,OMP-BranchBoundMRV,4,3,0.000984907,1
easy_027,Easy,OMP-BranchBoundMRV,4,4,0.000981808,1
easy_027,Easy,OMP-BranchBoundMRV,4,5,0.000993013,1
easy_027,Easy,OMP-BranchBoundMRV,8,1,0.001047134,1
easy_027,Easy,OMP-BranchBoundMRV,8,2,0.001008034,1
easy_027,Easy,OMP-BranchBoundMRV,8,3,0.001040936,1
easy_027,Easy,OMP-BranchBoundMRV,8,4,0.002171040,1
easy_027,Easy,OMP-BranchBoundMRV,8,5,0.002174854,1
easy_027,Easy,OMP-BranchBoundMRV,16,1,0.042474031,1
easy_027,Easy,OMP-BranchBoundMRV,16,2,0.028538942,1
easy_027,Easy,OMP-BranchBoundMRV,16,3,0.021095991,1
easy_027,Easy,OMP-BranchBoundMRV,16,4,0.022945166,1
easy_027,Easy,OMP-BranchBoundMRV,16,5,0.027343988,1
easy_028,Easy,Serial,1,1,0.000173666,1
easy_028,Easy,Serial,1,2,0.000168000,1
easy_028,Easy,Serial,1,3,0.000166625,1
easy_028,Easy,Serial,1,4,0.000166375,1
easy_028,Easy,Serial,1,5,0.000166292,1
easy_028,Easy,Serial-MRV,1,1,0.001034250,1
easy_028,Easy,Serial-MRV,1,2,0.001021292,1
easy_028,Easy,Serial-MRV,1,3,0.001040292,1
easy_028,Easy,Serial-MRV,1,4,0.001046875,1
easy_028,Easy,Serial-MRV,1,5,0.001077292,1
easy_028,Easy,BranchBound,1,1,0.000396625,1
easy_028,Easy,BranchBound,1,2,0.000163625,1
easy_028,Easy,BranchBound,1,3,0.000145375,1
easy_028,Easy,BranchBound,1,4,0.000144083,1
easy_028,Easy,BranchBound,1,5,0.000143916,1
easy_028,Easy,BranchBoundMRV,1,1,0.001325292,1
easy_028,Easy,BranchBoundMRV,1,2,0.001283583,1
easy_028,Easy,BranchBoundMRV,1,3,0.001283250,1
easy_028,Easy,BranchBoundMRV,1,4,0.001282541,1
easy_028,Easy,BranchBoundMRV,1,5,0.001288292,1
easy_028,Easy,OpenMP,4,1,0.001168013,1
easy_028,Easy,OpenMP,4,2,0.001097918,1
easy_028,Easy,OpenMP,4,3,0.001092911,1
easy_028,Easy,OpenMP,4,4,0.001178026,1
easy_028,Easy,OpenMP,4,5,0.001251936,1
easy_028,Easy,OpenMP,8,1,0.001098871,1
easy_028,Easy,OpenMP,8,2,0.003412962,1
easy_028,Easy,OpenMP,8,3,0.007188082,1
easy_028,Easy,OpenMP,8,4,0.010055065,1
easy_028,Easy,OpenMP,8,5,0.003357887,1
easy_028,Easy,OpenMP,16,1,0.064118862,1
easy_028,Easy,OpenMP,16,2,0.064511061,1
easy_028,Easy,OpenMP,16,3,0.045811176,1
easy_028,Easy,OpenMP,16,4,0.032452106,1
easy_028,Easy,OpenMP,16,5,0.022752047,1
easy_028,Easy,OMP-BranchBoundMRV,4,1,0.001399994,1
easy_028,Easy,OMP-BranchBoundMRV,4,2,0.001399994,1
easy_028,Easy,OMP-BranchBoundMRV,4,3,0.001400948,1
easy_028,Easy,OMP-BranchBoundMRV,4,4,0.001399994,1
easy_028,Easy,OMP-BranchBoundMRV,4,5,0.001381874,1
easy_028,Easy,OMP-BranchBoundMRV,8,1,0.001410007,1
easy_028,Easy,OMP-BranchBoundMRV,8,2,0.001408100,1
easy_028,Easy,OMP-BranchBoundMRV,8,3,0.003141165,1
easy_028,Easy,OMP-BranchBoundMRV,8,4,0.003803015,1
easy_028,Easy,OMP-BranchBoundMRV,8,5,0.001407862,1
easy_028,Easy,OMP-BranchBoundMRV,16,1,0.052715778,1
easy_028,Easy,OMP-BranchBoundMRV,16,2,0.026932955,1
easy_028,Easy,OMP-BranchBoundMRV,16,3,0.019976139,1
easy_028,Easy,OMP-BranchBoundMRV,16,4,0.027662039,1
easy_028,Easy,OMP-BranchBoundMRV,16,5,0.026134968,1
easy_029,Easy,Serial,1,1,0.000501333,1
easy_029,Easy,Serial,1,2,0.000469833,1
easy_029,Easy,Serial,1,3,0.000504459,1
easy_029,Easy,Serial,1,4,0.000465542,1
easy_029,Easy,Serial,1,5,0.000465416,1
easy_029,Easy,Serial-MRV,1,1,0.000797083,1
easy_029,Easy,Serial-MRV,1,2,0.000821417,1
easy_029,Easy,Serial-MRV,1,3,0.000774250,1
easy_029,Easy,Serial-MRV,1,4,0.000752666,1
easy_029,Easy,Serial-MRV,1,5,0.000748375,1
easy_029,Easy,BranchBound,1,1,0.000421083,1
easy_029,Easy,BranchBound,1,2,0.000414250,1
easy_029,Easy,BranchBound,1,3,0.000420833,1
easy_029,Easy,BranchBound,1,4,0.000413583,1
easy_029,Easy,BranchBound,1,5,0.000413541,1
easy_029,Easy,BranchBoundMRV,1,1,0.000968167,1
easy_029,Easy,BranchBoundMRV,1,2,0.001112542,1
easy_029,Easy,BranchBoundMRV,1,3,0.000975042,1
easy_029,Easy,BranchBoundMRV,1,4,0.000958792,1
easy_029,Easy,BranchBoundMRV,1,5,0.000936375,1
easy_029,Easy,OpenMP,4,1,0.000833035,1
easy_029,Easy,OpenMP,4,2,0.000823021,1
easy_029,Easy,OpenMP,4,3,0.000820875,1
easy_029,Easy,OpenMP,4,4,0.000814915,1
easy_029,Easy,OpenMP,4,5,0.000812054,1
easy_029,Easy,OpenMP,8,1,0.001856089,1
easy_029,Easy,OpenMP,8,2,0.000916004,1
easy_029,Easy,OpenMP,8,3,0.000830889,1
easy_029,Easy,OpenMP,8,4,0.001212835,1
easy_029,Easy,OpenMP,8,5,0.000820875,1
easy_029,Easy,OpenMP,16,1,0.021481037,1
easy_029,Easy,OpenMP,16,2,0.034450054,1
easy_029,Easy,OpenMP,16,3,0.023825884,1
easy_029,Easy,OpenMP,16,4,0.018637896,1
easy_029,Easy,OpenMP,16,5,0.029404163,1
easy_029,Easy,OMP-BranchBoundMRV,4,1,0.001062870,1
easy_029,Easy,OMP-BranchBoundMRV,4,2,0.001027822,1
easy_029,Easy,OMP-BranchBoundMRV,4,3,0.001085997,1
easy_029,Easy,OMP-BranchBoundMRV,4,4,0.001023054,1
easy_029,Easy,OMP-BranchBoundMRV,4,5,0.001017094,1
easy_029,Easy,OMP-BranchBoundMRV,8,1,0.001296997,1
easy_029,Easy,OMP-BranchBoundMRV,8,2,0.001376152,1
easy_029,Easy,OMP-BranchBoundMRV,8,3,0.003340960,1
easy_029,Easy,OMP-BranchBoundMRV,8,4,0.001027822,1
easy_029,Easy,OMP-BranchBoundMRV,8,5,0.002281904,1
easy_029,Easy,OMP-BranchBoundMRV,16,1,0.038290977,1
easy_029,Easy,OMP-BranchBoundMRV,16,2,0.040180922,1
easy_029,Easy,OMP-BranchBoundMRV,16,3,0.020977020,1
easy_029,Easy,OMP-BranchBoundMRV,16,4,0.070429087,1
easy_029,Easy,OMP-BranchBoundMRV,16,5,0.028848171,1
easy_030,Easy,Serial,1,1,0.000246333,1
easy_030,Easy,Serial,1,2,0.000220292,1
easy_030,Easy,Serial,1,3,0.000220042,1
easy_030,Easy,Serial,1,4,0.000219834,1
easy_030,Easy,Serial,1,5,0.000219791,1
easy_030,Easy,Serial-MRV,1,1,0.000601708,1
easy_030,Easy,Serial-MRV,1,2,0.000595583,1
easy_030,Easy,Serial-MRV,1,3,0.000592042,1
easy_030,Easy,Serial-MRV,1,4,0.000591750,1
easy_030,Easy,Serial-MRV,1,5,0.000633458,1
easy_030,Easy,BranchBound,1,1,0.000189667,1
easy_030,Easy,BranchBound,1,2,0.000216250,1
easy_030,Easy,BranchBound,1,3,0.000182667,1
easy_030,Easy,BranchBound,1,4,0.000182792,1
easy_030,Easy,BranchBound,1,5,0.000182709,1
easy_030,Easy,BranchBoundMRV,1,1,0.000757166,1
easy_030,Easy,BranchBoundMRV,1,2,0.000725750,1
easy_030,Easy,BranchBoundMRV,1,3,0.000725125,1
easy_030,Easy,BranchBoundMRV,1,4,0.000740959,1
easy_030,Easy,BranchBoundMRV,1,5,0.000724375,1
easy_030,Easy,OpenMP,4,1,0.000666142,1
easy_030,Easy,OpenMP,4,2,0.000653982,1
easy_030,Easy,OpenMP,4,3,0.000648022,1
easy_030,Easy,OpenMP,4,4,0.000641108,1
easy_030,Easy,OpenMP,4,5,0.000643015,1
easy_030,Easy,OpenMP,8,1,0.000666142,1
easy_030,Easy,OpenMP,8,2,0.000648022,1
easy_030,Easy,OpenMP,8,3,0.001488209,1
easy_030,Easy,OpenMP,8,4,0.001482010,1
easy_030,Easy,OpenMP,8,5,0.000728846,1
easy_030,Easy,OpenMP,16,1,0.020123959,1
easy_030,Easy,OpenMP,16,2,0.021764994,1
easy_030,Easy,OpenMP,16,3,0.020143986,1
easy_030,Easy,OpenMP,16,4,0.017242908,1
easy_030,Easy,OpenMP,16,5,0.040874958,1
easy_030,Easy,OMP-BranchBoundMRV,4,1,0.000803947,1
easy_030,Easy,OMP-BranchBoundMRV,4,2,0.000799894,1
easy_030,Easy,OMP-BranchBoundMRV,4,3,0.000806808,1
easy_030,Easy,OMP-BranchBoundMRV,4,4,0.000807047,1
easy_030,Easy,OMP-BranchBoundMRV,4,5,0.000820875,1
easy_030,Easy,OMP-BranchBoundMRV,8,1,0.002069950,1
easy_030,Easy,OMP-BranchBoundMRV,8,2,0.001917124,1
easy_030,Easy,OMP-BranchBoundMRV,8,3,0.000793934,1
easy_030,Easy,OMP-BranchBoundMRV,8,4,0.001451969,1
easy_030,Easy,OMP-BranchBoundMRV,8,5,0.000791073,1
easy_030,Easy,OMP-BranchBoundMRV,16,1,0.022655010,1
easy_030,Easy,OMP-BranchBoundMRV,16,2,0.018177986,1
easy_030,Easy,OMP-BranchBoundMRV,16,3,0.022393942,1
easy_030,Easy,OMP-BranchBoundMRV,16,4,0.013278008,1
easy_030,Easy,OMP-BranchBoundMRV,16,5,0.026009083,1
easy_031,Easy,Serial,1,1,0.000027375,1
easy_031,Easy,Serial,1,2,0.000026291,1
easy_031,Easy,Serial,1,3,0.000026000,1
easy_031,Easy,Serial,1,4,0.000025875,1
easy_031,Easy,Serial,1,5,0.000025917,1
easy_031,Easy,Serial-MRV,1,1,0.000528958,1
easy_031,Easy,Serial-MRV,1,2,0.000494083,1
easy_031,Easy,Serial-MRV,1,3,0.000492875,1
easy_031,Easy,Serial-MRV,1,4,0.000490875,1
easy_031,Easy,Serial-MRV,1,5,0.000490500,1
easy_031,Easy,BranchBound,1,1,0.000026875,1
easy_031,Easy,BranchBound,1,2,0.000024042,1
easy_031,Easy,BranchBound,1,3,0.000022792,1
easy_031,Easy,BranchBound,1,4,0.000027917,1
easy_031,Easy,BranchBound,1,5,0.000023333,1
easy_031,Easy,BranchBoundMRV,1,1,0.000534875,1
easy_031,Easy,BranchBoundMRV,1,2,0.000537750,1
easy_031,Easy,BranchBoundMRV,1,3,0.000520041,1
easy_031,Easy,BranchBoundMRV,1,4,0.000512791,1
easy_031,Easy,BranchBoundMRV,1,5,0.000516041,1
easy_031,Easy,OpenMP,4,1,0.000556946,1
easy_031,Easy,OpenMP,4,2,0.000540972,1
easy_031,Easy,OpenMP,4,3,0.000547886,1
easy_031,Easy,OpenMP,4,4,0.000546932,1
easy_031,Easy,OpenMP,4,5,0.000545979,1
easy_031,Easy,OpenMP,8,1,0.000545025,1
easy_031,Easy,OpenMP,8,2,0.000538111,1
easy_031,Easy,OpenMP,8,3,0.000547171,1
easy_031,Easy,OpenMP,8,4,0.000539064,1
easy_031,Easy,OpenMP,8,5,0.000535011,1
easy_031,Easy,OpenMP,16,1,0.018534899,1
easy_031,Easy,OpenMP,16,2,0.015110016,1
easy_031,Easy,OpenMP,16,3,0.016593218,1
easy_031,Easy,OpenMP,16,4,0.016212940,1
easy_031,Easy,OpenMP,16,5,0.032151937,1
easy_031,Easy,OMP-BranchBoundMRV,4,1,0.000570059,1
easy_031,Easy,OMP-BranchBoundMRV,4,2,0.000597000,1
easy_031,Easy,OMP-BranchBoundMRV,4,3,0.000626087,1
easy_031,Easy,OMP-BranchBoundMRV,4,4,0.000553846,1
easy_031,Easy,OMP-BranchBoundMRV,4,5,0.000553846,1
easy_031,Easy,OMP-BranchBoundMRV,8,1,0.001847982,1
easy_031,Easy,OMP-BranchBoundMRV,8,2,0.001075983,1
easy_031,Easy,OMP-BranchBoundMRV,8,3,0.000560045,1
easy_031,Easy,OMP-BranchBoundMRV,8,4,0.000550985,1
easy_031,Easy,OMP-BranchBoundMRV,8,5,0.000550032,1
easy_031,Easy,OMP-BranchBoundMRV,16,1,0.013656855,1
easy_031,Easy,OMP-BranchBoundMRV,16,2,0.030323982,1
easy_031,Easy,OMP-BranchBoundMRV,16,3,0.024038076,1
easy_031,Easy,OMP-BranchBoundMRV,16,4,0.021840096,1
easy_031,Easy,OMP-BranchBoundMRV,16,5,0.029213905,1
easy_032,Easy,Serial,1,1,0.000921041,1
easy_032,Easy,Serial,1,2,0.000896083,1
easy_032,Easy,Serial,1,3,0.000895291,1
easy_032,Easy,Serial,1,4,0.000895458,1
easy_032,Easy,Serial,1,5,0.000909667,1
easy_032,Easy,Serial-MRV,1,1,0.000784250,1
easy_032,Easy,Serial-MRV,1,2,0.000808791,1
easy_032,Easy,Serial-MRV,1,3,0.000773917,1
easy_032,Easy,Serial-MRV,1,4,0.000780500,1
easy_032,Easy,Serial-MRV,1,5,0.000781542,1
easy_032,Easy,BranchBound,1,1,0.000843709,1
easy_032,Easy,BranchBound,1,2,0.000838792,1
easy_032,Easy,BranchBound,1,3,0.000814083,1
easy_032,Easy,BranchBound,1,4,0.000823792,1
easy_032,Easy,BranchBound,1,5,0.000813875,1
easy_032,Easy,BranchBoundMRV,1,1,0.001054333,1
easy_032,Easy,BranchBoundMRV,1,2,0.001065792,1
easy_032,Easy,BranchBoundMRV,1,3,0.001052208,1
easy_032,Easy,BranchBoundMRV,1,4,0.001112000,1
easy_032,Easy,BranchBoundMRV,1,5,0.001099750,1
easy_032,Easy,OpenMP,4,1,0.000858068,1
easy_032,Easy,OpenMP,4,2,0.000842094,1
easy_032,Easy,OpenMP,4,3,0.000872135,1
easy_032,Easy,OpenMP,4,4,0.000839949,1
easy_032,Easy,OpenMP,4,5,0.000838041,1
easy_032,Easy,OpenMP,8,1,0.002091169,1
easy_032,Easy,OpenMP,8,2,0.001904011,1
easy_032,Easy,OpenMP,8,3,0.000836134,1
easy_032,Easy,OpenMP,8,4,0.001856089,1
easy_032,Easy,OpenMP,8,5,0.000834942,1
easy_032,Easy,OpenMP,16,1,0.019930124,1
easy_032,Easy,OpenMP,16,2,0.017299175,1
easy_032,Easy,OpenMP,16,3,0.030212164,1
easy_032,Easy,OpenMP,16,4,0.019922972,1
easy_032,Easy,OpenMP,16,5,0.020120144,1
easy_032,Easy,OMP-BranchBoundMRV,4,1,0.001221895,1
easy_032,Easy,OMP-BranchBoundMRV,4,2,0.001136065,1
easy_032,Easy,OMP-BranchBoundMRV,4,3,0.001127005,1
easy_032,Easy,OMP-BranchBoundMRV,4,4,0.001132011,1
easy_032,Easy,OMP-BranchBoundMRV,4,5,0.001122952,1
easy_032,Easy,OMP-BranchBoundMRV,8,1,0.001152039,1
easy_032,Easy,OMP-BranchBoundMRV,8,2,0.001780987,1
easy_032,Easy,OMP-BranchBoundMRV,8,3,0.002622128,1
easy_032,Easy,OMP-BranchBoundMRV,8,4,0.001147985,1
easy_032,Easy,OMP-BranchBoundMRV,8,5,0.002583981,1
easy_032,Easy,OMP-BranchBoundMRV,16,1,0.063931942,1
easy_032,Easy,OMP-BranchBoundMRV,16,2,0.027643919,1
easy_032,Easy,OMP-BranchBoundMRV,16,3,0.030920029,1
easy_032,Easy,OMP-BranchBoundMRV,16,4,0.023821115,1
easy_032,Easy,OMP-BranchBoundMRV,16,5,0.016064882,1
easy_033,Easy,Serial,1,1,0.000241500,1
easy_033,Easy,Serial,1,2,0.000226500,1
easy_033,Easy,Serial,1,3,0.000226125,1
easy_033,Easy,Serial,1,4,0.000225959,1
easy_033,Easy,Serial,1,5,0.000225916,1
easy_033,Easy,Serial-MRV,1,1,0.000805458,1
easy_033,Easy,Serial-MRV,1,2,0.000721458,1
easy_033,Easy,Serial-MRV,1,3,0.000720833,1
easy_033,Easy,Serial-MRV,1,4,0.000723958,1
easy_033,Easy,Serial-MRV,1,5,0.000725375,1
easy_033,Easy,BranchBound,1,1,0.000205875,1
easy_033,Easy,BranchBound,1,2,0.000197042,1
easy_033,Easy,BranchBound,1,3,0.000196875,1
easy_033,Easy,BranchBound,1,4,0.000196583,1
easy_033,Easy,BranchBound,1,5,0.000199667,1
easy_033,Easy,BranchBoundMRV,1,1,0.001097791,1
easy_033,Easy,BranchBoundMRV,1,2,0.001098000,1
easy_033,Easy,BranchBoundMRV,1,3,0.001080375,1
easy_033,Easy,BranchBoundMRV,1,4,0.001080166,1
easy_033,Easy,BranchBoundMRV,1,5,0.001076542,1
easy_033,Easy,OpenMP,4,1,0.000799894,1
easy_033,Easy,OpenMP,4,2,0.000785112,1
easy_033,Easy,OpenMP,4,3,0.000785112,1
easy_033,Easy,OpenMP,4,4,0.000782967,1
easy_033,Easy,OpenMP,4,5,0.000779867,1
easy_033,Easy,OpenMP,8,1,0.000851154,1
easy_033,Easy,OpenMP,8,2,0.000788927,1
easy_033,Easy,OpenMP,8,3,0.001719952,1
easy_033,Easy,OpenMP,8,4,0.000786066,1
easy_033,Easy,OpenMP,8,5,0.000827074,1
easy_033,Easy,OpenMP,16,1,0.027024984,1
easy_033,Easy,OpenMP,16,2,0.023437977,1
easy_033,Easy,OpenMP,16,3,0.030397177,1
easy_033,Easy,OpenMP,16,4,0.035435915,1
easy_033,Easy,OpenMP,16,5,0.040665865,1
easy_033,Easy,OMP-BranchBoundMRV,4,1,0.001204014,1
easy_033,Easy,OMP-BranchBoundMRV,4,2,0.001171112,1
easy_033,Easy,OMP-BranchBoundMRV,4,3,0.001168013,1
easy_033,Easy,OMP-BranchBoundMRV,4,4,0.001234055,1
easy_033,Easy,OMP-BranchBoundMRV,4,5,0.001199961,1
easy_033,Easy,OMP-BranchBoundMRV,8,1,0.001182795,1
easy_033,Easy,OMP-BranchBoundMRV,8,2,0.001183987,1
easy_033,Easy,OMP-BranchBoundMRV,8,3,0.002649069,1
easy_033,Easy,OMP-BranchBoundMRV,8,4,0.001186848,1
easy_033,Easy,OMP-BranchBoundMRV,8,5,0.002788782,1
easy_033,Easy,OMP-BranchBoundMRV,16,1,0.025871992,1
easy_033,Easy,OMP-BranchBoundMRV,16,2,0.022740126,1
easy_033,Easy,OMP-BranchBoundMRV,16,3,0.025703192,1
easy_033,Easy,OMP-BranchBoundMRV,16,4,0.016181946,1
easy_033,Easy,OMP-BranchBoundMRV,16,5,0.058891058,1
easy_034,Easy,Serial,1,1,0.000194125,1
easy_034,Easy,Serial,1,2,0.000204208,1
easy_034,Easy,Serial,1,3,0.000177125,1
easy_034,Easy,Serial,1,4,0.000180334,1
easy_034,Easy,Serial,1,5,0.000196500,1
easy_034,Easy,Serial-MRV,1,1,0.000704250,1
easy_034,Easy,Serial-MRV,1,2,0.000485041,1
easy_034,Easy,Serial-MRV,1,3,0.000484250,1
easy_034,Easy,Serial-MRV,1,4,0.000482084,1
easy_034,Easy,Serial-MRV,1,5,0.000481083,1
easy_034,Easy,BranchBound,1,1,0.000153917,1
easy_034,Easy,BranchBound,1,2,0.000148334,1
easy_034,Easy,BranchBound,1,3,0.000147500,1
easy_034,Easy,BranchBound,1,4,0.000147458,1
easy_034,Easy,BranchBound,1,5,0.000147250,1
easy_034,Easy,BranchBoundMRV,1,1,0.000677250,1
easy_034,Easy,BranchBoundMRV,1,2,0.000682667,1
easy_034,Easy,BranchBoundMRV,1,3,0.000703333,1
easy_034,Easy,BranchBoundMRV,1,4,0.000669792,1
easy_034,Easy,BranchBoundMRV,1,5,0.000679917,1
easy_034,Easy,OpenMP,4,1,0.000546217,1
easy_034,Easy,OpenMP,4,2,0.000530958,1
easy_034,Easy,OpenMP,4,3,0.000531912,1
easy_034,Easy,OpenMP,4,4,0.000535965,1
easy_034,Easy,OpenMP,4,5,0.000530005,1
easy_034,Easy,OpenMP,8,1,0.000543118,1
easy_034,Easy,OpenMP,8,2,0.000588894,1
easy_034,Easy,OpenMP,8,3,0.001518011,1
easy_034,Easy,OpenMP,8,4,0.000524044,1
easy_034,Easy,OpenMP,8,5,0.000533104,1
easy_034,Easy,OpenMP,16,1,0.015825987,1
easy_034,Easy,OpenMP,16,2,0.021758080,1
easy_034,Easy,OpenMP,16,3,0.024193048,1
easy_034,Easy,OpenMP,16,4,0.049270153,1
easy_034,Easy,OpenMP,16,5,0.113983154,1
easy_034,Easy,OMP-BranchBoundMRV,4,1,0.000767946,1
easy_034,Easy,OMP-BranchBoundMRV,4,2,0.000741005,1
easy_034,Easy,OMP-BranchBoundMRV,4,3,0.000740051,1
easy_034,Easy,OMP-BranchBoundMRV,4,4,0.000733137,1
easy_034,Easy,OMP-BranchBoundMRV,4,5,0.000749111,1
easy_034,Easy,OMP-BranchBoundMRV,8,1,0.000837088,1
easy_034,Easy,OMP-BranchBoundMRV,8,2,0.000737906,1
easy_034,Easy,OMP-BranchBoundMRV,8,3,0.000758886,1
easy_034,Easy,OMP-BranchBoundMRV,8,4,0.000727892,1
easy_034,Easy,OMP-BranchBoundMRV,8,5,0.001720905,1
easy_034,Easy,OMP-BranchBoundMRV,16,1,0.028396130,1
easy_034,Easy,OMP-BranchBoundMRV,16,2,0.031167984,1
easy_034,Easy,OMP-BranchBoundMRV,16,3,0.048820972,1
easy_034,Easy,OMP-BranchBoundMRV,16,4,0.017105103,1
easy_034,Easy,OMP-BranchBoundMRV,16,5,0.010629892,1
easy_035,Easy,Serial,1,1,0.000104417,1
easy_035,Easy,Serial,1,2,0.000120583,1
easy_035,Easy,Serial,1,3,0.000108041,1
easy_035,Easy,Serial,1,4,0.000097750,1
easy_035,Easy,Serial,1,5,0.000095584,1
easy_035,Easy,Serial-MRV,1,1,0.000784417,1
easy_035,Easy,Serial-MRV,1,2,0.000744875,1
easy_035,Easy,Serial-MRV,1,3,0.000740250,1
easy_035,Easy,Serial-MRV,1,4,0.000747958,1
easy_035,Easy,Serial-MRV,1,5,0.000739208,1
easy_035,Easy,BranchBound,1,1,0.000085291,1
easy_035,Easy,BranchBound,1,2,0.000081083,1
easy_035,Easy,BranchBound,1,3,0.000080500,1
easy_035,Easy,BranchBound,1,4,0.000080417,1
easy_035,Easy,BranchBound,1,5,0.000080208,1
easy_035,Easy,BranchBoundMRV,1,1,0.001039875,1
easy_035,Easy,BranchBoundMRV,1,2,0.001029875,1
easy_035,Easy,BranchBoundMRV,1,3,0.001029500,1
easy_035,Easy,BranchBoundMRV,1,4,0.001052250,1
easy_035,Easy,BranchBoundMRV,1,5,0.001064666,1
easy_035,Easy,OpenMP,4,1,0.000811100,1
easy_035,Easy,OpenMP,4,2,0.000792027,1
easy_035,Easy,OpenMP,4,3,0.000788927,1
easy_035,Easy,OpenMP,4,4,0.000791073,1
easy_035,Easy,OpenMP,4,5,0.000787973,1
easy_035,Easy,OpenMP,8,1,0.000809908,1
easy_035,Easy,OpenMP,8,2,0.001758099,1
easy_035,Easy,OpenMP,8,3,0.000798941,1
easy_035,Easy,OpenMP,8,4,0.001729012,1
easy_035,Easy,OpenMP,8,5,0.000838995,1
easy_035,Easy,OpenMP,16,1,0.026183128,1
easy_035,Easy,OpenMP,16,2,0.029566050,1
easy_035,Easy,OpenMP,16,3,0.016479969,1
easy_035,Easy,OpenMP,16,4,0.014405012,1
easy_035,Easy,OpenMP,16,5,0.038084030,1
easy_035,Easy,OMP-BranchBoundMRV,4,1,0.001264095,1
easy_035,Easy,OMP-BranchBoundMRV,4,2,0.001231909,1
easy_035,Easy,OMP-BranchBoundMRV,4,3,0.001134872,1
easy_035,Easy,OMP-BranchBoundMRV,4,4,0.001131058,1
easy_035,Easy,OMP-BranchBoundMRV,4,5,0.001137972,1
easy_035,Easy,OMP-BranchBoundMRV,8,1,0.001147032,1
easy_035,Easy,OMP-BranchBoundMRV,8,2,0.001302004,1
easy_035,Easy,OMP-BranchBoundMRV,8,3,0.001137972,1
easy_035,Easy,OMP-BranchBoundMRV,8,4,0.001133919,1
easy_035,Easy,OMP-BranchBoundMRV,8,5,0.001123905,1
easy_035,Easy,OMP-BranchBoundMRV,16,1,0.017929077,1
easy_035,Easy,OMP-BranchBoundMRV,16,2,0.018687010,1
easy_035,Easy,OMP-BranchBoundMRV,16,3,0.020424128,1
easy_035,Easy,OMP-BranchBoundMRV,16,4,0.051654100,1
easy_035,Easy,OMP-BranchBoundMRV,16,5,0.060271025,1
easy_036,Easy,Serial,1,1,0.001848500,1
easy_036,Easy,Serial,1,2,0.001863083,1
easy_036,Easy,Serial,1,3,0.001843125,1
easy_036,Easy,Serial,1,4,0.001874708,1
easy_036,Easy,Serial,1,5,0.001879584,1
easy_036,Easy,Serial-MRV,1,1,0.001256042,1
easy_036,Easy,Serial-MRV,1,2,0.001196416,1
easy_036,Easy,Serial-MRV,1,3,0.001187375,1
easy_036,Easy,Serial-MRV,1,4,0.001174542,1
easy_036,Easy,Serial-MRV,1,5,0.001177416,1
easy_036,Easy,BranchBound,1,1,0.001628375,1
easy_036,Easy,BranchBound,1,2,0.001591583,1
easy_036,Easy,BranchBound,1,3,0.001589542,1
easy_036,Easy,BranchBound,1,4,0.001695250,1
easy_036,Easy,BranchBound,1,5,0.001719625,1
easy_036,Easy,BranchBoundMRV,1,1,0.001930958,1
easy_036,Easy,BranchBoundMRV,1,2,0.001575750,1
easy_036,Easy,BranchBoundMRV,1,3,0.001560583,1
easy_036,Easy,BranchBoundMRV,1,4,0.001572583,1
easy_036,Easy,BranchBoundMRV,1,5,0.001582666,1
easy_036,Easy,OpenMP,4,1,0.001289129,1
easy_036,Easy,OpenMP,4,2,0.001264095,1
easy_036,Easy,OpenMP,4,3,0.001281023,1
easy_036,Easy,OpenMP,4,4,0.001278877,1
easy_036,Easy,OpenMP,4,5,0.001265049,1
easy_036,Easy,OpenMP,8,1,0.001281023,1
easy_036,Easy,OpenMP,8,2,0.001270056,1
easy_036,Easy,OpenMP,8,3,0.001266956,1
easy_036,Easy,OpenMP,8,4,0.002871037,1
easy_036,Easy,OpenMP,8,5,0.001274109,1
easy_036,Easy,OpenMP,16,1,0.009814978,1
easy_036,Easy,OpenMP,16,2,0.015650034,1
easy_036,Easy,OpenMP,16,3,0.012392998,1
easy_036,Easy,OpenMP,16,4,0.015456915,1
easy_036,Easy,OpenMP,16,5,0.012486935,1
easy_036,Easy,OMP-BranchBoundMRV,4,1,0.002192974,1
easy_036,Easy,OMP-BranchBoundMRV,4,2,0.001729965,1
easy_036,Easy,OMP-BranchBoundMRV,4,3,0.001684904,1
easy_036,Easy,OMP-BranchBoundMRV,4,4,0.001690865,1
easy_036,Easy,OMP-BranchBoundMRV,4,5,0.001683950,1
easy_036,Easy,OMP-BranchBoundMRV,8,1,0.001686811,1
easy_036,Easy,OMP-BranchBoundMRV,8,2,0.004436016,1
easy_036,Easy,OMP-BranchBoundMRV,8,3,0.003940821,1
easy_036,Easy,OMP-BranchBoundMRV,8,4,0.001870871,1
easy_036,Easy,OMP-BranchBoundMRV,8,5,0.001795053,1
easy_036,Easy,OMP-BranchBoundMRV,16,1,0.022701025,1
easy_036,Easy,OMP-BranchBoundMRV,16,2,0.016980171,1
easy_036,Easy,OMP-BranchBoundMRV,16,3,0.030404091,1
easy_036,Easy,OMP-BranchBoundMRV,16,4,0.042664051,1
easy_036,Easy,OMP-BranchBoundMRV,16,5,0.035542965,1
easy_037,Easy,Serial,1,1,0.001746500,1
easy_037,Easy,Serial,1,2,0.001747750,1
easy_037,Easy,Serial,1,3,0.001744333,1
easy_037,Easy,Serial,1,4,0.001758583,1
easy_037,Easy,Serial,1,5,0.001741375,1
easy_037,Easy,Serial-MRV,1,1,0.000686666,1
easy_037,Easy,Serial-MRV,1,2,0.000679125,1
easy_037,Easy,Serial-MRV,1,3,0.000688000,1
easy_037,Easy,Serial-MRV,1,4,0.000721458,1
easy_037,Easy,Serial-MRV,1,5,0.000742250,1
easy_037,Easy,BranchBound,1,1,0.001729292,1
easy_037,Easy,BranchBound,1,2,0.001744416,1
easy_037,Easy,BranchBound,1,3,0.001795250,1
easy_037,Easy,BranchBound,1,4,0.001836958,1
easy_037,Easy,BranchBound,1,5,0.001586750,1
easy_037,Easy,BranchBoundMRV,1,1,0.001097084,1
easy_037,Easy,BranchBoundMRV,1,2,0.001118417,1
easy_037,Easy,BranchBoundMRV,1,3,0.001352833,1
easy_037,Easy,BranchBoundMRV,1,4,0.001148833,1
easy_037,Easy,BranchBoundMRV,1,5,0.001209209,1
easy_037,Easy,OpenMP,4,1,0.000835896,1
easy_037,Easy,OpenMP,4,2,0.001036882,1
easy_037,Easy,OpenMP,4,3,0.000808954,1
easy_037,Easy,OpenMP,4,4,0.000790119,1
easy_037,Easy,OpenMP,4,5,0.000962973,1
easy_037,Easy,OpenMP,8,1,0.001619101,1
easy_037,Easy,OpenMP,8,2,0.000792027,1
easy_037,Easy,OpenMP,8,3,0.001703024,1
easy_037,Easy,OpenMP,8,4,0.000741005,1
easy_037,Easy,OpenMP,8,5,0.000764132,1
easy_037,Easy,OpenMP,16,1,0.014753819,1
easy_037,Easy,OpenMP,16,2,0.013175011,1
easy_037,Easy,OpenMP,16,3,0.026021004,1
easy_037,Easy,OpenMP,16,4,0.013947964,1
easy_037,Easy,OpenMP,16,5,0.011695147,1
easy_037,Easy,OMP-BranchBoundMRV,4,1,0.001255035,1
easy_037,Easy,OMP-BranchBoundMRV,4,2,0.001282930,1
easy_037,Easy,OMP-BranchBoundMRV,4,3,0.001185894,1
easy_037,Easy,OMP-BranchBoundMRV,4,4,0.001154900,1
easy_037,Easy,OMP-BranchBoundMRV,4,5,0.001148224,1
easy_037,Easy,OMP-BranchBoundMRV,8,1,0.001240969,1
easy_037,Easy,OMP-BranchBoundMRV,8,2,0.001163006,1
easy_037,Easy,OMP-BranchBoundMRV,8,3,0.001150846,1
easy_037,Easy,OMP-BranchBoundMRV,8,4,0.001218081,1
easy_037,Easy,OMP-BranchBoundMRV,8,5,0.001167059,1
easy_037,Easy,OMP-BranchBoundMRV,16,1,0.005981922,1
easy_037,Easy,OMP-BranchBoundMRV,16,2,0.012871027,1
easy_037,Easy,OMP-BranchBoundMRV,16,3,0.019716024,1
easy_037,Easy,OMP-BranchBoundMRV,16,4,0.047589064,1
easy_037,Easy,OMP-BranchBoundMRV,16,5,0.022165060,1
easy_038,Easy,Serial,1,1,0.000457417,1
easy_038,Easy,Serial,1,2,0.000504917,1
easy_038,Easy,Serial,1,3,0.000465791,1
easy_038,Easy,Serial,1,4,0.000449000,1
easy_038,Easy,Serial,1,5,0.000445542,1
easy_038,Easy,Serial-MRV,1,1,0.000593041,1
easy_038,Easy,Serial-MRV,1,2,0.000590458,1
easy_038,Easy,Serial-MRV,1,3,0.000592333,1
easy_038,Easy,Serial-MRV,1,4,0.000571167,1
easy_038,Easy,Serial-MRV,1,5,0.000591291,1
easy_038,Easy,BranchBound,1,1,0.000418084,1
easy_038,Easy,BranchBound,1,2,0.000433000,1
easy_038,Easy,BranchBound,1,3,0.000408250,1
easy_038,Easy,BranchBound,1,4,0.000410791,1
easy_038,Easy,BranchBound,1,5,0.000407208,1
easy_038,Easy,BranchBoundMRV,1,1,0.000801458,1
easy_038,Easy,BranchBoundMRV,1,2,0.000794916,1
easy_038,Easy,BranchBoundMRV,1,3,0.000797459,1
easy_038,Easy,BranchBoundMRV,1,4,0.000796209,1
easy_038,Easy,BranchBoundMRV,1,5,0.000800584,1
easy_038,Easy,OpenMP,4,1,0.000643015,1
easy_038,Easy,OpenMP,4,2,0.000628948,1
easy_038,Easy,OpenMP,4,3,0.000626802,1
easy_038,Easy,OpenMP,4,4,0.000622034,1
easy_038,Easy,OpenMP,4,5,0.000622034,1
easy_038,Easy,OpenMP,8,1,0.000648022,1
easy_038,Easy,OpenMP,8,2,0.000661850,1
easy_038,Easy,OpenMP,8,3,0.000638962,1
easy_038,Easy,OpenMP,8,4,0.000633001,1
easy_038,Easy,OpenMP,8,5,0.001383066,1
easy_038,Easy,OpenMP,16,1,0.032359838,1
easy_038,Easy,OpenMP,16,2,0.039325953,1
easy_038,Easy,OpenMP,16,3,0.030328989,1
easy_038,Easy,OpenMP,16,4,0.033220053,1
easy_038,Easy,OpenMP,16,5,0.018870115,1
easy_038,Easy,OMP-BranchBoundMRV,4,1,0.000901937,1
easy_038,Easy,OMP-BranchBoundMRV,4,2,0.000876188,1
easy_038,Easy,OMP-BranchBoundMRV,4,3,0.000869989,1
easy_038,Easy,OMP-BranchBoundMRV,4,4,0.000872135,1
easy_038,Easy,OMP-BranchBoundMRV,4,5,0.000868082,1
easy_038,Easy,OMP-BranchBoundMRV,8,1,0.000885010,1
easy_038,Easy,OMP-BranchBoundMRV,8,2,0.000865936,1
easy_038,Easy,OMP-BranchBoundMRV,8,3,0.000866890,1
easy_038,Easy,OMP-BranchBoundMRV,8,4,0.000883818,1
easy_038,Easy,OMP-BranchBoundMRV,8,5,0.000922918,1
easy_038,Easy,OMP-BranchBoundMRV,16,1,0.016413927,1
easy_038,Easy,OMP-BranchBoundMRV,16,2,0.038018942,1
easy_038,Easy,OMP-BranchBoundMRV,16,3,0.017510891,1
easy_038,Easy,OMP-BranchBoundMRV,16,4,0.022741079,1
easy_038,Easy,OMP-BranchBoundMRV,16,5,0.022882938,1
easy_039,Easy,Serial,1,1,0.002036666,1
easy_039,Easy,Serial,1,2,0.002064791,1
easy_039,Easy,Serial,1,3,0.002313458,1
easy_039,Easy,Serial,1,4,0.002234334,1
easy_039,Easy,Serial,1,5,0.002017333,1
easy_039,Easy,Serial-MRV,1,1,0.001105791,1
easy_039,Easy,Serial-MRV,1,2,0.001097458,1
easy_039,Easy,Serial-MRV,1,3,0.001121167,1
easy_039,Easy,Serial-MRV,1,4,0.001097167,1
easy_039,Easy,Serial-MRV,1,5,0.001109334,1
easy_039,Easy,BranchBound,1,1,0.001869875,1
easy_039,Easy,BranchBound,1,2,0.001839041,1
easy_039,Easy,BranchBound,1,3,0.002088458,1
easy_039,Easy,BranchBound,1,4,0.001977041,1
easy_039,Easy,BranchBound,1,5,0.001883750,1
easy_039,Easy,BranchBoundMRV,1,1,0.001547750,1
easy_039,Easy,BranchBoundMRV,1,2,0.001539167,1
easy_039,Easy,BranchBoundMRV,1,3,0.001561042,1
easy_039,Easy,BranchBoundMRV,1,4,0.001571000,1
easy_039,Easy,BranchBoundMRV,1,5,0.001540750,1
easy_039,Easy,OpenMP,4,1,0.001207829,1
easy_039,Easy,OpenMP,4,2,0.001185894,1
easy_039,Easy,OpenMP,4,3,0.001183033,1
easy_039,Easy,OpenMP,4,4,0.001579046,1
easy_039,Easy,OpenMP,4,5,0.001245022,1
easy_039,Easy,OpenMP,8,1,0.001224995,1
easy_039,Easy,OpenMP,8,2,0.001208067,1
easy_039,Easy,OpenMP,8,3,0.002839088,1
easy_039,Easy,OpenMP,8,4,0.001183987,1
easy_039,Easy,OpenMP,8,5,0.002727985,1
easy_039,Easy,OpenMP,16,1,0.043557882,1
easy_039,Easy,OpenMP,16,2,0.011537075,1
easy_039,Easy,OpenMP,16,3,0.027513027,1
easy_039,Easy,OpenMP,16,4,0.029896021,1
easy_039,Easy,OpenMP,16,5,0.048333168,1
easy_039,Easy,OMP-BranchBoundMRV,4,1,0.001678944,1
easy_039,Easy,OMP-BranchBoundMRV,4,2,0.001704931,1
easy_039,Easy,OMP-BranchBoundMRV,4,3,0.001693010,1
easy_039,Easy,OMP-BranchBoundMRV,4,4,0.001663923,1
easy_039,Easy,OMP-BranchBoundMRV,4,5,0.001658916,1
easy_039,Easy,OMP-BranchBoundMRV,8,1,0.003913879,1
easy_039,Easy,OMP-BranchBoundMRV,8,2,0.001681805,1
easy_039,Easy,OMP-BranchBoundMRV,8,3,0.001659870,1
easy_039,Easy,OMP-BranchBoundMRV,8,4,0.001658916,1
easy_039,Easy,OMP-BranchBoundMRV,8,5,0.003795147,1
easy_039,Easy,OMP-BranchBoundMRV,16,1,0.020339966,1
easy_039,Easy,OMP-BranchBoundMRV,16,2,0.043710947,1
easy_039,Easy,OMP-BranchBoundMRV,16,3,0.031015158,1
easy_039,Easy,OMP-BranchBoundMRV,16,4,0.039754152,1
easy_039,Easy,OMP-BranchBoundMRV,16,5,0.025385141,1
easy_040,Easy,Serial,1,1,0.001667333,1
easy_040,Easy,Serial,1,2,0.001631041,1
easy_040,Easy,Serial,1,3,0.001556416,1
easy_040,Easy,Serial,1,4,0.001504542,1
easy_040,Easy,Serial,1,5,0.001583083,1
easy_040,Easy,Serial-MRV,1,1,0.000732625,1
easy_040,Easy,Serial-MRV,1,2,0.000723958,1
easy_040,Easy,Serial-MRV,1,3,0.000751167,1
easy_040,Easy,Serial-MRV,1,4,0.000749875,1
easy_040,Easy,Serial-MRV,1,5,0.000718875,1
easy_040,Easy,BranchBound,1,1,0.001225708,1
easy_040,Easy,BranchBound,1,2,0.001224500,1
easy_040,Easy,BranchBound,1,3,0.001177833,1
easy_040,Easy,BranchBound,1,4,0.001267625,1
easy_040,Easy,BranchBound,1,5,0.001192708,1
easy_040,Easy,BranchBoundMRV,1,1,0.001014459,1
easy_040,Easy,BranchBoundMRV,1,2,0.001004292,1
easy_040,Easy,BranchBoundMRV,1,3,0.001006583,1
easy_040,Easy,BranchBoundMRV,1,4,0.001042792,1
easy_040,Easy,BranchBoundMRV,1,5,0.001134333,1
easy_040,Easy,OpenMP,4,1,0.000808954,1
easy_040,Easy,OpenMP,4,2,0.001062155,1
easy_040,Easy,OpenMP,4,3,0.000888109,1
easy_040,Easy,OpenMP,4,4,0.000796080,1
easy_040,Easy,OpenMP,4,5,0.000801086,1
easy_040,Easy,OpenMP,8,1,0.000809908,1
easy_040,Easy,OpenMP,8,2,0.000869989,1
easy_040,Easy,OpenMP,8,3,0.003767014,1
easy_040,Easy,OpenMP,8,4,0.000795841,1
easy_040,Easy,OpenMP,8,5,0.000797987,1
easy_040,Easy,OpenMP,16,1,0.011526108,1
easy_040,Easy,OpenMP,16,2,0.032951117,1
easy_040,Easy,OpenMP,16,3,0.016771078,1
easy_040,Easy,OpenMP,16,4,0.026806116,1
easy_040,Easy,OpenMP,16,5,0.031179905,1
easy_040,Easy,OMP-BranchBoundMRV,4,1,0.001118898,1
easy_040,Easy,OMP-BranchBoundMRV,4,2,0.001093864,1
easy_040,Easy,OMP-BranchBoundMRV,4,3,0.001085997,1
easy_040,Easy,OMP-BranchBoundMRV,4,4,0.001090050,1
easy_040,Easy,OMP-BranchBoundMRV,4,5,0.001088142,1
easy_040,Easy,OMP-BranchBoundMRV,8,1,0.001100063,1
easy_040,Easy,OMP-BranchBoundMRV,8,2,0.001105070,1
easy_040,Easy,OMP-BranchBoundMRV,8,3,0.004774094,1
easy_040,Easy,OMP-BranchBoundMRV,8,4,0.001099110,1
easy_040,Easy,OMP-BranchBoundMRV,8,5,0.001115084,1
easy_040,Easy,OMP-BranchBoundMRV,16,1,0.018541098,1
easy_040,Easy,OMP-BranchBoundMRV,16,2,0.020406008,1
easy_040,Easy,OMP-BranchBoundMRV,16,3,0.004846096,1
easy_040,Easy,OMP-BranchBoundMRV,16,4,0.016687155,1
easy_040,Easy,OMP-BranchBoundMRV,16,5,0.016089201,1
easy_041,Easy,Serial,1,1,0.000179209,1
easy_041,Easy,Serial,1,2,0.000160958,1
easy_041,Easy,Serial,1,3,0.000177542,1
easy_041,Easy,Serial,1,4,0.000174125,1
easy_041,Easy,Serial,1,5,0.000169875,1
easy_041,Easy,Serial-MRV,1,1,0.000744541,1
easy_041,Easy,Serial-MRV,1,2,0.000715292,1
easy_041,Easy,Serial-MRV,1,3,0.000709875,1
easy_041,Easy,Serial-MRV,1,4,0.000696459,1
easy_041,Easy,Serial-MRV,1,5,0.000699292,1
easy_041,Easy,BranchBound,1,1,0.000151041,1
easy_041,Easy,BranchBound,1,2,0.000145042,1
easy_041,Easy,BranchBound,1,3,0.000208125,1
easy_041,Easy,BranchBound,1,4,0.000193458,1
easy_041,Easy,BranchBound,1,5,0.000144625,1
easy_041,Easy,BranchBoundMRV,1,1,0.000870917,1
easy_041,Easy,BranchBoundMRV,1,2,0.000854625,1
easy_041,Easy,BranchBoundMRV,1,3,0.000862167,1
easy_041,Easy,BranchBoundMRV,1,4,0.000857208,1
easy_041,Easy,BranchBoundMRV,1,5,0.000874875,1
easy_041,Easy,OpenMP,4,1,0.000789881,1
easy_041,Easy,OpenMP,4,2,0.000776052,1
easy_041,Easy,OpenMP,4,3,0.000777960,1
easy_041,Easy,OpenMP,4,4,0.000771046,1
easy_041,Easy,OpenMP,4,5,0.000788927,1
easy_041,Easy,OpenMP,8,1,0.000793219,1
easy_041,Easy,OpenMP,8,2,0.001668930,1
easy_041,Easy,OpenMP,8,3,0.000821114,1
easy_041,Easy,OpenMP,8,4,0.001687050,1
easy_041,Easy,OpenMP,8,5,0.000790119,1
easy_041,Easy,OpenMP,16,1,0.028810978,1
easy_041,Easy,OpenMP,16,2,0.040886879,1
easy_041,Easy,OpenMP,16,3,0.041470051,1
easy_041,Easy,OpenMP,16,4,0.040664196,1
easy_041,Easy,OpenMP,16,5,0.042176008,1
easy_041,Easy,OMP-BranchBoundMRV,4,1,0.000953913,1
easy_041,Easy,OMP-BranchBoundMRV,4,2,0.000953913,1
easy_041,Easy,OMP-BranchBoundMRV,4,3,0.000950098,1
easy_041,Easy,OMP-BranchBoundMRV,4,4,0.000950098,1
easy_041,Easy,OMP-BranchBoundMRV,4,5,0.000954151,1
easy_041,Easy,OMP-BranchBoundMRV,8,1,0.000973940,1
easy_041,Easy,OMP-BranchBoundMRV,8,2,0.002072811,1
easy_041,Easy,OMP-BranchBoundMRV,8,3,0.002099037,1
easy_041,Easy,OMP-BranchBoundMRV,8,4,0.001312971,1
easy_041,Easy,OMP-BranchBoundMRV,8,5,0.002097845,1
easy_041,Easy,OMP-BranchBoundMRV,16,1,0.019986153,1
easy_041,Easy,OMP-BranchBoundMRV,16,2,0.014949083,1
easy_041,Easy,OMP-BranchBoundMRV,16,3,0.014672041,1
easy_041,Easy,OMP-BranchBoundMRV,16,4,0.021653891,1
easy_041,Easy,OMP-BranchBoundMRV,16,5,0.030632019,1
easy_042,Easy,Serial,1,1,0.001545791,1
easy_042,Easy,Serial,1,2,0.001532500,1
easy_042,Easy,Serial,1,3,0.001543000,1
easy_042,Easy,Serial,1,4,0.001528167,1
easy_042,Easy,Serial,1,5,0.001561625,1
easy_042,Easy,Serial-MRV,1,1,0.001120083,1
easy_042,Easy,Serial-MRV,1,2,0.001168625,1
easy_042,Easy,Serial-MRV,1,3,0.001069292,1
easy_042,Easy,Serial-MRV,1,4,0.001066125,1
easy_042,Easy,Serial-MRV,1,5,0.001091708,1
easy_042,Easy,BranchBound,1,1,0.001346959,1
easy_042,Easy,BranchBound,1,2,0.001367166,1
easy_042,Easy,BranchBound,1,3,0.001384125,1
easy_042,Easy,BranchBound,1,4,0.001313459,1
easy_042,Easy,BranchBound,1,5,0.001331125,1
easy_042,Easy,BranchBoundMRV,1,1,0.001486291,1
easy_042,Easy,BranchBoundMRV,1,2,0.001591042,1
easy_042,Easy,BranchBoundMRV,1,3,0.001468000,1
easy_042,Easy,BranchBoundMRV,1,4,0.001400375,1
easy_042,Easy,BranchBoundMRV,1,5,0.001402708,1
easy_042,Easy,OpenMP,4,1,0.000839949,1
easy_042,Easy,OpenMP,4,2,0.000801802,1
easy_042,Easy,OpenMP,4,3,0.000823021,1
easy_042,Easy,OpenMP,4,4,0.000832081,1
easy_042,Easy,OpenMP,4,5,0.000817060,1
easy_042,Easy,OpenMP,8,1,0.001006126,1
easy_042,Easy,OpenMP,8,2,0.001760960,1
easy_042,Easy,OpenMP,8,3,0.000818968,1
easy_042,Easy,OpenMP,8,4,0.000808954,1
easy_042,Easy,OpenMP,8,5,0.000809908,1
easy_042,Easy,OpenMP,16,1,0.018351078,1
easy_042,Easy,OpenMP,16,2,0.008209944,1
easy_042,Easy,OpenMP,16,3,0.011257887,1
easy_042,Easy,OpenMP,16,4,0.013973951,1
easy_042,Easy,OpenMP,16,5,0.024212837,1
easy_042,Easy,OMP-BranchBoundMRV,4,1,0.001373053,1
easy_042,Easy,OMP-BranchBoundMRV,4,2,0.001148939,1
easy_042,Easy,OMP-BranchBoundMRV,4,3,0.001144886,1
easy_042,Easy,OMP-BranchBoundMRV,4,4,0.001146793,1
easy_042,Easy,OMP-BranchBoundMRV,4,5,0.001152992,1
easy_042,Easy,OMP-BranchBoundMRV,8,1,0.002825975,1
easy_042,Easy,OMP-BranchBoundMRV,8,2,0.001157045,1
easy_042,Easy,OMP-BranchBoundMRV,8,3,0.002460003,1
easy_042,Easy,OMP-BranchBoundMRV,8,4,0.002532959,1
easy_042,Easy,OMP-BranchBoundMRV,8,5,0.001160860,1
easy_042,Easy,OMP-BranchBoundMRV,16,1,0.021239996,1
easy_042,Easy,OMP-BranchBoundMRV,16,2,0.052263021,1
easy_042,Easy,OMP-BranchBoundMRV,16,3,0.023761988,1
easy_042,Easy,OMP-BranchBoundMRV,16,4,0.030725956,1
easy_042,Easy,OMP-BranchBoundMRV,16,5,0.025453091,1
easy_043,Easy,Serial,1,1,0.008026042,1
easy_043,Easy,Serial,1,2,0.007974625,1
easy_043,Easy,Serial,1,3,0.008036041,1
easy_043,Easy,Serial,1,4,0.008135791,1
easy_043,Easy,Serial,1,5,0.008420666,1
easy_043,Easy,Serial-MRV,1,1,0.000856958,1
easy_043,Easy,Serial-MRV,1,2,0.000794541,1
easy_043,Easy,Serial-MRV,1,3,0.000773833,1
easy_043,Easy,Serial-MRV,1,4,0.000751875,1
easy_043,Easy,Serial-MRV,1,5,0.000748792,1
easy_043,Easy,BranchBound,1,1,0.006764084,1
easy_043,Easy,BranchBound,1,2,0.006976458,1
easy_043,Easy,BranchBound,1,3,0.006823125,1
easy_043,Easy,BranchBound,1,4,0.006711291,1
easy_043,Easy,BranchBound,1,5,0.007094334,1
easy_043,Easy,BranchBoundMRV,1,1,0.000997667,1
easy_043,Easy,BranchBoundMRV,1,2,0.001114125,1
easy_043,Easy,BranchBoundMRV,1,3,0.001034333,1
easy_043,Easy,BranchBoundMRV,1,4,0.001009417,1
easy_043,Easy,BranchBoundMRV,1,5,0.000991459,1
easy_043,Easy,OpenMP,4,1,0.000841141,1
easy_043,Easy,OpenMP,4,2,0.000813961,1
easy_043,Easy,OpenMP,4,3,0.000809908,1
easy_043,Easy,OpenMP,4,4,0.000815153,1
easy_043,Easy,OpenMP,4,5,0.000813961,1
easy_043,Easy,OpenMP,8,1,0.004045010,1
easy_043,Easy,OpenMP,8,2,0.000872850,1
easy_043,Easy,OpenMP,8,3,0.000811815,1
easy_043,Easy,OpenMP,8,4,0.000835896,1
easy_043,Easy,OpenMP,8,5,0.000818968,1
easy_043,Easy,OpenMP,16,1,0.056487083,1
easy_043,Easy,OpenMP,16,2,0.011868000,1
easy_043,Easy,OpenMP,16,3,0.007895231,1
easy_043,Easy,OpenMP,16,4,0.030472994,1
easy_043,Easy,OpenMP,16,5,0.010100842,1
easy_043,Easy,OMP-BranchBoundMRV,4,1,0.001104832,1
easy_043,Easy,OMP-BranchBoundMRV,4,2,0.001119852,1
easy_043,Easy,OMP-BranchBoundMRV,4,3,0.001074076,1
easy_043,Easy,OMP-BranchBoundMRV,4,4,0.001070976,1
easy_043,Easy,OMP-BranchBoundMRV,4,5,0.001138210,1
easy_043,Easy,OMP-BranchBoundMRV,8,1,0.001091957,1
easy_043,Easy,OMP-BranchBoundMRV,8,2,0.002415895,1
easy_043,Easy,OMP-BranchBoundMRV,8,3,0.001098156,1
easy_043,Easy,OMP-BranchBoundMRV,8,4,0.001996994,1
easy_043,Easy,OMP-BranchBoundMRV,8,5,0.001073837,1
easy_043,Easy,OMP-BranchBoundMRV,16,1,0.018954039,1
easy_043,Easy,OMP-BranchBoundMRV,16,2,0.020542860,1
easy_043,Easy,OMP-BranchBoundMRV,16,3,0.038614988,1
easy_043,Easy,OMP-BranchBoundMRV,16,4,0.025121927,1
easy_043,Easy,OMP-BranchBoundMRV,16,5,0.030940056,1
easy_044,Easy,Serial,1,1,0.000239833,1
easy_044,Easy,Serial,1,2,0.000223459,1
easy_044,Easy,Serial,1,3,0.000215750,1
easy_044,Easy,Serial,1,4,0.000212084,1
easy_044,Easy,Serial,1,5,0.000212000,1
easy_044,Easy,Serial-MRV,1,1,0.000556208,1
easy_044,Easy,Serial-MRV,1,2,0.000547167,1
easy_044,Easy,Serial-MRV,1,3,0.000546375,1
easy_044,Easy,Serial-MRV,1,4,0.000549208,1
easy_044,Easy,Serial-MRV,1,5,0.000546083,1
easy_044,Easy,BranchBound,1,1,0.000201583,1
easy_044,Easy,BranchBound,1,2,0.000195458,1
easy_044,Easy,BranchBound,1,3,0.000194833,1
easy_044,Easy,BranchBound,1,4,0.000194709,1
easy_044,Easy,BranchBound,1,5,0.000213708,1
easy_044,Easy,BranchBoundMRV,1,1,0.000769709,1
easy_044,Easy,BranchBoundMRV,1,2,0.000759625,1
easy_044,Easy,BranchBoundMRV,1,3,0.000761916,1
easy_044,Easy,BranchBoundMRV,1,4,0.000758375,1
easy_044,Easy,BranchBoundMRV,1,5,0.000758375,1
easy_044,Easy,OpenMP,4,1,0.000612974,1
easy_044,Easy,OpenMP,4,2,0.000597954,1
easy_044,Easy,OpenMP,4,3,0.000663042,1
easy_044,Easy,OpenMP,4,4,0.000601053,1
easy_044,Easy,OpenMP,4,5,0.000612020,1
easy_044,Easy,OpenMP,8,1,0.000616074,1
easy_044,Easy,OpenMP,8,2,0.000596046,1
easy_044,Easy,OpenMP,8,3,0.000612974,1
easy_044,Easy,OpenMP,8,4,0.000600815,1
easy_044,Easy,OpenMP,8,5,0.000648022,1
easy_044,Easy,OpenMP,16,1,0.040343046,1
easy_044,Easy,OpenMP,16,2,0.037402153,1
easy_044,Easy,OpenMP,16,3,0.015929937,1
easy_044,Easy,OpenMP,16,4,0.025885105,1
easy_044,Easy,OpenMP,16,5,0.015715837,1
easy_044,Easy,OMP-BranchBoundMRV,4,1,0.000846863,1
easy_044,Easy,OMP-BranchBoundMRV,4,2,0.000831842,1
easy_044,Easy,OMP-BranchBoundMRV,4,3,0.000825882,1
easy_044,Easy,OMP-BranchBoundMRV,4,4,0.000828981,1
easy_044,Easy,OMP-BranchBoundMRV,4,5,0.000872135,1
easy_044,Easy,OMP-BranchBoundMRV,8,1,0.000844955,1
easy_044,Easy,OMP-BranchBoundMRV,8,2,0.000834942,1
easy_044,Easy,OMP-BranchBoundMRV,8,3,0.001222134,1
easy_044,Easy,OMP-BranchBoundMRV,8,4,0.000839949,1
easy_044,Easy,OMP-BranchBoundMRV,8,5,0.000897169,1
easy_044,Easy,OMP-BranchBoundMRV,16,1,0.027554989,1
easy_044,Easy,OMP-BranchBoundMRV,16,2,0.019245863,1
easy_044,Easy,OMP-BranchBoundMRV,16,3,0.020268917,1
easy_044,Easy,OMP-BranchBoundMRV,16,4,0.027233839,1
easy_044,Easy,OMP-BranchBoundMRV,16,5,0.029205084,1
easy_045,Easy,Serial,1,1,0.001575834,1
easy_045,Easy,Serial,1,2,0.001575583,1
easy_045,Easy,Serial,1,3,0.001594125,1
easy_045,Easy,Serial,1,4,0.001612667,1
easy_045,Easy,Serial,1,5,0.001563083,1
easy_045,Easy,Serial-MRV,1,1,0.000799667,1
easy_045,Easy,Serial-MRV,1,2,0.000773500,1
easy_045,Easy,Serial-MRV,1,3,0.000794500,1
easy_045,Easy,Serial-MRV,1,4,0.000772250,1
easy_045,Easy,Serial-MRV,1,5,0.000772041,1
easy_045,Easy,BranchBound,1,1,0.001406542,1
easy_045,Easy,BranchBound,1,2,0.001403458,1
easy_045,Easy,BranchBound,1,3,0.001461333,1
easy_045,Easy,BranchBound,1,4,0.001399584,1
easy_045,Easy,BranchBound,1,5,0.001402833,1
easy_045,Easy,BranchBoundMRV,1,1,0.001048292,1
easy_045,Easy,BranchBoundMRV,1,2,0.001020792,1
easy_045,Easy,BranchBoundMRV,1,3,0.001013833,1
easy_045,Easy,BranchBoundMRV,1,4,0.001013792,1
easy_045,Easy,BranchBoundMRV,1,5,0.001016292,1
easy_045,Easy,OpenMP,4,1,0.000857115,1
easy_045,Easy,OpenMP,4,2,0.000844002,1
easy_045,Easy,OpenMP,4,3,0.000841856,1
easy_045,Easy,OpenMP,4,4,0.000834942,1
easy_045,Easy,OpenMP,4,5,0.000838995,1
easy_045,Easy,OpenMP,8,1,0.000861883,1
easy_045,Easy,OpenMP,8,2,0.000844002,1
easy_045,Easy,OpenMP,8,3,0.000838995,1
easy_045,Easy,OpenMP,8,4,0.000837088,1
easy_045,Easy,OpenMP,8,5,0.000833035,1
easy_045,Easy,OpenMP,16,1,0.028060913,1
easy_045,Easy,OpenMP,16,2,0.038961887,1
easy_045,Easy,OpenMP,16,3,0.021067858,1
easy_045,Easy,OpenMP,16,4,0.023141146,1
easy_045,Easy,OpenMP,16,5,0.041300058,1
easy_045,Easy,OMP-BranchBoundMRV,4,1,0.001110077,1
easy_045,Easy,OMP-BranchBoundMRV,4,2,0.001115084,1
easy_045,Easy,OMP-BranchBoundMRV,4,3,0.001114130,1
easy_045,Easy,OMP-BranchBoundMRV,4,4,0.001124144,1
easy_045,Easy,OMP-BranchBoundMRV,4,5,0.001111984,1
easy_045,Easy,OMP-BranchBoundMRV,8,1,0.001106024,1
easy_045,Easy,OMP-BranchBoundMRV,8,2,0.001125097,1
easy_045,Easy,OMP-BranchBoundMRV,8,3,0.002449036,1
easy_045,Easy,OMP-BranchBoundMRV,8,4,0.001165152,1
easy_045,Easy,OMP-BranchBoundMRV,8,5,0.001133204,1
easy_045,Easy,OMP-BranchBoundMRV,16,1,0.020620108,1
easy_045,Easy,OMP-BranchBoundMRV,16,2,0.013780832,1
easy_045,Easy,OMP-BranchBoundMRV,16,3,0.024520159,1
easy_045,Easy,OMP-BranchBoundMRV,16,4,0.041254997,1
easy_045,Easy,OMP-BranchBoundMRV,16,5,0.023555040,1
easy_046,Easy,Serial,1,1,0.000558208,1
easy_046,Easy,Serial,1,2,0.000553333,1
easy_046,Easy,Serial,1,3,0.000532041,1
easy_046,Easy,Serial,1,4,0.000532000,1
easy_046,Easy,Serial,1,5,0.000532083,1
easy_046,Easy,Serial-MRV,1,1,0.000749833,1
easy_046,Easy,Serial-MRV,1,2,0.000679500,1
easy_046,Easy,Serial-MRV,1,3,0.000678250,1
easy_046,Easy,Serial-MRV,1,4,0.000674834,1
easy_046,Easy,Serial-MRV,1,5,0.000692333,1
easy_046,Easy,BranchBound,1,1,0.000481250,1
easy_046,Easy,BranchBound,1,2,0.000474416,1
easy_046,Easy,BranchBound,1,3,0.000507792,1
easy_046,Easy,BranchBound,1,4,0.000525625,1
easy_046,Easy,BranchBound,1,5,0.000486667,1
easy_046,Easy,BranchBoundMRV,1,1,0.000831875,1
easy_046,Easy,BranchBoundMRV,1,2,0.000835917,1
easy_046,Easy,BranchBoundMRV,1,3,0.000823875,1
easy_046,Easy,BranchBoundMRV,1,4,0.000820417,1
easy_046,Easy,BranchBoundMRV,1,5,0.000822833,1
easy_046,Easy,OpenMP,4,1,0.000751972,1
easy_046,Easy,OpenMP,4,2,0.000739098,1
easy_046,Easy,OpenMP,4,3,0.000771046,1
easy_046,Easy,OpenMP,4,4,0.000741959,1
easy_046,Easy,OpenMP,4,5,0.000730991,1
easy_046,Easy,OpenMP,8,1,0.000751972,1
easy_046,Easy,OpenMP,8,2,0.000736952,1
easy_046,Easy,OpenMP,8,3,0.000787020,1
easy_046,Easy,OpenMP,8,4,0.000740051,1
easy_046,Easy,OpenMP,8,5,0.000739098,1
easy_046,Easy,OpenMP,16,1,0.079056978,1
easy_046,Easy,OpenMP,16,2,0.036804914,1
easy_046,Easy,OpenMP,16,3,0.058465004,1
easy_046,Easy,OpenMP,16,4,0.032912016,1
easy_046,Easy,OpenMP,16,5,0.013206005,1
easy_046,Easy,OMP-BranchBoundMRV,4,1,0.000905037,1
easy_046,Easy,OMP-BranchBoundMRV,4,2,0.000906229,1
easy_046,Easy,OMP-BranchBoundMRV,4,3,0.000897884,1
easy_046,Easy,OMP-BranchBoundMRV,4,4,0.000898838,1
easy_046,Easy,OMP-BranchBoundMRV,4,5,0.000900984,1
easy_046,Easy,OMP-BranchBoundMRV,8,1,0.000923872,1
easy_046,Easy,OMP-BranchBoundMRV,8,2,0.002028942,1
easy_046,Easy,OMP-BranchBoundMRV,8,3,0.001975060,1
easy_046,Easy,OMP-BranchBoundMRV,8,4,0.001991034,1
easy_046,Easy,OMP-BranchBoundMRV,8,5,0.001974106,1
easy_046,Easy,OMP-BranchBoundMRV,16,1,0.015793085,1
easy_046,Easy,OMP-BranchBoundMRV,16,2,0.033559084,1
easy_046,Easy,OMP-BranchBoundMRV,16,3,0.090789080,1
easy_046,Easy,OMP-BranchBoundMRV,16,4,0.039825916,1
easy_046,Easy,OMP-BranchBoundMRV,16,5,0.028635025,1
easy_047,Easy,Serial,1,1,0.000080916,1
easy_047,Easy,Serial,1,2,0.000074792,1
easy_047,Easy,Serial,1,3,0.000099916,1
easy_047,Easy,Serial,1,4,0.000071084,1
easy_047,Easy,Serial,1,5,0.000070958,1
easy_047,Easy,Serial-MRV,1,1,0.000565917,1
easy_047,Easy,Serial-MRV,1,2,0.000554334,1
easy_047,Easy,Serial-MRV,1,3,0.000604334,1
easy_047,Easy,Serial-MRV,1,4,0.000580333,1
easy_047,Easy,Serial-MRV,1,5,0.000559542,1
easy_047,Easy,BranchBound,1,1,0.000071542,1
easy_047,Easy,BranchBound,1,2,0.000065875,1
easy_047,Easy,BranchBound,1,3,0.000065667,1
easy_047,Easy,BranchBound,1,4,0.000102667,1
easy_047,Easy,BranchBound,1,5,0.000078375,1
easy_047,Easy,BranchBoundMRV,1,1,0.001115833,1
easy_047,Easy,BranchBoundMRV,1,2,0.000829875,1
easy_047,Easy,BranchBoundMRV,1,3,0.000770958,1
easy_047,Easy,BranchBoundMRV,1,4,0.000755000,1
easy_047,Easy,BranchBoundMRV,1,5,0.000750708,1
easy_047,Easy,OpenMP,4,1,0.000631094,1
easy_047,Easy,OpenMP,4,2,0.000611067,1
easy_047,Easy,OpenMP,4,3,0.000605106,1
easy_047,Easy,OpenMP,4,4,0.000597954,1
easy_047,Easy,OpenMP,4,5,0.000638962,1
easy_047,Easy,OpenMP,8,1,0.003439188,1
easy_047,Easy,OpenMP,8,2,0.000612974,1
easy_047,Easy,OpenMP,8,3,0.000604153,1
easy_047,Easy,OpenMP,8,4,0.001312971,1
easy_047,Easy,OpenMP,8,5,0.001374960,1
easy_047,Easy,OpenMP,16,1,0.035480022,1
easy_047,Easy,OpenMP,16,2,0.017658949,1
easy_047,Easy,OpenMP,16,3,0.007526875,1
easy_047,Easy,OpenMP,16,4,0.004456997,1
easy_047,Easy,OpenMP,16,5,0.011307001,1
easy_047,Easy,OMP-BranchBoundMRV,4,1,0.001068830,1
easy_047,Easy,OMP-BranchBoundMRV,4,2,0.000831842,1
easy_047,Easy,OMP-BranchBoundMRV,4,3,0.000820875,1
easy_047,Easy,OMP-BranchBoundMRV,4,4,0.000819921,1
easy_047,Easy,OMP-BranchBoundMRV,4,5,0.000828028,1
easy_047,Easy,OMP-BranchBoundMRV,8,1,0.001224995,1
easy_047,Easy,OMP-BranchBoundMRV,8,2,0.000833988,1
easy_047,Easy,OMP-BranchBoundMRV,8,3,0.000835180,1
easy_047,Easy,OMP-BranchBoundMRV,8,4,0.001895905,1
easy_047,Easy,OMP-BranchBoundMRV,8,5,0.001796007,1
easy_047,Easy,OMP-BranchBoundMRV,16,1,0.056572914,1
easy_047,Easy,OMP-BranchBoundMRV,16,2,0.020595789,1
easy_047,Easy,OMP-BranchBoundMRV,16,3,0.016076088,1
easy_047,Easy,OMP-BranchBoundMRV,16,4,0.020774126,1
easy_047,Easy,OMP-BranchBoundMRV,16,5,0.007148027,1
easy_048,Easy,Serial,1,1,0.211380584,1
easy_048,Easy,Serial,1,2,0.205311750,1
easy_048,Easy,Serial,1,3,0.204522667,1
easy_048,Easy,Serial,1,4,0.203094708,1
easy_048,Easy,Serial,1,5,0.203053625,1
easy_048,Easy,Serial-MRV,1,1,0.001299500,1
easy_048,Easy,Serial-MRV,1,2,0.001157917,1
easy_048,Easy,Serial-MRV,1,3,0.001153833,1
easy_048,Easy,Serial-MRV,1,4,0.001176417,1
easy_048,Easy,Serial-MRV,1,5,0.001153542,1
easy_048,Easy,BranchBound,1,1,0.182856791,1
easy_048,Easy,BranchBound,1,2,0.181693583,1
easy_048,Easy,BranchBound,1,3,0.181034625,1
easy_048,Easy,BranchBound,1,4,0.180891708,1
easy_048,Easy,BranchBound,1,5,0.183553500,1
easy_048,Easy,BranchBoundMRV,1,1,0.001695834,1
easy_048,Easy,BranchBoundMRV,1,2,0.001675792,1
easy_048,Easy,BranchBoundMRV,1,3,0.001676084,1
easy_048,Easy,BranchBoundMRV,1,4,0.001720083,1
easy_048,Easy,BranchBoundMRV,1,5,0.001910792,1
easy_048,Easy,OpenMP,4,1,0.001353025,1
easy_048,Easy,OpenMP,4,2,0.001246929,1
easy_048,Easy,OpenMP,4,3,0.001245975,1
easy_048,Easy,OpenMP,4,4,0.001245975,1
easy_048,Easy,OpenMP,4,5,0.001240969,1
easy_048,Easy,OpenMP,8,1,0.002851963,1
easy_048,Easy,OpenMP,8,2,0.002856016,1
easy_048,Easy,OpenMP,8,3,0.001262188,1
easy_048,Easy,OpenMP,8,4,0.001286983,1
easy_048,Easy,OpenMP,8,5,0.002846956,1
easy_048,Easy,OpenMP,16,1,0.009831190,1
easy_048,Easy,OpenMP,16,2,0.011856079,1
easy_048,Easy,OpenMP,16,3,0.008213997,1
easy_048,Easy,OpenMP,16,4,0.006786108,1
easy_048,Easy,OpenMP,16,5,0.010687113,1
easy_048,Easy,OMP-BranchBoundMRV,4,1,0.002123117,1
easy_048,Easy,OMP-BranchBoundMRV,4,2,0.001850128,1
easy_048,Easy,OMP-BranchBoundMRV,4,3,0.001802921,1
easy_048,Easy,OMP-BranchBoundMRV,4,4,0.001795053,1
easy_048,Easy,OMP-BranchBoundMRV,4,5,0.001809120,1
easy_048,Easy,OMP-BranchBoundMRV,8,1,0.007292986,1
easy_048,Easy,OMP-BranchBoundMRV,8,2,0.001991034,1
easy_048,Easy,OMP-BranchBoundMRV,8,3,0.010241985,1
easy_048,Easy,OMP-BranchBoundMRV,8,4,0.010507107,1
easy_048,Easy,OMP-BranchBoundMRV,8,5,0.010149002,1
easy_048,Easy,OMP-BranchBoundMRV,16,1,0.012109995,1
easy_048,Easy,OMP-BranchBoundMRV,16,2,0.004889965,1
easy_048,Easy,OMP-BranchBoundMRV,16,3,0.004096985,1
easy_048,Easy,OMP-BranchBoundMRV,16,4,0.007143021,1
easy_048,Easy,OMP-BranchBoundMRV,16,5,0.018092155,1
easy_049,Easy,Serial,1,1,0.001963291,1
easy_049,Easy,Serial,1,2,0.001830375,1
easy_049,Easy,Serial,1,3,0.001922167,1
easy_049,Easy,Serial,1,4,0.001820708,1
easy_049,Easy,Serial,1,5,0.001817542,1
easy_049,Easy,Serial-MRV,1,1,0.000779875,1
easy_049,Easy,Serial-MRV,1,2,0.000738709,1
easy_049,Easy,Serial-MRV,1,3,0.000737584,1
easy_049,Easy,Serial-MRV,1,4,0.000740709,1
easy_049,Easy,Serial-MRV,1,5,0.000748916,1
easy_049,Easy,BranchBound,1,1,0.001568625,1
easy_049,Easy,BranchBound,1,2,0.001561916,1
easy_049,Easy,BranchBound,1,3,0.001604208,1
easy_049,Easy,BranchBound,1,4,0.001553000,1
easy_049,Easy,BranchBound,1,5,0.001621291,1
easy_049,Easy,BranchBoundMRV,1,1,0.001077417,1
easy_049,Easy,BranchBoundMRV,1,2,0.001007083,1
easy_049,Easy,BranchBoundMRV,1,3,0.001013167,1
easy_049,Easy,BranchBoundMRV,1,4,0.001005375,1
easy_049,Easy,BranchBoundMRV,1,5,0.001002084,1
easy_049,Easy,OpenMP,4,1,0.000802994,1
easy_049,Easy,OpenMP,4,2,0.000786066,1
easy_049,Easy,OpenMP,4,3,0.000783920,1
easy_049,Easy,OpenMP,4,4,0.000784874,1
easy_049,Easy,OpenMP,4,5,0.000801802,1
easy_049,Easy,OpenMP,8,1,0.000792027,1
easy_049,Easy,OpenMP,8,2,0.002501011,1
easy_049,Easy,OpenMP,8,3,0.002225876,1
easy_049,Easy,OpenMP,8,4,0.001334190,1
easy_049,Easy,OpenMP,8,5,0.001837969,1
easy_049,Easy,OpenMP,16,1,0.019386053,1
easy_049,Easy,OpenMP,16,2,0.056784868,1
easy_049,Easy,OpenMP,16,3,0.008228064,1
easy_049,Easy,OpenMP,16,4,0.010233164,1
easy_049,Easy,OpenMP,16,5,0.016850948,1
easy_049,Easy,OMP-BranchBoundMRV,4,1,0.001157999,1
easy_049,Easy,OMP-BranchBoundMRV,4,2,0.001101971,1
easy_049,Easy,OMP-BranchBoundMRV,4,3,0.001137972,1
easy_049,Easy,OMP-BranchBoundMRV,4,4,0.001131058,1
easy_049,Easy,OMP-BranchBoundMRV,4,5,0.001106977,1
easy_049,Easy,OMP-BranchBoundMRV,8,1,0.001106977,1
easy_049,Easy,OMP-BranchBoundMRV,8,2,0.001097202,1
easy_049,Easy,OMP-BranchBoundMRV,8,3,0.001097918,1
easy_049,Easy,OMP-BranchBoundMRV,8,4,0.001099825,1
easy_049,Easy,OMP-BranchBoundMRV,8,5,0.001101971,1
easy_049,Easy,OMP-BranchBoundMRV,16,1,0.008622885,1
easy_049,Easy,OMP-BranchBoundMRV,16,2,0.018929958,1
easy_049,Easy,OMP-BranchBoundMRV,16,3,0.023714066,1
easy_049,Easy,OMP-BranchBoundMRV,16,4,0.037095070,1
easy_049,Easy,OMP-BranchBoundMRV,16,5,0.022808075,1
easy_050,Easy,Serial,1,1,0.000205750,1
easy_050,Easy,Serial,1,2,0.000183916,1
easy_050,Easy,Serial,1,3,0.000183458,1
easy_050,Easy,Serial,1,4,0.000174834,1
easy_050,Easy,Serial,1,5,0.000174833,1
easy_050,Easy,Serial-MRV,1,1,0.000639417,1
easy_050,Easy,Serial-MRV,1,2,0.000630459,1
easy_050,Easy,Serial-MRV,1,3,0.000626042,1
easy_050,Easy,Serial-MRV,1,4,0.000625917,1
easy_050,Easy,Serial-MRV,1,5,0.000628917,1
easy_050,Easy,BranchBound,1,1,0.000140583,1
easy_050,Easy,BranchBound,1,2,0.000135375,1
easy_050,Easy,BranchBound,1,3,0.000135083,1
easy_050,Easy,BranchBound,1,4,0.000134666,1
easy_050,Easy,BranchBound,1,5,0.000134750,1
easy_050,Easy,BranchBoundMRV,1,1,0.000853500,1
easy_050,Easy,BranchBoundMRV,1,2,0.000840292,1
easy_050,Easy,BranchBoundMRV,1,3,0.000862583,1
easy_050,Easy,BranchBoundMRV,1,4,0.000845708,1
easy_050,Easy,BranchBoundMRV,1,5,0.000835750,1
easy_050,Easy,OpenMP,4,1,0.000701904,1
easy_050,Easy,OpenMP,4,2,0.000680208,1
easy_050,Easy,OpenMP,4,3,0.000677109,1
easy_050,Easy,OpenMP,4,4,0.000678062,1
easy_050,Easy,OpenMP,4,5,0.000709057,1
easy_050,Easy,OpenMP,8,1,0.000693083,1
easy_050,Easy,OpenMP,8,2,0.001116037,1
easy_050,Easy,OpenMP,8,3,0.000682831,1
easy_050,Easy,OpenMP,8,4,0.000686884,1
easy_050,Easy,OpenMP,8,5,0.000684977,1
easy_050,Easy,OpenMP,16,1,0.026520014,1
easy_050,Easy,OpenMP,16,2,0.044216156,1
easy_050,Easy,OpenMP,16,3,0.022970915,1
easy_050,Easy,OpenMP,16,4,0.022027969,1
easy_050,Easy,OpenMP,16,5,0.020921946,1
easy_050,Easy,OMP-BranchBoundMRV,4,1,0.000948906,1
easy_050,Easy,OMP-BranchBoundMRV,4,2,0.000941992,1
easy_050,Easy,OMP-BranchBoundMRV,4,3,0.000931025,1
easy_050,Easy,OMP-BranchBoundMRV,4,4,0.000924110,1
easy_050,Easy,OMP-BranchBoundMRV,4,5,0.000931978,1
easy_050,Easy,OMP-BranchBoundMRV,8,1,0.000921965,1
easy_050,Easy,OMP-BranchBoundMRV,8,2,0.000926971,1
easy_050,Easy,OMP-BranchBoundMRV,8,3,0.000934839,1
easy_050,Easy,OMP-BranchBoundMRV,8,4,0.000993013,1
easy_050,Easy,OMP-BranchBoundMRV,8,5,0.002119064,1
easy_050,Easy,OMP-BranchBoundMRV,16,1,0.033035994,1
easy_050,Easy,OMP-BranchBoundMRV,16,2,0.020457983,1
easy_050,Easy,OMP-BranchBoundMRV,16,3,0.014649868,1
easy_050,Easy,OMP-BranchBoundMRV,16,4,0.023764849,1
easy_050,Easy,OMP-BranchBoundMRV,16,5,0.020582914,1
easy_051,Easy,Serial,1,1,0.000054458,1
easy_051,Easy,Serial,1,2,0.000047042,1
easy_051,Easy,Serial,1,3,0.000046000,1
easy_051,Easy,Serial,1,4,0.000045500,1
easy_051,Easy,Serial,1,5,0.000045459,1
easy_051,Easy,Serial-MRV,1,1,0.000490750,1
easy_051,Easy,Serial-MRV,1,2,0.000486917,1
easy_051,Easy,Serial-MRV,1,3,0.000517625,1
easy_051,Easy,Serial-MRV,1,4,0.000564209,1
easy_051,Easy,Serial-MRV,1,5,0.000483667,1
easy_051,Easy,BranchBound,1,1,0.000043250,1
easy_051,Easy,BranchBound,1,2,0.000038750,1
easy_051,Easy,BranchBound,1,3,0.000038417,1
easy_051,Easy,BranchBound,1,4,0.000038292,1
easy_051,Easy,BranchBound,1,5,0.000038083,1
easy_051,Easy,BranchBoundMRV,1,1,0.000650750,1
easy_051,Easy,BranchBoundMRV,1,2,0.000643375,1
easy_051,Easy,BranchBoundMRV,1,3,0.000645958,1
easy_051,Easy,BranchBoundMRV,1,4,0.000641584,1
easy_051,Easy,BranchBoundMRV,1,5,0.000642458,1
easy_051,Easy,OpenMP,4,1,0.000549078,1
easy_051,Easy,OpenMP,4,2,0.000533104,1
easy_051,Easy,OpenMP,4,3,0.000530005,1
easy_051,Easy,OpenMP,4,4,0.000527859,1
easy_051,Easy,OpenMP,4,5,0.000530005,1
easy_051,Easy,OpenMP,8,1,0.000554085,1
easy_051,Easy,OpenMP,8,2,0.000528097,1
easy_051,Easy,OpenMP,8,3,0.000533104,1
easy_051,Easy,OpenMP,8,4,0.000535011,1
easy_051,Easy,OpenMP,8,5,0.000593901,1
easy_051,Easy,OpenMP,16,1,0.020995855,1
easy_051,Easy,OpenMP,16,2,0.049217939,1
easy_051,Easy,OpenMP,16,3,0.042696953,1
easy_051,Easy,OpenMP,16,4,0.037250042,1
easy_051,Easy,OpenMP,16,5,0.020802021,1
easy_051,Easy,OMP-BranchBoundMRV,4,1,0.000720024,1
easy_051,Easy,OMP-BranchBoundMRV,4,2,0.000705957,1
easy_051,Easy,OMP-BranchBoundMRV,4,3,0.000710011,1
easy_051,Easy,OMP-BranchBoundMRV,4,4,0.000715971,1
easy_051,Easy,OMP-BranchBoundMRV,4,5,0.000713110,1
easy_051,Easy,OMP-BranchBoundMRV,8,1,0.001549006,1
easy_051,Easy,OMP-BranchBoundMRV,8,2,0.000709057,1
easy_051,Easy,OMP-BranchBoundMRV,8,3,0.001543999,1
easy_051,Easy,OMP-BranchBoundMRV,8,4,0.000764847,1
easy_051,Easy,OMP-BranchBoundMRV,8,5,0.000705957,1
easy_051,Easy,OMP-BranchBoundMRV,16,1,0.030941010,1
easy_051,Easy,OMP-BranchBoundMRV,16,2,0.030568123,1
easy_051,Easy,OMP-BranchBoundMRV,16,3,0.030467033,1
easy_051,Easy,OMP-BranchBoundMRV,16,4,0.031174898,1
easy_051,Easy,OMP-BranchBoundMRV,16,5,0.040338993,1
easy_052,Easy,Serial,1,1,0.000420166,1
easy_052,Easy,Serial,1,2,0.000412500,1
easy_052,Easy,Serial,1,3,0.000412125,1
easy_052,Easy,Serial,1,4,0.000412042,1
easy_052,Easy,Serial,1,5,0.000412042,1
easy_052,Easy,Serial-MRV,1,1,0.000454166,1
easy_052,Easy,Serial-MRV,1,2,0.000448791,1
easy_052,Easy,Serial-MRV,1,3,0.000447875,1
easy_052,Easy,Serial-MRV,1,4,0.000447417,1
easy_052,Easy,Serial-MRV,1,5,0.000447375,1
easy_052,Easy,BranchBound,1,1,0.000359709,1
easy_052,Easy,BranchBound,1,2,0.000335083,1
easy_052,Easy,BranchBound,1,3,0.000334250,1
easy_052,Easy,BranchBound,1,4,0.000356834,1
easy_052,Easy,BranchBound,1,5,0.000334375,1
easy_052,Easy,BranchBoundMRV,1,1,0.000685292,1
easy_052,Easy,BranchBoundMRV,1,2,0.000656500,1
easy_052,Easy,BranchBoundMRV,1,3,0.000652250,1
easy_052,Easy,BranchBoundMRV,1,4,0.000651834,1
easy_052,Easy,BranchBoundMRV,1,5,0.000654917,1
easy_052,Easy,OpenMP,4,1,0.000513077,1
easy_052,Easy,OpenMP,4,2,0.000497103,1
easy_052,Easy,OpenMP,4,3,0.000494003,1
easy_052,Easy,OpenMP,4,4,0.000500917,1
easy_052,Easy,OpenMP,4,5,0.000499964,1
easy_052,Easy,OpenMP,8,1,0.000515938,1
easy_052,Easy,OpenMP,8,2,0.001103163,1
easy_052,Easy,OpenMP,8,3,0.001070976,1
easy_052,Easy,OpenMP,8,4,0.000487089,1
easy_052,Easy,OpenMP,8,5,0.000496149,1
easy_052,Easy,OpenMP,16,1,0.019179106,1
easy_052,Easy,OpenMP,16,2,0.028726101,1
easy_052,Easy,OpenMP,16,3,0.022583008,1
easy_052,Easy,OpenMP,16,4,0.028443098,1
easy_052,Easy,OpenMP,16,5,0.026639938,1
easy_052,Easy,OMP-BranchBoundMRV,4,1,0.000743866,1
easy_052,Easy,OMP-BranchBoundMRV,4,2,0.000720024,1
easy_052,Easy,OMP-BranchBoundMRV,4,3,0.000717878,1
easy_052,Easy,OMP-BranchBoundMRV,4,4,0.000730038,1
easy_052,Easy,OMP-BranchBoundMRV,4,5,0.000710011,1
easy_052,Easy,OMP-BranchBoundMRV,8,1,0.000732899,1
easy_052,Easy,OMP-BranchBoundMRV,8,2,0.000818968,1
easy_052,Easy,OMP-BranchBoundMRV,8,3,0.000723124,1
easy_052,Easy,OMP-BranchBoundMRV,8,4,0.000721931,1
easy_052,Easy,OMP-BranchBoundMRV,8,5,0.001611948,1
easy_052,Easy,OMP-BranchBoundMRV,16,1,0.025769949,1
easy_052,Easy,OMP-BranchBoundMRV,16,2,0.052451849,1
easy_052,Easy,OMP-BranchBoundMRV,16,3,0.021969080,1
easy_052,Easy,OMP-BranchBoundMRV,16,4,0.021337032,1
easy_052,Easy,OMP-BranchBoundMRV,16,5,0.037485838,1
easy_053,Easy,Serial,1,1,0.000129375,1
easy_053,Easy,Serial,1,2,0.000121333,1
easy_053,Easy,Serial,1,3,0.000120708,1
easy_053,Easy,Serial,1,4,0.000120916,1
easy_053,Easy,Serial,1,5,0.000127959,1
easy_053,Easy,Serial-MRV,1,1,0.000676541,1
easy_053,Easy,Serial-MRV,1,2,0.000658958,1
easy_053,Easy,Serial-MRV,1,3,0.000661083,1
easy_053,Easy,Serial-MRV,1,4,0.000658042,1
easy_053,Easy,Serial-MRV,1,5,0.000657125,1
easy_053,Easy,BranchBound,1,1,0.000108791,1
easy_053,Easy,BranchBound,1,2,0.000103042,1
easy_053,Easy,BranchBound,1,3,0.000102583,1
easy_053,Easy,BranchBound,1,4,0.000105542,1
easy_053,Easy,BranchBound,1,5,0.000102334,1
easy_053,Easy,BranchBoundMRV,1,1,0.000823833,1
easy_053,Easy,BranchBoundMRV,1,2,0.000740416,1
easy_053,Easy,BranchBoundMRV,1,3,0.000740833,1
easy_053,Easy,BranchBoundMRV,1,4,0.000741292,1
easy_053,Easy,BranchBoundMRV,1,5,0.000854083,1
easy_053,Easy,OpenMP,4,1,0.000760078,1
easy_053,Easy,OpenMP,4,2,0.000797033,1
easy_053,Easy,OpenMP,4,3,0.000763893,1
easy_053,Easy,OpenMP,4,4,0.000719786,1
easy_053,Easy,OpenMP,4,5,0.000714064,1
easy_053,Easy,OpenMP,8,1,0.000855923,1
easy_053,Easy,OpenMP,8,2,0.000779867,1
easy_053,Easy,OpenMP,8,3,0.000753880,1
easy_053,Easy,OpenMP,8,4,0.001607180,1
easy_053,Easy,OpenMP,8,5,0.000736952,1
easy_053,Easy,OpenMP,16,1,0.030743837,1
easy_053,Easy,OpenMP,16,2,0.024759054,1
easy_053,Easy,OpenMP,16,3,0.024452925,1
easy_053,Easy,OpenMP,16,4,0.019479990,1
easy_053,Easy,OpenMP,16,5,0.013123989,1
easy_053,Easy,OMP-BranchBoundMRV,4,1,0.000815153,1
easy_053,Easy,OMP-BranchBoundMRV,4,2,0.000818968,1
easy_053,Easy,OMP-BranchBoundMRV,4,3,0.000896931,1
easy_053,Easy,OMP-BranchBoundMRV,4,4,0.000813007,1
easy_053,Easy,OMP-BranchBoundMRV,4,5,0.000821829,1
easy_053,Easy,OMP-BranchBoundMRV,8,1,0.000818014,1
easy_053,Easy,OMP-BranchBoundMRV,8,2,0.001808882,1
easy_053,Easy,OMP-BranchBoundMRV,8,3,0.002054930,1
easy_053,Easy,OMP-BranchBoundMRV,8,4,0.000801086,1
easy_053,Easy,OMP-BranchBoundMRV,8,5,0.000835180,1
easy_053,Easy,OMP-BranchBoundMRV,16,1,0.017230034,1
easy_053,Easy,OMP-BranchBoundMRV,16,2,0.019511223,1
easy_053,Easy,OMP-BranchBoundMRV,16,3,0.026735067,1
easy_053,Easy,OMP-BranchBoundMRV,16,4,0.024604797,1
easy_053,Easy,OMP-BranchBoundMRV,16,5,0.020771027,1
easy_054,Easy,Serial,1,1,0.000787875,1
easy_054,Easy,Serial,1,2,0.000751625,1
easy_054,Easy,Serial,1,3,0.000751125,1
easy_054,Easy,Serial,1,4,0.000747708,1
easy_054,Easy,Serial,1,5,0.000747958,1
easy_054,Easy,Serial-MRV,1,1,0.000735792,1
easy_054,Easy,Serial-MRV,1,2,0.000729750,1
easy_054,Easy,Serial-MRV,1,3,0.000728625,1
easy_054,Easy,Serial-MRV,1,4,0.000769083,1
easy_054,Easy,Serial-MRV,1,5,0.000727791,1
easy_054,Easy,BranchBound,1,1,0.000663833,1
easy_054,Easy,BranchBound,1,2,0.000696583,1
easy_054,Easy,BranchBound,1,3,0.000744792,1
easy_054,Easy,BranchBound,1,4,0.000669500,1
easy_054,Easy,BranchBound,1,5,0.000684959,1
easy_054,Easy,BranchBoundMRV,1,1,0.000850208,1
easy_054,Easy,BranchBoundMRV,1,2,0.000838084,1
easy_054,Easy,BranchBoundMRV,1,3,0.000845333,1
easy_054,Easy,BranchBoundMRV,1,4,0.000837334,1
easy_054,Easy,BranchBoundMRV,1,5,0.000869042,1
easy_054,Easy,OpenMP,4,1,0.000807047,1
easy_054,Easy,OpenMP,4,2,0.000791073,1
easy_054,Easy,OpenMP,4,3,0.000792027,1
easy_054,Easy,OpenMP,4,4,0.000784874,1
easy_054,Easy,OpenMP,4,5,0.000787020,1
easy_054,Easy,OpenMP,8,1,0.000813007,1
easy_054,Easy,OpenMP,8,2,0.000787020,1
easy_054,Easy,OpenMP,8,3,0.000803947,1
easy_054,Easy,OpenMP,8,4,0.000802994,1
easy_054,Easy,OpenMP,8,5,0.000794888,1
easy_054,Easy,OpenMP,16,1,0.116616011,1
easy_054,Easy,OpenMP,16,2,0.040348053,1
easy_054,Easy,OpenMP,16,3,0.033287048,1
easy_054,Easy,OpenMP,16,4,0.031100988,1
easy_054,Easy,OpenMP,16,5,0.022184849,1
easy_054,Easy,OMP-BranchBoundMRV,4,1,0.000921965,1
easy_054,Easy,OMP-BranchBoundMRV,4,2,0.000922918,1
easy_054,Easy,OMP-BranchBoundMRV,4,3,0.000914812,1
easy_054,Easy,OMP-BranchBoundMRV,4,4,0.000922918,1
easy_054,Easy,OMP-BranchBoundMRV,4,5,0.000908136,1
easy_054,Easy,OMP-BranchBoundMRV,8,1,0.000926018,1
easy_054,Easy,OMP-BranchBoundMRV,8,2,0.001389980,1
easy_054,Easy,OMP-BranchBoundMRV,8,3,0.002063990,1
easy_054,Easy,OMP-BranchBoundMRV,8,4,0.000946045,1
easy_054,Easy,OMP-BranchBoundMRV,8,5,0.000910997,1
easy_054,Easy,OMP-BranchBoundMRV,16,1,0.013513088,1
easy_054,Easy,OMP-BranchBoundMRV,16,2,0.123831034,1
easy_054,Easy,OMP-BranchBoundMRV,16,3,0.046880960,1
easy_054,Easy,OMP-BranchBoundMRV,16,4,0.029524088,1
easy_054,Easy,OMP-BranchBoundMRV,16,5,0.021893024,1
easy_055,Easy,Serial,1,1,0.009096584,1
easy_055,Easy,Serial,1,2,0.009254917,1
easy_055,Easy,Serial,1,3,0.009130917,1
easy_055,Easy,Serial,1,4,0.009270750,1
easy_055,Easy,Serial,1,5,0.009325500,1
easy_055,Easy,Serial-MRV,1,1,0.000808792,1
easy_055,Easy,Serial-MRV,1,2,0.000784333,1
easy_055,Easy,Serial-MRV,1,3,0.000813458,1
easy_055,Easy,Serial-MRV,1,4,0.000784458,1
easy_055,Easy,Serial-MRV,1,5,0.000806875,1
easy_055,Easy,BranchBound,1,1,0.008095041,1
easy_055,Easy,BranchBound,1,2,0.008097958,1
easy_055,Easy,BranchBound,1,3,0.008000875,1
easy_055,Easy,BranchBound,1,4,0.008137375,1
easy_055,Easy,BranchBound,1,5,0.008050792,1
easy_055,Easy,BranchBoundMRV,1,1,0.001197542,1
easy_055,Easy,BranchBoundMRV,1,2,0.001178417,1
easy_055,Easy,BranchBoundMRV,1,3,0.001176625,1
easy_055,Easy,BranchBoundMRV,1,4,0.001176625,1
easy_055,Easy,BranchBoundMRV,1,5,0.001261541,1
easy_055,Easy,OpenMP,4,1,0.000864029,1
easy_055,Easy,OpenMP,4,2,0.000842094,1
easy_055,Easy,OpenMP,4,3,0.000839233,1
easy_055,Easy,OpenMP,4,4,0.000856876,1
easy_055,Easy,OpenMP,4,5,0.000847101,1
easy_055,Easy,OpenMP,8,1,0.000857830,1
easy_055,Easy,OpenMP,8,2,0.001924992,1
easy_055,Easy,OpenMP,8,3,0.000848055,1
easy_055,Easy,OpenMP,8,4,0.000840902,1
easy_055,Easy,OpenMP,8,5,0.000905991,1
easy_055,Easy,OpenMP,16,1,0.015473843,1
easy_055,Easy,OpenMP,16,2,0.038269997,1
easy_055,Easy,OpenMP,16,3,0.030267000,1
easy_055,Easy,OpenMP,16,4,0.034074068,1
easy_055,Easy,OpenMP,16,5,0.022870064,1
easy_055,Easy,OMP-BranchBoundMRV,4,1,0.001280069,1
easy_055,Easy,OMP-BranchBoundMRV,4,2,0.001256943,1
easy_055,Easy,OMP-BranchBoundMRV,4,3,0.001250029,1
easy_055,Easy,OMP-BranchBoundMRV,4,4,0.001245022,1
easy_055,Easy,OMP-BranchBoundMRV,4,5,0.001245975,1
easy_055,Easy,OMP-BranchBoundMRV,8,1,0.001430988,1
easy_055,Easy,OMP-BranchBoundMRV,8,2,0.001281977,1
easy_055,Easy,OMP-BranchBoundMRV,8,3,0.002791882,1
easy_055,Easy,OMP-BranchBoundMRV,8,4,0.001272917,1
easy_055,Easy,OMP-BranchBoundMRV,8,5,0.001320839,1
easy_055,Easy,OMP-BranchBoundMRV,16,1,0.020139933,1
easy_055,Easy,OMP-BranchBoundMRV,16,2,0.013131857,1
easy_055,Easy,OMP-BranchBoundMRV,16,3,0.020205975,1
easy_055,Easy,OMP-BranchBoundMRV,16,4,0.024064779,1
easy_055,Easy,OMP-BranchBoundMRV,16,5,0.020161867,1
easy_056,Easy,Serial,1,1,0.094230833,1
easy_056,Easy,Serial,1,2,0.094751583,1
easy_056,Easy,Serial,1,3,0.095971041,1
easy_056,Easy,Serial,1,4,0.099624667,1
easy_056,Easy,Serial,1,5,0.099788458,1
easy_056,Easy,Serial-MRV,1,1,0.000723625,1
easy_056,Easy,Serial-MRV,1,2,0.000720584,1
easy_056,Easy,Serial-MRV,1,3,0.000720042,1
easy_056,Easy,Serial-MRV,1,4,0.000719667,1
easy_056,Easy,Serial-MRV,1,5,0.000719875,1
easy_056,Easy,BranchBound,1,1,0.084209375,1
easy_056,Easy,BranchBound,1,2,0.079106750,1
easy_056,Easy,BranchBound,1,3,0.077018000,1
easy_056,Easy,BranchBound,1,4,0.076591750,1
easy_056,Easy,BranchBound,1,5,0.076616959,1
easy_056,Easy,BranchBoundMRV,1,1,0.001058625,1
easy_056,Easy,BranchBoundMRV,1,2,0.001031208,1
easy_056,Easy,BranchBoundMRV,1,3,0.001017375,1
easy_056,Easy,BranchBoundMRV,1,4,0.001029167,1
easy_056,Easy,BranchBoundMRV,1,5,0.001017333,1
easy_056,Easy,OpenMP,4,1,0.000761032,1
easy_056,Easy,OpenMP,4,2,0.000763893,1
easy_056,Easy,OpenMP,4,3,0.000743866,1
easy_056,Easy,OpenMP,4,4,0.000737906,1
easy_056,Easy,OpenMP,4,5,0.000746012,1
easy_056,Easy,OpenMP,8,1,0.000761986,1
easy_056,Easy,OpenMP,8,2,0.000800848,1
easy_056,Easy,OpenMP,8,3,0.000746012,1
easy_056,Easy,OpenMP,8,4,0.000748158,1
easy_056,Easy,OpenMP,8,5,0.000789165,1
easy_056,Easy,OpenMP,16,1,0.018342018,1
easy_056,Easy,OpenMP,16,2,0.050199032,1
easy_056,Easy,OpenMP,16,3,0.029600143,1
easy_056,Easy,OpenMP,16,4,0.031126976,1
easy_056,Easy,OpenMP,16,5,0.046700001,1
easy_056,Easy,OMP-BranchBoundMRV,4,1,0.001134872,1
easy_056,Easy,OMP-BranchBoundMRV,4,2,0.001111031,1
easy_056,Easy,OMP-BranchBoundMRV,4,3,0.001106024,1
easy_056,Easy,OMP-BranchBoundMRV,4,4,0.001104116,1
easy_056,Easy,OMP-BranchBoundMRV,4,5,0.001106977,1
easy_056,Easy,OMP-BranchBoundMRV,8,1,0.001108885,1
easy_056,Easy,OMP-BranchBoundMRV,8,2,0.001115084,1
easy_056,Easy,OMP-BranchBoundMRV,8,3,0.001136065,1
easy_056,Easy,OMP-BranchBoundMRV,8,4,0.001111031,1
easy_056,Easy,OMP-BranchBoundMRV,8,5,0.002367020,1
easy_056,Easy,OMP-BranchBoundMRV,16,1,0.043538809,1
easy_056,Easy,OMP-BranchBoundMRV,16,2,0.028991938,1
easy_056,Easy,OMP-BranchBoundMRV,16,3,0.035634995,1
easy_056,Easy,OMP-BranchBoundMRV,16,4,0.053256989,1
easy_056,Easy,OMP-BranchBoundMRV,16,5,0.021126032,1
easy_057,Easy,Serial,1,1,0.005439584,1
easy_057,Easy,Serial,1,2,0.005379167,1
easy_057,Easy,Serial,1,3,0.005365959,1
easy_057,Easy,Serial,1,4,0.005473917,1
easy_057,Easy,Serial,1,5,0.005375875,1
easy_057,Easy,Serial-MRV,1,1,0.000680416,1
easy_057,Easy,Serial-MRV,1,2,0.000670375,1
easy_057,Easy,Serial-MRV,1,3,0.000718542,1
easy_057,Easy,Serial-MRV,1,4,0.000667750,1
easy_057,Easy,Serial-MRV,1,5,0.000667833,1
easy_057,Easy,BranchBound,1,1,0.004984791,1
easy_057,Easy,BranchBound,1,2,0.004875208,1
easy_057,Easy,BranchBound,1,3,0.004918625,1
easy_057,Easy,BranchBound,1,4,0.004887208,1
easy_057,Easy,BranchBound,1,5,0.004915875,1
easy_057,Easy,BranchBoundMRV,1,1,0.000974000,1
easy_057,Easy,BranchBoundMRV,1,2,0.000971458,1
easy_057,Easy,BranchBoundMRV,1,3,0.000970958,1
easy_057,Easy,BranchBoundMRV,1,4,0.000970375,1
easy_057,Easy,BranchBoundMRV,1,5,0.000993417,1
easy_057,Easy,OpenMP,4,1,0.000748873,1
easy_057,Easy,OpenMP,4,2,0.000735044,1
easy_057,Easy,OpenMP,4,3,0.000745058,1
easy_057,Easy,OpenMP,4,4,0.000735998,1
easy_057,Easy,OpenMP,4,5,0.000730038,1
easy_057,Easy,OpenMP,8,1,0.000749111,1
easy_057,Easy,OpenMP,8,2,0.001614094,1
easy_057,Easy,OpenMP,8,3,0.000734091,1
easy_057,Easy,OpenMP,8,4,0.000835180,1
easy_057,Easy,OpenMP,8,5,0.001605988,1
easy_057,Easy,OpenMP,16,1,0.030554056,1
easy_057,Easy,OpenMP,16,2,0.018092155,1
easy_057,Easy,OpenMP,16,3,0.021957159,1
easy_057,Easy,OpenMP,16,4,0.049812078,1
easy_057,Easy,OpenMP,16,5,0.030081987,1
easy_057,Easy,OMP-BranchBoundMRV,4,1,0.001082182,1
easy_057,Easy,OMP-BranchBoundMRV,4,2,0.001059055,1
easy_057,Easy,OMP-BranchBoundMRV,4,3,0.001051903,1
easy_057,Easy,OMP-BranchBoundMRV,4,4,0.001083851,1
easy_057,Easy,OMP-BranchBoundMRV,4,5,0.001054049,1
easy_057,Easy,OMP-BranchBoundMRV,8,1,0.001080990,1
easy_057,Easy,OMP-BranchBoundMRV,8,2,0.001073837,1
easy_057,Easy,OMP-BranchBoundMRV,8,3,0.001064062,1
easy_057,Easy,OMP-BranchBoundMRV,8,4,0.001106977,1
easy_057,Easy,OMP-BranchBoundMRV,8,5,0.002319098,1
easy_057,Easy,OMP-BranchBoundMRV,16,1,0.035382032,1
easy_057,Easy,OMP-BranchBoundMRV,16,2,0.020722151,1
easy_057,Easy,OMP-BranchBoundMRV,16,3,0.020452976,1
easy_057,Easy,OMP-BranchBoundMRV,16,4,0.030704975,1
easy_057,Easy,OMP-BranchBoundMRV,16,5,0.026335001,1
easy_058,Easy,Serial,1,1,0.000123125,1
easy_058,Easy,Serial,1,2,0.000097459,1
easy_058,Easy,Serial,1,3,0.000095792,1
easy_058,Easy,Serial,1,4,0.000095583,1
easy_058,Easy,Serial,1,5,0.000096041,1
easy_058,Easy,Serial-MRV,1,1,0.000450500,1
easy_058,Easy,Serial-MRV,1,2,0.000446125,1
easy_058,Easy,Serial-MRV,1,3,0.000444791,1
easy_058,Easy,Serial-MRV,1,4,0.000444625,1
easy_058,Easy,Serial-MRV,1,5,0.000444416,1
easy_058,Easy,BranchBound,1,1,0.000089875,1
easy_058,Easy,BranchBound,1,2,0.000084834,1
easy_058,Easy,BranchBound,1,3,0.000084292,1
easy_058,Easy,BranchBound,1,4,0.000084459,1
easy_058,Easy,BranchBound,1,5,0.000084208,1
easy_058,Easy,BranchBoundMRV,1,1,0.000579250,1
easy_058,Easy,BranchBoundMRV,1,2,0.000579250,1
easy_058,Easy,BranchBoundMRV,1,3,0.000680125,1
easy_058,Easy,BranchBoundMRV,1,4,0.000570916,1
easy_058,Easy,BranchBoundMRV,1,5,0.000569917,1
easy_058,Easy,OpenMP,4,1,0.000504971,1
easy_058,Easy,OpenMP,4,2,0.000482798,1
easy_058,Easy,OpenMP,4,3,0.000511885,1
easy_058,Easy,OpenMP,4,4,0.000532866,1
easy_058,Easy,OpenMP,4,5,0.000497818,1
easy_058,Easy,OpenMP,8,1,0.001126051,1
easy_058,Easy,OpenMP,8,2,0.001130104,1
easy_058,Easy,OpenMP,8,3,0.000952005,1
easy_058,Easy,OpenMP,8,4,0.000490189,1
easy_058,Easy,OpenMP,8,5,0.000507116,1
easy_058,Easy,OpenMP,16,1,0.007473946,1
easy_058,Easy,OpenMP,16,2,0.008613110,1
easy_058,Easy,OpenMP,16,3,0.008485794,1
easy_058,Easy,OpenMP,16,4,0.008789062,1
easy_058,Easy,OpenMP,16,5,0.036087036,1
easy_058,Easy,OMP-BranchBoundMRV,4,1,0.000628948,1
easy_058,Easy,OMP-BranchBoundMRV,4,2,0.000638008,1
easy_058,Easy,OMP-BranchBoundMRV,4,3,0.000633955,1
easy_058,Easy,OMP-BranchBoundMRV,4,4,0.000625134,1
easy_058,Easy,OMP-BranchBoundMRV,4,5,0.000627041,1
easy_058,Easy,OMP-BranchBoundMRV,8,1,0.000636101,1
easy_058,Easy,OMP-BranchBoundMRV,8,2,0.000633001,1
easy_058,Easy,OMP-BranchBoundMRV,8,3,0.000674009,1
easy_058,Easy,OMP-BranchBoundMRV,8,4,0.000624895,1
easy_058,Easy,OMP-BranchBoundMRV,8,5,0.001431942,1
easy_058,Easy,OMP-BranchBoundMRV,16,1,0.022224903,1
easy_058,Easy,OMP-BranchBoundMRV,16,2,0.034350872,1
easy_058,Easy,OMP-BranchBoundMRV,16,3,0.115051985,1
easy_058,Easy,OMP-BranchBoundMRV,16,4,0.027998924,1
easy_058,Easy,OMP-BranchBoundMRV,16,5,0.031733990,1
easy_059,Easy,Serial,1,1,0.000591208,1
easy_059,Easy,Serial,1,2,0.000557167,1
easy_059,Easy,Serial,1,3,0.000548167,1
easy_059,Easy,Serial,1,4,0.000533334,1
easy_059,Easy,Serial,1,5,0.000533583,1
easy_059,Easy,Serial-MRV,1,1,0.000780750,1
easy_059,Easy,Serial-MRV,1,2,0.000780584,1
easy_059,Easy,Serial-MRV,1,3,0.000818333,1
easy_059,Easy,Serial-MRV,1,4,0.000778709,1
easy_059,Easy,Serial-MRV,1,5,0.000785792,1
easy_059,Easy,BranchBound,1,1,0.000554625,1
easy_059,Easy,BranchBound,1,2,0.000564750,1
easy_059,Easy,BranchBound,1,3,0.000548750,1
easy_059,Easy,BranchBound,1,4,0.000569250,1
easy_059,Easy,BranchBound,1,5,0.000552000,1
easy_059,Easy,BranchBoundMRV,1,1,0.001102292,1
easy_059,Easy,BranchBoundMRV,1,2,0.000979209,1
easy_059,Easy,BranchBoundMRV,1,3,0.000974917,1
easy_059,Easy,BranchBoundMRV,1,4,0.000978375,1
easy_059,Easy,BranchBoundMRV,1,5,0.000974917,1
easy_059,Easy,OpenMP,4,1,0.000871181,1
easy_059,Easy,OpenMP,4,2,0.000844002,1
easy_059,Easy,OpenMP,4,3,0.000983000,1
easy_059,Easy,OpenMP,4,4,0.000841141,1
easy_059,Easy,OpenMP,4,5,0.000841141,1
easy_059,Easy,OpenMP,8,1,0.000862122,1
easy_059,Easy,OpenMP,8,2,0.000851154,1
easy_059,Easy,OpenMP,8,3,0.001917124,1
easy_059,Easy,OpenMP,8,4,0.000898123,1
easy_059,Easy,OpenMP,8,5,0.000843048,1
easy_059,Easy,OpenMP,16,1,0.054324150,1
easy_059,Easy,OpenMP,16,2,0.038568020,1
easy_059,Easy,OpenMP,16,3,0.050368071,1
easy_059,Easy,OpenMP,16,4,0.051139116,1
easy_059,Easy,OpenMP,16,5,0.011847019,1
easy_059,Easy,OMP-BranchBoundMRV,4,1,0.001078129,1
easy_059,Easy,OMP-BranchBoundMRV,4,2,0.001065969,1
easy_059,Easy,OMP-BranchBoundMRV,4,3,0.001097918,1
easy_059,Easy,OMP-BranchBoundMRV,4,4,0.001116037,1
easy_059,Easy,OMP-BranchBoundMRV,4,5,0.001066923,1
easy_059,Easy,OMP-BranchBoundMRV,8,1,0.001088142,1
easy_059,Easy,OMP-BranchBoundMRV,8,2,0.002303123,1
easy_059,Easy,OMP-BranchBoundMRV,8,3,0.001065016,1
easy_059,Easy,OMP-BranchBoundMRV,8,4,0.002336025,1
easy_059,Easy,OMP-BranchBoundMRV,8,5,0.001075029,1
easy_059,Easy,OMP-BranchBoundMRV,16,1,0.005528927,1
easy_059,Easy,OMP-BranchBoundMRV,16,2,0.029304028,1
easy_059,Easy,OMP-BranchBoundMRV,16,3,0.030405998,1
easy_059,Easy,OMP-BranchBoundMRV,16,4,0.025564909,1
easy_059,Easy,OMP-BranchBoundMRV,16,5,0.029086828,1
easy_060,Easy,Serial,1,1,0.001001292,1
easy_060,Easy,Serial,1,2,0.000990792,1
easy_060,Easy,Serial,1,3,0.000990625,1
easy_060,Easy,Serial,1,4,0.001005417,1
easy_060,Easy,Serial,1,5,0.000990583,1
easy_060,Easy,Serial-MRV,1,1,0.000755708,1
easy_060,Easy,Serial-MRV,1,2,0.000754542,1
easy_060,Easy,Serial-MRV,1,3,0.000750667,1
easy_060,Easy,Serial-MRV,1,4,0.000750459,1
easy_060,Easy,Serial-MRV,1,5,0.000753292,1
easy_060,Easy,BranchBound,1,1,0.000874542,1
easy_060,Easy,BranchBound,1,2,0.000882542,1
easy_060,Easy,BranchBound,1,3,0.000877000,1
easy_060,Easy,BranchBound,1,4,0.000867417,1
easy_060,Easy,BranchBound,1,5,0.000880459,1
easy_060,Easy,BranchBoundMRV,1,1,0.001032500,1
easy_060,Easy,BranchBoundMRV,1,2,0.000992958,1
easy_060,Easy,BranchBoundMRV,1,3,0.000988917,1
easy_060,Easy,BranchBoundMRV,1,4,0.000992208,1
easy_060,Easy,BranchBoundMRV,1,5,0.000988833,1
easy_060,Easy,OpenMP,4,1,0.000836849,1
easy_060,Easy,OpenMP,4,2,0.000854969,1
easy_060,Easy,OpenMP,4,3,0.000822067,1
easy_060,Easy,OpenMP,4,4,0.000890017,1
easy_060,Easy,OpenMP,4,5,0.000818968,1
easy_060,Easy,OpenMP,8,1,0.000832081,1
easy_060,Easy,OpenMP,8,2,0.000832081,1
easy_060,Easy,OpenMP,8,3,0.000833035,1
easy_060,Easy,OpenMP,8,4,0.001834154,1
easy_060,Easy,OpenMP,8,5,0.000852108,1
easy_060,Easy,OpenMP,16,1,0.022305012,1
easy_060,Easy,OpenMP,16,2,0.040420055,1
easy_060,Easy,OpenMP,16,3,0.017374039,1
easy_060,Easy,OpenMP,16,4,0.022881985,1
easy_060,Easy,OpenMP,16,5,0.036477804,1
easy_060,Easy,OMP-BranchBoundMRV,4,1,0.001091957,1
easy_060,Easy,OMP-BranchBoundMRV,4,2,0.001104116,1
easy_060,Easy,OMP-BranchBoundMRV,4,3,0.001111984,1
easy_060,Easy,OMP-BranchBoundMRV,4,4,0.001081944,1
easy_060,Easy,OMP-BranchBoundMRV,4,5,0.001079798,1
easy_060,Easy,OMP-BranchBoundMRV,8,1,0.001110077,1
easy_060,Easy,OMP-BranchBoundMRV,8,2,0.001094103,1
easy_060,Easy,OMP-BranchBoundMRV,8,3,0.001101017,1
easy_060,Easy,OMP-BranchBoundMRV,8,4,0.001092911,1
easy_060,Easy,OMP-BranchBoundMRV,8,5,0.001080990,1
easy_060,Easy,OMP-BranchBoundMRV,16,1,0.017228127,1
easy_060,Easy,OMP-BranchBoundMRV,16,2,0.007807970,1
easy_060,Easy,OMP-BranchBoundMRV,16,3,0.016578913,1
easy_060,Easy,OMP-BranchBoundMRV,16,4,0.032071114,1
easy_060,Easy,OMP-BranchBoundMRV,16,5,0.028394938,1
easy_061,Easy,Serial,1,1,0.000022250,1
easy_061,Easy,Serial,1,2,0.000021167,1
easy_061,Easy,Serial,1,3,0.000021125,1
easy_061,Easy,Serial,1,4,0.000020208,1
easy_061,Easy,Serial,1,5,0.000019500,1
easy_061,Easy,Serial-MRV,1,1,0.000477000,1
easy_061,Easy,Serial-MRV,1,2,0.000465583,1
easy_061,Easy,Serial-MRV,1,3,0.000464917,1
easy_061,Easy,Serial-MRV,1,4,0.000464625,1
easy_061,Easy,Serial-MRV,1,5,0.000464542,1
easy_061,Easy,BranchBound,1,1,0.000022458,1
easy_061,Easy,BranchBound,1,2,0.000019666,1
easy_061,Easy,BranchBound,1,3,0.000018625,1
easy_061,Easy,BranchBound,1,4,0.000018500,1
easy_061,Easy,BranchBound,1,5,0.000018416,1
easy_061,Easy,BranchBoundMRV,1,1,0.000496208,1
easy_061,Easy,BranchBoundMRV,1,2,0.000473917,1
easy_061,Easy,BranchBoundMRV,1,3,0.000472000,1
easy_061,Easy,BranchBoundMRV,1,4,0.000472500,1
easy_061,Easy,BranchBoundMRV,1,5,0.000508042,1
easy_061,Easy,OpenMP,4,1,0.000597000,1
easy_061,Easy,OpenMP,4,2,0.000512838,1
easy_061,Easy,OpenMP,4,3,0.000522852,1
easy_061,Easy,OpenMP,4,4,0.000514030,1
easy_061,Easy,OpenMP,4,5,0.000520945,1
easy_061,Easy,OpenMP,8,1,0.000797033,1
easy_061,Easy,OpenMP,8,2,0.000547171,1
easy_061,Easy,OpenMP,8,3,0.000504971,1
easy_061,Easy,OpenMP,8,4,0.000519991,1
easy_061,Easy,OpenMP,8,5,0.000504017,1
easy_061,Easy,OpenMP,16,1,0.018929958,1
easy_061,Easy,OpenMP,16,2,0.008920908,1
easy_061,Easy,OpenMP,16,3,0.017739058,1
easy_061,Easy,OpenMP,16,4,0.014961004,1
easy_061,Easy,OpenMP,16,5,0.009489059,1
easy_061,Easy,OMP-BranchBoundMRV,4,1,0.000519991,1
easy_061,Easy,OMP-BranchBoundMRV,4,2,0.000526905,1
easy_061,Easy,OMP-BranchBoundMRV,4,3,0.000525951,1
easy_061,Easy,OMP-BranchBoundMRV,4,4,0.000608206,1
easy_061,Easy,OMP-BranchBoundMRV,4,5,0.000510931,1
easy_061,Easy,OMP-BranchBoundMRV,8,1,0.000532150,1
easy_061,Easy,OMP-BranchBoundMRV,8,2,0.000550032,1
easy_061,Easy,OMP-BranchBoundMRV,8,3,0.000555038,1
easy_061,Easy,OMP-BranchBoundMRV,8,4,0.000535965,1
easy_061,Easy,OMP-BranchBoundMRV,8,5,0.001573086,1
easy_061,Easy,OMP-BranchBoundMRV,16,1,0.036936998,1
easy_061,Easy,OMP-BranchBoundMRV,16,2,0.020592213,1
easy_061,Easy,OMP-BranchBoundMRV,16,3,0.024628162,1
easy_061,Easy,OMP-BranchBoundMRV,16,4,0.018537045,1
easy_061,Easy,OMP-BranchBoundMRV,16,5,0.025604963,1
easy_062,Easy,Serial,1,1,0.001114833,1
easy_062,Easy,Serial,1,2,0.001048041,1
easy_062,Easy,Serial,1,3,0.001044167,1
easy_062,Easy,Serial,1,4,0.001089083,1
easy_062,Easy,Serial,1,5,0.001073292,1
easy_062,Easy,Serial-MRV,1,1,0.001362750,1
easy_062,Easy,Serial-MRV,1,2,0.001401541,1
easy_062,Easy,Serial-MRV,1,3,0.001412083,1
easy_062,Easy,Serial-MRV,1,4,0.001354833,1
easy_062,Easy,Serial-MRV,1,5,0.001355792,1
easy_062,Easy,BranchBound,1,1,0.000929750,1
easy_062,Easy,BranchBound,1,2,0.000910000,1
easy_062,Easy,BranchBound,1,3,0.000940125,1
easy_062,Easy,BranchBound,1,4,0.000909750,1
easy_062,Easy,BranchBound,1,5,0.000952166,1
easy_062,Easy,BranchBoundMRV,1,1,0.001887458,1
easy_062,Easy,BranchBoundMRV,1,2,0.001891042,1
easy_062,Easy,BranchBoundMRV,1,3,0.001880834,1
easy_062,Easy,BranchBoundMRV,1,4,0.001891083,1
easy_062,Easy,BranchBoundMRV,1,5,0.001904458,1
easy_062,Easy,OpenMP,4,1,0.001470804,1
easy_062,Easy,OpenMP,4,2,0.001916885,1
easy_062,Easy,OpenMP,4,3,0.001552105,1
easy_062,Easy,OpenMP,4,4,0.001470089,1
easy_062,Easy,OpenMP,4,5,0.001490831,1
easy_062,Easy,OpenMP,8,1,0.001464844,1
easy_062,Easy,OpenMP,8,2,0.003326893,1
easy_062,Easy,OpenMP,8,3,0.001463890,1
easy_062,Easy,OpenMP,8,4,0.004214048,1
easy_062,Easy,OpenMP,8,5,0.003396988,1
easy_062,Easy,OpenMP,16,1,0.040966034,1
easy_062,Easy,OpenMP,16,2,0.006371021,1
easy_062,Easy,OpenMP,16,3,0.020591974,1
easy_062,Easy,OpenMP,16,4,0.022175074,1
easy_062,Easy,OpenMP,16,5,0.024007082,1
easy_062,Easy,OMP-BranchBoundMRV,4,1,0.002043962,1
easy_062,Easy,OMP-BranchBoundMRV,4,2,0.002074003,1
easy_062,Easy,OMP-BranchBoundMRV,4,3,0.002038956,1
easy_062,Easy,OMP-BranchBoundMRV,4,4,0.002033949,1
easy_062,Easy,OMP-BranchBoundMRV,4,5,0.002041101,1
easy_062,Easy,OMP-BranchBoundMRV,8,1,0.005155802,1
easy_062,Easy,OMP-BranchBoundMRV,8,2,0.002025843,1
easy_062,Easy,OMP-BranchBoundMRV,8,3,0.002019882,1
easy_062,Easy,OMP-BranchBoundMRV,8,4,0.004699230,1
easy_062,Easy,OMP-BranchBoundMRV,8,5,0.004666090,1
easy_062,Easy,OMP-BranchBoundMRV,16,1,0.022989988,1
easy_062,Easy,OMP-BranchBoundMRV,16,2,0.018216848,1
easy_062,Easy,OMP-BranchBoundMRV,16,3,0.008929014,1
easy_062,Easy,OMP-BranchBoundMRV,16,4,0.024759054,1
easy_062,Easy,OMP-BranchBoundMRV,16,5,0.008194923,1
easy_063,Easy,Serial,1,1,0.358187791,1
easy_063,Easy,Serial,1,2,0.353798083,1
easy_063,Easy,Serial,1,3,0.356062584,1
easy_063,Easy,Serial,1,4,0.353856625,1
easy_063,Easy,Serial,1,5,0.354160917,1
easy_063,Easy,Serial-MRV,1,1,0.000860041,1
easy_063,Easy,Serial-MRV,1,2,0.000885500,1
easy_063,Easy,Serial-MRV,1,3,0.000875000,1
easy_063,Easy,Serial-MRV,1,4,0.000871833,1
easy_063,Easy,Serial-MRV,1,5,0.000841625,1
easy_063,Easy,BranchBound,1,1,0.302705917,1
easy_063,Easy,BranchBound,1,2,0.294573000,1
easy_063,Easy,BranchBound,1,3,0.295026959,1
easy_063,Easy,BranchBound,1,4,0.294305291,1
easy_063,Easy,BranchBound,1,5,0.291460875,1
easy_063,Easy,BranchBoundMRV,1,1,0.001413458,1
easy_063,Easy,BranchBoundMRV,1,2,0.001487958,1
easy_063,Easy,BranchBoundMRV,1,3,0.001615584,1
easy_063,Easy,BranchBoundMRV,1,4,0.001506042,1
easy_063,Easy,BranchBoundMRV,1,5,0.001376125,1
easy_063,Easy,OpenMP,4,1,0.001114130,1
easy_063,Easy,OpenMP,4,2,0.001420975,1
easy_063,Easy,OpenMP,4,3,0.001117945,1
easy_063,Easy,OpenMP,4,4,0.001014948,1
easy_063,Easy,OpenMP,4,5,0.001150846,1
easy_063,Easy,OpenMP,8,1,0.001047134,1
easy_063,Easy,OpenMP,8,2,0.001332045,1
easy_063,Easy,OpenMP,8,3,0.001654148,1
easy_063,Easy,OpenMP,8,4,0.001079082,1
easy_063,Easy,OpenMP,8,5,0.000918150,1
easy_063,Easy,OpenMP,16,1,0.009559155,1
easy_063,Easy,OpenMP,16,2,0.021324873,1
easy_063,Easy,OpenMP,16,3,0.014544964,1
easy_063,Easy,OpenMP,16,4,0.017091036,1
easy_063,Easy,OpenMP,16,5,0.009370089,1
easy_063,Easy,OMP-BranchBoundMRV,4,1,0.001514912,1
easy_063,Easy,OMP-BranchBoundMRV,4,2,0.001435041,1
easy_063,Easy,OMP-BranchBoundMRV,4,3,0.001434803,1
easy_063,Easy,OMP-BranchBoundMRV,4,4,0.001432896,1
easy_063,Easy,OMP-BranchBoundMRV,4,5,0.001426935,1
easy_063,Easy,OMP-BranchBoundMRV,8,1,0.001446009,1
easy_063,Easy,OMP-BranchBoundMRV,8,2,0.001444101,1
easy_063,Easy,OMP-BranchBoundMRV,8,3,0.001581907,1
easy_063,Easy,OMP-BranchBoundMRV,8,4,0.001435995,1
easy_063,Easy,OMP-BranchBoundMRV,8,5,0.001451015,1
easy_063,Easy,OMP-BranchBoundMRV,16,1,0.018571854,1
easy_063,Easy,OMP-BranchBoundMRV,16,2,0.043148041,1
easy_063,Easy,OMP-BranchBoundMRV,16,3,0.030254841,1
easy_063,Easy,OMP-BranchBoundMRV,16,4,0.021400928,1
easy_063,Easy,OMP-BranchBoundMRV,16,5,0.012825012,1
easy_064,Easy,Serial,1,1,0.000091208,1
easy_064,Easy,Serial,1,2,0.000082125,1
easy_064,Easy,Serial,1,3,0.000081416,1
easy_064,Easy,Serial,1,4,0.000081208,1
easy_064,Easy,Serial,1,5,0.000081208,1
easy_064,Easy,Serial-MRV,1,1,0.000599375,1
easy_064,Easy,Serial-MRV,1,2,0.000620541,1
easy_064,Easy,Serial-MRV,1,3,0.000630625,1
easy_064,Easy,Serial-MRV,1,4,0.000678625,1
easy_064,Easy,Serial-MRV,1,5,0.000619875,1
easy_064,Easy,BranchBound,1,1,0.000077334,1
easy_064,Easy,BranchBound,1,2,0.000070375,1
easy_064,Easy,BranchBound,1,3,0.000069958,1
easy_064,Easy,BranchBound,1,4,0.000104291,1
easy_064,Easy,BranchBound,1,5,0.000069792,1
easy_064,Easy,BranchBoundMRV,1,1,0.000685916,1
easy_064,Easy,BranchBoundMRV,1,2,0.000679083,1
easy_064,Easy,BranchBoundMRV,1,3,0.000706916,1
easy_064,Easy,BranchBoundMRV,1,4,0.000770334,1
easy_064,Easy,BranchBoundMRV,1,5,0.000680875,1
easy_064,Easy,OpenMP,4,1,0.000755787,1
easy_064,Easy,OpenMP,4,2,0.000705957,1
easy_064,Easy,OpenMP,4,3,0.000740051,1
easy_064,Easy,OpenMP,4,4,0.000962973,1
easy_064,Easy,OpenMP,4,5,0.000646114,1
easy_064,Easy,OpenMP,8,1,0.000794888,1
easy_064,Easy,OpenMP,8,2,0.000642061,1
easy_064,Easy,OpenMP,8,3,0.000636101,1
easy_064,Easy,OpenMP,8,4,0.000769138,1
easy_064,Easy,OpenMP,8,5,0.001418114,1
easy_064,Easy,OpenMP,16,1,0.017946005,1
easy_064,Easy,OpenMP,16,2,0.012865067,1
easy_064,Easy,OpenMP,16,3,0.005313873,1
easy_064,Easy,OpenMP,16,4,0.038019896,1
easy_064,Easy,OpenMP,16,5,0.022057056,1
easy_064,Easy,OMP-BranchBoundMRV,4,1,0.000762939,1
easy_064,Easy,OMP-BranchBoundMRV,4,2,0.000743866,1
easy_064,Easy,OMP-BranchBoundMRV,4,3,0.000749826,1
easy_064,Easy,OMP-BranchBoundMRV,4,4,0.000813961,1
easy_064,Easy,OMP-BranchBoundMRV,4,5,0.000750065,1
easy_064,Easy,OMP-BranchBoundMRV,8,1,0.000754118,1
easy_064,Easy,OMP-BranchBoundMRV,8,2,0.000753164,1
easy_064,Easy,OMP-BranchBoundMRV,8,3,0.007750988,1
easy_064,Easy,OMP-BranchBoundMRV,8,4,0.001290083,1
easy_064,Easy,OMP-BranchBoundMRV,8,5,0.001043081,1
easy_064,Easy,OMP-BranchBoundMRV,16,1,0.010451078,1
easy_064,Easy,OMP-BranchBoundMRV,16,2,0.004949093,1
easy_064,Easy,OMP-BranchBoundMRV,16,3,0.042864799,1
easy_064,Easy,OMP-BranchBoundMRV,16,4,0.014736891,1
easy_064,Easy,OMP-BranchBoundMRV,16,5,0.009079933,1
easy_065,Easy,Serial,1,1,0.000113792,1
easy_065,Easy,Serial,1,2,0.000101916,1
easy_065,Easy,Serial,1,3,0.000079667,1
easy_065,Easy,Serial,1,4,0.000079250,1
easy_065,Easy,Serial,1,5,0.000079250,1
easy_065,Easy,Serial-MRV,1,1,0.000423583,1
easy_065,Easy,Serial-MRV,1,2,0.000470583,1
easy_065,Easy,Serial-MRV,1,3,0.000511334,1
easy_065,Easy,Serial-MRV,1,4,0.000393042,1
easy_065,Easy,Serial-MRV,1,5,0.000414583,1
easy_065,Easy,BranchBound,1,1,0.000076417,1
easy_065,Easy,BranchBound,1,2,0.000070459,1
easy_065,Easy,BranchBound,1,3,0.000081500,1
easy_065,Easy,BranchBound,1,4,0.000085916,1
easy_065,Easy,BranchBound,1,5,0.000069875,1
easy_065,Easy,BranchBoundMRV,1,1,0.000466541,1
easy_065,Easy,BranchBoundMRV,1,2,0.000459500,1
easy_065,Easy,BranchBoundMRV,1,3,0.000462583,1
easy_065,Easy,BranchBoundMRV,1,4,0.000465875,1
easy_065,Easy,BranchBoundMRV,1,5,0.000600625,1
easy_065,Easy,OpenMP,4,1,0.000452995,1
easy_065,Easy,OpenMP,4,2,0.000443935,1
easy_065,Easy,OpenMP,4,3,0.000475883,1
easy_065,Easy,OpenMP,4,4,0.000465870,1
easy_065,Easy,OpenMP,4,5,0.000448942,1
easy_065,Easy,OpenMP,8,1,0.000464916,1
easy_065,Easy,OpenMP,8,2,0.000902891,1
easy_065,Easy,OpenMP,8,3,0.000591040,1
easy_065,Easy,OpenMP,8,4,0.000439882,1
easy_065,Easy,OpenMP,8,5,0.000474215,1
easy_065,Easy,OpenMP,16,1,0.022760153,1
easy_065,Easy,OpenMP,16,2,0.015308142,1
easy_065,Easy,OpenMP,16,3,0.012850046,1
easy_065,Easy,OpenMP,16,4,0.017462969,1
easy_065,Easy,OpenMP,16,5,0.014404058,1
easy_065,Easy,OMP-BranchBoundMRV,4,1,0.000532866,1
easy_065,Easy,OMP-BranchBoundMRV,4,2,0.000519037,1
easy_065,Easy,OMP-BranchBoundMRV,4,3,0.000509977,1
easy_065,Easy,OMP-BranchBoundMRV,4,4,0.000506878,1
easy_065,Easy,OMP-BranchBoundMRV,4,5,0.000514030,1
easy_065,Easy,OMP-BranchBoundMRV,8,1,0.000524044,1
easy_065,Easy,OMP-BranchBoundMRV,8,2,0.000526905,1
easy_065,Easy,OMP-BranchBoundMRV,8,3,0.000557184,1
easy_065,Easy,OMP-BranchBoundMRV,8,4,0.000524044,1
easy_065,Easy,OMP-BranchBoundMRV,8,5,0.000514030,1
easy_065,Easy,OMP-BranchBoundMRV,16,1,0.023509026,1
easy_065,Easy,OMP-BranchBoundMRV,16,2,0.052452087,1
easy_065,Easy,OMP-BranchBoundMRV,16,3,0.021395922,1
easy_065,Easy,OMP-BranchBoundMRV,16,4,0.022615194,1
easy_065,Easy,OMP-BranchBoundMRV,16,5,0.011098146,1
easy_066,Easy,Serial,1,1,0.000728375,1
easy_066,Easy,Serial,1,2,0.000635083,1
easy_066,Easy,Serial,1,3,0.000655542,1
easy_066,Easy,Serial,1,4,0.000630333,1
easy_066,Easy,Serial,1,5,0.000650291,1
easy_066,Easy,Serial-MRV,1,1,0.000594292,1
easy_066,Easy,Serial-MRV,1,2,0.000475750,1
easy_066,Easy,Serial-MRV,1,3,0.000456375,1
easy_066,Easy,Serial-MRV,1,4,0.000531625,1
easy_066,Easy,Serial-MRV,1,5,0.000521500,1
easy_066,Easy,BranchBound,1,1,0.000550958,1
easy_066,Easy,BranchBound,1,2,0.000583291,1
easy_066,Easy,BranchBound,1,3,0.000583959,1
easy_066,Easy,BranchBound,1,4,0.000617875,1
easy_066,Easy,BranchBound,1,5,0.000543667,1
easy_066,Easy,BranchBoundMRV,1,1,0.000731125,1
easy_066,Easy,BranchBoundMRV,1,2,0.000660208,1
easy_066,Easy,BranchBoundMRV,1,3,0.000659291,1
easy_066,Easy,BranchBoundMRV,1,4,0.000706541,1
easy_066,Easy,BranchBoundMRV,1,5,0.000743083,1
easy_066,Easy,OpenMP,4,1,0.000519037,1
easy_066,Easy,OpenMP,4,2,0.000574112,1
easy_066,Easy,OpenMP,4,3,0.000555992,1
easy_066,Easy,OpenMP,4,4,0.000519037,1
easy_066,Easy,OpenMP,4,5,0.000499964,1
easy_066,Easy,OpenMP,8,1,0.000554085,1
easy_066,Easy,OpenMP,8,2,0.000581026,1
easy_066,Easy,OpenMP,8,3,0.000545979,1
easy_066,Easy,OpenMP,8,4,0.000498056,1
easy_066,Easy,OpenMP,8,5,0.000756025,1
easy_066,Easy,OpenMP,16,1,0.011358976,1
easy_066,Easy,OpenMP,16,2,0.007001877,1
easy_066,Easy,OpenMP,16,3,0.003766060,1
easy_066,Easy,OpenMP,16,4,0.007297039,1
easy_066,Easy,OpenMP,16,5,0.013583899,1
easy_066,Easy,OMP-BranchBoundMRV,4,1,0.000795126,1
easy_066,Easy,OMP-BranchBoundMRV,4,2,0.000769138,1
easy_066,Easy,OMP-BranchBoundMRV,4,3,0.000903130,1
easy_066,Easy,OMP-BranchBoundMRV,4,4,0.000725031,1
easy_066,Easy,OMP-BranchBoundMRV,4,5,0.000815153,1
easy_066,Easy,OMP-BranchBoundMRV,8,1,0.001595974,1
easy_066,Easy,OMP-BranchBoundMRV,8,2,0.001806974,1
easy_066,Easy,OMP-BranchBoundMRV,8,3,0.004369020,1
easy_066,Easy,OMP-BranchBoundMRV,8,4,0.002046108,1
easy_066,Easy,OMP-BranchBoundMRV,8,5,0.001280069,1
easy_066,Easy,OMP-BranchBoundMRV,16,1,0.018414021,1
easy_066,Easy,OMP-BranchBoundMRV,16,2,0.026383162,1
easy_066,Easy,OMP-BranchBoundMRV,16,3,0.010301113,1
easy_066,Easy,OMP-BranchBoundMRV,16,4,0.035420895,1
easy_066,Easy,OMP-BranchBoundMRV,16,5,0.016127110,1
easy_067,Easy,Serial,1,1,0.026656709,1
easy_067,Easy,Serial,1,2,0.025793042,1
easy_067,Easy,Serial,1,3,0.026193000,1
easy_067,Easy,Serial,1,4,0.025853625,1
easy_067,Easy,Serial,1,5,0.025401584,1
easy_067,Easy,Serial-MRV,1,1,0.000741125,1
easy_067,Easy,Serial-MRV,1,2,0.000720458,1
easy_067,Easy,Serial-MRV,1,3,0.000723000,1
easy_067,Easy,Serial-MRV,1,4,0.000718333,1
easy_067,Easy,Serial-MRV,1,5,0.000719083,1
easy_067,Easy,BranchBound,1,1,0.021260125,1
easy_067,Easy,BranchBound,1,2,0.021246083,1
easy_067,Easy,BranchBound,1,3,0.021184625,1
easy_067,Easy,BranchBound,1,4,0.021124917,1
easy_067,Easy,BranchBound,1,5,0.021349208,1
easy_067,Easy,BranchBoundMRV,1,1,0.001052541,1
easy_067,Easy,BranchBoundMRV,1,2,0.001038750,1
easy_067,Easy,BranchBoundMRV,1,3,0.001034292,1
easy_067,Easy,BranchBoundMRV,1,4,0.001031333,1
easy_067,Easy,BranchBoundMRV,1,5,0.001030708,1
easy_067,Easy,OpenMP,4,1,0.000805855,1
easy_067,Easy,OpenMP,4,2,0.000786066,1
easy_067,Easy,OpenMP,4,3,0.000777960,1
easy_067,Easy,OpenMP,4,4,0.000779867,1
easy_067,Easy,OpenMP,4,5,0.000782013,1
easy_067,Easy,OpenMP,8,1,0.000801086,1
easy_067,Easy,OpenMP,8,2,0.000777006,1
easy_067,Easy,OpenMP,8,3,0.000821114,1
easy_067,Easy,OpenMP,8,4,0.001734972,1
easy_067,Easy,OpenMP,8,5,0.000857115,1
easy_067,Easy,OpenMP,16,1,0.015582800,1
easy_067,Easy,OpenMP,16,2,0.008854866,1
easy_067,Easy,OpenMP,16,3,0.031116962,1
easy_067,Easy,OpenMP,16,4,0.010027885,1
easy_067,Easy,OpenMP,16,5,0.011491060,1
easy_067,Easy,OMP-BranchBoundMRV,4,1,0.001140118,1
easy_067,Easy,OMP-BranchBoundMRV,4,2,0.001152992,1
easy_067,Easy,OMP-BranchBoundMRV,4,3,0.001144171,1
easy_067,Easy,OMP-BranchBoundMRV,4,4,0.001129150,1
easy_067,Easy,OMP-BranchBoundMRV,4,5,0.001132965,1
easy_067,Easy,OMP-BranchBoundMRV,8,1,0.001192808,1
easy_067,Easy,OMP-BranchBoundMRV,8,2,0.001427889,1
easy_067,Easy,OMP-BranchBoundMRV,8,3,0.002459049,1
easy_067,Easy,OMP-BranchBoundMRV,8,4,0.001184940,1
easy_067,Easy,OMP-BranchBoundMRV,8,5,0.001280069,1
easy_067,Easy,OMP-BranchBoundMRV,16,1,0.012399197,1
easy_067,Easy,OMP-BranchBoundMRV,16,2,0.011706114,1
easy_067,Easy,OMP-BranchBoundMRV,16,3,0.008012056,1
easy_067,Easy,OMP-BranchBoundMRV,16,4,0.026409864,1
easy_067,Easy,OMP-BranchBoundMRV,16,5,0.029788971,1
easy_068,Easy,Serial,1,1,0.000180625,1
easy_068,Easy,Serial,1,2,0.000183917,1
easy_068,Easy,Serial,1,3,0.000170000,1
easy_068,Easy,Serial,1,4,0.000204500,1
easy_068,Easy,Serial,1,5,0.000197959,1
easy_068,Easy,Serial-MRV,1,1,0.000841000,1
easy_068,Easy,Serial-MRV,1,2,0.000763333,1
easy_068,Easy,Serial-MRV,1,3,0.000807750,1
easy_068,Easy,Serial-MRV,1,4,0.000835417,1
easy_068,Easy,Serial-MRV,1,5,0.000782583,1
easy_068,Easy,BranchBound,1,1,0.000162625,1
easy_068,Easy,BranchBound,1,2,0.000155833,1
easy_068,Easy,BranchBound,1,3,0.000155166,1
easy_068,Easy,BranchBound,1,4,0.000154917,1
easy_068,Easy,BranchBound,1,5,0.000154833,1
easy_068,Easy,BranchBoundMRV,1,1,0.001016292,1
easy_068,Easy,BranchBoundMRV,1,2,0.001048916,1
easy_068,Easy,BranchBoundMRV,1,3,0.001020542,1
easy_068,Easy,BranchBoundMRV,1,4,0.001022125,1
easy_068,Easy,BranchBoundMRV,1,5,0.001008667,1
easy_068,Easy,OpenMP,4,1,0.000526905,1
easy_068,Easy,OpenMP,4,2,0.000509977,1
easy_068,Easy,OpenMP,4,3,0.000520945,1
easy_068,Easy,OpenMP,4,4,0.000540018,1
easy_068,Easy,OpenMP,4,5,0.000509024,1
easy_068,Easy,OpenMP,8,1,0.001174927,1
easy_068,Easy,OpenMP,8,2,0.000548124,1
easy_068,Easy,OpenMP,8,3,0.001198053,1
easy_068,Easy,OpenMP,8,4,0.000520229,1
easy_068,Easy,OpenMP,8,5,0.000939131,1
easy_068,Easy,OpenMP,16,1,0.037538052,1
easy_068,Easy,OpenMP,16,2,0.023466110,1
easy_068,Easy,OpenMP,16,3,0.020102978,1
easy_068,Easy,OpenMP,16,4,0.013813972,1
easy_068,Easy,OpenMP,16,5,0.007344007,1
easy_068,Easy,OMP-BranchBoundMRV,4,1,0.000854015,1
easy_068,Easy,OMP-BranchBoundMRV,4,2,0.000687122,1
easy_068,Easy,OMP-BranchBoundMRV,4,3,0.000821114,1
easy_068,Easy,OMP-BranchBoundMRV,4,4,0.000696898,1
easy_068,Easy,OMP-BranchBoundMRV,4,5,0.000801086,1
easy_068,Easy,OMP-BranchBoundMRV,8,1,0.000793934,1
easy_068,Easy,OMP-BranchBoundMRV,8,2,0.000706911,1
easy_068,Easy,OMP-BranchBoundMRV,8,3,0.000873089,1
easy_068,Easy,OMP-BranchBoundMRV,8,4,0.001382113,1
easy_068,Easy,OMP-BranchBoundMRV,8,5,0.001048088,1
easy_068,Easy,OMP-BranchBoundMRV,16,1,0.008039951,1
easy_068,Easy,OMP-BranchBoundMRV,16,2,0.010720015,1
easy_068,Easy,OMP-BranchBoundMRV,16,3,0.012148857,1
easy_068,Easy,OMP-BranchBoundMRV,16,4,0.009186029,1
easy_068,Easy,OMP-BranchBoundMRV,16,5,0.006222010,1
easy_069,Easy,Serial,1,1,0.000465875,1
easy_069,Easy,Serial,1,2,0.000488000,1
easy_069,Easy,Serial,1,3,0.000499000,1
easy_069,Easy,Serial,1,4,0.000457125,1
easy_069,Easy,Serial,1,5,0.000457209,1
easy_069,Easy,Serial-MRV,1,1,0.000507708,1
easy_069,Easy,Serial-MRV,1,2,0.000520375,1
easy_069,Easy,Serial-MRV,1,3,0.000497166,1
easy_069,Easy,Serial-MRV,1,4,0.000729041,1
easy_069,Easy,Serial-MRV,1,5,0.000501834,1
easy_069,Easy,BranchBound,1,1,0.000432750,1
easy_069,Easy,BranchBound,1,2,0.000505208,1
easy_069,Easy,BranchBound,1,3,0.000425125,1
easy_069,Easy,BranchBound,1,4,0.000425209,1
easy_069,Easy,BranchBound,1,5,0.000430375,1
easy_069,Easy,BranchBoundMRV,1,1,0.000673958,1
easy_069,Easy,BranchBoundMRV,1,2,0.000694709,1
easy_069,Easy,BranchBoundMRV,1,3,0.000591166,1
easy_069,Easy,BranchBoundMRV,1,4,0.000652667,1
easy_069,Easy,BranchBoundMRV,1,5,0.000586958,1
easy_069,Easy,OpenMP,4,1,0.000712872,1
easy_069,Easy,OpenMP,4,2,0.001005888,1
easy_069,Easy,OpenMP,4,3,0.000542879,1
easy_069,Easy,OpenMP,4,4,0.000601053,1
easy_069,Easy,OpenMP,4,5,0.000547886,1
easy_069,Easy,OpenMP,8,1,0.000848055,1
easy_069,Easy,OpenMP,8,2,0.001150131,1
easy_069,Easy,OpenMP,8,3,0.000657082,1
easy_069,Easy,OpenMP,8,4,0.000555038,1
easy_069,Easy,OpenMP,8,5,0.001210928,1
easy_069,Easy,OpenMP,16,1,0.015840054,1
easy_069,Easy,OpenMP,16,2,0.043184042,1
easy_069,Easy,OpenMP,16,3,0.017186165,1
easy_069,Easy,OpenMP,16,4,0.040852070,1
easy_069,Easy,OpenMP,16,5,0.032323122,1
easy_069,Easy,OMP-BranchBoundMRV,4,1,0.000677824,1
easy_069,Easy,OMP-BranchBoundMRV,4,2,0.000699043,1
easy_069,Easy,OMP-BranchBoundMRV,4,3,0.000689983,1
easy_069,Easy,OMP-BranchBoundMRV,4,4,0.000647068,1
easy_069,Easy,OMP-BranchBoundMRV,4,5,0.000652790,1
easy_069,Easy,OMP-BranchBoundMRV,8,1,0.000741005,1
easy_069,Easy,OMP-BranchBoundMRV,8,2,0.000745058,1
easy_069,Easy,OMP-BranchBoundMRV,8,3,0.000880003,1
easy_069,Easy,OMP-BranchBoundMRV,8,4,0.000747919,1
easy_069,Easy,OMP-BranchBoundMRV,8,5,0.000689030,1
easy_069,Easy,OMP-BranchBoundMRV,16,1,0.010079861,1
easy_069,Easy,OMP-BranchBoundMRV,16,2,0.010843039,1
easy_069,Easy,OMP-BranchBoundMRV,16,3,0.011878967,1
easy_069,Easy,OMP-BranchBoundMRV,16,4,0.017413139,1
easy_069,Easy,OMP-BranchBoundMRV,16,5,0.012112141,1
easy_070,Easy,Serial,1,1,0.000034042,1
easy_070,Easy,Serial,1,2,0.000033042,1
easy_070,Easy,Serial,1,3,0.000030667,1
easy_070,Easy,Serial,1,4,0.000030625,1
easy_070,Easy,Serial,1,5,0.000030459,1
easy_070,Easy,Serial-MRV,1,1,0.000468958,1
easy_070,Easy,Serial-MRV,1,2,0.000473166,1
easy_070,Easy,Serial-MRV,1,3,0.000466667,1
easy_070,Easy,Serial-MRV,1,4,0.000498625,1
easy_070,Easy,Serial-MRV,1,5,0.000554250,1
easy_070,Easy,BranchBound,1,1,0.000031916,1
easy_070,Easy,BranchBound,1,2,0.000070542,1
easy_070,Easy,BranchBound,1,3,0.000027750,1
easy_070,Easy,BranchBound,1,4,0.000027541,1
easy_070,Easy,BranchBound,1,5,0.000027542,1
easy_070,Easy,BranchBoundMRV,1,1,0.000491375,1
easy_070,Easy,BranchBoundMRV,1,2,0.000542375,1
easy_070,Easy,BranchBoundMRV,1,3,0.000481875,1
easy_070,Easy,BranchBoundMRV,1,4,0.000481792,1
easy_070,Easy,BranchBoundMRV,1,5,0.000481583,1
easy_070,Easy,OpenMP,4,1,0.000532150,1
easy_070,Easy,OpenMP,4,2,0.000643969,1
easy_070,Easy,OpenMP,4,3,0.000583887,1
easy_070,Easy,OpenMP,4,4,0.000555992,1
easy_070,Easy,OpenMP,4,5,0.000519037,1
easy_070,Easy,OpenMP,8,1,0.002272129,1
easy_070,Easy,OpenMP,8,2,0.000522137,1
easy_070,Easy,OpenMP,8,3,0.001121044,1
easy_070,Easy,OpenMP,8,4,0.000543118,1
easy_070,Easy,OpenMP,8,5,0.001374960,1
easy_070,Easy,OpenMP,16,1,0.015398979,1
easy_070,Easy,OpenMP,16,2,0.031751871,1
easy_070,Easy,OpenMP,16,3,0.033637047,1
easy_070,Easy,OpenMP,16,4,0.030674934,1
easy_070,Easy,OpenMP,16,5,0.029695988,1
easy_070,Easy,OMP-BranchBoundMRV,4,1,0.000656128,1
easy_070,Easy,OMP-BranchBoundMRV,4,2,0.000550032,1
easy_070,Easy,OMP-BranchBoundMRV,4,3,0.000561953,1
easy_070,Easy,OMP-BranchBoundMRV,4,4,0.000554085,1
easy_070,Easy,OMP-BranchBoundMRV,4,5,0.000532150,1
easy_070,Easy,OMP-BranchBoundMRV,8,1,0.000570059,1
easy_070,Easy,OMP-BranchBoundMRV,8,2,0.000848055,1
easy_070,Easy,OMP-BranchBoundMRV,8,3,0.001174927,1
easy_070,Easy,OMP-BranchBoundMRV,8,4,0.000570059,1
easy_070,Easy,OMP-BranchBoundMRV,8,5,0.000526905,1
easy_070,Easy,OMP-BranchBoundMRV,16,1,0.018643141,1
easy_070,Easy,OMP-BranchBoundMRV,16,2,0.008096933,1
easy_070,Easy,OMP-BranchBoundMRV,16,3,0.010501862,1
easy_070,Easy,OMP-BranchBoundMRV,16,4,0.008311033,1
easy_070,Easy,OMP-BranchBoundMRV,16,5,0.008018970,1
easy_071,Easy,Serial,1,1,0.000199375,1
easy_071,Easy,Serial,1,2,0.000156750,1
easy_071,Easy,Serial,1,3,0.000156292,1
easy_071,Easy,Serial,1,4,0.000159500,1
easy_071,Easy,Serial,1,5,0.000155833,1
easy_071,Easy,Serial-MRV,1,1,0.000807334,1
easy_071,Easy,Serial-MRV,1,2,0.000766458,1
easy_071,Easy,Serial-MRV,1,3,0.000732625,1
easy_071,Easy,Serial-MRV,1,4,0.000879416,1
easy_071,Easy,Serial-MRV,1,5,0.000732250,1
easy_071,Easy,BranchBound,1,1,0.000168084,1
easy_071,Easy,BranchBound,1,2,0.000150708,1
easy_071,Easy,BranchBound,1,3,0.000174250,1
easy_071,Easy,BranchBound,1,4,0.000136458,1
easy_071,Easy,BranchBound,1,5,0.000139625,1
easy_071,Easy,BranchBoundMRV,1,1,0.000941209,1
easy_071,Easy,BranchBoundMRV,1,2,0.001042292,1
easy_071,Easy,BranchBoundMRV,1,3,0.001045583,1
easy_071,Easy,BranchBoundMRV,1,4,0.001024375,1
easy_071,Easy,BranchBoundMRV,1,5,0.000964167,1
easy_071,Easy,OpenMP,4,1,0.000817060,1
easy_071,Easy,OpenMP,4,2,0.000926971,1
easy_071,Easy,OpenMP,4,3,0.000844002,1
easy_071,Easy,OpenMP,4,4,0.000798941,1
easy_071,Easy,OpenMP,4,5,0.000798941,1
easy_071,Easy,OpenMP,8,1,0.001250982,1
easy_071,Easy,OpenMP,8,2,0.000808001,1
easy_071,Easy,OpenMP,8,3,0.001863003,1
easy_071,Easy,OpenMP,8,4,0.000801086,1
easy_071,Easy,OpenMP,8,5,0.000799179,1
easy_071,Easy,OpenMP,16,1,0.018054008,1
easy_071,Easy,OpenMP,16,2,0.035902023,1
easy_071,Easy,OpenMP,16,3,0.018039942,1
easy_071,Easy,OpenMP,16,4,0.022822142,1
easy_071,Easy,OpenMP,16,5,0.022290945,1
easy_071,Easy,OMP-BranchBoundMRV,4,1,0.001021862,1
easy_071,Easy,OMP-BranchBoundMRV,4,2,0.001025915,1
easy_071,Easy,OMP-BranchBoundMRV,4,3,0.001024961,1
easy_071,Easy,OMP-BranchBoundMRV,4,4,0.001016140,1
easy_071,Easy,OMP-BranchBoundMRV,4,5,0.001019001,1
easy_071,Easy,OMP-BranchBoundMRV,8,1,0.001074076,1
easy_071,Easy,OMP-BranchBoundMRV,8,2,0.002326012,1
easy_071,Easy,OMP-BranchBoundMRV,8,3,0.001044035,1
easy_071,Easy,OMP-BranchBoundMRV,8,4,0.001622915,1
easy_071,Easy,OMP-BranchBoundMRV,8,5,0.001206875,1
easy_071,Easy,OMP-BranchBoundMRV,16,1,0.031550884,1
easy_071,Easy,OMP-BranchBoundMRV,16,2,0.011168003,1
easy_071,Easy,OMP-BranchBoundMRV,16,3,0.008041859,1
easy_071,Easy,OMP-BranchBoundMRV,16,4,0.015185118,1
easy_071,Easy,OMP-BranchBoundMRV,16,5,0.018829107,1
easy_072,Easy,Serial,1,1,0.000342333,1
easy_072,Easy,Serial,1,2,0.000348334,1
easy_072,Easy,Serial,1,3,0.000340916,1
easy_072,Easy,Serial,1,4,0.000348750,1
easy_072,Easy,Serial,1,5,0.000396375,1
easy_072,Easy,Serial-MRV,1,1,0.000693250,1
easy_072,Easy,Serial-MRV,1,2,0.000797542,1
easy_072,Easy,Serial-MRV,1,3,0.000686958,1
easy_072,Easy,Serial-MRV,1,4,0.000694583,1
easy_072,Easy,Serial-MRV,1,5,0.000731208,1
easy_072,Easy,BranchBound,1,1,0.000392083,1
easy_072,Easy,BranchBound,1,2,0.000308708,1
easy_072,Easy,BranchBound,1,3,0.000296083,1
easy_072,Easy,BranchBound,1,4,0.000305167,1
easy_072,Easy,BranchBound,1,5,0.000304791,1
easy_072,Easy,BranchBoundMRV,1,1,0.000925375,1
easy_072,Easy,BranchBoundMRV,1,2,0.001026667,1
easy_072,Easy,BranchBoundMRV,1,3,0.000915208,1
easy_072,Easy,BranchBoundMRV,1,4,0.000906875,1
easy_072,Easy,BranchBoundMRV,1,5,0.000903791,1
easy_072,Easy,OpenMP,4,1,0.000768900,1
easy_072,Easy,OpenMP,4,2,0.000880957,1
easy_072,Easy,OpenMP,4,3,0.000859022,1
easy_072,Easy,OpenMP,4,4,0.000754833,1
easy_072,Easy,OpenMP,4,5,0.001777887,1
easy_072,Easy,OpenMP,8,1,0.002026081,1
easy_072,Easy,OpenMP,8,2,0.000782013,1
easy_072,Easy,OpenMP,8,3,0.001685858,1
easy_072,Easy,OpenMP,8,4,0.004715919,1
easy_072,Easy,OpenMP,8,5,0.001184940,1
easy_072,Easy,OpenMP,16,1,0.011774063,1
easy_072,Easy,OpenMP,16,2,0.016593933,1
easy_072,Easy,OpenMP,16,3,0.018019199,1
easy_072,Easy,OpenMP,16,4,0.015319109,1
easy_072,Easy,OpenMP,16,5,0.026396990,1
easy_072,Easy,OMP-BranchBoundMRV,4,1,0.000945091,1
easy_072,Easy,OMP-BranchBoundMRV,4,2,0.000951052,1
easy_072,Easy,OMP-BranchBoundMRV,4,3,0.000936985,1
easy_072,Easy,OMP-BranchBoundMRV,4,4,0.001255035,1
easy_072,Easy,OMP-BranchBoundMRV,4,5,0.001014948,1
easy_072,Easy,OMP-BranchBoundMRV,8,1,0.001943827,1
easy_072,Easy,OMP-BranchBoundMRV,8,2,0.001177073,1
easy_072,Easy,OMP-BranchBoundMRV,8,3,0.001803160,1
easy_072,Easy,OMP-BranchBoundMRV,8,4,0.001642942,1
easy_072,Easy,OMP-BranchBoundMRV,8,5,0.001821995,1
easy_072,Easy,OMP-BranchBoundMRV,16,1,0.020614862,1
easy_072,Easy,OMP-BranchBoundMRV,16,2,0.007001877,1
easy_072,Easy,OMP-BranchBoundMRV,16,3,0.020817041,1
easy_072,Easy,OMP-BranchBoundMRV,16,4,0.016464949,1
easy_072,Easy,OMP-BranchBoundMRV,16,5,0.011997223,1
easy_073,Easy,Serial,1,1,0.002303584,1
easy_073,Easy,Serial,1,2,0.002246958,1
easy_073,Easy,Serial,1,3,0.002402500,1
easy_073,Easy,Serial,1,4,0.002345833,1
easy_073,Easy,Serial,1,5,0.002279625,1
easy_073,Easy,Serial-MRV,1,1,0.000730708,1
easy_073,Easy,Serial-MRV,1,2,0.000710416,1
easy_073,Easy,Serial-MRV,1,3,0.000709500,1
easy_073,Easy,Serial-MRV,1,4,0.000721584,1
easy_073,Easy,Serial-MRV,1,5,0.000710125,1
easy_073,Easy,BranchBound,1,1,0.001931292,1
easy_073,Easy,BranchBound,1,2,0.001881959,1
easy_073,Easy,BranchBound,1,3,0.001906417,1
easy_073,Easy,BranchBound,1,4,0.001857625,1
easy_073,Easy,BranchBound,1,5,0.001820542,1
easy_073,Easy,BranchBoundMRV,1,1,0.000984375,1
easy_073,Easy,BranchBoundMRV,1,2,0.001043125,1
easy_073,Easy,BranchBoundMRV,1,3,0.000973500,1
easy_073,Easy,BranchBoundMRV,1,4,0.000969125,1
easy_073,Easy,BranchBoundMRV,1,5,0.000972125,1
easy_073,Easy,OpenMP,4,1,0.000787973,1
easy_073,Easy,OpenMP,4,2,0.000779152,1
easy_073,Easy,OpenMP,4,3,0.000771999,1
easy_073,Easy,OpenMP,4,4,0.000765085,1
easy_073,Easy,OpenMP,4,5,0.000782013,1
easy_073,Easy,OpenMP,8,1,0.001929998,1
easy_073,Easy,OpenMP,8,2,0.001051188,1
easy_073,Easy,OpenMP,8,3,0.000775099,1
easy_073,Easy,OpenMP,8,4,0.000761986,1
easy_073,Easy,OpenMP,8,5,0.000771999,1
easy_073,Easy,OpenMP,16,1,0.050035954,1
easy_073,Easy,OpenMP,16,2,0.019054174,1
easy_073,Easy,OpenMP,16,3,0.034847021,1
easy_073,Easy,OpenMP,16,4,0.022209167,1
easy_073,Easy,OpenMP,16,5,0.034001112,1
easy_073,Easy,OMP-BranchBoundMRV,4,1,0.001095057,1
easy_073,Easy,OMP-BranchBoundMRV,4,2,0.001055956,1
easy_073,Easy,OMP-BranchBoundMRV,4,3,0.001053095,1
easy_073,Easy,OMP-BranchBoundMRV,4,4,0.001050949,1
easy_073,Easy,OMP-BranchBoundMRV,4,5,0.001048803,1
easy_073,Easy,OMP-BranchBoundMRV,8,1,0.001070976,1
easy_073,Easy,OMP-BranchBoundMRV,8,2,0.001054049,1
easy_073,Easy,OMP-BranchBoundMRV,8,3,0.001054049,1
easy_073,Easy,OMP-BranchBoundMRV,8,4,0.001049042,1
easy_073,Easy,OMP-BranchBoundMRV,8,5,0.001060009,1
easy_073,Easy,OMP-BranchBoundMRV,16,1,0.033957005,1
easy_073,Easy,OMP-BranchBoundMRV,16,2,0.035622835,1
easy_073,Easy,OMP-BranchBoundMRV,16,3,0.022897005,1
easy_073,Easy,OMP-BranchBoundMRV,16,4,0.043673992,1
easy_073,Easy,OMP-BranchBoundMRV,16,5,0.005573034,1
easy_074,Easy,Serial,1,1,0.005319917,1
easy_074,Easy,Serial,1,2,0.010058708,1
easy_074,Easy,Serial,1,3,0.012034875,1
easy_074,Easy,Serial,1,4,0.015924417,1
easy_074,Easy,Serial,1,5,0.006927959,1
easy_074,Easy,Serial-MRV,1,1,0.003373625,1
easy_074,Easy,Serial-MRV,1,2,0.002677834,1
easy_074,Easy,Serial-MRV,1,3,0.002525125,1
easy_074,Easy,Serial-MRV,1,4,0.001963042,1
easy_074,Easy,Serial-MRV,1,5,0.001624625,1
easy_074,Easy,BranchBound,1,1,0.006582042,1
easy_074,Easy,BranchBound,1,2,0.009374416,1
easy_074,Easy,BranchBound,1,3,0.008053375,1
easy_074,Easy,BranchBound,1,4,0.006353292,1
easy_074,Easy,BranchBound,1,5,0.007340542,1
easy_074,Easy,BranchBoundMRV,1,1,0.004317875,1
easy_074,Easy,BranchBoundMRV,1,2,0.002561792,1
easy_074,Easy,BranchBoundMRV,1,3,0.002092875,1
easy_074,Easy,BranchBoundMRV,1,4,0.001600209,1
easy_074,Easy,BranchBoundMRV,1,5,0.002956416,1
easy_074,Easy,OpenMP,4,1,0.003237009,1
easy_074,Easy,OpenMP,4,2,0.001250029,1
easy_074,Easy,OpenMP,4,3,0.000909090,1
easy_074,Easy,OpenMP,4,4,0.000881910,1
easy_074,Easy,OpenMP,4,5,0.001055002,1
easy_074,Easy,OpenMP,8,1,0.010003805,1
easy_074,Easy,OpenMP,8,2,0.010605097,1
easy_074,Easy,OpenMP,8,3,0.010715008,1
easy_074,Easy,OpenMP,8,4,0.002007961,1
easy_074,Easy,OpenMP,8,5,0.005661011,1
easy_074,Easy,OpenMP,16,1,0.007387161,1
easy_074,Easy,OpenMP,16,2,0.017776966,1
easy_074,Easy,OpenMP,16,3,0.011856079,1
easy_074,Easy,OpenMP,16,4,0.021476984,1
easy_074,Easy,OpenMP,16,5,0.018304825,1
easy_074,Easy,OMP-BranchBoundMRV,4,1,0.001437187,1
easy_074,Easy,OMP-BranchBoundMRV,4,2,0.002870083,1
easy_074,Easy,OMP-BranchBoundMRV,4,3,0.001989126,1
easy_074,Easy,OMP-BranchBoundMRV,4,4,0.001506090,1
easy_074,Easy,OMP-BranchBoundMRV,4,5,0.001241922,1
easy_074,Easy,OMP-BranchBoundMRV,8,1,0.007498026,1
easy_074,Easy,OMP-BranchBoundMRV,8,2,0.001264095,1
easy_074,Easy,OMP-BranchBoundMRV,8,3,0.001266956,1
easy_074,Easy,OMP-BranchBoundMRV,8,4,0.001291037,1
easy_074,Easy,OMP-BranchBoundMRV,8,5,0.001279116,1
easy_074,Easy,OMP-BranchBoundMRV,16,1,0.021516085,1
easy_074,Easy,OMP-BranchBoundMRV,16,2,0.031548977,1
easy_074,Easy,OMP-BranchBoundMRV,16,3,0.019609928,1
easy_074,Easy,OMP-BranchBoundMRV,16,4,0.016209126,1
easy_074,Easy,OMP-BranchBoundMRV,16,5,0.017047167,1
easy_075,Easy,Serial,1,1,0.000035792,1
easy_075,Easy,Serial,1,2,0.000034084,1
easy_075,Easy,Serial,1,3,0.000032291,1
easy_075,Easy,Serial,1,4,0.000032166,1
easy_075,Easy,Serial,1,5,0.000032333,1
easy_075,Easy,Serial-MRV,1,1,0.000466792,1
easy_075,Easy,Serial-MRV,1,2,0.000412625,1
easy_075,Easy,Serial-MRV,1,3,0.000392333,1
easy_075,Easy,Serial-MRV,1,4,0.000391917,1
easy_075,Easy,Serial-MRV,1,5,0.000392125,1
easy_075,Easy,BranchBound,1,1,0.000033667,1
easy_075,Easy,BranchBound,1,2,0.000029834,1
easy_075,Easy,BranchBound,1,3,0.000029125,1
easy_075,Easy,BranchBound,1,4,0.000029083,1
easy_075,Easy,BranchBound,1,5,0.000029042,1
easy_075,Easy,BranchBoundMRV,1,1,0.000559250,1
easy_075,Easy,BranchBoundMRV,1,2,0.000534791,1
easy_075,Easy,BranchBoundMRV,1,3,0.000534042,1
easy_075,Easy,BranchBoundMRV,1,4,0.000534041,1
easy_075,Easy,BranchBoundMRV,1,5,0.000555458,1
easy_075,Easy,OpenMP,4,1,0.000450850,1
easy_075,Easy,OpenMP,4,2,0.000442028,1
easy_075,Easy,OpenMP,4,3,0.000427961,1
easy_075,Easy,OpenMP,4,4,0.000428915,1
easy_075,Easy,OpenMP,4,5,0.000429153,1
easy_075,Easy,OpenMP,8,1,0.000952959,1
easy_075,Easy,OpenMP,8,2,0.000432014,1
easy_075,Easy,OpenMP,8,3,0.000437975,1
easy_075,Easy,OpenMP,8,4,0.000449896,1
easy_075,Easy,OpenMP,8,5,0.000926018,1
easy_075,Easy,OpenMP,16,1,0.018715858,1
easy_075,Easy,OpenMP,16,2,0.043106079,1
easy_075,Easy,OpenMP,16,3,0.026365042,1
easy_075,Easy,OpenMP,16,4,0.033982038,1
easy_075,Easy,OpenMP,16,5,0.033535004,1
easy_075,Easy,OMP-BranchBoundMRV,4,1,0.000597000,1
easy_075,Easy,OMP-BranchBoundMRV,4,2,0.000581980,1
easy_075,Easy,OMP-BranchBoundMRV,4,3,0.000588894,1
easy_075,Easy,OMP-BranchBoundMRV,4,4,0.000577927,1
easy_075,Easy,OMP-BranchBoundMRV,4,5,0.000584126,1
easy_075,Easy,OMP-BranchBoundMRV,8,1,0.002161026,1
easy_075,Easy,OMP-BranchBoundMRV,8,2,0.000604868,1
easy_075,Easy,OMP-BranchBoundMRV,8,3,0.000593185,1
easy_075,Easy,OMP-BranchBoundMRV,8,4,0.000590086,1
easy_075,Easy,OMP-BranchBoundMRV,8,5,0.001265049,1
easy_075,Easy,OMP-BranchBoundMRV,16,1,0.034422874,1
easy_075,Easy,OMP-BranchBoundMRV,16,2,0.040149927,1
easy_075,Easy,OMP-BranchBoundMRV,16,3,0.025280952,1
easy_075,Easy,OMP-BranchBoundMRV,16,4,0.017886877,1
easy_075,Easy,OMP-BranchBoundMRV,16,5,0.010730028,1
easy_076,Easy,Serial,1,1,0.000182500,1
easy_076,Easy,Serial,1,2,0.000144333,1
easy_076,Easy,Serial,1,3,0.000141208,1
easy_076,Easy,Serial,1,4,0.000156125,1
easy_076,Easy,Serial,1,5,0.000159625,1
easy_076,Easy,Serial-MRV,1,1,0.000638834,1
easy_076,Easy,Serial-MRV,1,2,0.000564708,1
easy_076,Easy,Serial-MRV,1,3,0.000573125,1
easy_076,Easy,Serial-MRV,1,4,0.000563666,1
easy_076,Easy,Serial-MRV,1,5,0.000563375,1
easy_076,Easy,BranchBound,1,1,0.000118750,1
easy_076,Easy,BranchBound,1,2,0.000113875,1
easy_076,Easy,BranchBound,1,3,0.000113500,1
easy_076,Easy,BranchBound,1,4,0.000113250,1
easy_076,Easy,BranchBound,1,5,0.000113208,1
easy_076,Easy,BranchBoundMRV,1,1,0.000767875,1
easy_076,Easy,BranchBoundMRV,1,2,0.000776458,1
easy_076,Easy,BranchBoundMRV,1,3,0.000774375,1
easy_076,Easy,BranchBoundMRV,1,4,0.000765500,1
easy_076,Easy,BranchBoundMRV,1,5,0.000754208,1
easy_076,Easy,OpenMP,4,1,0.000643015,1
easy_076,Easy,OpenMP,4,2,0.000623941,1
easy_076,Easy,OpenMP,4,3,0.000630140,1
easy_076,Easy,OpenMP,4,4,0.000618935,1
easy_076,Easy,OpenMP,4,5,0.000617027,1
easy_076,Easy,OpenMP,8,1,0.000638008,1
easy_076,Easy,OpenMP,8,2,0.000633001,1
easy_076,Easy,OpenMP,8,3,0.000661135,1
easy_076,Easy,OpenMP,8,4,0.002644062,1
easy_076,Easy,OpenMP,8,5,0.000640154,1
easy_076,Easy,OpenMP,16,1,0.043746948,1
easy_076,Easy,OpenMP,16,2,0.028792858,1
easy_076,Easy,OpenMP,16,3,0.043335915,1
easy_076,Easy,OpenMP,16,4,0.030344009,1
easy_076,Easy,OpenMP,16,5,0.026340008,1
easy_076,Easy,OMP-BranchBoundMRV,4,1,0.000845909,1
easy_076,Easy,OMP-BranchBoundMRV,4,2,0.000812054,1
easy_076,Easy,OMP-BranchBoundMRV,4,3,0.000812054,1
easy_076,Easy,OMP-BranchBoundMRV,4,4,0.000804901,1
easy_076,Easy,OMP-BranchBoundMRV,4,5,0.000801086,1
easy_076,Easy,OMP-BranchBoundMRV,8,1,0.000828981,1
easy_076,Easy,OMP-BranchBoundMRV,8,2,0.000821114,1
easy_076,Easy,OMP-BranchBoundMRV,8,3,0.000813961,1
easy_076,Easy,OMP-BranchBoundMRV,8,4,0.000800848,1
easy_076,Easy,OMP-BranchBoundMRV,8,5,0.000798941,1
easy_076,Easy,OMP-BranchBoundMRV,16,1,0.037575960,1
easy_076,Easy,OMP-BranchBoundMRV,16,2,0.039249897,1
easy_076,Easy,OMP-BranchBoundMRV,16,3,0.041487932,1
easy_076,Easy,OMP-BranchBoundMRV,16,4,0.023795128,1
easy_076,Easy,OMP-BranchBoundMRV,16,5,0.007049799,1
easy_077,Easy,Serial,1,1,0.000065833,1
easy_077,Easy,Serial,1,2,0.000080959,1
easy_077,Easy,Serial,1,3,0.000059750,1
easy_077,Easy,Serial,1,4,0.000059083,1
easy_077,Easy,Serial,1,5,0.000058959,1
easy_077,Easy,Serial-MRV,1,1,0.000511042,1
easy_077,Easy,Serial-MRV,1,2,0.000530667,1
easy_077,Easy,Serial-MRV,1,3,0.000532917,1
easy_077,Easy,Serial-MRV,1,4,0.000493584,1
easy_077,Easy,Serial-MRV,1,5,0.000539292,1
easy_077,Easy,BranchBound,1,1,0.000056792,1
easy_077,Easy,BranchBound,1,2,0.000053458,1
easy_077,Easy,BranchBound,1,3,0.000052041,1
easy_077,Easy,BranchBound,1,4,0.000057750,1
easy_077,Easy,BranchBound,1,5,0.000053042,1
easy_077,Easy,BranchBoundMRV,1,1,0.000723292,1
easy_077,Easy,BranchBoundMRV,1,2,0.000632084,1
easy_077,Easy,BranchBoundMRV,1,3,0.000636333,1
easy_077,Easy,BranchBoundMRV,1,4,0.000604166,1
easy_077,Easy,BranchBoundMRV,1,5,0.000603792,1
easy_077,Easy,OpenMP,4,1,0.000548840,1
easy_077,Easy,OpenMP,4,2,0.000659943,1
easy_077,Easy,OpenMP,4,3,0.000535011,1
easy_077,Easy,OpenMP,4,4,0.000550032,1
easy_077,Easy,OpenMP,4,5,0.000636101,1
easy_077,Easy,OpenMP,8,1,0.000806093,1
easy_077,Easy,OpenMP,8,2,0.000533104,1
easy_077,Easy,OpenMP,8,3,0.000973940,1
easy_077,Easy,OpenMP,8,4,0.000561953,1
easy_077,Easy,OpenMP,8,5,0.000532866,1
easy_077,Easy,OpenMP,16,1,0.014178991,1
easy_077,Easy,OpenMP,16,2,0.021660805,1
easy_077,Easy,OpenMP,16,3,0.009355783,1
easy_077,Easy,OpenMP,16,4,0.017665148,1
easy_077,Easy,OpenMP,16,5,0.033327103,1
easy_077,Easy,OMP-BranchBoundMRV,4,1,0.000684977,1
easy_077,Easy,OMP-BranchBoundMRV,4,2,0.000668049,1
easy_077,Easy,OMP-BranchBoundMRV,4,3,0.000662088,1
easy_077,Easy,OMP-BranchBoundMRV,4,4,0.000666857,1
easy_077,Easy,OMP-BranchBoundMRV,4,5,0.000659943,1
easy_077,Easy,OMP-BranchBoundMRV,8,1,0.005324841,1
easy_077,Easy,OMP-BranchBoundMRV,8,2,0.004568815,1
easy_077,Easy,OMP-BranchBoundMRV,8,3,0.002822876,1
easy_077,Easy,OMP-BranchBoundMRV,8,4,0.008936882,1
easy_077,Easy,OMP-BranchBoundMRV,8,5,0.000674963,1
easy_077,Easy,OMP-BranchBoundMRV,16,1,0.008226871,1
easy_077,Easy,OMP-BranchBoundMRV,16,2,0.006009102,1
easy_077,Easy,OMP-BranchBoundMRV,16,3,0.005038023,1
easy_077,Easy,OMP-BranchBoundMRV,16,4,0.012742996,1
easy_077,Easy,OMP-BranchBoundMRV,16,5,0.004582882,1
easy_078,Easy,Serial,1,1,0.000082792,1
easy_078,Easy,Serial,1,2,0.000081709,1
easy_078,Easy,Serial,1,3,0.000082125,1
easy_078,Easy,Serial,1,4,0.000081750,1
easy_078,Easy,Serial,1,5,0.000087041,1
easy_078,Easy,Serial-MRV,1,1,0.000580583,1
easy_078,Easy,Serial-MRV,1,2,0.000481583,1
easy_078,Easy,Serial-MRV,1,3,0.000468416,1
easy_078,Easy,Serial-MRV,1,4,0.000467792,1
easy_078,Easy,Serial-MRV,1,5,0.000483375,1
easy_078,Easy,BranchBound,1,1,0.000078250,1
easy_078,Easy,BranchBound,1,2,0.000077583,1
easy_078,Easy,BranchBound,1,3,0.000072459,1
easy_078,Easy,BranchBound,1,4,0.000072333,1
easy_078,Easy,BranchBound,1,5,0.000072416,1
easy_078,Easy,BranchBoundMRV,1,1,0.000560583,1
easy_078,Easy,BranchBoundMRV,1,2,0.000825291,1
easy_078,Easy,BranchBoundMRV,1,3,0.000636459,1
easy_078,Easy,BranchBoundMRV,1,4,0.000556916,1
easy_078,Easy,BranchBoundMRV,1,5,0.000553208,1
easy_078,Easy,OpenMP,4,1,0.000550985,1
easy_078,Easy,OpenMP,4,2,0.000751019,1
easy_078,Easy,OpenMP,4,3,0.001177073,1
easy_078,Easy,OpenMP,4,4,0.000930786,1
easy_078,Easy,OpenMP,4,5,0.000995159,1
easy_078,Easy,OpenMP,8,1,0.004807949,1
easy_078,Easy,OpenMP,8,2,0.004477978,1
easy_078,Easy,OpenMP,8,3,0.004903078,1
easy_078,Easy,OpenMP,8,4,0.014719963,1
easy_078,Easy,OpenMP,8,5,0.006129026,1
easy_078,Easy,OpenMP,16,1,0.009061813,1
easy_078,Easy,OpenMP,16,2,0.007107973,1
easy_078,Easy,OpenMP,16,3,0.010818005,1
easy_078,Easy,OpenMP,16,4,0.005980015,1
easy_078,Easy,OpenMP,16,5,0.010354996,1
easy_078,Easy,OMP-BranchBoundMRV,4,1,0.000797033,1
easy_078,Easy,OMP-BranchBoundMRV,4,2,0.000643969,1
easy_078,Easy,OMP-BranchBoundMRV,4,3,0.003378868,1
easy_078,Easy,OMP-BranchBoundMRV,4,4,0.001199007,1
easy_078,Easy,OMP-BranchBoundMRV,4,5,0.004321814,1
easy_078,Easy,OMP-BranchBoundMRV,8,1,0.012346029,1
easy_078,Easy,OMP-BranchBoundMRV,8,2,0.001514912,1
easy_078,Easy,OMP-BranchBoundMRV,8,3,0.011311054,1
easy_078,Easy,OMP-BranchBoundMRV,8,4,0.011506081,1
easy_078,Easy,OMP-BranchBoundMRV,8,5,0.012857914,1
easy_078,Easy,OMP-BranchBoundMRV,16,1,0.012655020,1
easy_078,Easy,OMP-BranchBoundMRV,16,2,0.015976906,1
easy_078,Easy,OMP-BranchBoundMRV,16,3,0.033564091,1
easy_078,Easy,OMP-BranchBoundMRV,16,4,0.015393972,1
easy_078,Easy,OMP-BranchBoundMRV,16,5,0.006973982,1
easy_079,Easy,Serial,1,1,0.000405709,1
easy_079,Easy,Serial,1,2,0.000387042,1
easy_079,Easy,Serial,1,3,0.000424208,1
easy_079,Easy,Serial,1,4,0.000410583,1
easy_079,Easy,Serial,1,5,0.000487875,1
easy_079,Easy,Serial-MRV,1,1,0.002096708,1
easy_079,Easy,Serial-MRV,1,2,0.001654125,1
easy_079,Easy,Serial-MRV,1,3,0.001363625,1
easy_079,Easy,Serial-MRV,1,4,0.001362958,1
easy_079,Easy,Serial-MRV,1,5,0.001382791,1
easy_079,Easy,BranchBound,1,1,0.000354750,1
easy_079,Easy,BranchBound,1,2,0.000364083,1
easy_079,Easy,BranchBound,1,3,0.000408792,1
easy_079,Easy,BranchBound,1,4,0.000435000,1
easy_079,Easy,BranchBound,1,5,0.000369250,1
easy_079,Easy,BranchBoundMRV,1,1,0.002271084,1
easy_079,Easy,BranchBoundMRV,1,2,0.003859583,1
easy_079,Easy,BranchBoundMRV,1,3,0.002947125,1
easy_079,Easy,BranchBoundMRV,1,4,0.003287667,1
easy_079,Easy,BranchBoundMRV,1,5,0.004546708,1
easy_079,Easy,OpenMP,4,1,0.008404970,1
easy_079,Easy,OpenMP,4,2,0.003519058,1
easy_079,Easy,OpenMP,4,3,0.001832962,1
easy_079,Easy,OpenMP,4,4,0.002691984,1
easy_079,Easy,OpenMP,4,5,0.003152847,1
easy_079,Easy,OpenMP,8,1,0.014947891,1
easy_079,Easy,OpenMP,8,2,0.009996891,1
easy_079,Easy,OpenMP,8,3,0.019800901,1
easy_079,Easy,OpenMP,8,4,0.029107094,1
easy_079,Easy,OpenMP,8,5,0.002417088,1
easy_079,Easy,OpenMP,16,1,0.002575874,1
easy_079,Easy,OpenMP,16,2,0.013703108,1
easy_079,Easy,OpenMP,16,3,0.019935846,1
easy_079,Easy,OpenMP,16,4,0.041117907,1
easy_079,Easy,OpenMP,16,5,0.023447037,1
easy_079,Easy,OMP-BranchBoundMRV,4,1,0.001698017,1
easy_079,Easy,OMP-BranchBoundMRV,4,2,0.001719952,1
easy_079,Easy,OMP-BranchBoundMRV,4,3,0.001701832,1
easy_079,Easy,OMP-BranchBoundMRV,4,4,0.001827955,1
easy_079,Easy,OMP-BranchBoundMRV,4,5,0.001919031,1
easy_079,Easy,OMP-BranchBoundMRV,8,1,0.002288818,1
easy_079,Easy,OMP-BranchBoundMRV,8,2,0.003597975,1
easy_079,Easy,OMP-BranchBoundMRV,8,3,0.004008055,1
easy_079,Easy,OMP-BranchBoundMRV,8,4,0.002676010,1
easy_079,Easy,OMP-BranchBoundMRV,8,5,0.002089977,1
easy_079,Easy,OMP-BranchBoundMRV,16,1,0.007817984,1
easy_079,Easy,OMP-BranchBoundMRV,16,2,0.024415970,1
easy_079,Easy,OMP-BranchBoundMRV,16,3,0.021514893,1
easy_079,Easy,OMP-BranchBoundMRV,16,4,0.007611990,1
easy_079,Easy,OMP-BranchBoundMRV,16,5,0.009766102,1
easy_080,Easy,Serial,1,1,0.000767791,1
easy_080,Easy,Serial,1,2,0.000786041,1
easy_080,Easy,Serial,1,3,0.000749000,1
easy_080,Easy,Serial,1,4,0.000745125,1
easy_080,Easy,Serial,1,5,0.000858667,1
easy_080,Easy,Serial-MRV,1,1,0.000862708,1
easy_080,Easy,Serial-MRV,1,2,0.000889583,1
easy_080,Easy,Serial-MRV,1,3,0.000854083,1
easy_080,Easy,Serial-MRV,1,4,0.000911791,1
easy_080,Easy,Serial-MRV,1,5,0.000933333,1
easy_080,Easy,BranchBound,1,1,0.000640208,1
easy_080,Easy,BranchBound,1,2,0.000634084,1
easy_080,Easy,BranchBound,1,3,0.000671250,1
easy_080,Easy,BranchBound,1,4,0.000674542,1
easy_080,Easy,BranchBound,1,5,0.000628500,1
easy_080,Easy,BranchBoundMRV,1,1,0.001213750,1
easy_080,Easy,BranchBoundMRV,1,2,0.001237500,1
easy_080,Easy,BranchBoundMRV,1,3,0.001220458,1
easy_080,Easy,BranchBoundMRV,1,4,0.001272875,1
easy_080,Easy,BranchBoundMRV,1,5,0.001198708,1
easy_080,Easy,OpenMP,4,1,0.000936031,1
easy_080,Easy,OpenMP,4,2,0.000919819,1
easy_080,Easy,OpenMP,4,3,0.000927925,1
easy_080,Easy,OpenMP,4,4,0.000922918,1
easy_080,Easy,OpenMP,4,5,0.000916958,1
easy_080,Easy,OpenMP,8,1,0.001039028,1
easy_080,Easy,OpenMP,8,2,0.000928879,1
easy_080,Easy,OpenMP,8,3,0.000926971,1
easy_080,Easy,OpenMP,8,4,0.001043797,1
easy_080,Easy,OpenMP,8,5,0.000915051,1
easy_080,Easy,OpenMP,16,1,0.019410849,1
easy_080,Easy,OpenMP,16,2,0.012701988,1
easy_080,Easy,OpenMP,16,3,0.021052837,1
easy_080,Easy,OpenMP,16,4,0.009870052,1
easy_080,Easy,OpenMP,16,5,0.026984930,1
easy_080,Easy,OMP-BranchBoundMRV,4,1,0.001441002,1
easy_080,Easy,OMP-BranchBoundMRV,4,2,0.001508951,1
easy_080,Easy,OMP-BranchBoundMRV,4,3,0.001301050,1
easy_080,Easy,OMP-BranchBoundMRV,4,4,0.001303911,1
easy_080,Easy,OMP-BranchBoundMRV,4,5,0.001336098,1
easy_080,Easy,OMP-BranchBoundMRV,8,1,0.001313925,1
easy_080,Easy,OMP-BranchBoundMRV,8,2,0.002922058,1
easy_080,Easy,OMP-BranchBoundMRV,8,3,0.001312017,1
easy_080,Easy,OMP-BranchBoundMRV,8,4,0.001663923,1
easy_080,Easy,OMP-BranchBoundMRV,8,5,0.002866030,1
easy_080,Easy,OMP-BranchBoundMRV,16,1,0.027179956,1
easy_080,Easy,OMP-BranchBoundMRV,16,2,0.008018017,1
easy_080,Easy,OMP-BranchBoundMRV,16,3,0.010746956,1
easy_080,Easy,OMP-BranchBoundMRV,16,4,0.008038998,1
easy_080,Easy,OMP-BranchBoundMRV,16,5,0.006811142,1
easy_081,Easy,Serial,1,1,0.000283916,1
easy_081,Easy,Serial,1,2,0.000277209,1
easy_081,Easy,Serial,1,3,0.000249291,1
easy_081,Easy,Serial,1,4,0.000243667,1
easy_081,Easy,Serial,1,5,0.000285250,1
easy_081,Easy,Serial-MRV,1,1,0.000734125,1
easy_081,Easy,Serial-MRV,1,2,0.000792125,1
easy_081,Easy,Serial-MRV,1,3,0.000740750,1
easy_081,Easy,Serial-MRV,1,4,0.001075750,1
easy_081,Easy,Serial-MRV,1,5,0.001005959,1
easy_081,Easy,BranchBound,1,1,0.000190958,1
easy_081,Easy,BranchBound,1,2,0.000177000,1
easy_081,Easy,BranchBound,1,3,0.000176042,1
easy_081,Easy,BranchBound,1,4,0.000175959,1
easy_081,Easy,BranchBound,1,5,0.000205583,1
easy_081,Easy,BranchBoundMRV,1,1,0.001031041,1
easy_081,Easy,BranchBoundMRV,1,2,0.001028542,1
easy_081,Easy,BranchBoundMRV,1,3,0.001069458,1
easy_081,Easy,BranchBoundMRV,1,4,0.000997500,1
easy_081,Easy,BranchBoundMRV,1,5,0.001013625,1
easy_081,Easy,OpenMP,4,1,0.000887156,1
easy_081,Easy,OpenMP,4,2,0.000793934,1
easy_081,Easy,OpenMP,4,3,0.000789881,1
easy_081,Easy,OpenMP,4,4,0.000785112,1
easy_081,Easy,OpenMP,4,5,0.000922918,1
easy_081,Easy,OpenMP,8,1,0.002902985,1
easy_081,Easy,OpenMP,8,2,0.002542019,1
easy_081,Easy,OpenMP,8,3,0.000799894,1
easy_081,Easy,OpenMP,8,4,0.001130819,1
easy_081,Easy,OpenMP,8,5,0.001283884,1
easy_081,Easy,OpenMP,16,1,0.027754068,1
easy_081,Easy,OpenMP,16,2,0.025844812,1
easy_081,Easy,OpenMP,16,3,0.016638041,1
easy_081,Easy,OpenMP,16,4,0.016249180,1
easy_081,Easy,OpenMP,16,5,0.023625135,1
easy_081,Easy,OMP-BranchBoundMRV,4,1,0.001073122,1
easy_081,Easy,OMP-BranchBoundMRV,4,2,0.001078129,1
easy_081,Easy,OMP-BranchBoundMRV,4,3,0.001064062,1
easy_081,Easy,OMP-BranchBoundMRV,4,4,0.001065016,1
easy_081,Easy,OMP-BranchBoundMRV,4,5,0.001185894,1
easy_081,Easy,OMP-BranchBoundMRV,8,1,0.001751900,1
easy_081,Easy,OMP-BranchBoundMRV,8,2,0.002195835,1
easy_081,Easy,OMP-BranchBoundMRV,8,3,0.001072884,1
easy_081,Easy,OMP-BranchBoundMRV,8,4,0.001240969,1
easy_081,Easy,OMP-BranchBoundMRV,8,5,0.002442122,1
easy_081,Easy,OMP-BranchBoundMRV,16,1,0.045298815,1
easy_081,Easy,OMP-BranchBoundMRV,16,2,0.023457050,1
easy_081,Easy,OMP-BranchBoundMRV,16,3,0.023873091,1
easy_081,Easy,OMP-BranchBoundMRV,16,4,0.012620926,1
easy_081,Easy,OMP-BranchBoundMRV,16,5,0.050431967,1
easy_082,Easy,Serial,1,1,0.000137417,1
easy_082,Easy,Serial,1,2,0.000132750,1
easy_082,Easy,Serial,1,3,0.000131042,1
easy_082,Easy,Serial,1,4,0.000130417,1
easy_082,Easy,Serial,1,5,0.000131500,1
easy_082,Easy,Serial-MRV,1,1,0.000460458,1
easy_082,Easy,Serial-MRV,1,2,0.000453750,1
easy_082,Easy,Serial-MRV,1,3,0.000453209,1
easy_082,Easy,Serial-MRV,1,4,0.000452958,1
easy_082,Easy,Serial-MRV,1,5,0.000452417,1
easy_082,Easy,BranchBound,1,1,0.000118041,1
easy_082,Easy,BranchBound,1,2,0.000112833,1
easy_082,Easy,BranchBound,1,3,0.000112542,1
easy_082,Easy,BranchBound,1,4,0.000112375,1
easy_082,Easy,BranchBound,1,5,0.000112208,1
easy_082,Easy,BranchBoundMRV,1,1,0.000591083,1
easy_082,Easy,BranchBoundMRV,1,2,0.000585084,1
easy_082,Easy,BranchBoundMRV,1,3,0.000583625,1
easy_082,Easy,BranchBoundMRV,1,4,0.000583417,1
easy_082,Easy,BranchBoundMRV,1,5,0.000583333,1
easy_082,Easy,OpenMP,4,1,0.000525951,1
easy_082,Easy,OpenMP,4,2,0.000500917,1
easy_082,Easy,OpenMP,4,3,0.000502825,1
easy_082,Easy,OpenMP,4,4,0.000494957,1
easy_082,Easy,OpenMP,4,5,0.000495911,1
easy_082,Easy,OpenMP,8,1,0.000509024,1
easy_082,Easy,OpenMP,8,2,0.002165079,1
easy_082,Easy,OpenMP,8,3,0.000499010,1
easy_082,Easy,OpenMP,8,4,0.001240015,1
easy_082,Easy,OpenMP,8,5,0.002485991,1
easy_082,Easy,OpenMP,16,1,0.017912149,1
easy_082,Easy,OpenMP,16,2,0.032320976,1
easy_082,Easy,OpenMP,16,3,0.013612986,1
easy_082,Easy,OpenMP,16,4,0.010059118,1
easy_082,Easy,OpenMP,16,5,0.021831036,1
easy_082,Easy,OMP-BranchBoundMRV,4,1,0.000676870,1
easy_082,Easy,OMP-BranchBoundMRV,4,2,0.000658035,1
easy_082,Easy,OMP-BranchBoundMRV,4,3,0.000644922,1
easy_082,Easy,OMP-BranchBoundMRV,4,4,0.000707865,1
easy_082,Easy,OMP-BranchBoundMRV,4,5,0.000679016,1
easy_082,Easy,OMP-BranchBoundMRV,8,1,0.000938177,1
easy_082,Easy,OMP-BranchBoundMRV,8,2,0.001707077,1
easy_082,Easy,OMP-BranchBoundMRV,8,3,0.000866890,1
easy_082,Easy,OMP-BranchBoundMRV,8,4,0.001255989,1
easy_082,Easy,OMP-BranchBoundMRV,8,5,0.001406908,1
easy_082,Easy,OMP-BranchBoundMRV,16,1,0.013478041,1
easy_082,Easy,OMP-BranchBoundMRV,16,2,0.020817041,1
easy_082,Easy,OMP-BranchBoundMRV,16,3,0.010591984,1
easy_082,Easy,OMP-BranchBoundMRV,16,4,0.007586956,1
easy_082,Easy,OMP-BranchBoundMRV,16,5,0.010565042,1
medium_001,Medium,Serial,1,1,0.014326041,1
medium_001,Medium,Serial,1,2,0.008472042,1
medium_001,Medium,Serial,1,3,0.008749875,1
medium_001,Medium,Serial,1,4,0.008491917,1
medium_001,Medium,Serial,1,5,0.008672625,1
medium_001,Medium,Serial-MRV,1,1,0.007292042,1
medium_001,Medium,Serial-MRV,1,2,0.007218166,1
medium_001,Medium,Serial-MRV,1,3,0.007150459,1
medium_001,Medium,Serial-MRV,1,4,0.007100000,1
medium_001,Medium,Serial-MRV,1,5,0.007229333,1
medium_001,Medium,BranchBound,1,1,0.007097291,1
medium_001,Medium,BranchBound,1,2,0.007210834,1
medium_001,Medium,BranchBound,1,3,0.007738500,1
medium_001,Medium,BranchBound,1,4,0.012097208,1
medium_001,Medium,BranchBound,1,5,0.006983042,1
medium_001,Medium,BranchBoundMRV,1,1,0.009694875,1
medium_001,Medium,BranchBoundMRV,1,2,0.009376375,1
medium_001,Medium,BranchBoundMRV,1,3,0.009687291,1
medium_001,Medium,BranchBoundMRV,1,4,0.009482958,1
medium_001,Medium,BranchBoundMRV,1,5,0.009428833,1
medium_001,Medium,OpenMP,4,1,0.007611990,1
medium_001,Medium,OpenMP,4,2,0.007714987,1
medium_001,Medium,OpenMP,4,3,0.007897139,1
medium_001,Medium,OpenMP,4,4,0.007761002,1
medium_001,Medium,OpenMP,4,5,0.007848024,1
medium_001,Medium,OpenMP,8,1,0.014452934,1
medium_001,Medium,OpenMP,8,2,0.008281946,1
medium_001,Medium,OpenMP,8,3,0.013054132,1
medium_001,Medium,OpenMP,8,4,0.009826183,1
medium_001,Medium,OpenMP,8,5,0.008669138,1
medium_001,Medium,OpenMP,16,1,0.024944067,1
medium_001,Medium,OpenMP,16,2,0.035792112,1
medium_001,Medium,OpenMP,16,3,0.177152872,1
medium_001,Medium,OpenMP,16,4,0.033660173,1
medium_001,Medium,OpenMP,16,5,0.033450127,1
medium_001,Medium,OMP-BranchBoundMRV,4,1,0.009420156,1
medium_001,Medium,OMP-BranchBoundMRV,4,2,0.010150194,1
medium_001,Medium,OMP-BranchBoundMRV,4,3,0.010020971,1
medium_001,Medium,OMP-BranchBoundMRV,4,4,0.009957075,1
medium_001,Medium,OMP-BranchBoundMRV,4,5,0.010156155,1
medium_001,Medium,OMP-BranchBoundMRV,8,1,0.011693001,1
medium_001,Medium,OMP-BranchBoundMRV,8,2,0.011294127,1
medium_001,Medium,OMP-BranchBoundMRV,8,3,0.012129068,1
medium_001,Medium,OMP-BranchBoundMRV,8,4,0.014306068,1
medium_001,Medium,OMP-BranchBoundMRV,8,5,0.009407043,1
medium_001,Medium,OMP-BranchBoundMRV,16,1,0.055664062,1
medium_001,Medium,OMP-BranchBoundMRV,16,2,0.067976952,1
medium_001,Medium,OMP-BranchBoundMRV,16,3,0.058835030,1
medium_001,Medium,OMP-BranchBoundMRV,16,4,0.044203043,1
medium_001,Medium,OMP-BranchBoundMRV,16,5,0.051116943,1
medium_002,Medium,Serial,1,1,0.044615625,1
medium_002,Medium,Serial,1,2,0.044816250,1
medium_002,Medium,Serial,1,3,0.044561209,1
medium_002,Medium,Serial,1,4,0.044622458,1
medium_002,Medium,Serial,1,5,0.045786083,1
medium_002,Medium,Serial-MRV,1,1,0.004894292,1
medium_002,Medium,Serial-MRV,1,2,0.004956208,1
medium_002,Medium,Serial-MRV,1,3,0.004923167,1
medium_002,Medium,Serial-MRV,1,4,0.005050792,1
medium_002,Medium,Serial-MRV,1,5,0.004713542,1
medium_002,Medium,BranchBound,1,1,0.039653167,1
medium_002,Medium,BranchBound,1,2,0.039511709,1
medium_002,Medium,BranchBound,1,3,0.039757792,1
medium_002,Medium,BranchBound,1,4,0.072952292,1
medium_002,Medium,BranchBound,1,5,0.115831416,1
medium_002,Medium,BranchBoundMRV,1,1,0.006775292,1
medium_002,Medium,BranchBoundMRV,1,2,0.007124583,1
medium_002,Medium,BranchBoundMRV,1,3,0.011898958,1
medium_002,Medium,BranchBoundMRV,1,4,0.011862500,1
medium_002,Medium,BranchBoundMRV,1,5,0.021059084,1
medium_002,Medium,OpenMP,4,1,0.016406059,1
medium_002,Medium,OpenMP,4,2,0.027537823,1
medium_002,Medium,OpenMP,4,3,0.030380964,1
medium_002,Medium,OpenMP,4,4,0.009862185,1
medium_002,Medium,OpenMP,4,5,0.008976936,1
medium_002,Medium,OpenMP,8,1,0.013572931,1
medium_002,Medium,OpenMP,8,2,0.014509916,1
medium_002,Medium,OpenMP,8,3,0.015763998,1
medium_002,Medium,OpenMP,8,4,0.008368015,1
medium_002,Medium,OpenMP,8,5,0.011471033,1
medium_002,Medium,OpenMP,16,1,0.019423962,1
medium_002,Medium,OpenMP,16,2,0.025798798,1
medium_002,Medium,OpenMP,16,3,0.011291027,1
medium_002,Medium,OpenMP,16,4,0.042119980,1
medium_002,Medium,OpenMP,16,5,0.030537844,1
medium_002,Medium,OMP-BranchBoundMRV,4,1,0.010382891,1
medium_002,Medium,OMP-BranchBoundMRV,4,2,0.011084080,1
medium_002,Medium,OMP-BranchBoundMRV,4,3,0.007174969,1
medium_002,Medium,OMP-BranchBoundMRV,4,4,0.009919167,1
medium_002,Medium,OMP-BranchBoundMRV,4,5,0.018635035,1
medium_002,Medium,OMP-BranchBoundMRV,8,1,0.026179075,1
medium_002,Medium,OMP-BranchBoundMRV,8,2,0.037851095,1
medium_002,Medium,OMP-BranchBoundMRV,8,3,0.041056156,1
medium_002,Medium,OMP-BranchBoundMRV,8,4,0.008043051,1
medium_002,Medium,OMP-BranchBoundMRV,8,5,0.014034033,1
medium_002,Medium,OMP-BranchBoundMRV,16,1,0.053878069,1
medium_002,Medium,OMP-BranchBoundMRV,16,2,0.046813011,1
medium_002,Medium,OMP-BranchBoundMRV,16,3,0.065300941,1
medium_002,Medium,OMP-BranchBoundMRV,16,4,0.028877020,1
medium_002,Medium,OMP-BranchBoundMRV,16,5,0.077160120,1
medium_003,Medium,Serial,1,1,0.034330291,1
medium_003,Medium,Serial,1,2,0.024473083,1
medium_003,Medium,Serial,1,3,0.022361958,1
medium_003,Medium,Serial,1,4,0.021686375,1
medium_003,Medium,Serial,1,5,0.021707791,1
medium_003,Medium,Serial-MRV,1,1,0.010893958,1
medium_003,Medium,Serial-MRV,1,2,0.010765375,1
medium_003,Medium,Serial-MRV,1,3,0.011076917,1
medium_003,Medium,Serial-MRV,1,4,0.010944834,1
medium_003,Medium,Serial-MRV,1,5,0.010990083,1
medium_003,Medium,BranchBound,1,1,0.018889667,1
medium_003,Medium,BranchBound,1,2,0.019968000,1
medium_003,Medium,BranchBound,1,3,0.019963292,1
medium_003,Medium,BranchBound,1,4,0.019614125,1
medium_003,Medium,BranchBound,1,5,0.019659209,1
medium_003,Medium,BranchBoundMRV,1,1,0.015565291,1
medium_003,Medium,BranchBoundMRV,1,2,0.015468250,1
medium_003,Medium,BranchBoundMRV,1,3,0.014880833,1
medium_003,Medium,BranchBoundMRV,1,4,0.014845750,1
medium_003,Medium,BranchBoundMRV,1,5,0.014916625,1
medium_003,Medium,OpenMP,4,1,0.003000975,1
medium_003,Medium,OpenMP,4,2,0.003036976,1
medium_003,Medium,OpenMP,4,3,0.002997160,1
medium_003,Medium,OpenMP,4,4,0.002974033,1
medium_003,Medium,OpenMP,4,5,0.002976179,1
medium_003,Medium,OpenMP,8,1,0.006984949,1
medium_003,Medium,OpenMP,8,2,0.006924868,1
medium_003,Medium,OpenMP,8,3,0.003079891,1
medium_003,Medium,OpenMP,8,4,0.003231049,1
medium_003,Medium,OpenMP,8,5,0.003029108,1
medium_003,Medium,OpenMP,16,1,0.071658850,1
medium_003,Medium,OpenMP,16,2,0.039101124,1
medium_003,Medium,OpenMP,16,3,0.017801046,1
medium_003,Medium,OpenMP,16,4,0.031166077,1
medium_003,Medium,OpenMP,16,5,0.021131992,1
medium_003,Medium,OMP-BranchBoundMRV,4,1,0.004216909,1
medium_003,Medium,OMP-BranchBoundMRV,4,2,0.004293919,1
medium_003,Medium,OMP-BranchBoundMRV,4,3,0.004202127,1
medium_003,Medium,OMP-BranchBoundMRV,4,4,0.004186153,1
medium_003,Medium,OMP-BranchBoundMRV,4,5,0.004169941,1
medium_003,Medium,OMP-BranchBoundMRV,8,1,0.008485794,1
medium_003,Medium,OMP-BranchBoundMRV,8,2,0.009485960,1
medium_003,Medium,OMP-BranchBoundMRV,8,3,0.009616852,1
medium_003,Medium,OMP-BranchBoundMRV,8,4,0.004251957,1
medium_003,Medium,OMP-BranchBoundMRV,8,5,0.004143953,1
medium_003,Medium,OMP-BranchBoundMRV,16,1,0.032176018,1
medium_003,Medium,OMP-BranchBoundMRV,16,2,0.081694126,1
medium_003,Medium,OMP-BranchBoundMRV,16,3,0.025171041,1
medium_003,Medium,OMP-BranchBoundMRV,16,4,0.023464918,1
medium_003,Medium,OMP-BranchBoundMRV,16,5,0.035285950,1
medium_004,Medium,Serial,1,1,0.014104500,1
medium_004,Medium,Serial,1,2,0.009849250,1
medium_004,Medium,Serial,1,3,0.007183167,1
medium_004,Medium,Serial,1,4,0.007220541,1
medium_004,Medium,Serial,1,5,0.007099041,1
medium_004,Medium,Serial-MRV,1,1,0.003052333,1
medium_004,Medium,Serial-MRV,1,2,0.003073458,1
medium_004,Medium,Serial-MRV,1,3,0.003000042,1
medium_004,Medium,Serial-MRV,1,4,0.002912375,1
medium_004,Medium,Serial-MRV,1,5,0.002969542,1
medium_004,Medium,BranchBound,1,1,0.006411084,1
medium_004,Medium,BranchBound,1,2,0.006462042,1
medium_004,Medium,BranchBound,1,3,0.006394166,1
medium_004,Medium,BranchBound,1,4,0.006483500,1
medium_004,Medium,BranchBound,1,5,0.006348625,1
medium_004,Medium,BranchBoundMRV,1,1,0.003861875,1
medium_004,Medium,BranchBoundMRV,1,2,0.003826292,1
medium_004,Medium,BranchBoundMRV,1,3,0.004010042,1
medium_004,Medium,BranchBoundMRV,1,4,0.003821959,1
medium_004,Medium,BranchBoundMRV,1,5,0.003908709,1
medium_004,Medium,OpenMP,4,1,0.003108025,1
medium_004,Medium,OpenMP,4,2,0.003226042,1
medium_004,Medium,OpenMP,4,3,0.003089905,1
medium_004,Medium,OpenMP,4,4,0.003116131,1
medium_004,Medium,OpenMP,4,5,0.003100157,1
medium_004,Medium,OpenMP,8,1,0.003118992,1
medium_004,Medium,OpenMP,8,2,0.003447056,1
medium_004,Medium,OpenMP,8,3,0.004324913,1
medium_004,Medium,OpenMP,8,4,0.003110170,1
medium_004,Medium,OpenMP,8,5,0.003106117,1
medium_004,Medium,OpenMP,16,1,0.013432980,1
medium_004,Medium,OpenMP,16,2,0.018879890,1
medium_004,Medium,OpenMP,16,3,0.010556936,1
medium_004,Medium,OpenMP,16,4,0.012938023,1
medium_004,Medium,OpenMP,16,5,0.023226023,1
medium_004,Medium,OMP-BranchBoundMRV,4,1,0.004591942,1
medium_004,Medium,OMP-BranchBoundMRV,4,2,0.004352093,1
medium_004,Medium,OMP-BranchBoundMRV,4,3,0.004261971,1
medium_004,Medium,OMP-BranchBoundMRV,4,4,0.004465103,1
medium_004,Medium,OMP-BranchBoundMRV,4,5,0.004888058,1
medium_004,Medium,OMP-BranchBoundMRV,8,1,0.006765842,1
medium_004,Medium,OMP-BranchBoundMRV,8,2,0.006784916,1
medium_004,Medium,OMP-BranchBoundMRV,8,3,0.004539013,1
medium_004,Medium,OMP-BranchBoundMRV,8,4,0.006412029,1
medium_004,Medium,OMP-BranchBoundMRV,8,5,0.005274057,1
medium_004,Medium,OMP-BranchBoundMRV,16,1,0.007575035,1
medium_004,Medium,OMP-BranchBoundMRV,16,2,0.021145105,1
medium_004,Medium,OMP-BranchBoundMRV,16,3,0.026904821,1
medium_004,Medium,OMP-BranchBoundMRV,16,4,0.038577080,1
medium_004,Medium,OMP-BranchBoundMRV,16,5,0.030473948,1
medium_005,Medium,Serial,1,1,0.050982417,1
medium_005,Medium,Serial,1,2,0.029937417,1
medium_005,Medium,Serial,1,3,0.058939084,1
medium_005,Medium,Serial,1,4,0.044080125,1
medium_005,Medium,Serial,1,5,0.026253500,1
medium_005,Medium,Serial-MRV,1,1,0.005203666,1
medium_005,Medium,Serial-MRV,1,2,0.005186958,1
medium_005,Medium,Serial-MRV,1,3,0.005273708,1
medium_005,Medium,Serial-MRV,1,4,0.005385250,1
medium_005,Medium,Serial-MRV,1,5,0.005371625,1
medium_005,Medium,BranchBound,1,1,0.025292709,1
medium_005,Medium,BranchBound,1,2,0.024591500,1
medium_005,Medium,BranchBound,1,3,0.023037917,1
medium_005,Medium,BranchBound,1,4,0.022803625,1
medium_005,Medium,BranchBound,1,5,0.022889083,1
medium_005,Medium,BranchBoundMRV,1,1,0.007774500,1
medium_005,Medium,BranchBoundMRV,1,2,0.007556042,1
medium_005,Medium,BranchBoundMRV,1,3,0.007394458,1
medium_005,Medium,BranchBoundMRV,1,4,0.007456166,1
medium_005,Medium,BranchBoundMRV,1,5,0.007486292,1
medium_005,Medium,OpenMP,4,1,0.005455017,1
medium_005,Medium,OpenMP,4,2,0.005373955,1
medium_005,Medium,OpenMP,4,3,0.005357027,1
medium_005,Medium,OpenMP,4,4,0.005526066,1
medium_005,Medium,OpenMP,4,5,0.005382061,1
medium_005,Medium,OpenMP,8,1,0.011823893,1
medium_005,Medium,OpenMP,8,2,0.012824059,1
medium_005,Medium,OpenMP,8,3,0.014096975,1
medium_005,Medium,OpenMP,8,4,0.011605978,1
medium_005,Medium,OpenMP,8,5,0.011802912,1
medium_005,Medium,OpenMP,16,1,0.033045053,1
medium_005,Medium,OpenMP,16,2,0.067354918,1
medium_005,Medium,OpenMP,16,3,0.033317089,1
medium_005,Medium,OpenMP,16,4,0.009003162,1
medium_005,Medium,OpenMP,16,5,0.017948151,1
medium_005,Medium,OMP-BranchBoundMRV,4,1,0.008172035,1
medium_005,Medium,OMP-BranchBoundMRV,4,2,0.008759975,1
medium_005,Medium,OMP-BranchBoundMRV,4,3,0.008235931,1
medium_005,Medium,OMP-BranchBoundMRV,4,4,0.007976770,1
medium_005,Medium,OMP-BranchBoundMRV,4,5,0.007914066,1
medium_005,Medium,OMP-BranchBoundMRV,8,1,0.007946968,1
medium_005,Medium,OMP-BranchBoundMRV,8,2,0.007960796,1
medium_005,Medium,OMP-BranchBoundMRV,8,3,0.023579121,1
medium_005,Medium,OMP-BranchBoundMRV,8,4,0.007900953,1
medium_005,Medium,OMP-BranchBoundMRV,8,5,0.017746925,1
medium_005,Medium,OMP-BranchBoundMRV,16,1,0.140985012,1
medium_005,Medium,OMP-BranchBoundMRV,16,2,0.031975031,1
medium_005,Medium,OMP-BranchBoundMRV,16,3,0.043740988,1
medium_005,Medium,OMP-BranchBoundMRV,16,4,0.055217981,1
medium_005,Medium,OMP-BranchBoundMRV,16,5,0.042532206,1
medium_006,Medium,Serial,1,1,0.005930875,1
medium_006,Medium,Serial,1,2,0.005949208,1
medium_006,Medium,Serial,1,3,0.005913333,1
medium_006,Medium,Serial,1,4,0.005952625,1
medium_006,Medium,Serial,1,5,0.006002833,1
medium_006,Medium,Serial-MRV,1,1,0.005982667,1
medium_006,Medium,Serial-MRV,1,2,0.005877833,1
medium_006,Medium,Serial-MRV,1,3,0.005882709,1
medium_006,Medium,Serial-MRV,1,4,0.005995042,1
medium_006,Medium,Serial-MRV,1,5,0.005938625,1
medium_006,Medium,BranchBound,1,1,0.005556667,1
medium_006,Medium,BranchBound,1,2,0.005546417,1
medium_006,Medium,BranchBound,1,3,0.005520916,1
medium_006,Medium,BranchBound,1,4,0.005646792,1
medium_006,Medium,BranchBound,1,5,0.005754958,1
medium_006,Medium,BranchBoundMRV,1,1,0.007732667,1
medium_006,Medium,BranchBoundMRV,1,2,0.008176959,1
medium_006,Medium,BranchBoundMRV,1,3,0.007724917,1
medium_006,Medium,BranchBoundMRV,1,4,0.007730500,1
medium_006,Medium,BranchBoundMRV,1,5,0.007801250,1
medium_006,Medium,OpenMP,4,1,0.003502131,1
medium_006,Medium,OpenMP,4,2,0.003468990,1
medium_006,Medium,OpenMP,4,3,0.003463984,1
medium_006,Medium,OpenMP,4,4,0.003453016,1
medium_006,Medium,OpenMP,4,5,0.003582001,1
medium_006,Medium,OpenMP,8,1,0.009099960,1
medium_006,Medium,OpenMP,8,2,0.007352114,1
medium_006,Medium,OpenMP,8,3,0.008452892,1
medium_006,Medium,OpenMP,8,4,0.008821011,1
medium_006,Medium,OpenMP,8,5,0.008000135,1
medium_006,Medium,OpenMP,16,1,0.019007921,1
medium_006,Medium,OpenMP,16,2,0.028914213,1
medium_006,Medium,OpenMP,16,3,0.036579132,1
medium_006,Medium,OpenMP,16,4,0.006204844,1
medium_006,Medium,OpenMP,16,5,0.016907930,1
medium_006,Medium,OMP-BranchBoundMRV,4,1,0.005639076,1
medium_006,Medium,OMP-BranchBoundMRV,4,2,0.005073786,1
medium_006,Medium,OMP-BranchBoundMRV,4,3,0.004637957,1
medium_006,Medium,OMP-BranchBoundMRV,4,4,0.004530907,1
medium_006,Medium,OMP-BranchBoundMRV,4,5,0.005474091,1
medium_006,Medium,OMP-BranchBoundMRV,8,1,0.010623932,1
medium_006,Medium,OMP-BranchBoundMRV,8,2,0.010747910,1
medium_006,Medium,OMP-BranchBoundMRV,8,3,0.010440826,1
medium_006,Medium,OMP-BranchBoundMRV,8,4,0.007349014,1
medium_006,Medium,OMP-BranchBoundMRV,8,5,0.004955053,1
medium_006,Medium,OMP-BranchBoundMRV,16,1,0.036539078,1
medium_006,Medium,OMP-BranchBoundMRV,16,2,0.022289038,1
medium_006,Medium,OMP-BranchBoundMRV,16,3,0.037535906,1
medium_006,Medium,OMP-BranchBoundMRV,16,4,0.065245152,1
medium_006,Medium,OMP-BranchBoundMRV,16,5,0.021718979,1
medium_007,Medium,Serial,1,1,0.005274500,1
medium_007,Medium,Serial,1,2,0.004798542,1
medium_007,Medium,Serial,1,3,0.004992750,1
medium_007,Medium,Serial,1,4,0.004855042,1
medium_007,Medium,Serial,1,5,0.004892958,1
medium_007,Medium,Serial-MRV,1,1,0.007653750,1
medium_007,Medium,Serial-MRV,1,2,0.007934584,1
medium_007,Medium,Serial-MRV,1,3,0.007782833,1
medium_007,Medium,Serial-MRV,1,4,0.007756250,1
medium_007,Medium,Serial-MRV,1,5,0.007366875,1
medium_007,Medium,BranchBound,1,1,0.004325625,1
medium_007,Medium,BranchBound,1,2,0.004297916,1
medium_007,Medium,BranchBound,1,3,0.004293500,1
medium_007,Medium,BranchBound,1,4,0.004252125,1
medium_007,Medium,BranchBound,1,5,0.004298292,1
medium_007,Medium,BranchBoundMRV,1,1,0.009758167,1
medium_007,Medium,BranchBoundMRV,1,2,0.009796291,1
medium_007,Medium,BranchBoundMRV,1,3,0.009823000,1
medium_007,Medium,BranchBoundMRV,1,4,0.009827291,1
medium_007,Medium,BranchBoundMRV,1,5,0.009850459,1
medium_007,Medium,OpenMP,4,1,0.007848978,1
medium_007,Medium,OpenMP,4,2,0.007929087,1
medium_007,Medium,OpenMP,4,3,0.007858992,1
medium_007,Medium,OpenMP,4,4,0.007730961,1
medium_007,Medium,OpenMP,4,5,0.007731199,1
medium_007,Medium,OpenMP,8,1,0.007739067,1
medium_007,Medium,OpenMP,8,2,0.010697126,1
medium_007,Medium,OpenMP,8,3,0.016022921,1
medium_007,Medium,OpenMP,8,4,0.018491030,1
medium_007,Medium,OpenMP,8,5,0.013231993,1
medium_007,Medium,OpenMP,16,1,0.079146862,1
medium_007,Medium,OpenMP,16,2,0.040581942,1
medium_007,Medium,OpenMP,16,3,0.033550978,1
medium_007,Medium,OpenMP,16,4,0.034243107,1
medium_007,Medium,OpenMP,16,5,0.020464182,1
medium_007,Medium,OMP-BranchBoundMRV,4,1,0.010985851,1
medium_007,Medium,OMP-BranchBoundMRV,4,2,0.010756016,1
medium_007,Medium,OMP-BranchBoundMRV,4,3,0.010781050,1
medium_007,Medium,OMP-BranchBoundMRV,4,4,0.010769844,1
medium_007,Medium,OMP-BranchBoundMRV,4,5,0.010360956,1
medium_007,Medium,OMP-BranchBoundMRV,8,1,0.017818928,1
medium_007,Medium,OMP-BranchBoundMRV,8,2,0.016102791,1
medium_007,Medium,OMP-BranchBoundMRV,8,3,0.010457993,1
medium_007,Medium,OMP-BranchBoundMRV,8,4,0.011149168,1
medium_007,Medium,OMP-BranchBoundMRV,8,5,0.010382175,1
medium_007,Medium,OMP-BranchBoundMRV,16,1,0.071188927,1
medium_007,Medium,OMP-BranchBoundMRV,16,2,0.074553013,1
medium_007,Medium,OMP-BranchBoundMRV,16,3,0.071550846,1
medium_007,Medium,OMP-BranchBoundMRV,16,4,0.029968977,1
medium_007,Medium,OMP-BranchBoundMRV,16,5,0.027173996,1
medium_008,Medium,Serial,1,1,0.006727125,1
medium_008,Medium,Serial,1,2,0.006714166,1
medium_008,Medium,Serial,1,3,0.006864042,1
medium_008,Medium,Serial,1,4,0.006686417,1
medium_008,Medium,Serial,1,5,0.006636917,1
medium_008,Medium,Serial-MRV,1,1,0.003529166,1
medium_008,Medium,Serial-MRV,1,2,0.003658541,1
medium_008,Medium,Serial-MRV,1,3,0.003548958,1
medium_008,Medium,Serial-MRV,1,4,0.003516667,1
medium_008,Medium,Serial-MRV,1,5,0.003528875,1
medium_008,Medium,BranchBound,1,1,0.005444334,1
medium_008,Medium,BranchBound,1,2,0.005459250,1
medium_008,Medium,BranchBound,1,3,0.005312917,1
medium_008,Medium,BranchBound,1,4,0.005355750,1
medium_008,Medium,BranchBound,1,5,0.005327834,1
medium_008,Medium,BranchBoundMRV,1,1,0.004297666,1
medium_008,Medium,BranchBoundMRV,1,2,0.004380708,1
medium_008,Medium,BranchBoundMRV,1,3,0.004322042,1
medium_008,Medium,BranchBoundMRV,1,4,0.004298500,1
medium_008,Medium,BranchBoundMRV,1,5,0.004305917,1
medium_008,Medium,OpenMP,4,1,0.002840042,1
medium_008,Medium,OpenMP,4,2,0.002814054,1
medium_008,Medium,OpenMP,4,3,0.002810001,1
medium_008,Medium,OpenMP,4,4,0.002872944,1
medium_008,Medium,OpenMP,4,5,0.002839804,1
medium_008,Medium,OpenMP,8,1,0.002828121,1
medium_008,Medium,OpenMP,8,2,0.006857157,1
medium_008,Medium,OpenMP,8,3,0.002855062,1
medium_008,Medium,OpenMP,8,4,0.006803989,1
medium_008,Medium,OpenMP,8,5,0.002871990,1
medium_008,Medium,OpenMP,16,1,0.030531168,1
medium_008,Medium,OpenMP,16,2,0.020859003,1
medium_008,Medium,OpenMP,16,3,0.014086008,1
medium_008,Medium,OpenMP,16,4,0.015051126,1
medium_008,Medium,OpenMP,16,5,0.041993141,1
medium_008,Medium,OMP-BranchBoundMRV,4,1,0.003643990,1
medium_008,Medium,OMP-BranchBoundMRV,4,2,0.003909111,1
medium_008,Medium,OMP-BranchBoundMRV,4,3,0.003632069,1
medium_008,Medium,OMP-BranchBoundMRV,4,4,0.003612041,1
medium_008,Medium,OMP-BranchBoundMRV,4,5,0.003561974,1
medium_008,Medium,OMP-BranchBoundMRV,8,1,0.005630016,1
medium_008,Medium,OMP-BranchBoundMRV,8,2,0.005249977,1
medium_008,Medium,OMP-BranchBoundMRV,8,3,0.007286072,1
medium_008,Medium,OMP-BranchBoundMRV,8,4,0.008013010,1
medium_008,Medium,OMP-BranchBoundMRV,8,5,0.003683090,1
medium_008,Medium,OMP-BranchBoundMRV,16,1,0.016664028,1
medium_008,Medium,OMP-BranchBoundMRV,16,2,0.017623901,1
medium_008,Medium,OMP-BranchBoundMRV,16,3,0.052178860,1
medium_008,Medium,OMP-BranchBoundMRV,16,4,0.060726881,1
medium_008,Medium,OMP-BranchBoundMRV,16,5,0.019569159,1
medium_009,Medium,Serial,1,1,0.004290333,1
medium_009,Medium,Serial,1,2,0.004315750,1
medium_009,Medium,Serial,1,3,0.004434208,1
medium_009,Medium,Serial,1,4,0.004306000,1
medium_009,Medium,Serial,1,5,0.004286875,1
medium_009,Medium,Serial-MRV,1,1,0.009294792,1
medium_009,Medium,Serial-MRV,1,2,0.009369333,1
medium_009,Medium,Serial-MRV,1,3,0.009301167,1
medium_009,Medium,Serial-MRV,1,4,0.009318583,1
medium_009,Medium,Serial-MRV,1,5,0.009318084,1
medium_009,Medium,BranchBound,1,1,0.003435791,1
medium_009,Medium,BranchBound,1,2,0.003544334,1
medium_009,Medium,BranchBound,1,3,0.003510167,1
medium_009,Medium,BranchBound,1,4,0.003529250,1
medium_009,Medium,BranchBound,1,5,0.003509084,1
medium_009,Medium,BranchBoundMRV,1,1,0.012263083,1
medium_009,Medium,BranchBoundMRV,1,2,0.011954333,1
medium_009,Medium,BranchBoundMRV,1,3,0.012116209,1
medium_009,Medium,BranchBoundMRV,1,4,0.012005834,1
medium_009,Medium,BranchBoundMRV,1,5,0.012015042,1
medium_009,Medium,OpenMP,4,1,0.003819942,1
medium_009,Medium,OpenMP,4,2,0.003798962,1
medium_009,Medium,OpenMP,4,3,0.003813028,1
medium_009,Medium,OpenMP,4,4,0.003784895,1
medium_009,Medium,OpenMP,4,5,0.003784180,1
medium_009,Medium,OpenMP,8,1,0.000877857,1
medium_009,Medium,OpenMP,8,2,0.001988888,1
medium_009,Medium,OpenMP,8,3,0.002542019,1
medium_009,Medium,OpenMP,8,4,0.000956059,1
medium_009,Medium,OpenMP,8,5,0.001927137,1
medium_009,Medium,OpenMP,16,1,0.027974129,1
medium_009,Medium,OpenMP,16,2,0.008975029,1
medium_009,Medium,OpenMP,16,3,0.020377159,1
medium_009,Medium,OpenMP,16,4,0.016160011,1
medium_009,Medium,OpenMP,16,5,0.017355204,1
medium_009,Medium,OMP-BranchBoundMRV,4,1,0.005924940,1
medium_009,Medium,OMP-BranchBoundMRV,4,2,0.005430222,1
medium_009,Medium,OMP-BranchBoundMRV,4,3,0.006314039,1
medium_009,Medium,OMP-BranchBoundMRV,4,4,0.005400896,1
medium_009,Medium,OMP-BranchBoundMRV,4,5,0.005643129,1
medium_009,Medium,OMP-BranchBoundMRV,8,1,0.010206938,1
medium_009,Medium,OMP-BranchBoundMRV,8,2,0.010225058,1
medium_009,Medium,OMP-BranchBoundMRV,8,3,0.006713152,1
medium_009,Medium,OMP-BranchBoundMRV,8,4,0.002707005,1
medium_009,Medium,OMP-BranchBoundMRV,8,5,0.002730846,1
medium_009,Medium,OMP-BranchBoundMRV,16,1,0.070157051,1
medium_009,Medium,OMP-BranchBoundMRV,16,2,0.057250023,1
medium_009,Medium,OMP-BranchBoundMRV,16,3,0.029268026,1
medium_009,Medium,OMP-BranchBoundMRV,16,4,0.010344982,1
medium_009,Medium,OMP-BranchBoundMRV,16,5,0.012279034,1
medium_010,Medium,Serial,1,1,0.001152584,1
medium_010,Medium,Serial,1,2,0.001190209,1
medium_010,Medium,Serial,1,3,0.001189042,1
medium_010,Medium,Serial,1,4,0.001151750,1
medium_010,Medium,Serial,1,5,0.001291500,1
medium_010,Medium,Serial-MRV,1,1,0.006289042,1
medium_010,Medium,Serial-MRV,1,2,0.006380833,1
medium_010,Medium,Serial-MRV,1,3,0.006377959,1
medium_010,Medium,Serial-MRV,1,4,0.006452666,1
medium_010,Medium,Serial-MRV,1,5,0.006410459,1
medium_010,Medium,BranchBound,1,1,0.001103417,1
medium_010,Medium,BranchBound,1,2,0.001012833,1
medium_010,Medium,BranchBound,1,3,0.001007750,1
medium_010,Medium,BranchBound,1,4,0.000969542,1
medium_010,Medium,BranchBound,1,5,0.001096166,1
medium_010,Medium,BranchBoundMRV,1,1,0.008038333,1
medium_010,Medium,BranchBoundMRV,1,2,0.008126333,1
medium_010,Medium,BranchBoundMRV,1,3,0.007914750,1
medium_010,Medium,BranchBoundMRV,1,4,0.007658834,1
medium_010,Medium,BranchBoundMRV,1,5,0.007529125,1
medium_010,Medium,OpenMP,4,1,0.005511999,1
medium_010,Medium,OpenMP,4,2,0.005412102,1
medium_010,Medium,OpenMP,4,3,0.005411148,1
medium_010,Medium,OpenMP,4,4,0.005408049,1
medium_010,Medium,OpenMP,4,5,0.005428076,1
medium_010,Medium,OpenMP,8,1,0.005418062,1
medium_010,Medium,OpenMP,8,2,0.005475998,1
medium_010,Medium,OpenMP,8,3,0.005419016,1
medium_010,Medium,OpenMP,8,4,0.005407810,1
medium_010,Medium,OpenMP,8,5,0.005480051,1
medium_010,Medium,OpenMP,16,1,0.020172834,1
medium_010,Medium,OpenMP,16,2,0.024191141,1
medium_010,Medium,OpenMP,16,3,0.030151129,1
medium_010,Medium,OpenMP,16,4,0.018666029,1
medium_010,Medium,OpenMP,16,5,0.028200865,1
medium_010,Medium,OMP-BranchBoundMRV,4,1,0.007026911,1
medium_010,Medium,OMP-BranchBoundMRV,4,2,0.006916046,1
medium_010,Medium,OMP-BranchBoundMRV,4,3,0.006973028,1
medium_010,Medium,OMP-BranchBoundMRV,4,4,0.007179976,1
medium_010,Medium,OMP-BranchBoundMRV,4,5,0.007584810,1
medium_010,Medium,OMP-BranchBoundMRV,8,1,0.008603096,1
medium_010,Medium,OMP-BranchBoundMRV,8,2,0.014626980,1
medium_010,Medium,OMP-BranchBoundMRV,8,3,0.006895065,1
medium_010,Medium,OMP-BranchBoundMRV,8,4,0.010426044,1
medium_010,Medium,OMP-BranchBoundMRV,8,5,0.006865025,1
medium_010,Medium,OMP-BranchBoundMRV,16,1,0.128757000,1
medium_010,Medium,OMP-BranchBoundMRV,16,2,0.022549152,1
medium_010,Medium,OMP-BranchBoundMRV,16,3,0.028341055,1
medium_010,Medium,OMP-BranchBoundMRV,16,4,0.012923002,1
medium_010,Medium,OMP-BranchBoundMRV,16,5,0.015997171,1
medium_011,Medium,Serial,1,1,0.172999083,1
medium_011,Medium,Serial,1,2,0.175092125,1
medium_011,Medium,Serial,1,3,0.172268667,1
medium_011,Medium,Serial,1,4,0.172083583,1
medium_011,Medium,Serial,1,5,0.172353208,1
medium_011,Medium,Serial-MRV,1,1,0.009412291,1
medium_011,Medium,Serial-MRV,1,2,0.009341792,1
medium_011,Medium,Serial-MRV,1,3,0.009362875,1
medium_011,Medium,Serial-MRV,1,4,0.009466458,1
medium_011,Medium,Serial-MRV,1,5,0.009390625,1
medium_011,Medium,BranchBound,1,1,0.154149292,1
medium_011,Medium,BranchBound,1,2,0.158539708,1
medium_011,Medium,BranchBound,1,3,0.155640042,1
medium_011,Medium,BranchBound,1,4,0.154359334,1
medium_011,Medium,BranchBound,1,5,0.153985125,1
medium_011,Medium,BranchBoundMRV,1,1,0.013300125,1
medium_011,Medium,BranchBoundMRV,1,2,0.013227625,1
medium_011,Medium,BranchBoundMRV,1,3,0.013266000,1
medium_011,Medium,BranchBoundMRV,1,4,0.013272750,1
medium_011,Medium,BranchBoundMRV,1,5,0.013280959,1
medium_011,Medium,OpenMP,4,1,0.001200914,1
medium_011,Medium,OpenMP,4,2,0.001153946,1
medium_011,Medium,OpenMP,4,3,0.001146078,1
medium_011,Medium,OpenMP,4,4,0.001150131,1
medium_011,Medium,OpenMP,4,5,0.001147985,1
medium_011,Medium,OpenMP,8,1,0.002637863,1
medium_011,Medium,OpenMP,8,2,0.002561808,1
medium_011,Medium,OpenMP,8,3,0.001162052,1
medium_011,Medium,OpenMP,8,4,0.002550125,1
medium_011,Medium,OpenMP,8,5,0.002578974,1
medium_011,Medium,OpenMP,16,1,0.045419931,1
medium_011,Medium,OpenMP,16,2,0.020325899,1
medium_011,Medium,OpenMP,16,3,0.040510893,1
medium_011,Medium,OpenMP,16,4,0.013427973,1
medium_011,Medium,OpenMP,16,5,0.021351814,1
medium_011,Medium,OMP-BranchBoundMRV,4,1,0.001838923,1
medium_011,Medium,OMP-BranchBoundMRV,4,2,0.001921177,1
medium_011,Medium,OMP-BranchBoundMRV,4,3,0.001892090,1
medium_011,Medium,OMP-BranchBoundMRV,4,4,0.001904011,1
medium_011,Medium,OMP-BranchBoundMRV,4,5,0.001801968,1
medium_011,Medium,OMP-BranchBoundMRV,8,1,0.002526999,1
medium_011,Medium,OMP-BranchBoundMRV,8,2,0.002097130,1
medium_011,Medium,OMP-BranchBoundMRV,8,3,0.003987074,1
medium_011,Medium,OMP-BranchBoundMRV,8,4,0.003005981,1
medium_011,Medium,OMP-BranchBoundMRV,8,5,0.004209995,1
medium_011,Medium,OMP-BranchBoundMRV,16,1,0.020288944,1
medium_011,Medium,OMP-BranchBoundMRV,16,2,0.010299206,1
medium_011,Medium,OMP-BranchBoundMRV,16,3,0.010174036,1
medium_011,Medium,OMP-BranchBoundMRV,16,4,0.006586790,1
medium_011,Medium,OMP-BranchBoundMRV,16,5,0.014411926,1
medium_012,Medium,Serial,1,1,0.001204917,1
medium_012,Medium,Serial,1,2,0.001165291,1
medium_012,Medium,Serial,1,3,0.001161709,1
medium_012,Medium,Serial,1,4,0.001164916,1
medium_012,Medium,Serial,1,5,0.001164625,1
medium_012,Medium,Serial-MRV,1,1,0.003535792,1
medium_012,Medium,Serial-MRV,1,2,0.003480541,1
medium_012,Medium,Serial-MRV,1,3,0.003487334,1
medium_012,Medium,Serial-MRV,1,4,0.003517209,1
medium_012,Medium,Serial-MRV,1,5,0.003537625,1
medium_012,Medium,BranchBound,1,1,0.001004083,1
medium_012,Medium,BranchBound,1,2,0.001000625,1
medium_012,Medium,BranchBound,1,3,0.000996625,1
medium_012,Medium,BranchBound,1,4,0.000999666,1
medium_012,Medium,BranchBound,1,5,0.000996916,1
medium_012,Medium,BranchBoundMRV,1,1,0.004781542,1
medium_012,Medium,BranchBoundMRV,1,2,0.004794875,1
medium_012,Medium,BranchBoundMRV,1,3,0.004847292,1
medium_012,Medium,BranchBoundMRV,1,4,0.004760875,1
medium_012,Medium,BranchBoundMRV,1,5,0.004803208,1
medium_012,Medium,OpenMP,4,1,0.000812054,1
medium_012,Medium,OpenMP,4,2,0.000782013,1
medium_012,Medium,OpenMP,4,3,0.000797987,1
medium_012,Medium,OpenMP,4,4,0.000785112,1
medium_012,Medium,OpenMP,4,5,0.000802040,1
medium_012,Medium,OpenMP,8,1,0.000852108,1
medium_012,Medium,OpenMP,8,2,0.001762152,1
medium_012,Medium,OpenMP,8,3,0.001733065,1
medium_012,Medium,OpenMP,8,4,0.001703978,1
medium_012,Medium,OpenMP,8,5,0.000849009,1
medium_012,Medium,OpenMP,16,1,0.074031115,1
medium_012,Medium,OpenMP,16,2,0.012363911,1
medium_012,Medium,OpenMP,16,3,0.014494896,1
medium_012,Medium,OpenMP,16,4,0.005672932,1
medium_012,Medium,OpenMP,16,5,0.006782055,1
medium_012,Medium,OMP-BranchBoundMRV,4,1,0.001260996,1
medium_012,Medium,OMP-BranchBoundMRV,4,2,0.001223087,1
medium_012,Medium,OMP-BranchBoundMRV,4,3,0.001226187,1
medium_012,Medium,OMP-BranchBoundMRV,4,4,0.001215935,1
medium_012,Medium,OMP-BranchBoundMRV,4,5,0.001242876,1
medium_012,Medium,OMP-BranchBoundMRV,8,1,0.001274824,1
medium_012,Medium,OMP-BranchBoundMRV,8,2,0.001339912,1
medium_012,Medium,OMP-BranchBoundMRV,8,3,0.001305819,1
medium_012,Medium,OMP-BranchBoundMRV,8,4,0.003170013,1
medium_012,Medium,OMP-BranchBoundMRV,8,5,0.001399994,1
medium_012,Medium,OMP-BranchBoundMRV,16,1,0.010334969,1
medium_012,Medium,OMP-BranchBoundMRV,16,2,0.005941153,1
medium_012,Medium,OMP-BranchBoundMRV,16,3,0.008830070,1
medium_012,Medium,OMP-BranchBoundMRV,16,4,0.016521931,1
medium_012,Medium,OMP-BranchBoundMRV,16,5,0.034629107,1
medium_013,Medium,Serial,1,1,0.006331000,1
medium_013,Medium,Serial,1,2,0.006166333,1
medium_013,Medium,Serial,1,3,0.006178541,1
medium_013,Medium,Serial,1,4,0.006186417,1
medium_013,Medium,Serial,1,5,0.006191458,1
medium_013,Medium,Serial-MRV,1,1,0.003067000,1
medium_013,Medium,Serial-MRV,1,2,0.003036666,1
medium_013,Medium,Serial-MRV,1,3,0.003034917,1
medium_013,Medium,Serial-MRV,1,4,0.003037333,1
medium_013,Medium,Serial-MRV,1,5,0.003040417,1
medium_013,Medium,BranchBound,1,1,0.005235292,1
medium_013,Medium,BranchBound,1,2,0.005208875,1
medium_013,Medium,BranchBound,1,3,0.005195542,1
medium_013,Medium,BranchBound,1,4,0.005193750,1
medium_013,Medium,BranchBound,1,5,0.005165834,1
medium_013,Medium,BranchBoundMRV,1,1,0.004170167,1
medium_013,Medium,BranchBoundMRV,1,2,0.004011583,1
medium_013,Medium,BranchBoundMRV,1,3,0.003976875,1
medium_013,Medium,BranchBoundMRV,1,4,0.004003917,1
medium_013,Medium,BranchBoundMRV,1,5,0.003975708,1
medium_013,Medium,OpenMP,4,1,0.003268003,1
medium_013,Medium,OpenMP,4,2,0.003304958,1
medium_013,Medium,OpenMP,4,3,0.003256083,1
medium_013,Medium,OpenMP,4,4,0.003253937,1
medium_013,Medium,OpenMP,4,5,0.003232002,1
medium_013,Medium,OpenMP,8,1,0.007616997,1
medium_013,Medium,OpenMP,8,2,0.003288984,1
medium_013,Medium,OpenMP,8,3,0.004473925,1
medium_013,Medium,OpenMP,8,4,0.003289938,1
medium_013,Medium,OpenMP,8,5,0.007589102,1
medium_013,Medium,OpenMP,16,1,0.013508081,1
medium_013,Medium,OpenMP,16,2,0.016625881,1
medium_013,Medium,OpenMP,16,3,0.033837795,1
medium_013,Medium,OpenMP,16,4,0.027028084,1
medium_013,Medium,OpenMP,16,5,0.013741016,1
medium_013,Medium,OMP-BranchBoundMRV,4,1,0.004312038,1
medium_013,Medium,OMP-BranchBoundMRV,4,2,0.004266977,1
medium_013,Medium,OMP-BranchBoundMRV,4,3,0.004298925,1
medium_013,Medium,OMP-BranchBoundMRV,4,4,0.004310846,1
medium_013,Medium,OMP-BranchBoundMRV,4,5,0.004287958,1
medium_013,Medium,OMP-BranchBoundMRV,8,1,0.010040998,1
medium_013,Medium,OMP-BranchBoundMRV,8,2,0.004273891,1
medium_013,Medium,OMP-BranchBoundMRV,8,3,0.004420996,1
medium_013,Medium,OMP-BranchBoundMRV,8,4,0.004322052,1
medium_013,Medium,OMP-BranchBoundMRV,8,5,0.004345894,1
medium_013,Medium,OMP-BranchBoundMRV,16,1,0.023185015,1
medium_013,Medium,OMP-BranchBoundMRV,16,2,0.051962852,1
medium_013,Medium,OMP-BranchBoundMRV,16,3,0.013038874,1
medium_013,Medium,OMP-BranchBoundMRV,16,4,0.008021116,1
medium_013,Medium,OMP-BranchBoundMRV,16,5,0.023561954,1
medium_014,Medium,Serial,1,1,0.008388042,1
medium_014,Medium,Serial,1,2,0.008177667,1
medium_014,Medium,Serial,1,3,0.008303875,1
medium_014,Medium,Serial,1,4,0.008292917,1
medium_014,Medium,Serial,1,5,0.007938000,1
medium_014,Medium,Serial-MRV,1,1,0.005913292,1
medium_014,Medium,Serial-MRV,1,2,0.005972625,1
medium_014,Medium,Serial-MRV,1,3,0.005918000,1
medium_014,Medium,Serial-MRV,1,4,0.005900625,1
medium_014,Medium,Serial-MRV,1,5,0.005923334,1
medium_014,Medium,BranchBound,1,1,0.007000125,1
medium_014,Medium,BranchBound,1,2,0.006960208,1
medium_014,Medium,BranchBound,1,3,0.006977917,1
medium_014,Medium,BranchBound,1,4,0.006965625,1
medium_014,Medium,BranchBound,1,5,0.007010125,1
medium_014,Medium,BranchBoundMRV,1,1,0.008384416,1
medium_014,Medium,BranchBoundMRV,1,2,0.008524958,1
medium_014,Medium,BranchBoundMRV,1,3,0.008261000,1
medium_014,Medium,BranchBoundMRV,1,4,0.008402750,1
medium_014,Medium,BranchBoundMRV,1,5,0.008394167,1
medium_014,Medium,OpenMP,4,1,0.002459049,1
medium_014,Medium,OpenMP,4,2,0.002460957,1
medium_014,Medium,OpenMP,4,3,0.002419949,1
medium_014,Medium,OpenMP,4,4,0.002415180,1
medium_014,Medium,OpenMP,4,5,0.002473116,1
medium_014,Medium,OpenMP,8,1,0.002430201,1
medium_014,Medium,OpenMP,8,2,0.006493092,1
medium_014,Medium,OpenMP,8,3,0.002437115,1
medium_014,Medium,OpenMP,8,4,0.002423048,1
medium_014,Medium,OpenMP,8,5,0.002479076,1
medium_014,Medium,OpenMP,16,1,0.034056187,1
medium_014,Medium,OpenMP,16,2,0.048449993,1
medium_014,Medium,OpenMP,16,3,0.014978170,1
medium_014,Medium,OpenMP,16,4,0.018693924,1
medium_014,Medium,OpenMP,16,5,0.011269808,1
medium_014,Medium,OMP-BranchBoundMRV,4,1,0.003592968,1
medium_014,Medium,OMP-BranchBoundMRV,4,2,0.003563881,1
medium_014,Medium,OMP-BranchBoundMRV,4,3,0.003614902,1
medium_014,Medium,OMP-BranchBoundMRV,4,4,0.003549814,1
medium_014,Medium,OMP-BranchBoundMRV,4,5,0.003558874,1
medium_014,Medium,OMP-BranchBoundMRV,8,1,0.003576994,1
medium_014,Medium,OMP-BranchBoundMRV,8,2,0.009654999,1
medium_014,Medium,OMP-BranchBoundMRV,8,3,0.003684998,1
medium_014,Medium,OMP-BranchBoundMRV,8,4,0.003573895,1
medium_014,Medium,OMP-BranchBoundMRV,8,5,0.003759146,1
medium_014,Medium,OMP-BranchBoundMRV,16,1,0.050689936,1
medium_014,Medium,OMP-BranchBoundMRV,16,2,0.043862820,1
medium_014,Medium,OMP-BranchBoundMRV,16,3,0.021465063,1
medium_014,Medium,OMP-BranchBoundMRV,16,4,0.027729034,1
medium_014,Medium,OMP-BranchBoundMRV,16,5,0.024178982,1
medium_015,Medium,Serial,1,1,0.009821709,1
medium_015,Medium,Serial,1,2,0.009782333,1
medium_015,Medium,Serial,1,3,0.009774666,1
medium_015,Medium,Serial,1,4,0.009723417,1
medium_015,Medium,Serial,1,5,0.009750333,1
medium_015,Medium,Serial-MRV,1,1,0.003859125,1
medium_015,Medium,Serial-MRV,1,2,0.003812375,1
medium_015,Medium,Serial-MRV,1,3,0.003814792,1
medium_015,Medium,Serial-MRV,1,4,0.003848166,1
medium_015,Medium,Serial-MRV,1,5,0.003870959,1
medium_015,Medium,BranchBound,1,1,0.007721916,1
medium_015,Medium,BranchBound,1,2,0.007691666,1
medium_015,Medium,BranchBound,1,3,0.007758292,1
medium_015,Medium,BranchBound,1,4,0.007654625,1
medium_015,Medium,BranchBound,1,5,0.007538250,1
medium_015,Medium,BranchBoundMRV,1,1,0.004710125,1
medium_015,Medium,BranchBoundMRV,1,2,0.004723750,1
medium_015,Medium,BranchBoundMRV,1,3,0.004677750,1
medium_015,Medium,BranchBoundMRV,1,4,0.004699875,1
medium_015,Medium,BranchBoundMRV,1,5,0.004731833,1
medium_015,Medium,OpenMP,4,1,0.001510143,1
medium_015,Medium,OpenMP,4,2,0.001493216,1
medium_015,Medium,OpenMP,4,3,0.001482010,1
medium_015,Medium,OpenMP,4,4,0.001485109,1
medium_015,Medium,OpenMP,4,5,0.001302004,1
medium_015,Medium,OpenMP,8,1,0.003065109,1
medium_015,Medium,OpenMP,8,2,0.002908945,1
medium_015,Medium,OpenMP,8,3,0.001369953,1
medium_015,Medium,OpenMP,8,4,0.001363993,1
medium_015,Medium,OpenMP,8,5,0.002882957,1
medium_015,Medium,OpenMP,16,1,0.030062914,1
medium_015,Medium,OpenMP,16,2,0.041577816,1
medium_015,Medium,OpenMP,16,3,0.021780014,1
medium_015,Medium,OpenMP,16,4,0.006907940,1
medium_015,Medium,OpenMP,16,5,0.011487961,1
medium_015,Medium,OMP-BranchBoundMRV,4,1,0.002140045,1
medium_015,Medium,OMP-BranchBoundMRV,4,2,0.003969908,1
medium_015,Medium,OMP-BranchBoundMRV,4,3,0.003993034,1
medium_015,Medium,OMP-BranchBoundMRV,4,4,0.003962040,1
medium_015,Medium,OMP-BranchBoundMRV,4,5,0.002166033,1
medium_015,Medium,OMP-BranchBoundMRV,8,1,0.004234076,1
medium_015,Medium,OMP-BranchBoundMRV,8,2,0.004292011,1
medium_015,Medium,OMP-BranchBoundMRV,8,3,0.003978014,1
medium_015,Medium,OMP-BranchBoundMRV,8,4,0.002689838,1
medium_015,Medium,OMP-BranchBoundMRV,8,5,0.004085064,1
medium_015,Medium,OMP-BranchBoundMRV,16,1,0.003058910,1
medium_015,Medium,OMP-BranchBoundMRV,16,2,0.016300917,1
medium_015,Medium,OMP-BranchBoundMRV,16,3,0.028573990,1
medium_015,Medium,OMP-BranchBoundMRV,16,4,0.019739151,1
medium_015,Medium,OMP-BranchBoundMRV,16,5,0.022875071,1
medium_016,Medium,Serial,1,1,0.003891125,1
medium_016,Medium,Serial,1,2,0.003799709,1
medium_016,Medium,Serial,1,3,0.003822583,1
medium_016,Medium,Serial,1,4,0.003783833,1
medium_016,Medium,Serial,1,5,0.003822334,1
medium_016,Medium,Serial-MRV,1,1,0.004094292,1
medium_016,Medium,Serial-MRV,1,2,0.004166167,1
medium_016,Medium,Serial-MRV,1,3,0.004121333,1
medium_016,Medium,Serial-MRV,1,4,0.004144333,1
medium_016,Medium,Serial-MRV,1,5,0.004134917,1
medium_016,Medium,BranchBound,1,1,0.003361666,1
medium_016,Medium,BranchBound,1,2,0.003469708,1
medium_016,Medium,BranchBound,1,3,0.003336583,1
medium_016,Medium,BranchBound,1,4,0.003333042,1
medium_016,Medium,BranchBound,1,5,0.003352583,1
medium_016,Medium,BranchBoundMRV,1,1,0.005605542,1
medium_016,Medium,BranchBoundMRV,1,2,0.005631334,1
medium_016,Medium,BranchBoundMRV,1,3,0.005630958,1
medium_016,Medium,BranchBoundMRV,1,4,0.005976667,1
medium_016,Medium,BranchBoundMRV,1,5,0.005931583,1
medium_016,Medium,OpenMP,4,1,0.006123066,1
medium_016,Medium,OpenMP,4,2,0.004692078,1
medium_016,Medium,OpenMP,4,3,0.005494833,1
medium_016,Medium,OpenMP,4,4,0.004597902,1
medium_016,Medium,OpenMP,4,5,0.004652977,1
medium_016,Medium,OpenMP,8,1,0.007025003,1
medium_016,Medium,OpenMP,8,2,0.015881062,1
medium_016,Medium,OpenMP,8,3,0.008924961,1
medium_016,Medium,OpenMP,8,4,0.007498026,1
medium_016,Medium,OpenMP,8,5,0.009369850,1
medium_016,Medium,OpenMP,16,1,0.016293049,1
medium_016,Medium,OpenMP,16,2,0.026460171,1
medium_016,Medium,OpenMP,16,3,0.038460970,1
medium_016,Medium,OpenMP,16,4,0.026716948,1
medium_016,Medium,OpenMP,16,5,0.030910969,1
medium_016,Medium,OMP-BranchBoundMRV,4,1,0.006036043,1
medium_016,Medium,OMP-BranchBoundMRV,4,2,0.006097078,1
medium_016,Medium,OMP-BranchBoundMRV,4,3,0.006090879,1
medium_016,Medium,OMP-BranchBoundMRV,4,4,0.006131887,1
medium_016,Medium,OMP-BranchBoundMRV,4,5,0.006151915,1
medium_016,Medium,OMP-BranchBoundMRV,8,1,0.009993076,1
medium_016,Medium,OMP-BranchBoundMRV,8,2,0.008850098,1
medium_016,Medium,OMP-BranchBoundMRV,8,3,0.008790016,1
medium_016,Medium,OMP-BranchBoundMRV,8,4,0.008271933,1
medium_016,Medium,OMP-BranchBoundMRV,8,5,0.011078835,1
medium_016,Medium,OMP-BranchBoundMRV,16,1,0.095497847,1
medium_016,Medium,OMP-BranchBoundMRV,16,2,0.058675051,1
medium_016,Medium,OMP-BranchBoundMRV,16,3,0.036595106,1
medium_016,Medium,OMP-BranchBoundMRV,16,4,0.024070978,1
medium_016,Medium,OMP-BranchBoundMRV,16,5,0.013995171,1
medium_017,Medium,Serial,1,1,0.003034666,1
medium_017,Medium,Serial,1,2,0.002906291,1
medium_017,Medium,Serial,1,3,0.002896958,1
medium_017,Medium,Serial,1,4,0.002952500,1
medium_017,Medium,Serial,1,5,0.002907875,1
medium_017,Medium,Serial-MRV,1,1,0.003406250,1
medium_017,Medium,Serial-MRV,1,2,0.003353709,1
medium_017,Medium,Serial-MRV,1,3,0.003404458,1
medium_017,Medium,Serial-MRV,1,4,0.003359625,1
medium_017,Medium,Serial-MRV,1,5,0.003347917,1
medium_017,Medium,BranchBound,1,1,0.002687584,1
medium_017,Medium,BranchBound,1,2,0.002609542,1
medium_017,Medium,BranchBound,1,3,0.002610250,1
medium_017,Medium,BranchBound,1,4,0.002626708,1
medium_017,Medium,BranchBound,1,5,0.002659583,1
medium_017,Medium,BranchBoundMRV,1,1,0.004285750,1
medium_017,Medium,BranchBoundMRV,1,2,0.004240334,1
medium_017,Medium,BranchBoundMRV,1,3,0.004256375,1
medium_017,Medium,BranchBoundMRV,1,4,0.004180417,1
medium_017,Medium,BranchBoundMRV,1,5,0.004183208,1
medium_017,Medium,OpenMP,4,1,0.003618002,1
medium_017,Medium,OpenMP,4,2,0.003578901,1
medium_017,Medium,OpenMP,4,3,0.003573895,1
medium_017,Medium,OpenMP,4,4,0.003562927,1
medium_017,Medium,OpenMP,4,5,0.003570080,1
medium_017,Medium,OpenMP,8,1,0.003589869,1
medium_017,Medium,OpenMP,8,2,0.003573895,1
medium_017,Medium,OpenMP,8,3,0.003571033,1
medium_017,Medium,OpenMP,8,4,0.003813982,1
medium_017,Medium,OpenMP,8,5,0.003648996,1
medium_017,Medium,OpenMP,16,1,0.032585859,1
medium_017,Medium,OpenMP,16,2,0.027560949,1
medium_017,Medium,OpenMP,16,3,0.053548813,1
medium_017,Medium,OpenMP,16,4,0.026740074,1
medium_017,Medium,OpenMP,16,5,0.056216002,1
medium_017,Medium,OMP-BranchBoundMRV,4,1,0.004599810,1
medium_017,Medium,OMP-BranchBoundMRV,4,2,0.004583120,1
medium_017,Medium,OMP-BranchBoundMRV,4,3,0.004503965,1
medium_017,Medium,OMP-BranchBoundMRV,4,4,0.004639864,1
medium_017,Medium,OMP-BranchBoundMRV,4,5,0.004571915,1
medium_017,Medium,OMP-BranchBoundMRV,8,1,0.010290861,1
medium_017,Medium,OMP-BranchBoundMRV,8,2,0.010229111,1
medium_017,Medium,OMP-BranchBoundMRV,8,3,0.004500151,1
medium_017,Medium,OMP-BranchBoundMRV,8,4,0.010914087,1
medium_017,Medium,OMP-BranchBoundMRV,8,5,0.004504919,1
medium_017,Medium,OMP-BranchBoundMRV,16,1,0.074392796,1
medium_017,Medium,OMP-BranchBoundMRV,16,2,0.058645964,1
medium_017,Medium,OMP-BranchBoundMRV,16,3,0.019655943,1
medium_017,Medium,OMP-BranchBoundMRV,16,4,0.021996021,1
medium_017,Medium,OMP-BranchBoundMRV,16,5,0.006633997,1
medium_018,Medium,Serial,1,1,0.008173083,1
medium_018,Medium,Serial,1,2,0.008245083,1
medium_018,Medium,Serial,1,3,0.008061042,1
medium_018,Medium,Serial,1,4,0.008098875,1
medium_018,Medium,Serial,1,5,0.007979333,1
medium_018,Medium,Serial-MRV,1,1,0.014924750,1
medium_018,Medium,Serial-MRV,1,2,0.014732500,1
medium_018,Medium,Serial-MRV,1,3,0.014251625,1
medium_018,Medium,Serial-MRV,1,4,0.014305500,1
medium_018,Medium,Serial-MRV,1,5,0.014290250,1
medium_018,Medium,BranchBound,1,1,0.006973333,1
medium_018,Medium,BranchBound,1,2,0.007016458,1
medium_018,Medium,BranchBound,1,3,0.007003666,1
medium_018,Medium,BranchBound,1,4,0.007022458,1
medium_018,Medium,BranchBound,1,5,0.006951459,1
medium_018,Medium,BranchBoundMRV,1,1,0.019438084,1
medium_018,Medium,BranchBoundMRV,1,2,0.019352208,1
medium_018,Medium,BranchBoundMRV,1,3,0.019509541,1
medium_018,Medium,BranchBoundMRV,1,4,0.020101750,1
medium_018,Medium,BranchBoundMRV,1,5,0.020078250,1
medium_018,Medium,OpenMP,4,1,0.008410931,1
medium_018,Medium,OpenMP,4,2,0.008518219,1
medium_018,Medium,OpenMP,4,3,0.008243084,1
medium_018,Medium,OpenMP,4,4,0.008403063,1
medium_018,Medium,OpenMP,4,5,0.008406162,1
medium_018,Medium,OpenMP,8,1,0.008903027,1
medium_018,Medium,OpenMP,8,2,0.017601967,1
medium_018,Medium,OpenMP,8,3,0.016137123,1
medium_018,Medium,OpenMP,8,4,0.007979870,1
medium_018,Medium,OpenMP,8,5,0.019635916,1
medium_018,Medium,OpenMP,16,1,0.107360125,1
medium_018,Medium,OpenMP,16,2,0.064126968,1
medium_018,Medium,OpenMP,16,3,0.039342880,1
medium_018,Medium,OpenMP,16,4,0.024344921,1
medium_018,Medium,OpenMP,16,5,0.079577208,1
medium_018,Medium,OMP-BranchBoundMRV,4,1,0.010451794,1
medium_018,Medium,OMP-BranchBoundMRV,4,2,0.010420084,1
medium_018,Medium,OMP-BranchBoundMRV,4,3,0.010462999,1
medium_018,Medium,OMP-BranchBoundMRV,4,4,0.010462999,1
medium_018,Medium,OMP-BranchBoundMRV,4,5,0.010440111,1
medium_018,Medium,OMP-BranchBoundMRV,8,1,0.011016846,1
medium_018,Medium,OMP-BranchBoundMRV,8,2,0.011012077,1
medium_018,Medium,OMP-BranchBoundMRV,8,3,0.011385918,1
medium_018,Medium,OMP-BranchBoundMRV,8,4,0.023813009,1
medium_018,Medium,OMP-BranchBoundMRV,8,5,0.010436058,1
medium_018,Medium,OMP-BranchBoundMRV,16,1,0.058822155,1
medium_018,Medium,OMP-BranchBoundMRV,16,2,0.046911955,1
medium_018,Medium,OMP-BranchBoundMRV,16,3,0.060895920,1
medium_018,Medium,OMP-BranchBoundMRV,16,4,0.058383942,1
medium_018,Medium,OMP-BranchBoundMRV,16,5,0.042432070,1
medium_019,Medium,Serial,1,1,0.000710791,1
medium_019,Medium,Serial,1,2,0.000682667,1
medium_019,Medium,Serial,1,3,0.000682167,1
medium_019,Medium,Serial,1,4,0.000681958,1
medium_019,Medium,Serial,1,5,0.000681792,1
medium_019,Medium,Serial-MRV,1,1,0.016414792,1
medium_019,Medium,Serial-MRV,1,2,0.016358041,1
medium_019,Medium,Serial-MRV,1,3,0.016194042,1
medium_019,Medium,Serial-MRV,1,4,0.016206917,1
medium_019,Medium,Serial-MRV,1,5,0.016139250,1
medium_019,Medium,BranchBound,1,1,0.000603292,1
medium_019,Medium,BranchBound,1,2,0.000652125,1
medium_019,Medium,BranchBound,1,3,0.000595875,1
medium_019,Medium,BranchBound,1,4,0.000597750,1
medium_019,Medium,BranchBound,1,5,0.000595875,1
medium_019,Medium,BranchBoundMRV,1,1,0.020367000,1
medium_019,Medium,BranchBoundMRV,1,2,0.020446458,1
medium_019,Medium,BranchBoundMRV,1,3,0.020354042,1
medium_019,Medium,BranchBoundMRV,1,4,0.020415875,1
medium_019,Medium,BranchBoundMRV,1,5,0.020431125,1
medium_019,Medium,OpenMP,4,1,0.003376961,1
medium_019,Medium,OpenMP,4,2,0.003283024,1
medium_019,Medium,OpenMP,4,3,0.003284931,1
medium_019,Medium,OpenMP,4,4,0.003283024,1
medium_019,Medium,OpenMP,4,5,0.003392935,1
medium_019,Medium,OpenMP,8,1,0.008058071,1
medium_019,Medium,OpenMP,8,2,0.003475904,1
medium_019,Medium,OpenMP,8,3,0.006152868,1
medium_019,Medium,OpenMP,8,4,0.007964134,1
medium_019,Medium,OpenMP,8,5,0.008382082,1
medium_019,Medium,OpenMP,16,1,0.042517900,1
medium_019,Medium,OpenMP,16,2,0.020503998,1
medium_019,Medium,OpenMP,16,3,0.054149151,1
medium_019,Medium,OpenMP,16,4,0.039507151,1
medium_019,Medium,OpenMP,16,5,0.021520138,1
medium_019,Medium,OMP-BranchBoundMRV,4,1,0.004667997,1
medium_019,Medium,OMP-BranchBoundMRV,4,2,0.004355192,1
medium_019,Medium,OMP-BranchBoundMRV,4,3,0.004369020,1
medium_019,Medium,OMP-BranchBoundMRV,4,4,0.004300117,1
medium_019,Medium,OMP-BranchBoundMRV,4,5,0.004284143,1
medium_019,Medium,OMP-BranchBoundMRV,8,1,0.008955002,1
medium_019,Medium,OMP-BranchBoundMRV,8,2,0.009292126,1
medium_019,Medium,OMP-BranchBoundMRV,8,3,0.005053043,1
medium_019,Medium,OMP-BranchBoundMRV,8,4,0.004298925,1
medium_019,Medium,OMP-BranchBoundMRV,8,5,0.004402876,1
medium_019,Medium,OMP-BranchBoundMRV,16,1,0.021079063,1
medium_019,Medium,OMP-BranchBoundMRV,16,2,0.014751911,1
medium_019,Medium,OMP-BranchBoundMRV,16,3,0.017783880,1
medium_019,Medium,OMP-BranchBoundMRV,16,4,0.028065920,1
medium_019,Medium,OMP-BranchBoundMRV,16,5,0.023481846,1
medium_020,Medium,Serial,1,1,0.001453917,1
medium_020,Medium,Serial,1,2,0.001448833,1
medium_020,Medium,Serial,1,3,0.001460250,1
medium_020,Medium,Serial,1,4,0.001448416,1
medium_020,Medium,Serial,1,5,0.001449084,1
medium_020,Medium,Serial-MRV,1,1,0.004247542,1
medium_020,Medium,Serial-MRV,1,2,0.004181291,1
medium_020,Medium,Serial-MRV,1,3,0.004465292,1
medium_020,Medium,Serial-MRV,1,4,0.004392542,1
medium_020,Medium,Serial-MRV,1,5,0.004371792,1
medium_020,Medium,BranchBound,1,1,0.001362916,1
medium_020,Medium,BranchBound,1,2,0.001366541,1
medium_020,Medium,BranchBound,1,3,0.001350500,1
medium_020,Medium,BranchBound,1,4,0.001354833,1
medium_020,Medium,BranchBound,1,5,0.001366125,1
medium_020,Medium,BranchBoundMRV,1,1,0.005412542,1
medium_020,Medium,BranchBoundMRV,1,2,0.006172834,1
medium_020,Medium,BranchBoundMRV,1,3,0.005862417,1
medium_020,Medium,BranchBoundMRV,1,4,0.005679084,1
medium_020,Medium,BranchBoundMRV,1,5,0.005846666,1
medium_020,Medium,OpenMP,4,1,0.005145073,1
medium_020,Medium,OpenMP,4,2,0.004730940,1
medium_020,Medium,OpenMP,4,3,0.006891012,1
medium_020,Medium,OpenMP,4,4,0.007688046,1
medium_020,Medium,OpenMP,4,5,0.006047010,1
medium_020,Medium,OpenMP,8,1,0.010220051,1
medium_020,Medium,OpenMP,8,2,0.010639906,1
medium_020,Medium,OpenMP,8,3,0.010514975,1
medium_020,Medium,OpenMP,8,4,0.010414839,1
medium_020,Medium,OpenMP,8,5,0.022285938,1
medium_020,Medium,OpenMP,16,1,0.101155043,1
medium_020,Medium,OpenMP,16,2,0.021874905,1
medium_020,Medium,OpenMP,16,3,0.026829958,1
medium_020,Medium,OpenMP,16,4,0.008998871,1
medium_020,Medium,OpenMP,16,5,0.012193203,1
medium_020,Medium,OMP-BranchBoundMRV,4,1,0.007532120,1
medium_020,Medium,OMP-BranchBoundMRV,4,2,0.005638838,1
medium_020,Medium,OMP-BranchBoundMRV,4,3,0.005486012,1
medium_020,Medium,OMP-BranchBoundMRV,4,4,0.005925894,1
medium_020,Medium,OMP-BranchBoundMRV,4,5,0.005550146,1
medium_020,Medium,OMP-BranchBoundMRV,8,1,0.008612871,1
medium_020,Medium,OMP-BranchBoundMRV,8,2,0.012181997,1
medium_020,Medium,OMP-BranchBoundMRV,8,3,0.005648851,1
medium_020,Medium,OMP-BranchBoundMRV,8,4,0.005524874,1
medium_020,Medium,OMP-BranchBoundMRV,8,5,0.005477905,1
medium_020,Medium,OMP-BranchBoundMRV,16,1,0.016525030,1
medium_020,Medium,OMP-BranchBoundMRV,16,2,0.017395973,1
medium_020,Medium,OMP-BranchBoundMRV,16,3,0.017534971,1
medium_020,Medium,OMP-BranchBoundMRV,16,4,0.025509834,1
medium_020,Medium,OMP-BranchBoundMRV,16,5,0.010452986,1
medium_021,Medium,Serial,1,1,0.002543250,1
medium_021,Medium,Serial,1,2,0.002497750,1
medium_021,Medium,Serial,1,3,0.002458584,1
medium_021,Medium,Serial,1,4,0.002505333,1
medium_021,Medium,Serial,1,5,0.002493459,1
medium_021,Medium,Serial-MRV,1,1,0.003470625,1
medium_021,Medium,Serial-MRV,1,2,0.003440833,1
medium_021,Medium,Serial-MRV,1,3,0.003479958,1
medium_021,Medium,Serial-MRV,1,4,0.003472208,1
medium_021,Medium,Serial-MRV,1,5,0.003457792,1
medium_021,Medium,BranchBound,1,1,0.002281917,1
medium_021,Medium,BranchBound,1,2,0.002255542,1
medium_021,Medium,BranchBound,1,3,0.002200875,1
medium_021,Medium,BranchBound,1,4,0.002218833,1
medium_021,Medium,BranchBound,1,5,0.002207791,1
medium_021,Medium,BranchBoundMRV,1,1,0.004712875,1
medium_021,Medium,BranchBoundMRV,1,2,0.004865334,1
medium_021,Medium,BranchBoundMRV,1,3,0.004923250,1
medium_021,Medium,BranchBoundMRV,1,4,0.004749000,1
medium_021,Medium,BranchBoundMRV,1,5,0.004832416,1
medium_021,Medium,OpenMP,4,1,0.000833988,1
medium_021,Medium,OpenMP,4,2,0.000808954,1
medium_021,Medium,OpenMP,4,3,0.001146078,1
medium_021,Medium,OpenMP,4,4,0.000864029,1
medium_021,Medium,OpenMP,4,5,0.000810146,1
medium_021,Medium,OpenMP,8,1,0.001824141,1
medium_021,Medium,OpenMP,8,2,0.002454996,1
medium_021,Medium,OpenMP,8,3,0.001678944,1
medium_021,Medium,OpenMP,8,4,0.000878096,1
medium_021,Medium,OpenMP,8,5,0.000918150,1
medium_021,Medium,OpenMP,16,1,0.012988091,1
medium_021,Medium,OpenMP,16,2,0.022534132,1
medium_021,Medium,OpenMP,16,3,0.026746988,1
medium_021,Medium,OpenMP,16,4,0.017489910,1
medium_021,Medium,OpenMP,16,5,0.014217138,1
medium_021,Medium,OMP-BranchBoundMRV,4,1,0.001371145,1
medium_021,Medium,OMP-BranchBoundMRV,4,2,0.001559973,1
medium_021,Medium,OMP-BranchBoundMRV,4,3,0.001138926,1
medium_021,Medium,OMP-BranchBoundMRV,4,4,0.001103878,1
medium_021,Medium,OMP-BranchBoundMRV,4,5,0.001134872,1
medium_021,Medium,OMP-BranchBoundMRV,8,1,0.003133059,1
medium_021,Medium,OMP-BranchBoundMRV,8,2,0.001173019,1
medium_021,Medium,OMP-BranchBoundMRV,8,3,0.001085997,1
medium_021,Medium,OMP-BranchBoundMRV,8,4,0.003700018,1
medium_021,Medium,OMP-BranchBoundMRV,8,5,0.002627134,1
medium_021,Medium,OMP-BranchBoundMRV,16,1,0.019996881,1
medium_021,Medium,OMP-BranchBoundMRV,16,2,0.016187906,1
medium_021,Medium,OMP-BranchBoundMRV,16,3,0.023066044,1
medium_021,Medium,OMP-BranchBoundMRV,16,4,0.032412052,1
medium_021,Medium,OMP-BranchBoundMRV,16,5,0.009034872,1
medium_022,Medium,Serial,1,1,0.016730250,1
medium_022,Medium,Serial,1,2,0.016769959,1
medium_022,Medium,Serial,1,3,0.016735916,1
medium_022,Medium,Serial,1,4,0.016808000,1
medium_022,Medium,Serial,1,5,0.016607209,1
medium_022,Medium,Serial-MRV,1,1,0.006166834,1
medium_022,Medium,Serial-MRV,1,2,0.006106209,1
medium_022,Medium,Serial-MRV,1,3,0.006202083,1
medium_022,Medium,Serial-MRV,1,4,0.006105750,1
medium_022,Medium,Serial-MRV,1,5,0.006128750,1
medium_022,Medium,BranchBound,1,1,0.012613333,1
medium_022,Medium,BranchBound,1,2,0.012749625,1
medium_022,Medium,BranchBound,1,3,0.012786625,1
medium_022,Medium,BranchBound,1,4,0.012654250,1
medium_022,Medium,BranchBound,1,5,0.012594041,1
medium_022,Medium,BranchBoundMRV,1,1,0.008068000,1
medium_022,Medium,BranchBoundMRV,1,2,0.007988291,1
medium_022,Medium,BranchBoundMRV,1,3,0.008208917,1
medium_022,Medium,BranchBoundMRV,1,4,0.008192583,1
medium_022,Medium,BranchBoundMRV,1,5,0.008365167,1
medium_022,Medium,OpenMP,4,1,0.006681919,1
medium_022,Medium,OpenMP,4,2,0.007066965,1
medium_022,Medium,OpenMP,4,3,0.006985188,1
medium_022,Medium,OpenMP,4,4,0.006685972,1
medium_022,Medium,OpenMP,4,5,0.006605864,1
medium_022,Medium,OpenMP,8,1,0.006462097,1
medium_022,Medium,OpenMP,8,2,0.009370089,1
medium_022,Medium,OpenMP,8,3,0.007036209,1
medium_022,Medium,OpenMP,8,4,0.009824038,1
medium_022,Medium,OpenMP,8,5,0.011253119,1
medium_022,Medium,OpenMP,16,1,0.019857168,1
medium_022,Medium,OpenMP,16,2,0.081012964,1
medium_022,Medium,OpenMP,16,3,0.035367966,1
medium_022,Medium,OpenMP,16,4,0.040769100,1
medium_022,Medium,OpenMP,16,5,0.010792017,1
medium_022,Medium,OMP-BranchBoundMRV,4,1,0.008679867,1
medium_022,Medium,OMP-BranchBoundMRV,4,2,0.008574009,1
medium_022,Medium,OMP-BranchBoundMRV,4,3,0.008961201,1
medium_022,Medium,OMP-BranchBoundMRV,4,4,0.008572102,1
medium_022,Medium,OMP-BranchBoundMRV,4,5,0.009202957,1
medium_022,Medium,OMP-BranchBoundMRV,8,1,0.020465851,1
medium_022,Medium,OMP-BranchBoundMRV,8,2,0.017712831,1
medium_022,Medium,OMP-BranchBoundMRV,8,3,0.015414953,1
medium_022,Medium,OMP-BranchBoundMRV,8,4,0.008512020,1
medium_022,Medium,OMP-BranchBoundMRV,8,5,0.008483887,1
medium_022,Medium,OMP-BranchBoundMRV,16,1,0.046566963,1
medium_022,Medium,OMP-BranchBoundMRV,16,2,0.020089149,1
medium_022,Medium,OMP-BranchBoundMRV,16,3,0.024347067,1
medium_022,Medium,OMP-BranchBoundMRV,16,4,0.064868927,1
medium_022,Medium,OMP-BranchBoundMRV,16,5,0.065639973,1
medium_023,Medium,Serial,1,1,0.000650167,1
medium_023,Medium,Serial,1,2,0.000581541,1
medium_023,Medium,Serial,1,3,0.000584375,1
medium_023,Medium,Serial,1,4,0.000606292,1
medium_023,Medium,Serial,1,5,0.000581208,1
medium_023,Medium,Serial-MRV,1,1,0.010008667,1
medium_023,Medium,Serial-MRV,1,2,0.009906709,1
medium_023,Medium,Serial-MRV,1,3,0.009925708,1
medium_023,Medium,Serial-MRV,1,4,0.009824834,1
medium_023,Medium,Serial-MRV,1,5,0.009917875,1
medium_023,Medium,BranchBound,1,1,0.000501917,1
medium_023,Medium,BranchBound,1,2,0.000498333,1
medium_023,Medium,BranchBound,1,3,0.000494917,1
medium_023,Medium,BranchBound,1,4,0.000497917,1
medium_023,Medium,BranchBound,1,5,0.000497750,1
medium_023,Medium,BranchBoundMRV,1,1,0.012287042,1
medium_023,Medium,BranchBoundMRV,1,2,0.012420458,1
medium_023,Medium,BranchBoundMRV,1,3,0.012263333,1
medium_023,Medium,BranchBoundMRV,1,4,0.012462209,1
medium_023,Medium,BranchBoundMRV,1,5,0.012293958,1
medium_023,Medium,OpenMP,4,1,0.010456085,1
medium_023,Medium,OpenMP,4,2,0.010356903,1
medium_023,Medium,OpenMP,4,3,0.010359049,1
medium_023,Medium,OpenMP,4,4,0.010352850,1
medium_023,Medium,OpenMP,4,5,0.010347843,1
medium_023,Medium,OpenMP,8,1,0.010711908,1
medium_023,Medium,OpenMP,8,2,0.010837793,1
medium_023,Medium,OpenMP,8,3,0.011379957,1
medium_023,Medium,OpenMP,8,4,0.016335964,1
medium_023,Medium,OpenMP,8,5,0.010751009,1
medium_023,Medium,OpenMP,16,1,0.054774046,1
medium_023,Medium,OpenMP,16,2,0.030862808,1
medium_023,Medium,OpenMP,16,3,0.066939116,1
medium_023,Medium,OpenMP,16,4,0.013094902,1
medium_023,Medium,OpenMP,16,5,0.079655886,1
medium_023,Medium,OMP-BranchBoundMRV,4,1,0.013696909,1
medium_023,Medium,OMP-BranchBoundMRV,4,2,0.013045073,1
medium_023,Medium,OMP-BranchBoundMRV,4,3,0.013139963,1
medium_023,Medium,OMP-BranchBoundMRV,4,4,0.013143063,1
medium_023,Medium,OMP-BranchBoundMRV,4,5,0.013052940,1
medium_023,Medium,OMP-BranchBoundMRV,8,1,0.015410185,1
medium_023,Medium,OMP-BranchBoundMRV,8,2,0.016515970,1
medium_023,Medium,OMP-BranchBoundMRV,8,3,0.013056040,1
medium_023,Medium,OMP-BranchBoundMRV,8,4,0.017312050,1
medium_023,Medium,OMP-BranchBoundMRV,8,5,0.017313957,1
medium_023,Medium,OMP-BranchBoundMRV,16,1,0.072710037,1
medium_023,Medium,OMP-BranchBoundMRV,16,2,0.056402922,1
medium_023,Medium,OMP-BranchBoundMRV,16,3,0.019433022,1
medium_023,Medium,OMP-BranchBoundMRV,16,4,0.070453882,1
medium_023,Medium,OMP-BranchBoundMRV,16,5,0.049741983,1
medium_024,Medium,Serial,1,1,0.001551042,1
medium_024,Medium,Serial,1,2,0.001543708,1
medium_024,Medium,Serial,1,3,0.001574709,1
medium_024,Medium,Serial,1,4,0.001572500,1
medium_024,Medium,Serial,1,5,0.001696000,1
medium_024,Medium,Serial-MRV,1,1,0.003704375,1
medium_024,Medium,Serial-MRV,1,2,0.003717584,1
medium_024,Medium,Serial-MRV,1,3,0.003701166,1
medium_024,Medium,Serial-MRV,1,4,0.003698791,1
medium_024,Medium,Serial-MRV,1,5,0.003769167,1
medium_024,Medium,BranchBound,1,1,0.001503666,1
medium_024,Medium,BranchBound,1,2,0.001436084,1
medium_024,Medium,BranchBound,1,3,0.001432542,1
medium_024,Medium,BranchBound,1,4,0.001439500,1
medium_024,Medium,BranchBound,1,5,0.001489833,1
medium_024,Medium,BranchBoundMRV,1,1,0.004708959,1
medium_024,Medium,BranchBoundMRV,1,2,0.004705708,1
medium_024,Medium,BranchBoundMRV,1,3,0.004672625,1
medium_024,Medium,BranchBoundMRV,1,4,0.004648792,1
medium_024,Medium,BranchBoundMRV,1,5,0.004697167,1
medium_024,Medium,OpenMP,4,1,0.004009008,1
medium_024,Medium,OpenMP,4,2,0.003947020,1
medium_024,Medium,OpenMP,4,3,0.003957987,1
medium_024,Medium,OpenMP,4,4,0.003957987,1
medium_024,Medium,OpenMP,4,5,0.003965139,1
medium_024,Medium,OpenMP,8,1,0.003942013,1
medium_024,Medium,OpenMP,8,2,0.004620075,1
medium_024,Medium,OpenMP,8,3,0.003942966,1
medium_024,Medium,OpenMP,8,4,0.009944916,1
medium_024,Medium,OpenMP,8,5,0.003957033,1
medium_024,Medium,OpenMP,16,1,0.124592066,1
medium_024,Medium,OpenMP,16,2,0.028043985,1
medium_024,Medium,OpenMP,16,3,0.046365023,1
medium_024,Medium,OpenMP,16,4,0.010560989,1
medium_024,Medium,OpenMP,16,5,0.016626835,1
medium_024,Medium,OMP-BranchBoundMRV,4,1,0.005100012,1
medium_024,Medium,OMP-BranchBoundMRV,4,2,0.005004883,1
medium_024,Medium,OMP-BranchBoundMRV,4,3,0.004987001,1
medium_024,Medium,OMP-BranchBoundMRV,4,4,0.004992962,1
medium_024,Medium,OMP-BranchBoundMRV,4,5,0.004983902,1
medium_024,Medium,OMP-BranchBoundMRV,8,1,0.005135775,1
medium_024,Medium,OMP-BranchBoundMRV,8,2,0.006688118,1
medium_024,Medium,OMP-BranchBoundMRV,8,3,0.005147934,1
medium_024,Medium,OMP-BranchBoundMRV,8,4,0.005001068,1
medium_024,Medium,OMP-BranchBoundMRV,8,5,0.011070013,1
medium_024,Medium,OMP-BranchBoundMRV,16,1,0.031646967,1
medium_024,Medium,OMP-BranchBoundMRV,16,2,0.045300961,1
medium_024,Medium,OMP-BranchBoundMRV,16,3,0.015683889,1
medium_024,Medium,OMP-BranchBoundMRV,16,4,0.028181076,1
medium_024,Medium,OMP-BranchBoundMRV,16,5,0.090725899,1
medium_025,Medium,Serial,1,1,0.000555417,1
medium_025,Medium,Serial,1,2,0.000568375,1
medium_025,Medium,Serial,1,3,0.000529791,1
medium_025,Medium,Serial,1,4,0.000504000,1
medium_025,Medium,Serial,1,5,0.000501750,1
medium_025,Medium,Serial-MRV,1,1,0.007905125,1
medium_025,Medium,Serial-MRV,1,2,0.008063083,1
medium_025,Medium,Serial-MRV,1,3,0.008002584,1
medium_025,Medium,Serial-MRV,1,4,0.007921292,1
medium_025,Medium,Serial-MRV,1,5,0.007900084,1
medium_025,Medium,BranchBound,1,1,0.000436875,1
medium_025,Medium,BranchBound,1,2,0.000428958,1
medium_025,Medium,BranchBound,1,3,0.000476833,1
medium_025,Medium,BranchBound,1,4,0.000431417,1
medium_025,Medium,BranchBound,1,5,0.000428334,1
medium_025,Medium,BranchBoundMRV,1,1,0.009733792,1
medium_025,Medium,BranchBoundMRV,1,2,0.009711292,1
medium_025,Medium,BranchBoundMRV,1,3,0.009846875,1
medium_025,Medium,BranchBoundMRV,1,4,0.009665167,1
medium_025,Medium,BranchBoundMRV,1,5,0.009762417,1
medium_025,Medium,OpenMP,4,1,0.002276182,1
medium_025,Medium,OpenMP,4,2,0.002291918,1
medium_025,Medium,OpenMP,4,3,0.002275944,1
medium_025,Medium,OpenMP,4,4,0.002262115,1
medium_025,Medium,OpenMP,4,5,0.002279043,1
medium_025,Medium,OpenMP,8,1,0.002285004,1
medium_025,Medium,OpenMP,8,2,0.005316973,1
medium_025,Medium,OpenMP,8,3,0.003354073,1
medium_025,Medium,OpenMP,8,4,0.006023169,1
medium_025,Medium,OpenMP,8,5,0.002302170,1
medium_025,Medium,OpenMP,16,1,0.117446184,1
medium_025,Medium,OpenMP,16,2,0.008237839,1
medium_025,Medium,OpenMP,16,3,0.020102024,1
medium_025,Medium,OpenMP,16,4,0.035016060,1
medium_025,Medium,OpenMP,16,5,0.018620968,1
medium_025,Medium,OMP-BranchBoundMRV,4,1,0.003044128,1
medium_025,Medium,OMP-BranchBoundMRV,4,2,0.003015995,1
medium_025,Medium,OMP-BranchBoundMRV,4,3,0.003003836,1
medium_025,Medium,OMP-BranchBoundMRV,4,4,0.002979040,1
medium_025,Medium,OMP-BranchBoundMRV,4,5,0.002989054,1
medium_025,Medium,OMP-BranchBoundMRV,8,1,0.006987095,1
medium_025,Medium,OMP-BranchBoundMRV,8,2,0.003060102,1
medium_025,Medium,OMP-BranchBoundMRV,8,3,0.006951094,1
medium_025,Medium,OMP-BranchBoundMRV,8,4,0.006865025,1
medium_025,Medium,OMP-BranchBoundMRV,8,5,0.007344007,1
medium_025,Medium,OMP-BranchBoundMRV,16,1,0.069932938,1
medium_025,Medium,OMP-BranchBoundMRV,16,2,0.022802830,1
medium_025,Medium,OMP-BranchBoundMRV,16,3,0.047204018,1
medium_025,Medium,OMP-BranchBoundMRV,16,4,0.028553009,1
medium_025,Medium,OMP-BranchBoundMRV,16,5,0.037559032,1
medium_026,Medium,Serial,1,1,0.001086875,1
medium_026,Medium,Serial,1,2,0.001137958,1
medium_026,Medium,Serial,1,3,0.001069958,1
medium_026,Medium,Serial,1,4,0.001142833,1
medium_026,Medium,Serial,1,5,0.001090292,1
medium_026,Medium,Serial-MRV,1,1,0.005579375,1
medium_026,Medium,Serial-MRV,1,2,0.005626292,1
medium_026,Medium,Serial-MRV,1,3,0.005770750,1
medium_026,Medium,Serial-MRV,1,4,0.005683417,1
medium_026,Medium,Serial-MRV,1,5,0.005452333,1
medium_026,Medium,BranchBound,1,1,0.001030291,1
medium_026,Medium,BranchBound,1,2,0.000964083,1
medium_026,Medium,BranchBound,1,3,0.000949583,1
medium_026,Medium,BranchBound,1,4,0.000954167,1
medium_026,Medium,BranchBound,1,5,0.001059333,1
medium_026,Medium,BranchBoundMRV,1,1,0.007617083,1
medium_026,Medium,BranchBoundMRV,1,2,0.007561084,1
medium_026,Medium,BranchBoundMRV,1,3,0.007252375,1
medium_026,Medium,BranchBoundMRV,1,4,0.007219750,1
medium_026,Medium,BranchBoundMRV,1,5,0.007273541,1
medium_026,Medium,OpenMP,4,1,0.002379894,1
medium_026,Medium,OpenMP,4,2,0.002470970,1
medium_026,Medium,OpenMP,4,3,0.002357960,1
medium_026,Medium,OpenMP,4,4,0.002347946,1
medium_026,Medium,OpenMP,4,5,0.002463818,1
medium_026,Medium,OpenMP,8,1,0.005394936,1
medium_026,Medium,OpenMP,8,2,0.005506992,1
medium_026,Medium,OpenMP,8,3,0.005728006,1
medium_026,Medium,OpenMP,8,4,0.005448818,1
medium_026,Medium,OpenMP,8,5,0.005424976,1
medium_026,Medium,OpenMP,16,1,0.133508921,1
medium_026,Medium,OpenMP,16,2,0.013170004,1
medium_026,Medium,OpenMP,16,3,0.018786907,1
medium_026,Medium,OpenMP,16,4,0.008661985,1
medium_026,Medium,OpenMP,16,5,0.006646156,1
medium_026,Medium,OMP-BranchBoundMRV,4,1,0.003633976,1
medium_026,Medium,OMP-BranchBoundMRV,4,2,0.003281832,1
medium_026,Medium,OMP-BranchBoundMRV,4,3,0.003676176,1
medium_026,Medium,OMP-BranchBoundMRV,4,4,0.003504038,1
medium_026,Medium,OMP-BranchBoundMRV,4,5,0.003258944,1
medium_026,Medium,OMP-BranchBoundMRV,8,1,0.005209923,1
medium_026,Medium,OMP-BranchBoundMRV,8,2,0.007477045,1
medium_026,Medium,OMP-BranchBoundMRV,8,3,0.003211021,1
medium_026,Medium,OMP-BranchBoundMRV,8,4,0.007742882,1
medium_026,Medium,OMP-BranchBoundMRV,8,5,0.003221035,1
medium_026,Medium,OMP-BranchBoundMRV,16,1,0.034924030,1
medium_026,Medium,OMP-BranchBoundMRV,16,2,0.061731100,1
medium_026,Medium,OMP-BranchBoundMRV,16,3,0.016736984,1
medium_026,Medium,OMP-BranchBoundMRV,16,4,0.050471067,1
medium_026,Medium,OMP-BranchBoundMRV,16,5,0.016388178,1
medium_027,Medium,Serial,1,1,0.001412834,1
medium_027,Medium,Serial,1,2,0.001487875,1
medium_027,Medium,Serial,1,3,0.001389167,1
medium_027,Medium,Serial,1,4,0.001370625,1
medium_027,Medium,Serial,1,5,0.001489708,1
medium_027,Medium,Serial-MRV,1,1,0.004007625,1
medium_027,Medium,Serial-MRV,1,2,0.004081708,1
medium_027,Medium,Serial-MRV,1,3,0.004106292,1
medium_027,Medium,Serial-MRV,1,4,0.004001000,1
medium_027,Medium,Serial-MRV,1,5,0.004052500,1
medium_027,Medium,BranchBound,1,1,0.001266416,1
medium_027,Medium,BranchBound,1,2,0.001228459,1
medium_027,Medium,BranchBound,1,3,0.001302791,1
medium_027,Medium,BranchBound,1,4,0.001344542,1
medium_027,Medium,BranchBound,1,5,0.001228583,1
medium_027,Medium,BranchBoundMRV,1,1,0.005388042,1
medium_027,Medium,BranchBoundMRV,1,2,0.005132291,1
medium_027,Medium,BranchBoundMRV,1,3,0.005172166,1
medium_027,Medium,BranchBoundMRV,1,4,0.005274250,1
medium_027,Medium,BranchBoundMRV,1,5,0.005122334,1
medium_027,Medium,OpenMP,4,1,0.001429796,1
medium_027,Medium,OpenMP,4,2,0.001338959,1
medium_027,Medium,OpenMP,4,3,0.001519918,1
medium_027,Medium,OpenMP,4,4,0.001368999,1
medium_027,Medium,OpenMP,4,5,0.001425982,1
medium_027,Medium,OpenMP,8,1,0.001943827,1
medium_027,Medium,OpenMP,8,2,0.001278877,1
medium_027,Medium,OpenMP,8,3,0.001451969,1
medium_027,Medium,OpenMP,8,4,0.003885984,1
medium_027,Medium,OpenMP,8,5,0.001415968,1
medium_027,Medium,OpenMP,16,1,0.013453007,1
medium_027,Medium,OpenMP,16,2,0.009915113,1
medium_027,Medium,OpenMP,16,3,0.023422956,1
medium_027,Medium,OpenMP,16,4,0.024739027,1
medium_027,Medium,OpenMP,16,5,0.025192976,1
medium_027,Medium,OMP-BranchBoundMRV,4,1,0.001868963,1
medium_027,Medium,OMP-BranchBoundMRV,4,2,0.001865864,1
medium_027,Medium,OMP-BranchBoundMRV,4,3,0.001858950,1
medium_027,Medium,OMP-BranchBoundMRV,4,4,0.001859188,1
medium_027,Medium,OMP-BranchBoundMRV,4,5,0.001857996,1
medium_027,Medium,OMP-BranchBoundMRV,8,1,0.003873110,1
medium_027,Medium,OMP-BranchBoundMRV,8,2,0.001768112,1
medium_027,Medium,OMP-BranchBoundMRV,8,3,0.004313946,1
medium_027,Medium,OMP-BranchBoundMRV,8,4,0.002039909,1
medium_027,Medium,OMP-BranchBoundMRV,8,5,0.003921032,1
medium_027,Medium,OMP-BranchBoundMRV,16,1,0.026961088,1
medium_027,Medium,OMP-BranchBoundMRV,16,2,0.012215853,1
medium_027,Medium,OMP-BranchBoundMRV,16,3,0.016119957,1
medium_027,Medium,OMP-BranchBoundMRV,16,4,0.021033049,1
medium_027,Medium,OMP-BranchBoundMRV,16,5,0.011126995,1
medium_028,Medium,Serial,1,1,0.003586750,1
medium_028,Medium,Serial,1,2,0.003451042,1
medium_028,Medium,Serial,1,3,0.003299125,1
medium_028,Medium,Serial,1,4,0.003372750,1
medium_028,Medium,Serial,1,5,0.003358917,1
medium_028,Medium,Serial-MRV,1,1,0.004551375,1
medium_028,Medium,Serial-MRV,1,2,0.004618125,1
medium_028,Medium,Serial-MRV,1,3,0.004615083,1
medium_028,Medium,Serial-MRV,1,4,0.004599208,1
medium_028,Medium,Serial-MRV,1,5,0.004560791,1
medium_028,Medium,BranchBound,1,1,0.002926750,1
medium_028,Medium,BranchBound,1,2,0.003115875,1
medium_028,Medium,BranchBound,1,3,0.003049209,1
medium_028,Medium,BranchBound,1,4,0.002935583,1
medium_028,Medium,BranchBound,1,5,0.002967292,1
medium_028,Medium,BranchBoundMRV,1,1,0.005776709,1
medium_028,Medium,BranchBoundMRV,1,2,0.005820792,1
medium_028,Medium,BranchBoundMRV,1,3,0.005758167,1
medium_028,Medium,BranchBoundMRV,1,4,0.005760750,1
medium_028,Medium,BranchBoundMRV,1,5,0.005781292,1
medium_028,Medium,OpenMP,4,1,0.004522085,1
medium_028,Medium,OpenMP,4,2,0.004508972,1
medium_028,Medium,OpenMP,4,3,0.006681919,1
medium_028,Medium,OpenMP,4,4,0.004462004,1
medium_028,Medium,OpenMP,4,5,0.004498959,1
medium_028,Medium,OpenMP,8,1,0.010598898,1
medium_028,Medium,OpenMP,8,2,0.010589838,1
medium_028,Medium,OpenMP,8,3,0.010228872,1
medium_028,Medium,OpenMP,8,4,0.026721001,1
medium_028,Medium,OpenMP,8,5,0.012428045,1
medium_028,Medium,OpenMP,16,1,0.055259943,1
medium_028,Medium,OpenMP,16,2,0.026749849,1
medium_028,Medium,OpenMP,16,3,0.016677141,1
medium_028,Medium,OpenMP,16,4,0.025876999,1
medium_028,Medium,OpenMP,16,5,0.040669918,1
medium_028,Medium,OMP-BranchBoundMRV,4,1,0.005815983,1
medium_028,Medium,OMP-BranchBoundMRV,4,2,0.019311905,1
medium_028,Medium,OMP-BranchBoundMRV,4,3,0.011646986,1
medium_028,Medium,OMP-BranchBoundMRV,4,4,0.005918980,1
medium_028,Medium,OMP-BranchBoundMRV,4,5,0.005829811,1
medium_028,Medium,OMP-BranchBoundMRV,8,1,0.035613060,1
medium_028,Medium,OMP-BranchBoundMRV,8,2,0.013252020,1
medium_028,Medium,OMP-BranchBoundMRV,8,3,0.039250135,1
medium_028,Medium,OMP-BranchBoundMRV,8,4,0.016384125,1
medium_028,Medium,OMP-BranchBoundMRV,8,5,0.012207985,1
medium_028,Medium,OMP-BranchBoundMRV,16,1,0.081398010,1
medium_028,Medium,OMP-BranchBoundMRV,16,2,0.027896881,1
medium_028,Medium,OMP-BranchBoundMRV,16,3,0.019017935,1
medium_028,Medium,OMP-BranchBoundMRV,16,4,0.052015066,1
medium_028,Medium,OMP-BranchBoundMRV,16,5,0.023086786,1
medium_029,Medium,Serial,1,1,0.006441750,1
medium_029,Medium,Serial,1,2,0.006390500,1
medium_029,Medium,Serial,1,3,0.006435750,1
medium_029,Medium,Serial,1,4,0.006517667,1
medium_029,Medium,Serial,1,5,0.006374250,1
medium_029,Medium,Serial-MRV,1,1,0.007706166,1
medium_029,Medium,Serial-MRV,1,2,0.007738333,1
medium_029,Medium,Serial-MRV,1,3,0.007718833,1
medium_029,Medium,Serial-MRV,1,4,0.007677417,1
medium_029,Medium,Serial-MRV,1,5,0.007668709,1
medium_029,Medium,BranchBound,1,1,0.005335125,1
medium_029,Medium,BranchBound,1,2,0.005351208,1
medium_029,Medium,BranchBound,1,3,0.005311334,1
medium_029,Medium,BranchBound,1,4,0.005419458,1
medium_029,Medium,BranchBound,1,5,0.005380917,1
medium_029,Medium,BranchBoundMRV,1,1,0.010404917,1
medium_029,Medium,BranchBoundMRV,1,2,0.010543917,1
medium_029,Medium,BranchBoundMRV,1,3,0.010474375,1
medium_029,Medium,BranchBoundMRV,1,4,0.010384208,1
medium_029,Medium,BranchBoundMRV,1,5,0.010503208,1
medium_029,Medium,OpenMP,4,1,0.001705885,1
medium_029,Medium,OpenMP,4,2,0.001687050,1
medium_029,Medium,OpenMP,4,3,0.001682997,1
medium_029,Medium,OpenMP,4,4,0.001667023,1
medium_029,Medium,OpenMP,4,5,0.001682997,1
medium_029,Medium,OpenMP,8,1,0.004401207,1
medium_029,Medium,OpenMP,8,2,0.001686096,1
medium_029,Medium,OpenMP,8,3,0.001727104,1
medium_029,Medium,OpenMP,8,4,0.001691103,1
medium_029,Medium,OpenMP,8,5,0.003814936,1
medium_029,Medium,OpenMP,16,1,0.023231983,1
medium_029,Medium,OpenMP,16,2,0.028553009,1
medium_029,Medium,OpenMP,16,3,0.045195818,1
medium_029,Medium,OpenMP,16,4,0.034233093,1
medium_029,Medium,OpenMP,16,5,0.009937048,1
medium_029,Medium,OMP-BranchBoundMRV,4,1,0.004135847,1
medium_029,Medium,OMP-BranchBoundMRV,4,2,0.002214909,1
medium_029,Medium,OMP-BranchBoundMRV,4,3,0.002225161,1
medium_029,Medium,OMP-BranchBoundMRV,4,4,0.002197027,1
medium_029,Medium,OMP-BranchBoundMRV,4,5,0.002201080,1
medium_029,Medium,OMP-BranchBoundMRV,8,1,0.005002975,1
medium_029,Medium,OMP-BranchBoundMRV,8,2,0.002264977,1
medium_029,Medium,OMP-BranchBoundMRV,8,3,0.005244017,1
medium_029,Medium,OMP-BranchBoundMRV,8,4,0.005974054,1
medium_029,Medium,OMP-BranchBoundMRV,8,5,0.002251863,1
medium_029,Medium,OMP-BranchBoundMRV,16,1,0.031942129,1
medium_029,Medium,OMP-BranchBoundMRV,16,2,0.020128965,1
medium_029,Medium,OMP-BranchBoundMRV,16,3,0.037376165,1
medium_029,Medium,OMP-BranchBoundMRV,16,4,0.080390930,1
medium_029,Medium,OMP-BranchBoundMRV,16,5,0.023000002,1
medium_030,Medium,Serial,1,1,0.005446167,1
medium_030,Medium,Serial,1,2,0.005651667,1
medium_030,Medium,Serial,1,3,0.005346083,1
medium_030,Medium,Serial,1,4,0.005711625,1
medium_030,Medium,Serial,1,5,0.005447458,1
medium_030,Medium,Serial-MRV,1,1,0.003793375,1
medium_030,Medium,Serial-MRV,1,2,0.003747458,1
medium_030,Medium,Serial-MRV,1,3,0.003643625,1
medium_030,Medium,Serial-MRV,1,4,0.003677583,1
medium_030,Medium,Serial-MRV,1,5,0.003645041,1
medium_030,Medium,BranchBound,1,1,0.004840292,1
medium_030,Medium,BranchBound,1,2,0.004636458,1
medium_030,Medium,BranchBound,1,3,0.004746166,1
medium_030,Medium,BranchBound,1,4,0.004680583,1
medium_030,Medium,BranchBound,1,5,0.004719917,1
medium_030,Medium,BranchBoundMRV,1,1,0.004622709,1
medium_030,Medium,BranchBoundMRV,1,2,0.004831541,1
medium_030,Medium,BranchBoundMRV,1,3,0.004530583,1
medium_030,Medium,BranchBoundMRV,1,4,0.004555417,1
medium_030,Medium,BranchBoundMRV,1,5,0.004417625,1
medium_030,Medium,OpenMP,4,1,0.003796101,1
medium_030,Medium,OpenMP,4,2,0.003755093,1
medium_030,Medium,OpenMP,4,3,0.003749132,1
medium_030,Medium,OpenMP,4,4,0.003747940,1
medium_030,Medium,OpenMP,4,5,0.003754854,1
medium_030,Medium,OpenMP,8,1,0.003793955,1
medium_030,Medium,OpenMP,8,2,0.003845215,1
medium_030,Medium,OpenMP,8,3,0.003767967,1
medium_030,Medium,OpenMP,8,4,0.003749847,1
medium_030,Medium,OpenMP,8,5,0.003818035,1
medium_030,Medium,OpenMP,16,1,0.019932985,1
medium_030,Medium,OpenMP,16,2,0.054768085,1
medium_030,Medium,OpenMP,16,3,0.025964022,1
medium_030,Medium,OpenMP,16,4,0.011563063,1
medium_030,Medium,OpenMP,16,5,0.008686066,1
medium_030,Medium,OMP-BranchBoundMRV,4,1,0.004857063,1
medium_030,Medium,OMP-BranchBoundMRV,4,2,0.005047083,1
medium_030,Medium,OMP-BranchBoundMRV,4,3,0.004819155,1
medium_030,Medium,OMP-BranchBoundMRV,4,4,0.004795074,1
medium_030,Medium,OMP-BranchBoundMRV,4,5,0.004819155,1
medium_030,Medium,OMP-BranchBoundMRV,8,1,0.006939888,1
medium_030,Medium,OMP-BranchBoundMRV,8,2,0.010380983,1
medium_030,Medium,OMP-BranchBoundMRV,8,3,0.005281210,1
medium_030,Medium,OMP-BranchBoundMRV,8,4,0.004902124,1
medium_030,Medium,OMP-BranchBoundMRV,8,5,0.009417772,1
medium_030,Medium,OMP-BranchBoundMRV,16,1,0.013201952,1
medium_030,Medium,OMP-BranchBoundMRV,16,2,0.016688108,1
medium_030,Medium,OMP-BranchBoundMRV,16,3,0.021199942,1
medium_030,Medium,OMP-BranchBoundMRV,16,4,0.024394989,1
medium_030,Medium,OMP-BranchBoundMRV,16,5,0.052433968,1
medium_031,Medium,Serial,1,1,0.011385917,1
medium_031,Medium,Serial,1,2,0.012061416,1
medium_031,Medium,Serial,1,3,0.012387708,1
medium_031,Medium,Serial,1,4,0.012061125,1
medium_031,Medium,Serial,1,5,0.012521042,1
medium_031,Medium,Serial-MRV,1,1,0.006614500,1
medium_031,Medium,Serial-MRV,1,2,0.006583209,1
medium_031,Medium,Serial-MRV,1,3,0.006546167,1
medium_031,Medium,Serial-MRV,1,4,0.006537041,1
medium_031,Medium,Serial-MRV,1,5,0.006477167,1
medium_031,Medium,BranchBound,1,1,0.010740583,1
medium_031,Medium,BranchBound,1,2,0.010850666,1
medium_031,Medium,BranchBound,1,3,0.010551084,1
medium_031,Medium,BranchBound,1,4,0.010360042,1
medium_031,Medium,BranchBound,1,5,0.010305291,1
medium_031,Medium,BranchBoundMRV,1,1,0.009073708,1
medium_031,Medium,BranchBoundMRV,1,2,0.009024125,1
medium_031,Medium,BranchBoundMRV,1,3,0.009142833,1
medium_031,Medium,BranchBoundMRV,1,4,0.009048709,1
medium_031,Medium,BranchBoundMRV,1,5,0.009081792,1
medium_031,Medium,OpenMP,4,1,0.003016949,1
medium_031,Medium,OpenMP,4,2,0.002991915,1
medium_031,Medium,OpenMP,4,3,0.002986908,1
medium_031,Medium,OpenMP,4,4,0.002983093,1
medium_031,Medium,OpenMP,4,5,0.002977133,1
medium_031,Medium,OpenMP,8,1,0.003003120,1
medium_031,Medium,OpenMP,8,2,0.002984047,1
medium_031,Medium,OpenMP,8,3,0.002979994,1
medium_031,Medium,OpenMP,8,4,0.003747940,1
medium_031,Medium,OpenMP,8,5,0.007124901,1
medium_031,Medium,OpenMP,16,1,0.075766087,1
medium_031,Medium,OpenMP,16,2,0.007426977,1
medium_031,Medium,OpenMP,16,3,0.013976812,1
medium_031,Medium,OpenMP,16,4,0.006052971,1
medium_031,Medium,OpenMP,16,5,0.011183023,1
medium_031,Medium,OMP-BranchBoundMRV,4,1,0.004488945,1
medium_031,Medium,OMP-BranchBoundMRV,4,2,0.004482031,1
medium_031,Medium,OMP-BranchBoundMRV,4,3,0.004630089,1
medium_031,Medium,OMP-BranchBoundMRV,4,4,0.005111933,1
medium_031,Medium,OMP-BranchBoundMRV,4,5,0.004553795,1
medium_031,Medium,OMP-BranchBoundMRV,8,1,0.004997015,1
medium_031,Medium,OMP-BranchBoundMRV,8,2,0.004455090,1
medium_031,Medium,OMP-BranchBoundMRV,8,3,0.004451990,1
medium_031,Medium,OMP-BranchBoundMRV,8,4,0.010613918,1
medium_031,Medium,OMP-BranchBoundMRV,8,5,0.005383968,1
medium_031,Medium,OMP-BranchBoundMRV,16,1,0.059968948,1
medium_031,Medium,OMP-BranchBoundMRV,16,2,0.043323040,1
medium_031,Medium,OMP-BranchBoundMRV,16,3,0.032924175,1
medium_031,Medium,OMP-BranchBoundMRV,16,4,0.032875061,1
medium_031,Medium,OMP-BranchBoundMRV,16,5,0.034514904,1
medium_032,Medium,Serial,1,1,0.000402959,1
medium_032,Medium,Serial,1,2,0.000386167,1
medium_032,Medium,Serial,1,3,0.000385416,1
medium_032,Medium,Serial,1,4,0.000410792,1
medium_032,Medium,Serial,1,5,0.000451166,1
medium_032,Medium,Serial-MRV,1,1,0.005480416,1
medium_032,Medium,Serial-MRV,1,2,0.005520625,1
medium_032,Medium,Serial-MRV,1,3,0.005479958,1
medium_032,Medium,Serial-MRV,1,4,0.005522709,1
medium_032,Medium,Serial-MRV,1,5,0.005609625,1
medium_032,Medium,BranchBound,1,1,0.000447125,1
medium_032,Medium,BranchBound,1,2,0.000353083,1
medium_032,Medium,BranchBound,1,3,0.000352500,1
medium_032,Medium,BranchBound,1,4,0.000360791,1
medium_032,Medium,BranchBound,1,5,0.000375542,1
medium_032,Medium,BranchBoundMRV,1,1,0.006990916,1
medium_032,Medium,BranchBoundMRV,1,2,0.006984333,1
medium_032,Medium,BranchBoundMRV,1,3,0.006740459,1
medium_032,Medium,BranchBoundMRV,1,4,0.006664833,1
medium_032,Medium,BranchBoundMRV,1,5,0.006777209,1
medium_032,Medium,OpenMP,4,1,0.001731873,1
medium_032,Medium,OpenMP,4,2,0.001127005,1
medium_032,Medium,OpenMP,4,3,0.000794888,1
medium_032,Medium,OpenMP,4,4,0.000809908,1
medium_032,Medium,OpenMP,4,5,0.000787973,1
medium_032,Medium,OpenMP,8,1,0.010448933,1
medium_032,Medium,OpenMP,8,2,0.010086060,1
medium_032,Medium,OpenMP,8,3,0.020099878,1
medium_032,Medium,OpenMP,8,4,0.010119915,1
medium_032,Medium,OpenMP,8,5,0.010100842,1
medium_032,Medium,OpenMP,16,1,0.096706867,1
medium_032,Medium,OpenMP,16,2,0.009469032,1
medium_032,Medium,OpenMP,16,3,0.015052080,1
medium_032,Medium,OpenMP,16,4,0.024985075,1
medium_032,Medium,OpenMP,16,5,0.011795998,1
medium_032,Medium,OMP-BranchBoundMRV,4,1,0.001028061,1
medium_032,Medium,OMP-BranchBoundMRV,4,2,0.001454830,1
medium_032,Medium,OMP-BranchBoundMRV,4,3,0.001029968,1
medium_032,Medium,OMP-BranchBoundMRV,4,4,0.001044035,1
medium_032,Medium,OMP-BranchBoundMRV,4,5,0.001021862,1
medium_032,Medium,OMP-BranchBoundMRV,8,1,0.001438141,1
medium_032,Medium,OMP-BranchBoundMRV,8,2,0.001227140,1
medium_032,Medium,OMP-BranchBoundMRV,8,3,0.002346039,1
medium_032,Medium,OMP-BranchBoundMRV,8,4,0.001115799,1
medium_032,Medium,OMP-BranchBoundMRV,8,5,0.001234055,1
medium_032,Medium,OMP-BranchBoundMRV,16,1,0.024534941,1
medium_032,Medium,OMP-BranchBoundMRV,16,2,0.023242950,1
medium_032,Medium,OMP-BranchBoundMRV,16,3,0.019917011,1
medium_032,Medium,OMP-BranchBoundMRV,16,4,0.135677099,1
medium_032,Medium,OMP-BranchBoundMRV,16,5,0.020325899,1
medium_033,Medium,Serial,1,1,0.058555959,1
medium_033,Medium,Serial,1,2,0.056418208,1
medium_033,Medium,Serial,1,3,0.056000709,1
medium_033,Medium,Serial,1,4,0.061646583,1
medium_033,Medium,Serial,1,5,0.056651791,1
medium_033,Medium,Serial-MRV,1,1,0.013392834,1
medium_033,Medium,Serial-MRV,1,2,0.013252291,1
medium_033,Medium,Serial-MRV,1,3,0.013243834,1
medium_033,Medium,Serial-MRV,1,4,0.013246667,1
medium_033,Medium,Serial-MRV,1,5,0.013245041,1
medium_033,Medium,BranchBound,1,1,0.048327583,1
medium_033,Medium,BranchBound,1,2,0.048120125,1
medium_033,Medium,BranchBound,1,3,0.048858334,1
medium_033,Medium,BranchBound,1,4,0.050264417,1
medium_033,Medium,BranchBound,1,5,0.049716625,1
medium_033,Medium,BranchBoundMRV,1,1,0.017819458,1
medium_033,Medium,BranchBoundMRV,1,2,0.017784500,1
medium_033,Medium,BranchBoundMRV,1,3,0.017831500,1
medium_033,Medium,BranchBoundMRV,1,4,0.017859667,1
medium_033,Medium,BranchBoundMRV,1,5,0.017838417,1
medium_033,Medium,OpenMP,4,1,0.007064104,1
medium_033,Medium,OpenMP,4,2,0.007022142,1
medium_033,Medium,OpenMP,4,3,0.007431984,1
medium_033,Medium,OpenMP,4,4,0.007327080,1
medium_033,Medium,OpenMP,4,5,0.007083178,1
medium_033,Medium,OpenMP,8,1,0.014549971,1
medium_033,Medium,OpenMP,8,2,0.013087988,1
medium_033,Medium,OpenMP,8,3,0.007033110,1
medium_033,Medium,OpenMP,8,4,0.013489008,1
medium_033,Medium,OpenMP,8,5,0.007019043,1
medium_033,Medium,OpenMP,16,1,0.031138897,1
medium_033,Medium,OpenMP,16,2,0.014559031,1
medium_033,Medium,OpenMP,16,3,0.038556814,1
medium_033,Medium,OpenMP,16,4,0.028131962,1
medium_033,Medium,OpenMP,16,5,0.008901834,1
medium_033,Medium,OMP-BranchBoundMRV,4,1,0.010200977,1
medium_033,Medium,OMP-BranchBoundMRV,4,2,0.009908915,1
medium_033,Medium,OMP-BranchBoundMRV,4,3,0.009737968,1
medium_033,Medium,OMP-BranchBoundMRV,4,4,0.009718895,1
medium_033,Medium,OMP-BranchBoundMRV,4,5,0.009730101,1
medium_033,Medium,OMP-BranchBoundMRV,8,1,0.009407997,1
medium_033,Medium,OMP-BranchBoundMRV,8,2,0.009393930,1
medium_033,Medium,OMP-BranchBoundMRV,8,3,0.013813972,1
medium_033,Medium,OMP-BranchBoundMRV,8,4,0.009439945,1
medium_033,Medium,OMP-BranchBoundMRV,8,5,0.015249014,1
medium_033,Medium,OMP-BranchBoundMRV,16,1,0.048830032,1
medium_033,Medium,OMP-BranchBoundMRV,16,2,0.034980059,1
medium_033,Medium,OMP-BranchBoundMRV,16,3,0.066464186,1
medium_033,Medium,OMP-BranchBoundMRV,16,4,0.028687000,1
medium_033,Medium,OMP-BranchBoundMRV,16,5,0.062902927,1
medium_034,Medium,Serial,1,1,0.005562000,1
medium_034,Medium,Serial,1,2,0.005569917,1
medium_034,Medium,Serial,1,3,0.005628375,1
medium_034,Medium,Serial,1,4,0.005596417,1
medium_034,Medium,Serial,1,5,0.005527625,1
medium_034,Medium,Serial-MRV,1,1,0.006103667,1
medium_034,Medium,Serial-MRV,1,2,0.006038791,1
medium_034,Medium,Serial-MRV,1,3,0.006072833,1
medium_034,Medium,Serial-MRV,1,4,0.005984541,1
medium_034,Medium,Serial-MRV,1,5,0.006034708,1
medium_034,Medium,BranchBound,1,1,0.004874833,1
medium_034,Medium,BranchBound,1,2,0.004840083,1
medium_034,Medium,BranchBound,1,3,0.004831084,1
medium_034,Medium,BranchBound,1,4,0.004868375,1
medium_034,Medium,BranchBound,1,5,0.004923333,1
medium_034,Medium,BranchBoundMRV,1,1,0.008378125,1
medium_034,Medium,BranchBoundMRV,1,2,0.008369875,1
medium_034,Medium,BranchBoundMRV,1,3,0.008494375,1
medium_034,Medium,BranchBoundMRV,1,4,0.008400459,1
medium_034,Medium,BranchBoundMRV,1,5,0.008429917,1
medium_034,Medium,OpenMP,4,1,0.002156019,1
medium_034,Medium,OpenMP,4,2,0.002132177,1
medium_034,Medium,OpenMP,4,3,0.002136946,1
medium_034,Medium,OpenMP,4,4,0.002181053,1
medium_034,Medium,OpenMP,4,5,0.002152920,1
medium_034,Medium,OpenMP,8,1,0.002187014,1
medium_034,Medium,OpenMP,8,2,0.002132893,1
medium_034,Medium,OpenMP,8,3,0.002150774,1
medium_034,Medium,OpenMP,8,4,0.002135992,1
medium_034,Medium,OpenMP,8,5,0.002164125,1
medium_034,Medium,OpenMP,16,1,0.070689201,1
medium_034,Medium,OpenMP,16,2,0.048612118,1
medium_034,Medium,OpenMP,16,3,0.043529034,1
medium_034,Medium,OpenMP,16,4,0.009677887,1
medium_034,Medium,OpenMP,16,5,0.045590162,1
medium_034,Medium,OMP-BranchBoundMRV,4,1,0.003047943,1
medium_034,Medium,OMP-BranchBoundMRV,4,2,0.003049135,1
medium_034,Medium,OMP-BranchBoundMRV,4,3,0.003004074,1
medium_034,Medium,OMP-BranchBoundMRV,4,4,0.003018141,1
medium_034,Medium,OMP-BranchBoundMRV,4,5,0.003010988,1
medium_034,Medium,OMP-BranchBoundMRV,8,1,0.006960154,1
medium_034,Medium,OMP-BranchBoundMRV,8,2,0.003005981,1
medium_034,Medium,OMP-BranchBoundMRV,8,3,0.003656864,1
medium_034,Medium,OMP-BranchBoundMRV,8,4,0.003090143,1
medium_034,Medium,OMP-BranchBoundMRV,8,5,0.003078938,1
medium_034,Medium,OMP-BranchBoundMRV,16,1,0.081876993,1
medium_034,Medium,OMP-BranchBoundMRV,16,2,0.043344021,1
medium_034,Medium,OMP-BranchBoundMRV,16,3,0.041833878,1
medium_034,Medium,OMP-BranchBoundMRV,16,4,0.032814026,1
medium_034,Medium,OMP-BranchBoundMRV,16,5,0.018002987,1
medium_035,Medium,Serial,1,1,0.000281834,1
medium_035,Medium,Serial,1,2,0.000252625,1
medium_035,Medium,Serial,1,3,0.000252125,1
medium_035,Medium,Serial,1,4,0.000252000,1
medium_035,Medium,Serial,1,5,0.000252000,1
medium_035,Medium,Serial-MRV,1,1,0.003745250,1
medium_035,Medium,Serial-MRV,1,2,0.003605125,1
medium_035,Medium,Serial-MRV,1,3,0.003613916,1
medium_035,Medium,Serial-MRV,1,4,0.003550042,1
medium_035,Medium,Serial-MRV,1,5,0.003556500,1
medium_035,Medium,BranchBound,1,1,0.000215625,1
medium_035,Medium,BranchBound,1,2,0.000224750,1
medium_035,Medium,BranchBound,1,3,0.000226292,1
medium_035,Medium,BranchBound,1,4,0.000207625,1
medium_035,Medium,BranchBound,1,5,0.000207625,1
medium_035,Medium,BranchBoundMRV,1,1,0.004502625,1
medium_035,Medium,BranchBoundMRV,1,2,0.004391625,1
medium_035,Medium,BranchBoundMRV,1,3,0.004376625,1
medium_035,Medium,BranchBoundMRV,1,4,0.004337750,1
medium_035,Medium,BranchBoundMRV,1,5,0.004457667,1
medium_035,Medium,OpenMP,4,1,0.003811836,1
medium_035,Medium,OpenMP,4,2,0.004348993,1
medium_035,Medium,OpenMP,4,3,0.003725052,1
medium_035,Medium,OpenMP,4,4,0.003638029,1
medium_035,Medium,OpenMP,4,5,0.003798008,1
medium_035,Medium,OpenMP,8,1,0.009958982,1
medium_035,Medium,OpenMP,8,2,0.004216194,1
medium_035,Medium,OpenMP,8,3,0.003638983,1
medium_035,Medium,OpenMP,8,4,0.004050016,1
medium_035,Medium,OpenMP,8,5,0.003633976,1
medium_035,Medium,OpenMP,16,1,0.123459816,1
medium_035,Medium,OpenMP,16,2,0.044687033,1
medium_035,Medium,OpenMP,16,3,0.025066853,1
medium_035,Medium,OpenMP,16,4,0.021041155,1
medium_035,Medium,OpenMP,16,5,0.051450968,1
medium_035,Medium,OMP-BranchBoundMRV,4,1,0.004580021,1
medium_035,Medium,OMP-BranchBoundMRV,4,2,0.004462957,1
medium_035,Medium,OMP-BranchBoundMRV,4,3,0.005461931,1
medium_035,Medium,OMP-BranchBoundMRV,4,4,0.004522085,1
medium_035,Medium,OMP-BranchBoundMRV,4,5,0.004948139,1
medium_035,Medium,OMP-BranchBoundMRV,8,1,0.004517078,1
medium_035,Medium,OMP-BranchBoundMRV,8,2,0.021394014,1
medium_035,Medium,OMP-BranchBoundMRV,8,3,0.004493952,1
medium_035,Medium,OMP-BranchBoundMRV,8,4,0.013581038,1
medium_035,Medium,OMP-BranchBoundMRV,8,5,0.004487038,1
medium_035,Medium,OMP-BranchBoundMRV,16,1,0.058212996,1
medium_035,Medium,OMP-BranchBoundMRV,16,2,0.018393993,1
medium_035,Medium,OMP-BranchBoundMRV,16,3,0.030400038,1
medium_035,Medium,OMP-BranchBoundMRV,16,4,0.011383057,1
medium_035,Medium,OMP-BranchBoundMRV,16,5,0.018491030,1
medium_036,Medium,Serial,1,1,0.097288875,1
medium_036,Medium,Serial,1,2,0.090523167,1
medium_036,Medium,Serial,1,3,0.091961875,1
medium_036,Medium,Serial,1,4,0.089530583,1
medium_036,Medium,Serial,1,5,0.091017209,1
medium_036,Medium,Serial-MRV,1,1,0.003768417,1
medium_036,Medium,Serial-MRV,1,2,0.003748834,1
medium_036,Medium,Serial-MRV,1,3,0.003748959,1
medium_036,Medium,Serial-MRV,1,4,0.003743625,1
medium_036,Medium,Serial-MRV,1,5,0.003760916,1
medium_036,Medium,BranchBound,1,1,0.082077584,1
medium_036,Medium,BranchBound,1,2,0.084238584,1
medium_036,Medium,BranchBound,1,3,0.087838500,1
medium_036,Medium,BranchBound,1,4,0.084535959,1
medium_036,Medium,BranchBound,1,5,0.082864375,1
medium_036,Medium,BranchBoundMRV,1,1,0.005183167,1
medium_036,Medium,BranchBoundMRV,1,2,0.005172583,1
medium_036,Medium,BranchBoundMRV,1,3,0.005193750,1
medium_036,Medium,BranchBoundMRV,1,4,0.005229708,1
medium_036,Medium,BranchBoundMRV,1,5,0.005187041,1
medium_036,Medium,OpenMP,4,1,0.001823902,1
medium_036,Medium,OpenMP,4,2,0.001806021,1
medium_036,Medium,OpenMP,4,3,0.001802921,1
medium_036,Medium,OpenMP,4,4,0.001796961,1
medium_036,Medium,OpenMP,4,5,0.001796007,1
medium_036,Medium,OpenMP,8,1,0.011010170,1
medium_036,Medium,OpenMP,8,2,0.005597115,1
medium_036,Medium,OpenMP,8,3,0.002050161,1
medium_036,Medium,OpenMP,8,4,0.004607916,1
medium_036,Medium,OpenMP,8,5,0.001817942,1
medium_036,Medium,OpenMP,16,1,0.020013094,1
medium_036,Medium,OpenMP,16,2,0.020414114,1
medium_036,Medium,OpenMP,16,3,0.031071186,1
medium_036,Medium,OpenMP,16,4,0.014127016,1
medium_036,Medium,OpenMP,16,5,0.022752047,1
medium_036,Medium,OMP-BranchBoundMRV,4,1,0.002552986,1
medium_036,Medium,OMP-BranchBoundMRV,4,2,0.002521992,1
medium_036,Medium,OMP-BranchBoundMRV,4,3,0.002549887,1
medium_036,Medium,OMP-BranchBoundMRV,4,4,0.002543926,1
medium_036,Medium,OMP-BranchBoundMRV,4,5,0.002550125,1
medium_036,Medium,OMP-BranchBoundMRV,8,1,0.002648115,1
medium_036,Medium,OMP-BranchBoundMRV,8,2,0.003297091,1
medium_036,Medium,OMP-BranchBoundMRV,8,3,0.005907059,1
medium_036,Medium,OMP-BranchBoundMRV,8,4,0.002542973,1
medium_036,Medium,OMP-BranchBoundMRV,8,5,0.002531052,1
medium_036,Medium,OMP-BranchBoundMRV,16,1,0.020514011,1
medium_036,Medium,OMP-BranchBoundMRV,16,2,0.010211945,1
medium_036,Medium,OMP-BranchBoundMRV,16,3,0.091281176,1
medium_036,Medium,OMP-BranchBoundMRV,16,4,0.053431034,1
medium_036,Medium,OMP-BranchBoundMRV,16,5,0.007030010,1
medium_037,Medium,Serial,1,1,0.013530833,1
medium_037,Medium,Serial,1,2,0.012977333,1
medium_037,Medium,Serial,1,3,0.013095375,1
medium_037,Medium,Serial,1,4,0.012746417,1
medium_037,Medium,Serial,1,5,0.012804125,1
medium_037,Medium,Serial-MRV,1,1,0.004496750,1
medium_037,Medium,Serial-MRV,1,2,0.004721000,1
medium_037,Medium,Serial-MRV,1,3,0.004482000,1
medium_037,Medium,Serial-MRV,1,4,0.004665125,1
medium_037,Medium,Serial-MRV,1,5,0.004554459,1
medium_037,Medium,BranchBound,1,1,0.011015583,1
medium_037,Medium,BranchBound,1,2,0.010964625,1
medium_037,Medium,BranchBound,1,3,0.010837542,1
medium_037,Medium,BranchBound,1,4,0.010977250,1
medium_037,Medium,BranchBound,1,5,0.010770500,1
medium_037,Medium,BranchBoundMRV,1,1,0.005496125,1
medium_037,Medium,BranchBoundMRV,1,2,0.005535041,1
medium_037,Medium,BranchBoundMRV,1,3,0.005515792,1
medium_037,Medium,BranchBoundMRV,1,4,0.005575084,1
medium_037,Medium,BranchBoundMRV,1,5,0.005520125,1
medium_037,Medium,OpenMP,4,1,0.004839182,1
medium_037,Medium,OpenMP,4,2,0.004745007,1
medium_037,Medium,OpenMP,4,3,0.004741192,1
medium_037,Medium,OpenMP,4,4,0.004736900,1
medium_037,Medium,OpenMP,4,5,0.004739046,1
medium_037,Medium,OpenMP,8,1,0.004737139,1
medium_037,Medium,OpenMP,8,2,0.004747152,1
medium_037,Medium,OpenMP,8,3,0.009229183,1
medium_037,Medium,OpenMP,8,4,0.004976988,1
medium_037,Medium,OpenMP,8,5,0.004821062,1
medium_037,Medium,OpenMP,16,1,0.017935991,1
medium_037,Medium,OpenMP,16,2,0.034266949,1
medium_037,Medium,OpenMP,16,3,0.037955999,1
medium_037,Medium,OpenMP,16,4,0.077923059,1
medium_037,Medium,OpenMP,16,5,0.035773993,1
medium_037,Medium,OMP-BranchBoundMRV,4,1,0.006036997,1
medium_037,Medium,OMP-BranchBoundMRV,4,2,0.006301165,1
medium_037,Medium,OMP-BranchBoundMRV,4,3,0.006031990,1
medium_037,Medium,OMP-BranchBoundMRV,4,4,0.006402016,1
medium_037,Medium,OMP-BranchBoundMRV,4,5,0.006147146,1
medium_037,Medium,OMP-BranchBoundMRV,8,1,0.008184195,1
medium_037,Medium,OMP-BranchBoundMRV,8,2,0.012001038,1
medium_037,Medium,OMP-BranchBoundMRV,8,3,0.013767004,1
medium_037,Medium,OMP-BranchBoundMRV,8,4,0.007662058,1
medium_037,Medium,OMP-BranchBoundMRV,8,5,0.005901814,1
medium_037,Medium,OMP-BranchBoundMRV,16,1,0.078835011,1
medium_037,Medium,OMP-BranchBoundMRV,16,2,0.040653944,1
medium_037,Medium,OMP-BranchBoundMRV,16,3,0.030194998,1
medium_037,Medium,OMP-BranchBoundMRV,16,4,0.013669014,1
medium_037,Medium,OMP-BranchBoundMRV,16,5,0.035725117,1
medium_038,Medium,Serial,1,1,0.000541167,1
medium_038,Medium,Serial,1,2,0.000473542,1
medium_038,Medium,Serial,1,3,0.000478875,1
medium_038,Medium,Serial,1,4,0.000452000,1
medium_038,Medium,Serial,1,5,0.000489875,1
medium_038,Medium,Serial-MRV,1,1,0.013191042,1
medium_038,Medium,Serial-MRV,1,2,0.013173292,1
medium_038,Medium,Serial-MRV,1,3,0.012537958,1
medium_038,Medium,Serial-MRV,1,4,0.012522750,1
medium_038,Medium,Serial-MRV,1,5,0.012340167,1
medium_038,Medium,BranchBound,1,1,0.000411209,1
medium_038,Medium,BranchBound,1,2,0.000420792,1
medium_038,Medium,BranchBound,1,3,0.000401875,1
medium_038,Medium,BranchBound,1,4,0.000404875,1
medium_038,Medium,BranchBound,1,5,0.000402042,1
medium_038,Medium,BranchBoundMRV,1,1,0.016058167,1
medium_038,Medium,BranchBoundMRV,1,2,0.015992042,1
medium_038,Medium,BranchBoundMRV,1,3,0.015983167,1
medium_038,Medium,BranchBoundMRV,1,4,0.016219875,1
medium_038,Medium,BranchBoundMRV,1,5,0.015956625,1
medium_038,Medium,OpenMP,4,1,0.001756907,1
medium_038,Medium,OpenMP,4,2,0.001743078,1
medium_038,Medium,OpenMP,4,3,0.001724958,1
medium_038,Medium,OpenMP,4,4,0.001722097,1
medium_038,Medium,OpenMP,4,5,0.001710176,1
medium_038,Medium,OpenMP,8,1,0.013912916,1
medium_038,Medium,OpenMP,8,2,0.010116100,1
medium_038,Medium,OpenMP,8,3,0.007497072,1
medium_038,Medium,OpenMP,8,4,0.001741886,1
medium_038,Medium,OpenMP,8,5,0.003353834,1
medium_038,Medium,OpenMP,16,1,0.010069847,1
medium_038,Medium,OpenMP,16,2,0.025238037,1
medium_038,Medium,OpenMP,16,3,0.020395041,1
medium_038,Medium,OpenMP,16,4,0.019411802,1
medium_038,Medium,OpenMP,16,5,0.011062860,1
medium_038,Medium,OMP-BranchBoundMRV,4,1,0.002591848,1
medium_038,Medium,OMP-BranchBoundMRV,4,2,0.004065037,1
medium_038,Medium,OMP-BranchBoundMRV,4,3,0.002615929,1
medium_038,Medium,OMP-BranchBoundMRV,4,4,0.004302025,1
medium_038,Medium,OMP-BranchBoundMRV,4,5,0.002520084,1
medium_038,Medium,OMP-BranchBoundMRV,8,1,0.002710104,1
medium_038,Medium,OMP-BranchBoundMRV,8,2,0.012171984,1
medium_038,Medium,OMP-BranchBoundMRV,8,3,0.009357214,1
medium_038,Medium,OMP-BranchBoundMRV,8,4,0.002724171,1
medium_038,Medium,OMP-BranchBoundMRV,8,5,0.002460003,1
medium_038,Medium,OMP-BranchBoundMRV,16,1,0.021277905,1
medium_038,Medium,OMP-BranchBoundMRV,16,2,0.035916090,1
medium_038,Medium,OMP-BranchBoundMRV,16,3,0.054075956,1
medium_038,Medium,OMP-BranchBoundMRV,16,4,0.060354948,1
medium_038,Medium,OMP-BranchBoundMRV,16,5,0.027157068,1
medium_039,Medium,Serial,1,1,0.001680166,1
medium_039,Medium,Serial,1,2,0.001711167,1
medium_039,Medium,Serial,1,3,0.001626208,1
medium_039,Medium,Serial,1,4,0.001534291,1
medium_039,Medium,Serial,1,5,0.001712708,1
medium_039,Medium,Serial-MRV,1,1,0.007142708,1
medium_039,Medium,Serial-MRV,1,2,0.006973583,1
medium_039,Medium,Serial-MRV,1,3,0.007075083,1
medium_039,Medium,Serial-MRV,1,4,0.006990750,1
medium_039,Medium,Serial-MRV,1,5,0.006837250,1
medium_039,Medium,BranchBound,1,1,0.001506541,1
medium_039,Medium,BranchBound,1,2,0.001444625,1
medium_039,Medium,BranchBound,1,3,0.001432833,1
medium_039,Medium,BranchBound,1,4,0.001420375,1
medium_039,Medium,BranchBound,1,5,0.001363625,1
medium_039,Medium,BranchBoundMRV,1,1,0.008851166,1
medium_039,Medium,BranchBoundMRV,1,2,0.008451083,1
medium_039,Medium,BranchBoundMRV,1,3,0.008404208,1
medium_039,Medium,BranchBoundMRV,1,4,0.008412666,1
medium_039,Medium,BranchBoundMRV,1,5,0.008402542,1
medium_039,Medium,OpenMP,4,1,0.001906157,1
medium_039,Medium,OpenMP,4,2,0.001890898,1
medium_039,Medium,OpenMP,4,3,0.001892090,1
medium_039,Medium,OpenMP,4,4,0.001896143,1
medium_039,Medium,OpenMP,4,5,0.001890898,1
medium_039,Medium,OpenMP,8,1,0.001924992,1
medium_039,Medium,OpenMP,8,2,0.001936197,1
medium_039,Medium,OpenMP,8,3,0.001928091,1
medium_039,Medium,OpenMP,8,4,0.001915932,1
medium_039,Medium,OpenMP,8,5,0.004304886,1
medium_039,Medium,OpenMP,16,1,0.019912004,1
medium_039,Medium,OpenMP,16,2,0.023375034,1
medium_039,Medium,OpenMP,16,3,0.048254013,1
medium_039,Medium,OpenMP,16,4,0.028215885,1
medium_039,Medium,OpenMP,16,5,0.010413170,1
medium_039,Medium,OMP-BranchBoundMRV,4,1,0.003339052,1
medium_039,Medium,OMP-BranchBoundMRV,4,2,0.002936125,1
medium_039,Medium,OMP-BranchBoundMRV,4,3,0.002565145,1
medium_039,Medium,OMP-BranchBoundMRV,4,4,0.002484083,1
medium_039,Medium,OMP-BranchBoundMRV,4,5,0.002608061,1
medium_039,Medium,OMP-BranchBoundMRV,8,1,0.010204077,1
medium_039,Medium,OMP-BranchBoundMRV,8,2,0.003948927,1
medium_039,Medium,OMP-BranchBoundMRV,8,3,0.015822887,1
medium_039,Medium,OMP-BranchBoundMRV,8,4,0.005827904,1
medium_039,Medium,OMP-BranchBoundMRV,8,5,0.007844925,1
medium_039,Medium,OMP-BranchBoundMRV,16,1,0.014749050,1
medium_039,Medium,OMP-BranchBoundMRV,16,2,0.018676996,1
medium_039,Medium,OMP-BranchBoundMRV,16,3,0.014242887,1
medium_039,Medium,OMP-BranchBoundMRV,16,4,0.011816025,1
medium_039,Medium,OMP-BranchBoundMRV,16,5,0.021507978,1
medium_040,Medium,Serial,1,1,0.030795375,1
medium_040,Medium,Serial,1,2,0.030900792,1
medium_040,Medium,Serial,1,3,0.033468667,1
medium_040,Medium,Serial,1,4,0.034357000,1
medium_040,Medium,Serial,1,5,0.032621208,1
medium_040,Medium,Serial-MRV,1,1,0.003715292,1
medium_040,Medium,Serial-MRV,1,2,0.003776417,1
medium_040,Medium,Serial-MRV,1,3,0.003413750,1
medium_040,Medium,Serial-MRV,1,4,0.003440334,1
medium_040,Medium,Serial-MRV,1,5,0.003632292,1
medium_040,Medium,BranchBound,1,1,0.026812209,1
medium_040,Medium,BranchBound,1,2,0.026614417,1
medium_040,Medium,BranchBound,1,3,0.026512708,1
medium_040,Medium,BranchBound,1,4,0.026174667,1
medium_040,Medium,BranchBound,1,5,0.026226792,1
medium_040,Medium,BranchBoundMRV,1,1,0.004409583,1
medium_040,Medium,BranchBoundMRV,1,2,0.004375666,1
medium_040,Medium,BranchBoundMRV,1,3,0.004458459,1
medium_040,Medium,BranchBoundMRV,1,4,0.004572084,1
medium_040,Medium,BranchBoundMRV,1,5,0.004352792,1
medium_040,Medium,OpenMP,4,1,0.003558159,1
medium_040,Medium,OpenMP,4,2,0.003513098,1
medium_040,Medium,OpenMP,4,3,0.003504992,1
medium_040,Medium,OpenMP,4,4,0.003506899,1
medium_040,Medium,OpenMP,4,5,0.003508806,1
medium_040,Medium,OpenMP,8,1,0.003513098,1
medium_040,Medium,OpenMP,8,2,0.008408070,1
medium_040,Medium,OpenMP,8,3,0.003520012,1
medium_040,Medium,OpenMP,8,4,0.003566980,1
medium_040,Medium,OpenMP,8,5,0.003566027,1
medium_040,Medium,OpenMP,16,1,0.023013115,1
medium_040,Medium,OpenMP,16,2,0.013622999,1
medium_040,Medium,OpenMP,16,3,0.010847092,1
medium_040,Medium,OpenMP,16,4,0.010560989,1
medium_040,Medium,OpenMP,16,5,0.021482944,1
medium_040,Medium,OMP-BranchBoundMRV,4,1,0.005350828,1
medium_040,Medium,OMP-BranchBoundMRV,4,2,0.004970074,1
medium_040,Medium,OMP-BranchBoundMRV,4,3,0.004987955,1
medium_040,Medium,OMP-BranchBoundMRV,4,4,0.006489992,1
medium_040,Medium,OMP-BranchBoundMRV,4,5,0.007159948,1
medium_040,Medium,OMP-BranchBoundMRV,8,1,0.011126041,1
medium_040,Medium,OMP-BranchBoundMRV,8,2,0.004689932,1
medium_040,Medium,OMP-BranchBoundMRV,8,3,0.004791021,1
medium_040,Medium,OMP-BranchBoundMRV,8,4,0.008313894,1
medium_040,Medium,OMP-BranchBoundMRV,8,5,0.011119843,1
medium_040,Medium,OMP-BranchBoundMRV,16,1,0.072818995,1
medium_040,Medium,OMP-BranchBoundMRV,16,2,0.019604921,1
medium_040,Medium,OMP-BranchBoundMRV,16,3,0.019259930,1
medium_040,Medium,OMP-BranchBoundMRV,16,4,0.006442070,1
medium_040,Medium,OMP-BranchBoundMRV,16,5,0.011933088,1
medium_041,Medium,Serial,1,1,0.013290125,1
medium_041,Medium,Serial,1,2,0.013332375,1
medium_041,Medium,Serial,1,3,0.012728208,1
medium_041,Medium,Serial,1,4,0.012582875,1
medium_041,Medium,Serial,1,5,0.012789625,1
medium_041,Medium,Serial-MRV,1,1,0.003612917,1
medium_041,Medium,Serial-MRV,1,2,0.003575458,1
medium_041,Medium,Serial-MRV,1,3,0.003779042,1
medium_041,Medium,Serial-MRV,1,4,0.003520584,1
medium_041,Medium,Serial-MRV,1,5,0.003531292,1
medium_041,Medium,BranchBound,1,1,0.010541250,1
medium_041,Medium,BranchBound,1,2,0.010524625,1
medium_041,Medium,BranchBound,1,3,0.010475625,1
medium_041,Medium,BranchBound,1,4,0.010552458,1
medium_041,Medium,BranchBound,1,5,0.010426167,1
medium_041,Medium,BranchBoundMRV,1,1,0.004750834,1
medium_041,Medium,BranchBoundMRV,1,2,0.004560750,1
medium_041,Medium,BranchBoundMRV,1,3,0.004659250,1
medium_041,Medium,BranchBoundMRV,1,4,0.004562292,1
medium_041,Medium,BranchBoundMRV,1,5,0.004683708,1
medium_041,Medium,OpenMP,4,1,0.001254797,1
medium_041,Medium,OpenMP,4,2,0.001235008,1
medium_041,Medium,OpenMP,4,3,0.001226187,1
medium_041,Medium,OpenMP,4,4,0.001233101,1
medium_041,Medium,OpenMP,4,5,0.001225948,1
medium_041,Medium,OpenMP,8,1,0.002770901,1
medium_041,Medium,OpenMP,8,2,0.001330853,1
medium_041,Medium,OpenMP,8,3,0.001284122,1
medium_041,Medium,OpenMP,8,4,0.001230001,1
medium_041,Medium,OpenMP,8,5,0.001246214,1
medium_041,Medium,OpenMP,16,1,0.007544994,1
medium_041,Medium,OpenMP,16,2,0.007260084,1
medium_041,Medium,OpenMP,16,3,0.017089128,1
medium_041,Medium,OpenMP,16,4,0.016443968,1
medium_041,Medium,OpenMP,16,5,0.007761002,1
medium_041,Medium,OMP-BranchBoundMRV,4,1,0.002552986,1
medium_041,Medium,OMP-BranchBoundMRV,4,2,0.001729012,1
medium_041,Medium,OMP-BranchBoundMRV,4,3,0.001621962,1
medium_041,Medium,OMP-BranchBoundMRV,4,4,0.002055883,1
medium_041,Medium,OMP-BranchBoundMRV,4,5,0.001706839,1
medium_041,Medium,OMP-BranchBoundMRV,8,1,0.001729965,1
medium_041,Medium,OMP-BranchBoundMRV,8,2,0.001751184,1
medium_041,Medium,OMP-BranchBoundMRV,8,3,0.004209042,1
medium_041,Medium,OMP-BranchBoundMRV,8,4,0.003695965,1
medium_041,Medium,OMP-BranchBoundMRV,8,5,0.003790855,1
medium_041,Medium,OMP-BranchBoundMRV,16,1,0.014035940,1
medium_041,Medium,OMP-BranchBoundMRV,16,2,0.006566048,1
medium_041,Medium,OMP-BranchBoundMRV,16,3,0.021335125,1
medium_041,Medium,OMP-BranchBoundMRV,16,4,0.029451847,1
medium_041,Medium,OMP-BranchBoundMRV,16,5,0.007730007,1
medium_042,Medium,Serial,1,1,0.000964875,1
medium_042,Medium,Serial,1,2,0.000894209,1
medium_042,Medium,Serial,1,3,0.000896250,1
medium_042,Medium,Serial,1,4,0.000898000,1
medium_042,Medium,Serial,1,5,0.000906208,1
medium_042,Medium,Serial-MRV,1,1,0.004795416,1
medium_042,Medium,Serial-MRV,1,2,0.004546709,1
medium_042,Medium,Serial-MRV,1,3,0.004549916,1
medium_042,Medium,Serial-MRV,1,4,0.004539875,1
medium_042,Medium,Serial-MRV,1,5,0.004694292,1
medium_042,Medium,BranchBound,1,1,0.000777125,1
medium_042,Medium,BranchBound,1,2,0.000769958,1
medium_042,Medium,BranchBound,1,3,0.000786875,1
medium_042,Medium,BranchBound,1,4,0.000789083,1
medium_042,Medium,BranchBound,1,5,0.000772833,1
medium_042,Medium,BranchBoundMRV,1,1,0.005822292,1
medium_042,Medium,BranchBoundMRV,1,2,0.006112500,1
medium_042,Medium,BranchBoundMRV,1,3,0.005880083,1
medium_042,Medium,BranchBoundMRV,1,4,0.005850250,1
medium_042,Medium,BranchBoundMRV,1,5,0.005901958,1
medium_042,Medium,OpenMP,4,1,0.004801989,1
medium_042,Medium,OpenMP,4,2,0.004874945,1
medium_042,Medium,OpenMP,4,3,0.004785776,1
medium_042,Medium,OpenMP,4,4,0.004792929,1
medium_042,Medium,OpenMP,4,5,0.004776955,1
medium_042,Medium,OpenMP,8,1,0.004796982,1
medium_042,Medium,OpenMP,8,2,0.004780054,1
medium_042,Medium,OpenMP,8,3,0.005181074,1
medium_042,Medium,OpenMP,8,4,0.004862070,1
medium_042,Medium,OpenMP,8,5,0.004878998,1
medium_042,Medium,OpenMP,16,1,0.027930021,1
medium_042,Medium,OpenMP,16,2,0.021699905,1
medium_042,Medium,OpenMP,16,3,0.047512054,1
medium_042,Medium,OpenMP,16,4,0.015309095,1
medium_042,Medium,OpenMP,16,5,0.024973154,1
medium_042,Medium,OMP-BranchBoundMRV,4,1,0.006258965,1
medium_042,Medium,OMP-BranchBoundMRV,4,2,0.006312132,1
medium_042,Medium,OMP-BranchBoundMRV,4,3,0.006231070,1
medium_042,Medium,OMP-BranchBoundMRV,4,4,0.006286860,1
medium_042,Medium,OMP-BranchBoundMRV,4,5,0.006371021,1
medium_042,Medium,OMP-BranchBoundMRV,8,1,0.011880875,1
medium_042,Medium,OMP-BranchBoundMRV,8,2,0.006226063,1
medium_042,Medium,OMP-BranchBoundMRV,8,3,0.014900923,1
medium_042,Medium,OMP-BranchBoundMRV,8,4,0.006273985,1
medium_042,Medium,OMP-BranchBoundMRV,8,5,0.012133121,1
medium_042,Medium,OMP-BranchBoundMRV,16,1,0.031913996,1
medium_042,Medium,OMP-BranchBoundMRV,16,2,0.021249056,1
medium_042,Medium,OMP-BranchBoundMRV,16,3,0.017306089,1
medium_042,Medium,OMP-BranchBoundMRV,16,4,0.012188911,1
medium_042,Medium,OMP-BranchBoundMRV,16,5,0.066505909,1
medium_043,Medium,Serial,1,1,0.007704125,1
medium_043,Medium,Serial,1,2,0.007728833,1
medium_043,Medium,Serial,1,3,0.007701583,1
medium_043,Medium,Serial,1,4,0.007624208,1
medium_043,Medium,Serial,1,5,0.007623791,1
medium_043,Medium,Serial-MRV,1,1,0.008430625,1
medium_043,Medium,Serial-MRV,1,2,0.008538333,1
medium_043,Medium,Serial-MRV,1,3,0.008307041,1
medium_043,Medium,Serial-MRV,1,4,0.008696541,1
medium_043,Medium,Serial-MRV,1,5,0.008398000,1
medium_043,Medium,BranchBound,1,1,0.006534250,1
medium_043,Medium,BranchBound,1,2,0.006024084,1
medium_043,Medium,BranchBound,1,3,0.006423000,1
medium_043,Medium,BranchBound,1,4,0.006323000,1
medium_043,Medium,BranchBound,1,5,0.006174250,1
medium_043,Medium,BranchBoundMRV,1,1,0.010751292,1
medium_043,Medium,BranchBoundMRV,1,2,0.011505458,1
medium_043,Medium,BranchBoundMRV,1,3,0.012351750,1
medium_043,Medium,BranchBoundMRV,1,4,0.011183417,1
medium_043,Medium,BranchBoundMRV,1,5,0.010909458,1
medium_043,Medium,OpenMP,4,1,0.001897097,1
medium_043,Medium,OpenMP,4,2,0.001842022,1
medium_043,Medium,OpenMP,4,3,0.003447056,1
medium_043,Medium,OpenMP,4,4,0.001862049,1
medium_043,Medium,OpenMP,4,5,0.002424002,1
medium_043,Medium,OpenMP,8,1,0.001285076,1
medium_043,Medium,OpenMP,8,2,0.006442070,1
medium_043,Medium,OpenMP,8,3,0.012293100,1
medium_043,Medium,OpenMP,8,4,0.012691021,1
medium_043,Medium,OpenMP,8,5,0.009032011,1
medium_043,Medium,OpenMP,16,1,0.041819096,1
medium_043,Medium,OpenMP,16,2,0.021158934,1
medium_043,Medium,OpenMP,16,3,0.012872934,1
medium_043,Medium,OpenMP,16,4,0.005661964,1
medium_043,Medium,OpenMP,16,5,0.023260117,1
medium_043,Medium,OMP-BranchBoundMRV,4,1,0.001791000,1
medium_043,Medium,OMP-BranchBoundMRV,4,2,0.001708031,1
medium_043,Medium,OMP-BranchBoundMRV,4,3,0.001714945,1
medium_043,Medium,OMP-BranchBoundMRV,4,4,0.001734972,1
medium_043,Medium,OMP-BranchBoundMRV,4,5,0.001703024,1
medium_043,Medium,OMP-BranchBoundMRV,8,1,0.003804922,1
medium_043,Medium,OMP-BranchBoundMRV,8,2,0.003867149,1
medium_043,Medium,OMP-BranchBoundMRV,8,3,0.001878977,1
medium_043,Medium,OMP-BranchBoundMRV,8,4,0.001713991,1
medium_043,Medium,OMP-BranchBoundMRV,8,5,0.002046108,1
medium_043,Medium,OMP-BranchBoundMRV,16,1,0.009021997,1
medium_043,Medium,OMP-BranchBoundMRV,16,2,0.016542912,1
medium_043,Medium,OMP-BranchBoundMRV,16,3,0.037422895,1
medium_043,Medium,OMP-BranchBoundMRV,16,4,0.018679142,1
medium_043,Medium,OMP-BranchBoundMRV,16,5,0.011222124,1
medium_044,Medium,Serial,1,1,0.000794875,1
medium_044,Medium,Serial,1,2,0.000625792,1
medium_044,Medium,Serial,1,3,0.000706667,1
medium_044,Medium,Serial,1,4,0.000711709,1
medium_044,Medium,Serial,1,5,0.000706333,1
medium_044,Medium,Serial-MRV,1,1,0.007955625,1
medium_044,Medium,Serial-MRV,1,2,0.008185417,1
medium_044,Medium,Serial-MRV,1,3,0.007989084,1
medium_044,Medium,Serial-MRV,1,4,0.008005500,1
medium_044,Medium,Serial-MRV,1,5,0.007272416,1
medium_044,Medium,BranchBound,1,1,0.000547834,1
medium_044,Medium,BranchBound,1,2,0.000569458,1
medium_044,Medium,BranchBound,1,3,0.000601084,1
medium_044,Medium,BranchBound,1,4,0.000541625,1
medium_044,Medium,BranchBound,1,5,0.000572917,1
medium_044,Medium,BranchBoundMRV,1,1,0.009865292,1
medium_044,Medium,BranchBoundMRV,1,2,0.009808375,1
medium_044,Medium,BranchBoundMRV,1,3,0.009962125,1
medium_044,Medium,BranchBoundMRV,1,4,0.009657750,1
medium_044,Medium,BranchBoundMRV,1,5,0.009234916,1
medium_044,Medium,OpenMP,4,1,0.002879858,1
medium_044,Medium,OpenMP,4,2,0.002933025,1
medium_044,Medium,OpenMP,4,3,0.003073215,1
medium_044,Medium,OpenMP,4,4,0.002867937,1
medium_044,Medium,OpenMP,4,5,0.002847910,1
medium_044,Medium,OpenMP,8,1,0.002922058,1
medium_044,Medium,OpenMP,8,2,0.006665945,1
medium_044,Medium,OpenMP,8,3,0.002894878,1
medium_044,Medium,OpenMP,8,4,0.002894163,1
medium_044,Medium,OpenMP,8,5,0.002862930,1
medium_044,Medium,OpenMP,16,1,0.025600910,1
medium_044,Medium,OpenMP,16,2,0.031959057,1
medium_044,Medium,OpenMP,16,3,0.009170055,1
medium_044,Medium,OpenMP,16,4,0.011245966,1
medium_044,Medium,OpenMP,16,5,0.011332035,1
medium_044,Medium,OMP-BranchBoundMRV,4,1,0.003902912,1
medium_044,Medium,OMP-BranchBoundMRV,4,2,0.003973961,1
medium_044,Medium,OMP-BranchBoundMRV,4,3,0.003854990,1
medium_044,Medium,OMP-BranchBoundMRV,4,4,0.004231930,1
medium_044,Medium,OMP-BranchBoundMRV,4,5,0.004220009,1
medium_044,Medium,OMP-BranchBoundMRV,8,1,0.009551048,1
medium_044,Medium,OMP-BranchBoundMRV,8,2,0.007763147,1
medium_044,Medium,OMP-BranchBoundMRV,8,3,0.009163857,1
medium_044,Medium,OMP-BranchBoundMRV,8,4,0.006953955,1
medium_044,Medium,OMP-BranchBoundMRV,8,5,0.011805058,1
medium_044,Medium,OMP-BranchBoundMRV,16,1,0.017239094,1
medium_044,Medium,OMP-BranchBoundMRV,16,2,0.016510963,1
medium_044,Medium,OMP-BranchBoundMRV,16,3,0.013594866,1
medium_044,Medium,OMP-BranchBoundMRV,16,4,0.019380093,1
medium_044,Medium,OMP-BranchBoundMRV,16,5,0.023003101,1
medium_045,Medium,Serial,1,1,0.004491125,1
medium_045,Medium,Serial,1,2,0.004494541,1
medium_045,Medium,Serial,1,3,0.004522667,1
medium_045,Medium,Serial,1,4,0.004481000,1
medium_045,Medium,Serial,1,5,0.004517959,1
medium_045,Medium,Serial-MRV,1,1,0.004139166,1
medium_045,Medium,Serial-MRV,1,2,0.004185958,1
medium_045,Medium,Serial-MRV,1,3,0.004244541,1
medium_045,Medium,Serial-MRV,1,4,0.004193083,1
medium_045,Medium,Serial-MRV,1,5,0.004320417,1
medium_045,Medium,BranchBound,1,1,0.004347208,1
medium_045,Medium,BranchBound,1,2,0.004437000,1
medium_045,Medium,BranchBound,1,3,0.004434583,1
medium_045,Medium,BranchBound,1,4,0.004270833,1
medium_045,Medium,BranchBound,1,5,0.004255667,1
medium_045,Medium,BranchBoundMRV,1,1,0.006186750,1
medium_045,Medium,BranchBoundMRV,1,2,0.006367625,1
medium_045,Medium,BranchBoundMRV,1,3,0.006312375,1
medium_045,Medium,BranchBoundMRV,1,4,0.006268750,1
medium_045,Medium,BranchBoundMRV,1,5,0.006276000,1
medium_045,Medium,OpenMP,4,1,0.002533913,1
medium_045,Medium,OpenMP,4,2,0.002540827,1
medium_045,Medium,OpenMP,4,3,0.002470016,1
medium_045,Medium,OpenMP,4,4,0.002317905,1
medium_045,Medium,OpenMP,4,5,0.002408981,1
medium_045,Medium,OpenMP,8,1,0.004220963,1
medium_045,Medium,OpenMP,8,2,0.005418062,1
medium_045,Medium,OpenMP,8,3,0.005126953,1
medium_045,Medium,OpenMP,8,4,0.002686977,1
medium_045,Medium,OpenMP,8,5,0.003906965,1
medium_045,Medium,OpenMP,16,1,0.014742136,1
medium_045,Medium,OpenMP,16,2,0.008314133,1
medium_045,Medium,OpenMP,16,3,0.015488148,1
medium_045,Medium,OpenMP,16,4,0.020893097,1
medium_045,Medium,OpenMP,16,5,0.003905058,1
medium_045,Medium,OMP-BranchBoundMRV,4,1,0.003526211,1
medium_045,Medium,OMP-BranchBoundMRV,4,2,0.003340006,1
medium_045,Medium,OMP-BranchBoundMRV,4,3,0.003396988,1
medium_045,Medium,OMP-BranchBoundMRV,4,4,0.003340960,1
medium_045,Medium,OMP-BranchBoundMRV,4,5,0.003382921,1
medium_045,Medium,OMP-BranchBoundMRV,8,1,0.007364988,1
medium_045,Medium,OMP-BranchBoundMRV,8,2,0.003841877,1
medium_045,Medium,OMP-BranchBoundMRV,8,3,0.003419161,1
medium_045,Medium,OMP-BranchBoundMRV,8,4,0.007899046,1
medium_045,Medium,OMP-BranchBoundMRV,8,5,0.003628016,1
medium_045,Medium,OMP-BranchBoundMRV,16,1,0.026936054,1
medium_045,Medium,OMP-BranchBoundMRV,16,2,0.023755789,1
medium_045,Medium,OMP-BranchBoundMRV,16,3,0.015324116,1
medium_045,Medium,OMP-BranchBoundMRV,16,4,0.019299984,1
medium_045,Medium,OMP-BranchBoundMRV,16,5,0.017538071,1
medium_046,Medium,Serial,1,1,0.000208834,1
medium_046,Medium,Serial,1,2,0.000185000,1
medium_046,Medium,Serial,1,3,0.000209583,1
medium_046,Medium,Serial,1,4,0.000195458,1
medium_046,Medium,Serial,1,5,0.000262625,1
medium_046,Medium,Serial-MRV,1,1,0.006632792,1
medium_046,Medium,Serial-MRV,1,2,0.006387792,1
medium_046,Medium,Serial-MRV,1,3,0.006391625,1
medium_046,Medium,Serial-MRV,1,4,0.006817833,1
medium_046,Medium,Serial-MRV,1,5,0.006320708,1
medium_046,Medium,BranchBound,1,1,0.000169667,1
medium_046,Medium,BranchBound,1,2,0.000163667,1
medium_046,Medium,BranchBound,1,3,0.000166625,1
medium_046,Medium,BranchBound,1,4,0.000163500,1
medium_046,Medium,BranchBound,1,5,0.000163291,1
medium_046,Medium,BranchBoundMRV,1,1,0.008695583,1
medium_046,Medium,BranchBoundMRV,1,2,0.008361416,1
medium_046,Medium,BranchBoundMRV,1,3,0.008475667,1
medium_046,Medium,BranchBoundMRV,1,4,0.008364667,1
medium_046,Medium,BranchBoundMRV,1,5,0.008746083,1
medium_046,Medium,OpenMP,4,1,0.006559849,1
medium_046,Medium,OpenMP,4,2,0.006182909,1
medium_046,Medium,OpenMP,4,3,0.006252050,1
medium_046,Medium,OpenMP,4,4,0.006169081,1
medium_046,Medium,OpenMP,4,5,0.006248951,1
medium_046,Medium,OpenMP,8,1,0.006170034,1
medium_046,Medium,OpenMP,8,2,0.022238016,1
medium_046,Medium,OpenMP,8,3,0.013870955,1
medium_046,Medium,OpenMP,8,4,0.016146898,1
medium_046,Medium,OpenMP,8,5,0.009701967,1
medium_046,Medium,OpenMP,16,1,0.026908875,1
medium_046,Medium,OpenMP,16,2,0.048682928,1
medium_046,Medium,OpenMP,16,3,0.026350975,1
medium_046,Medium,OpenMP,16,4,0.033851862,1
medium_046,Medium,OpenMP,16,5,0.016852856,1
medium_046,Medium,OMP-BranchBoundMRV,4,1,0.008670092,1
medium_046,Medium,OMP-BranchBoundMRV,4,2,0.008718014,1
medium_046,Medium,OMP-BranchBoundMRV,4,3,0.008612871,1
medium_046,Medium,OMP-BranchBoundMRV,4,4,0.008592844,1
medium_046,Medium,OMP-BranchBoundMRV,4,5,0.008631945,1
medium_046,Medium,OMP-BranchBoundMRV,8,1,0.008632898,1
medium_046,Medium,OMP-BranchBoundMRV,8,2,0.014892817,1
medium_046,Medium,OMP-BranchBoundMRV,8,3,0.008788109,1
medium_046,Medium,OMP-BranchBoundMRV,8,4,0.008642912,1
medium_046,Medium,OMP-BranchBoundMRV,8,5,0.008615017,1
medium_046,Medium,OMP-BranchBoundMRV,16,1,0.122904062,1
medium_046,Medium,OMP-BranchBoundMRV,16,2,0.025532961,1
medium_046,Medium,OMP-BranchBoundMRV,16,3,0.028228998,1
medium_046,Medium,OMP-BranchBoundMRV,16,4,0.012553930,1
medium_046,Medium,OMP-BranchBoundMRV,16,5,0.014474869,1
medium_047,Medium,Serial,1,1,0.027796708,1
medium_047,Medium,Serial,1,2,0.025690250,1
medium_047,Medium,Serial,1,3,0.026116000,1
medium_047,Medium,Serial,1,4,0.025870542,1
medium_047,Medium,Serial,1,5,0.026013167,1
medium_047,Medium,Serial-MRV,1,1,0.004434584,1
medium_047,Medium,Serial-MRV,1,2,0.004409375,1
medium_047,Medium,Serial-MRV,1,3,0.004470750,1
medium_047,Medium,Serial-MRV,1,4,0.004404542,1
medium_047,Medium,Serial-MRV,1,5,0.004467625,1
medium_047,Medium,BranchBound,1,1,0.022634000,1
medium_047,Medium,BranchBound,1,2,0.022195958,1
medium_047,Medium,BranchBound,1,3,0.023001042,1
medium_047,Medium,BranchBound,1,4,0.023112792,1
medium_047,Medium,BranchBound,1,5,0.022781083,1
medium_047,Medium,BranchBoundMRV,1,1,0.006260709,1
medium_047,Medium,BranchBoundMRV,1,2,0.006041208,1
medium_047,Medium,BranchBoundMRV,1,3,0.006177625,1
medium_047,Medium,BranchBoundMRV,1,4,0.006134375,1
medium_047,Medium,BranchBoundMRV,1,5,0.006226000,1
medium_047,Medium,OpenMP,4,1,0.000852108,1
medium_047,Medium,OpenMP,4,2,0.000823975,1
medium_047,Medium,OpenMP,4,3,0.000873089,1
medium_047,Medium,OpenMP,4,4,0.001013994,1
medium_047,Medium,OpenMP,4,5,0.000827789,1
medium_047,Medium,OpenMP,8,1,0.001010180,1
medium_047,Medium,OpenMP,8,2,0.000855923,1
medium_047,Medium,OpenMP,8,3,0.000946999,1
medium_047,Medium,OpenMP,8,4,0.001847029,1
medium_047,Medium,OpenMP,8,5,0.001740932,1
medium_047,Medium,OpenMP,16,1,0.011513948,1
medium_047,Medium,OpenMP,16,2,0.023571968,1
medium_047,Medium,OpenMP,16,3,0.017808914,1
medium_047,Medium,OpenMP,16,4,0.017899036,1
medium_047,Medium,OpenMP,16,5,0.012156963,1
medium_047,Medium,OMP-BranchBoundMRV,4,1,0.001354933,1
medium_047,Medium,OMP-BranchBoundMRV,4,2,0.001346827,1
medium_047,Medium,OMP-BranchBoundMRV,4,3,0.001358986,1
medium_047,Medium,OMP-BranchBoundMRV,4,4,0.001353025,1
medium_047,Medium,OMP-BranchBoundMRV,4,5,0.001352787,1
medium_047,Medium,OMP-BranchBoundMRV,8,1,0.002400160,1
medium_047,Medium,OMP-BranchBoundMRV,8,2,0.001337051,1
medium_047,Medium,OMP-BranchBoundMRV,8,3,0.002424002,1
medium_047,Medium,OMP-BranchBoundMRV,8,4,0.001335144,1
medium_047,Medium,OMP-BranchBoundMRV,8,5,0.002520084,1
medium_047,Medium,OMP-BranchBoundMRV,16,1,0.028979063,1
medium_047,Medium,OMP-BranchBoundMRV,16,2,0.056532860,1
medium_047,Medium,OMP-BranchBoundMRV,16,3,0.021195173,1
medium_047,Medium,OMP-BranchBoundMRV,16,4,0.030299187,1
medium_047,Medium,OMP-BranchBoundMRV,16,5,0.005009174,1
medium_048,Medium,Serial,1,1,0.005726250,1
medium_048,Medium,Serial,1,2,0.005800166,1
medium_048,Medium,Serial,1,3,0.005604458,1
medium_048,Medium,Serial,1,4,0.005849875,1
medium_048,Medium,Serial,1,5,0.005448583,1
medium_048,Medium,Serial-MRV,1,1,0.003132458,1
medium_048,Medium,Serial-MRV,1,2,0.003170250,1
medium_048,Medium,Serial-MRV,1,3,0.003229458,1
medium_048,Medium,Serial-MRV,1,4,0.003165000,1
medium_048,Medium,Serial-MRV,1,5,0.003121708,1
medium_048,Medium,BranchBound,1,1,0.004608791,1
medium_048,Medium,BranchBound,1,2,0.004520000,1
medium_048,Medium,BranchBound,1,3,0.004506708,1
medium_048,Medium,BranchBound,1,4,0.004544875,1
medium_048,Medium,BranchBound,1,5,0.004475834,1
medium_048,Medium,BranchBoundMRV,1,1,0.004000459,1
medium_048,Medium,BranchBoundMRV,1,2,0.003993000,1
medium_048,Medium,BranchBoundMRV,1,3,0.003978084,1
medium_048,Medium,BranchBoundMRV,1,4,0.003981417,1
medium_048,Medium,BranchBoundMRV,1,5,0.004042167,1
medium_048,Medium,OpenMP,4,1,0.003371954,1
medium_048,Medium,OpenMP,4,2,0.003337860,1
medium_048,Medium,OpenMP,4,3,0.003345966,1
medium_048,Medium,OpenMP,4,4,0.003353119,1
medium_048,Medium,OpenMP,4,5,0.003393888,1
medium_048,Medium,OpenMP,8,1,0.003358126,1
medium_048,Medium,OpenMP,8,2,0.003345966,1
medium_048,Medium,OpenMP,8,3,0.003343821,1
medium_048,Medium,OpenMP,8,4,0.003344059,1
medium_048,Medium,OpenMP,8,5,0.003327131,1
medium_048,Medium,OpenMP,16,1,0.111155987,1
medium_048,Medium,OpenMP,16,2,0.019745111,1
medium_048,Medium,OpenMP,16,3,0.005159140,1
medium_048,Medium,OpenMP,16,4,0.010267019,1
medium_048,Medium,OpenMP,16,5,0.021991968,1
medium_048,Medium,OMP-BranchBoundMRV,4,1,0.005348921,1
medium_048,Medium,OMP-BranchBoundMRV,4,2,0.007236004,1
medium_048,Medium,OMP-BranchBoundMRV,4,3,0.005949974,1
medium_048,Medium,OMP-BranchBoundMRV,4,4,0.004333973,1
medium_048,Medium,OMP-BranchBoundMRV,4,5,0.004345894,1
medium_048,Medium,OMP-BranchBoundMRV,8,1,0.010726213,1
medium_048,Medium,OMP-BranchBoundMRV,8,2,0.005009174,1
medium_048,Medium,OMP-BranchBoundMRV,8,3,0.010086060,1
medium_048,Medium,OMP-BranchBoundMRV,8,4,0.008303881,1
medium_048,Medium,OMP-BranchBoundMRV,8,5,0.010584116,1
medium_048,Medium,OMP-BranchBoundMRV,16,1,0.030667782,1
medium_048,Medium,OMP-BranchBoundMRV,16,2,0.041630983,1
medium_048,Medium,OMP-BranchBoundMRV,16,3,0.030710936,1
medium_048,Medium,OMP-BranchBoundMRV,16,4,0.027868986,1
medium_048,Medium,OMP-BranchBoundMRV,16,5,0.031702042,1
medium_049,Medium,Serial,1,1,0.003103333,1
medium_049,Medium,Serial,1,2,0.003086792,1
medium_049,Medium,Serial,1,3,0.003037167,1
medium_049,Medium,Serial,1,4,0.003182541,1
medium_049,Medium,Serial,1,5,0.003040167,1
medium_049,Medium,Serial-MRV,1,1,0.004211584,1
medium_049,Medium,Serial-MRV,1,2,0.004010042,1
medium_049,Medium,Serial-MRV,1,3,0.004011667,1
medium_049,Medium,Serial-MRV,1,4,0.004035292,1
medium_049,Medium,Serial-MRV,1,5,0.004143458,1
medium_049,Medium,BranchBound,1,1,0.002888750,1
medium_049,Medium,BranchBound,1,2,0.002671916,1
medium_049,Medium,BranchBound,1,3,0.003166209,1
medium_049,Medium,BranchBound,1,4,0.002829375,1
medium_049,Medium,BranchBound,1,5,0.002657042,1
medium_049,Medium,BranchBoundMRV,1,1,0.005551750,1
medium_049,Medium,BranchBoundMRV,1,2,0.004936167,1
medium_049,Medium,BranchBoundMRV,1,3,0.004951542,1
medium_049,Medium,BranchBoundMRV,1,4,0.005106958,1
medium_049,Medium,BranchBoundMRV,1,5,0.004746333,1
medium_049,Medium,OpenMP,4,1,0.003407955,1
medium_049,Medium,OpenMP,4,2,0.003278017,1
medium_049,Medium,OpenMP,4,3,0.003270864,1
medium_049,Medium,OpenMP,4,4,0.003384829,1
medium_049,Medium,OpenMP,4,5,0.003269911,1
medium_049,Medium,OpenMP,8,1,0.003293991,1
medium_049,Medium,OpenMP,8,2,0.003475904,1
medium_049,Medium,OpenMP,8,3,0.003280878,1
medium_049,Medium,OpenMP,8,4,0.008338928,1
medium_049,Medium,OpenMP,8,5,0.003273964,1
medium_049,Medium,OpenMP,16,1,0.091305017,1
medium_049,Medium,OpenMP,16,2,0.022380114,1
medium_049,Medium,OpenMP,16,3,0.013391018,1
medium_049,Medium,OpenMP,16,4,0.004813194,1
medium_049,Medium,OpenMP,16,5,0.018366098,1
medium_049,Medium,OMP-BranchBoundMRV,4,1,0.004184961,1
medium_049,Medium,OMP-BranchBoundMRV,4,2,0.004099131,1
medium_049,Medium,OMP-BranchBoundMRV,4,3,0.004025936,1
medium_049,Medium,OMP-BranchBoundMRV,4,4,0.004215002,1
medium_049,Medium,OMP-BranchBoundMRV,4,5,0.004148006,1
medium_049,Medium,OMP-BranchBoundMRV,8,1,0.005897045,1
medium_049,Medium,OMP-BranchBoundMRV,8,2,0.005356073,1
medium_049,Medium,OMP-BranchBoundMRV,8,3,0.004266024,1
medium_049,Medium,OMP-BranchBoundMRV,8,4,0.005508900,1
medium_049,Medium,OMP-BranchBoundMRV,8,5,0.004808187,1
medium_049,Medium,OMP-BranchBoundMRV,16,1,0.071987152,1
medium_049,Medium,OMP-BranchBoundMRV,16,2,0.029557943,1
medium_049,Medium,OMP-BranchBoundMRV,16,3,0.019303083,1
medium_049,Medium,OMP-BranchBoundMRV,16,4,0.032055140,1
medium_049,Medium,OMP-BranchBoundMRV,16,5,0.021468163,1
medium_050,Medium,Serial,1,1,0.004902875,1
medium_050,Medium,Serial,1,2,0.004860125,1
medium_050,Medium,Serial,1,3,0.004830625,1
medium_050,Medium,Serial,1,4,0.004883166,1
medium_050,Medium,Serial,1,5,0.004851500,1
medium_050,Medium,Serial-MRV,1,1,0.005352500,1
medium_050,Medium,Serial-MRV,1,2,0.005282291,1
medium_050,Medium,Serial-MRV,1,3,0.005334250,1
medium_050,Medium,Serial-MRV,1,4,0.005318417,1
medium_050,Medium,Serial-MRV,1,5,0.005286000,1
medium_050,Medium,BranchBound,1,1,0.003937250,1
medium_050,Medium,BranchBound,1,2,0.003935583,1
medium_050,Medium,BranchBound,1,3,0.003984875,1
medium_050,Medium,BranchBound,1,4,0.003910542,1
medium_050,Medium,BranchBound,1,5,0.003945209,1
medium_050,Medium,BranchBoundMRV,1,1,0.006666125,1
medium_050,Medium,BranchBoundMRV,1,2,0.006788959,1
medium_050,Medium,BranchBoundMRV,1,3,0.006488000,1
medium_050,Medium,BranchBoundMRV,1,4,0.006367792,1
medium_050,Medium,BranchBoundMRV,1,5,0.006493250,1
medium_050,Medium,OpenMP,4,1,0.001192093,1
medium_050,Medium,OpenMP,4,2,0.001160145,1
medium_050,Medium,OpenMP,4,3,0.002488136,1
medium_050,Medium,OpenMP,4,4,0.002520084,1
medium_050,Medium,OpenMP,4,5,0.002495050,1
medium_050,Medium,OpenMP,8,1,0.001168013,1
medium_050,Medium,OpenMP,8,2,0.002020121,1
medium_050,Medium,OpenMP,8,3,0.004214048,1
medium_050,Medium,OpenMP,8,4,0.001223803,1
medium_050,Medium,OpenMP,8,5,0.001242876,1
medium_050,Medium,OpenMP,16,1,0.017130852,1
medium_050,Medium,OpenMP,16,2,0.020734072,1
medium_050,Medium,OpenMP,16,3,0.021049976,1
medium_050,Medium,OpenMP,16,4,0.034216166,1
medium_050,Medium,OpenMP,16,5,0.015499115,1
medium_050,Medium,OMP-BranchBoundMRV,4,1,0.001652956,1
medium_050,Medium,OMP-BranchBoundMRV,4,2,0.003237963,1
medium_050,Medium,OMP-BranchBoundMRV,4,3,0.001712084,1
medium_050,Medium,OMP-BranchBoundMRV,4,4,0.001632929,1
medium_050,Medium,OMP-BranchBoundMRV,4,5,0.003366947,1
medium_050,Medium,OMP-BranchBoundMRV,8,1,0.001590014,1
medium_050,Medium,OMP-BranchBoundMRV,8,2,0.003407955,1
medium_050,Medium,OMP-BranchBoundMRV,8,3,0.003626108,1
medium_050,Medium,OMP-BranchBoundMRV,8,4,0.003631115,1
medium_050,Medium,OMP-BranchBoundMRV,8,5,0.004566193,1
medium_050,Medium,OMP-BranchBoundMRV,16,1,0.008580923,1
medium_050,Medium,OMP-BranchBoundMRV,16,2,0.022885799,1
medium_050,Medium,OMP-BranchBoundMRV,16,3,0.018054008,1
medium_050,Medium,OMP-BranchBoundMRV,16,4,0.012537956,1
medium_050,Medium,OMP-BranchBoundMRV,16,5,0.009433031,1
medium_051,Medium,Serial,1,1,0.037628250,1
medium_051,Medium,Serial,1,2,0.037627459,1
medium_051,Medium,Serial,1,3,0.037850333,1
medium_051,Medium,Serial,1,4,0.038491750,1
medium_051,Medium,Serial,1,5,0.038187625,1
medium_051,Medium,Serial-MRV,1,1,0.008212459,1
medium_051,Medium,Serial-MRV,1,2,0.008174709,1
medium_051,Medium,Serial-MRV,1,3,0.007784709,1
medium_051,Medium,Serial-MRV,1,4,0.007843625,1
medium_051,Medium,Serial-MRV,1,5,0.007787417,1
medium_051,Medium,BranchBound,1,1,0.032232834,1
medium_051,Medium,BranchBound,1,2,0.032249417,1
medium_051,Medium,BranchBound,1,3,0.032266750,1
medium_051,Medium,BranchBound,1,4,0.032115791,1
medium_051,Medium,BranchBound,1,5,0.032102834,1
medium_051,Medium,BranchBoundMRV,1,1,0.010570708,1
medium_051,Medium,BranchBoundMRV,1,2,0.010604125,1
medium_051,Medium,BranchBoundMRV,1,3,0.010525750,1
medium_051,Medium,BranchBoundMRV,1,4,0.010509000,1
medium_051,Medium,BranchBoundMRV,1,5,0.010441875,1
medium_051,Medium,OpenMP,4,1,0.008607864,1
medium_051,Medium,OpenMP,4,2,0.008179903,1
medium_051,Medium,OpenMP,4,3,0.008437157,1
medium_051,Medium,OpenMP,4,4,0.008490086,1
medium_051,Medium,OpenMP,4,5,0.012189150,1
medium_051,Medium,OpenMP,8,1,0.013217926,1
medium_051,Medium,OpenMP,8,2,0.008223057,1
medium_051,Medium,OpenMP,8,3,0.008399010,1
medium_051,Medium,OpenMP,8,4,0.019649029,1
medium_051,Medium,OpenMP,8,5,0.008155107,1
medium_051,Medium,OpenMP,16,1,0.020393848,1
medium_051,Medium,OpenMP,16,2,0.031295061,1
medium_051,Medium,OpenMP,16,3,0.011739969,1
medium_051,Medium,OpenMP,16,4,0.020498991,1
medium_051,Medium,OpenMP,16,5,0.034934044,1
medium_051,Medium,OMP-BranchBoundMRV,4,1,0.011062145,1
medium_051,Medium,OMP-BranchBoundMRV,4,2,0.011110067,1
medium_051,Medium,OMP-BranchBoundMRV,4,3,0.011029959,1
medium_051,Medium,OMP-BranchBoundMRV,4,4,0.011821032,1
medium_051,Medium,OMP-BranchBoundMRV,4,5,0.010750055,1
medium_051,Medium,OMP-BranchBoundMRV,8,1,0.011399984,1
medium_051,Medium,OMP-BranchBoundMRV,8,2,0.010746002,1
medium_051,Medium,OMP-BranchBoundMRV,8,3,0.011621952,1
medium_051,Medium,OMP-BranchBoundMRV,8,4,0.011600971,1
medium_051,Medium,OMP-BranchBoundMRV,8,5,0.011409998,1
medium_051,Medium,OMP-BranchBoundMRV,16,1,0.109833002,1
medium_051,Medium,OMP-BranchBoundMRV,16,2,0.027095795,1
medium_051,Medium,OMP-BranchBoundMRV,16,3,0.037332058,1
medium_051,Medium,OMP-BranchBoundMRV,16,4,0.026704073,1
medium_051,Medium,OMP-BranchBoundMRV,16,5,0.020325899,1
medium_052,Medium,Serial,1,1,0.002150042,1
medium_052,Medium,Serial,1,2,0.002052167,1
medium_052,Medium,Serial,1,3,0.002051833,1
medium_052,Medium,Serial,1,4,0.002052875,1
medium_052,Medium,Serial,1,5,0.002081333,1
medium_052,Medium,Serial-MRV,1,1,0.005854875,1
medium_052,Medium,Serial-MRV,1,2,0.005844584,1
medium_052,Medium,Serial-MRV,1,3,0.005927000,1
medium_052,Medium,Serial-MRV,1,4,0.005986125,1
medium_052,Medium,Serial-MRV,1,5,0.005861958,1
medium_052,Medium,BranchBound,1,1,0.001797459,1
medium_052,Medium,BranchBound,1,2,0.001804625,1
medium_052,Medium,BranchBound,1,3,0.001788791,1
medium_052,Medium,BranchBound,1,4,0.001790750,1
medium_052,Medium,BranchBound,1,5,0.001789041,1
medium_052,Medium,BranchBoundMRV,1,1,0.007882625,1
medium_052,Medium,BranchBoundMRV,1,2,0.007847959,1
medium_052,Medium,BranchBoundMRV,1,3,0.007809208,1
medium_052,Medium,BranchBoundMRV,1,4,0.007918417,1
medium_052,Medium,BranchBoundMRV,1,5,0.007826291,1
medium_052,Medium,OpenMP,4,1,0.003253937,1
medium_052,Medium,OpenMP,4,2,0.003198147,1
medium_052,Medium,OpenMP,4,3,0.003195047,1
medium_052,Medium,OpenMP,4,4,0.003239155,1
medium_052,Medium,OpenMP,4,5,0.003194094,1
medium_052,Medium,OpenMP,8,1,0.003219128,1
medium_052,Medium,OpenMP,8,2,0.007470131,1
medium_052,Medium,OpenMP,8,3,0.003247023,1
medium_052,Medium,OpenMP,8,4,0.003222942,1
medium_052,Medium,OpenMP,8,5,0.003334045,1
medium_052,Medium,OpenMP,16,1,0.081203938,1
medium_052,Medium,OpenMP,16,2,0.069272041,1
medium_052,Medium,OpenMP,16,3,0.022549868,1
medium_052,Medium,OpenMP,16,4,0.009630919,1
medium_052,Medium,OpenMP,16,5,0.045547962,1
medium_052,Medium,OMP-BranchBoundMRV,4,1,0.004375935,1
medium_052,Medium,OMP-BranchBoundMRV,4,2,0.004719973,1
medium_052,Medium,OMP-BranchBoundMRV,4,3,0.004361153,1
medium_052,Medium,OMP-BranchBoundMRV,4,4,0.004413128,1
medium_052,Medium,OMP-BranchBoundMRV,4,5,0.004333019,1
medium_052,Medium,OMP-BranchBoundMRV,8,1,0.010188818,1
medium_052,Medium,OMP-BranchBoundMRV,8,2,0.008213043,1
medium_052,Medium,OMP-BranchBoundMRV,8,3,0.004384041,1
medium_052,Medium,OMP-BranchBoundMRV,8,4,0.006281853,1
medium_052,Medium,OMP-BranchBoundMRV,8,5,0.004368067,1
medium_052,Medium,OMP-BranchBoundMRV,16,1,0.086355925,1
medium_052,Medium,OMP-BranchBoundMRV,16,2,0.025527954,1
medium_052,Medium,OMP-BranchBoundMRV,16,3,0.031997919,1
medium_052,Medium,OMP-BranchBoundMRV,16,4,0.029504061,1
medium_052,Medium,OMP-BranchBoundMRV,16,5,0.016606092,1
medium_053,Medium,Serial,1,1,0.033058292,1
medium_053,Medium,Serial,1,2,0.032994583,1
medium_053,Medium,Serial,1,3,0.031758625,1
medium_053,Medium,Serial,1,4,0.032038083,1
medium_053,Medium,Serial,1,5,0.031772667,1
medium_053,Medium,Serial-MRV,1,1,0.003906791,1
medium_053,Medium,Serial-MRV,1,2,0.003962625,1
medium_053,Medium,Serial-MRV,1,3,0.003749333,1
medium_053,Medium,Serial-MRV,1,4,0.003778625,1
medium_053,Medium,Serial-MRV,1,5,0.003801542,1
medium_053,Medium,BranchBound,1,1,0.029512542,1
medium_053,Medium,BranchBound,1,2,0.030416833,1
medium_053,Medium,BranchBound,1,3,0.030253208,1
medium_053,Medium,BranchBound,1,4,0.030309125,1
medium_053,Medium,BranchBound,1,5,0.029256917,1
medium_053,Medium,BranchBoundMRV,1,1,0.005082583,1
medium_053,Medium,BranchBoundMRV,1,2,0.005030917,1
medium_053,Medium,BranchBoundMRV,1,3,0.005057583,1
medium_053,Medium,BranchBoundMRV,1,4,0.005041750,1
medium_053,Medium,BranchBoundMRV,1,5,0.005021500,1
medium_053,Medium,OpenMP,4,1,0.002255917,1
medium_053,Medium,OpenMP,4,2,0.002233028,1
medium_053,Medium,OpenMP,4,3,0.002280951,1
medium_053,Medium,OpenMP,4,4,0.002230167,1
medium_053,Medium,OpenMP,4,5,0.002227068,1
medium_053,Medium,OpenMP,8,1,0.002253771,1
medium_053,Medium,OpenMP,8,2,0.002245188,1
medium_053,Medium,OpenMP,8,3,0.002303123,1
medium_053,Medium,OpenMP,8,4,0.003833055,1
medium_053,Medium,OpenMP,8,5,0.002318144,1
medium_053,Medium,OpenMP,16,1,0.023874998,1
medium_053,Medium,OpenMP,16,2,0.010803223,1
medium_053,Medium,OpenMP,16,3,0.046731949,1
medium_053,Medium,OpenMP,16,4,0.026787996,1
medium_053,Medium,OpenMP,16,5,0.021337986,1
medium_053,Medium,OMP-BranchBoundMRV,4,1,0.003012896,1
medium_053,Medium,OMP-BranchBoundMRV,4,2,0.003013849,1
medium_053,Medium,OMP-BranchBoundMRV,4,3,0.003012896,1
medium_053,Medium,OMP-BranchBoundMRV,4,4,0.002998114,1
medium_053,Medium,OMP-BranchBoundMRV,4,5,0.002993107,1
medium_053,Medium,OMP-BranchBoundMRV,8,1,0.003011942,1
medium_053,Medium,OMP-BranchBoundMRV,8,2,0.003613949,1
medium_053,Medium,OMP-BranchBoundMRV,8,3,0.007086992,1
medium_053,Medium,OMP-BranchBoundMRV,8,4,0.003952980,1
medium_053,Medium,OMP-BranchBoundMRV,8,5,0.003447056,1
medium_053,Medium,OMP-BranchBoundMRV,16,1,0.039087057,1
medium_053,Medium,OMP-BranchBoundMRV,16,2,0.013082981,1
medium_053,Medium,OMP-BranchBoundMRV,16,3,0.007378101,1
medium_053,Medium,OMP-BranchBoundMRV,16,4,0.017121077,1
medium_053,Medium,OMP-BranchBoundMRV,16,5,0.011183023,1
medium_054,Medium,Serial,1,1,0.012314709,1
medium_054,Medium,Serial,1,2,0.011713750,1
medium_054,Medium,Serial,1,3,0.011747500,1
medium_054,Medium,Serial,1,4,0.012151042,1
medium_054,Medium,Serial,1,5,0.012001709,1
medium_054,Medium,Serial-MRV,1,1,0.011284833,1
medium_054,Medium,Serial-MRV,1,2,0.011241666,1
medium_054,Medium,Serial-MRV,1,3,0.011375875,1
medium_054,Medium,Serial-MRV,1,4,0.011232542,1
medium_054,Medium,Serial-MRV,1,5,0.011194875,1
medium_054,Medium,BranchBound,1,1,0.011421042,1
medium_054,Medium,BranchBound,1,2,0.011039875,1
medium_054,Medium,BranchBound,1,3,0.011062250,1
medium_054,Medium,BranchBound,1,4,0.011149750,1
medium_054,Medium,BranchBound,1,5,0.011083125,1
medium_054,Medium,BranchBoundMRV,1,1,0.015021833,1
medium_054,Medium,BranchBoundMRV,1,2,0.014976875,1
medium_054,Medium,BranchBoundMRV,1,3,0.015046583,1
medium_054,Medium,BranchBoundMRV,1,4,0.014447667,1
medium_054,Medium,BranchBoundMRV,1,5,0.014397208,1
medium_054,Medium,OpenMP,4,1,0.001363993,1
medium_054,Medium,OpenMP,4,2,0.001302958,1
medium_054,Medium,OpenMP,4,3,0.001327038,1
medium_054,Medium,OpenMP,4,4,0.001312017,1
medium_054,Medium,OpenMP,4,5,0.001302004,1
medium_054,Medium,OpenMP,8,1,0.001340866,1
medium_054,Medium,OpenMP,8,2,0.002985001,1
medium_054,Medium,OpenMP,8,3,0.003009081,1
medium_054,Medium,OpenMP,8,4,0.001353979,1
medium_054,Medium,OpenMP,8,5,0.001311064,1
medium_054,Medium,OpenMP,16,1,0.008550882,1
medium_054,Medium,OpenMP,16,2,0.018082857,1
medium_054,Medium,OpenMP,16,3,0.031236887,1
medium_054,Medium,OpenMP,16,4,0.024007797,1
medium_054,Medium,OpenMP,16,5,0.015900135,1
medium_054,Medium,OMP-BranchBoundMRV,4,1,0.001907825,1
medium_054,Medium,OMP-BranchBoundMRV,4,2,0.001829863,1
medium_054,Medium,OMP-BranchBoundMRV,4,3,0.001866817,1
medium_054,Medium,OMP-BranchBoundMRV,4,4,0.001766920,1
medium_054,Medium,OMP-BranchBoundMRV,4,5,0.001798153,1
medium_054,Medium,OMP-BranchBoundMRV,8,1,0.002052069,1
medium_054,Medium,OMP-BranchBoundMRV,8,2,0.003658056,1
medium_054,Medium,OMP-BranchBoundMRV,8,3,0.002110004,1
medium_054,Medium,OMP-BranchBoundMRV,8,4,0.003001928,1
medium_054,Medium,OMP-BranchBoundMRV,8,5,0.002197981,1
medium_054,Medium,OMP-BranchBoundMRV,16,1,0.018397808,1
medium_054,Medium,OMP-BranchBoundMRV,16,2,0.013127089,1
medium_054,Medium,OMP-BranchBoundMRV,16,3,0.013136864,1
medium_054,Medium,OMP-BranchBoundMRV,16,4,0.038496017,1
medium_054,Medium,OMP-BranchBoundMRV,16,5,0.033608913,1
medium_055,Medium,Serial,1,1,0.007126416,1
medium_055,Medium,Serial,1,2,0.007197000,1
medium_055,Medium,Serial,1,3,0.007125833,1
medium_055,Medium,Serial,1,4,0.007159500,1
medium_055,Medium,Serial,1,5,0.007203417,1
medium_055,Medium,Serial-MRV,1,1,0.004591125,1
medium_055,Medium,Serial-MRV,1,2,0.004646209,1
medium_055,Medium,Serial-MRV,1,3,0.004596041,1
medium_055,Medium,Serial-MRV,1,4,0.004565083,1
medium_055,Medium,Serial-MRV,1,5,0.004584542,1
medium_055,Medium,BranchBound,1,1,0.006768250,1
medium_055,Medium,BranchBound,1,2,0.006659541,1
medium_055,Medium,BranchBound,1,3,0.006752042,1
medium_055,Medium,BranchBound,1,4,0.006739584,1
medium_055,Medium,BranchBound,1,5,0.006654292,1
medium_055,Medium,BranchBoundMRV,1,1,0.006448125,1
medium_055,Medium,BranchBoundMRV,1,2,0.006317625,1
medium_055,Medium,BranchBoundMRV,1,3,0.006338333,1
medium_055,Medium,BranchBoundMRV,1,4,0.006567625,1
medium_055,Medium,BranchBoundMRV,1,5,0.006313125,1
medium_055,Medium,OpenMP,4,1,0.001643896,1
medium_055,Medium,OpenMP,4,2,0.001616001,1
medium_055,Medium,OpenMP,4,3,0.001526117,1
medium_055,Medium,OpenMP,4,4,0.001770020,1
medium_055,Medium,OpenMP,4,5,0.001537085,1
medium_055,Medium,OpenMP,8,1,0.001549959,1
medium_055,Medium,OpenMP,8,2,0.004616976,1
medium_055,Medium,OpenMP,8,3,0.001688957,1
medium_055,Medium,OpenMP,8,4,0.002362967,1
medium_055,Medium,OpenMP,8,5,0.003505230,1
medium_055,Medium,OpenMP,16,1,0.008899927,1
medium_055,Medium,OpenMP,16,2,0.022103071,1
medium_055,Medium,OpenMP,16,3,0.052968979,1
medium_055,Medium,OpenMP,16,4,0.027217865,1
medium_055,Medium,OpenMP,16,5,0.034564972,1
medium_055,Medium,OMP-BranchBoundMRV,4,1,0.002118111,1
medium_055,Medium,OMP-BranchBoundMRV,4,2,0.002305031,1
medium_055,Medium,OMP-BranchBoundMRV,4,3,0.002061844,1
medium_055,Medium,OMP-BranchBoundMRV,4,4,0.002330780,1
medium_055,Medium,OMP-BranchBoundMRV,4,5,0.002349854,1
medium_055,Medium,OMP-BranchBoundMRV,8,1,0.004087925,1
medium_055,Medium,OMP-BranchBoundMRV,8,2,0.002847195,1
medium_055,Medium,OMP-BranchBoundMRV,8,3,0.002184153,1
medium_055,Medium,OMP-BranchBoundMRV,8,4,0.004671097,1
medium_055,Medium,OMP-BranchBoundMRV,8,5,0.004412174,1
medium_055,Medium,OMP-BranchBoundMRV,16,1,0.022399187,1
medium_055,Medium,OMP-BranchBoundMRV,16,2,0.079808950,1
medium_055,Medium,OMP-BranchBoundMRV,16,3,0.053472042,1
medium_055,Medium,OMP-BranchBoundMRV,16,4,0.029541016,1
medium_055,Medium,OMP-BranchBoundMRV,16,5,0.032854080,1
medium_056,Medium,Serial,1,1,0.002136958,1
medium_056,Medium,Serial,1,2,0.002155000,1
medium_056,Medium,Serial,1,3,0.002090125,1
medium_056,Medium,Serial,1,4,0.002083917,1
medium_056,Medium,Serial,1,5,0.002135500,1
medium_056,Medium,Serial-MRV,1,1,0.004291125,1
medium_056,Medium,Serial-MRV,1,2,0.003980750,1
medium_056,Medium,Serial-MRV,1,3,0.004131709,1
medium_056,Medium,Serial-MRV,1,4,0.004142375,1
medium_056,Medium,Serial-MRV,1,5,0.004246875,1
medium_056,Medium,BranchBound,1,1,0.001833625,1
medium_056,Medium,BranchBound,1,2,0.001794542,1
medium_056,Medium,BranchBound,1,3,0.001973916,1
medium_056,Medium,BranchBound,1,4,0.001838542,1
medium_056,Medium,BranchBound,1,5,0.001931042,1
medium_056,Medium,BranchBoundMRV,1,1,0.005482042,1
medium_056,Medium,BranchBoundMRV,1,2,0.005428959,1
medium_056,Medium,BranchBoundMRV,1,3,0.005500333,1
medium_056,Medium,BranchBoundMRV,1,4,0.005205834,1
medium_056,Medium,BranchBoundMRV,1,5,0.005206458,1
medium_056,Medium,OpenMP,4,1,0.004297018,1
medium_056,Medium,OpenMP,4,2,0.004174948,1
medium_056,Medium,OpenMP,4,3,0.004163980,1
medium_056,Medium,OpenMP,4,4,0.004161119,1
medium_056,Medium,OpenMP,4,5,0.004168034,1
medium_056,Medium,OpenMP,8,1,0.004173994,1
medium_056,Medium,OpenMP,8,2,0.004168034,1
medium_056,Medium,OpenMP,8,3,0.009800911,1
medium_056,Medium,OpenMP,8,4,0.004192114,1
medium_056,Medium,OpenMP,8,5,0.009706020,1
medium_056,Medium,OpenMP,16,1,0.078238010,1
medium_056,Medium,OpenMP,16,2,0.018317938,1
medium_056,Medium,OpenMP,16,3,0.023173094,1
medium_056,Medium,OpenMP,16,4,0.020690918,1
medium_056,Medium,OpenMP,16,5,0.017268896,1
medium_056,Medium,OMP-BranchBoundMRV,4,1,0.005863905,1
medium_056,Medium,OMP-BranchBoundMRV,4,2,0.005604982,1
medium_056,Medium,OMP-BranchBoundMRV,4,3,0.005684853,1
medium_056,Medium,OMP-BranchBoundMRV,4,4,0.005867004,1
medium_056,Medium,OMP-BranchBoundMRV,4,5,0.005769968,1
medium_056,Medium,OMP-BranchBoundMRV,8,1,0.005563021,1
medium_056,Medium,OMP-BranchBoundMRV,8,2,0.005542994,1
medium_056,Medium,OMP-BranchBoundMRV,8,3,0.005553961,1
medium_056,Medium,OMP-BranchBoundMRV,8,4,0.005541801,1
medium_056,Medium,OMP-BranchBoundMRV,8,5,0.011312008,1
medium_056,Medium,OMP-BranchBoundMRV,16,1,0.098490953,1
medium_056,Medium,OMP-BranchBoundMRV,16,2,0.022246838,1
medium_056,Medium,OMP-BranchBoundMRV,16,3,0.024402857,1
medium_056,Medium,OMP-BranchBoundMRV,16,4,0.017209053,1
medium_056,Medium,OMP-BranchBoundMRV,16,5,0.007035971,1
medium_057,Medium,Serial,1,1,0.009024959,1
medium_057,Medium,Serial,1,2,0.008894125,1
medium_057,Medium,Serial,1,3,0.008924875,1
medium_057,Medium,Serial,1,4,0.009183625,1
medium_057,Medium,Serial,1,5,0.009246333,1
medium_057,Medium,Serial-MRV,1,1,0.005853375,1
medium_057,Medium,Serial-MRV,1,2,0.005901291,1
medium_057,Medium,Serial-MRV,1,3,0.005955292,1
medium_057,Medium,Serial-MRV,1,4,0.005730584,1
medium_057,Medium,Serial-MRV,1,5,0.005811583,1
medium_057,Medium,BranchBound,1,1,0.007552125,1
medium_057,Medium,BranchBound,1,2,0.007415000,1
medium_057,Medium,BranchBound,1,3,0.007344000,1
medium_057,Medium,BranchBound,1,4,0.007450209,1
medium_057,Medium,BranchBound,1,5,0.007373125,1
medium_057,Medium,BranchBoundMRV,1,1,0.007615000,1
medium_057,Medium,BranchBoundMRV,1,2,0.007231042,1
medium_057,Medium,BranchBoundMRV,1,3,0.007273291,1
medium_057,Medium,BranchBoundMRV,1,4,0.007239208,1
medium_057,Medium,BranchBoundMRV,1,5,0.007342167,1
medium_057,Medium,OpenMP,4,1,0.002526045,1
medium_057,Medium,OpenMP,4,2,0.002482891,1
medium_057,Medium,OpenMP,4,3,0.002496958,1
medium_057,Medium,OpenMP,4,4,0.002474070,1
medium_057,Medium,OpenMP,4,5,0.002478123,1
medium_057,Medium,OpenMP,8,1,0.003112078,1
medium_057,Medium,OpenMP,8,2,0.005810976,1
medium_057,Medium,OpenMP,8,3,0.005805016,1
medium_057,Medium,OpenMP,8,4,0.002571106,1
medium_057,Medium,OpenMP,8,5,0.002596140,1
medium_057,Medium,OpenMP,16,1,0.018413067,1
medium_057,Medium,OpenMP,16,2,0.020103931,1
medium_057,Medium,OpenMP,16,3,0.010718822,1
medium_057,Medium,OpenMP,16,4,0.014535904,1
medium_057,Medium,OpenMP,16,5,0.013807774,1
medium_057,Medium,OMP-BranchBoundMRV,4,1,0.004067898,1
medium_057,Medium,OMP-BranchBoundMRV,4,2,0.003412962,1
medium_057,Medium,OMP-BranchBoundMRV,4,3,0.003342152,1
medium_057,Medium,OMP-BranchBoundMRV,4,4,0.003448963,1
medium_057,Medium,OMP-BranchBoundMRV,4,5,0.003251076,1
medium_057,Medium,OMP-BranchBoundMRV,8,1,0.003852129,1
medium_057,Medium,OMP-BranchBoundMRV,8,2,0.003257990,1
medium_057,Medium,OMP-BranchBoundMRV,8,3,0.005462170,1
medium_057,Medium,OMP-BranchBoundMRV,8,4,0.005633116,1
medium_057,Medium,OMP-BranchBoundMRV,8,5,0.004981041,1
medium_057,Medium,OMP-BranchBoundMRV,16,1,0.010987043,1
medium_057,Medium,OMP-BranchBoundMRV,16,2,0.016636133,1
medium_057,Medium,OMP-BranchBoundMRV,16,3,0.016709089,1
medium_057,Medium,OMP-BranchBoundMRV,16,4,0.056354046,1
medium_057,Medium,OMP-BranchBoundMRV,16,5,0.022163868,1
medium_058,Medium,Serial,1,1,0.002763209,1
medium_058,Medium,Serial,1,2,0.002712333,1
medium_058,Medium,Serial,1,3,0.002716750,1
medium_058,Medium,Serial,1,4,0.002729666,1
medium_058,Medium,Serial,1,5,0.002705167,1
medium_058,Medium,Serial-MRV,1,1,0.004472542,1
medium_058,Medium,Serial-MRV,1,2,0.004468084,1
medium_058,Medium,Serial-MRV,1,3,0.004566667,1
medium_058,Medium,Serial-MRV,1,4,0.004531791,1
medium_058,Medium,Serial-MRV,1,5,0.004464292,1
medium_058,Medium,BranchBound,1,1,0.002445334,1
medium_058,Medium,BranchBound,1,2,0.002717709,1
medium_058,Medium,BranchBound,1,3,0.002495458,1
medium_058,Medium,BranchBound,1,4,0.002558541,1
medium_058,Medium,BranchBound,1,5,0.002497459,1
medium_058,Medium,BranchBoundMRV,1,1,0.006238083,1
medium_058,Medium,BranchBoundMRV,1,2,0.006133291,1
medium_058,Medium,BranchBoundMRV,1,3,0.006096875,1
medium_058,Medium,BranchBoundMRV,1,4,0.006076416,1
medium_058,Medium,BranchBoundMRV,1,5,0.006122334,1
medium_058,Medium,OpenMP,4,1,0.004879951,1
medium_058,Medium,OpenMP,4,2,0.004863024,1
medium_058,Medium,OpenMP,4,3,0.005008936,1
medium_058,Medium,OpenMP,4,4,0.004916906,1
medium_058,Medium,OpenMP,4,5,0.005263805,1
medium_058,Medium,OpenMP,8,1,0.004889965,1
medium_058,Medium,OpenMP,8,2,0.008460045,1
medium_058,Medium,OpenMP,8,3,0.007829905,1
medium_058,Medium,OpenMP,8,4,0.008190155,1
medium_058,Medium,OpenMP,8,5,0.009670019,1
medium_058,Medium,OpenMP,16,1,0.006987095,1
medium_058,Medium,OpenMP,16,2,0.071197033,1
medium_058,Medium,OpenMP,16,3,0.050019026,1
medium_058,Medium,OpenMP,16,4,0.013422966,1
medium_058,Medium,OpenMP,16,5,0.012004137,1
medium_058,Medium,OMP-BranchBoundMRV,4,1,0.006659985,1
medium_058,Medium,OMP-BranchBoundMRV,4,2,0.006381989,1
medium_058,Medium,OMP-BranchBoundMRV,4,3,0.006879091,1
medium_058,Medium,OMP-BranchBoundMRV,4,4,0.006484032,1
medium_058,Medium,OMP-BranchBoundMRV,4,5,0.006345987,1
medium_058,Medium,OMP-BranchBoundMRV,8,1,0.007875919,1
medium_058,Medium,OMP-BranchBoundMRV,8,2,0.010370016,1
medium_058,Medium,OMP-BranchBoundMRV,8,3,0.010016918,1
medium_058,Medium,OMP-BranchBoundMRV,8,4,0.006232023,1
medium_058,Medium,OMP-BranchBoundMRV,8,5,0.006237030,1
medium_058,Medium,OMP-BranchBoundMRV,16,1,0.048511028,1
medium_058,Medium,OMP-BranchBoundMRV,16,2,0.040169954,1
medium_058,Medium,OMP-BranchBoundMRV,16,3,0.063091993,1
medium_058,Medium,OMP-BranchBoundMRV,16,4,0.022516966,1
medium_058,Medium,OMP-BranchBoundMRV,16,5,0.023808956,1
medium_059,Medium,Serial,1,1,0.002370250,1
medium_059,Medium,Serial,1,2,0.002479916,1
medium_059,Medium,Serial,1,3,0.002327500,1
medium_059,Medium,Serial,1,4,0.002476458,1
medium_059,Medium,Serial,1,5,0.002415458,1
medium_059,Medium,Serial-MRV,1,1,0.003888833,1
medium_059,Medium,Serial-MRV,1,2,0.003955875,1
medium_059,Medium,Serial-MRV,1,3,0.003837000,1
medium_059,Medium,Serial-MRV,1,4,0.003800833,1
medium_059,Medium,Serial-MRV,1,5,0.004030583,1
medium_059,Medium,BranchBound,1,1,0.002110958,1
medium_059,Medium,BranchBound,1,2,0.002178916,1
medium_059,Medium,BranchBound,1,3,0.002135542,1
medium_059,Medium,BranchBound,1,4,0.002133291,1
medium_059,Medium,BranchBound,1,5,0.002103583,1
medium_059,Medium,BranchBoundMRV,1,1,0.004891959,1
medium_059,Medium,BranchBoundMRV,1,2,0.004887083,1
medium_059,Medium,BranchBoundMRV,1,3,0.004871083,1
medium_059,Medium,BranchBoundMRV,1,4,0.004880709,1
medium_059,Medium,BranchBoundMRV,1,5,0.004864000,1
medium_059,Medium,OpenMP,4,1,0.003998041,1
medium_059,Medium,OpenMP,4,2,0.003946066,1
medium_059,Medium,OpenMP,4,3,0.003942013,1
medium_059,Medium,OpenMP,4,4,0.003960133,1
medium_059,Medium,OpenMP,4,5,0.003947973,1
medium_059,Medium,OpenMP,8,1,0.004070997,1
medium_059,Medium,OpenMP,8,2,0.003991842,1
medium_059,Medium,OpenMP,8,3,0.003952980,1
medium_059,Medium,OpenMP,8,4,0.009199142,1
medium_059,Medium,OpenMP,8,5,0.003989935,1
medium_059,Medium,OpenMP,16,1,0.020915985,1
medium_059,Medium,OpenMP,16,2,0.037378073,1
medium_059,Medium,OpenMP,16,3,0.054406881,1
medium_059,Medium,OpenMP,16,4,0.030627966,1
medium_059,Medium,OpenMP,16,5,0.027102947,1
medium_059,Medium,OMP-BranchBoundMRV,4,1,0.007852793,1
medium_059,Medium,OMP-BranchBoundMRV,4,2,0.006545067,1
medium_059,Medium,OMP-BranchBoundMRV,4,3,0.006108046,1
medium_059,Medium,OMP-BranchBoundMRV,4,4,0.005360842,1
medium_059,Medium,OMP-BranchBoundMRV,4,5,0.008003950,1
medium_059,Medium,OMP-BranchBoundMRV,8,1,0.012415886,1
medium_059,Medium,OMP-BranchBoundMRV,8,2,0.005206108,1
medium_059,Medium,OMP-BranchBoundMRV,8,3,0.023315907,1
medium_059,Medium,OMP-BranchBoundMRV,8,4,0.010336161,1
medium_059,Medium,OMP-BranchBoundMRV,8,5,0.010079145,1
medium_059,Medium,OMP-BranchBoundMRV,16,1,0.016855001,1
medium_059,Medium,OMP-BranchBoundMRV,16,2,0.065587044,1
medium_059,Medium,OMP-BranchBoundMRV,16,3,0.038622141,1
medium_059,Medium,OMP-BranchBoundMRV,16,4,0.031690836,1
medium_059,Medium,OMP-BranchBoundMRV,16,5,0.016247988,1
medium_060,Medium,Serial,1,1,0.030609541,1
medium_060,Medium,Serial,1,2,0.029570416,1
medium_060,Medium,Serial,1,3,0.029140083,1
medium_060,Medium,Serial,1,4,0.029290625,1
medium_060,Medium,Serial,1,5,0.029273125,1
medium_060,Medium,Serial-MRV,1,1,0.007384541,1
medium_060,Medium,Serial-MRV,1,2,0.007412750,1
medium_060,Medium,Serial-MRV,1,3,0.007399750,1
medium_060,Medium,Serial-MRV,1,4,0.007366375,1
medium_060,Medium,Serial-MRV,1,5,0.007322458,1
medium_060,Medium,BranchBound,1,1,0.027220917,1
medium_060,Medium,BranchBound,1,2,0.027949334,1
medium_060,Medium,BranchBound,1,3,0.027790834,1
medium_060,Medium,BranchBound,1,4,0.028002167,1
medium_060,Medium,BranchBound,1,5,0.027178042,1
medium_060,Medium,BranchBoundMRV,1,1,0.010314000,1
medium_060,Medium,BranchBoundMRV,1,2,0.010297542,1
medium_060,Medium,BranchBoundMRV,1,3,0.010354125,1
medium_060,Medium,BranchBoundMRV,1,4,0.010425500,1
medium_060,Medium,BranchBoundMRV,1,5,0.010323875,1
medium_060,Medium,OpenMP,4,1,0.005969048,1
medium_060,Medium,OpenMP,4,2,0.005862951,1
medium_060,Medium,OpenMP,4,3,0.005888939,1
medium_060,Medium,OpenMP,4,4,0.005855799,1
medium_060,Medium,OpenMP,4,5,0.005867004,1
medium_060,Medium,OpenMP,8,1,0.005875111,1
medium_060,Medium,OpenMP,8,2,0.014805079,1
medium_060,Medium,OpenMP,8,3,0.010880947,1
medium_060,Medium,OpenMP,8,4,0.005871058,1
medium_060,Medium,OpenMP,8,5,0.007443190,1
medium_060,Medium,OpenMP,16,1,0.020687103,1
medium_060,Medium,OpenMP,16,2,0.021560907,1
medium_060,Medium,OpenMP,16,3,0.048110008,1
medium_060,Medium,OpenMP,16,4,0.013065100,1
medium_060,Medium,OpenMP,16,5,0.018915892,1
medium_060,Medium,OMP-BranchBoundMRV,4,1,0.008325100,1
medium_060,Medium,OMP-BranchBoundMRV,4,2,0.008255005,1
medium_060,Medium,OMP-BranchBoundMRV,4,3,0.008194923,1
medium_060,Medium,OMP-BranchBoundMRV,4,4,0.008460045,1
medium_060,Medium,OMP-BranchBoundMRV,4,5,0.008630037,1
medium_060,Medium,OMP-BranchBoundMRV,8,1,0.008124113,1
medium_060,Medium,OMP-BranchBoundMRV,8,2,0.017625093,1
medium_060,Medium,OMP-BranchBoundMRV,8,3,0.013149023,1
medium_060,Medium,OMP-BranchBoundMRV,8,4,0.012322187,1
medium_060,Medium,OMP-BranchBoundMRV,8,5,0.008260012,1
medium_060,Medium,OMP-BranchBoundMRV,16,1,0.020348072,1
medium_060,Medium,OMP-BranchBoundMRV,16,2,0.016154051,1
medium_060,Medium,OMP-BranchBoundMRV,16,3,0.012885094,1
medium_060,Medium,OMP-BranchBoundMRV,16,4,0.024309158,1
medium_060,Medium,OMP-BranchBoundMRV,16,5,0.034579039,1
medium_061,Medium,Serial,1,1,0.063763584,1
medium_061,Medium,Serial,1,2,0.061685166,1
medium_061,Medium,Serial,1,3,0.060249500,1
medium_061,Medium,Serial,1,4,0.062081708,1
medium_061,Medium,Serial,1,5,0.060197250,1
medium_061,Medium,Serial-MRV,1,1,0.015990333,1
medium_061,Medium,Serial-MRV,1,2,0.015988958,1
medium_061,Medium,Serial-MRV,1,3,0.016113167,1
medium_061,Medium,Serial-MRV,1,4,0.015974041,1
medium_061,Medium,Serial-MRV,1,5,0.016027875,1
medium_061,Medium,BranchBound,1,1,0.050033834,1
medium_061,Medium,BranchBound,1,2,0.050155916,1
medium_061,Medium,BranchBound,1,3,0.051599416,1
medium_061,Medium,BranchBound,1,4,0.052434625,1
medium_061,Medium,BranchBound,1,5,0.050875542,1
medium_061,Medium,BranchBoundMRV,1,1,0.022065375,1
medium_061,Medium,BranchBoundMRV,1,2,0.022053041,1
medium_061,Medium,BranchBoundMRV,1,3,0.022188541,1
medium_061,Medium,BranchBoundMRV,1,4,0.021878459,1
medium_061,Medium,BranchBoundMRV,1,5,0.021839708,1
medium_061,Medium,OpenMP,4,1,0.005510092,1
medium_061,Medium,OpenMP,4,2,0.005314112,1
medium_061,Medium,OpenMP,4,3,0.005306005,1
medium_061,Medium,OpenMP,4,4,0.005302906,1
medium_061,Medium,OpenMP,4,5,0.005320072,1
medium_061,Medium,OpenMP,8,1,0.005393982,1
medium_061,Medium,OpenMP,8,2,0.012571096,1
medium_061,Medium,OpenMP,8,3,0.005316019,1
medium_061,Medium,OpenMP,8,4,0.011076927,1
medium_061,Medium,OpenMP,8,5,0.005334854,1
medium_061,Medium,OpenMP,16,1,0.021057129,1
medium_061,Medium,OpenMP,16,2,0.020863056,1
medium_061,Medium,OpenMP,16,3,0.033900976,1
medium_061,Medium,OpenMP,16,4,0.010675907,1
medium_061,Medium,OpenMP,16,5,0.013403893,1
medium_061,Medium,OMP-BranchBoundMRV,4,1,0.007827044,1
medium_061,Medium,OMP-BranchBoundMRV,4,2,0.007367134,1
medium_061,Medium,OMP-BranchBoundMRV,4,3,0.007310152,1
medium_061,Medium,OMP-BranchBoundMRV,4,4,0.007295132,1
medium_061,Medium,OMP-BranchBoundMRV,4,5,0.007347107,1
medium_061,Medium,OMP-BranchBoundMRV,8,1,0.017833948,1
medium_061,Medium,OMP-BranchBoundMRV,8,2,0.007372856,1
medium_061,Medium,OMP-BranchBoundMRV,8,3,0.007271051,1
medium_061,Medium,OMP-BranchBoundMRV,8,4,0.130851984,1
medium_061,Medium,OMP-BranchBoundMRV,8,5,0.018638134,1
medium_061,Medium,OMP-BranchBoundMRV,16,1,0.062634945,1
medium_061,Medium,OMP-BranchBoundMRV,16,2,0.044581890,1
medium_061,Medium,OMP-BranchBoundMRV,16,3,0.041543007,1
medium_061,Medium,OMP-BranchBoundMRV,16,4,0.055254936,1
medium_061,Medium,OMP-BranchBoundMRV,16,5,0.025933981,1
medium_062,Medium,Serial,1,1,0.004868500,1
medium_062,Medium,Serial,1,2,0.004604542,1
medium_062,Medium,Serial,1,3,0.004755417,1
medium_062,Medium,Serial,1,4,0.004640792,1
medium_062,Medium,Serial,1,5,0.004562750,1
medium_062,Medium,Serial-MRV,1,1,0.004872208,1
medium_062,Medium,Serial-MRV,1,2,0.004935625,1
medium_062,Medium,Serial-MRV,1,3,0.005308625,1
medium_062,Medium,Serial-MRV,1,4,0.005078916,1
medium_062,Medium,Serial-MRV,1,5,0.005032875,1
medium_062,Medium,BranchBound,1,1,0.004077958,1
medium_062,Medium,BranchBound,1,2,0.003980083,1
medium_062,Medium,BranchBound,1,3,0.003884458,1
medium_062,Medium,BranchBound,1,4,0.004068708,1
medium_062,Medium,BranchBound,1,5,0.004185167,1
medium_062,Medium,BranchBoundMRV,1,1,0.006110125,1
medium_062,Medium,BranchBoundMRV,1,2,0.006276583,1
medium_062,Medium,BranchBoundMRV,1,3,0.006167542,1
medium_062,Medium,BranchBoundMRV,1,4,0.006175542,1
medium_062,Medium,BranchBoundMRV,1,5,0.006328333,1
medium_062,Medium,OpenMP,4,1,0.005014896,1
medium_062,Medium,OpenMP,4,2,0.004985094,1
medium_062,Medium,OpenMP,4,3,0.005147934,1
medium_062,Medium,OpenMP,4,4,0.005093098,1
medium_062,Medium,OpenMP,4,5,0.004997969,1
medium_062,Medium,OpenMP,8,1,0.006393909,1
medium_062,Medium,OpenMP,8,2,0.005064964,1
medium_062,Medium,OpenMP,8,3,0.010622978,1
medium_062,Medium,OpenMP,8,4,0.007642984,1
medium_062,Medium,OpenMP,8,5,0.004999876,1
medium_062,Medium,OpenMP,16,1,0.020173073,1
medium_062,Medium,OpenMP,16,2,0.046202898,1
medium_062,Medium,OpenMP,16,3,0.024641037,1
medium_062,Medium,OpenMP,16,4,0.055016041,1
medium_062,Medium,OpenMP,16,5,0.014728785,1
medium_062,Medium,OMP-BranchBoundMRV,4,1,0.006673098,1
medium_062,Medium,OMP-BranchBoundMRV,4,2,0.007754803,1
medium_062,Medium,OMP-BranchBoundMRV,4,3,0.006525993,1
medium_062,Medium,OMP-BranchBoundMRV,4,4,0.007880926,1
medium_062,Medium,OMP-BranchBoundMRV,4,5,0.006522894,1
medium_062,Medium,OMP-BranchBoundMRV,8,1,0.013398886,1
medium_062,Medium,OMP-BranchBoundMRV,8,2,0.014261007,1
medium_062,Medium,OMP-BranchBoundMRV,8,3,0.006873131,1
medium_062,Medium,OMP-BranchBoundMRV,8,4,0.006525993,1
medium_062,Medium,OMP-BranchBoundMRV,8,5,0.012388945,1
medium_062,Medium,OMP-BranchBoundMRV,16,1,0.048407078,1
medium_062,Medium,OMP-BranchBoundMRV,16,2,0.011986017,1
medium_062,Medium,OMP-BranchBoundMRV,16,3,0.097532988,1
medium_062,Medium,OMP-BranchBoundMRV,16,4,0.023407936,1
medium_062,Medium,OMP-BranchBoundMRV,16,5,0.027569056,1
medium_063,Medium,Serial,1,1,0.015433292,1
medium_063,Medium,Serial,1,2,0.014605959,1
medium_063,Medium,Serial,1,3,0.014660667,1
medium_063,Medium,Serial,1,4,0.014994166,1
medium_063,Medium,Serial,1,5,0.014860792,1
medium_063,Medium,Serial-MRV,1,1,0.009721875,1
medium_063,Medium,Serial-MRV,1,2,0.009667625,1
medium_063,Medium,Serial-MRV,1,3,0.009727833,1
medium_063,Medium,Serial-MRV,1,4,0.009606625,1
medium_063,Medium,Serial-MRV,1,5,0.009568916,1
medium_063,Medium,BranchBound,1,1,0.012418292,1
medium_063,Medium,BranchBound,1,2,0.012349750,1
medium_063,Medium,BranchBound,1,3,0.012636000,1
medium_063,Medium,BranchBound,1,4,0.012401959,1
medium_063,Medium,BranchBound,1,5,0.012447750,1
medium_063,Medium,BranchBoundMRV,1,1,0.013134625,1
medium_063,Medium,BranchBoundMRV,1,2,0.013501166,1
medium_063,Medium,BranchBoundMRV,1,3,0.013821792,1
medium_063,Medium,BranchBoundMRV,1,4,0.013725750,1
medium_063,Medium,BranchBoundMRV,1,5,0.013642708,1
medium_063,Medium,OpenMP,4,1,0.002315044,1
medium_063,Medium,OpenMP,4,2,0.002403021,1
medium_063,Medium,OpenMP,4,3,0.002094030,1
medium_063,Medium,OpenMP,4,4,0.002300978,1
medium_063,Medium,OpenMP,4,5,0.002173901,1
medium_063,Medium,OpenMP,8,1,0.010318041,1
medium_063,Medium,OpenMP,8,2,0.002209902,1
medium_063,Medium,OpenMP,8,3,0.003612995,1
medium_063,Medium,OpenMP,8,4,0.005495787,1
medium_063,Medium,OpenMP,8,5,0.004497051,1
medium_063,Medium,OpenMP,16,1,0.013101101,1
medium_063,Medium,OpenMP,16,2,0.006299973,1
medium_063,Medium,OpenMP,16,3,0.081101894,1
medium_063,Medium,OpenMP,16,4,0.033638000,1
medium_063,Medium,OpenMP,16,5,0.029389143,1
medium_063,Medium,OMP-BranchBoundMRV,4,1,0.003224850,1
medium_063,Medium,OMP-BranchBoundMRV,4,2,0.003098965,1
medium_063,Medium,OMP-BranchBoundMRV,4,3,0.002959013,1
medium_063,Medium,OMP-BranchBoundMRV,4,4,0.003160000,1
medium_063,Medium,OMP-BranchBoundMRV,4,5,0.003185987,1
medium_063,Medium,OMP-BranchBoundMRV,8,1,0.002958059,1
medium_063,Medium,OMP-BranchBoundMRV,8,2,0.002947092,1
medium_063,Medium,OMP-BranchBoundMRV,8,3,0.005498171,1
medium_063,Medium,OMP-BranchBoundMRV,8,4,0.003066063,1
medium_063,Medium,OMP-BranchBoundMRV,8,5,0.003342152,1
medium_063,Medium,OMP-BranchBoundMRV,16,1,0.035564184,1
medium_063,Medium,OMP-BranchBoundMRV,16,2,0.034789085,1
medium_063,Medium,OMP-BranchBoundMRV,16,3,0.033351898,1
medium_063,Medium,OMP-BranchBoundMRV,16,4,0.020867825,1
medium_063,Medium,OMP-BranchBoundMRV,16,5,0.030815125,1
medium_064,Medium,Serial,1,1,0.001309708,1
medium_064,Medium,Serial,1,2,0.001274041,1
medium_064,Medium,Serial,1,3,0.001275042,1
medium_064,Medium,Serial,1,4,0.001268042,1
medium_064,Medium,Serial,1,5,0.001286125,1
medium_064,Medium,Serial-MRV,1,1,0.005413250,1
medium_064,Medium,Serial-MRV,1,2,0.005656250,1
medium_064,Medium,Serial-MRV,1,3,0.005644125,1
medium_064,Medium,Serial-MRV,1,4,0.005744750,1
medium_064,Medium,Serial-MRV,1,5,0.005693500,1
medium_064,Medium,BranchBound,1,1,0.001208584,1
medium_064,Medium,BranchBound,1,2,0.001226583,1
medium_064,Medium,BranchBound,1,3,0.001271250,1
medium_064,Medium,BranchBound,1,4,0.001192375,1
medium_064,Medium,BranchBound,1,5,0.001371208,1
medium_064,Medium,BranchBoundMRV,1,1,0.007354333,1
medium_064,Medium,BranchBoundMRV,1,2,0.007510709,1
medium_064,Medium,BranchBoundMRV,1,3,0.007531292,1
medium_064,Medium,BranchBoundMRV,1,4,0.007477459,1
medium_064,Medium,BranchBoundMRV,1,5,0.007403792,1
medium_064,Medium,OpenMP,4,1,0.000967979,1
medium_064,Medium,OpenMP,4,2,0.000941992,1
medium_064,Medium,OpenMP,4,3,0.000957966,1
medium_064,Medium,OpenMP,4,4,0.001008987,1
medium_064,Medium,OpenMP,4,5,0.000967026,1
medium_064,Medium,OpenMP,8,1,0.002307892,1
medium_064,Medium,OpenMP,8,2,0.001003981,1
medium_064,Medium,OpenMP,8,3,0.001876116,1
medium_064,Medium,OpenMP,8,4,0.002146959,1
medium_064,Medium,OpenMP,8,5,0.002126932,1
medium_064,Medium,OpenMP,16,1,0.009385824,1
medium_064,Medium,OpenMP,16,2,0.006556034,1
medium_064,Medium,OpenMP,16,3,0.008152008,1
medium_064,Medium,OpenMP,16,4,0.002778053,1
medium_064,Medium,OpenMP,16,5,0.007158041,1
medium_064,Medium,OMP-BranchBoundMRV,4,1,0.001286030,1
medium_064,Medium,OMP-BranchBoundMRV,4,2,0.001282930,1
medium_064,Medium,OMP-BranchBoundMRV,4,3,0.001270056,1
medium_064,Medium,OMP-BranchBoundMRV,4,4,0.001245975,1
medium_064,Medium,OMP-BranchBoundMRV,4,5,0.001237869,1
medium_064,Medium,OMP-BranchBoundMRV,8,1,0.002069950,1
medium_064,Medium,OMP-BranchBoundMRV,8,2,0.002982140,1
medium_064,Medium,OMP-BranchBoundMRV,8,3,0.001255035,1
medium_064,Medium,OMP-BranchBoundMRV,8,4,0.001236916,1
medium_064,Medium,OMP-BranchBoundMRV,8,5,0.001245022,1
medium_064,Medium,OMP-BranchBoundMRV,16,1,0.014594078,1
medium_064,Medium,OMP-BranchBoundMRV,16,2,0.009788990,1
medium_064,Medium,OMP-BranchBoundMRV,16,3,0.015818119,1
medium_064,Medium,OMP-BranchBoundMRV,16,4,0.013078928,1
medium_064,Medium,OMP-BranchBoundMRV,16,5,0.055399895,1
medium_065,Medium,Serial,1,1,0.007167792,1
medium_065,Medium,Serial,1,2,0.007268792,1
medium_065,Medium,Serial,1,3,0.007158792,1
medium_065,Medium,Serial,1,4,0.007289459,1
medium_065,Medium,Serial,1,5,0.007220792,1
medium_065,Medium,Serial-MRV,1,1,0.007753833,1
medium_065,Medium,Serial-MRV,1,2,0.007902209,1
medium_065,Medium,Serial-MRV,1,3,0.007844291,1
medium_065,Medium,Serial-MRV,1,4,0.007736125,1
medium_065,Medium,Serial-MRV,1,5,0.007913125,1
medium_065,Medium,BranchBound,1,1,0.005905666,1
medium_065,Medium,BranchBound,1,2,0.005974167,1
medium_065,Medium,BranchBound,1,3,0.005697500,1
medium_065,Medium,BranchBound,1,4,0.005621458,1
medium_065,Medium,BranchBound,1,5,0.005771917,1
medium_065,Medium,BranchBoundMRV,1,1,0.010011833,1
medium_065,Medium,BranchBoundMRV,1,2,0.010006542,1
medium_065,Medium,BranchBoundMRV,1,3,0.009910750,1
medium_065,Medium,BranchBoundMRV,1,4,0.010017750,1
medium_065,Medium,BranchBoundMRV,1,5,0.009900750,1
medium_065,Medium,OpenMP,4,1,0.007885933,1
medium_065,Medium,OpenMP,4,2,0.007879019,1
medium_065,Medium,OpenMP,4,3,0.007820129,1
medium_065,Medium,OpenMP,4,4,0.007888079,1
medium_065,Medium,OpenMP,4,5,0.007823944,1
medium_065,Medium,OpenMP,8,1,0.011523008,1
medium_065,Medium,OpenMP,8,2,0.013421059,1
medium_065,Medium,OpenMP,8,3,0.009046793,1
medium_065,Medium,OpenMP,8,4,0.015276909,1
medium_065,Medium,OpenMP,8,5,0.010351896,1
medium_065,Medium,OpenMP,16,1,0.054368019,1
medium_065,Medium,OpenMP,16,2,0.045126200,1
medium_065,Medium,OpenMP,16,3,0.033312082,1
medium_065,Medium,OpenMP,16,4,0.033890963,1
medium_065,Medium,OpenMP,16,5,0.033991814,1
medium_065,Medium,OMP-BranchBoundMRV,4,1,0.011306047,1
medium_065,Medium,OMP-BranchBoundMRV,4,2,0.010854959,1
medium_065,Medium,OMP-BranchBoundMRV,4,3,0.011151791,1
medium_065,Medium,OMP-BranchBoundMRV,4,4,0.011066914,1
medium_065,Medium,OMP-BranchBoundMRV,4,5,0.011374950,1
medium_065,Medium,OMP-BranchBoundMRV,8,1,0.014864922,1
medium_065,Medium,OMP-BranchBoundMRV,8,2,0.018707991,1
medium_065,Medium,OMP-BranchBoundMRV,8,3,0.020203114,1
medium_065,Medium,OMP-BranchBoundMRV,8,4,0.010601044,1
medium_065,Medium,OMP-BranchBoundMRV,8,5,0.011086941,1
medium_065,Medium,OMP-BranchBoundMRV,16,1,0.031050920,1
medium_065,Medium,OMP-BranchBoundMRV,16,2,0.030406952,1
medium_065,Medium,OMP-BranchBoundMRV,16,3,0.051915884,1
medium_065,Medium,OMP-BranchBoundMRV,16,4,0.114292145,1
medium_065,Medium,OMP-BranchBoundMRV,16,5,0.052513838,1
medium_066,Medium,Serial,1,1,0.003158541,1
medium_066,Medium,Serial,1,2,0.003081542,1
medium_066,Medium,Serial,1,3,0.003076583,1
medium_066,Medium,Serial,1,4,0.003093625,1
medium_066,Medium,Serial,1,5,0.003085167,1
medium_066,Medium,Serial-MRV,1,1,0.005069208,1
medium_066,Medium,Serial-MRV,1,2,0.005023542,1
medium_066,Medium,Serial-MRV,1,3,0.005058000,1
medium_066,Medium,Serial-MRV,1,4,0.005153583,1
medium_066,Medium,Serial-MRV,1,5,0.005101584,1
medium_066,Medium,BranchBound,1,1,0.002747708,1
medium_066,Medium,BranchBound,1,2,0.002738000,1
medium_066,Medium,BranchBound,1,3,0.002782833,1
medium_066,Medium,BranchBound,1,4,0.002772709,1
medium_066,Medium,BranchBound,1,5,0.002737250,1
medium_066,Medium,BranchBoundMRV,1,1,0.006121083,1
medium_066,Medium,BranchBoundMRV,1,2,0.006107167,1
medium_066,Medium,BranchBoundMRV,1,3,0.006147375,1
medium_066,Medium,BranchBoundMRV,1,4,0.006069083,1
medium_066,Medium,BranchBoundMRV,1,5,0.006080666,1
medium_066,Medium,OpenMP,4,1,0.005372047,1
medium_066,Medium,OpenMP,4,2,0.005355120,1
medium_066,Medium,OpenMP,4,3,0.005353928,1
medium_066,Medium,OpenMP,4,4,0.005349159,1
medium_066,Medium,OpenMP,4,5,0.005362034,1
medium_066,Medium,OpenMP,8,1,0.005360842,1
medium_066,Medium,OpenMP,8,2,0.005353928,1
medium_066,Medium,OpenMP,8,3,0.011439085,1
medium_066,Medium,OpenMP,8,4,0.005343914,1
medium_066,Medium,OpenMP,8,5,0.005394936,1
medium_066,Medium,OpenMP,16,1,0.061207056,1
medium_066,Medium,OpenMP,16,2,0.044224024,1
medium_066,Medium,OpenMP,16,3,0.110430002,1
medium_066,Medium,OpenMP,16,4,0.037068129,1
medium_066,Medium,OpenMP,16,5,0.019518852,1
medium_066,Medium,OMP-BranchBoundMRV,4,1,0.007863045,1
medium_066,Medium,OMP-BranchBoundMRV,4,2,0.006546021,1
medium_066,Medium,OMP-BranchBoundMRV,4,3,0.006564856,1
medium_066,Medium,OMP-BranchBoundMRV,4,4,0.006540060,1
medium_066,Medium,OMP-BranchBoundMRV,4,5,0.006533861,1
medium_066,Medium,OMP-BranchBoundMRV,8,1,0.011568069,1
medium_066,Medium,OMP-BranchBoundMRV,8,2,0.006711006,1
medium_066,Medium,OMP-BranchBoundMRV,8,3,0.006532907,1
medium_066,Medium,OMP-BranchBoundMRV,8,4,0.006578922,1
medium_066,Medium,OMP-BranchBoundMRV,8,5,0.016237974,1
medium_066,Medium,OMP-BranchBoundMRV,16,1,0.013120890,1
medium_066,Medium,OMP-BranchBoundMRV,16,2,0.016061068,1
medium_066,Medium,OMP-BranchBoundMRV,16,3,0.031628847,1
medium_066,Medium,OMP-BranchBoundMRV,16,4,0.025887012,1
medium_066,Medium,OMP-BranchBoundMRV,16,5,0.063534975,1
medium_067,Medium,Serial,1,1,0.003011000,1
medium_067,Medium,Serial,1,2,0.002806333,1
medium_067,Medium,Serial,1,3,0.002947291,1
medium_067,Medium,Serial,1,4,0.002946208,1
medium_067,Medium,Serial,1,5,0.002778125,1
medium_067,Medium,Serial-MRV,1,1,0.004227667,1
medium_067,Medium,Serial-MRV,1,2,0.004223083,1
medium_067,Medium,Serial-MRV,1,3,0.004304000,1
medium_067,Medium,Serial-MRV,1,4,0.004194875,1
medium_067,Medium,Serial-MRV,1,5,0.004236167,1
medium_067,Medium,BranchBound,1,1,0.002643625,1
medium_067,Medium,BranchBound,1,2,0.002679334,1
medium_067,Medium,BranchBound,1,3,0.002737833,1
medium_067,Medium,BranchBound,1,4,0.002573167,1
medium_067,Medium,BranchBound,1,5,0.002656500,1
medium_067,Medium,BranchBoundMRV,1,1,0.005428291,1
medium_067,Medium,BranchBoundMRV,1,2,0.005449833,1
medium_067,Medium,BranchBoundMRV,1,3,0.005431750,1
medium_067,Medium,BranchBoundMRV,1,4,0.005595416,1
medium_067,Medium,BranchBoundMRV,1,5,0.005479167,1
medium_067,Medium,OpenMP,4,1,0.004327059,1
medium_067,Medium,OpenMP,4,2,0.004328012,1
medium_067,Medium,OpenMP,4,3,0.004271030,1
medium_067,Medium,OpenMP,4,4,0.004396915,1
medium_067,Medium,OpenMP,4,5,0.004318953,1
medium_067,Medium,OpenMP,8,1,0.004307032,1
medium_067,Medium,OpenMP,8,2,0.007117987,1
medium_067,Medium,OpenMP,8,3,0.004362106,1
medium_067,Medium,OpenMP,8,4,0.010246992,1
medium_067,Medium,OpenMP,8,5,0.004343987,1
medium_067,Medium,OpenMP,16,1,0.014901161,1
medium_067,Medium,OpenMP,16,2,0.033240080,1
medium_067,Medium,OpenMP,16,3,0.043505907,1
medium_067,Medium,OpenMP,16,4,0.045452118,1
medium_067,Medium,OpenMP,16,5,0.034411907,1
medium_067,Medium,OMP-BranchBoundMRV,4,1,0.005784988,1
medium_067,Medium,OMP-BranchBoundMRV,4,2,0.005597115,1
medium_067,Medium,OMP-BranchBoundMRV,4,3,0.005596161,1
medium_067,Medium,OMP-BranchBoundMRV,4,4,0.005663157,1
medium_067,Medium,OMP-BranchBoundMRV,4,5,0.005669117,1
medium_067,Medium,OMP-BranchBoundMRV,8,1,0.005565882,1
medium_067,Medium,OMP-BranchBoundMRV,8,2,0.009348869,1
medium_067,Medium,OMP-BranchBoundMRV,8,3,0.005532026,1
medium_067,Medium,OMP-BranchBoundMRV,8,4,0.013998032,1
medium_067,Medium,OMP-BranchBoundMRV,8,5,0.007297039,1
medium_067,Medium,OMP-BranchBoundMRV,16,1,0.051022053,1
medium_067,Medium,OMP-BranchBoundMRV,16,2,0.092921972,1
medium_067,Medium,OMP-BranchBoundMRV,16,3,0.019444942,1
medium_067,Medium,OMP-BranchBoundMRV,16,4,0.039301872,1
medium_067,Medium,OMP-BranchBoundMRV,16,5,0.036185026,1
medium_068,Medium,Serial,1,1,0.005009792,1
medium_068,Medium,Serial,1,2,0.004893542,1
medium_068,Medium,Serial,1,3,0.004975125,1
medium_068,Medium,Serial,1,4,0.004898042,1
medium_068,Medium,Serial,1,5,0.004980791,1
medium_068,Medium,Serial-MRV,1,1,0.004823500,1
medium_068,Medium,Serial-MRV,1,2,0.004738792,1
medium_068,Medium,Serial-MRV,1,3,0.004858917,1
medium_068,Medium,Serial-MRV,1,4,0.004713625,1
medium_068,Medium,Serial-MRV,1,5,0.004828084,1
medium_068,Medium,BranchBound,1,1,0.004044000,1
medium_068,Medium,BranchBound,1,2,0.004015959,1
medium_068,Medium,BranchBound,1,3,0.003990542,1
medium_068,Medium,BranchBound,1,4,0.004026541,1
medium_068,Medium,BranchBound,1,5,0.004047209,1
medium_068,Medium,BranchBoundMRV,1,1,0.006168792,1
medium_068,Medium,BranchBoundMRV,1,2,0.006099709,1
medium_068,Medium,BranchBoundMRV,1,3,0.006156625,1
medium_068,Medium,BranchBoundMRV,1,4,0.006087709,1
medium_068,Medium,BranchBoundMRV,1,5,0.006126792,1
medium_068,Medium,OpenMP,4,1,0.003039122,1
medium_068,Medium,OpenMP,4,2,0.003034115,1
medium_068,Medium,OpenMP,4,3,0.003028870,1
medium_068,Medium,OpenMP,4,4,0.003027916,1
medium_068,Medium,OpenMP,4,5,0.003017902,1
medium_068,Medium,OpenMP,8,1,0.003081799,1
medium_068,Medium,OpenMP,8,2,0.003071070,1
medium_068,Medium,OpenMP,8,3,0.008064985,1
medium_068,Medium,OpenMP,8,4,0.003020048,1
medium_068,Medium,OpenMP,8,5,0.006723881,1
medium_068,Medium,OpenMP,16,1,0.019551992,1
medium_068,Medium,OpenMP,16,2,0.099096060,1
medium_068,Medium,OpenMP,16,3,0.026908159,1
medium_068,Medium,OpenMP,16,4,0.040104866,1
medium_068,Medium,OpenMP,16,5,0.036406040,1
medium_068,Medium,OMP-BranchBoundMRV,4,1,0.003978968,1
medium_068,Medium,OMP-BranchBoundMRV,4,2,0.003956079,1
medium_068,Medium,OMP-BranchBoundMRV,4,3,0.003944159,1
medium_068,Medium,OMP-BranchBoundMRV,4,4,0.004010916,1
medium_068,Medium,OMP-BranchBoundMRV,4,5,0.003949881,1
medium_068,Medium,OMP-BranchBoundMRV,8,1,0.009205103,1
medium_068,Medium,OMP-BranchBoundMRV,8,2,0.003953934,1
medium_068,Medium,OMP-BranchBoundMRV,8,3,0.003992081,1
medium_068,Medium,OMP-BranchBoundMRV,8,4,0.003978968,1
medium_068,Medium,OMP-BranchBoundMRV,8,5,0.009196997,1
medium_068,Medium,OMP-BranchBoundMRV,16,1,0.052622080,1
medium_068,Medium,OMP-BranchBoundMRV,16,2,0.052999020,1
medium_068,Medium,OMP-BranchBoundMRV,16,3,0.036128998,1
medium_068,Medium,OMP-BranchBoundMRV,16,4,0.042978048,1
medium_068,Medium,OMP-BranchBoundMRV,16,5,0.053418875,1
medium_069,Medium,Serial,1,1,0.002633416,1
medium_069,Medium,Serial,1,2,0.002631917,1
medium_069,Medium,Serial,1,3,0.002609958,1
medium_069,Medium,Serial,1,4,0.002599084,1
medium_069,Medium,Serial,1,5,0.002656834,1
medium_069,Medium,Serial-MRV,1,1,0.006370375,1
medium_069,Medium,Serial-MRV,1,2,0.006026042,1
medium_069,Medium,Serial-MRV,1,3,0.006129959,1
medium_069,Medium,Serial-MRV,1,4,0.006103125,1
medium_069,Medium,Serial-MRV,1,5,0.006188167,1
medium_069,Medium,BranchBound,1,1,0.002334875,1
medium_069,Medium,BranchBound,1,2,0.002299500,1
medium_069,Medium,BranchBound,1,3,0.002410833,1
medium_069,Medium,BranchBound,1,4,0.002316917,1
medium_069,Medium,BranchBound,1,5,0.002302583,1
medium_069,Medium,BranchBoundMRV,1,1,0.008105000,1
medium_069,Medium,BranchBoundMRV,1,2,0.007980916,1
medium_069,Medium,BranchBoundMRV,1,3,0.008015417,1
medium_069,Medium,BranchBoundMRV,1,4,0.008005334,1
medium_069,Medium,BranchBoundMRV,1,5,0.007970375,1
medium_069,Medium,OpenMP,4,1,0.000988007,1
medium_069,Medium,OpenMP,4,2,0.001801968,1
medium_069,Medium,OpenMP,4,3,0.000985146,1
medium_069,Medium,OpenMP,4,4,0.002155066,1
medium_069,Medium,OpenMP,4,5,0.001971006,1
medium_069,Medium,OpenMP,8,1,0.001022816,1
medium_069,Medium,OpenMP,8,2,0.000997066,1
medium_069,Medium,OpenMP,8,3,0.001024961,1
medium_069,Medium,OpenMP,8,4,0.001019955,1
medium_069,Medium,OpenMP,8,5,0.010591030,1
medium_069,Medium,OpenMP,16,1,0.023030043,1
medium_069,Medium,OpenMP,16,2,0.020825863,1
medium_069,Medium,OpenMP,16,3,0.017391920,1
medium_069,Medium,OpenMP,16,4,0.060324907,1
medium_069,Medium,OpenMP,16,5,0.017871141,1
medium_069,Medium,OMP-BranchBoundMRV,4,1,0.001576900,1
medium_069,Medium,OMP-BranchBoundMRV,4,2,0.001317024,1
medium_069,Medium,OMP-BranchBoundMRV,4,3,0.001319885,1
medium_069,Medium,OMP-BranchBoundMRV,4,4,0.001559019,1
medium_069,Medium,OMP-BranchBoundMRV,4,5,0.001407146,1
medium_069,Medium,OMP-BranchBoundMRV,8,1,0.001468182,1
medium_069,Medium,OMP-BranchBoundMRV,8,2,0.001482964,1
medium_069,Medium,OMP-BranchBoundMRV,8,3,0.002410889,1
medium_069,Medium,OMP-BranchBoundMRV,8,4,0.001700878,1
medium_069,Medium,OMP-BranchBoundMRV,8,5,0.001338005,1
medium_069,Medium,OMP-BranchBoundMRV,16,1,0.027038097,1
medium_069,Medium,OMP-BranchBoundMRV,16,2,0.007505178,1
medium_069,Medium,OMP-BranchBoundMRV,16,3,0.042424917,1
medium_069,Medium,OMP-BranchBoundMRV,16,4,0.022660017,1
medium_069,Medium,OMP-BranchBoundMRV,16,5,0.048037052,1
medium_070,Medium,Serial,1,1,0.042614209,1
medium_070,Medium,Serial,1,2,0.045200875,1
medium_070,Medium,Serial,1,3,0.045175709,1
medium_070,Medium,Serial,1,4,0.043017083,1
medium_070,Medium,Serial,1,5,0.041944416,1
medium_070,Medium,Serial-MRV,1,1,0.002706750,1
medium_070,Medium,Serial-MRV,1,2,0.002667500,1
medium_070,Medium,Serial-MRV,1,3,0.002632375,1
medium_070,Medium,Serial-MRV,1,4,0.002632250,1
medium_070,Medium,Serial-MRV,1,5,0.002639458,1
medium_070,Medium,BranchBound,1,1,0.036929250,1
medium_070,Medium,BranchBound,1,2,0.036810416,1
medium_070,Medium,BranchBound,1,3,0.036824542,1
medium_070,Medium,BranchBound,1,4,0.036847542,1
medium_070,Medium,BranchBound,1,5,0.036830917,1
medium_070,Medium,BranchBoundMRV,1,1,0.003687666,1
medium_070,Medium,BranchBoundMRV,1,2,0.003807625,1
medium_070,Medium,BranchBoundMRV,1,3,0.003959250,1
medium_070,Medium,BranchBoundMRV,1,4,0.003906583,1
medium_070,Medium,BranchBoundMRV,1,5,0.003932750,1
medium_070,Medium,OpenMP,4,1,0.003094912,1
medium_070,Medium,OpenMP,4,2,0.002890110,1
medium_070,Medium,OpenMP,4,3,0.002995968,1
medium_070,Medium,OpenMP,4,4,0.002846956,1
medium_070,Medium,OpenMP,4,5,0.002907991,1
medium_070,Medium,OpenMP,8,1,0.002827168,1
medium_070,Medium,OpenMP,8,2,0.002815962,1
medium_070,Medium,OpenMP,8,3,0.007097006,1
medium_070,Medium,OpenMP,8,4,0.005954027,1
medium_070,Medium,OpenMP,8,5,0.004816055,1
medium_070,Medium,OpenMP,16,1,0.018111944,1
medium_070,Medium,OpenMP,16,2,0.023391008,1
medium_070,Medium,OpenMP,16,3,0.017490864,1
medium_070,Medium,OpenMP,16,4,0.044598103,1
medium_070,Medium,OpenMP,16,5,0.043567181,1
medium_070,Medium,OMP-BranchBoundMRV,4,1,0.004111052,1
medium_070,Medium,OMP-BranchBoundMRV,4,2,0.004481077,1
medium_070,Medium,OMP-BranchBoundMRV,4,3,0.005903959,1
medium_070,Medium,OMP-BranchBoundMRV,4,4,0.004255056,1
medium_070,Medium,OMP-BranchBoundMRV,4,5,0.004206896,1
medium_070,Medium,OMP-BranchBoundMRV,8,1,0.004034042,1
medium_070,Medium,OMP-BranchBoundMRV,8,2,0.009146929,1
medium_070,Medium,OMP-BranchBoundMRV,8,3,0.004857063,1
medium_070,Medium,OMP-BranchBoundMRV,8,4,0.004374027,1
medium_070,Medium,OMP-BranchBoundMRV,8,5,0.014049053,1
medium_070,Medium,OMP-BranchBoundMRV,16,1,0.015001059,1
medium_070,Medium,OMP-BranchBoundMRV,16,2,0.020049095,1
medium_070,Medium,OMP-BranchBoundMRV,16,3,0.036636829,1
medium_070,Medium,OMP-BranchBoundMRV,16,4,0.011164904,1
medium_070,Medium,OMP-BranchBoundMRV,16,5,0.032543898,1
medium_071,Medium,Serial,1,1,0.002827792,1
medium_071,Medium,Serial,1,2,0.002664334,1
medium_071,Medium,Serial,1,3,0.002695875,1
medium_071,Medium,Serial,1,4,0.002678792,1
medium_071,Medium,Serial,1,5,0.002659375,1
medium_071,Medium,Serial-MRV,1,1,0.005953083,1
medium_071,Medium,Serial-MRV,1,2,0.005945500,1
medium_071,Medium,Serial-MRV,1,3,0.006013458,1
medium_071,Medium,Serial-MRV,1,4,0.005950083,1
medium_071,Medium,Serial-MRV,1,5,0.005941333,1
medium_071,Medium,BranchBound,1,1,0.002216583,1
medium_071,Medium,BranchBound,1,2,0.002201542,1
medium_071,Medium,BranchBound,1,3,0.002194375,1
medium_071,Medium,BranchBound,1,4,0.002495959,1
medium_071,Medium,BranchBound,1,5,0.002284375,1
medium_071,Medium,BranchBoundMRV,1,1,0.008370875,1
medium_071,Medium,BranchBoundMRV,1,2,0.008379000,1
medium_071,Medium,BranchBoundMRV,1,3,0.008173708,1
medium_071,Medium,BranchBoundMRV,1,4,0.008344792,1
medium_071,Medium,BranchBoundMRV,1,5,0.008300291,1
medium_071,Medium,OpenMP,4,1,0.001875877,1
medium_071,Medium,OpenMP,4,2,0.001854897,1
medium_071,Medium,OpenMP,4,3,0.001977205,1
medium_071,Medium,OpenMP,4,4,0.001781940,1
medium_071,Medium,OpenMP,4,5,0.001824856,1
medium_071,Medium,OpenMP,8,1,0.010135889,1
medium_071,Medium,OpenMP,8,2,0.003859997,1
medium_071,Medium,OpenMP,8,3,0.003231049,1
medium_071,Medium,OpenMP,8,4,0.007006884,1
medium_071,Medium,OpenMP,8,5,0.001832962,1
medium_071,Medium,OpenMP,16,1,0.009379864,1
medium_071,Medium,OpenMP,16,2,0.014947176,1
medium_071,Medium,OpenMP,16,3,0.020602226,1
medium_071,Medium,OpenMP,16,4,0.019069910,1
medium_071,Medium,OpenMP,16,5,0.110964060,1
medium_071,Medium,OMP-BranchBoundMRV,4,1,0.002967834,1
medium_071,Medium,OMP-BranchBoundMRV,4,2,0.002651215,1
medium_071,Medium,OMP-BranchBoundMRV,4,3,0.003795862,1
medium_071,Medium,OMP-BranchBoundMRV,4,4,0.003578901,1
medium_071,Medium,OMP-BranchBoundMRV,4,5,0.002645969,1
medium_071,Medium,OMP-BranchBoundMRV,8,1,0.005264997,1
medium_071,Medium,OMP-BranchBoundMRV,8,2,0.003098965,1
medium_071,Medium,OMP-BranchBoundMRV,8,3,0.006377935,1
medium_071,Medium,OMP-BranchBoundMRV,8,4,0.007084131,1
medium_071,Medium,OMP-BranchBoundMRV,8,5,0.004889011,1
medium_071,Medium,OMP-BranchBoundMRV,16,1,0.057775021,1
medium_071,Medium,OMP-BranchBoundMRV,16,2,0.060287952,1
medium_071,Medium,OMP-BranchBoundMRV,16,3,0.006456852,1
medium_071,Medium,OMP-BranchBoundMRV,16,4,0.020811081,1
medium_071,Medium,OMP-BranchBoundMRV,16,5,0.032323122,1
medium_072,Medium,Serial,1,1,0.015365459,1
medium_072,Medium,Serial,1,2,0.016480417,1
medium_072,Medium,Serial,1,3,0.015838250,1
medium_072,Medium,Serial,1,4,0.016532625,1
medium_072,Medium,Serial,1,5,0.016443875,1
medium_072,Medium,Serial-MRV,1,1,0.005902417,1
medium_072,Medium,Serial-MRV,1,2,0.005856750,1
medium_072,Medium,Serial-MRV,1,3,0.005615166,1
medium_072,Medium,Serial-MRV,1,4,0.005712125,1
medium_072,Medium,Serial-MRV,1,5,0.005802167,1
medium_072,Medium,BranchBound,1,1,0.012533083,1
medium_072,Medium,BranchBound,1,2,0.013587208,1
medium_072,Medium,BranchBound,1,3,0.017206417,1
medium_072,Medium,BranchBound,1,4,0.022441959,1
medium_072,Medium,BranchBound,1,5,0.015243500,1
medium_072,Medium,BranchBoundMRV,1,1,0.008317833,1
medium_072,Medium,BranchBoundMRV,1,2,0.008715542,1
medium_072,Medium,BranchBoundMRV,1,3,0.008440584,1
medium_072,Medium,BranchBoundMRV,1,4,0.008615458,1
medium_072,Medium,BranchBoundMRV,1,5,0.008431500,1
medium_072,Medium,OpenMP,4,1,0.006199121,1
medium_072,Medium,OpenMP,4,2,0.006632090,1
medium_072,Medium,OpenMP,4,3,0.006413937,1
medium_072,Medium,OpenMP,4,4,0.006343126,1
medium_072,Medium,OpenMP,4,5,0.006325006,1
medium_072,Medium,OpenMP,8,1,0.006009102,1
medium_072,Medium,OpenMP,8,2,0.008271933,1
medium_072,Medium,OpenMP,8,3,0.012590170,1
medium_072,Medium,OpenMP,8,4,0.009065866,1
medium_072,Medium,OpenMP,8,5,0.007026911,1
medium_072,Medium,OpenMP,16,1,0.039103031,1
medium_072,Medium,OpenMP,16,2,0.031817913,1
medium_072,Medium,OpenMP,16,3,0.112858057,1
medium_072,Medium,OpenMP,16,4,0.066323042,1
medium_072,Medium,OpenMP,16,5,0.010756016,1
medium_072,Medium,OMP-BranchBoundMRV,4,1,0.008766890,1
medium_072,Medium,OMP-BranchBoundMRV,4,2,0.008794069,1
medium_072,Medium,OMP-BranchBoundMRV,4,3,0.008728027,1
medium_072,Medium,OMP-BranchBoundMRV,4,4,0.008795023,1
medium_072,Medium,OMP-BranchBoundMRV,4,5,0.008682013,1
medium_072,Medium,OMP-BranchBoundMRV,8,1,0.009006977,1
medium_072,Medium,OMP-BranchBoundMRV,8,2,0.013880014,1
medium_072,Medium,OMP-BranchBoundMRV,8,3,0.016146898,1
medium_072,Medium,OMP-BranchBoundMRV,8,4,0.009816885,1
medium_072,Medium,OMP-BranchBoundMRV,8,5,0.016628027,1
medium_072,Medium,OMP-BranchBoundMRV,16,1,0.135432959,1
medium_072,Medium,OMP-BranchBoundMRV,16,2,0.027199984,1
medium_072,Medium,OMP-BranchBoundMRV,16,3,0.017287016,1
medium_072,Medium,OMP-BranchBoundMRV,16,4,0.015757084,1
medium_072,Medium,OMP-BranchBoundMRV,16,5,0.022972822,1
medium_073,Medium,Serial,1,1,0.003250875,1
medium_073,Medium,Serial,1,2,0.003239083,1
medium_073,Medium,Serial,1,3,0.003341334,1
medium_073,Medium,Serial,1,4,0.003717791,1
medium_073,Medium,Serial,1,5,0.003539417,1
medium_073,Medium,Serial-MRV,1,1,0.016384958,1
medium_073,Medium,Serial-MRV,1,2,0.017290000,1
medium_073,Medium,Serial-MRV,1,3,0.023401250,1
medium_073,Medium,Serial-MRV,1,4,0.013683458,1
medium_073,Medium,Serial-MRV,1,5,0.011137750,1
medium_073,Medium,BranchBound,1,1,0.002958000,1
medium_073,Medium,BranchBound,1,2,0.002807792,1
medium_073,Medium,BranchBound,1,3,0.002810333,1
medium_073,Medium,BranchBound,1,4,0.002965083,1
medium_073,Medium,BranchBound,1,5,0.002806250,1
medium_073,Medium,BranchBoundMRV,1,1,0.014148167,1
medium_073,Medium,BranchBoundMRV,1,2,0.013909916,1
medium_073,Medium,BranchBoundMRV,1,3,0.014156958,1
medium_073,Medium,BranchBoundMRV,1,4,0.014240333,1
medium_073,Medium,BranchBoundMRV,1,5,0.014403000,1
medium_073,Medium,OpenMP,4,1,0.000956059,1
medium_073,Medium,OpenMP,4,2,0.000921011,1
medium_073,Medium,OpenMP,4,3,0.000911951,1
medium_073,Medium,OpenMP,4,4,0.000916004,1
medium_073,Medium,OpenMP,4,5,0.000908136,1
medium_073,Medium,OpenMP,8,1,0.001023054,1
medium_073,Medium,OpenMP,8,2,0.002074957,1
medium_073,Medium,OpenMP,8,3,0.001096964,1
medium_073,Medium,OpenMP,8,4,0.002134085,1
medium_073,Medium,OpenMP,8,5,0.000980854,1
medium_073,Medium,OpenMP,16,1,0.005062103,1
medium_073,Medium,OpenMP,16,2,0.009100914,1
medium_073,Medium,OpenMP,16,3,0.003613949,1
medium_073,Medium,OpenMP,16,4,0.018950939,1
medium_073,Medium,OpenMP,16,5,0.001981020,1
medium_073,Medium,OMP-BranchBoundMRV,4,1,0.001821041,1
medium_073,Medium,OMP-BranchBoundMRV,4,2,0.001279116,1
medium_073,Medium,OMP-BranchBoundMRV,4,3,0.007520199,1
medium_073,Medium,OMP-BranchBoundMRV,4,4,0.001739025,1
medium_073,Medium,OMP-BranchBoundMRV,4,5,0.002215862,1
medium_073,Medium,OMP-BranchBoundMRV,8,1,0.011021137,1
medium_073,Medium,OMP-BranchBoundMRV,8,2,0.009621859,1
medium_073,Medium,OMP-BranchBoundMRV,8,3,0.002818108,1
medium_073,Medium,OMP-BranchBoundMRV,8,4,0.009834051,1
medium_073,Medium,OMP-BranchBoundMRV,8,5,0.005899906,1
medium_073,Medium,OMP-BranchBoundMRV,16,1,0.169538021,1
medium_073,Medium,OMP-BranchBoundMRV,16,2,0.011090994,1
medium_073,Medium,OMP-BranchBoundMRV,16,3,0.014218092,1
medium_073,Medium,OMP-BranchBoundMRV,16,4,0.023913145,1
medium_073,Medium,OMP-BranchBoundMRV,16,5,0.026972055,1
medium_074,Medium,Serial,1,1,0.008151417,1
medium_074,Medium,Serial,1,2,0.007685417,1
medium_074,Medium,Serial,1,3,0.007596875,1
medium_074,Medium,Serial,1,4,0.007676667,1
medium_074,Medium,Serial,1,5,0.007592375,1
medium_074,Medium,Serial-MRV,1,1,0.005878000,1
medium_074,Medium,Serial-MRV,1,2,0.005915666,1
medium_074,Medium,Serial-MRV,1,3,0.005875375,1
medium_074,Medium,Serial-MRV,1,4,0.005946833,1
medium_074,Medium,Serial-MRV,1,5,0.005823416,1
medium_074,Medium,BranchBound,1,1,0.006788708,1
medium_074,Medium,BranchBound,1,2,0.006668917,1
medium_074,Medium,BranchBound,1,3,0.006675250,1
medium_074,Medium,BranchBound,1,4,0.006691417,1
medium_074,Medium,BranchBound,1,5,0.006674959,1
medium_074,Medium,BranchBoundMRV,1,1,0.007765458,1
medium_074,Medium,BranchBoundMRV,1,2,0.007682042,1
medium_074,Medium,BranchBoundMRV,1,3,0.007701000,1
medium_074,Medium,BranchBoundMRV,1,4,0.007648625,1
medium_074,Medium,BranchBoundMRV,1,5,0.007705542,1
medium_074,Medium,OpenMP,4,1,0.006244183,1
medium_074,Medium,OpenMP,4,2,0.006211042,1
medium_074,Medium,OpenMP,4,3,0.006189108,1
medium_074,Medium,OpenMP,4,4,0.006191015,1
medium_074,Medium,OpenMP,4,5,0.006227970,1
medium_074,Medium,OpenMP,8,1,0.006211996,1
medium_074,Medium,OpenMP,8,2,0.006215096,1
medium_074,Medium,OpenMP,8,3,0.012133121,1
medium_074,Medium,OpenMP,8,4,0.006218910,1
medium_074,Medium,OpenMP,8,5,0.012155771,1
medium_074,Medium,OpenMP,16,1,0.029078007,1
medium_074,Medium,OpenMP,16,2,0.015558958,1
medium_074,Medium,OpenMP,16,3,0.031666994,1
medium_074,Medium,OpenMP,16,4,0.071223974,1
medium_074,Medium,OpenMP,16,5,0.036664009,1
medium_074,Medium,OMP-BranchBoundMRV,4,1,0.018041134,1
medium_074,Medium,OMP-BranchBoundMRV,4,2,0.017848969,1
medium_074,Medium,OMP-BranchBoundMRV,4,3,0.025920868,1
medium_074,Medium,OMP-BranchBoundMRV,4,4,0.024143934,1
medium_074,Medium,OMP-BranchBoundMRV,4,5,0.015583992,1
medium_074,Medium,OMP-BranchBoundMRV,8,1,0.023017883,1
medium_074,Medium,OMP-BranchBoundMRV,8,2,0.041470051,1
medium_074,Medium,OMP-BranchBoundMRV,8,3,0.009980917,1
medium_074,Medium,OMP-BranchBoundMRV,8,4,0.009696007,1
medium_074,Medium,OMP-BranchBoundMRV,8,5,0.020606995,1
medium_074,Medium,OMP-BranchBoundMRV,16,1,0.161357164,1
medium_074,Medium,OMP-BranchBoundMRV,16,2,0.020806074,1
medium_074,Medium,OMP-BranchBoundMRV,16,3,0.043397903,1
medium_074,Medium,OMP-BranchBoundMRV,16,4,0.044156075,1
medium_074,Medium,OMP-BranchBoundMRV,16,5,0.022393942,1
medium_075,Medium,Serial,1,1,0.004767084,1
medium_075,Medium,Serial,1,2,0.004926083,1
medium_075,Medium,Serial,1,3,0.005219250,1
medium_075,Medium,Serial,1,4,0.004525958,1
medium_075,Medium,Serial,1,5,0.004672417,1
medium_075,Medium,Serial-MRV,1,1,0.009337625,1
medium_075,Medium,Serial-MRV,1,2,0.009604750,1
medium_075,Medium,Serial-MRV,1,3,0.011667792,1
medium_075,Medium,Serial-MRV,1,4,0.010986875,1
medium_075,Medium,Serial-MRV,1,5,0.009491042,1
medium_075,Medium,BranchBound,1,1,0.005800917,1
medium_075,Medium,BranchBound,1,2,0.004169458,1
medium_075,Medium,BranchBound,1,3,0.004383208,1
medium_075,Medium,BranchBound,1,4,0.005686250,1
medium_075,Medium,BranchBound,1,5,0.004288041,1
medium_075,Medium,BranchBoundMRV,1,1,0.012908292,1
medium_075,Medium,BranchBoundMRV,1,2,0.013739666,1
medium_075,Medium,BranchBoundMRV,1,3,0.012945083,1
medium_075,Medium,BranchBoundMRV,1,4,0.011954000,1
medium_075,Medium,BranchBoundMRV,1,5,0.014951875,1
medium_075,Medium,OpenMP,4,1,0.003399134,1
medium_075,Medium,OpenMP,4,2,0.005359888,1
medium_075,Medium,OpenMP,4,3,0.002398968,1
medium_075,Medium,OpenMP,4,4,0.002283096,1
medium_075,Medium,OpenMP,4,5,0.002281904,1
medium_075,Medium,OpenMP,8,1,0.012447834,1
medium_075,Medium,OpenMP,8,2,0.015092850,1
medium_075,Medium,OpenMP,8,3,0.019501209,1
medium_075,Medium,OpenMP,8,4,0.052181005,1
medium_075,Medium,OpenMP,8,5,0.006200075,1
medium_075,Medium,OpenMP,16,1,0.022440910,1
medium_075,Medium,OpenMP,16,2,0.016620159,1
medium_075,Medium,OpenMP,16,3,0.012665033,1
medium_075,Medium,OpenMP,16,4,0.055599928,1
medium_075,Medium,OpenMP,16,5,0.055643082,1
medium_075,Medium,OMP-BranchBoundMRV,4,1,0.003119946,1
medium_075,Medium,OMP-BranchBoundMRV,4,2,0.002940893,1
medium_075,Medium,OMP-BranchBoundMRV,4,3,0.003026962,1
medium_075,Medium,OMP-BranchBoundMRV,4,4,0.003053904,1
medium_075,Medium,OMP-BranchBoundMRV,4,5,0.003065109,1
medium_075,Medium,OMP-BranchBoundMRV,8,1,0.005148888,1
medium_075,Medium,OMP-BranchBoundMRV,8,2,0.002977133,1
medium_075,Medium,OMP-BranchBoundMRV,8,3,0.003499031,1
medium_075,Medium,OMP-BranchBoundMRV,8,4,0.006870031,1
medium_075,Medium,OMP-BranchBoundMRV,8,5,0.009851933,1
medium_075,Medium,OMP-BranchBoundMRV,16,1,0.011925936,1
medium_075,Medium,OMP-BranchBoundMRV,16,2,0.015763044,1
medium_075,Medium,OMP-BranchBoundMRV,16,3,0.011824131,1
medium_075,Medium,OMP-BranchBoundMRV,16,4,0.014775991,1
medium_075,Medium,OMP-BranchBoundMRV,16,5,0.008846045,1
medium_076,Medium,Serial,1,1,0.013996958,1
medium_076,Medium,Serial,1,2,0.017256875,1
medium_076,Medium,Serial,1,3,0.020836750,1
medium_076,Medium,Serial,1,4,0.030748750,1
medium_076,Medium,Serial,1,5,0.005198083,1
medium_076,Medium,Serial-MRV,1,1,0.004039709,1
medium_076,Medium,Serial-MRV,1,2,0.004184709,1
medium_076,Medium,Serial-MRV,1,3,0.004359500,1
medium_076,Medium,Serial-MRV,1,4,0.004168958,1
medium_076,Medium,Serial-MRV,1,5,0.004030291,1
medium_076,Medium,BranchBound,1,1,0.004239917,1
medium_076,Medium,BranchBound,1,2,0.004291375,1
medium_076,Medium,BranchBound,1,3,0.004872708,1
medium_076,Medium,BranchBound,1,4,0.005485792,1
medium_076,Medium,BranchBound,1,5,0.005571917,1
medium_076,Medium,BranchBoundMRV,1,1,0.006717291,1
medium_076,Medium,BranchBoundMRV,1,2,0.005205625,1
medium_076,Medium,BranchBoundMRV,1,3,0.005468041,1
medium_076,Medium,BranchBoundMRV,1,4,0.006852834,1
medium_076,Medium,BranchBoundMRV,1,5,0.007030000,1
medium_076,Medium,OpenMP,4,1,0.009058952,1
medium_076,Medium,OpenMP,4,2,0.007378101,1
medium_076,Medium,OpenMP,4,3,0.008429050,1
medium_076,Medium,OpenMP,4,4,0.005926847,1
medium_076,Medium,OpenMP,4,5,0.006454945,1
medium_076,Medium,OpenMP,8,1,0.010894060,1
medium_076,Medium,OpenMP,8,2,0.010615110,1
medium_076,Medium,OpenMP,8,3,0.010617971,1
medium_076,Medium,OpenMP,8,4,0.009047985,1
medium_076,Medium,OpenMP,8,5,0.014213085,1
medium_076,Medium,OpenMP,16,1,0.026290894,1
medium_076,Medium,OpenMP,16,2,0.010658026,1
medium_076,Medium,OpenMP,16,3,0.054429054,1
medium_076,Medium,OpenMP,16,4,0.024585962,1
medium_076,Medium,OpenMP,16,5,0.034893036,1
medium_076,Medium,OMP-BranchBoundMRV,4,1,0.007366896,1
medium_076,Medium,OMP-BranchBoundMRV,4,2,0.005501986,1
medium_076,Medium,OMP-BranchBoundMRV,4,3,0.005829811,1
medium_076,Medium,OMP-BranchBoundMRV,4,4,0.005896807,1
medium_076,Medium,OMP-BranchBoundMRV,4,5,0.007584095,1
medium_076,Medium,OMP-BranchBoundMRV,8,1,0.010950089,1
medium_076,Medium,OMP-BranchBoundMRV,8,2,0.015366077,1
medium_076,Medium,OMP-BranchBoundMRV,8,3,0.010590076,1
medium_076,Medium,OMP-BranchBoundMRV,8,4,0.008006096,1
medium_076,Medium,OMP-BranchBoundMRV,8,5,0.006233931,1
medium_076,Medium,OMP-BranchBoundMRV,16,1,0.256321907,1
medium_076,Medium,OMP-BranchBoundMRV,16,2,0.016623020,1
medium_076,Medium,OMP-BranchBoundMRV,16,3,0.109228849,1
medium_076,Medium,OMP-BranchBoundMRV,16,4,0.027904987,1
medium_076,Medium,OMP-BranchBoundMRV,16,5,0.038933992,1
medium_077,Medium,Serial,1,1,0.005656333,1
medium_077,Medium,Serial,1,2,0.039408625,1
medium_077,Medium,Serial,1,3,0.010939333,1
medium_077,Medium,Serial,1,4,0.014429792,1
medium_077,Medium,Serial,1,5,0.006005125,1
medium_077,Medium,Serial-MRV,1,1,0.007330416,1
medium_077,Medium,Serial-MRV,1,2,0.037436917,1
medium_077,Medium,Serial-MRV,1,3,0.014781292,1
medium_077,Medium,Serial-MRV,1,4,0.021590833,1
medium_077,Medium,Serial-MRV,1,5,0.024171500,1
medium_077,Medium,BranchBound,1,1,0.006740166,1
medium_077,Medium,BranchBound,1,2,0.003758750,1
medium_077,Medium,BranchBound,1,3,0.005953375,1
medium_077,Medium,BranchBound,1,4,0.003501666,1
medium_077,Medium,BranchBound,1,5,0.047228458,1
medium_077,Medium,BranchBoundMRV,1,1,0.091324709,1
medium_077,Medium,BranchBoundMRV,1,2,0.033615417,1
medium_077,Medium,BranchBoundMRV,1,3,0.006514542,1
medium_077,Medium,BranchBoundMRV,1,4,0.004728292,1
medium_077,Medium,BranchBoundMRV,1,5,0.012836125,1
medium_077,Medium,OpenMP,4,1,0.008311033,1
medium_077,Medium,OpenMP,4,2,0.006150961,1
medium_077,Medium,OpenMP,4,3,0.004429817,1
medium_077,Medium,OpenMP,4,4,0.003682137,1
medium_077,Medium,OpenMP,4,5,0.003425121,1
medium_077,Medium,OpenMP,8,1,0.012670994,1
medium_077,Medium,OpenMP,8,2,0.008439064,1
medium_077,Medium,OpenMP,8,3,0.032482862,1
medium_077,Medium,OpenMP,8,4,0.005740166,1
medium_077,Medium,OpenMP,8,5,0.068423033,1
medium_077,Medium,OpenMP,16,1,0.048475981,1
medium_077,Medium,OpenMP,16,2,0.045357943,1
medium_077,Medium,OpenMP,16,3,0.016550064,1
medium_077,Medium,OpenMP,16,4,0.032448053,1
medium_077,Medium,OpenMP,16,5,0.050620079,1
medium_077,Medium,OMP-BranchBoundMRV,4,1,0.005723953,1
medium_077,Medium,OMP-BranchBoundMRV,4,2,0.006897926,1
medium_077,Medium,OMP-BranchBoundMRV,4,3,0.005532026,1
medium_077,Medium,OMP-BranchBoundMRV,4,4,0.007456064,1
medium_077,Medium,OMP-BranchBoundMRV,4,5,0.012666225,1
medium_077,Medium,OMP-BranchBoundMRV,8,1,0.011535883,1
medium_077,Medium,OMP-BranchBoundMRV,8,2,0.011008024,1
medium_077,Medium,OMP-BranchBoundMRV,8,3,0.015408039,1
medium_077,Medium,OMP-BranchBoundMRV,8,4,0.004654169,1
medium_077,Medium,OMP-BranchBoundMRV,8,5,0.006547928,1
medium_077,Medium,OMP-BranchBoundMRV,16,1,0.012145996,1
medium_077,Medium,OMP-BranchBoundMRV,16,2,0.043173075,1
medium_077,Medium,OMP-BranchBoundMRV,16,3,0.116950989,1
medium_077,Medium,OMP-BranchBoundMRV,16,4,0.257877111,1
medium_077,Medium,OMP-BranchBoundMRV,16,5,0.009969234,1
medium_078,Medium,Serial,1,1,0.033746834,1
medium_078,Medium,Serial,1,2,0.042793292,1
medium_078,Medium,Serial,1,3,0.033690209,1
medium_078,Medium,Serial,1,4,0.029664959,1
medium_078,Medium,Serial,1,5,0.025622541,1
medium_078,Medium,Serial-MRV,1,1,0.006898625,1
medium_078,Medium,Serial-MRV,1,2,0.008876334,1
medium_078,Medium,Serial-MRV,1,3,0.032999333,1
medium_078,Medium,Serial-MRV,1,4,0.013525000,1
medium_078,Medium,Serial-MRV,1,5,0.029022708,1
medium_078,Medium,BranchBound,1,1,0.042178417,1
medium_078,Medium,BranchBound,1,2,0.043367542,1
medium_078,Medium,BranchBound,1,3,0.036357250,1
medium_078,Medium,BranchBound,1,4,0.057788250,1
medium_078,Medium,BranchBound,1,5,0.028837583,1
medium_078,Medium,BranchBoundMRV,1,1,0.014627834,1
medium_078,Medium,BranchBoundMRV,1,2,0.013635083,1
medium_078,Medium,BranchBoundMRV,1,3,0.013230000,1
medium_078,Medium,BranchBoundMRV,1,4,0.013507084,1
medium_078,Medium,BranchBoundMRV,1,5,0.013587667,1
medium_078,Medium,OpenMP,4,1,0.015429020,1
medium_078,Medium,OpenMP,4,2,0.011955976,1
medium_078,Medium,OpenMP,4,3,0.014261007,1
medium_078,Medium,OpenMP,4,4,0.015091896,1
medium_078,Medium,OpenMP,4,5,0.023907900,1
medium_078,Medium,OpenMP,8,1,0.029572964,1
medium_078,Medium,OpenMP,8,2,0.019528866,1
medium_078,Medium,OpenMP,8,3,0.092982054,1
medium_078,Medium,OpenMP,8,4,0.034399986,1
medium_078,Medium,OpenMP,8,5,0.070827007,1
medium_078,Medium,OpenMP,16,1,0.071868896,1
medium_078,Medium,OpenMP,16,2,0.089684963,1
medium_078,Medium,OpenMP,16,3,0.064630985,1
medium_078,Medium,OpenMP,16,4,0.164414883,1
medium_078,Medium,OpenMP,16,5,0.231382847,1
medium_078,Medium,OMP-BranchBoundMRV,4,1,0.019098997,1
medium_078,Medium,OMP-BranchBoundMRV,4,2,0.061161995,1
medium_078,Medium,OMP-BranchBoundMRV,4,3,0.034904003,1
medium_078,Medium,OMP-BranchBoundMRV,4,4,0.015555143,1
medium_078,Medium,OMP-BranchBoundMRV,4,5,0.014019012,1
medium_078,Medium,OMP-BranchBoundMRV,8,1,0.015950918,1
medium_078,Medium,OMP-BranchBoundMRV,8,2,0.016237020,1
medium_078,Medium,OMP-BranchBoundMRV,8,3,0.012056112,1
medium_078,Medium,OMP-BranchBoundMRV,8,4,0.012060881,1
medium_078,Medium,OMP-BranchBoundMRV,8,5,0.309138060,1
medium_078,Medium,OMP-BranchBoundMRV,16,1,0.023499966,1
medium_078,Medium,OMP-BranchBoundMRV,16,2,0.086063147,1
medium_078,Medium,OMP-BranchBoundMRV,16,3,0.097239017,1
medium_078,Medium,OMP-BranchBoundMRV,16,4,0.024453163,1
medium_078,Medium,OMP-BranchBoundMRV,16,5,0.026893854,1
medium_079,Medium,Serial,1,1,0.015694584,1
medium_079,Medium,Serial,1,2,0.012483083,1
medium_079,Medium,Serial,1,3,0.013042083,1
medium_079,Medium,Serial,1,4,0.013412333,1
medium_079,Medium,Serial,1,5,0.013918583,1
medium_079,Medium,Serial-MRV,1,1,0.007342459,1
medium_079,Medium,Serial-MRV,1,2,0.008201291,1
medium_079,Medium,Serial-MRV,1,3,0.007654458,1
medium_079,Medium,Serial-MRV,1,4,0.008899875,1
medium_079,Medium,Serial-MRV,1,5,0.009081666,1
medium_079,Medium,BranchBound,1,1,0.011719583,1
medium_079,Medium,BranchBound,1,2,0.011549000,1
medium_079,Medium,BranchBound,1,3,0.011351041,1
medium_079,Medium,BranchBound,1,4,0.014049791,1
medium_079,Medium,BranchBound,1,5,0.012200916,1
medium_079,Medium,BranchBoundMRV,1,1,0.014656375,1
medium_079,Medium,BranchBoundMRV,1,2,0.017574834,1
medium_079,Medium,BranchBoundMRV,1,3,0.021406875,1
medium_079,Medium,BranchBoundMRV,1,4,0.023495291,1
medium_079,Medium,BranchBoundMRV,1,5,0.014831125,1
medium_079,Medium,OpenMP,4,1,0.003139973,1
medium_079,Medium,OpenMP,4,2,0.004209995,1
medium_079,Medium,OpenMP,4,3,0.005342960,1
medium_079,Medium,OpenMP,4,4,0.002660990,1
medium_079,Medium,OpenMP,4,5,0.001935005,1
medium_079,Medium,OpenMP,8,1,0.007089853,1
medium_079,Medium,OpenMP,8,2,0.005168915,1
medium_079,Medium,OpenMP,8,3,0.008491039,1
medium_079,Medium,OpenMP,8,4,0.007030964,1
medium_079,Medium,OpenMP,8,5,0.002902985,1
medium_079,Medium,OpenMP,16,1,0.005934000,1
medium_079,Medium,OpenMP,16,2,0.007496119,1
medium_079,Medium,OpenMP,16,3,0.022991180,1
medium_079,Medium,OpenMP,16,4,0.023573875,1
medium_079,Medium,OpenMP,16,5,0.009145021,1
medium_079,Medium,OMP-BranchBoundMRV,4,1,0.001806974,1
medium_079,Medium,OMP-BranchBoundMRV,4,2,0.001188040,1
medium_079,Medium,OMP-BranchBoundMRV,4,3,0.001183987,1
medium_079,Medium,OMP-BranchBoundMRV,4,4,0.001180172,1
medium_079,Medium,OMP-BranchBoundMRV,4,5,0.001174927,1
medium_079,Medium,OMP-BranchBoundMRV,8,1,0.001327991,1
medium_079,Medium,OMP-BranchBoundMRV,8,2,0.005646944,1
medium_079,Medium,OMP-BranchBoundMRV,8,3,0.001709938,1
medium_079,Medium,OMP-BranchBoundMRV,8,4,0.001221895,1
medium_079,Medium,OMP-BranchBoundMRV,8,5,0.002717972,1
medium_079,Medium,OMP-BranchBoundMRV,16,1,0.048395872,1
medium_079,Medium,OMP-BranchBoundMRV,16,2,0.040503025,1
medium_079,Medium,OMP-BranchBoundMRV,16,3,0.018136024,1
medium_079,Medium,OMP-BranchBoundMRV,16,4,0.080142975,1
medium_079,Medium,OMP-BranchBoundMRV,16,5,0.019673109,1
medium_080,Medium,Serial,1,1,0.086168209,1
medium_080,Medium,Serial,1,2,0.043899459,1
medium_080,Medium,Serial,1,3,0.059061375,1
medium_080,Medium,Serial,1,4,0.057820792,1
medium_080,Medium,Serial,1,5,0.054080583,1
medium_080,Medium,Serial-MRV,1,1,0.004953292,1
medium_080,Medium,Serial-MRV,1,2,0.006274250,1
medium_080,Medium,Serial-MRV,1,3,0.005426583,1
medium_080,Medium,Serial-MRV,1,4,0.004190416,1
medium_080,Medium,Serial-MRV,1,5,0.004283000,1
medium_080,Medium,BranchBound,1,1,0.069617416,1
medium_080,Medium,BranchBound,1,2,0.087273959,1
medium_080,Medium,BranchBound,1,3,0.071661250,1
medium_080,Medium,BranchBound,1,4,0.047348917,1
medium_080,Medium,BranchBound,1,5,0.067182750,1
medium_080,Medium,BranchBoundMRV,1,1,0.006098375,1
medium_080,Medium,BranchBoundMRV,1,2,0.007193541,1
medium_080,Medium,BranchBoundMRV,1,3,0.005784292,1
medium_080,Medium,BranchBoundMRV,1,4,0.006518834,1
medium_080,Medium,BranchBoundMRV,1,5,0.006411625,1
medium_080,Medium,OpenMP,4,1,0.001286030,1
medium_080,Medium,OpenMP,4,2,0.001276970,1
medium_080,Medium,OpenMP,4,3,0.000907898,1
medium_080,Medium,OpenMP,4,4,0.001132965,1
medium_080,Medium,OpenMP,4,5,0.001322031,1
medium_080,Medium,OpenMP,8,1,0.007387877,1
medium_080,Medium,OpenMP,8,2,0.007498026,1
medium_080,Medium,OpenMP,8,3,0.002928019,1
medium_080,Medium,OpenMP,8,4,0.003385067,1
medium_080,Medium,OpenMP,8,5,0.010109186,1
medium_080,Medium,OpenMP,16,1,0.017727137,1
medium_080,Medium,OpenMP,16,2,0.013975859,1
medium_080,Medium,OpenMP,16,3,0.014204979,1
medium_080,Medium,OpenMP,16,4,0.019191027,1
medium_080,Medium,OpenMP,16,5,0.019922018,1
medium_080,Medium,OMP-BranchBoundMRV,4,1,0.001173019,1
medium_080,Medium,OMP-BranchBoundMRV,4,2,0.001177073,1
medium_080,Medium,OMP-BranchBoundMRV,4,3,0.001640081,1
medium_080,Medium,OMP-BranchBoundMRV,4,4,0.002715826,1
medium_080,Medium,OMP-BranchBoundMRV,4,5,0.003334999,1
medium_080,Medium,OMP-BranchBoundMRV,8,1,0.014178038,1
medium_080,Medium,OMP-BranchBoundMRV,8,2,0.011138916,1
medium_080,Medium,OMP-BranchBoundMRV,8,3,0.009618044,1
medium_080,Medium,OMP-BranchBoundMRV,8,4,0.006204128,1
medium_080,Medium,OMP-BranchBoundMRV,8,5,0.007090807,1
medium_080,Medium,OMP-BranchBoundMRV,16,1,0.013080835,1
medium_080,Medium,OMP-BranchBoundMRV,16,2,0.012856007,1
medium_080,Medium,OMP-BranchBoundMRV,16,3,0.012269020,1
medium_080,Medium,OMP-BranchBoundMRV,16,4,0.050815105,1
medium_080,Medium,OMP-BranchBoundMRV,16,5,0.026935101,1
medium_081,Medium,Serial,1,1,0.028762292,1
medium_081,Medium,Serial,1,2,0.031952958,1
medium_081,Medium,Serial,1,3,0.018294125,1
medium_081,Medium,Serial,1,4,0.014094666,1
medium_081,Medium,Serial,1,5,0.012627250,1
medium_081,Medium,Serial-MRV,1,1,0.006681625,1
medium_081,Medium,Serial-MRV,1,2,0.006466500,1
medium_081,Medium,Serial-MRV,1,3,0.008065792,1
medium_081,Medium,Serial-MRV,1,4,0.006470541,1
medium_081,Medium,Serial-MRV,1,5,0.007168292,1
medium_081,Medium,BranchBound,1,1,0.012500084,1
medium_081,Medium,BranchBound,1,2,0.011308000,1
medium_081,Medium,BranchBound,1,3,0.015190416,1
medium_081,Medium,BranchBound,1,4,0.010519125,1
medium_081,Medium,BranchBound,1,5,0.010289084,1
medium_081,Medium,BranchBoundMRV,1,1,0.009422917,1
medium_081,Medium,BranchBoundMRV,1,2,0.010462875,1
medium_081,Medium,BranchBoundMRV,1,3,0.010882875,1
medium_081,Medium,BranchBoundMRV,1,4,0.008616042,1
medium_081,Medium,BranchBoundMRV,1,5,0.008692000,1
medium_081,Medium,OpenMP,4,1,0.006873131,1
medium_081,Medium,OpenMP,4,2,0.007220030,1
medium_081,Medium,OpenMP,4,3,0.006485939,1
medium_081,Medium,OpenMP,4,4,0.007400990,1
medium_081,Medium,OpenMP,4,5,0.006577969,1
medium_081,Medium,OpenMP,8,1,0.011619091,1
medium_081,Medium,OpenMP,8,2,0.006488085,1
medium_081,Medium,OpenMP,8,3,0.010604143,1
medium_081,Medium,OpenMP,8,4,0.007467031,1
medium_081,Medium,OpenMP,8,5,0.010030985,1
medium_081,Medium,OpenMP,16,1,0.027852058,1
medium_081,Medium,OpenMP,16,2,0.012795925,1
medium_081,Medium,OpenMP,16,3,0.032776833,1
medium_081,Medium,OpenMP,16,4,0.009566069,1
medium_081,Medium,OpenMP,16,5,0.047510147,1
medium_081,Medium,OMP-BranchBoundMRV,4,1,0.009427071,1
medium_081,Medium,OMP-BranchBoundMRV,4,2,0.009773016,1
medium_081,Medium,OMP-BranchBoundMRV,4,3,0.009346962,1
medium_081,Medium,OMP-BranchBoundMRV,4,4,0.009645939,1
medium_081,Medium,OMP-BranchBoundMRV,4,5,0.009670973,1
medium_081,Medium,OMP-BranchBoundMRV,8,1,0.016194105,1
medium_081,Medium,OMP-BranchBoundMRV,8,2,0.015652180,1
medium_081,Medium,OMP-BranchBoundMRV,8,3,0.011579990,1
medium_081,Medium,OMP-BranchBoundMRV,8,4,0.011664867,1
medium_081,Medium,OMP-BranchBoundMRV,8,5,0.016422033,1
medium_081,Medium,OMP-BranchBoundMRV,16,1,0.026456833,1
medium_081,Medium,OMP-BranchBoundMRV,16,2,0.043428898,1
medium_081,Medium,OMP-BranchBoundMRV,16,3,0.041287899,1
medium_081,Medium,OMP-BranchBoundMRV,16,4,0.057229996,1
medium_081,Medium,OMP-BranchBoundMRV,16,5,0.019513845,1
medium_082,Medium,Serial,1,1,0.002681084,1
medium_082,Medium,Serial,1,2,0.002646291,1
medium_082,Medium,Serial,1,3,0.002664250,1
medium_082,Medium,Serial,1,4,0.002638583,1
medium_082,Medium,Serial,1,5,0.002798042,1
medium_082,Medium,Serial-MRV,1,1,0.009608667,1
medium_082,Medium,Serial-MRV,1,2,0.009602708,1
medium_082,Medium,Serial-MRV,1,3,0.010109083,1
medium_082,Medium,Serial-MRV,1,4,0.012210750,1
medium_082,Medium,Serial-MRV,1,5,0.010742417,1
medium_082,Medium,BranchBound,1,1,0.004135208,1
medium_082,Medium,BranchBound,1,2,0.002561709,1
medium_082,Medium,BranchBound,1,3,0.002669250,1
medium_082,Medium,BranchBound,1,4,0.002528125,1
medium_082,Medium,BranchBound,1,5,0.002515917,1
medium_082,Medium,BranchBoundMRV,1,1,0.012436625,1
medium_082,Medium,BranchBoundMRV,1,2,0.012789542,1
medium_082,Medium,BranchBoundMRV,1,3,0.011985333,1
medium_082,Medium,BranchBoundMRV,1,4,0.011607041,1
medium_082,Medium,BranchBoundMRV,1,5,0.011114042,1
medium_082,Medium,OpenMP,4,1,0.002257109,1
medium_082,Medium,OpenMP,4,2,0.002543211,1
medium_082,Medium,OpenMP,4,3,0.002172947,1
medium_082,Medium,OpenMP,4,4,0.002157927,1
medium_082,Medium,OpenMP,4,5,0.002161026,1
medium_082,Medium,OpenMP,8,1,0.002249002,1
medium_082,Medium,OpenMP,8,2,0.005030870,1
medium_082,Medium,OpenMP,8,3,0.002305031,1
medium_082,Medium,OpenMP,8,4,0.002187967,1
medium_082,Medium,OpenMP,8,5,0.011966944,1
medium_082,Medium,OpenMP,16,1,0.012115002,1
medium_082,Medium,OpenMP,16,2,0.009425879,1
medium_082,Medium,OpenMP,16,3,0.005941868,1
medium_082,Medium,OpenMP,16,4,0.013876915,1
medium_082,Medium,OpenMP,16,5,0.008862019,1
medium_082,Medium,OMP-BranchBoundMRV,4,1,0.002882004,1
medium_082,Medium,OMP-BranchBoundMRV,4,2,0.002892017,1
medium_082,Medium,OMP-BranchBoundMRV,4,3,0.002858877,1
medium_082,Medium,OMP-BranchBoundMRV,4,4,0.002864122,1
medium_082,Medium,OMP-BranchBoundMRV,4,5,0.003196955,1
medium_082,Medium,OMP-BranchBoundMRV,8,1,0.006731987,1
medium_082,Medium,OMP-BranchBoundMRV,8,2,0.002874136,1
medium_082,Medium,OMP-BranchBoundMRV,8,3,0.002925158,1
medium_082,Medium,OMP-BranchBoundMRV,8,4,0.002998114,1
medium_082,Medium,OMP-BranchBoundMRV,8,5,0.007044077,1
medium_082,Medium,OMP-BranchBoundMRV,16,1,0.045052052,1
medium_082,Medium,OMP-BranchBoundMRV,16,2,0.031290054,1
medium_082,Medium,OMP-BranchBoundMRV,16,3,0.014659166,1
medium_082,Medium,OMP-BranchBoundMRV,16,4,0.034372807,1
medium_082,Medium,OMP-BranchBoundMRV,16,5,0.011060953,1
medium_083,Medium,Serial,1,1,0.001920666,1
medium_083,Medium,Serial,1,2,0.001908209,1
medium_083,Medium,Serial,1,3,0.002911750,1
medium_083,Medium,Serial,1,4,0.001936417,1
medium_083,Medium,Serial,1,5,0.001893291,1
medium_083,Medium,Serial-MRV,1,1,0.003806417,1
medium_083,Medium,Serial-MRV,1,2,0.003786541,1
medium_083,Medium,Serial-MRV,1,3,0.003842250,1
medium_083,Medium,Serial-MRV,1,4,0.003978709,1
medium_083,Medium,Serial-MRV,1,5,0.003791583,1
medium_083,Medium,BranchBound,1,1,0.001606792,1
medium_083,Medium,BranchBound,1,2,0.001631667,1
medium_083,Medium,BranchBound,1,3,0.001645833,1
medium_083,Medium,BranchBound,1,4,0.001615625,1
medium_083,Medium,BranchBound,1,5,0.001590708,1
medium_083,Medium,BranchBoundMRV,1,1,0.005079333,1
medium_083,Medium,BranchBoundMRV,1,2,0.005421083,1
medium_083,Medium,BranchBoundMRV,1,3,0.005521292,1
medium_083,Medium,BranchBoundMRV,1,4,0.005377666,1
medium_083,Medium,BranchBoundMRV,1,5,0.004992708,1
medium_083,Medium,OpenMP,4,1,0.001342058,1
medium_083,Medium,OpenMP,4,2,0.001320124,1
medium_083,Medium,OpenMP,4,3,0.001317024,1
medium_083,Medium,OpenMP,4,4,0.001374960,1
medium_083,Medium,OpenMP,4,5,0.001326084,1
medium_083,Medium,OpenMP,8,1,0.002334833,1
medium_083,Medium,OpenMP,8,2,0.003031015,1
medium_083,Medium,OpenMP,8,3,0.001365900,1
medium_083,Medium,OpenMP,8,4,0.003130913,1
medium_083,Medium,OpenMP,8,5,0.003137112,1
medium_083,Medium,OpenMP,16,1,0.013173103,1
medium_083,Medium,OpenMP,16,2,0.023342848,1
medium_083,Medium,OpenMP,16,3,0.026564837,1
medium_083,Medium,OpenMP,16,4,0.010452986,1
medium_083,Medium,OpenMP,16,5,0.011627197,1
medium_083,Medium,OMP-BranchBoundMRV,4,1,0.001949072,1
medium_083,Medium,OMP-BranchBoundMRV,4,2,0.001961946,1
medium_083,Medium,OMP-BranchBoundMRV,4,3,0.004483938,1
medium_083,Medium,OMP-BranchBoundMRV,4,4,0.002001047,1
medium_083,Medium,OMP-BranchBoundMRV,4,5,0.001908064,1
medium_083,Medium,OMP-BranchBoundMRV,8,1,0.006896019,1
medium_083,Medium,OMP-BranchBoundMRV,8,2,0.012607098,1
medium_083,Medium,OMP-BranchBoundMRV,8,3,0.006055117,1
medium_083,Medium,OMP-BranchBoundMRV,8,4,0.010217190,1
medium_083,Medium,OMP-BranchBoundMRV,8,5,0.002728939,1
medium_083,Medium,OMP-BranchBoundMRV,16,1,0.006687880,1
medium_083,Medium,OMP-BranchBoundMRV,16,2,0.004462957,1
medium_083,Medium,OMP-BranchBoundMRV,16,3,0.015215874,1
medium_083,Medium,OMP-BranchBoundMRV,16,4,0.006958008,1
medium_083,Medium,OMP-BranchBoundMRV,16,5,0.021758080,1
medium_084,Medium,Serial,1,1,0.016006208,1
medium_084,Medium,Serial,1,2,0.015423209,1
medium_084,Medium,Serial,1,3,0.015330958,1
medium_084,Medium,Serial,1,4,0.014929375,1
medium_084,Medium,Serial,1,5,0.014877125,1
medium_084,Medium,Serial-MRV,1,1,0.011914875,1
medium_084,Medium,Serial-MRV,1,2,0.011980250,1
medium_084,Medium,Serial-MRV,1,3,0.012105292,1
medium_084,Medium,Serial-MRV,1,4,0.012003792,1
medium_084,Medium,Serial-MRV,1,5,0.012153125,1
medium_084,Medium,BranchBound,1,1,0.013108209,1
medium_084,Medium,BranchBound,1,2,0.013608125,1
medium_084,Medium,BranchBound,1,3,0.013516167,1
medium_084,Medium,BranchBound,1,4,0.013324209,1
medium_084,Medium,BranchBound,1,5,0.013440458,1
medium_084,Medium,BranchBoundMRV,1,1,0.016384542,1
medium_084,Medium,BranchBoundMRV,1,2,0.016417917,1
medium_084,Medium,BranchBoundMRV,1,3,0.016257125,1
medium_084,Medium,BranchBoundMRV,1,4,0.017302042,1
medium_084,Medium,BranchBoundMRV,1,5,0.017495792,1
medium_084,Medium,OpenMP,4,1,0.008085012,1
medium_084,Medium,OpenMP,4,2,0.008136988,1
medium_084,Medium,OpenMP,4,3,0.008049011,1
medium_084,Medium,OpenMP,4,4,0.008280993,1
medium_084,Medium,OpenMP,4,5,0.008040905,1
medium_084,Medium,OpenMP,8,1,0.009217978,1
medium_084,Medium,OpenMP,8,2,0.008100986,1
medium_084,Medium,OpenMP,8,3,0.008043051,1
medium_084,Medium,OpenMP,8,4,0.014914036,1
medium_084,Medium,OpenMP,8,5,0.008052111,1
medium_084,Medium,OpenMP,16,1,0.036246061,1
medium_084,Medium,OpenMP,16,2,0.019968987,1
medium_084,Medium,OpenMP,16,3,0.028991938,1
medium_084,Medium,OpenMP,16,4,0.032532930,1
medium_084,Medium,OpenMP,16,5,0.033761978,1
medium_084,Medium,OMP-BranchBoundMRV,4,1,0.011065006,1
medium_084,Medium,OMP-BranchBoundMRV,4,2,0.010931015,1
medium_084,Medium,OMP-BranchBoundMRV,4,3,0.010699987,1
medium_084,Medium,OMP-BranchBoundMRV,4,4,0.010833979,1
medium_084,Medium,OMP-BranchBoundMRV,4,5,0.010646105,1
medium_084,Medium,OMP-BranchBoundMRV,8,1,0.011058807,1
medium_084,Medium,OMP-BranchBoundMRV,8,2,0.016930103,1
medium_084,Medium,OMP-BranchBoundMRV,8,3,0.010601997,1
medium_084,Medium,OMP-BranchBoundMRV,8,4,0.024076939,1
medium_084,Medium,OMP-BranchBoundMRV,8,5,0.019546032,1
medium_084,Medium,OMP-BranchBoundMRV,16,1,0.082281828,1
medium_084,Medium,OMP-BranchBoundMRV,16,2,0.057059050,1
medium_084,Medium,OMP-BranchBoundMRV,16,3,0.073315859,1
medium_084,Medium,OMP-BranchBoundMRV,16,4,0.041579962,1
medium_084,Medium,OMP-BranchBoundMRV,16,5,0.024681091,1
medium_085,Medium,Serial,1,1,0.006360625,1
medium_085,Medium,Serial,1,2,0.006387042,1
medium_085,Medium,Serial,1,3,0.006367625,1
medium_085,Medium,Serial,1,4,0.006436083,1
medium_085,Medium,Serial,1,5,0.006348000,1
medium_085,Medium,Serial-MRV,1,1,0.004109625,1
medium_085,Medium,Serial-MRV,1,2,0.004053000,1
medium_085,Medium,Serial-MRV,1,3,0.004061000,1
medium_085,Medium,Serial-MRV,1,4,0.004165250,1
medium_085,Medium,Serial-MRV,1,5,0.004059042,1
medium_085,Medium,BranchBound,1,1,0.005585833,1
medium_085,Medium,BranchBound,1,2,0.005569500,1
medium_085,Medium,BranchBound,1,3,0.005648541,1
medium_085,Medium,BranchBound,1,4,0.005519625,1
medium_085,Medium,BranchBound,1,5,0.005526792,1
medium_085,Medium,BranchBoundMRV,1,1,0.005304125,1
medium_085,Medium,BranchBoundMRV,1,2,0.005279125,1
medium_085,Medium,BranchBoundMRV,1,3,0.005350000,1
medium_085,Medium,BranchBoundMRV,1,4,0.005289167,1
medium_085,Medium,BranchBoundMRV,1,5,0.005313209,1
medium_085,Medium,OpenMP,4,1,0.002710104,1
medium_085,Medium,OpenMP,4,2,0.002690077,1
medium_085,Medium,OpenMP,4,3,0.002680063,1
medium_085,Medium,OpenMP,4,4,0.002685070,1
medium_085,Medium,OpenMP,4,5,0.002678871,1
medium_085,Medium,OpenMP,8,1,0.002701044,1
medium_085,Medium,OpenMP,8,2,0.002733946,1
medium_085,Medium,OpenMP,8,3,0.002712011,1
medium_085,Medium,OpenMP,8,4,0.002754927,1
medium_085,Medium,OpenMP,8,5,0.002694845,1
medium_085,Medium,OpenMP,16,1,0.019494057,1
medium_085,Medium,OpenMP,16,2,0.060626030,1
medium_085,Medium,OpenMP,16,3,0.033216000,1
medium_085,Medium,OpenMP,16,4,0.016357183,1
medium_085,Medium,OpenMP,16,5,0.012425900,1
medium_085,Medium,OMP-BranchBoundMRV,4,1,0.003582001,1
medium_085,Medium,OMP-BranchBoundMRV,4,2,0.003675938,1
medium_085,Medium,OMP-BranchBoundMRV,4,3,0.003760099,1
medium_085,Medium,OMP-BranchBoundMRV,4,4,0.003555059,1
medium_085,Medium,OMP-BranchBoundMRV,4,5,0.003575802,1
medium_085,Medium,OMP-BranchBoundMRV,8,1,0.006499052,1
medium_085,Medium,OMP-BranchBoundMRV,8,2,0.006779194,1
medium_085,Medium,OMP-BranchBoundMRV,8,3,0.003938913,1
medium_085,Medium,OMP-BranchBoundMRV,8,4,0.003889084,1
medium_085,Medium,OMP-BranchBoundMRV,8,5,0.010709047,1
medium_085,Medium,OMP-BranchBoundMRV,16,1,0.043626070,1
medium_085,Medium,OMP-BranchBoundMRV,16,2,0.051620960,1
medium_085,Medium,OMP-BranchBoundMRV,16,3,0.034427166,1
medium_085,Medium,OMP-BranchBoundMRV,16,4,0.040816784,1
medium_085,Medium,OMP-BranchBoundMRV,16,5,0.019859791,1
medium_086,Medium,Serial,1,1,0.001986083,1
medium_086,Medium,Serial,1,2,0.002193500,1
medium_086,Medium,Serial,1,3,0.001997667,1
medium_086,Medium,Serial,1,4,0.002098458,1
medium_086,Medium,Serial,1,5,0.001981959,1
medium_086,Medium,Serial-MRV,1,1,0.009651917,1
medium_086,Medium,Serial-MRV,1,2,0.009423250,1
medium_086,Medium,Serial-MRV,1,3,0.009458250,1
medium_086,Medium,Serial-MRV,1,4,0.009387291,1
medium_086,Medium,Serial-MRV,1,5,0.011625458,1
medium_086,Medium,BranchBound,1,1,0.001963458,1
medium_086,Medium,BranchBound,1,2,0.001804125,1
medium_086,Medium,BranchBound,1,3,0.001827791,1
medium_086,Medium,BranchBound,1,4,0.001773959,1
medium_086,Medium,BranchBound,1,5,0.001842875,1
medium_086,Medium,BranchBoundMRV,1,1,0.011426125,1
medium_086,Medium,BranchBoundMRV,1,2,0.014084000,1
medium_086,Medium,BranchBoundMRV,1,3,0.011325333,1
medium_086,Medium,BranchBoundMRV,1,4,0.011727583,1
medium_086,Medium,BranchBoundMRV,1,5,0.011341416,1
medium_086,Medium,OpenMP,4,1,0.009701014,1
medium_086,Medium,OpenMP,4,2,0.009649038,1
medium_086,Medium,OpenMP,4,3,0.009649992,1
medium_086,Medium,OpenMP,4,4,0.009701014,1
medium_086,Medium,OpenMP,4,5,0.009503841,1
medium_086,Medium,OpenMP,8,1,0.010125160,1
medium_086,Medium,OpenMP,8,2,0.009512901,1
medium_086,Medium,OpenMP,8,3,0.015424013,1
medium_086,Medium,OpenMP,8,4,0.017894030,1
medium_086,Medium,OpenMP,8,5,0.014020920,1
medium_086,Medium,OpenMP,16,1,0.020836115,1
medium_086,Medium,OpenMP,16,2,0.016546965,1
medium_086,Medium,OpenMP,16,3,0.043659925,1
medium_086,Medium,OpenMP,16,4,0.029742002,1
medium_086,Medium,OpenMP,16,5,0.026291847,1
medium_086,Medium,OMP-BranchBoundMRV,4,1,0.011965990,1
medium_086,Medium,OMP-BranchBoundMRV,4,2,0.011929989,1
medium_086,Medium,OMP-BranchBoundMRV,4,3,0.012071133,1
medium_086,Medium,OMP-BranchBoundMRV,4,4,0.016258001,1
medium_086,Medium,OMP-BranchBoundMRV,4,5,0.013485909,1
medium_086,Medium,OMP-BranchBoundMRV,8,1,0.018452883,1
medium_086,Medium,OMP-BranchBoundMRV,8,2,0.015432835,1
medium_086,Medium,OMP-BranchBoundMRV,8,3,0.015776157,1
medium_086,Medium,OMP-BranchBoundMRV,8,4,0.027516127,1
medium_086,Medium,OMP-BranchBoundMRV,8,5,0.030282021,1
medium_086,Medium,OMP-BranchBoundMRV,16,1,0.145548105,1
medium_086,Medium,OMP-BranchBoundMRV,16,2,0.049773932,1
medium_086,Medium,OMP-BranchBoundMRV,16,3,0.105988979,1
medium_086,Medium,OMP-BranchBoundMRV,16,4,0.060748100,1
medium_086,Medium,OMP-BranchBoundMRV,16,5,0.047695875,1
medium_087,Medium,Serial,1,1,0.017332834,1
medium_087,Medium,Serial,1,2,0.021717542,1
medium_087,Medium,Serial,1,3,0.015522792,1
medium_087,Medium,Serial,1,4,0.021570209,1
medium_087,Medium,Serial,1,5,0.022897417,1
medium_087,Medium,Serial-MRV,1,1,0.010618834,1
medium_087,Medium,Serial-MRV,1,2,0.006515500,1
medium_087,Medium,Serial-MRV,1,3,0.008477291,1
medium_087,Medium,Serial-MRV,1,4,0.011944792,1
medium_087,Medium,Serial-MRV,1,5,0.007232708,1
medium_087,Medium,BranchBound,1,1,0.009713416,1
medium_087,Medium,BranchBound,1,2,0.009773833,1
medium_087,Medium,BranchBound,1,3,0.009114583,1
medium_087,Medium,BranchBound,1,4,0.009661666,1
medium_087,Medium,BranchBound,1,5,0.008960833,1
medium_087,Medium,BranchBoundMRV,1,1,0.006621791,1
medium_087,Medium,BranchBoundMRV,1,2,0.006706583,1
medium_087,Medium,BranchBoundMRV,1,3,0.007139458,1
medium_087,Medium,BranchBoundMRV,1,4,0.006846000,1
medium_087,Medium,BranchBoundMRV,1,5,0.007061583,1
medium_087,Medium,OpenMP,4,1,0.005779028,1
medium_087,Medium,OpenMP,4,2,0.005751848,1
medium_087,Medium,OpenMP,4,3,0.006098032,1
medium_087,Medium,OpenMP,4,4,0.005707026,1
medium_087,Medium,OpenMP,4,5,0.006015062,1
medium_087,Medium,OpenMP,8,1,0.008666039,1
medium_087,Medium,OpenMP,8,2,0.012804985,1
medium_087,Medium,OpenMP,8,3,0.010903835,1
medium_087,Medium,OpenMP,8,4,0.013231993,1
medium_087,Medium,OpenMP,8,5,0.005826950,1
medium_087,Medium,OpenMP,16,1,0.022406816,1
medium_087,Medium,OpenMP,16,2,0.020585060,1
medium_087,Medium,OpenMP,16,3,0.042672157,1
medium_087,Medium,OpenMP,16,4,0.078060150,1
medium_087,Medium,OpenMP,16,5,0.009745836,1
medium_087,Medium,OMP-BranchBoundMRV,4,1,0.007254839,1
medium_087,Medium,OMP-BranchBoundMRV,4,2,0.007592916,1
medium_087,Medium,OMP-BranchBoundMRV,4,3,0.007426023,1
medium_087,Medium,OMP-BranchBoundMRV,4,4,0.007394075,1
medium_087,Medium,OMP-BranchBoundMRV,4,5,0.007658005,1
medium_087,Medium,OMP-BranchBoundMRV,8,1,0.013009071,1
medium_087,Medium,OMP-BranchBoundMRV,8,2,0.007194042,1
medium_087,Medium,OMP-BranchBoundMRV,8,3,0.013878822,1
medium_087,Medium,OMP-BranchBoundMRV,8,4,0.009590864,1
medium_087,Medium,OMP-BranchBoundMRV,8,5,0.013926983,1
medium_087,Medium,OMP-BranchBoundMRV,16,1,0.012675047,1
medium_087,Medium,OMP-BranchBoundMRV,16,2,0.023792028,1
medium_087,Medium,OMP-BranchBoundMRV,16,3,0.013860941,1
medium_087,Medium,OMP-BranchBoundMRV,16,4,0.058688879,1
medium_087,Medium,OMP-BranchBoundMRV,16,5,0.026969910,1
medium_088,Medium,Serial,1,1,0.013193250,1
medium_088,Medium,Serial,1,2,0.011021833,1
medium_088,Medium,Serial,1,3,0.011031250,1
medium_088,Medium,Serial,1,4,0.010990791,1
medium_088,Medium,Serial,1,5,0.010734833,1
medium_088,Medium,Serial-MRV,1,1,0.008539584,1
medium_088,Medium,Serial-MRV,1,2,0.008593375,1
medium_088,Medium,Serial-MRV,1,3,0.009624916,1
medium_088,Medium,Serial-MRV,1,4,0.008249375,1
medium_088,Medium,Serial-MRV,1,5,0.008343208,1
medium_088,Medium,BranchBound,1,1,0.009692708,1
medium_088,Medium,BranchBound,1,2,0.009779625,1
medium_088,Medium,BranchBound,1,3,0.009784959,1
medium_088,Medium,BranchBound,1,4,0.009648709,1
medium_088,Medium,BranchBound,1,5,0.009801959,1
medium_088,Medium,BranchBoundMRV,1,1,0.012383000,1
medium_088,Medium,BranchBoundMRV,1,2,0.011510208,1
medium_088,Medium,BranchBoundMRV,1,3,0.011467041,1
medium_088,Medium,BranchBoundMRV,1,4,0.011415333,1
medium_088,Medium,BranchBoundMRV,1,5,0.011825708,1
medium_088,Medium,OpenMP,4,1,0.004338980,1
medium_088,Medium,OpenMP,4,2,0.004343033,1
medium_088,Medium,OpenMP,4,3,0.004559994,1
medium_088,Medium,OpenMP,4,4,0.004312038,1
medium_088,Medium,OpenMP,4,5,0.004549980,1
medium_088,Medium,OpenMP,8,1,0.011029005,1
medium_088,Medium,OpenMP,8,2,0.012640953,1
medium_088,Medium,OpenMP,8,3,0.010277033,1
medium_088,Medium,OpenMP,8,4,0.010632992,1
medium_088,Medium,OpenMP,8,5,0.013537169,1
medium_088,Medium,OpenMP,16,1,0.043140888,1
medium_088,Medium,OpenMP,16,2,0.022551060,1
medium_088,Medium,OpenMP,16,3,0.027908087,1
medium_088,Medium,OpenMP,16,4,0.033851147,1
medium_088,Medium,OpenMP,16,5,0.025297880,1
medium_088,Medium,OMP-BranchBoundMRV,4,1,0.005625010,1
medium_088,Medium,OMP-BranchBoundMRV,4,2,0.005578041,1
medium_088,Medium,OMP-BranchBoundMRV,4,3,0.005678892,1
medium_088,Medium,OMP-BranchBoundMRV,4,4,0.005568027,1
medium_088,Medium,OMP-BranchBoundMRV,4,5,0.005974054,1
medium_088,Medium,OMP-BranchBoundMRV,8,1,0.012960911,1
medium_088,Medium,OMP-BranchBoundMRV,8,2,0.008167028,1
medium_088,Medium,OMP-BranchBoundMRV,8,3,0.007551908,1
medium_088,Medium,OMP-BranchBoundMRV,8,4,0.007149935,1
medium_088,Medium,OMP-BranchBoundMRV,8,5,0.009389877,1
medium_088,Medium,OMP-BranchBoundMRV,16,1,0.032243967,1
medium_088,Medium,OMP-BranchBoundMRV,16,2,0.058659077,1
medium_088,Medium,OMP-BranchBoundMRV,16,3,0.045509815,1
medium_088,Medium,OMP-BranchBoundMRV,16,4,0.017491102,1
medium_088,Medium,OMP-BranchBoundMRV,16,5,0.010873079,1
medium_089,Medium,Serial,1,1,0.001487500,1
medium_089,Medium,Serial,1,2,0.001426666,1
medium_089,Medium,Serial,1,3,0.001524250,1
medium_089,Medium,Serial,1,4,0.001480542,1
medium_089,Medium,Serial,1,5,0.001456125,1
medium_089,Medium,Serial-MRV,1,1,0.010002917,1
medium_089,Medium,Serial-MRV,1,2,0.009914250,1
medium_089,Medium,Serial-MRV,1,3,0.010038917,1
medium_089,Medium,Serial-MRV,1,4,0.009630667,1
medium_089,Medium,Serial-MRV,1,5,0.009831459,1
medium_089,Medium,BranchBound,1,1,0.001385666,1
medium_089,Medium,BranchBound,1,2,0.001363083,1
medium_089,Medium,BranchBound,1,3,0.001371458,1
medium_089,Medium,BranchBound,1,4,0.001344959,1
medium_089,Medium,BranchBound,1,5,0.001339084,1
medium_089,Medium,BranchBoundMRV,1,1,0.011505708,1
medium_089,Medium,BranchBoundMRV,1,2,0.011159791,1
medium_089,Medium,BranchBoundMRV,1,3,0.011101875,1
medium_089,Medium,BranchBoundMRV,1,4,0.011240292,1
medium_089,Medium,BranchBoundMRV,1,5,0.011219708,1
medium_089,Medium,OpenMP,4,1,0.007804155,1
medium_089,Medium,OpenMP,4,2,0.011887074,1
medium_089,Medium,OpenMP,4,3,0.007833958,1
medium_089,Medium,OpenMP,4,4,0.008460045,1
medium_089,Medium,OpenMP,4,5,0.007827997,1
medium_089,Medium,OpenMP,8,1,0.007869005,1
medium_089,Medium,OpenMP,8,2,0.013594151,1
medium_089,Medium,OpenMP,8,3,0.007874966,1
medium_089,Medium,OpenMP,8,4,0.008256912,1
medium_089,Medium,OpenMP,8,5,0.017068863,1
medium_089,Medium,OpenMP,16,1,0.012972832,1
medium_089,Medium,OpenMP,16,2,0.037055969,1
medium_089,Medium,OpenMP,16,3,0.019481182,1
medium_089,Medium,OpenMP,16,4,0.092886925,1
medium_089,Medium,OpenMP,16,5,0.029608011,1
medium_089,Medium,OMP-BranchBoundMRV,4,1,0.009425879,1
medium_089,Medium,OMP-BranchBoundMRV,4,2,0.010792017,1
medium_089,Medium,OMP-BranchBoundMRV,4,3,0.010040998,1
medium_089,Medium,OMP-BranchBoundMRV,4,4,0.009477139,1
medium_089,Medium,OMP-BranchBoundMRV,4,5,0.010046005,1
medium_089,Medium,OMP-BranchBoundMRV,8,1,0.010694981,1
medium_089,Medium,OMP-BranchBoundMRV,8,2,0.022861004,1
medium_089,Medium,OMP-BranchBoundMRV,8,3,0.014008045,1
medium_089,Medium,OMP-BranchBoundMRV,8,4,0.013503075,1
medium_089,Medium,OMP-BranchBoundMRV,8,5,0.010600805,1
medium_089,Medium,OMP-BranchBoundMRV,16,1,0.039136887,1
medium_089,Medium,OMP-BranchBoundMRV,16,2,0.027338028,1
medium_089,Medium,OMP-BranchBoundMRV,16,3,0.086535931,1
medium_089,Medium,OMP-BranchBoundMRV,16,4,0.030023813,1
medium_089,Medium,OMP-BranchBoundMRV,16,5,0.028761148,1
medium_090,Medium,Serial,1,1,0.003901916,1
medium_090,Medium,Serial,1,2,0.003882792,1
medium_090,Medium,Serial,1,3,0.003763500,1
medium_090,Medium,Serial,1,4,0.003615708,1
medium_090,Medium,Serial,1,5,0.003564875,1
medium_090,Medium,Serial-MRV,1,1,0.007585125,1
medium_090,Medium,Serial-MRV,1,2,0.007270666,1
medium_090,Medium,Serial-MRV,1,3,0.007336208,1
medium_090,Medium,Serial-MRV,1,4,0.007230583,1
medium_090,Medium,Serial-MRV,1,5,0.007207959,1
medium_090,Medium,BranchBound,1,1,0.003210500,1
medium_090,Medium,BranchBound,1,2,0.003335125,1
medium_090,Medium,BranchBound,1,3,0.003202000,1
medium_090,Medium,BranchBound,1,4,0.003188375,1
medium_090,Medium,BranchBound,1,5,0.003206500,1
medium_090,Medium,BranchBoundMRV,1,1,0.009826042,1
medium_090,Medium,BranchBoundMRV,1,2,0.009912666,1
medium_090,Medium,BranchBoundMRV,1,3,0.009760750,1
medium_090,Medium,BranchBoundMRV,1,4,0.009795750,1
medium_090,Medium,BranchBoundMRV,1,5,0.009807625,1
medium_090,Medium,OpenMP,4,1,0.000909090,1
medium_090,Medium,OpenMP,4,2,0.000884056,1
medium_090,Medium,OpenMP,4,3,0.000885963,1
medium_090,Medium,OpenMP,4,4,0.000885963,1
medium_090,Medium,OpenMP,4,5,0.000887156,1
medium_090,Medium,OpenMP,8,1,0.002011061,1
medium_090,Medium,OpenMP,8,2,0.002007008,1
medium_090,Medium,OpenMP,8,3,0.000931978,1
medium_090,Medium,OpenMP,8,4,0.001956940,1
medium_090,Medium,OpenMP,8,5,0.000906944,1
medium_090,Medium,OpenMP,16,1,0.017179012,1
medium_090,Medium,OpenMP,16,2,0.022760153,1
medium_090,Medium,OpenMP,16,3,0.009876966,1
medium_090,Medium,OpenMP,16,4,0.024705887,1
medium_090,Medium,OpenMP,16,5,0.006565094,1
medium_090,Medium,OMP-BranchBoundMRV,4,1,0.001483917,1
medium_090,Medium,OMP-BranchBoundMRV,4,2,0.001312017,1
medium_090,Medium,OMP-BranchBoundMRV,4,3,0.001229048,1
medium_090,Medium,OMP-BranchBoundMRV,4,4,0.001415014,1
medium_090,Medium,OMP-BranchBoundMRV,4,5,0.001302004,1
medium_090,Medium,OMP-BranchBoundMRV,8,1,0.006279945,1
medium_090,Medium,OMP-BranchBoundMRV,8,2,0.003149986,1
medium_090,Medium,OMP-BranchBoundMRV,8,3,0.001883030,1
medium_090,Medium,OMP-BranchBoundMRV,8,4,0.001437187,1
medium_090,Medium,OMP-BranchBoundMRV,8,5,0.002537012,1
medium_090,Medium,OMP-BranchBoundMRV,16,1,0.032776117,1
medium_090,Medium,OMP-BranchBoundMRV,16,2,0.010977983,1
medium_090,Medium,OMP-BranchBoundMRV,16,3,0.016895056,1
medium_090,Medium,OMP-BranchBoundMRV,16,4,0.023676157,1
medium_090,Medium,OMP-BranchBoundMRV,16,5,0.007831097,1
medium_091,Medium,Serial,1,1,0.001020458,1
medium_091,Medium,Serial,1,2,0.000975750,1
medium_091,Medium,Serial,1,3,0.000991542,1
medium_091,Medium,Serial,1,4,0.000975167,1
medium_091,Medium,Serial,1,5,0.001008667,1
medium_091,Medium,Serial-MRV,1,1,0.003447917,1
medium_091,Medium,Serial-MRV,1,2,0.003426750,1
medium_091,Medium,Serial-MRV,1,3,0.003447500,1
medium_091,Medium,Serial-MRV,1,4,0.003468792,1
medium_091,Medium,Serial-MRV,1,5,0.003554625,1
medium_091,Medium,BranchBound,1,1,0.000904875,1
medium_091,Medium,BranchBound,1,2,0.000894084,1
medium_091,Medium,BranchBound,1,3,0.000913541,1
medium_091,Medium,BranchBound,1,4,0.000896000,1
medium_091,Medium,BranchBound,1,5,0.000925125,1
medium_091,Medium,BranchBoundMRV,1,1,0.004284375,1
medium_091,Medium,BranchBoundMRV,1,2,0.004238042,1
medium_091,Medium,BranchBoundMRV,1,3,0.004333125,1
medium_091,Medium,BranchBoundMRV,1,4,0.004315166,1
medium_091,Medium,BranchBoundMRV,1,5,0.004268250,1
medium_091,Medium,OpenMP,4,1,0.003665924,1
medium_091,Medium,OpenMP,4,2,0.003658056,1
medium_091,Medium,OpenMP,4,3,0.003655910,1
medium_091,Medium,OpenMP,4,4,0.003654003,1
medium_091,Medium,OpenMP,4,5,0.003645182,1
medium_091,Medium,OpenMP,8,1,0.003659964,1
medium_091,Medium,OpenMP,8,2,0.003654957,1
medium_091,Medium,OpenMP,8,3,0.011203051,1
medium_091,Medium,OpenMP,8,4,0.008625031,1
medium_091,Medium,OpenMP,8,5,0.008543968,1
medium_091,Medium,OpenMP,16,1,0.021046162,1
medium_091,Medium,OpenMP,16,2,0.016554117,1
medium_091,Medium,OpenMP,16,3,0.024873972,1
medium_091,Medium,OpenMP,16,4,0.010064840,1
medium_091,Medium,OpenMP,16,5,0.028086901,1
medium_091,Medium,OMP-BranchBoundMRV,4,1,0.004832029,1
medium_091,Medium,OMP-BranchBoundMRV,4,2,0.004752159,1
medium_091,Medium,OMP-BranchBoundMRV,4,3,0.004570007,1
medium_091,Medium,OMP-BranchBoundMRV,4,4,0.004554987,1
medium_091,Medium,OMP-BranchBoundMRV,4,5,0.004623175,1
medium_091,Medium,OMP-BranchBoundMRV,8,1,0.004640102,1
medium_091,Medium,OMP-BranchBoundMRV,8,2,0.009315968,1
medium_091,Medium,OMP-BranchBoundMRV,8,3,0.004762173,1
medium_091,Medium,OMP-BranchBoundMRV,8,4,0.004557133,1
medium_091,Medium,OMP-BranchBoundMRV,8,5,0.004565001,1
medium_091,Medium,OMP-BranchBoundMRV,16,1,0.060972929,1
medium_091,Medium,OMP-BranchBoundMRV,16,2,0.022495985,1
medium_091,Medium,OMP-BranchBoundMRV,16,3,0.012206078,1
medium_091,Medium,OMP-BranchBoundMRV,16,4,0.022392988,1
medium_091,Medium,OMP-BranchBoundMRV,16,5,0.013694048,1
medium_092,Medium,Serial,1,1,0.004642375,1
medium_092,Medium,Serial,1,2,0.004747417,1
medium_092,Medium,Serial,1,3,0.004627292,1
medium_092,Medium,Serial,1,4,0.004742292,1
medium_092,Medium,Serial,1,5,0.004581958,1
medium_092,Medium,Serial-MRV,1,1,0.003873375,1
medium_092,Medium,Serial-MRV,1,2,0.003937417,1
medium_092,Medium,Serial-MRV,1,3,0.003876250,1
medium_092,Medium,Serial-MRV,1,4,0.003882167,1
medium_092,Medium,Serial-MRV,1,5,0.003886916,1
medium_092,Medium,BranchBound,1,1,0.003870042,1
medium_092,Medium,BranchBound,1,2,0.003978667,1
medium_092,Medium,BranchBound,1,3,0.004092917,1
medium_092,Medium,BranchBound,1,4,0.005525375,1
medium_092,Medium,BranchBound,1,5,0.028774416,1
medium_092,Medium,BranchBoundMRV,1,1,0.010088166,1
medium_092,Medium,BranchBoundMRV,1,2,0.005963625,1
medium_092,Medium,BranchBoundMRV,1,3,0.005618708,1
medium_092,Medium,BranchBoundMRV,1,4,0.005492958,1
medium_092,Medium,BranchBoundMRV,1,5,0.005420875,1
medium_092,Medium,OpenMP,4,1,0.001892090,1
medium_092,Medium,OpenMP,4,2,0.001856089,1
medium_092,Medium,OpenMP,4,3,0.001875162,1
medium_092,Medium,OpenMP,4,4,0.001846075,1
medium_092,Medium,OpenMP,4,5,0.001983166,1
medium_092,Medium,OpenMP,8,1,0.001863956,1
medium_092,Medium,OpenMP,8,2,0.001871824,1
medium_092,Medium,OpenMP,8,3,0.001873970,1
medium_092,Medium,OpenMP,8,4,0.004221916,1
medium_092,Medium,OpenMP,8,5,0.004329205,1
medium_092,Medium,OpenMP,16,1,0.043078184,1
medium_092,Medium,OpenMP,16,2,0.054482937,1
medium_092,Medium,OpenMP,16,3,0.024599075,1
medium_092,Medium,OpenMP,16,4,0.027844906,1
medium_092,Medium,OpenMP,16,5,0.014461994,1
medium_092,Medium,OMP-BranchBoundMRV,4,1,0.002584934,1
medium_092,Medium,OMP-BranchBoundMRV,4,2,0.002573967,1
medium_092,Medium,OMP-BranchBoundMRV,4,3,0.002552986,1
medium_092,Medium,OMP-BranchBoundMRV,4,4,0.002545834,1
medium_092,Medium,OMP-BranchBoundMRV,4,5,0.002579927,1
medium_092,Medium,OMP-BranchBoundMRV,8,1,0.002571106,1
medium_092,Medium,OMP-BranchBoundMRV,8,2,0.002553940,1
medium_092,Medium,OMP-BranchBoundMRV,8,3,0.005985975,1
medium_092,Medium,OMP-BranchBoundMRV,8,4,0.002590179,1
medium_092,Medium,OMP-BranchBoundMRV,8,5,0.004105091,1
medium_092,Medium,OMP-BranchBoundMRV,16,1,0.018023968,1
medium_092,Medium,OMP-BranchBoundMRV,16,2,0.013018847,1
medium_092,Medium,OMP-BranchBoundMRV,16,3,0.038954020,1
medium_092,Medium,OMP-BranchBoundMRV,16,4,0.017705917,1
medium_092,Medium,OMP-BranchBoundMRV,16,5,0.035573006,1
medium_093,Medium,Serial,1,1,0.001612625,1
medium_093,Medium,Serial,1,2,0.001596791,1
medium_093,Medium,Serial,1,3,0.001630125,1
medium_093,Medium,Serial,1,4,0.001579292,1
medium_093,Medium,Serial,1,5,0.001603000,1
medium_093,Medium,Serial-MRV,1,1,0.004279167,1
medium_093,Medium,Serial-MRV,1,2,0.004251583,1
medium_093,Medium,Serial-MRV,1,3,0.004253875,1
medium_093,Medium,Serial-MRV,1,4,0.004246500,1
medium_093,Medium,Serial-MRV,1,5,0.004326709,1
medium_093,Medium,BranchBound,1,1,0.001372375,1
medium_093,Medium,BranchBound,1,2,0.001365459,1
medium_093,Medium,BranchBound,1,3,0.001368334,1
medium_093,Medium,BranchBound,1,4,0.001364958,1
medium_093,Medium,BranchBound,1,5,0.001361750,1
medium_093,Medium,BranchBoundMRV,1,1,0.005254000,1
medium_093,Medium,BranchBoundMRV,1,2,0.005228375,1
medium_093,Medium,BranchBoundMRV,1,3,0.005445458,1
medium_093,Medium,BranchBoundMRV,1,4,0.005548292,1
medium_093,Medium,BranchBoundMRV,1,5,0.005440166,1
medium_093,Medium,OpenMP,4,1,0.001341105,1
medium_093,Medium,OpenMP,4,2,0.001410007,1
medium_093,Medium,OpenMP,4,3,0.001368046,1
medium_093,Medium,OpenMP,4,4,0.001328945,1
medium_093,Medium,OpenMP,4,5,0.001368046,1
medium_093,Medium,OpenMP,8,1,0.002111912,1
medium_093,Medium,OpenMP,8,2,0.001430988,1
medium_093,Medium,OpenMP,8,3,0.003395081,1
medium_093,Medium,OpenMP,8,4,0.001585007,1
medium_093,Medium,OpenMP,8,5,0.001574993,1
medium_093,Medium,OpenMP,16,1,0.019839048,1
medium_093,Medium,OpenMP,16,2,0.018036842,1
medium_093,Medium,OpenMP,16,3,0.007939100,1
medium_093,Medium,OpenMP,16,4,0.014966011,1
medium_093,Medium,OpenMP,16,5,0.019828081,1
medium_093,Medium,OMP-BranchBoundMRV,4,1,0.002071142,1
medium_093,Medium,OMP-BranchBoundMRV,4,2,0.001806021,1
medium_093,Medium,OMP-BranchBoundMRV,4,3,0.001775026,1
medium_093,Medium,OMP-BranchBoundMRV,4,4,0.001796007,1
medium_093,Medium,OMP-BranchBoundMRV,4,5,0.001792192,1
medium_093,Medium,OMP-BranchBoundMRV,8,1,0.001827955,1
medium_093,Medium,OMP-BranchBoundMRV,8,2,0.010339975,1
medium_093,Medium,OMP-BranchBoundMRV,8,3,0.001869917,1
medium_093,Medium,OMP-BranchBoundMRV,8,4,0.004010916,1
medium_093,Medium,OMP-BranchBoundMRV,8,5,0.004232883,1
medium_093,Medium,OMP-BranchBoundMRV,16,1,0.090750933,1
medium_093,Medium,OMP-BranchBoundMRV,16,2,0.007341862,1
medium_093,Medium,OMP-BranchBoundMRV,16,3,0.024873018,1
medium_093,Medium,OMP-BranchBoundMRV,16,4,0.007642984,1
medium_093,Medium,OMP-BranchBoundMRV,16,5,0.017066002,1
medium_094,Medium,Serial,1,1,0.015545542,1
medium_094,Medium,Serial,1,2,0.015469708,1
medium_094,Medium,Serial,1,3,0.014961041,1
medium_094,Medium,Serial,1,4,0.014786084,1
medium_094,Medium,Serial,1,5,0.014863208,1
medium_094,Medium,Serial-MRV,1,1,0.003614625,1
medium_094,Medium,Serial-MRV,1,2,0.003571333,1
medium_094,Medium,Serial-MRV,1,3,0.003535042,1
medium_094,Medium,Serial-MRV,1,4,0.003536584,1
medium_094,Medium,Serial-MRV,1,5,0.003568875,1
medium_094,Medium,BranchBound,1,1,0.012956625,1
medium_094,Medium,BranchBound,1,2,0.012979875,1
medium_094,Medium,BranchBound,1,3,0.013068917,1
medium_094,Medium,BranchBound,1,4,0.012983166,1
medium_094,Medium,BranchBound,1,5,0.012961375,1
medium_094,Medium,BranchBoundMRV,1,1,0.004886625,1
medium_094,Medium,BranchBoundMRV,1,2,0.005011125,1
medium_094,Medium,BranchBoundMRV,1,3,0.004863917,1
medium_094,Medium,BranchBoundMRV,1,4,0.004916375,1
medium_094,Medium,BranchBoundMRV,1,5,0.004889292,1
medium_094,Medium,OpenMP,4,1,0.001816034,1
medium_094,Medium,OpenMP,4,2,0.002720118,1
medium_094,Medium,OpenMP,4,3,0.002799034,1
medium_094,Medium,OpenMP,4,4,0.001793146,1
medium_094,Medium,OpenMP,4,5,0.001800060,1
medium_094,Medium,OpenMP,8,1,0.001840830,1
medium_094,Medium,OpenMP,8,2,0.004111052,1
medium_094,Medium,OpenMP,8,3,0.006815910,1
medium_094,Medium,OpenMP,8,4,0.004144907,1
medium_094,Medium,OpenMP,8,5,0.002679110,1
medium_094,Medium,OpenMP,16,1,0.047463894,1
medium_094,Medium,OpenMP,16,2,0.020266056,1
medium_094,Medium,OpenMP,16,3,0.011453152,1
medium_094,Medium,OpenMP,16,4,0.009510040,1
medium_094,Medium,OpenMP,16,5,0.022679090,1
medium_094,Medium,OMP-BranchBoundMRV,4,1,0.003573179,1
medium_094,Medium,OMP-BranchBoundMRV,4,2,0.003580093,1
medium_094,Medium,OMP-BranchBoundMRV,4,3,0.003586054,1
medium_094,Medium,OMP-BranchBoundMRV,4,4,0.003589869,1
medium_094,Medium,OMP-BranchBoundMRV,4,5,0.002436876,1
medium_094,Medium,OMP-BranchBoundMRV,8,1,0.004444122,1
medium_094,Medium,OMP-BranchBoundMRV,8,2,0.006305933,1
medium_094,Medium,OMP-BranchBoundMRV,8,3,0.002476215,1
medium_094,Medium,OMP-BranchBoundMRV,8,4,0.002547979,1
medium_094,Medium,OMP-BranchBoundMRV,8,5,0.002482891,1
medium_094,Medium,OMP-BranchBoundMRV,16,1,0.031179905,1
medium_094,Medium,OMP-BranchBoundMRV,16,2,0.021667004,1
medium_094,Medium,OMP-BranchBoundMRV,16,3,0.017974138,1
medium_094,Medium,OMP-BranchBoundMRV,16,4,0.017753124,1
medium_094,Medium,OMP-BranchBoundMRV,16,5,0.005255222,1
medium_095,Medium,Serial,1,1,0.003267625,1
medium_095,Medium,Serial,1,2,0.003113833,1
medium_095,Medium,Serial,1,3,0.003214333,1
medium_095,Medium,Serial,1,4,0.003242708,1
medium_095,Medium,Serial,1,5,0.003235375,1
medium_095,Medium,Serial-MRV,1,1,0.007418208,1
medium_095,Medium,Serial-MRV,1,2,0.007521291,1
medium_095,Medium,Serial-MRV,1,3,0.007371291,1
medium_095,Medium,Serial-MRV,1,4,0.007515584,1
medium_095,Medium,Serial-MRV,1,5,0.007465042,1
medium_095,Medium,BranchBound,1,1,0.002816625,1
medium_095,Medium,BranchBound,1,2,0.002765375,1
medium_095,Medium,BranchBound,1,3,0.002759917,1
medium_095,Medium,BranchBound,1,4,0.002895250,1
medium_095,Medium,BranchBound,1,5,0.002732125,1
medium_095,Medium,BranchBoundMRV,1,1,0.009260541,1
medium_095,Medium,BranchBoundMRV,1,2,0.009183167,1
medium_095,Medium,BranchBoundMRV,1,3,0.009199792,1
medium_095,Medium,BranchBoundMRV,1,4,0.009112709,1
medium_095,Medium,BranchBoundMRV,1,5,0.008872750,1
medium_095,Medium,OpenMP,4,1,0.002764940,1
medium_095,Medium,OpenMP,4,2,0.002748966,1
medium_095,Medium,OpenMP,4,3,0.002746105,1
medium_095,Medium,OpenMP,4,4,0.002743959,1
medium_095,Medium,OpenMP,4,5,0.002754927,1
medium_095,Medium,OpenMP,8,1,0.002758980,1
medium_095,Medium,OpenMP,8,2,0.007764101,1
medium_095,Medium,OpenMP,8,3,0.002763033,1
medium_095,Medium,OpenMP,8,4,0.010413170,1
medium_095,Medium,OpenMP,8,5,0.002806902,1
medium_095,Medium,OpenMP,16,1,0.065872908,1
medium_095,Medium,OpenMP,16,2,0.024254084,1
medium_095,Medium,OpenMP,16,3,0.027021170,1
medium_095,Medium,OpenMP,16,4,0.030004978,1
medium_095,Medium,OpenMP,16,5,0.013483047,1
medium_095,Medium,OMP-BranchBoundMRV,4,1,0.003506899,1
medium_095,Medium,OMP-BranchBoundMRV,4,2,0.003496885,1
medium_095,Medium,OMP-BranchBoundMRV,4,3,0.003496170,1
medium_095,Medium,OMP-BranchBoundMRV,4,4,0.003498077,1
medium_095,Medium,OMP-BranchBoundMRV,4,5,0.003524065,1
medium_095,Medium,OMP-BranchBoundMRV,8,1,0.005717993,1
medium_095,Medium,OMP-BranchBoundMRV,8,2,0.003504038,1
medium_095,Medium,OMP-BranchBoundMRV,8,3,0.003496170,1
medium_095,Medium,OMP-BranchBoundMRV,8,4,0.004672050,1
medium_095,Medium,OMP-BranchBoundMRV,8,5,0.006361008,1
medium_095,Medium,OMP-BranchBoundMRV,16,1,0.049896002,1
medium_095,Medium,OMP-BranchBoundMRV,16,2,0.040738106,1
medium_095,Medium,OMP-BranchBoundMRV,16,3,0.033571959,1
medium_095,Medium,OMP-BranchBoundMRV,16,4,0.035117149,1
medium_095,Medium,OMP-BranchBoundMRV,16,5,0.019588947,1
medium_096,Medium,Serial,1,1,0.014025959,1
medium_096,Medium,Serial,1,2,0.013849625,1
medium_096,Medium,Serial,1,3,0.013857375,1
medium_096,Medium,Serial,1,4,0.013859167,1
medium_096,Medium,Serial,1,5,0.014641959,1
medium_096,Medium,Serial-MRV,1,1,0.004307875,1
medium_096,Medium,Serial-MRV,1,2,0.005039333,1
medium_096,Medium,Serial-MRV,1,3,0.004328875,1
medium_096,Medium,Serial-MRV,1,4,0.004337292,1
medium_096,Medium,Serial-MRV,1,5,0.004142042,1
medium_096,Medium,BranchBound,1,1,0.011976208,1
medium_096,Medium,BranchBound,1,2,0.011784334,1
medium_096,Medium,BranchBound,1,3,0.011935791,1
medium_096,Medium,BranchBound,1,4,0.011745666,1
medium_096,Medium,BranchBound,1,5,0.011762417,1
medium_096,Medium,BranchBoundMRV,1,1,0.005853166,1
medium_096,Medium,BranchBoundMRV,1,2,0.005696167,1
medium_096,Medium,BranchBoundMRV,1,3,0.005755500,1
medium_096,Medium,BranchBoundMRV,1,4,0.005710500,1
medium_096,Medium,BranchBoundMRV,1,5,0.005736917,1
medium_096,Medium,OpenMP,4,1,0.004456043,1
medium_096,Medium,OpenMP,4,2,0.004435062,1
medium_096,Medium,OpenMP,4,3,0.004450083,1
medium_096,Medium,OpenMP,4,4,0.004466057,1
medium_096,Medium,OpenMP,4,5,0.004429102,1
medium_096,Medium,OpenMP,8,1,0.004506826,1
medium_096,Medium,OpenMP,8,2,0.004456997,1
medium_096,Medium,OpenMP,8,3,0.004487038,1
medium_096,Medium,OpenMP,8,4,0.005733013,1
medium_096,Medium,OpenMP,8,5,0.005434990,1
medium_096,Medium,OpenMP,16,1,0.011941910,1
medium_096,Medium,OpenMP,16,2,0.020849943,1
medium_096,Medium,OpenMP,16,3,0.010899067,1
medium_096,Medium,OpenMP,16,4,0.020112991,1
medium_096,Medium,OpenMP,16,5,0.015887022,1
medium_096,Medium,OMP-BranchBoundMRV,4,1,0.006369829,1
medium_096,Medium,OMP-BranchBoundMRV,4,2,0.006134987,1
medium_096,Medium,OMP-BranchBoundMRV,4,3,0.006122828,1
medium_096,Medium,OMP-BranchBoundMRV,4,4,0.007221937,1
medium_096,Medium,OMP-BranchBoundMRV,4,5,0.006127834,1
medium_096,Medium,OMP-BranchBoundMRV,8,1,0.009076118,1
medium_096,Medium,OMP-BranchBoundMRV,8,2,0.006119967,1
medium_096,Medium,OMP-BranchBoundMRV,8,3,0.006119967,1
medium_096,Medium,OMP-BranchBoundMRV,8,4,0.011948109,1
medium_096,Medium,OMP-BranchBoundMRV,8,5,0.007036209,1
medium_096,Medium,OMP-BranchBoundMRV,16,1,0.027503014,1
medium_096,Medium,OMP-BranchBoundMRV,16,2,0.025279045,1
medium_096,Medium,OMP-BranchBoundMRV,16,3,0.019321203,1
medium_096,Medium,OMP-BranchBoundMRV,16,4,0.015961170,1
medium_096,Medium,OMP-BranchBoundMRV,16,5,0.041556120,1
medium_097,Medium,Serial,1,1,0.000427584,1
medium_097,Medium,Serial,1,2,0.000403500,1
medium_097,Medium,Serial,1,3,0.000435500,1
medium_097,Medium,Serial,1,4,0.000482208,1
medium_097,Medium,Serial,1,5,0.000402417,1
medium_097,Medium,Serial-MRV,1,1,0.004022625,1
medium_097,Medium,Serial-MRV,1,2,0.004009042,1
medium_097,Medium,Serial-MRV,1,3,0.004097458,1
medium_097,Medium,Serial-MRV,1,4,0.003989416,1
medium_097,Medium,Serial-MRV,1,5,0.004001917,1
medium_097,Medium,BranchBound,1,1,0.000371542,1
medium_097,Medium,BranchBound,1,2,0.000401042,1
medium_097,Medium,BranchBound,1,3,0.000366584,1
medium_097,Medium,BranchBound,1,4,0.000419250,1
medium_097,Medium,BranchBound,1,5,0.000366417,1
medium_097,Medium,BranchBoundMRV,1,1,0.008076541,1
medium_097,Medium,BranchBoundMRV,1,2,0.007912667,1
medium_097,Medium,BranchBoundMRV,1,3,0.005310458,1
medium_097,Medium,BranchBoundMRV,1,4,0.005394875,1
medium_097,Medium,BranchBoundMRV,1,5,0.005351459,1
medium_097,Medium,OpenMP,4,1,0.001389980,1
medium_097,Medium,OpenMP,4,2,0.001314163,1
medium_097,Medium,OpenMP,4,3,0.001303911,1
medium_097,Medium,OpenMP,4,4,0.001307011,1
medium_097,Medium,OpenMP,4,5,0.001307011,1
medium_097,Medium,OpenMP,8,1,0.002966881,1
medium_097,Medium,OpenMP,8,2,0.002965927,1
medium_097,Medium,OpenMP,8,3,0.003005028,1
medium_097,Medium,OpenMP,8,4,0.002963066,1
medium_097,Medium,OpenMP,8,5,0.001363993,1
medium_097,Medium,OpenMP,16,1,0.013335943,1
medium_097,Medium,OpenMP,16,2,0.110022068,1
medium_097,Medium,OpenMP,16,3,0.027461052,1
medium_097,Medium,OpenMP,16,4,0.020874023,1
medium_097,Medium,OpenMP,16,5,0.009801149,1
medium_097,Medium,OMP-BranchBoundMRV,4,1,0.001851082,1
medium_097,Medium,OMP-BranchBoundMRV,4,2,0.002020836,1
medium_097,Medium,OMP-BranchBoundMRV,4,3,0.001843929,1
medium_097,Medium,OMP-BranchBoundMRV,4,4,0.001911879,1
medium_097,Medium,OMP-BranchBoundMRV,4,5,0.001854897,1
medium_097,Medium,OMP-BranchBoundMRV,8,1,0.001972914,1
medium_097,Medium,OMP-BranchBoundMRV,8,2,0.003458977,1
medium_097,Medium,OMP-BranchBoundMRV,8,3,0.001912117,1
medium_097,Medium,OMP-BranchBoundMRV,8,4,0.001871109,1
medium_097,Medium,OMP-BranchBoundMRV,8,5,0.003504038,1
medium_097,Medium,OMP-BranchBoundMRV,16,1,0.005666018,1
medium_097,Medium,OMP-BranchBoundMRV,16,2,0.006646872,1
medium_097,Medium,OMP-BranchBoundMRV,16,3,0.026809216,1
medium_097,Medium,OMP-BranchBoundMRV,16,4,0.055046082,1
medium_097,Medium,OMP-BranchBoundMRV,16,5,0.030982971,1
medium_098,Medium,Serial,1,1,0.011439500,1
medium_098,Medium,Serial,1,2,0.011596250,1
medium_098,Medium,Serial,1,3,0.014458250,1
medium_098,Medium,Serial,1,4,0.011599333,1
medium_098,Medium,Serial,1,5,0.011713917,1
medium_098,Medium,Serial-MRV,1,1,0.011164500,1
medium_098,Medium,Serial-MRV,1,2,0.010974292,1
medium_098,Medium,Serial-MRV,1,3,0.010898458,1
medium_098,Medium,Serial-MRV,1,4,0.010958042,1
medium_098,Medium,Serial-MRV,1,5,0.011111916,1
medium_098,Medium,BranchBound,1,1,0.009751167,1
medium_098,Medium,BranchBound,1,2,0.010066792,1
medium_098,Medium,BranchBound,1,3,0.009838458,1
medium_098,Medium,BranchBound,1,4,0.009888250,1
medium_098,Medium,BranchBound,1,5,0.009770125,1
medium_098,Medium,BranchBoundMRV,1,1,0.013537791,1
medium_098,Medium,BranchBoundMRV,1,2,0.013921041,1
medium_098,Medium,BranchBoundMRV,1,3,0.013704875,1
medium_098,Medium,BranchBoundMRV,1,4,0.013643292,1
medium_098,Medium,BranchBoundMRV,1,5,0.013590875,1
medium_098,Medium,OpenMP,4,1,0.005045176,1
medium_098,Medium,OpenMP,4,2,0.004966021,1
medium_098,Medium,OpenMP,4,3,0.004969120,1
medium_098,Medium,OpenMP,4,4,0.004957199,1
medium_098,Medium,OpenMP,4,5,0.004981041,1
medium_098,Medium,OpenMP,8,1,0.004964113,1
medium_098,Medium,OpenMP,8,2,0.005005836,1
medium_098,Medium,OpenMP,8,3,0.011365891,1
medium_098,Medium,OpenMP,8,4,0.011679888,1
medium_098,Medium,OpenMP,8,5,0.012671947,1
medium_098,Medium,OpenMP,16,1,0.021985054,1
medium_098,Medium,OpenMP,16,2,0.035333872,1
medium_098,Medium,OpenMP,16,3,0.018717051,1
medium_098,Medium,OpenMP,16,4,0.090734959,1
medium_098,Medium,OpenMP,16,5,0.031496048,1
medium_098,Medium,OMP-BranchBoundMRV,4,1,0.006541014,1
medium_098,Medium,OMP-BranchBoundMRV,4,2,0.007013083,1
medium_098,Medium,OMP-BranchBoundMRV,4,3,0.006864071,1
medium_098,Medium,OMP-BranchBoundMRV,4,4,0.010668993,1
medium_098,Medium,OMP-BranchBoundMRV,4,5,0.008982182,1
medium_098,Medium,OMP-BranchBoundMRV,8,1,0.026757956,1
medium_098,Medium,OMP-BranchBoundMRV,8,2,0.036684990,1
medium_098,Medium,OMP-BranchBoundMRV,8,3,0.018748999,1
medium_098,Medium,OMP-BranchBoundMRV,8,4,0.034288168,1
medium_098,Medium,OMP-BranchBoundMRV,8,5,0.027868032,1
medium_098,Medium,OMP-BranchBoundMRV,16,1,0.070312023,1
medium_098,Medium,OMP-BranchBoundMRV,16,2,0.020019054,1
medium_098,Medium,OMP-BranchBoundMRV,16,3,0.026479006,1
medium_098,Medium,OMP-BranchBoundMRV,16,4,0.012930870,1
medium_098,Medium,OMP-BranchBoundMRV,16,5,0.037023067,1
medium_099,Medium,Serial,1,1,0.003034458,1
medium_099,Medium,Serial,1,2,0.003045833,1
medium_099,Medium,Serial,1,3,0.002883000,1
medium_099,Medium,Serial,1,4,0.002922000,1
medium_099,Medium,Serial,1,5,0.002743083,1
medium_099,Medium,Serial-MRV,1,1,0.008793333,1
medium_099,Medium,Serial-MRV,1,2,0.009665334,1
medium_099,Medium,Serial-MRV,1,3,0.009954208,1
medium_099,Medium,Serial-MRV,1,4,0.008554750,1
medium_099,Medium,Serial-MRV,1,5,0.008630042,1
medium_099,Medium,BranchBound,1,1,0.002405167,1
medium_099,Medium,BranchBound,1,2,0.002407750,1
medium_099,Medium,BranchBound,1,3,0.002686750,1
medium_099,Medium,BranchBound,1,4,0.002525000,1
medium_099,Medium,BranchBound,1,5,0.002396209,1
medium_099,Medium,BranchBoundMRV,1,1,0.011415375,1
medium_099,Medium,BranchBoundMRV,1,2,0.011300834,1
medium_099,Medium,BranchBoundMRV,1,3,0.011485417,1
medium_099,Medium,BranchBoundMRV,1,4,0.011867750,1
medium_099,Medium,BranchBoundMRV,1,5,0.026963709,1
medium_099,Medium,OpenMP,4,1,0.002238035,1
medium_099,Medium,OpenMP,4,2,0.002577066,1
medium_099,Medium,OpenMP,4,3,0.002060890,1
medium_099,Medium,OpenMP,4,4,0.002858877,1
medium_099,Medium,OpenMP,4,5,0.004544973,1
medium_099,Medium,OpenMP,8,1,0.004006147,1
medium_099,Medium,OpenMP,8,2,0.010919094,1
medium_099,Medium,OpenMP,8,3,0.007740974,1
medium_099,Medium,OpenMP,8,4,0.004173994,1
medium_099,Medium,OpenMP,8,5,0.040735960,1
medium_099,Medium,OpenMP,16,1,0.095946074,1
medium_099,Medium,OpenMP,16,2,0.049727917,1
medium_099,Medium,OpenMP,16,3,0.018627167,1
medium_099,Medium,OpenMP,16,4,0.031371832,1
medium_099,Medium,OpenMP,16,5,0.018996954,1
medium_099,Medium,OMP-BranchBoundMRV,4,1,0.002495050,1
medium_099,Medium,OMP-BranchBoundMRV,4,2,0.004356146,1
medium_099,Medium,OMP-BranchBoundMRV,4,3,0.002526999,1
medium_099,Medium,OMP-BranchBoundMRV,4,4,0.003612995,1
medium_099,Medium,OMP-BranchBoundMRV,4,5,0.005275965,1
medium_099,Medium,OMP-BranchBoundMRV,8,1,0.017849922,1
medium_099,Medium,OMP-BranchBoundMRV,8,2,0.010221958,1
medium_099,Medium,OMP-BranchBoundMRV,8,3,0.010094881,1
medium_099,Medium,OMP-BranchBoundMRV,8,4,0.012320042,1
medium_099,Medium,OMP-BranchBoundMRV,8,5,0.005583048,1
medium_099,Medium,OMP-BranchBoundMRV,16,1,0.031689167,1
medium_099,Medium,OMP-BranchBoundMRV,16,2,0.040229082,1
medium_099,Medium,OMP-BranchBoundMRV,16,3,0.027008057,1
medium_099,Medium,OMP-BranchBoundMRV,16,4,0.024225950,1
medium_099,Medium,OMP-BranchBoundMRV,16,5,0.019979000,1
medium_100,Medium,Serial,1,1,0.001339459,1
medium_100,Medium,Serial,1,2,0.001238833,1
medium_100,Medium,Serial,1,3,0.001195792,1
medium_100,Medium,Serial,1,4,0.001126875,1
medium_100,Medium,Serial,1,5,0.001377125,1
medium_100,Medium,Serial-MRV,1,1,0.004294542,1
medium_100,Medium,Serial-MRV,1,2,0.004246166,1
medium_100,Medium,Serial-MRV,1,3,0.004700250,1
medium_100,Medium,Serial-MRV,1,4,0.004527334,1
medium_100,Medium,Serial-MRV,1,5,0.004235500,1
medium_100,Medium,BranchBound,1,1,0.001023333,1
medium_100,Medium,BranchBound,1,2,0.001084042,1
medium_100,Medium,BranchBound,1,3,0.001075375,1
medium_100,Medium,BranchBound,1,4,0.001058917,1
medium_100,Medium,BranchBound,1,5,0.001023791,1
medium_100,Medium,BranchBoundMRV,1,1,0.005831833,1
medium_100,Medium,BranchBoundMRV,1,2,0.005817959,1
medium_100,Medium,BranchBoundMRV,1,3,0.005794750,1
medium_100,Medium,BranchBoundMRV,1,4,0.005658833,1
medium_100,Medium,BranchBoundMRV,1,5,0.005725375,1
medium_100,Medium,OpenMP,4,1,0.004553080,1
medium_100,Medium,OpenMP,4,2,0.004369974,1
medium_100,Medium,OpenMP,4,3,0.004367828,1
medium_100,Medium,OpenMP,4,4,0.004369974,1
medium_100,Medium,OpenMP,4,5,0.004635096,1
medium_100,Medium,OpenMP,8,1,0.004509926,1
medium_100,Medium,OpenMP,8,2,0.004296064,1
medium_100,Medium,OpenMP,8,3,0.004312992,1
medium_100,Medium,OpenMP,8,4,0.004359007,1
medium_100,Medium,OpenMP,8,5,0.004283905,1
medium_100,Medium,OpenMP,16,1,0.052077055,1
medium_100,Medium,OpenMP,16,2,0.026956081,1
medium_100,Medium,OpenMP,16,3,0.043640137,1
medium_100,Medium,OpenMP,16,4,0.032009125,1
medium_100,Medium,OpenMP,16,5,0.008042812,1
medium_100,Medium,OMP-BranchBoundMRV,4,1,0.006076097,1
medium_100,Medium,OMP-BranchBoundMRV,4,2,0.005963087,1
medium_100,Medium,OMP-BranchBoundMRV,4,3,0.006624937,1
medium_100,Medium,OMP-BranchBoundMRV,4,4,0.005889893,1
medium_100,Medium,OMP-BranchBoundMRV,4,5,0.006657124,1
medium_100,Medium,OMP-BranchBoundMRV,8,1,0.011296034,1
medium_100,Medium,OMP-BranchBoundMRV,8,2,0.013231039,1
medium_100,Medium,OMP-BranchBoundMRV,8,3,0.005831957,1
medium_100,Medium,OMP-BranchBoundMRV,8,4,0.014875889,1
medium_100,Medium,OMP-BranchBoundMRV,8,5,0.005949020,1
medium_100,Medium,OMP-BranchBoundMRV,16,1,0.015733957,1
medium_100,Medium,OMP-BranchBoundMRV,16,2,0.020384073,1
medium_100,Medium,OMP-BranchBoundMRV,16,3,0.010879040,1
medium_100,Medium,OMP-BranchBoundMRV,16,4,0.016570807,1
medium_100,Medium,OMP-BranchBoundMRV,16,5,0.016155005,1
hard_001,Hard,Serial,1,1,0.001383416,1
hard_001,Hard,Serial,1,2,0.001367709,1
hard_001,Hard,Serial,1,3,0.001367834,1
hard_001,Hard,Serial,1,4,0.001409208,1
hard_001,Hard,Serial,1,5,0.001369833,1
hard_001,Hard,Serial-MRV,1,1,0.016337250,1
hard_001,Hard,Serial-MRV,1,2,0.016297250,1
hard_001,Hard,Serial-MRV,1,3,0.017255167,1
hard_001,Hard,Serial-MRV,1,4,0.017274042,1
hard_001,Hard,Serial-MRV,1,5,0.017086209,1
hard_001,Hard,BranchBound,1,1,0.001242667,1
hard_001,Hard,BranchBound,1,2,0.001227334,1
hard_001,Hard,BranchBound,1,3,0.001230708,1
hard_001,Hard,BranchBound,1,4,0.001271083,1
hard_001,Hard,BranchBound,1,5,0.001230042,1
hard_001,Hard,BranchBoundMRV,1,1,0.020648416,1
hard_001,Hard,BranchBoundMRV,1,2,0.020434334,1
hard_001,Hard,BranchBoundMRV,1,3,0.019971125,1
hard_001,Hard,BranchBoundMRV,1,4,0.019774083,1
hard_001,Hard,BranchBoundMRV,1,5,0.019712000,1
hard_001,Hard,OpenMP,4,1,0.017293930,1
hard_001,Hard,OpenMP,4,2,0.017369986,1
hard_001,Hard,OpenMP,4,3,0.017280817,1
hard_001,Hard,OpenMP,4,4,0.017302990,1
hard_001,Hard,OpenMP,4,5,0.017267942,1
hard_001,Hard,OpenMP,8,1,0.025178909,1
hard_001,Hard,OpenMP,8,2,0.028635979,1
hard_001,Hard,OpenMP,8,3,0.018613100,1
hard_001,Hard,OpenMP,8,4,0.025924921,1
hard_001,Hard,OpenMP,8,5,0.031029940,1
hard_001,Hard,OpenMP,16,1,0.076871157,1
hard_001,Hard,OpenMP,16,2,0.074392796,1
hard_001,Hard,OpenMP,16,3,0.044573069,1
hard_001,Hard,OpenMP,16,4,0.079705954,1
hard_001,Hard,OpenMP,16,5,0.087126017,1
hard_001,Hard,OMP-BranchBoundMRV,4,1,0.020999908,1
hard_001,Hard,OMP-BranchBoundMRV,4,2,0.021091223,1
hard_001,Hard,OMP-BranchBoundMRV,4,3,0.022282124,1
hard_001,Hard,OMP-BranchBoundMRV,4,4,0.021663904,1
hard_001,Hard,OMP-BranchBoundMRV,4,5,0.021672964,1
hard_001,Hard,OMP-BranchBoundMRV,8,1,0.027589083,1
hard_001,Hard,OMP-BranchBoundMRV,8,2,0.028308868,1
hard_001,Hard,OMP-BranchBoundMRV,8,3,0.027714968,1
hard_001,Hard,OMP-BranchBoundMRV,8,4,0.033550978,1
hard_001,Hard,OMP-BranchBoundMRV,8,5,0.028828859,1
hard_001,Hard,OMP-BranchBoundMRV,16,1,0.023445129,1
hard_001,Hard,OMP-BranchBoundMRV,16,2,0.069339991,1
hard_001,Hard,OMP-BranchBoundMRV,16,3,0.114980221,1
hard_001,Hard,OMP-BranchBoundMRV,16,4,0.076812029,1
hard_001,Hard,OMP-BranchBoundMRV,16,5,0.129081011,1
hard_002,Hard,Serial,1,1,0.029900541,1
hard_002,Hard,Serial,1,2,0.029437083,1
hard_002,Hard,Serial,1,3,0.029465250,1
hard_002,Hard,Serial,1,4,0.029634000,1
hard_002,Hard,Serial,1,5,0.029566125,1
hard_002,Hard,Serial-MRV,1,1,0.024650792,1
hard_002,Hard,Serial-MRV,1,2,0.024624708,1
hard_002,Hard,Serial-MRV,1,3,0.025379250,1
hard_002,Hard,Serial-MRV,1,4,0.025780709,1
hard_002,Hard,Serial-MRV,1,5,0.025588167,1
hard_002,Hard,BranchBound,1,1,0.027662166,1
hard_002,Hard,BranchBound,1,2,0.026758459,1
hard_002,Hard,BranchBound,1,3,0.026981083,1
hard_002,Hard,BranchBound,1,4,0.026737917,1
hard_002,Hard,BranchBound,1,5,0.031003750,1
hard_002,Hard,BranchBoundMRV,1,1,0.048095542,1
hard_002,Hard,BranchBoundMRV,1,2,0.033636708,1
hard_002,Hard,BranchBoundMRV,1,3,0.034636791,1
hard_002,Hard,BranchBoundMRV,1,4,0.034169167,1
hard_002,Hard,BranchBoundMRV,1,5,0.032675541,1
hard_002,Hard,OpenMP,4,1,0.002333879,1
hard_002,Hard,OpenMP,4,2,0.002317905,1
hard_002,Hard,OpenMP,4,3,0.002321959,1
hard_002,Hard,OpenMP,4,4,0.002393007,1
hard_002,Hard,OpenMP,4,5,0.002311945,1
hard_002,Hard,OpenMP,8,1,0.002317905,1
hard_002,Hard,OpenMP,8,2,0.002362013,1
hard_002,Hard,OpenMP,8,3,0.002333879,1
hard_002,Hard,OpenMP,8,4,0.002329826,1
hard_002,Hard,OpenMP,8,5,0.002336025,1
hard_002,Hard,OpenMP,16,1,0.018309832,1
hard_002,Hard,OpenMP,16,2,0.020314932,1
hard_002,Hard,OpenMP,16,3,0.016209841,1
hard_002,Hard,OpenMP,16,4,0.071948051,1
hard_002,Hard,OpenMP,16,5,0.040788174,1
hard_002,Hard,OMP-BranchBoundMRV,4,1,0.002933025,1
hard_002,Hard,OMP-BranchBoundMRV,4,2,0.002919912,1
hard_002,Hard,OMP-BranchBoundMRV,4,3,0.002917051,1
hard_002,Hard,OMP-BranchBoundMRV,4,4,0.003107071,1
hard_002,Hard,OMP-BranchBoundMRV,4,5,0.002968073,1
hard_002,Hard,OMP-BranchBoundMRV,8,1,0.005807877,1
hard_002,Hard,OMP-BranchBoundMRV,8,2,0.004419088,1
hard_002,Hard,OMP-BranchBoundMRV,8,3,0.007020950,1
hard_002,Hard,OMP-BranchBoundMRV,8,4,0.006614208,1
hard_002,Hard,OMP-BranchBoundMRV,8,5,0.002937794,1
hard_002,Hard,OMP-BranchBoundMRV,16,1,0.026149988,1
hard_002,Hard,OMP-BranchBoundMRV,16,2,0.013591051,1
hard_002,Hard,OMP-BranchBoundMRV,16,3,0.015228033,1
hard_002,Hard,OMP-BranchBoundMRV,16,4,0.013370037,1
hard_002,Hard,OMP-BranchBoundMRV,16,5,0.036552906,1
hard_003,Hard,Serial,1,1,0.004383167,1
hard_003,Hard,Serial,1,2,0.004326416,1
hard_003,Hard,Serial,1,3,0.004332375,1
hard_003,Hard,Serial,1,4,0.004407792,1
hard_003,Hard,Serial,1,5,0.004395917,1
hard_003,Hard,Serial-MRV,1,1,0.015798167,1
hard_003,Hard,Serial-MRV,1,2,0.015809542,1
hard_003,Hard,Serial-MRV,1,3,0.015874958,1
hard_003,Hard,Serial-MRV,1,4,0.016439208,1
hard_003,Hard,Serial-MRV,1,5,0.016539250,1
hard_003,Hard,BranchBound,1,1,0.004217292,1
hard_003,Hard,BranchBound,1,2,0.004120750,1
hard_003,Hard,BranchBound,1,3,0.004161459,1
hard_003,Hard,BranchBound,1,4,0.004257833,1
hard_003,Hard,BranchBound,1,5,0.004239167,1
hard_003,Hard,BranchBoundMRV,1,1,0.021152208,1
hard_003,Hard,BranchBoundMRV,1,2,0.021006250,1
hard_003,Hard,BranchBoundMRV,1,3,0.020668958,1
hard_003,Hard,BranchBoundMRV,1,4,0.020315625,1
hard_003,Hard,BranchBoundMRV,1,5,0.020188791,1
hard_003,Hard,OpenMP,4,1,0.000820160,1
hard_003,Hard,OpenMP,4,2,0.000785112,1
hard_003,Hard,OpenMP,4,3,0.000782013,1
hard_003,Hard,OpenMP,4,4,0.000786066,1
hard_003,Hard,OpenMP,4,5,0.000806093,1
hard_003,Hard,OpenMP,8,1,0.001876116,1
hard_003,Hard,OpenMP,8,2,0.000861883,1
hard_003,Hard,OpenMP,8,3,0.000836849,1
hard_003,Hard,OpenMP,8,4,0.000790834,1
hard_003,Hard,OpenMP,8,5,0.000825882,1
hard_003,Hard,OpenMP,16,1,0.020673037,1
hard_003,Hard,OpenMP,16,2,0.043982029,1
hard_003,Hard,OpenMP,16,3,0.029159069,1
hard_003,Hard,OpenMP,16,4,0.005879879,1
hard_003,Hard,OpenMP,16,5,0.014472008,1
hard_003,Hard,OMP-BranchBoundMRV,4,1,0.001412868,1
hard_003,Hard,OMP-BranchBoundMRV,4,2,0.001071930,1
hard_003,Hard,OMP-BranchBoundMRV,4,3,0.001327991,1
hard_003,Hard,OMP-BranchBoundMRV,4,4,0.001111984,1
hard_003,Hard,OMP-BranchBoundMRV,4,5,0.001042843,1
hard_003,Hard,OMP-BranchBoundMRV,8,1,0.002237082,1
hard_003,Hard,OMP-BranchBoundMRV,8,2,0.001388073,1
hard_003,Hard,OMP-BranchBoundMRV,8,3,0.001138210,1
hard_003,Hard,OMP-BranchBoundMRV,8,4,0.002354860,1
hard_003,Hard,OMP-BranchBoundMRV,8,5,0.002353907,1
hard_003,Hard,OMP-BranchBoundMRV,16,1,0.022164106,1
hard_003,Hard,OMP-BranchBoundMRV,16,2,0.026589870,1
hard_003,Hard,OMP-BranchBoundMRV,16,3,0.022984982,1
hard_003,Hard,OMP-BranchBoundMRV,16,4,0.013074875,1
hard_003,Hard,OMP-BranchBoundMRV,16,5,0.046478987,1
hard_004,Hard,Serial,1,1,0.004805416,1
hard_004,Hard,Serial,1,2,0.004714667,1
hard_004,Hard,Serial,1,3,0.004735708,1
hard_004,Hard,Serial,1,4,0.004815792,1
hard_004,Hard,Serial,1,5,0.004778875,1
hard_004,Hard,Serial-MRV,1,1,0.016589541,1
hard_004,Hard,Serial-MRV,1,2,0.016743584,1
hard_004,Hard,Serial-MRV,1,3,0.017385792,1
hard_004,Hard,Serial-MRV,1,4,0.017258125,1
hard_004,Hard,Serial-MRV,1,5,0.017412167,1
hard_004,Hard,BranchBound,1,1,0.004149334,1
hard_004,Hard,BranchBound,1,2,0.004117125,1
hard_004,Hard,BranchBound,1,3,0.004082500,1
hard_004,Hard,BranchBound,1,4,0.004159125,1
hard_004,Hard,BranchBound,1,5,0.004099541,1
hard_004,Hard,BranchBoundMRV,1,1,0.021703292,1
hard_004,Hard,BranchBoundMRV,1,2,0.021313959,1
hard_004,Hard,BranchBoundMRV,1,3,0.020926041,1
hard_004,Hard,BranchBoundMRV,1,4,0.020962500,1
hard_004,Hard,BranchBoundMRV,1,5,0.020883333,1
hard_004,Hard,OpenMP,4,1,0.017587185,1
hard_004,Hard,OpenMP,4,2,0.017570972,1
hard_004,Hard,OpenMP,4,3,0.017570972,1
hard_004,Hard,OpenMP,4,4,0.017530918,1
hard_004,Hard,OpenMP,4,5,0.018136978,1
hard_004,Hard,OpenMP,8,1,0.025866985,1
hard_004,Hard,OpenMP,8,2,0.030257940,1
hard_004,Hard,OpenMP,8,3,0.021094084,1
hard_004,Hard,OpenMP,8,4,0.024760962,1
hard_004,Hard,OpenMP,8,5,0.026422024,1
hard_004,Hard,OpenMP,16,1,0.095081091,1
hard_004,Hard,OpenMP,16,2,0.032536030,1
hard_004,Hard,OpenMP,16,3,0.063273907,1
hard_004,Hard,OpenMP,16,4,0.078902006,1
hard_004,Hard,OpenMP,16,5,0.087540865,1
hard_004,Hard,OMP-BranchBoundMRV,4,1,0.022286892,1
hard_004,Hard,OMP-BranchBoundMRV,4,2,0.023157120,1
hard_004,Hard,OMP-BranchBoundMRV,4,3,0.023442984,1
hard_004,Hard,OMP-BranchBoundMRV,4,4,0.023091078,1
hard_004,Hard,OMP-BranchBoundMRV,4,5,0.024742842,1
hard_004,Hard,OMP-BranchBoundMRV,8,1,0.028784990,1
hard_004,Hard,OMP-BranchBoundMRV,8,2,0.023184061,1
hard_004,Hard,OMP-BranchBoundMRV,8,3,0.043233156,1
hard_004,Hard,OMP-BranchBoundMRV,8,4,0.031356096,1
hard_004,Hard,OMP-BranchBoundMRV,8,5,0.035696983,1
hard_004,Hard,OMP-BranchBoundMRV,16,1,0.083162069,1
hard_004,Hard,OMP-BranchBoundMRV,16,2,0.107831001,1
hard_004,Hard,OMP-BranchBoundMRV,16,3,0.081087112,1
hard_004,Hard,OMP-BranchBoundMRV,16,4,0.075313807,1
hard_004,Hard,OMP-BranchBoundMRV,16,5,0.126688004,1
hard_005,Hard,Serial,1,1,0.002333708,1
hard_005,Hard,Serial,1,2,0.002258459,1
hard_005,Hard,Serial,1,3,0.002258958,1
hard_005,Hard,Serial,1,4,0.002260042,1
hard_005,Hard,Serial,1,5,0.002290458,1
hard_005,Hard,Serial-MRV,1,1,0.047225959,1
hard_005,Hard,Serial-MRV,1,2,0.047228334,1
hard_005,Hard,Serial-MRV,1,3,0.047136959,1
hard_005,Hard,Serial-MRV,1,4,0.047146458,1
hard_005,Hard,Serial-MRV,1,5,0.049261333,1
hard_005,Hard,BranchBound,1,1,0.002118333,1
hard_005,Hard,BranchBound,1,2,0.002015958,1
hard_005,Hard,BranchBound,1,3,0.002113792,1
hard_005,Hard,BranchBound,1,4,0.002027708,1
hard_005,Hard,BranchBound,1,5,0.002044875,1
hard_005,Hard,BranchBoundMRV,1,1,0.063847625,1
hard_005,Hard,BranchBoundMRV,1,2,0.063799708,1
hard_005,Hard,BranchBoundMRV,1,3,0.062562542,1
hard_005,Hard,BranchBoundMRV,1,4,0.065452375,1
hard_005,Hard,BranchBoundMRV,1,5,0.064158000,1
hard_005,Hard,OpenMP,4,1,0.004065037,1
hard_005,Hard,OpenMP,4,2,0.004035950,1
hard_005,Hard,OpenMP,4,3,0.004034042,1
hard_005,Hard,OpenMP,4,4,0.004076004,1
hard_005,Hard,OpenMP,4,5,0.004033089,1
hard_005,Hard,OpenMP,8,1,0.010238171,1
hard_005,Hard,OpenMP,8,2,0.004115105,1
hard_005,Hard,OpenMP,8,3,0.004328966,1
hard_005,Hard,OpenMP,8,4,0.010010958,1
hard_005,Hard,OpenMP,8,5,0.004052162,1
hard_005,Hard,OpenMP,16,1,0.040733099,1
hard_005,Hard,OpenMP,16,2,0.031718969,1
hard_005,Hard,OpenMP,16,3,0.026982069,1
hard_005,Hard,OpenMP,16,4,0.018682003,1
hard_005,Hard,OpenMP,16,5,0.033550978,1
hard_005,Hard,OMP-BranchBoundMRV,4,1,0.005688906,1
hard_005,Hard,OMP-BranchBoundMRV,4,2,0.005811930,1
hard_005,Hard,OMP-BranchBoundMRV,4,3,0.006204844,1
hard_005,Hard,OMP-BranchBoundMRV,4,4,0.005769014,1
hard_005,Hard,OMP-BranchBoundMRV,4,5,0.005792141,1
hard_005,Hard,OMP-BranchBoundMRV,8,1,0.010382891,1
hard_005,Hard,OMP-BranchBoundMRV,8,2,0.007541895,1
hard_005,Hard,OMP-BranchBoundMRV,8,3,0.011668921,1
hard_005,Hard,OMP-BranchBoundMRV,8,4,0.007416010,1
hard_005,Hard,OMP-BranchBoundMRV,8,5,0.007142067,1
hard_005,Hard,OMP-BranchBoundMRV,16,1,0.018620014,1
hard_005,Hard,OMP-BranchBoundMRV,16,2,0.019517183,1
hard_005,Hard,OMP-BranchBoundMRV,16,3,0.023956060,1
hard_005,Hard,OMP-BranchBoundMRV,16,4,0.040739059,1
hard_005,Hard,OMP-BranchBoundMRV,16,5,0.056961060,1
hard_006,Hard,Serial,1,1,0.042405833,1
hard_006,Hard,Serial,1,2,0.041873792,1
hard_006,Hard,Serial,1,3,0.040407042,1
hard_006,Hard,Serial,1,4,0.040528209,1
hard_006,Hard,Serial,1,5,0.040613500,1
hard_006,Hard,Serial-MRV,1,1,0.040143250,1
hard_006,Hard,Serial-MRV,1,2,0.038679708,1
hard_006,Hard,Serial-MRV,1,3,0.038662083,1
hard_006,Hard,Serial-MRV,1,4,0.038732875,1
hard_006,Hard,Serial-MRV,1,5,0.038580958,1
hard_006,Hard,BranchBound,1,1,0.037384167,1
hard_006,Hard,BranchBound,1,2,0.037664125,1
hard_006,Hard,BranchBound,1,3,0.037080292,1
hard_006,Hard,BranchBound,1,4,0.036319125,1
hard_006,Hard,BranchBound,1,5,0.036287125,1
hard_006,Hard,BranchBoundMRV,1,1,0.050210084,1
hard_006,Hard,BranchBoundMRV,1,2,0.050032042,1
hard_006,Hard,BranchBoundMRV,1,3,0.050080000,1
hard_006,Hard,BranchBoundMRV,1,4,0.050223375,1
hard_006,Hard,BranchBoundMRV,1,5,0.052197500,1
hard_006,Hard,OpenMP,4,1,0.014724016,1
hard_006,Hard,OpenMP,4,2,0.014631987,1
hard_006,Hard,OpenMP,4,3,0.014637947,1
hard_006,Hard,OpenMP,4,4,0.014647961,1
hard_006,Hard,OpenMP,4,5,0.014686108,1
hard_006,Hard,OpenMP,8,1,0.023257971,1
hard_006,Hard,OpenMP,8,2,0.020470858,1
hard_006,Hard,OpenMP,8,3,0.030956984,1
hard_006,Hard,OpenMP,8,4,0.021463871,1
hard_006,Hard,OpenMP,8,5,0.020897150,1
hard_006,Hard,OpenMP,16,1,0.056474924,1
hard_006,Hard,OpenMP,16,2,0.040530920,1
hard_006,Hard,OpenMP,16,3,0.067646980,1
hard_006,Hard,OpenMP,16,4,0.109848976,1
hard_006,Hard,OpenMP,16,5,0.071427107,1
hard_006,Hard,OMP-BranchBoundMRV,4,1,0.018670082,1
hard_006,Hard,OMP-BranchBoundMRV,4,2,0.018772840,1
hard_006,Hard,OMP-BranchBoundMRV,4,3,0.018880844,1
hard_006,Hard,OMP-BranchBoundMRV,4,4,0.018820047,1
hard_006,Hard,OMP-BranchBoundMRV,4,5,0.018724918,1
hard_006,Hard,OMP-BranchBoundMRV,8,1,0.018764019,1
hard_006,Hard,OMP-BranchBoundMRV,8,2,0.024726152,1
hard_006,Hard,OMP-BranchBoundMRV,8,3,0.033117056,1
hard_006,Hard,OMP-BranchBoundMRV,8,4,0.025207043,1
hard_006,Hard,OMP-BranchBoundMRV,8,5,0.032265902,1
hard_006,Hard,OMP-BranchBoundMRV,16,1,0.065907955,1
hard_006,Hard,OMP-BranchBoundMRV,16,2,0.171072006,1
hard_006,Hard,OMP-BranchBoundMRV,16,3,0.068962097,1
hard_006,Hard,OMP-BranchBoundMRV,16,4,0.085728168,1
hard_006,Hard,OMP-BranchBoundMRV,16,5,0.079634190,1
hard_007,Hard,Serial,1,1,0.004446250,1
hard_007,Hard,Serial,1,2,0.004414458,1
hard_007,Hard,Serial,1,3,0.004460125,1
hard_007,Hard,Serial,1,4,0.004548417,1
hard_007,Hard,Serial,1,5,0.004487000,1
hard_007,Hard,Serial-MRV,1,1,0.022527209,1
hard_007,Hard,Serial-MRV,1,2,0.022494792,1
hard_007,Hard,Serial-MRV,1,3,0.022479750,1
hard_007,Hard,Serial-MRV,1,4,0.022601542,1
hard_007,Hard,Serial-MRV,1,5,0.022406458,1
hard_007,Hard,BranchBound,1,1,0.003922209,1
hard_007,Hard,BranchBound,1,2,0.004112250,1
hard_007,Hard,BranchBound,1,3,0.003930291,1
hard_007,Hard,BranchBound,1,4,0.003894375,1
hard_007,Hard,BranchBound,1,5,0.003890500,1
hard_007,Hard,BranchBoundMRV,1,1,0.029669375,1
hard_007,Hard,BranchBoundMRV,1,2,0.030242708,1
hard_007,Hard,BranchBoundMRV,1,3,0.031105458,1
hard_007,Hard,BranchBoundMRV,1,4,0.030938084,1
hard_007,Hard,BranchBoundMRV,1,5,0.030851750,1
hard_007,Hard,OpenMP,4,1,0.001279831,1
hard_007,Hard,OpenMP,4,2,0.001348019,1
hard_007,Hard,OpenMP,4,3,0.002419233,1
hard_007,Hard,OpenMP,4,4,0.001188040,1
hard_007,Hard,OpenMP,4,5,0.001168966,1
hard_007,Hard,OpenMP,8,1,0.001219988,1
hard_007,Hard,OpenMP,8,2,0.001233816,1
hard_007,Hard,OpenMP,8,3,0.002669811,1
hard_007,Hard,OpenMP,8,4,0.001199007,1
hard_007,Hard,OpenMP,8,5,0.002679825,1
hard_007,Hard,OpenMP,16,1,0.014577866,1
hard_007,Hard,OpenMP,16,2,0.003824949,1
hard_007,Hard,OpenMP,16,3,0.027206898,1
hard_007,Hard,OpenMP,16,4,0.049355030,1
hard_007,Hard,OpenMP,16,5,0.025685072,1
hard_007,Hard,OMP-BranchBoundMRV,4,1,0.001832962,1
hard_007,Hard,OMP-BranchBoundMRV,4,2,0.001818895,1
hard_007,Hard,OMP-BranchBoundMRV,4,3,0.001813173,1
hard_007,Hard,OMP-BranchBoundMRV,4,4,0.001811981,1
hard_007,Hard,OMP-BranchBoundMRV,4,5,0.001798153,1
hard_007,Hard,OMP-BranchBoundMRV,8,1,0.004689932,1
hard_007,Hard,OMP-BranchBoundMRV,8,2,0.004009962,1
hard_007,Hard,OMP-BranchBoundMRV,8,3,0.004239082,1
hard_007,Hard,OMP-BranchBoundMRV,8,4,0.004605055,1
hard_007,Hard,OMP-BranchBoundMRV,8,5,0.004008055,1
hard_007,Hard,OMP-BranchBoundMRV,16,1,0.053838968,1
hard_007,Hard,OMP-BranchBoundMRV,16,2,0.027690887,1
hard_007,Hard,OMP-BranchBoundMRV,16,3,0.017707109,1
hard_007,Hard,OMP-BranchBoundMRV,16,4,0.021668196,1
hard_007,Hard,OMP-BranchBoundMRV,16,5,0.005238056,1
hard_008,Hard,Serial,1,1,0.014122125,1
hard_008,Hard,Serial,1,2,0.013292375,1
hard_008,Hard,Serial,1,3,0.013272916,1
hard_008,Hard,Serial,1,4,0.013170625,1
hard_008,Hard,Serial,1,5,0.013238917,1
hard_008,Hard,Serial-MRV,1,1,0.018212167,1
hard_008,Hard,Serial-MRV,1,2,0.018161792,1
hard_008,Hard,Serial-MRV,1,3,0.018136792,1
hard_008,Hard,Serial-MRV,1,4,0.018186041,1
hard_008,Hard,Serial-MRV,1,5,0.018131000,1
hard_008,Hard,BranchBound,1,1,0.011833334,1
hard_008,Hard,BranchBound,1,2,0.011892542,1
hard_008,Hard,BranchBound,1,3,0.011909750,1
hard_008,Hard,BranchBound,1,4,0.012279125,1
hard_008,Hard,BranchBound,1,5,0.012441833,1
hard_008,Hard,BranchBoundMRV,1,1,0.023604500,1
hard_008,Hard,BranchBoundMRV,1,2,0.023728916,1
hard_008,Hard,BranchBoundMRV,1,3,0.023659292,1
hard_008,Hard,BranchBoundMRV,1,4,0.023274542,1
hard_008,Hard,BranchBoundMRV,1,5,0.022579375,1
hard_008,Hard,OpenMP,4,1,0.019252062,1
hard_008,Hard,OpenMP,4,2,0.019251108,1
hard_008,Hard,OpenMP,4,3,0.019266129,1
hard_008,Hard,OpenMP,4,4,0.019196987,1
hard_008,Hard,OpenMP,4,5,0.019726992,1
hard_008,Hard,OpenMP,8,1,0.026693106,1
hard_008,Hard,OpenMP,8,2,0.035369873,1
hard_008,Hard,OpenMP,8,3,0.032225132,1
hard_008,Hard,OpenMP,8,4,0.039548159,1
hard_008,Hard,OpenMP,8,5,0.025700092,1
hard_008,Hard,OpenMP,16,1,0.063800097,1
hard_008,Hard,OpenMP,16,2,0.111059904,1
hard_008,Hard,OpenMP,16,3,0.072572947,1
hard_008,Hard,OpenMP,16,4,0.084691048,1
hard_008,Hard,OpenMP,16,5,0.084626913,1
hard_008,Hard,OMP-BranchBoundMRV,4,1,0.024230957,1
hard_008,Hard,OMP-BranchBoundMRV,4,2,0.024114132,1
hard_008,Hard,OMP-BranchBoundMRV,4,3,0.024614096,1
hard_008,Hard,OMP-BranchBoundMRV,4,4,0.025000095,1
hard_008,Hard,OMP-BranchBoundMRV,4,5,0.024896860,1
hard_008,Hard,OMP-BranchBoundMRV,8,1,0.029885054,1
hard_008,Hard,OMP-BranchBoundMRV,8,2,0.032033205,1
hard_008,Hard,OMP-BranchBoundMRV,8,3,0.038887024,1
hard_008,Hard,OMP-BranchBoundMRV,8,4,0.039361000,1
hard_008,Hard,OMP-BranchBoundMRV,8,5,0.031748056,1
hard_008,Hard,OMP-BranchBoundMRV,16,1,0.077087164,1
hard_008,Hard,OMP-BranchBoundMRV,16,2,0.117758989,1
hard_008,Hard,OMP-BranchBoundMRV,16,3,0.080244780,1
hard_008,Hard,OMP-BranchBoundMRV,16,4,0.111827135,1
hard_008,Hard,OMP-BranchBoundMRV,16,5,0.079061031,1
hard_009,Hard,Serial,1,1,0.010090417,1
hard_009,Hard,Serial,1,2,0.009957500,1
hard_009,Hard,Serial,1,3,0.009935417,1
hard_009,Hard,Serial,1,4,0.009985084,1
hard_009,Hard,Serial,1,5,0.009856708,1
hard_009,Hard,Serial-MRV,1,1,0.019100917,1
hard_009,Hard,Serial-MRV,1,2,0.018961667,1
hard_009,Hard,Serial-MRV,1,3,0.018991166,1
hard_009,Hard,Serial-MRV,1,4,0.019208792,1
hard_009,Hard,Serial-MRV,1,5,0.019106083,1
hard_009,Hard,BranchBound,1,1,0.008710000,1
hard_009,Hard,BranchBound,1,2,0.008728709,1
hard_009,Hard,BranchBound,1,3,0.008658208,1
hard_009,Hard,BranchBound,1,4,0.008699541,1
hard_009,Hard,BranchBound,1,5,0.008661292,1
hard_009,Hard,BranchBoundMRV,1,1,0.025649375,1
hard_009,Hard,BranchBoundMRV,1,2,0.025948834,1
hard_009,Hard,BranchBoundMRV,1,3,0.026177083,1
hard_009,Hard,BranchBoundMRV,1,4,0.026077416,1
hard_009,Hard,BranchBoundMRV,1,5,0.025691875,1
hard_009,Hard,OpenMP,4,1,0.008703947,1
hard_009,Hard,OpenMP,4,2,0.008691072,1
hard_009,Hard,OpenMP,4,3,0.008706093,1
hard_009,Hard,OpenMP,4,4,0.008738041,1
hard_009,Hard,OpenMP,4,5,0.008755922,1
hard_009,Hard,OpenMP,8,1,0.008688927,1
hard_009,Hard,OpenMP,8,2,0.008737803,1
hard_009,Hard,OpenMP,8,3,0.016953945,1
hard_009,Hard,OpenMP,8,4,0.008677006,1
hard_009,Hard,OpenMP,8,5,0.008730888,1
hard_009,Hard,OpenMP,16,1,0.029104948,1
hard_009,Hard,OpenMP,16,2,0.028419971,1
hard_009,Hard,OpenMP,16,3,0.019792080,1
hard_009,Hard,OpenMP,16,4,0.030007124,1
hard_009,Hard,OpenMP,16,5,0.023877859,1
hard_009,Hard,OMP-BranchBoundMRV,4,1,0.012686968,1
hard_009,Hard,OMP-BranchBoundMRV,4,2,0.012636900,1
hard_009,Hard,OMP-BranchBoundMRV,4,3,0.012257814,1
hard_009,Hard,OMP-BranchBoundMRV,4,4,0.012205124,1
hard_009,Hard,OMP-BranchBoundMRV,4,5,0.011938095,1
hard_009,Hard,OMP-BranchBoundMRV,8,1,0.013091087,1
hard_009,Hard,OMP-BranchBoundMRV,8,2,0.014351130,1
hard_009,Hard,OMP-BranchBoundMRV,8,3,0.015762091,1
hard_009,Hard,OMP-BranchBoundMRV,8,4,0.011548996,1
hard_009,Hard,OMP-BranchBoundMRV,8,5,0.024780035,1
hard_009,Hard,OMP-BranchBoundMRV,16,1,0.044064045,1
hard_009,Hard,OMP-BranchBoundMRV,16,2,0.064898014,1
hard_009,Hard,OMP-BranchBoundMRV,16,3,0.061376095,1
hard_009,Hard,OMP-BranchBoundMRV,16,4,0.072167873,1
hard_009,Hard,OMP-BranchBoundMRV,16,5,0.038480043,1
hard_010,Hard,Serial,1,1,0.002758125,1
hard_010,Hard,Serial,1,2,0.002804750,1
hard_010,Hard,Serial,1,3,0.002747750,1
hard_010,Hard,Serial,1,4,0.002759833,1
hard_010,Hard,Serial,1,5,0.002751959,1
hard_010,Hard,Serial-MRV,1,1,0.020610292,1
hard_010,Hard,Serial-MRV,1,2,0.020516292,1
hard_010,Hard,Serial-MRV,1,3,0.020457250,1
hard_010,Hard,Serial-MRV,1,4,0.020525666,1
hard_010,Hard,Serial-MRV,1,5,0.020535417,1
hard_010,Hard,BranchBound,1,1,0.002482209,1
hard_010,Hard,BranchBound,1,2,0.002477459,1
hard_010,Hard,BranchBound,1,3,0.002473292,1
hard_010,Hard,BranchBound,1,4,0.002473875,1
hard_010,Hard,BranchBound,1,5,0.002471875,1
hard_010,Hard,BranchBoundMRV,1,1,0.026187000,1
hard_010,Hard,BranchBoundMRV,1,2,0.026355834,1
hard_010,Hard,BranchBoundMRV,1,3,0.026573125,1
hard_010,Hard,BranchBoundMRV,1,4,0.027473667,1
hard_010,Hard,BranchBoundMRV,1,5,0.027518000,1
hard_010,Hard,OpenMP,4,1,0.001415968,1
hard_010,Hard,OpenMP,4,2,0.001343012,1
hard_010,Hard,OpenMP,4,3,0.001564026,1
hard_010,Hard,OpenMP,4,4,0.001365900,1
hard_010,Hard,OpenMP,4,5,0.001338959,1
hard_010,Hard,OpenMP,8,1,0.001415014,1
hard_010,Hard,OpenMP,8,2,0.001374006,1
hard_010,Hard,OpenMP,8,3,0.003167868,1
hard_010,Hard,OpenMP,8,4,0.001385927,1
hard_010,Hard,OpenMP,8,5,0.005228043,1
hard_010,Hard,OpenMP,16,1,0.003764868,1
hard_010,Hard,OpenMP,16,2,0.008082867,1
hard_010,Hard,OpenMP,16,3,0.173618793,1
hard_010,Hard,OpenMP,16,4,0.023838997,1
hard_010,Hard,OpenMP,16,5,0.014395952,1
hard_010,Hard,OMP-BranchBoundMRV,4,1,0.008800983,1
hard_010,Hard,OMP-BranchBoundMRV,4,2,0.002157927,1
hard_010,Hard,OMP-BranchBoundMRV,4,3,0.002195835,1
hard_010,Hard,OMP-BranchBoundMRV,4,4,0.002125978,1
hard_010,Hard,OMP-BranchBoundMRV,4,5,0.002113104,1
hard_010,Hard,OMP-BranchBoundMRV,8,1,0.002174854,1
hard_010,Hard,OMP-BranchBoundMRV,8,2,0.006714106,1
hard_010,Hard,OMP-BranchBoundMRV,8,3,0.002121925,1
hard_010,Hard,OMP-BranchBoundMRV,8,4,0.004433870,1
hard_010,Hard,OMP-BranchBoundMRV,8,5,0.004837990,1
hard_010,Hard,OMP-BranchBoundMRV,16,1,0.045370817,1
hard_010,Hard,OMP-BranchBoundMRV,16,2,0.037520885,1
hard_010,Hard,OMP-BranchBoundMRV,16,3,0.063899040,1
hard_010,Hard,OMP-BranchBoundMRV,16,4,0.026345968,1
hard_010,Hard,OMP-BranchBoundMRV,16,5,0.012315989,1
hard_011,Hard,Serial,1,1,0.010948375,1
hard_011,Hard,Serial,1,2,0.011061750,1
hard_011,Hard,Serial,1,3,0.011044417,1
hard_011,Hard,Serial,1,4,0.011148875,1
hard_011,Hard,Serial,1,5,0.010901542,1
hard_011,Hard,Serial-MRV,1,1,0.018916250,1
hard_011,Hard,Serial-MRV,1,2,0.018393292,1
hard_011,Hard,Serial-MRV,1,3,0.018032958,1
hard_011,Hard,Serial-MRV,1,4,0.017930000,1
hard_011,Hard,Serial-MRV,1,5,0.018070250,1
hard_011,Hard,BranchBound,1,1,0.008928459,1
hard_011,Hard,BranchBound,1,2,0.008933250,1
hard_011,Hard,BranchBound,1,3,0.008931875,1
hard_011,Hard,BranchBound,1,4,0.008930500,1
hard_011,Hard,BranchBound,1,5,0.008910916,1
hard_011,Hard,BranchBoundMRV,1,1,0.023176000,1
hard_011,Hard,BranchBoundMRV,1,2,0.023462375,1
hard_011,Hard,BranchBoundMRV,1,3,0.023785292,1
hard_011,Hard,BranchBoundMRV,1,4,0.023693541,1
hard_011,Hard,BranchBoundMRV,1,5,0.023576292,1
hard_011,Hard,OpenMP,4,1,0.001639128,1
hard_011,Hard,OpenMP,4,2,0.001589060,1
hard_011,Hard,OpenMP,4,3,0.001579046,1
hard_011,Hard,OpenMP,4,4,0.001587868,1
hard_011,Hard,OpenMP,4,5,0.001652956,1
hard_011,Hard,OpenMP,8,1,0.002231836,1
hard_011,Hard,OpenMP,8,2,0.003648043,1
hard_011,Hard,OpenMP,8,3,0.001623154,1
hard_011,Hard,OpenMP,8,4,0.003719091,1
hard_011,Hard,OpenMP,8,5,0.008249998,1
hard_011,Hard,OpenMP,16,1,0.021273136,1
hard_011,Hard,OpenMP,16,2,0.024679184,1
hard_011,Hard,OpenMP,16,3,0.043020010,1
hard_011,Hard,OpenMP,16,4,0.021929026,1
hard_011,Hard,OpenMP,16,5,0.021296978,1
hard_011,Hard,OMP-BranchBoundMRV,4,1,0.002261162,1
hard_011,Hard,OMP-BranchBoundMRV,4,2,0.002212048,1
hard_011,Hard,OMP-BranchBoundMRV,4,3,0.002241135,1
hard_011,Hard,OMP-BranchBoundMRV,4,4,0.002217054,1
hard_011,Hard,OMP-BranchBoundMRV,4,5,0.002210140,1
hard_011,Hard,OMP-BranchBoundMRV,8,1,0.002272844,1
hard_011,Hard,OMP-BranchBoundMRV,8,2,0.005037069,1
hard_011,Hard,OMP-BranchBoundMRV,8,3,0.002270937,1
hard_011,Hard,OMP-BranchBoundMRV,8,4,0.002239943,1
hard_011,Hard,OMP-BranchBoundMRV,8,5,0.002256155,1
hard_011,Hard,OMP-BranchBoundMRV,16,1,0.067354918,1
hard_011,Hard,OMP-BranchBoundMRV,16,2,0.021072865,1
hard_011,Hard,OMP-BranchBoundMRV,16,3,0.013966084,1
hard_011,Hard,OMP-BranchBoundMRV,16,4,0.019389153,1
hard_011,Hard,OMP-BranchBoundMRV,16,5,0.020610094,1
hard_012,Hard,Serial,1,1,0.031396083,1
hard_012,Hard,Serial,1,2,0.031513958,1
hard_012,Hard,Serial,1,3,0.031416125,1
hard_012,Hard,Serial,1,4,0.031440083,1
hard_012,Hard,Serial,1,5,0.031795709,1
hard_012,Hard,Serial-MRV,1,1,0.032270958,1
hard_012,Hard,Serial-MRV,1,2,0.033080416,1
hard_012,Hard,Serial-MRV,1,3,0.033704125,1
hard_012,Hard,Serial-MRV,1,4,0.032965209,1
hard_012,Hard,Serial-MRV,1,5,0.031852500,1
hard_012,Hard,BranchBound,1,1,0.027186375,1
hard_012,Hard,BranchBound,1,2,0.027018458,1
hard_012,Hard,BranchBound,1,3,0.027153833,1
hard_012,Hard,BranchBound,1,4,0.027146875,1
hard_012,Hard,BranchBound,1,5,0.027273167,1
hard_012,Hard,BranchBoundMRV,1,1,0.044232416,1
hard_012,Hard,BranchBoundMRV,1,2,0.045148666,1
hard_012,Hard,BranchBoundMRV,1,3,0.046071792,1
hard_012,Hard,BranchBoundMRV,1,4,0.045629917,1
hard_012,Hard,BranchBoundMRV,1,5,0.044607458,1
hard_012,Hard,OpenMP,4,1,0.011131048,1
hard_012,Hard,OpenMP,4,2,0.011096001,1
hard_012,Hard,OpenMP,4,3,0.011076927,1
hard_012,Hard,OpenMP,4,4,0.011075974,1
hard_012,Hard,OpenMP,4,5,0.011104107,1
hard_012,Hard,OpenMP,8,1,0.017108917,1
hard_012,Hard,OpenMP,8,2,0.011237144,1
hard_012,Hard,OpenMP,8,3,0.011160135,1
hard_012,Hard,OpenMP,8,4,0.017232895,1
hard_012,Hard,OpenMP,8,5,0.012639999,1
hard_012,Hard,OpenMP,16,1,0.041791916,1
hard_012,Hard,OpenMP,16,2,0.036151886,1
hard_012,Hard,OpenMP,16,3,0.038860083,1
hard_012,Hard,OpenMP,16,4,0.044253111,1
hard_012,Hard,OpenMP,16,5,0.031836987,1
hard_012,Hard,OMP-BranchBoundMRV,4,1,0.015293121,1
hard_012,Hard,OMP-BranchBoundMRV,4,2,0.015190125,1
hard_012,Hard,OMP-BranchBoundMRV,4,3,0.015209913,1
hard_012,Hard,OMP-BranchBoundMRV,4,4,0.015169144,1
hard_012,Hard,OMP-BranchBoundMRV,4,5,0.015200138,1
hard_012,Hard,OMP-BranchBoundMRV,8,1,0.015242100,1
hard_012,Hard,OMP-BranchBoundMRV,8,2,0.023510933,1
hard_012,Hard,OMP-BranchBoundMRV,8,3,0.022994995,1
hard_012,Hard,OMP-BranchBoundMRV,8,4,0.023390055,1
hard_012,Hard,OMP-BranchBoundMRV,8,5,0.021094084,1
hard_012,Hard,OMP-BranchBoundMRV,16,1,0.081289768,1
hard_012,Hard,OMP-BranchBoundMRV,16,2,0.100413799,1
hard_012,Hard,OMP-BranchBoundMRV,16,3,0.077727079,1
hard_012,Hard,OMP-BranchBoundMRV,16,4,0.041898966,1
hard_012,Hard,OMP-BranchBoundMRV,16,5,0.053565025,1
hard_013,Hard,Serial,1,1,0.008092125,1
hard_013,Hard,Serial,1,2,0.008229166,1
hard_013,Hard,Serial,1,3,0.008179333,1
hard_013,Hard,Serial,1,4,0.008147000,1
hard_013,Hard,Serial,1,5,0.008169667,1
hard_013,Hard,Serial-MRV,1,1,0.017042834,1
hard_013,Hard,Serial-MRV,1,2,0.017056875,1
hard_013,Hard,Serial-MRV,1,3,0.017024875,1
hard_013,Hard,Serial-MRV,1,4,0.016962667,1
hard_013,Hard,Serial-MRV,1,5,0.017066750,1
hard_013,Hard,BranchBound,1,1,0.007553875,1
hard_013,Hard,BranchBound,1,2,0.007587083,1
hard_013,Hard,BranchBound,1,3,0.007450500,1
hard_013,Hard,BranchBound,1,4,0.007471250,1
hard_013,Hard,BranchBound,1,5,0.007476584,1
hard_013,Hard,BranchBoundMRV,1,1,0.022473125,1
hard_013,Hard,BranchBoundMRV,1,2,0.022469375,1
hard_013,Hard,BranchBoundMRV,1,3,0.023314667,1
hard_013,Hard,BranchBoundMRV,1,4,0.022989250,1
hard_013,Hard,BranchBoundMRV,1,5,0.026184958,1
hard_013,Hard,OpenMP,4,1,0.002060175,1
hard_013,Hard,OpenMP,4,2,0.031683922,1
hard_013,Hard,OpenMP,4,3,0.017076015,1
hard_013,Hard,OpenMP,4,4,0.001356840,1
hard_013,Hard,OpenMP,4,5,0.001867056,1
hard_013,Hard,OpenMP,8,1,0.041677952,1
hard_013,Hard,OpenMP,8,2,0.003137112,1
hard_013,Hard,OpenMP,8,3,0.003613949,1
hard_013,Hard,OpenMP,8,4,0.018125772,1
hard_013,Hard,OpenMP,8,5,0.003490210,1
hard_013,Hard,OpenMP,16,1,0.024737120,1
hard_013,Hard,OpenMP,16,2,0.008049965,1
hard_013,Hard,OpenMP,16,3,0.010952950,1
hard_013,Hard,OpenMP,16,4,0.019251108,1
hard_013,Hard,OpenMP,16,5,0.007508993,1
hard_013,Hard,OMP-BranchBoundMRV,4,1,0.001887083,1
hard_013,Hard,OMP-BranchBoundMRV,4,2,0.001470089,1
hard_013,Hard,OMP-BranchBoundMRV,4,3,0.001765013,1
hard_013,Hard,OMP-BranchBoundMRV,4,4,0.001684904,1
hard_013,Hard,OMP-BranchBoundMRV,4,5,0.003705025,1
hard_013,Hard,OMP-BranchBoundMRV,8,1,0.002489090,1
hard_013,Hard,OMP-BranchBoundMRV,8,2,0.001410961,1
hard_013,Hard,OMP-BranchBoundMRV,8,3,0.002106905,1
hard_013,Hard,OMP-BranchBoundMRV,8,4,0.002600908,1
hard_013,Hard,OMP-BranchBoundMRV,8,5,0.002517939,1
hard_013,Hard,OMP-BranchBoundMRV,16,1,0.008425951,1
hard_013,Hard,OMP-BranchBoundMRV,16,2,0.018241882,1
hard_013,Hard,OMP-BranchBoundMRV,16,3,0.007255077,1
hard_013,Hard,OMP-BranchBoundMRV,16,4,0.015624046,1
hard_013,Hard,OMP-BranchBoundMRV,16,5,0.020646811,1
hard_014,Hard,Serial,1,1,0.012842292,1
hard_014,Hard,Serial,1,2,0.012847041,1
hard_014,Hard,Serial,1,3,0.012327083,1
hard_014,Hard,Serial,1,4,0.015831375,1
hard_014,Hard,Serial,1,5,0.012634459,1
hard_014,Hard,Serial-MRV,1,1,0.021592750,1
hard_014,Hard,Serial-MRV,1,2,0.021967292,1
hard_014,Hard,Serial-MRV,1,3,0.022270333,1
hard_014,Hard,Serial-MRV,1,4,0.021802375,1
hard_014,Hard,Serial-MRV,1,5,0.022434458,1
hard_014,Hard,BranchBound,1,1,0.010351625,1
hard_014,Hard,BranchBound,1,2,0.010453667,1
hard_014,Hard,BranchBound,1,3,0.010437666,1
hard_014,Hard,BranchBound,1,4,0.010290833,1
hard_014,Hard,BranchBound,1,5,0.010364542,1
hard_014,Hard,BranchBoundMRV,1,1,0.026611208,1
hard_014,Hard,BranchBoundMRV,1,2,0.026817291,1
hard_014,Hard,BranchBoundMRV,1,3,0.026577916,1
hard_014,Hard,BranchBoundMRV,1,4,0.026558834,1
hard_014,Hard,BranchBoundMRV,1,5,0.026396375,1
hard_014,Hard,OpenMP,4,1,0.001348019,1
hard_014,Hard,OpenMP,4,2,0.001317978,1
hard_014,Hard,OpenMP,4,3,0.001312017,1
hard_014,Hard,OpenMP,4,4,0.001315117,1
hard_014,Hard,OpenMP,4,5,0.001343012,1
hard_014,Hard,OpenMP,8,1,0.001379967,1
hard_014,Hard,OpenMP,8,2,0.001427889,1
hard_014,Hard,OpenMP,8,3,0.006626129,1
hard_014,Hard,OpenMP,8,4,0.001403093,1
hard_014,Hard,OpenMP,8,5,0.004278898,1
hard_014,Hard,OpenMP,16,1,0.028829098,1
hard_014,Hard,OpenMP,16,2,0.022099018,1
hard_014,Hard,OpenMP,16,3,0.009255886,1
hard_014,Hard,OpenMP,16,4,0.053286791,1
hard_014,Hard,OpenMP,16,5,0.014980078,1
hard_014,Hard,OMP-BranchBoundMRV,4,1,0.019537926,1
hard_014,Hard,OMP-BranchBoundMRV,4,2,0.002331018,1
hard_014,Hard,OMP-BranchBoundMRV,4,3,0.003655910,1
hard_014,Hard,OMP-BranchBoundMRV,4,4,0.001914024,1
hard_014,Hard,OMP-BranchBoundMRV,4,5,0.002840996,1
hard_014,Hard,OMP-BranchBoundMRV,8,1,0.006721973,1
hard_014,Hard,OMP-BranchBoundMRV,8,2,0.009927988,1
hard_014,Hard,OMP-BranchBoundMRV,8,3,0.004498005,1
hard_014,Hard,OMP-BranchBoundMRV,8,4,0.011071920,1
hard_014,Hard,OMP-BranchBoundMRV,8,5,0.005354881,1
hard_014,Hard,OMP-BranchBoundMRV,16,1,0.024968863,1
hard_014,Hard,OMP-BranchBoundMRV,16,2,0.009989023,1
hard_014,Hard,OMP-BranchBoundMRV,16,3,0.008939028,1
hard_014,Hard,OMP-BranchBoundMRV,16,4,0.014618158,1
hard_014,Hard,OMP-BranchBoundMRV,16,5,0.021060944,1
hard_015,Hard,Serial,1,1,0.004667791,1
hard_015,Hard,Serial,1,2,0.004646625,1
hard_015,Hard,Serial,1,3,0.005099500,1
hard_015,Hard,Serial,1,4,0.004986792,1
hard_015,Hard,Serial,1,5,0.004691708,1
hard_015,Hard,Serial-MRV,1,1,0.042426625,1
hard_015,Hard,Serial-MRV,1,2,0.041918625,1
hard_015,Hard,Serial-MRV,1,3,0.042880583,1
hard_015,Hard,Serial-MRV,1,4,0.041776417,1
hard_015,Hard,Serial-MRV,1,5,0.042698209,1
hard_015,Hard,BranchBound,1,1,0.004323708,1
hard_015,Hard,BranchBound,1,2,0.004307958,1
hard_015,Hard,BranchBound,1,3,0.004340375,1
hard_015,Hard,BranchBound,1,4,0.004243958,1
hard_015,Hard,BranchBound,1,5,0.004266375,1
hard_015,Hard,BranchBoundMRV,1,1,0.053169000,1
hard_015,Hard,BranchBoundMRV,1,2,0.051526500,1
hard_015,Hard,BranchBoundMRV,1,3,0.051245500,1
hard_015,Hard,BranchBoundMRV,1,4,0.052258416,1
hard_015,Hard,BranchBoundMRV,1,5,0.053000000,1
hard_015,Hard,OpenMP,4,1,0.004126072,1
hard_015,Hard,OpenMP,4,2,0.003959894,1
hard_015,Hard,OpenMP,4,3,0.003993034,1
hard_015,Hard,OpenMP,4,4,0.003829002,1
hard_015,Hard,OpenMP,4,5,0.003896952,1
hard_015,Hard,OpenMP,8,1,0.003818035,1
hard_015,Hard,OpenMP,8,2,0.003822803,1
hard_015,Hard,OpenMP,8,3,0.011471987,1
hard_015,Hard,OpenMP,8,4,0.004208088,1
hard_015,Hard,OpenMP,8,5,0.022989988,1
hard_015,Hard,OpenMP,16,1,0.038895130,1
hard_015,Hard,OpenMP,16,2,0.018921137,1
hard_015,Hard,OpenMP,16,3,0.022933006,1
hard_015,Hard,OpenMP,16,4,0.013242960,1
hard_015,Hard,OpenMP,16,5,0.020543814,1
hard_015,Hard,OMP-BranchBoundMRV,4,1,0.005246878,1
hard_015,Hard,OMP-BranchBoundMRV,4,2,0.005171061,1
hard_015,Hard,OMP-BranchBoundMRV,4,3,0.005208969,1
hard_015,Hard,OMP-BranchBoundMRV,4,4,0.006057024,1
hard_015,Hard,OMP-BranchBoundMRV,4,5,0.007858992,1
hard_015,Hard,OMP-BranchBoundMRV,8,1,0.010431051,1
hard_015,Hard,OMP-BranchBoundMRV,8,2,0.009675980,1
hard_015,Hard,OMP-BranchBoundMRV,8,3,0.005887985,1
hard_015,Hard,OMP-BranchBoundMRV,8,4,0.010467052,1
hard_015,Hard,OMP-BranchBoundMRV,8,5,0.005733967,1
hard_015,Hard,OMP-BranchBoundMRV,16,1,0.024824858,1
hard_015,Hard,OMP-BranchBoundMRV,16,2,0.032463074,1
hard_015,Hard,OMP-BranchBoundMRV,16,3,0.036237955,1
hard_015,Hard,OMP-BranchBoundMRV,16,4,0.064497948,1
hard_015,Hard,OMP-BranchBoundMRV,16,5,0.024173975,1
hard_016,Hard,Serial,1,1,0.005556708,1
hard_016,Hard,Serial,1,2,0.005405958,1
hard_016,Hard,Serial,1,3,0.005427333,1
hard_016,Hard,Serial,1,4,0.005452125,1
hard_016,Hard,Serial,1,5,0.005592459,1
hard_016,Hard,Serial-MRV,1,1,0.014924500,1
hard_016,Hard,Serial-MRV,1,2,0.014726250,1
hard_016,Hard,Serial-MRV,1,3,0.014809583,1
hard_016,Hard,Serial-MRV,1,4,0.014651500,1
hard_016,Hard,Serial-MRV,1,5,0.014512375,1
hard_016,Hard,BranchBound,1,1,0.004825958,1
hard_016,Hard,BranchBound,1,2,0.004800292,1
hard_016,Hard,BranchBound,1,3,0.004823667,1
hard_016,Hard,BranchBound,1,4,0.004883917,1
hard_016,Hard,BranchBound,1,5,0.004769708,1
hard_016,Hard,BranchBoundMRV,1,1,0.018941208,1
hard_016,Hard,BranchBoundMRV,1,2,0.019212916,1
hard_016,Hard,BranchBoundMRV,1,3,0.019364375,1
hard_016,Hard,BranchBoundMRV,1,4,0.019338459,1
hard_016,Hard,BranchBoundMRV,1,5,0.020032750,1
hard_016,Hard,OpenMP,4,1,0.008294106,1
hard_016,Hard,OpenMP,4,2,0.007965088,1
hard_016,Hard,OpenMP,4,3,0.008264065,1
hard_016,Hard,OpenMP,4,4,0.010533810,1
hard_016,Hard,OpenMP,4,5,0.008371115,1
hard_016,Hard,OpenMP,8,1,0.007875919,1
hard_016,Hard,OpenMP,8,2,0.009322882,1
hard_016,Hard,OpenMP,8,3,0.009146929,1
hard_016,Hard,OpenMP,8,4,0.008323908,1
hard_016,Hard,OpenMP,8,5,0.007975817,1
hard_016,Hard,OpenMP,16,1,0.041886091,1
hard_016,Hard,OpenMP,16,2,0.065910101,1
hard_016,Hard,OpenMP,16,3,0.040298939,1
hard_016,Hard,OpenMP,16,4,0.016628027,1
hard_016,Hard,OpenMP,16,5,0.031998158,1
hard_016,Hard,OMP-BranchBoundMRV,4,1,0.010874033,1
hard_016,Hard,OMP-BranchBoundMRV,4,2,0.010684967,1
hard_016,Hard,OMP-BranchBoundMRV,4,3,0.010460854,1
hard_016,Hard,OMP-BranchBoundMRV,4,4,0.010403872,1
hard_016,Hard,OMP-BranchBoundMRV,4,5,0.010366917,1
hard_016,Hard,OMP-BranchBoundMRV,8,1,0.022585869,1
hard_016,Hard,OMP-BranchBoundMRV,8,2,0.025404930,1
hard_016,Hard,OMP-BranchBoundMRV,8,3,0.010489941,1
hard_016,Hard,OMP-BranchBoundMRV,8,4,0.010378122,1
hard_016,Hard,OMP-BranchBoundMRV,8,5,0.010626078,1
hard_016,Hard,OMP-BranchBoundMRV,16,1,0.034146786,1
hard_016,Hard,OMP-BranchBoundMRV,16,2,0.030082941,1
hard_016,Hard,OMP-BranchBoundMRV,16,3,0.023248911,1
hard_016,Hard,OMP-BranchBoundMRV,16,4,0.073317051,1
hard_016,Hard,OMP-BranchBoundMRV,16,5,0.075708151,1
hard_017,Hard,Serial,1,1,0.065127584,1
hard_017,Hard,Serial,1,2,0.067439583,1
hard_017,Hard,Serial,1,3,0.068300334,1
hard_017,Hard,Serial,1,4,0.069829209,1
hard_017,Hard,Serial,1,5,0.092883083,1
hard_017,Hard,Serial-MRV,1,1,0.019529875,1
hard_017,Hard,Serial-MRV,1,2,0.019069083,1
hard_017,Hard,Serial-MRV,1,3,0.018950416,1
hard_017,Hard,Serial-MRV,1,4,0.018985333,1
hard_017,Hard,Serial-MRV,1,5,0.018761375,1
hard_017,Hard,BranchBound,1,1,0.054869500,1
hard_017,Hard,BranchBound,1,2,0.055215292,1
hard_017,Hard,BranchBound,1,3,0.057127875,1
hard_017,Hard,BranchBound,1,4,0.056403209,1
hard_017,Hard,BranchBound,1,5,0.054935792,1
hard_017,Hard,BranchBoundMRV,1,1,0.025005917,1
hard_017,Hard,BranchBoundMRV,1,2,0.024786833,1
hard_017,Hard,BranchBoundMRV,1,3,0.025004375,1
hard_017,Hard,BranchBoundMRV,1,4,0.025345791,1
hard_017,Hard,BranchBoundMRV,1,5,0.025480416,1
hard_017,Hard,OpenMP,4,1,0.005068064,1
hard_017,Hard,OpenMP,4,2,0.005663157,1
hard_017,Hard,OpenMP,4,3,0.005284071,1
hard_017,Hard,OpenMP,4,4,0.005145073,1
hard_017,Hard,OpenMP,4,5,0.005268812,1
hard_017,Hard,OpenMP,8,1,0.005590916,1
hard_017,Hard,OpenMP,8,2,0.007660866,1
hard_017,Hard,OpenMP,8,3,0.005486965,1
hard_017,Hard,OpenMP,8,4,0.004163980,1
hard_017,Hard,OpenMP,8,5,0.006762981,1
hard_017,Hard,OpenMP,16,1,0.023896933,1
hard_017,Hard,OpenMP,16,2,0.016629934,1
hard_017,Hard,OpenMP,16,3,0.018616915,1
hard_017,Hard,OpenMP,16,4,0.013372898,1
hard_017,Hard,OpenMP,16,5,0.027076960,1
hard_017,Hard,OMP-BranchBoundMRV,4,1,0.008268118,1
hard_017,Hard,OMP-BranchBoundMRV,4,2,0.007987022,1
hard_017,Hard,OMP-BranchBoundMRV,4,3,0.008117914,1
hard_017,Hard,OMP-BranchBoundMRV,4,4,0.008222103,1
hard_017,Hard,OMP-BranchBoundMRV,4,5,0.008073807,1
hard_017,Hard,OMP-BranchBoundMRV,8,1,0.004441977,1
hard_017,Hard,OMP-BranchBoundMRV,8,2,0.010279894,1
hard_017,Hard,OMP-BranchBoundMRV,8,3,0.007612228,1
hard_017,Hard,OMP-BranchBoundMRV,8,4,0.007087946,1
hard_017,Hard,OMP-BranchBoundMRV,8,5,0.010256052,1
hard_017,Hard,OMP-BranchBoundMRV,16,1,0.098014116,1
hard_017,Hard,OMP-BranchBoundMRV,16,2,0.040608883,1
hard_017,Hard,OMP-BranchBoundMRV,16,3,0.021077871,1
hard_017,Hard,OMP-BranchBoundMRV,16,4,0.042382956,1
hard_017,Hard,OMP-BranchBoundMRV,16,5,0.050513983,1
hard_018,Hard,Serial,1,1,0.010173750,1
hard_018,Hard,Serial,1,2,0.010052958,1
hard_018,Hard,Serial,1,3,0.010093208,1
hard_018,Hard,Serial,1,4,0.010067709,1
hard_018,Hard,Serial,1,5,0.010128250,1
hard_018,Hard,Serial-MRV,1,1,0.025519875,1
hard_018,Hard,Serial-MRV,1,2,0.025305417,1
hard_018,Hard,Serial-MRV,1,3,0.025467875,1
hard_018,Hard,Serial-MRV,1,4,0.025547333,1
hard_018,Hard,Serial-MRV,1,5,0.025271750,1
hard_018,Hard,BranchBound,1,1,0.009233750,1
hard_018,Hard,BranchBound,1,2,0.009334000,1
hard_018,Hard,BranchBound,1,3,0.009582125,1
hard_018,Hard,BranchBound,1,4,0.009765541,1
hard_018,Hard,BranchBound,1,5,0.009680875,1
hard_018,Hard,BranchBoundMRV,1,1,0.032731542,1
hard_018,Hard,BranchBoundMRV,1,2,0.032473333,1
hard_018,Hard,BranchBoundMRV,1,3,0.032140667,1
hard_018,Hard,BranchBoundMRV,1,4,0.031881917,1
hard_018,Hard,BranchBoundMRV,1,5,0.032083625,1
hard_018,Hard,OpenMP,4,1,0.003021002,1
hard_018,Hard,OpenMP,4,2,0.003055096,1
hard_018,Hard,OpenMP,4,3,0.002948999,1
hard_018,Hard,OpenMP,4,4,0.002974987,1
hard_018,Hard,OpenMP,4,5,0.003196001,1
hard_018,Hard,OpenMP,8,1,0.003055811,1
hard_018,Hard,OpenMP,8,2,0.007944107,1
hard_018,Hard,OpenMP,8,3,0.003014088,1
hard_018,Hard,OpenMP,8,4,0.003008127,1
hard_018,Hard,OpenMP,8,5,0.007744074,1
hard_018,Hard,OpenMP,16,1,0.050019026,1
hard_018,Hard,OpenMP,16,2,0.007391930,1
hard_018,Hard,OpenMP,16,3,0.030547857,1
hard_018,Hard,OpenMP,16,4,0.017925978,1
hard_018,Hard,OpenMP,16,5,0.015044212,1
hard_018,Hard,OMP-BranchBoundMRV,4,1,0.003926039,1
hard_018,Hard,OMP-BranchBoundMRV,4,2,0.003894091,1
hard_018,Hard,OMP-BranchBoundMRV,4,3,0.003884077,1
hard_018,Hard,OMP-BranchBoundMRV,4,4,0.003874063,1
hard_018,Hard,OMP-BranchBoundMRV,4,5,0.003924131,1
hard_018,Hard,OMP-BranchBoundMRV,8,1,0.003896952,1
hard_018,Hard,OMP-BranchBoundMRV,8,2,0.006466150,1
hard_018,Hard,OMP-BranchBoundMRV,8,3,0.008980036,1
hard_018,Hard,OMP-BranchBoundMRV,8,4,0.005051851,1
hard_018,Hard,OMP-BranchBoundMRV,8,5,0.003885984,1
hard_018,Hard,OMP-BranchBoundMRV,16,1,0.102384090,1
hard_018,Hard,OMP-BranchBoundMRV,16,2,0.063400984,1
hard_018,Hard,OMP-BranchBoundMRV,16,3,0.045556068,1
hard_018,Hard,OMP-BranchBoundMRV,16,4,0.025641918,1
hard_018,Hard,OMP-BranchBoundMRV,16,5,0.028142929,1
hard_019,Hard,Serial,1,1,0.003158000,1
hard_019,Hard,Serial,1,2,0.003195292,1
hard_019,Hard,Serial,1,3,0.003162125,1
hard_019,Hard,Serial,1,4,0.003147166,1
hard_019,Hard,Serial,1,5,0.003156792,1
hard_019,Hard,Serial-MRV,1,1,0.033834291,1
hard_019,Hard,Serial-MRV,1,2,0.032954792,1
hard_019,Hard,Serial-MRV,1,3,0.097973084,1
hard_019,Hard,Serial-MRV,1,4,0.086810167,1
hard_019,Hard,Serial-MRV,1,5,0.042361542,1
hard_019,Hard,BranchBound,1,1,0.004057583,1
hard_019,Hard,BranchBound,1,2,0.003085584,1
hard_019,Hard,BranchBound,1,3,0.002931084,1
hard_019,Hard,BranchBound,1,4,0.003441709,1
hard_019,Hard,BranchBound,1,5,0.003403875,1
hard_019,Hard,BranchBoundMRV,1,1,0.046005667,1
hard_019,Hard,BranchBoundMRV,1,2,0.072473875,1
hard_019,Hard,BranchBoundMRV,1,3,0.156210666,1
hard_019,Hard,BranchBoundMRV,1,4,0.255149375,1
hard_019,Hard,BranchBoundMRV,1,5,0.125823084,1
hard_019,Hard,OpenMP,4,1,0.122318983,1
hard_019,Hard,OpenMP,4,2,0.068852901,1
hard_019,Hard,OpenMP,4,3,0.106364965,1
hard_019,Hard,OpenMP,4,4,0.063107014,1
hard_019,Hard,OpenMP,4,5,0.040287971,1
hard_019,Hard,OpenMP,8,1,0.112154961,1
hard_019,Hard,OpenMP,8,2,0.108566999,1
hard_019,Hard,OpenMP,8,3,0.097270966,1
hard_019,Hard,OpenMP,8,4,0.065943003,1
hard_019,Hard,OpenMP,8,5,0.063568115,1
hard_019,Hard,OpenMP,16,1,0.131541014,1
hard_019,Hard,OpenMP,16,2,0.151058912,1
hard_019,Hard,OpenMP,16,3,0.138490915,1
hard_019,Hard,OpenMP,16,4,0.095525980,1
hard_019,Hard,OpenMP,16,5,0.138319969,1
hard_019,Hard,OMP-BranchBoundMRV,4,1,0.082490921,1
hard_019,Hard,OMP-BranchBoundMRV,4,2,0.080778837,1
hard_019,Hard,OMP-BranchBoundMRV,4,3,0.077095032,1
hard_019,Hard,OMP-BranchBoundMRV,4,4,0.059509993,1
hard_019,Hard,OMP-BranchBoundMRV,4,5,0.056573868,1
hard_019,Hard,OMP-BranchBoundMRV,8,1,0.079899073,1
hard_019,Hard,OMP-BranchBoundMRV,8,2,0.063003063,1
hard_019,Hard,OMP-BranchBoundMRV,8,3,0.076181889,1
hard_019,Hard,OMP-BranchBoundMRV,8,4,0.074179173,1
hard_019,Hard,OMP-BranchBoundMRV,8,5,0.078490973,1
hard_019,Hard,OMP-BranchBoundMRV,16,1,0.191927910,1
hard_019,Hard,OMP-BranchBoundMRV,16,2,0.206337929,1
hard_019,Hard,OMP-BranchBoundMRV,16,3,0.166533947,1
hard_019,Hard,OMP-BranchBoundMRV,16,4,0.107177973,1
hard_019,Hard,OMP-BranchBoundMRV,16,5,0.122735023,1
hard_020,Hard,Serial,1,1,0.010012333,1
hard_020,Hard,Serial,1,2,0.009934542,1
hard_020,Hard,Serial,1,3,0.009801875,1
hard_020,Hard,Serial,1,4,0.009977458,1
hard_020,Hard,Serial,1,5,0.009637583,1
hard_020,Hard,Serial-MRV,1,1,0.037661750,1
hard_020,Hard,Serial-MRV,1,2,0.036517333,1
hard_020,Hard,Serial-MRV,1,3,0.036751833,1
hard_020,Hard,Serial-MRV,1,4,0.036102667,1
hard_020,Hard,Serial-MRV,1,5,0.037940333,1
hard_020,Hard,BranchBound,1,1,0.008076208,1
hard_020,Hard,BranchBound,1,2,0.008335916,1
hard_020,Hard,BranchBound,1,3,0.008593875,1
hard_020,Hard,BranchBound,1,4,0.019162000,1
hard_020,Hard,BranchBound,1,5,0.026938125,1
hard_020,Hard,BranchBoundMRV,1,1,0.104116791,1
hard_020,Hard,BranchBoundMRV,1,2,0.091146625,1
hard_020,Hard,BranchBoundMRV,1,3,0.062564000,1
hard_020,Hard,BranchBoundMRV,1,4,0.054037541,1
hard_020,Hard,BranchBoundMRV,1,5,0.049292667,1
hard_020,Hard,OpenMP,4,1,0.009747982,1
hard_020,Hard,OpenMP,4,2,0.006884813,1
hard_020,Hard,OpenMP,4,3,0.006029129,1
hard_020,Hard,OpenMP,4,4,0.005707026,1
hard_020,Hard,OpenMP,4,5,0.005810976,1
hard_020,Hard,OpenMP,8,1,0.005738020,1
hard_020,Hard,OpenMP,8,2,0.005815029,1
hard_020,Hard,OpenMP,8,3,0.005738020,1
hard_020,Hard,OpenMP,8,4,0.010242939,1
hard_020,Hard,OpenMP,8,5,0.006303072,1
hard_020,Hard,OpenMP,16,1,0.015869141,1
hard_020,Hard,OpenMP,16,2,0.044780016,1
hard_020,Hard,OpenMP,16,3,0.016948938,1
hard_020,Hard,OpenMP,16,4,0.009695053,1
hard_020,Hard,OpenMP,16,5,0.023529053,1
hard_020,Hard,OMP-BranchBoundMRV,4,1,0.007052898,1
hard_020,Hard,OMP-BranchBoundMRV,4,2,0.007361889,1
hard_020,Hard,OMP-BranchBoundMRV,4,3,0.007025003,1
hard_020,Hard,OMP-BranchBoundMRV,4,4,0.007009983,1
hard_020,Hard,OMP-BranchBoundMRV,4,5,0.007015944,1
hard_020,Hard,OMP-BranchBoundMRV,8,1,0.007289886,1
hard_020,Hard,OMP-BranchBoundMRV,8,2,0.007030964,1
hard_020,Hard,OMP-BranchBoundMRV,8,3,0.007031918,1
hard_020,Hard,OMP-BranchBoundMRV,8,4,0.007145882,1
hard_020,Hard,OMP-BranchBoundMRV,8,5,0.007116079,1
hard_020,Hard,OMP-BranchBoundMRV,16,1,0.043591022,1
hard_020,Hard,OMP-BranchBoundMRV,16,2,0.026221037,1
hard_020,Hard,OMP-BranchBoundMRV,16,3,0.028816938,1
hard_020,Hard,OMP-BranchBoundMRV,16,4,0.053586960,1
hard_020,Hard,OMP-BranchBoundMRV,16,5,0.066931009,1
hard_021,Hard,Serial,1,1,0.025136625,1
hard_021,Hard,Serial,1,2,0.025102000,1
hard_021,Hard,Serial,1,3,0.024803042,1
hard_021,Hard,Serial,1,4,0.024668834,1
hard_021,Hard,Serial,1,5,0.024561458,1
hard_021,Hard,Serial-MRV,1,1,0.030307791,1
hard_021,Hard,Serial-MRV,1,2,0.029761167,1
hard_021,Hard,Serial-MRV,1,3,0.032686833,1
hard_021,Hard,Serial-MRV,1,4,0.030507250,1
hard_021,Hard,Serial-MRV,1,5,0.038239625,1
hard_021,Hard,BranchBound,1,1,0.047266666,1
hard_021,Hard,BranchBound,1,2,0.032254666,1
hard_021,Hard,BranchBound,1,3,0.051232000,1
hard_021,Hard,BranchBound,1,4,0.045458208,1
hard_021,Hard,BranchBound,1,5,0.024053291,1
hard_021,Hard,BranchBoundMRV,1,1,0.045483459,1
hard_021,Hard,BranchBoundMRV,1,2,0.039598291,1
hard_021,Hard,BranchBoundMRV,1,3,0.038641709,1
hard_021,Hard,BranchBoundMRV,1,4,0.038316250,1
hard_021,Hard,BranchBoundMRV,1,5,0.038260917,1
hard_021,Hard,OpenMP,4,1,0.007034063,1
hard_021,Hard,OpenMP,4,2,0.006500959,1
hard_021,Hard,OpenMP,4,3,0.006428957,1
hard_021,Hard,OpenMP,4,4,0.006640196,1
hard_021,Hard,OpenMP,4,5,0.006383896,1
hard_021,Hard,OpenMP,8,1,0.006421089,1
hard_021,Hard,OpenMP,8,2,0.012866020,1
hard_021,Hard,OpenMP,8,3,0.006428957,1
hard_021,Hard,OpenMP,8,4,0.006383896,1
hard_021,Hard,OpenMP,8,5,0.013675928,1
hard_021,Hard,OpenMP,16,1,0.033565044,1
hard_021,Hard,OpenMP,16,2,0.047600985,1
hard_021,Hard,OpenMP,16,3,0.044877052,1
hard_021,Hard,OpenMP,16,4,0.030982018,1
hard_021,Hard,OpenMP,16,5,0.039164066,1
hard_021,Hard,OMP-BranchBoundMRV,4,1,0.008065939,1
hard_021,Hard,OMP-BranchBoundMRV,4,2,0.009377956,1
hard_021,Hard,OMP-BranchBoundMRV,4,3,0.009272814,1
hard_021,Hard,OMP-BranchBoundMRV,4,4,0.008574009,1
hard_021,Hard,OMP-BranchBoundMRV,4,5,0.008553982,1
hard_021,Hard,OMP-BranchBoundMRV,8,1,0.015146971,1
hard_021,Hard,OMP-BranchBoundMRV,8,2,0.008630037,1
hard_021,Hard,OMP-BranchBoundMRV,8,3,0.015603065,1
hard_021,Hard,OMP-BranchBoundMRV,8,4,0.008582115,1
hard_021,Hard,OMP-BranchBoundMRV,8,5,0.008599043,1
hard_021,Hard,OMP-BranchBoundMRV,16,1,0.023241997,1
hard_021,Hard,OMP-BranchBoundMRV,16,2,0.159370184,1
hard_021,Hard,OMP-BranchBoundMRV,16,3,0.035634041,1
hard_021,Hard,OMP-BranchBoundMRV,16,4,0.034928799,1
hard_021,Hard,OMP-BranchBoundMRV,16,5,0.040910959,1
hard_022,Hard,Serial,1,1,0.006496542,1
hard_022,Hard,Serial,1,2,0.006472000,1
hard_022,Hard,Serial,1,3,0.006592916,1
hard_022,Hard,Serial,1,4,0.006595375,1
hard_022,Hard,Serial,1,5,0.006594916,1
hard_022,Hard,Serial-MRV,1,1,0.062109083,1
hard_022,Hard,Serial-MRV,1,2,0.061962292,1
hard_022,Hard,Serial-MRV,1,3,0.061970625,1
hard_022,Hard,Serial-MRV,1,4,0.061815750,1
hard_022,Hard,Serial-MRV,1,5,0.061916875,1
hard_022,Hard,BranchBound,1,1,0.005946667,1
hard_022,Hard,BranchBound,1,2,0.005927500,1
hard_022,Hard,BranchBound,1,3,0.005938292,1
hard_022,Hard,BranchBound,1,4,0.005975958,1
hard_022,Hard,BranchBound,1,5,0.005933542,1
hard_022,Hard,BranchBoundMRV,1,1,0.080043708,1
hard_022,Hard,BranchBoundMRV,1,2,0.079894250,1
hard_022,Hard,BranchBoundMRV,1,3,0.106277750,1
hard_022,Hard,BranchBoundMRV,1,4,0.080613334,1
hard_022,Hard,BranchBoundMRV,1,5,0.080001834,1
hard_022,Hard,OpenMP,4,1,0.002056122,1
hard_022,Hard,OpenMP,4,2,0.002022982,1
hard_022,Hard,OpenMP,4,3,0.001999855,1
hard_022,Hard,OpenMP,4,4,0.002006054,1
hard_022,Hard,OpenMP,4,5,0.002022028,1
hard_022,Hard,OpenMP,8,1,0.008330107,1
hard_022,Hard,OpenMP,8,2,0.004851103,1
hard_022,Hard,OpenMP,8,3,0.004714012,1
hard_022,Hard,OpenMP,8,4,0.004842997,1
hard_022,Hard,OpenMP,8,5,0.005065918,1
hard_022,Hard,OpenMP,16,1,0.038084030,1
hard_022,Hard,OpenMP,16,2,0.020299911,1
hard_022,Hard,OpenMP,16,3,0.011141062,1
hard_022,Hard,OpenMP,16,4,0.010069132,1
hard_022,Hard,OpenMP,16,5,0.018186092,1
hard_022,Hard,OMP-BranchBoundMRV,4,1,0.002983809,1
hard_022,Hard,OMP-BranchBoundMRV,4,2,0.002928019,1
hard_022,Hard,OMP-BranchBoundMRV,4,3,0.002912998,1
hard_022,Hard,OMP-BranchBoundMRV,4,4,0.002918959,1
hard_022,Hard,OMP-BranchBoundMRV,4,5,0.002917051,1
hard_022,Hard,OMP-BranchBoundMRV,8,1,0.003002882,1
hard_022,Hard,OMP-BranchBoundMRV,8,2,0.002982855,1
hard_022,Hard,OMP-BranchBoundMRV,8,3,0.006525040,1
hard_022,Hard,OMP-BranchBoundMRV,8,4,0.002944946,1
hard_022,Hard,OMP-BranchBoundMRV,8,5,0.002937078,1
hard_022,Hard,OMP-BranchBoundMRV,16,1,0.017284155,1
hard_022,Hard,OMP-BranchBoundMRV,16,2,0.082206964,1
hard_022,Hard,OMP-BranchBoundMRV,16,3,0.075238943,1
hard_022,Hard,OMP-BranchBoundMRV,16,4,0.030118942,1
hard_022,Hard,OMP-BranchBoundMRV,16,5,0.030550003,1
hard_023,Hard,Serial,1,1,0.005415208,1
hard_023,Hard,Serial,1,2,0.005345333,1
hard_023,Hard,Serial,1,3,0.005348917,1
hard_023,Hard,Serial,1,4,0.005376834,1
hard_023,Hard,Serial,1,5,0.005334542,1
hard_023,Hard,Serial-MRV,1,1,0.015255792,1
hard_023,Hard,Serial-MRV,1,2,0.015274417,1
hard_023,Hard,Serial-MRV,1,3,0.015228125,1
hard_023,Hard,Serial-MRV,1,4,0.015228750,1
hard_023,Hard,Serial-MRV,1,5,0.015263375,1
hard_023,Hard,BranchBound,1,1,0.004730750,1
hard_023,Hard,BranchBound,1,2,0.004689292,1
hard_023,Hard,BranchBound,1,3,0.004701791,1
hard_023,Hard,BranchBound,1,4,0.004730333,1
hard_023,Hard,BranchBound,1,5,0.004724500,1
hard_023,Hard,BranchBoundMRV,1,1,0.018609667,1
hard_023,Hard,BranchBoundMRV,1,2,0.018584500,1
hard_023,Hard,BranchBoundMRV,1,3,0.018603208,1
hard_023,Hard,BranchBoundMRV,1,4,0.018662500,1
hard_023,Hard,BranchBoundMRV,1,5,0.018634792,1
hard_023,Hard,OpenMP,4,1,0.001340866,1
hard_023,Hard,OpenMP,4,2,0.002219915,1
hard_023,Hard,OpenMP,4,3,0.002206802,1
hard_023,Hard,OpenMP,4,4,0.002213955,1
hard_023,Hard,OpenMP,4,5,0.001324892,1
hard_023,Hard,OpenMP,8,1,0.003051996,1
hard_023,Hard,OpenMP,8,2,0.003138065,1
hard_023,Hard,OpenMP,8,3,0.001369953,1
hard_023,Hard,OpenMP,8,4,0.003041029,1
hard_023,Hard,OpenMP,8,5,0.003039837,1
hard_023,Hard,OpenMP,16,1,0.021147966,1
hard_023,Hard,OpenMP,16,2,0.018713951,1
hard_023,Hard,OpenMP,16,3,0.030061007,1
hard_023,Hard,OpenMP,16,4,0.019984007,1
hard_023,Hard,OpenMP,16,5,0.072297812,1
hard_023,Hard,OMP-BranchBoundMRV,4,1,0.003031015,1
hard_023,Hard,OMP-BranchBoundMRV,4,2,0.003033876,1
hard_023,Hard,OMP-BranchBoundMRV,4,3,0.003024817,1
hard_023,Hard,OMP-BranchBoundMRV,4,4,0.003015041,1
hard_023,Hard,OMP-BranchBoundMRV,4,5,0.003007889,1
hard_023,Hard,OMP-BranchBoundMRV,8,1,0.001939058,1
hard_023,Hard,OMP-BranchBoundMRV,8,2,0.004181862,1
hard_023,Hard,OMP-BranchBoundMRV,8,3,0.004133940,1
hard_023,Hard,OMP-BranchBoundMRV,8,4,0.004044056,1
hard_023,Hard,OMP-BranchBoundMRV,8,5,0.002068996,1
hard_023,Hard,OMP-BranchBoundMRV,16,1,0.050021887,1
hard_023,Hard,OMP-BranchBoundMRV,16,2,0.030772924,1
hard_023,Hard,OMP-BranchBoundMRV,16,3,0.030761003,1
hard_023,Hard,OMP-BranchBoundMRV,16,4,0.045074940,1
hard_023,Hard,OMP-BranchBoundMRV,16,5,0.038295984,1
hard_024,Hard,Serial,1,1,0.011924833,1
hard_024,Hard,Serial,1,2,0.011919166,1
hard_024,Hard,Serial,1,3,0.011897208,1
hard_024,Hard,Serial,1,4,0.011902583,1
hard_024,Hard,Serial,1,5,0.011895500,1
hard_024,Hard,Serial-MRV,1,1,0.024485750,1
hard_024,Hard,Serial-MRV,1,2,0.024413542,1
hard_024,Hard,Serial-MRV,1,3,0.024419750,1
hard_024,Hard,Serial-MRV,1,4,0.024337625,1
hard_024,Hard,Serial-MRV,1,5,0.024341709,1
hard_024,Hard,BranchBound,1,1,0.010737708,1
hard_024,Hard,BranchBound,1,2,0.010771625,1
hard_024,Hard,BranchBound,1,3,0.010752125,1
hard_024,Hard,BranchBound,1,4,0.010753792,1
hard_024,Hard,BranchBound,1,5,0.010816584,1
hard_024,Hard,BranchBoundMRV,1,1,0.031623125,1
hard_024,Hard,BranchBoundMRV,1,2,0.031827500,1
hard_024,Hard,BranchBoundMRV,1,3,0.032914542,1
hard_024,Hard,BranchBoundMRV,1,4,0.032382875,1
hard_024,Hard,BranchBoundMRV,1,5,0.031767416,1
hard_024,Hard,OpenMP,4,1,0.025997162,1
hard_024,Hard,OpenMP,4,2,0.025861025,1
hard_024,Hard,OpenMP,4,3,0.025834084,1
hard_024,Hard,OpenMP,4,4,0.025827169,1
hard_024,Hard,OpenMP,4,5,0.025824070,1
hard_024,Hard,OpenMP,8,1,0.031631947,1
hard_024,Hard,OpenMP,8,2,0.033583164,1
hard_024,Hard,OpenMP,8,3,0.033107042,1
hard_024,Hard,OpenMP,8,4,0.033569098,1
hard_024,Hard,OpenMP,8,5,0.062308073,1
hard_024,Hard,OpenMP,16,1,0.092294931,1
hard_024,Hard,OpenMP,16,2,0.123949051,1
hard_024,Hard,OpenMP,16,3,0.059077024,1
hard_024,Hard,OpenMP,16,4,0.089066982,1
hard_024,Hard,OpenMP,16,5,0.096534014,1
hard_024,Hard,OMP-BranchBoundMRV,4,1,0.033995867,1
hard_024,Hard,OMP-BranchBoundMRV,4,2,0.034960032,1
hard_024,Hard,OMP-BranchBoundMRV,4,3,0.034836054,1
hard_024,Hard,OMP-BranchBoundMRV,4,4,0.034655809,1
hard_024,Hard,OMP-BranchBoundMRV,4,5,0.035128832,1
hard_024,Hard,OMP-BranchBoundMRV,8,1,0.058963060,1
hard_024,Hard,OMP-BranchBoundMRV,8,2,0.048160076,1
hard_024,Hard,OMP-BranchBoundMRV,8,3,0.044922113,1
hard_024,Hard,OMP-BranchBoundMRV,8,4,0.047629833,1
hard_024,Hard,OMP-BranchBoundMRV,8,5,0.057061911,1
hard_024,Hard,OMP-BranchBoundMRV,16,1,0.040277004,1
hard_024,Hard,OMP-BranchBoundMRV,16,2,0.079163074,1
hard_024,Hard,OMP-BranchBoundMRV,16,3,0.151691914,1
hard_024,Hard,OMP-BranchBoundMRV,16,4,0.136838913,1
hard_024,Hard,OMP-BranchBoundMRV,16,5,0.101904869,1
hard_025,Hard,Serial,1,1,0.027070833,1
hard_025,Hard,Serial,1,2,0.026982208,1
hard_025,Hard,Serial,1,3,0.027010875,1
hard_025,Hard,Serial,1,4,0.027065375,1
hard_025,Hard,Serial,1,5,0.027163208,1
hard_025,Hard,Serial-MRV,1,1,0.021645916,1
hard_025,Hard,Serial-MRV,1,2,0.021634333,1
hard_025,Hard,Serial-MRV,1,3,0.021576667,1
hard_025,Hard,Serial-MRV,1,4,0.021671833,1
hard_025,Hard,Serial-MRV,1,5,0.021533875,1
hard_025,Hard,BranchBound,1,1,0.022462333,1
hard_025,Hard,BranchBound,1,2,0.022430041,1
hard_025,Hard,BranchBound,1,3,0.022535459,1
hard_025,Hard,BranchBound,1,4,0.022512083,1
hard_025,Hard,BranchBound,1,5,0.022471958,1
hard_025,Hard,BranchBoundMRV,1,1,0.028046000,1
hard_025,Hard,BranchBoundMRV,1,2,0.028074250,1
hard_025,Hard,BranchBoundMRV,1,3,0.028210875,1
hard_025,Hard,BranchBoundMRV,1,4,0.028099916,1
hard_025,Hard,BranchBoundMRV,1,5,0.028085791,1
hard_025,Hard,OpenMP,4,1,0.002962112,1
hard_025,Hard,OpenMP,4,2,0.002984047,1
hard_025,Hard,OpenMP,4,3,0.002931118,1
hard_025,Hard,OpenMP,4,4,0.002937078,1
hard_025,Hard,OpenMP,4,5,0.002938986,1
hard_025,Hard,OpenMP,8,1,0.007347107,1
hard_025,Hard,OpenMP,8,2,0.006956100,1
hard_025,Hard,OpenMP,8,3,0.002984047,1
hard_025,Hard,OpenMP,8,4,0.008060217,1
hard_025,Hard,OpenMP,8,5,0.006898880,1
hard_025,Hard,OpenMP,16,1,0.030697107,1
hard_025,Hard,OpenMP,16,2,0.056113005,1
hard_025,Hard,OpenMP,16,3,0.053147078,1
hard_025,Hard,OpenMP,16,4,0.051278114,1
hard_025,Hard,OpenMP,16,5,0.075358868,1
hard_025,Hard,OMP-BranchBoundMRV,4,1,0.004062891,1
hard_025,Hard,OMP-BranchBoundMRV,4,2,0.004041910,1
hard_025,Hard,OMP-BranchBoundMRV,4,3,0.004055977,1
hard_025,Hard,OMP-BranchBoundMRV,4,4,0.004101992,1
hard_025,Hard,OMP-BranchBoundMRV,4,5,0.004060030,1
hard_025,Hard,OMP-BranchBoundMRV,8,1,0.004176855,1
hard_025,Hard,OMP-BranchBoundMRV,8,2,0.004278898,1
hard_025,Hard,OMP-BranchBoundMRV,8,3,0.004124880,1
hard_025,Hard,OMP-BranchBoundMRV,8,4,0.004127979,1
hard_025,Hard,OMP-BranchBoundMRV,8,5,0.006819963,1
hard_025,Hard,OMP-BranchBoundMRV,16,1,0.043493032,1
hard_025,Hard,OMP-BranchBoundMRV,16,2,0.032392979,1
hard_025,Hard,OMP-BranchBoundMRV,16,3,0.030631065,1
hard_025,Hard,OMP-BranchBoundMRV,16,4,0.044450045,1
hard_025,Hard,OMP-BranchBoundMRV,16,5,0.070321083,1
hard_026,Hard,Serial,1,1,0.016353333,1
hard_026,Hard,Serial,1,2,0.016474583,1
hard_026,Hard,Serial,1,3,0.017865500,1
hard_026,Hard,Serial,1,4,0.016458917,1
hard_026,Hard,Serial,1,5,0.016435375,1
hard_026,Hard,Serial-MRV,1,1,0.042095125,1
hard_026,Hard,Serial-MRV,1,2,0.041888750,1
hard_026,Hard,Serial-MRV,1,3,0.041896334,1
hard_026,Hard,Serial-MRV,1,4,0.041923458,1
hard_026,Hard,Serial-MRV,1,5,0.041933083,1
hard_026,Hard,BranchBound,1,1,0.014479875,1
hard_026,Hard,BranchBound,1,2,0.014539833,1
hard_026,Hard,BranchBound,1,3,0.014624125,1
hard_026,Hard,BranchBound,1,4,0.014574833,1
hard_026,Hard,BranchBound,1,5,0.014489834,1
hard_026,Hard,BranchBoundMRV,1,1,0.053986959,1
hard_026,Hard,BranchBoundMRV,1,2,0.056110250,1
hard_026,Hard,BranchBoundMRV,1,3,0.055967250,1
hard_026,Hard,BranchBoundMRV,1,4,0.054024708,1
hard_026,Hard,BranchBoundMRV,1,5,0.053820708,1
hard_026,Hard,OpenMP,4,1,0.003542185,1
hard_026,Hard,OpenMP,4,2,0.003486156,1
hard_026,Hard,OpenMP,4,3,0.003473997,1
hard_026,Hard,OpenMP,4,4,0.003479004,1
hard_026,Hard,OpenMP,4,5,0.003464937,1
hard_026,Hard,OpenMP,8,1,0.003528118,1
hard_026,Hard,OpenMP,8,2,0.007261992,1
hard_026,Hard,OpenMP,8,3,0.008044004,1
hard_026,Hard,OpenMP,8,4,0.010502100,1
hard_026,Hard,OpenMP,8,5,0.008456945,1
hard_026,Hard,OpenMP,16,1,0.031302214,1
hard_026,Hard,OpenMP,16,2,0.058856964,1
hard_026,Hard,OpenMP,16,3,0.018840075,1
hard_026,Hard,OpenMP,16,4,0.038619995,1
hard_026,Hard,OpenMP,16,5,0.031206131,1
hard_026,Hard,OMP-BranchBoundMRV,4,1,0.004992962,1
hard_026,Hard,OMP-BranchBoundMRV,4,2,0.005046844,1
hard_026,Hard,OMP-BranchBoundMRV,4,3,0.004802942,1
hard_026,Hard,OMP-BranchBoundMRV,4,4,0.004775047,1
hard_026,Hard,OMP-BranchBoundMRV,4,5,0.004770994,1
hard_026,Hard,OMP-BranchBoundMRV,8,1,0.010485888,1
hard_026,Hard,OMP-BranchBoundMRV,8,2,0.010615110,1
hard_026,Hard,OMP-BranchBoundMRV,8,3,0.020144939,1
hard_026,Hard,OMP-BranchBoundMRV,8,4,0.013934851,1
hard_026,Hard,OMP-BranchBoundMRV,8,5,0.010993958,1
hard_026,Hard,OMP-BranchBoundMRV,16,1,0.022583961,1
hard_026,Hard,OMP-BranchBoundMRV,16,2,0.080808878,1
hard_026,Hard,OMP-BranchBoundMRV,16,3,0.040182114,1
hard_026,Hard,OMP-BranchBoundMRV,16,4,0.068799019,1
hard_026,Hard,OMP-BranchBoundMRV,16,5,0.047739029,1
hard_027,Hard,Serial,1,1,0.008005166,1
hard_027,Hard,Serial,1,2,0.008065958,1
hard_027,Hard,Serial,1,3,0.007973458,1
hard_027,Hard,Serial,1,4,0.008014417,1
hard_027,Hard,Serial,1,5,0.007984625,1
hard_027,Hard,Serial-MRV,1,1,0.029589458,1
hard_027,Hard,Serial-MRV,1,2,0.029622958,1
hard_027,Hard,Serial-MRV,1,3,0.029584292,1
hard_027,Hard,Serial-MRV,1,4,0.029540667,1
hard_027,Hard,Serial-MRV,1,5,0.029707000,1
hard_027,Hard,BranchBound,1,1,0.007322584,1
hard_027,Hard,BranchBound,1,2,0.007335500,1
hard_027,Hard,BranchBound,1,3,0.007317958,1
hard_027,Hard,BranchBound,1,4,0.007350708,1
hard_027,Hard,BranchBound,1,5,0.007383333,1
hard_027,Hard,BranchBoundMRV,1,1,0.037121000,1
hard_027,Hard,BranchBoundMRV,1,2,0.037365500,1
hard_027,Hard,BranchBoundMRV,1,3,0.037244000,1
hard_027,Hard,BranchBoundMRV,1,4,0.037115333,1
hard_027,Hard,BranchBoundMRV,1,5,0.037117125,1
hard_027,Hard,OpenMP,4,1,0.003524065,1
hard_027,Hard,OpenMP,4,2,0.003511906,1
hard_027,Hard,OpenMP,4,3,0.003521204,1
hard_027,Hard,OpenMP,4,4,0.003519058,1
hard_027,Hard,OpenMP,4,5,0.003507137,1
hard_027,Hard,OpenMP,8,1,0.003552914,1
hard_027,Hard,OpenMP,8,2,0.006510019,1
hard_027,Hard,OpenMP,8,3,0.008352995,1
hard_027,Hard,OpenMP,8,4,0.008835077,1
hard_027,Hard,OpenMP,8,5,0.003565788,1
hard_027,Hard,OpenMP,16,1,0.030706882,1
hard_027,Hard,OpenMP,16,2,0.011146069,1
hard_027,Hard,OpenMP,16,3,0.031772137,1
hard_027,Hard,OpenMP,16,4,0.022976875,1
hard_027,Hard,OpenMP,16,5,0.023530960,1
hard_027,Hard,OMP-BranchBoundMRV,4,1,0.004580975,1
hard_027,Hard,OMP-BranchBoundMRV,4,2,0.005167007,1
hard_027,Hard,OMP-BranchBoundMRV,4,3,0.005506039,1
hard_027,Hard,OMP-BranchBoundMRV,4,4,0.004442930,1
hard_027,Hard,OMP-BranchBoundMRV,4,5,0.004444122,1
hard_027,Hard,OMP-BranchBoundMRV,8,1,0.005424976,1
hard_027,Hard,OMP-BranchBoundMRV,8,2,0.010344028,1
hard_027,Hard,OMP-BranchBoundMRV,8,3,0.004458904,1
hard_027,Hard,OMP-BranchBoundMRV,8,4,0.004439116,1
hard_027,Hard,OMP-BranchBoundMRV,8,5,0.010322094,1
hard_027,Hard,OMP-BranchBoundMRV,16,1,0.030922890,1
hard_027,Hard,OMP-BranchBoundMRV,16,2,0.063452005,1
hard_027,Hard,OMP-BranchBoundMRV,16,3,0.032521009,1
hard_027,Hard,OMP-BranchBoundMRV,16,4,0.061925173,1
hard_027,Hard,OMP-BranchBoundMRV,16,5,0.034569979,1
hard_028,Hard,Serial,1,1,0.008317084,1
hard_028,Hard,Serial,1,2,0.008215667,1
hard_028,Hard,Serial,1,3,0.008265834,1
hard_028,Hard,Serial,1,4,0.008346625,1
hard_028,Hard,Serial,1,5,0.008201458,1
hard_028,Hard,Serial-MRV,1,1,0.018080375,1
hard_028,Hard,Serial-MRV,1,2,0.018050541,1
hard_028,Hard,Serial-MRV,1,3,0.018037875,1
hard_028,Hard,Serial-MRV,1,4,0.018111792,1
hard_028,Hard,Serial-MRV,1,5,0.018054083,1
hard_028,Hard,BranchBound,1,1,0.006897375,1
hard_028,Hard,BranchBound,1,2,0.006885959,1
hard_028,Hard,BranchBound,1,3,0.006939791,1
hard_028,Hard,BranchBound,1,4,0.006912458,1
hard_028,Hard,BranchBound,1,5,0.006943000,1
hard_028,Hard,BranchBoundMRV,1,1,0.023615542,1
hard_028,Hard,BranchBoundMRV,1,2,0.023671542,1
hard_028,Hard,BranchBoundMRV,1,3,0.023687167,1
hard_028,Hard,BranchBoundMRV,1,4,0.024734166,1
hard_028,Hard,BranchBoundMRV,1,5,0.026303416,1
hard_028,Hard,OpenMP,4,1,0.011202097,1
hard_028,Hard,OpenMP,4,2,0.011743069,1
hard_028,Hard,OpenMP,4,3,0.011395931,1
hard_028,Hard,OpenMP,4,4,0.011219978,1
hard_028,Hard,OpenMP,4,5,0.011212111,1
hard_028,Hard,OpenMP,8,1,0.012551069,1
hard_028,Hard,OpenMP,8,2,0.017302990,1
hard_028,Hard,OpenMP,8,3,0.011869192,1
hard_028,Hard,OpenMP,8,4,0.011114120,1
hard_028,Hard,OpenMP,8,5,0.017815113,1
hard_028,Hard,OpenMP,16,1,0.029186964,1
hard_028,Hard,OpenMP,16,2,0.090080976,1
hard_028,Hard,OpenMP,16,3,0.040564060,1
hard_028,Hard,OpenMP,16,4,0.042049170,1
hard_028,Hard,OpenMP,16,5,0.052643061,1
hard_028,Hard,OMP-BranchBoundMRV,4,1,0.014744043,1
hard_028,Hard,OMP-BranchBoundMRV,4,2,0.014684200,1
hard_028,Hard,OMP-BranchBoundMRV,4,3,0.014708996,1
hard_028,Hard,OMP-BranchBoundMRV,4,4,0.014719009,1
hard_028,Hard,OMP-BranchBoundMRV,4,5,0.014632940,1
hard_028,Hard,OMP-BranchBoundMRV,8,1,0.026710033,1
hard_028,Hard,OMP-BranchBoundMRV,8,2,0.023927927,1
hard_028,Hard,OMP-BranchBoundMRV,8,3,0.020375013,1
hard_028,Hard,OMP-BranchBoundMRV,8,4,0.021328926,1
hard_028,Hard,OMP-BranchBoundMRV,8,5,0.020359993,1
hard_028,Hard,OMP-BranchBoundMRV,16,1,0.161071062,1
hard_028,Hard,OMP-BranchBoundMRV,16,2,0.105070829,1
hard_028,Hard,OMP-BranchBoundMRV,16,3,0.088109970,1
hard_028,Hard,OMP-BranchBoundMRV,16,4,0.043912888,1
hard_028,Hard,OMP-BranchBoundMRV,16,5,0.074049950,1
hard_029,Hard,Serial,1,1,0.016869500,1
hard_029,Hard,Serial,1,2,0.016664666,1
hard_029,Hard,Serial,1,3,0.016695667,1
hard_029,Hard,Serial,1,4,0.016755292,1
hard_029,Hard,Serial,1,5,0.016681500,1
hard_029,Hard,Serial-MRV,1,1,0.020803625,1
hard_029,Hard,Serial-MRV,1,2,0.020769333,1
hard_029,Hard,Serial-MRV,1,3,0.020762291,1
hard_029,Hard,Serial-MRV,1,4,0.020836875,1
hard_029,Hard,Serial-MRV,1,5,0.020968291,1
hard_029,Hard,BranchBound,1,1,0.014992167,1
hard_029,Hard,BranchBound,1,2,0.015425209,1
hard_029,Hard,BranchBound,1,3,0.015060917,1
hard_029,Hard,BranchBound,1,4,0.014974584,1
hard_029,Hard,BranchBound,1,5,0.014846709,1
hard_029,Hard,BranchBoundMRV,1,1,0.027637167,1
hard_029,Hard,BranchBoundMRV,1,2,0.027497583,1
hard_029,Hard,BranchBoundMRV,1,3,0.027394958,1
hard_029,Hard,BranchBoundMRV,1,4,0.027326833,1
hard_029,Hard,BranchBoundMRV,1,5,0.027235541,1
hard_029,Hard,OpenMP,4,1,0.001795053,1
hard_029,Hard,OpenMP,4,2,0.001791954,1
hard_029,Hard,OpenMP,4,3,0.001766920,1
hard_029,Hard,OpenMP,4,4,0.001763105,1
hard_029,Hard,OpenMP,4,5,0.001793146,1
hard_029,Hard,OpenMP,8,1,0.001857996,1
hard_029,Hard,OpenMP,8,2,0.004130125,1
hard_029,Hard,OpenMP,8,3,0.004317999,1
hard_029,Hard,OpenMP,8,4,0.004010916,1
hard_029,Hard,OpenMP,8,5,0.004256010,1
hard_029,Hard,OpenMP,16,1,0.042238951,1
hard_029,Hard,OpenMP,16,2,0.019591093,1
hard_029,Hard,OpenMP,16,3,0.014974117,1
hard_029,Hard,OpenMP,16,4,0.007708073,1
hard_029,Hard,OpenMP,16,5,0.092999935,1
hard_029,Hard,OMP-BranchBoundMRV,4,1,0.002609968,1
hard_029,Hard,OMP-BranchBoundMRV,4,2,0.002586126,1
hard_029,Hard,OMP-BranchBoundMRV,4,3,0.002586126,1
hard_029,Hard,OMP-BranchBoundMRV,4,4,0.002601147,1
hard_029,Hard,OMP-BranchBoundMRV,4,5,0.002605915,1
hard_029,Hard,OMP-BranchBoundMRV,8,1,0.003886938,1
hard_029,Hard,OMP-BranchBoundMRV,8,2,0.006022930,1
hard_029,Hard,OMP-BranchBoundMRV,8,3,0.002629995,1
hard_029,Hard,OMP-BranchBoundMRV,8,4,0.002827168,1
hard_029,Hard,OMP-BranchBoundMRV,8,5,0.002626896,1
hard_029,Hard,OMP-BranchBoundMRV,16,1,0.022064924,1
hard_029,Hard,OMP-BranchBoundMRV,16,2,0.022389889,1
hard_029,Hard,OMP-BranchBoundMRV,16,3,0.040086985,1
hard_029,Hard,OMP-BranchBoundMRV,16,4,0.011495829,1
hard_029,Hard,OMP-BranchBoundMRV,16,5,0.025305033,1
hard_030,Hard,Serial,1,1,0.005094209,1
hard_030,Hard,Serial,1,2,0.005125459,1
hard_030,Hard,Serial,1,3,0.005279417,1
hard_030,Hard,Serial,1,4,0.005434541,1
hard_030,Hard,Serial,1,5,0.005450834,1
hard_030,Hard,Serial-MRV,1,1,0.017337917,1
hard_030,Hard,Serial-MRV,1,2,0.017366791,1
hard_030,Hard,Serial-MRV,1,3,0.016876083,1
hard_030,Hard,Serial-MRV,1,4,0.016749500,1
hard_030,Hard,Serial-MRV,1,5,0.016675416,1
hard_030,Hard,BranchBound,1,1,0.004311625,1
hard_030,Hard,BranchBound,1,2,0.004220709,1
hard_030,Hard,BranchBound,1,3,0.004243166,1
hard_030,Hard,BranchBound,1,4,0.004251667,1
hard_030,Hard,BranchBound,1,5,0.004197375,1
hard_030,Hard,BranchBoundMRV,1,1,0.021834583,1
hard_030,Hard,BranchBoundMRV,1,2,0.021967000,1
hard_030,Hard,BranchBoundMRV,1,3,0.021715959,1
hard_030,Hard,BranchBoundMRV,1,4,0.021677209,1
hard_030,Hard,BranchBoundMRV,1,5,0.021740416,1
hard_030,Hard,OpenMP,4,1,0.017514944,1
hard_030,Hard,OpenMP,4,2,0.017465115,1
hard_030,Hard,OpenMP,4,3,0.017409086,1
hard_030,Hard,OpenMP,4,4,0.017412186,1
hard_030,Hard,OpenMP,4,5,0.017967939,1
hard_030,Hard,OpenMP,8,1,0.024276972,1
hard_030,Hard,OpenMP,8,2,0.030409098,1
hard_030,Hard,OpenMP,8,3,0.026755095,1
hard_030,Hard,OpenMP,8,4,0.026345968,1
hard_030,Hard,OpenMP,8,5,0.034860134,1
hard_030,Hard,OpenMP,16,1,0.048208952,1
hard_030,Hard,OpenMP,16,2,0.091420174,1
hard_030,Hard,OpenMP,16,3,0.044602156,1
hard_030,Hard,OpenMP,16,4,0.053609848,1
hard_030,Hard,OpenMP,16,5,0.067869186,1
hard_030,Hard,OMP-BranchBoundMRV,4,1,0.024344921,1
hard_030,Hard,OMP-BranchBoundMRV,4,2,0.024327993,1
hard_030,Hard,OMP-BranchBoundMRV,4,3,0.024651051,1
hard_030,Hard,OMP-BranchBoundMRV,4,4,0.024384975,1
hard_030,Hard,OMP-BranchBoundMRV,4,5,0.023645163,1
hard_030,Hard,OMP-BranchBoundMRV,8,1,0.031968117,1
hard_030,Hard,OMP-BranchBoundMRV,8,2,0.035206079,1
hard_030,Hard,OMP-BranchBoundMRV,8,3,0.034559011,1
hard_030,Hard,OMP-BranchBoundMRV,8,4,0.041754007,1
hard_030,Hard,OMP-BranchBoundMRV,8,5,0.043147087,1
hard_030,Hard,OMP-BranchBoundMRV,16,1,0.075361967,1
hard_030,Hard,OMP-BranchBoundMRV,16,2,0.115627050,1
hard_030,Hard,OMP-BranchBoundMRV,16,3,0.085292816,1
hard_030,Hard,OMP-BranchBoundMRV,16,4,0.041630030,1
hard_030,Hard,OMP-BranchBoundMRV,16,5,0.076858044,1
hard_031,Hard,Serial,1,1,0.005411833,1
hard_031,Hard,Serial,1,2,0.003851833,1
hard_031,Hard,Serial,1,3,0.003931167,1
hard_031,Hard,Serial,1,4,0.003855084,1
hard_031,Hard,Serial,1,5,0.003812208,1
hard_031,Hard,Serial-MRV,1,1,0.026880208,1
hard_031,Hard,Serial-MRV,1,2,0.026650292,1
hard_031,Hard,Serial-MRV,1,3,0.026502333,1
hard_031,Hard,Serial-MRV,1,4,0.026239542,1
hard_031,Hard,Serial-MRV,1,5,0.026090667,1
hard_031,Hard,BranchBound,1,1,0.003317167,1
hard_031,Hard,BranchBound,1,2,0.003226167,1
hard_031,Hard,BranchBound,1,3,0.003227875,1
hard_031,Hard,BranchBound,1,4,0.003225917,1
hard_031,Hard,BranchBound,1,5,0.003294083,1
hard_031,Hard,BranchBoundMRV,1,1,0.034891167,1
hard_031,Hard,BranchBoundMRV,1,2,0.035567208,1
hard_031,Hard,BranchBoundMRV,1,3,0.035181584,1
hard_031,Hard,BranchBoundMRV,1,4,0.035511792,1
hard_031,Hard,BranchBoundMRV,1,5,0.035169292,1
hard_031,Hard,OpenMP,4,1,0.007174015,1
hard_031,Hard,OpenMP,4,2,0.007076025,1
hard_031,Hard,OpenMP,4,3,0.006900072,1
hard_031,Hard,OpenMP,4,4,0.006970882,1
hard_031,Hard,OpenMP,4,5,0.006889820,1
hard_031,Hard,OpenMP,8,1,0.008080006,1
hard_031,Hard,OpenMP,8,2,0.009886026,1
hard_031,Hard,OpenMP,8,3,0.011220932,1
hard_031,Hard,OpenMP,8,4,0.007227898,1
hard_031,Hard,OpenMP,8,5,0.003226042,1
hard_031,Hard,OpenMP,16,1,0.052680969,1
hard_031,Hard,OpenMP,16,2,0.026914835,1
hard_031,Hard,OpenMP,16,3,0.065015078,1
hard_031,Hard,OpenMP,16,4,0.030667067,1
hard_031,Hard,OpenMP,16,5,0.043222189,1
hard_031,Hard,OMP-BranchBoundMRV,4,1,0.009217024,1
hard_031,Hard,OMP-BranchBoundMRV,4,2,0.009241104,1
hard_031,Hard,OMP-BranchBoundMRV,4,3,0.009199142,1
hard_031,Hard,OMP-BranchBoundMRV,4,4,0.009186029,1
hard_031,Hard,OMP-BranchBoundMRV,4,5,0.009384155,1
hard_031,Hard,OMP-BranchBoundMRV,8,1,0.008099794,1
hard_031,Hard,OMP-BranchBoundMRV,8,2,0.004271030,1
hard_031,Hard,OMP-BranchBoundMRV,8,3,0.010740995,1
hard_031,Hard,OMP-BranchBoundMRV,8,4,0.013715982,1
hard_031,Hard,OMP-BranchBoundMRV,8,5,0.004568100,1
hard_031,Hard,OMP-BranchBoundMRV,16,1,0.126228094,1
hard_031,Hard,OMP-BranchBoundMRV,16,2,0.061296940,1
hard_031,Hard,OMP-BranchBoundMRV,16,3,0.013018847,1
hard_031,Hard,OMP-BranchBoundMRV,16,4,0.015172005,1
hard_031,Hard,OMP-BranchBoundMRV,16,5,0.024742126,1
hard_032,Hard,Serial,1,1,0.014089584,1
hard_032,Hard,Serial,1,2,0.014164667,1
hard_032,Hard,Serial,1,3,0.014213875,1
hard_032,Hard,Serial,1,4,0.013926375,1
hard_032,Hard,Serial,1,5,0.014117916,1
hard_032,Hard,Serial-MRV,1,1,0.019445833,1
hard_032,Hard,Serial-MRV,1,2,0.019169667,1
hard_032,Hard,Serial-MRV,1,3,0.019444667,1
hard_032,Hard,Serial-MRV,1,4,0.019464458,1
hard_032,Hard,Serial-MRV,1,5,0.019768917,1
hard_032,Hard,BranchBound,1,1,0.012332792,1
hard_032,Hard,BranchBound,1,2,0.012757000,1
hard_032,Hard,BranchBound,1,3,0.012751375,1
hard_032,Hard,BranchBound,1,4,0.012598667,1
hard_032,Hard,BranchBound,1,5,0.012388459,1
hard_032,Hard,BranchBoundMRV,1,1,0.025241417,1
hard_032,Hard,BranchBoundMRV,1,2,0.024406333,1
hard_032,Hard,BranchBoundMRV,1,3,0.024435750,1
hard_032,Hard,BranchBoundMRV,1,4,0.024026500,1
hard_032,Hard,BranchBoundMRV,1,5,0.024133417,1
hard_032,Hard,OpenMP,4,1,0.002922058,1
hard_032,Hard,OpenMP,4,2,0.002913952,1
hard_032,Hard,OpenMP,4,3,0.002901077,1
hard_032,Hard,OpenMP,4,4,0.002892971,1
hard_032,Hard,OpenMP,4,5,0.002893925,1
hard_032,Hard,OpenMP,8,1,0.002981186,1
hard_032,Hard,OpenMP,8,2,0.007673025,1
hard_032,Hard,OpenMP,8,3,0.005479097,1
hard_032,Hard,OpenMP,8,4,0.002925158,1
hard_032,Hard,OpenMP,8,5,0.008130074,1
hard_032,Hard,OpenMP,16,1,0.075335979,1
hard_032,Hard,OpenMP,16,2,0.033241987,1
hard_032,Hard,OpenMP,16,3,0.062067032,1
hard_032,Hard,OpenMP,16,4,0.038738012,1
hard_032,Hard,OpenMP,16,5,0.076769114,1
hard_032,Hard,OMP-BranchBoundMRV,4,1,0.004906178,1
hard_032,Hard,OMP-BranchBoundMRV,4,2,0.003852129,1
hard_032,Hard,OMP-BranchBoundMRV,4,3,0.003859997,1
hard_032,Hard,OMP-BranchBoundMRV,4,4,0.003931046,1
hard_032,Hard,OMP-BranchBoundMRV,4,5,0.004277945,1
hard_032,Hard,OMP-BranchBoundMRV,8,1,0.007660151,1
hard_032,Hard,OMP-BranchBoundMRV,8,2,0.008255005,1
hard_032,Hard,OMP-BranchBoundMRV,8,3,0.010189056,1
hard_032,Hard,OMP-BranchBoundMRV,8,4,0.023118019,1
hard_032,Hard,OMP-BranchBoundMRV,8,5,0.008718014,1
hard_032,Hard,OMP-BranchBoundMRV,16,1,0.031507015,1
hard_032,Hard,OMP-BranchBoundMRV,16,2,0.056155205,1
hard_032,Hard,OMP-BranchBoundMRV,16,3,0.038767099,1
hard_032,Hard,OMP-BranchBoundMRV,16,4,0.015041113,1
hard_032,Hard,OMP-BranchBoundMRV,16,5,0.047794104,1
hard_033,Hard,Serial,1,1,0.075090750,1
hard_033,Hard,Serial,1,2,0.073344042,1
hard_033,Hard,Serial,1,3,0.073521500,1
hard_033,Hard,Serial,1,4,0.073156166,1
hard_033,Hard,Serial,1,5,0.121465416,1
hard_033,Hard,Serial-MRV,1,1,0.050846375,1
hard_033,Hard,Serial-MRV,1,2,0.033586875,1
hard_033,Hard,Serial-MRV,1,3,0.028512250,1
hard_033,Hard,Serial-MRV,1,4,0.028548209,1
hard_033,Hard,Serial-MRV,1,5,0.028725834,1
hard_033,Hard,BranchBound,1,1,0.072459125,1
hard_033,Hard,BranchBound,1,2,0.068247125,1
hard_033,Hard,BranchBound,1,3,0.068864834,1
hard_033,Hard,BranchBound,1,4,0.067867792,1
hard_033,Hard,BranchBound,1,5,0.067511792,1
hard_033,Hard,BranchBoundMRV,1,1,0.037849750,1
hard_033,Hard,BranchBoundMRV,1,2,0.037734709,1
hard_033,Hard,BranchBoundMRV,1,3,0.037618000,1
hard_033,Hard,BranchBoundMRV,1,4,0.037698333,1
hard_033,Hard,BranchBoundMRV,1,5,0.037678959,1
hard_033,Hard,OpenMP,4,1,0.001852036,1
hard_033,Hard,OpenMP,4,2,0.001848221,1
hard_033,Hard,OpenMP,4,3,0.001803875,1
hard_033,Hard,OpenMP,4,4,0.001822948,1
hard_033,Hard,OpenMP,4,5,0.001819849,1
hard_033,Hard,OpenMP,8,1,0.004333019,1
hard_033,Hard,OpenMP,8,2,0.001861811,1
hard_033,Hard,OpenMP,8,3,0.011244059,1
hard_033,Hard,OpenMP,8,4,0.004185915,1
hard_033,Hard,OpenMP,8,5,0.005569935,1
hard_033,Hard,OpenMP,16,1,0.041961908,1
hard_033,Hard,OpenMP,16,2,0.022449970,1
hard_033,Hard,OpenMP,16,3,0.033252001,1
hard_033,Hard,OpenMP,16,4,0.068463087,1
hard_033,Hard,OpenMP,16,5,0.023677826,1
hard_033,Hard,OMP-BranchBoundMRV,4,1,0.002538204,1
hard_033,Hard,OMP-BranchBoundMRV,4,2,0.002520084,1
hard_033,Hard,OMP-BranchBoundMRV,4,3,0.002522945,1
hard_033,Hard,OMP-BranchBoundMRV,4,4,0.002532005,1
hard_033,Hard,OMP-BranchBoundMRV,4,5,0.002526045,1
hard_033,Hard,OMP-BranchBoundMRV,8,1,0.008393049,1
hard_033,Hard,OMP-BranchBoundMRV,8,2,0.009222031,1
hard_033,Hard,OMP-BranchBoundMRV,8,3,0.002549887,1
hard_033,Hard,OMP-BranchBoundMRV,8,4,0.003755093,1
hard_033,Hard,OMP-BranchBoundMRV,8,5,0.005841017,1
hard_033,Hard,OMP-BranchBoundMRV,16,1,0.085248947,1
hard_033,Hard,OMP-BranchBoundMRV,16,2,0.037274837,1
hard_033,Hard,OMP-BranchBoundMRV,16,3,0.030483007,1
hard_033,Hard,OMP-BranchBoundMRV,16,4,0.033894062,1
hard_033,Hard,OMP-BranchBoundMRV,16,5,0.036129951,1
hard_034,Hard,Serial,1,1,0.005771250,1
hard_034,Hard,Serial,1,2,0.005779959,1
hard_034,Hard,Serial,1,3,0.005772791,1
hard_034,Hard,Serial,1,4,0.005763333,1
hard_034,Hard,Serial,1,5,0.005731167,1
hard_034,Hard,Serial-MRV,1,1,0.016576917,1
hard_034,Hard,Serial-MRV,1,2,0.016618792,1
hard_034,Hard,Serial-MRV,1,3,0.016819500,1
hard_034,Hard,Serial-MRV,1,4,0.016954250,1
hard_034,Hard,Serial-MRV,1,5,0.017065542,1
hard_034,Hard,BranchBound,1,1,0.005006417,1
hard_034,Hard,BranchBound,1,2,0.005558417,1
hard_034,Hard,BranchBound,1,3,0.005036750,1
hard_034,Hard,BranchBound,1,4,0.005081291,1
hard_034,Hard,BranchBound,1,5,0.005612709,1
hard_034,Hard,BranchBoundMRV,1,1,0.021859958,1
hard_034,Hard,BranchBoundMRV,1,2,0.022669042,1
hard_034,Hard,BranchBoundMRV,1,3,0.023773541,1
hard_034,Hard,BranchBoundMRV,1,4,0.022610625,1
hard_034,Hard,BranchBoundMRV,1,5,0.022755209,1
hard_034,Hard,OpenMP,4,1,0.001543045,1
hard_034,Hard,OpenMP,4,2,0.001312971,1
hard_034,Hard,OpenMP,4,3,0.001186848,1
hard_034,Hard,OpenMP,4,4,0.001162052,1
hard_034,Hard,OpenMP,4,5,0.001152992,1
hard_034,Hard,OpenMP,8,1,0.004389048,1
hard_034,Hard,OpenMP,8,2,0.002684832,1
hard_034,Hard,OpenMP,8,3,0.003912926,1
hard_034,Hard,OpenMP,8,4,0.002725124,1
hard_034,Hard,OpenMP,8,5,0.001336098,1
hard_034,Hard,OpenMP,16,1,0.004320145,1
hard_034,Hard,OpenMP,16,2,0.017358065,1
hard_034,Hard,OpenMP,16,3,0.017703056,1
hard_034,Hard,OpenMP,16,4,0.005286932,1
hard_034,Hard,OpenMP,16,5,0.015995026,1
hard_034,Hard,OMP-BranchBoundMRV,4,1,0.002030134,1
hard_034,Hard,OMP-BranchBoundMRV,4,2,0.001761913,1
hard_034,Hard,OMP-BranchBoundMRV,4,3,0.001593113,1
hard_034,Hard,OMP-BranchBoundMRV,4,4,0.001605988,1
hard_034,Hard,OMP-BranchBoundMRV,4,5,0.001698017,1
hard_034,Hard,OMP-BranchBoundMRV,8,1,0.005522013,1
hard_034,Hard,OMP-BranchBoundMRV,8,2,0.004438162,1
hard_034,Hard,OMP-BranchBoundMRV,8,3,0.004714012,1
hard_034,Hard,OMP-BranchBoundMRV,8,4,0.002525091,1
hard_034,Hard,OMP-BranchBoundMRV,8,5,0.003644943,1
hard_034,Hard,OMP-BranchBoundMRV,16,1,0.005105019,1
hard_034,Hard,OMP-BranchBoundMRV,16,2,0.006843805,1
hard_034,Hard,OMP-BranchBoundMRV,16,3,0.027946949,1
hard_034,Hard,OMP-BranchBoundMRV,16,4,0.030997992,1
hard_034,Hard,OMP-BranchBoundMRV,16,5,0.014802933,1
hard_035,Hard,Serial,1,1,0.035653833,1
hard_035,Hard,Serial,1,2,0.033488667,1
hard_035,Hard,Serial,1,3,0.034078500,1
hard_035,Hard,Serial,1,4,0.033620000,1
hard_035,Hard,Serial,1,5,0.034191041,1
hard_035,Hard,Serial-MRV,1,1,0.017329125,1
hard_035,Hard,Serial-MRV,1,2,0.017264250,1
hard_035,Hard,Serial-MRV,1,3,0.017192791,1
hard_035,Hard,Serial-MRV,1,4,0.017180334,1
hard_035,Hard,Serial-MRV,1,5,0.017242667,1
hard_035,Hard,BranchBound,1,1,0.029612917,1
hard_035,Hard,BranchBound,1,2,0.029604041,1
hard_035,Hard,BranchBound,1,3,0.029241542,1
hard_035,Hard,BranchBound,1,4,0.029631125,1
hard_035,Hard,BranchBound,1,5,0.032044792,1
hard_035,Hard,BranchBoundMRV,1,1,0.041523584,1
hard_035,Hard,BranchBoundMRV,1,2,0.023053875,1
hard_035,Hard,BranchBoundMRV,1,3,0.023147334,1
hard_035,Hard,BranchBoundMRV,1,4,0.022904292,1
hard_035,Hard,BranchBoundMRV,1,5,0.022690583,1
hard_035,Hard,OpenMP,4,1,0.012769938,1
hard_035,Hard,OpenMP,4,2,0.013905048,1
hard_035,Hard,OpenMP,4,3,0.012754917,1
hard_035,Hard,OpenMP,4,4,0.012295008,1
hard_035,Hard,OpenMP,4,5,0.012386084,1
hard_035,Hard,OpenMP,8,1,0.013293028,1
hard_035,Hard,OpenMP,8,2,0.022714853,1
hard_035,Hard,OpenMP,8,3,0.030797005,1
hard_035,Hard,OpenMP,8,4,0.023212910,1
hard_035,Hard,OpenMP,8,5,0.019495964,1
hard_035,Hard,OpenMP,16,1,0.039357901,1
hard_035,Hard,OpenMP,16,2,0.085525036,1
hard_035,Hard,OpenMP,16,3,0.040841103,1
hard_035,Hard,OpenMP,16,4,0.055619001,1
hard_035,Hard,OpenMP,16,5,0.021475077,1
hard_035,Hard,OMP-BranchBoundMRV,4,1,0.016396046,1
hard_035,Hard,OMP-BranchBoundMRV,4,2,0.016052961,1
hard_035,Hard,OMP-BranchBoundMRV,4,3,0.016287804,1
hard_035,Hard,OMP-BranchBoundMRV,4,4,0.016031981,1
hard_035,Hard,OMP-BranchBoundMRV,4,5,0.016196966,1
hard_035,Hard,OMP-BranchBoundMRV,8,1,0.022396088,1
hard_035,Hard,OMP-BranchBoundMRV,8,2,0.025110960,1
hard_035,Hard,OMP-BranchBoundMRV,8,3,0.021826982,1
hard_035,Hard,OMP-BranchBoundMRV,8,4,0.024339914,1
hard_035,Hard,OMP-BranchBoundMRV,8,5,0.023859978,1
hard_035,Hard,OMP-BranchBoundMRV,16,1,0.112344980,1
hard_035,Hard,OMP-BranchBoundMRV,16,2,0.178466082,1
hard_035,Hard,OMP-BranchBoundMRV,16,3,0.083567858,1
hard_035,Hard,OMP-BranchBoundMRV,16,4,0.048532009,1
hard_035,Hard,OMP-BranchBoundMRV,16,5,0.045182943,1
hard_036,Hard,Serial,1,1,0.019076375,1
hard_036,Hard,Serial,1,2,0.019096250,1
hard_036,Hard,Serial,1,3,0.019083458,1
hard_036,Hard,Serial,1,4,0.019020667,1
hard_036,Hard,Serial,1,5,0.019054166,1
hard_036,Hard,Serial-MRV,1,1,0.023378334,1
hard_036,Hard,Serial-MRV,1,2,0.023416959,1
hard_036,Hard,Serial-MRV,1,3,0.023273709,1
hard_036,Hard,Serial-MRV,1,4,0.023602792,1
hard_036,Hard,Serial-MRV,1,5,0.034650000,1
hard_036,Hard,BranchBound,1,1,0.016292167,1
hard_036,Hard,BranchBound,1,2,0.016114584,1
hard_036,Hard,BranchBound,1,3,0.016317625,1
hard_036,Hard,BranchBound,1,4,0.016250708,1
hard_036,Hard,BranchBound,1,5,0.016235541,1
hard_036,Hard,BranchBoundMRV,1,1,0.030785792,1
hard_036,Hard,BranchBoundMRV,1,2,0.030768875,1
hard_036,Hard,BranchBoundMRV,1,3,0.031046541,1
hard_036,Hard,BranchBoundMRV,1,4,0.031009708,1
hard_036,Hard,BranchBoundMRV,1,5,0.031499584,1
hard_036,Hard,OpenMP,4,1,0.001156807,1
hard_036,Hard,OpenMP,4,2,0.000978947,1
hard_036,Hard,OpenMP,4,3,0.000969887,1
hard_036,Hard,OpenMP,4,4,0.001127005,1
hard_036,Hard,OpenMP,4,5,0.000972033,1
hard_036,Hard,OpenMP,8,1,0.010075808,1
hard_036,Hard,OpenMP,8,2,0.010060072,1
hard_036,Hard,OpenMP,8,3,0.008579969,1
hard_036,Hard,OpenMP,8,4,0.010097980,1
hard_036,Hard,OpenMP,8,5,0.010156870,1
hard_036,Hard,OpenMP,16,1,0.010931969,1
hard_036,Hard,OpenMP,16,2,0.013723135,1
hard_036,Hard,OpenMP,16,3,0.016221046,1
hard_036,Hard,OpenMP,16,4,0.011584044,1
hard_036,Hard,OpenMP,16,5,0.015743017,1
hard_036,Hard,OMP-BranchBoundMRV,4,1,0.001373053,1
hard_036,Hard,OMP-BranchBoundMRV,4,2,0.001497030,1
hard_036,Hard,OMP-BranchBoundMRV,4,3,0.001360178,1
hard_036,Hard,OMP-BranchBoundMRV,4,4,0.001365900,1
hard_036,Hard,OMP-BranchBoundMRV,4,5,0.001414061,1
hard_036,Hard,OMP-BranchBoundMRV,8,1,0.002910137,1
hard_036,Hard,OMP-BranchBoundMRV,8,2,0.002442122,1
hard_036,Hard,OMP-BranchBoundMRV,8,3,0.002848148,1
hard_036,Hard,OMP-BranchBoundMRV,8,4,0.003165960,1
hard_036,Hard,OMP-BranchBoundMRV,8,5,0.005221128,1
hard_036,Hard,OMP-BranchBoundMRV,16,1,0.012309074,1
hard_036,Hard,OMP-BranchBoundMRV,16,2,0.011296988,1
hard_036,Hard,OMP-BranchBoundMRV,16,3,0.004951000,1
hard_036,Hard,OMP-BranchBoundMRV,16,4,0.070343971,1
hard_036,Hard,OMP-BranchBoundMRV,16,5,0.018564939,1
hard_037,Hard,Serial,1,1,0.002662375,1
hard_037,Hard,Serial,1,2,0.002839125,1
hard_037,Hard,Serial,1,3,0.002643042,1
hard_037,Hard,Serial,1,4,0.002625958,1
hard_037,Hard,Serial,1,5,0.002664500,1
hard_037,Hard,Serial-MRV,1,1,0.017172542,1
hard_037,Hard,Serial-MRV,1,2,0.017141000,1
hard_037,Hard,Serial-MRV,1,3,0.017067167,1
hard_037,Hard,Serial-MRV,1,4,0.017215625,1
hard_037,Hard,Serial-MRV,1,5,0.017266833,1
hard_037,Hard,BranchBound,1,1,0.002263750,1
hard_037,Hard,BranchBound,1,2,0.002221917,1
hard_037,Hard,BranchBound,1,3,0.002200583,1
hard_037,Hard,BranchBound,1,4,0.002255000,1
hard_037,Hard,BranchBound,1,5,0.002234791,1
hard_037,Hard,BranchBoundMRV,1,1,0.022573167,1
hard_037,Hard,BranchBoundMRV,1,2,0.022587750,1
hard_037,Hard,BranchBoundMRV,1,3,0.022585167,1
hard_037,Hard,BranchBoundMRV,1,4,0.022498125,1
hard_037,Hard,BranchBoundMRV,1,5,0.022884375,1
hard_037,Hard,OpenMP,4,1,0.018563986,1
hard_037,Hard,OpenMP,4,2,0.018631935,1
hard_037,Hard,OpenMP,4,3,0.018076897,1
hard_037,Hard,OpenMP,4,4,0.023816824,1
hard_037,Hard,OpenMP,4,5,0.022062063,1
hard_037,Hard,OpenMP,8,1,0.030816078,1
hard_037,Hard,OpenMP,8,2,0.047338963,1
hard_037,Hard,OpenMP,8,3,0.043948889,1
hard_037,Hard,OpenMP,8,4,0.062189102,1
hard_037,Hard,OpenMP,8,5,0.018620014,1
hard_037,Hard,OpenMP,16,1,0.067291021,1
hard_037,Hard,OpenMP,16,2,0.056769848,1
hard_037,Hard,OpenMP,16,3,0.041492939,1
hard_037,Hard,OpenMP,16,4,0.027549982,1
hard_037,Hard,OpenMP,16,5,0.069531918,1
hard_037,Hard,OMP-BranchBoundMRV,4,1,0.023937225,1
hard_037,Hard,OMP-BranchBoundMRV,4,2,0.023932934,1
hard_037,Hard,OMP-BranchBoundMRV,4,3,0.023819923,1
hard_037,Hard,OMP-BranchBoundMRV,4,4,0.023908138,1
hard_037,Hard,OMP-BranchBoundMRV,4,5,0.024021149,1
hard_037,Hard,OMP-BranchBoundMRV,8,1,0.029784203,1
hard_037,Hard,OMP-BranchBoundMRV,8,2,0.051985025,1
hard_037,Hard,OMP-BranchBoundMRV,8,3,0.057250023,1
hard_037,Hard,OMP-BranchBoundMRV,8,4,0.041584015,1
hard_037,Hard,OMP-BranchBoundMRV,8,5,0.047201157,1
hard_037,Hard,OMP-BranchBoundMRV,16,1,0.099901915,1
hard_037,Hard,OMP-BranchBoundMRV,16,2,0.079596043,1
hard_037,Hard,OMP-BranchBoundMRV,16,3,0.095237017,1
hard_037,Hard,OMP-BranchBoundMRV,16,4,0.099509001,1
hard_037,Hard,OMP-BranchBoundMRV,16,5,0.084121943,1
hard_038,Hard,Serial,1,1,0.044670666,1
hard_038,Hard,Serial,1,2,0.043942125,1
hard_038,Hard,Serial,1,3,0.045571334,1
hard_038,Hard,Serial,1,4,0.044219458,1
hard_038,Hard,Serial,1,5,0.044627333,1
hard_038,Hard,Serial-MRV,1,1,0.017765292,1
hard_038,Hard,Serial-MRV,1,2,0.017727833,1
hard_038,Hard,Serial-MRV,1,3,0.017672541,1
hard_038,Hard,Serial-MRV,1,4,0.017717625,1
hard_038,Hard,Serial-MRV,1,5,0.024023084,1
hard_038,Hard,BranchBound,1,1,0.067685042,1
hard_038,Hard,BranchBound,1,2,0.064581208,1
hard_038,Hard,BranchBound,1,3,0.041007458,1
hard_038,Hard,BranchBound,1,4,0.037580459,1
hard_038,Hard,BranchBound,1,5,0.038012625,1
hard_038,Hard,BranchBoundMRV,1,1,0.023025833,1
hard_038,Hard,BranchBoundMRV,1,2,0.023029625,1
hard_038,Hard,BranchBoundMRV,1,3,0.023137959,1
hard_038,Hard,BranchBoundMRV,1,4,0.022957000,1
hard_038,Hard,BranchBoundMRV,1,5,0.022865792,1
hard_038,Hard,OpenMP,4,1,0.002128124,1
hard_038,Hard,OpenMP,4,2,0.002094030,1
hard_038,Hard,OpenMP,4,3,0.002092123,1
hard_038,Hard,OpenMP,4,4,0.002091169,1
hard_038,Hard,OpenMP,4,5,0.002083063,1
hard_038,Hard,OpenMP,8,1,0.005332947,1
hard_038,Hard,OpenMP,8,2,0.005220890,1
hard_038,Hard,OpenMP,8,3,0.005094051,1
hard_038,Hard,OpenMP,8,4,0.005161047,1
hard_038,Hard,OpenMP,8,5,0.005120039,1
hard_038,Hard,OpenMP,16,1,0.065419197,1
hard_038,Hard,OpenMP,16,2,0.032701969,1
hard_038,Hard,OpenMP,16,3,0.028542042,1
hard_038,Hard,OpenMP,16,4,0.038997889,1
hard_038,Hard,OpenMP,16,5,0.048206091,1
hard_038,Hard,OMP-BranchBoundMRV,4,1,0.002851009,1
hard_038,Hard,OMP-BranchBoundMRV,4,2,0.002828836,1
hard_038,Hard,OMP-BranchBoundMRV,4,3,0.002830982,1
hard_038,Hard,OMP-BranchBoundMRV,4,4,0.003111124,1
hard_038,Hard,OMP-BranchBoundMRV,4,5,0.002824068,1
hard_038,Hard,OMP-BranchBoundMRV,8,1,0.004215002,1
hard_038,Hard,OMP-BranchBoundMRV,8,2,0.002861977,1
hard_038,Hard,OMP-BranchBoundMRV,8,3,0.006758928,1
hard_038,Hard,OMP-BranchBoundMRV,8,4,0.002881050,1
hard_038,Hard,OMP-BranchBoundMRV,8,5,0.004195929,1
hard_038,Hard,OMP-BranchBoundMRV,16,1,0.031587839,1
hard_038,Hard,OMP-BranchBoundMRV,16,2,0.068993092,1
hard_038,Hard,OMP-BranchBoundMRV,16,3,0.037100077,1
hard_038,Hard,OMP-BranchBoundMRV,16,4,0.066992998,1
hard_038,Hard,OMP-BranchBoundMRV,16,5,0.021335840,1
hard_039,Hard,Serial,1,1,0.000969583,1
hard_039,Hard,Serial,1,2,0.000947416,1
hard_039,Hard,Serial,1,3,0.000941250,1
hard_039,Hard,Serial,1,4,0.000960500,1
hard_039,Hard,Serial,1,5,0.000986500,1
hard_039,Hard,Serial-MRV,1,1,0.016676083,1
hard_039,Hard,Serial-MRV,1,2,0.016812750,1
hard_039,Hard,Serial-MRV,1,3,0.016771458,1
hard_039,Hard,Serial-MRV,1,4,0.016712792,1
hard_039,Hard,Serial-MRV,1,5,0.016745167,1
hard_039,Hard,BranchBound,1,1,0.000843000,1
hard_039,Hard,BranchBound,1,2,0.000819041,1
hard_039,Hard,BranchBound,1,3,0.000819250,1
hard_039,Hard,BranchBound,1,4,0.000819542,1
hard_039,Hard,BranchBound,1,5,0.000820542,1
hard_039,Hard,BranchBoundMRV,1,1,0.022162167,1
hard_039,Hard,BranchBoundMRV,1,2,0.022260625,1
hard_039,Hard,BranchBoundMRV,1,3,0.022124625,1
hard_039,Hard,BranchBoundMRV,1,4,0.022107208,1
hard_039,Hard,BranchBoundMRV,1,5,0.022058250,1
hard_039,Hard,OpenMP,4,1,0.000885010,1
hard_039,Hard,OpenMP,4,2,0.000860929,1
hard_039,Hard,OpenMP,4,3,0.000864983,1
hard_039,Hard,OpenMP,4,4,0.000864983,1
hard_039,Hard,OpenMP,4,5,0.000864983,1
hard_039,Hard,OpenMP,8,1,0.001915932,1
hard_039,Hard,OpenMP,8,2,0.001938105,1
hard_039,Hard,OpenMP,8,3,0.002031803,1
hard_039,Hard,OpenMP,8,4,0.001924038,1
hard_039,Hard,OpenMP,8,5,0.001990080,1
hard_039,Hard,OpenMP,16,1,0.031696081,1
hard_039,Hard,OpenMP,16,2,0.021147966,1
hard_039,Hard,OpenMP,16,3,0.136312008,1
hard_039,Hard,OpenMP,16,4,0.025244951,1
hard_039,Hard,OpenMP,16,5,0.104197979,1
hard_039,Hard,OMP-BranchBoundMRV,4,1,0.001394033,1
hard_039,Hard,OMP-BranchBoundMRV,4,2,0.001391888,1
hard_039,Hard,OMP-BranchBoundMRV,4,3,0.001393795,1
hard_039,Hard,OMP-BranchBoundMRV,4,4,0.001389027,1
hard_039,Hard,OMP-BranchBoundMRV,4,5,0.001391172,1
hard_039,Hard,OMP-BranchBoundMRV,8,1,0.003300905,1
hard_039,Hard,OMP-BranchBoundMRV,8,2,0.001394033,1
hard_039,Hard,OMP-BranchBoundMRV,8,3,0.001411915,1
hard_039,Hard,OMP-BranchBoundMRV,8,4,0.003058910,1
hard_039,Hard,OMP-BranchBoundMRV,8,5,0.003572941,1
hard_039,Hard,OMP-BranchBoundMRV,16,1,0.041353941,1
hard_039,Hard,OMP-BranchBoundMRV,16,2,0.031632900,1
hard_039,Hard,OMP-BranchBoundMRV,16,3,0.060711145,1
hard_039,Hard,OMP-BranchBoundMRV,16,4,0.020920992,1
hard_039,Hard,OMP-BranchBoundMRV,16,5,0.032991886,1
hard_040,Hard,Serial,1,1,0.006654459,1
hard_040,Hard,Serial,1,2,0.006676709,1
hard_040,Hard,Serial,1,3,0.006635542,1
hard_040,Hard,Serial,1,4,0.006610167,1
hard_040,Hard,Serial,1,5,0.006677416,1
hard_040,Hard,Serial-MRV,1,1,0.020141667,1
hard_040,Hard,Serial-MRV,1,2,0.019668542,1
hard_040,Hard,Serial-MRV,1,3,0.019453792,1
hard_040,Hard,Serial-MRV,1,4,0.019396792,1
hard_040,Hard,Serial-MRV,1,5,0.019528250,1
hard_040,Hard,BranchBound,1,1,0.005756875,1
hard_040,Hard,BranchBound,1,2,0.005790125,1
hard_040,Hard,BranchBound,1,3,0.005849167,1
hard_040,Hard,BranchBound,1,4,0.005757625,1
hard_040,Hard,BranchBound,1,5,0.005761833,1
hard_040,Hard,BranchBoundMRV,1,1,0.023508000,1
hard_040,Hard,BranchBoundMRV,1,2,0.023566541,1
hard_040,Hard,BranchBoundMRV,1,3,0.023620709,1
hard_040,Hard,BranchBoundMRV,1,4,0.023603625,1
hard_040,Hard,BranchBoundMRV,1,5,0.023631958,1
hard_040,Hard,OpenMP,4,1,0.000925064,1
hard_040,Hard,OpenMP,4,2,0.000898838,1
hard_040,Hard,OpenMP,4,3,0.000895023,1
hard_040,Hard,OpenMP,4,4,0.000894070,1
hard_040,Hard,OpenMP,4,5,0.000895023,1
hard_040,Hard,OpenMP,8,1,0.001681089,1
hard_040,Hard,OpenMP,8,2,0.002919912,1
hard_040,Hard,OpenMP,8,3,0.000983953,1
hard_040,Hard,OpenMP,8,4,0.002244949,1
hard_040,Hard,OpenMP,8,5,0.002240181,1
hard_040,Hard,OpenMP,16,1,0.044189930,1
hard_040,Hard,OpenMP,16,2,0.037951946,1
hard_040,Hard,OpenMP,16,3,0.033242941,1
hard_040,Hard,OpenMP,16,4,0.042305946,1
hard_040,Hard,OpenMP,16,5,0.030911922,1
hard_040,Hard,OMP-BranchBoundMRV,4,1,0.001202106,1
hard_040,Hard,OMP-BranchBoundMRV,4,2,0.001204014,1
hard_040,Hard,OMP-BranchBoundMRV,4,3,0.001188993,1
hard_040,Hard,OMP-BranchBoundMRV,4,4,0.001187086,1
hard_040,Hard,OMP-BranchBoundMRV,4,5,0.001193047,1
hard_040,Hard,OMP-BranchBoundMRV,8,1,0.002776861,1
hard_040,Hard,OMP-BranchBoundMRV,8,2,0.004169941,1
hard_040,Hard,OMP-BranchBoundMRV,8,3,0.002697945,1
hard_040,Hard,OMP-BranchBoundMRV,8,4,0.002609968,1
hard_040,Hard,OMP-BranchBoundMRV,8,5,0.006043911,1
hard_040,Hard,OMP-BranchBoundMRV,16,1,0.075057983,1
hard_040,Hard,OMP-BranchBoundMRV,16,2,0.042623997,1
hard_040,Hard,OMP-BranchBoundMRV,16,3,0.041248083,1
hard_040,Hard,OMP-BranchBoundMRV,16,4,0.067179918,1
hard_040,Hard,OMP-BranchBoundMRV,16,5,0.032710075,1
hard_041,Hard,Serial,1,1,1.857624459,1
hard_041,Hard,Serial,1,2,1.902873500,1
hard_041,Hard,Serial,1,3,1.982841625,1
hard_041,Hard,Serial,1,4,1.742288750,1
hard_041,Hard,Serial,1,5,2.011502250,1
hard_041,Hard,Serial-MRV,1,1,0.020531750,1
hard_041,Hard,Serial-MRV,1,2,0.020348500,1
hard_041,Hard,Serial-MRV,1,3,0.020008209,1
hard_041,Hard,Serial-MRV,1,4,0.020012084,1
hard_041,Hard,Serial-MRV,1,5,0.026467542,1
hard_041,Hard,BranchBound,1,1,2.103465417,1
hard_041,Hard,BranchBound,1,2,1.757097667,1
hard_041,Hard,BranchBound,1,3,1.896527542,1
hard_041,Hard,BranchBound,1,4,1.786304375,1
hard_041,Hard,BranchBound,1,5,1.894442792,1
hard_041,Hard,BranchBoundMRV,1,1,0.032871375,1
hard_041,Hard,BranchBoundMRV,1,2,0.032679250,1
hard_041,Hard,BranchBoundMRV,1,3,0.041356875,1
hard_041,Hard,BranchBoundMRV,1,4,0.034779792,1
hard_041,Hard,BranchBoundMRV,1,5,0.042337500,1
hard_041,Hard,OpenMP,4,1,0.004956007,1
hard_041,Hard,OpenMP,4,2,0.002140045,1
hard_041,Hard,OpenMP,4,3,0.001027107,1
hard_041,Hard,OpenMP,4,4,0.001979113,1
hard_041,Hard,OpenMP,4,5,0.001753807,1
hard_041,Hard,OpenMP,8,1,0.010621071,1
hard_041,Hard,OpenMP,8,2,0.002542019,1
hard_041,Hard,OpenMP,8,3,0.006371975,1
hard_041,Hard,OpenMP,8,4,0.007624149,1
hard_041,Hard,OpenMP,8,5,0.004262924,1
hard_041,Hard,OpenMP,16,1,0.009205103,1
hard_041,Hard,OpenMP,16,2,0.006461859,1
hard_041,Hard,OpenMP,16,3,0.011498928,1
hard_041,Hard,OpenMP,16,4,0.030651093,1
hard_041,Hard,OpenMP,16,5,0.025435925,1
hard_041,Hard,OMP-BranchBoundMRV,4,1,0.002031088,1
hard_041,Hard,OMP-BranchBoundMRV,4,2,0.002200127,1
hard_041,Hard,OMP-BranchBoundMRV,4,3,0.001635075,1
hard_041,Hard,OMP-BranchBoundMRV,4,4,0.001588821,1
hard_041,Hard,OMP-BranchBoundMRV,4,5,0.002197027,1
hard_041,Hard,OMP-BranchBoundMRV,8,1,0.046809912,1
hard_041,Hard,OMP-BranchBoundMRV,8,2,0.013360977,1
hard_041,Hard,OMP-BranchBoundMRV,8,3,0.005083084,1
hard_041,Hard,OMP-BranchBoundMRV,8,4,0.020026922,1
hard_041,Hard,OMP-BranchBoundMRV,8,5,0.011765957,1
hard_041,Hard,OMP-BranchBoundMRV,16,1,0.009787798,1
hard_041,Hard,OMP-BranchBoundMRV,16,2,0.011430979,1
hard_041,Hard,OMP-BranchBoundMRV,16,3,0.026993036,1
hard_041,Hard,OMP-BranchBoundMRV,16,4,0.020144939,1
hard_041,Hard,OMP-BranchBoundMRV,16,5,0.010437012,1
hard_042,Hard,Serial,1,1,0.036414250,1
hard_042,Hard,Serial,1,2,0.036233542,1
hard_042,Hard,Serial,1,3,0.038128166,1
hard_042,Hard,Serial,1,4,0.033169625,1
hard_042,Hard,Serial,1,5,0.035519750,1
hard_042,Hard,Serial-MRV,1,1,0.024960833,1
hard_042,Hard,Serial-MRV,1,2,0.019829833,1
hard_042,Hard,Serial-MRV,1,3,0.025827125,1
hard_042,Hard,Serial-MRV,1,4,0.019486791,1
hard_042,Hard,Serial-MRV,1,5,0.017743375,1
hard_042,Hard,BranchBound,1,1,0.032377250,1
hard_042,Hard,BranchBound,1,2,0.034510958,1
hard_042,Hard,BranchBound,1,3,0.033037500,1
hard_042,Hard,BranchBound,1,4,0.033856459,1
hard_042,Hard,BranchBound,1,5,0.029183167,1
hard_042,Hard,BranchBoundMRV,1,1,0.060806542,1
hard_042,Hard,BranchBoundMRV,1,2,0.033523583,1
hard_042,Hard,BranchBoundMRV,1,3,0.025609250,1
hard_042,Hard,BranchBoundMRV,1,4,0.025511583,1
hard_042,Hard,BranchBoundMRV,1,5,0.026545875,1
hard_042,Hard,OpenMP,4,1,0.004429817,1
hard_042,Hard,OpenMP,4,2,0.004487038,1
hard_042,Hard,OpenMP,4,3,0.003958941,1
hard_042,Hard,OpenMP,4,4,0.003614902,1
hard_042,Hard,OpenMP,4,5,0.003976822,1
hard_042,Hard,OpenMP,8,1,0.007776022,1
hard_042,Hard,OpenMP,8,2,0.003625154,1
hard_042,Hard,OpenMP,8,3,0.006500959,1
hard_042,Hard,OpenMP,8,4,0.005827904,1
hard_042,Hard,OpenMP,8,5,0.009664059,1
hard_042,Hard,OpenMP,16,1,0.018923998,1
hard_042,Hard,OpenMP,16,2,0.069462061,1
hard_042,Hard,OpenMP,16,3,0.014827013,1
hard_042,Hard,OpenMP,16,4,0.021176815,1
hard_042,Hard,OpenMP,16,5,0.009998083,1
hard_042,Hard,OMP-BranchBoundMRV,4,1,0.006149054,1
hard_042,Hard,OMP-BranchBoundMRV,4,2,0.011606932,1
hard_042,Hard,OMP-BranchBoundMRV,4,3,0.008565903,1
hard_042,Hard,OMP-BranchBoundMRV,4,4,0.010035992,1
hard_042,Hard,OMP-BranchBoundMRV,4,5,0.004608870,1
hard_042,Hard,OMP-BranchBoundMRV,8,1,0.027144909,1
hard_042,Hard,OMP-BranchBoundMRV,8,2,0.018805981,1
hard_042,Hard,OMP-BranchBoundMRV,8,3,0.009006023,1
hard_042,Hard,OMP-BranchBoundMRV,8,4,0.012463093,1
hard_042,Hard,OMP-BranchBoundMRV,8,5,0.012701988,1
hard_042,Hard,OMP-BranchBoundMRV,16,1,0.057379961,1
hard_042,Hard,OMP-BranchBoundMRV,16,2,0.035621166,1
hard_042,Hard,OMP-BranchBoundMRV,16,3,0.036929131,1
hard_042,Hard,OMP-BranchBoundMRV,16,4,0.047580957,1
hard_042,Hard,OMP-BranchBoundMRV,16,5,0.036521912,1
hard_043,Hard,Serial,1,1,0.010745750,1
hard_043,Hard,Serial,1,2,0.010901542,1
hard_043,Hard,Serial,1,3,0.010156750,1
hard_043,Hard,Serial,1,4,0.010561417,1
hard_043,Hard,Serial,1,5,0.010891625,1
hard_043,Hard,Serial-MRV,1,1,0.023856625,1
hard_043,Hard,Serial-MRV,1,2,0.023092250,1
hard_043,Hard,Serial-MRV,1,3,0.022992000,1
hard_043,Hard,Serial-MRV,1,4,0.022941416,1
hard_043,Hard,Serial-MRV,1,5,0.023030417,1
hard_043,Hard,BranchBound,1,1,0.008747708,1
hard_043,Hard,BranchBound,1,2,0.008919625,1
hard_043,Hard,BranchBound,1,3,0.008631791,1
hard_043,Hard,BranchBound,1,4,0.009172500,1
hard_043,Hard,BranchBound,1,5,0.008652167,1
hard_043,Hard,BranchBoundMRV,1,1,0.030500666,1
hard_043,Hard,BranchBoundMRV,1,2,0.031132000,1
hard_043,Hard,BranchBoundMRV,1,3,0.030642500,1
hard_043,Hard,BranchBoundMRV,1,4,0.030422417,1
hard_043,Hard,BranchBoundMRV,1,5,0.029710167,1
hard_043,Hard,OpenMP,4,1,0.002631903,1
hard_043,Hard,OpenMP,4,2,0.002084017,1
hard_043,Hard,OpenMP,4,3,0.002048016,1
hard_043,Hard,OpenMP,4,4,0.002046108,1
hard_043,Hard,OpenMP,4,5,0.002051115,1
hard_043,Hard,OpenMP,8,1,0.003099918,1
hard_043,Hard,OpenMP,8,2,0.008069038,1
hard_043,Hard,OpenMP,8,3,0.004330873,1
hard_043,Hard,OpenMP,8,4,0.004875898,1
hard_043,Hard,OpenMP,8,5,0.002125978,1
hard_043,Hard,OpenMP,16,1,0.013285875,1
hard_043,Hard,OpenMP,16,2,0.021199942,1
hard_043,Hard,OpenMP,16,3,0.010094881,1
hard_043,Hard,OpenMP,16,4,0.012891054,1
hard_043,Hard,OpenMP,16,5,0.021667004,1
hard_043,Hard,OMP-BranchBoundMRV,4,1,0.003322124,1
hard_043,Hard,OMP-BranchBoundMRV,4,2,0.003641129,1
hard_043,Hard,OMP-BranchBoundMRV,4,3,0.002848148,1
hard_043,Hard,OMP-BranchBoundMRV,4,4,0.002923965,1
hard_043,Hard,OMP-BranchBoundMRV,4,5,0.003015995,1
hard_043,Hard,OMP-BranchBoundMRV,8,1,0.008145809,1
hard_043,Hard,OMP-BranchBoundMRV,8,2,0.004505873,1
hard_043,Hard,OMP-BranchBoundMRV,8,3,0.013670921,1
hard_043,Hard,OMP-BranchBoundMRV,8,4,0.020629883,1
hard_043,Hard,OMP-BranchBoundMRV,8,5,0.012853861,1
hard_043,Hard,OMP-BranchBoundMRV,16,1,0.079218864,1
hard_043,Hard,OMP-BranchBoundMRV,16,2,0.021831989,1
hard_043,Hard,OMP-BranchBoundMRV,16,3,0.035883904,1
hard_043,Hard,OMP-BranchBoundMRV,16,4,0.026057005,1
hard_043,Hard,OMP-BranchBoundMRV,16,5,0.022220850,1
hard_044,Hard,Serial,1,1,0.043629583,1
hard_044,Hard,Serial,1,2,0.044393875,1
hard_044,Hard,Serial,1,3,0.043612875,1
hard_044,Hard,Serial,1,4,0.047798166,1
hard_044,Hard,Serial,1,5,0.043547667,1
hard_044,Hard,Serial-MRV,1,1,0.040901542,1
hard_044,Hard,Serial-MRV,1,2,0.040017083,1
hard_044,Hard,Serial-MRV,1,3,0.040203584,1
hard_044,Hard,Serial-MRV,1,4,0.040242250,1
hard_044,Hard,Serial-MRV,1,5,0.040065792,1
hard_044,Hard,BranchBound,1,1,0.047526166,1
hard_044,Hard,BranchBound,1,2,0.040742459,1
hard_044,Hard,BranchBound,1,3,0.034969667,1
hard_044,Hard,BranchBound,1,4,0.034607375,1
hard_044,Hard,BranchBound,1,5,0.034480083,1
hard_044,Hard,BranchBoundMRV,1,1,0.050353667,1
hard_044,Hard,BranchBoundMRV,1,2,0.052555625,1
hard_044,Hard,BranchBoundMRV,1,3,0.051076125,1
hard_044,Hard,BranchBoundMRV,1,4,0.054636917,1
hard_044,Hard,BranchBoundMRV,1,5,0.053165042,1
hard_044,Hard,OpenMP,4,1,0.007915974,1
hard_044,Hard,OpenMP,4,2,0.007868052,1
hard_044,Hard,OpenMP,4,3,0.008327961,1
hard_044,Hard,OpenMP,4,4,0.007725954,1
hard_044,Hard,OpenMP,4,5,0.008366108,1
hard_044,Hard,OpenMP,8,1,0.007751942,1
hard_044,Hard,OpenMP,8,2,0.013357878,1
hard_044,Hard,OpenMP,8,3,0.009780169,1
hard_044,Hard,OpenMP,8,4,0.007789850,1
hard_044,Hard,OpenMP,8,5,0.015204906,1
hard_044,Hard,OpenMP,16,1,0.093415022,1
hard_044,Hard,OpenMP,16,2,0.028167963,1
hard_044,Hard,OpenMP,16,3,0.034312963,1
hard_044,Hard,OpenMP,16,4,0.031064987,1
hard_044,Hard,OpenMP,16,5,0.047911882,1
hard_044,Hard,OMP-BranchBoundMRV,4,1,0.019721031,1
hard_044,Hard,OMP-BranchBoundMRV,4,2,0.027495146,1
hard_044,Hard,OMP-BranchBoundMRV,4,3,0.010133028,1
hard_044,Hard,OMP-BranchBoundMRV,4,4,0.009984970,1
hard_044,Hard,OMP-BranchBoundMRV,4,5,0.019641161,1
hard_044,Hard,OMP-BranchBoundMRV,8,1,0.010786057,1
hard_044,Hard,OMP-BranchBoundMRV,8,2,0.013818979,1
hard_044,Hard,OMP-BranchBoundMRV,8,3,0.015696049,1
hard_044,Hard,OMP-BranchBoundMRV,8,4,0.012331009,1
hard_044,Hard,OMP-BranchBoundMRV,8,5,0.030800819,1
hard_044,Hard,OMP-BranchBoundMRV,16,1,0.039736032,1
hard_044,Hard,OMP-BranchBoundMRV,16,2,0.128669024,1
hard_044,Hard,OMP-BranchBoundMRV,16,3,0.043997049,1
hard_044,Hard,OMP-BranchBoundMRV,16,4,0.080873966,1
hard_044,Hard,OMP-BranchBoundMRV,16,5,0.050014019,1
hard_045,Hard,Serial,1,1,0.012640250,1
hard_045,Hard,Serial,1,2,0.012611625,1
hard_045,Hard,Serial,1,3,0.012704500,1
hard_045,Hard,Serial,1,4,0.012694416,1
hard_045,Hard,Serial,1,5,0.012568584,1
hard_045,Hard,Serial-MRV,1,1,0.048719875,1
hard_045,Hard,Serial-MRV,1,2,0.048804208,1
hard_045,Hard,Serial-MRV,1,3,0.048825708,1
hard_045,Hard,Serial-MRV,1,4,0.069785500,1
hard_045,Hard,Serial-MRV,1,5,0.052798792,1
hard_045,Hard,BranchBound,1,1,0.012512291,1
hard_045,Hard,BranchBound,1,2,0.011831541,1
hard_045,Hard,BranchBound,1,3,0.011652041,1
hard_045,Hard,BranchBound,1,4,0.011888000,1
hard_045,Hard,BranchBound,1,5,0.011774208,1
hard_045,Hard,BranchBoundMRV,1,1,0.062414167,1
hard_045,Hard,BranchBoundMRV,1,2,0.061261333,1
hard_045,Hard,BranchBoundMRV,1,3,0.061783959,1
hard_045,Hard,BranchBoundMRV,1,4,0.061637209,1
hard_045,Hard,BranchBoundMRV,1,5,0.060990541,1
hard_045,Hard,OpenMP,4,1,0.009034872,1
hard_045,Hard,OpenMP,4,2,0.009002924,1
hard_045,Hard,OpenMP,4,3,0.008999825,1
hard_045,Hard,OpenMP,4,4,0.008994818,1
hard_045,Hard,OpenMP,4,5,0.009019852,1
hard_045,Hard,OpenMP,8,1,0.009038925,1
hard_045,Hard,OpenMP,8,2,0.009073973,1
hard_045,Hard,OpenMP,8,3,0.010103941,1
hard_045,Hard,OpenMP,8,4,0.009105921,1
hard_045,Hard,OpenMP,8,5,0.017799854,1
hard_045,Hard,OpenMP,16,1,0.029680967,1
hard_045,Hard,OpenMP,16,2,0.016633034,1
hard_045,Hard,OpenMP,16,3,0.086405039,1
hard_045,Hard,OpenMP,16,4,0.061532974,1
hard_045,Hard,OpenMP,16,5,0.027780056,1
hard_045,Hard,OMP-BranchBoundMRV,4,1,0.012063026,1
hard_045,Hard,OMP-BranchBoundMRV,4,2,0.013948917,1
hard_045,Hard,OMP-BranchBoundMRV,4,3,0.013154984,1
hard_045,Hard,OMP-BranchBoundMRV,4,4,0.012295961,1
hard_045,Hard,OMP-BranchBoundMRV,4,5,0.011721849,1
hard_045,Hard,OMP-BranchBoundMRV,8,1,0.021701097,1
hard_045,Hard,OMP-BranchBoundMRV,8,2,0.022596121,1
hard_045,Hard,OMP-BranchBoundMRV,8,3,0.011936903,1
hard_045,Hard,OMP-BranchBoundMRV,8,4,0.013242006,1
hard_045,Hard,OMP-BranchBoundMRV,8,5,0.029863834,1
hard_045,Hard,OMP-BranchBoundMRV,16,1,0.065972090,1
hard_045,Hard,OMP-BranchBoundMRV,16,2,0.065639973,1
hard_045,Hard,OMP-BranchBoundMRV,16,3,0.040397167,1
hard_045,Hard,OMP-BranchBoundMRV,16,4,0.041279078,1
hard_045,Hard,OMP-BranchBoundMRV,16,5,0.045006990,1
hard_046,Hard,Serial,1,1,0.028968291,1
hard_046,Hard,Serial,1,2,0.031113833,1
hard_046,Hard,Serial,1,3,0.030438208,1
hard_046,Hard,Serial,1,4,0.063677500,1
hard_046,Hard,Serial,1,5,0.032262833,1
hard_046,Hard,Serial-MRV,1,1,0.088887208,1
hard_046,Hard,Serial-MRV,1,2,0.089260584,1
hard_046,Hard,Serial-MRV,1,3,0.087295250,1
hard_046,Hard,Serial-MRV,1,4,0.087594375,1
hard_046,Hard,Serial-MRV,1,5,0.087369709,1
hard_046,Hard,BranchBound,1,1,0.025079333,1
hard_046,Hard,BranchBound,1,2,0.025118708,1
hard_046,Hard,BranchBound,1,3,0.025028708,1
hard_046,Hard,BranchBound,1,4,0.025022208,1
hard_046,Hard,BranchBound,1,5,0.025037625,1
hard_046,Hard,BranchBoundMRV,1,1,0.109809750,1
hard_046,Hard,BranchBoundMRV,1,2,0.109750750,1
hard_046,Hard,BranchBoundMRV,1,3,0.110052375,1
hard_046,Hard,BranchBoundMRV,1,4,0.111804709,1
hard_046,Hard,BranchBoundMRV,1,5,0.110428667,1
hard_046,Hard,OpenMP,4,1,0.036619186,1
hard_046,Hard,OpenMP,4,2,0.037004948,1
hard_046,Hard,OpenMP,4,3,0.036923885,1
hard_046,Hard,OpenMP,4,4,0.036864996,1
hard_046,Hard,OpenMP,4,5,0.036747932,1
hard_046,Hard,OpenMP,8,1,0.059503078,1
hard_046,Hard,OpenMP,8,2,0.043533802,1
hard_046,Hard,OpenMP,8,3,0.057668924,1
hard_046,Hard,OpenMP,8,4,0.055784941,1
hard_046,Hard,OpenMP,8,5,0.052253962,1
hard_046,Hard,OpenMP,16,1,0.184082985,1
hard_046,Hard,OpenMP,16,2,0.136331081,1
hard_046,Hard,OpenMP,16,3,0.099508047,1
hard_046,Hard,OpenMP,16,4,0.137892962,1
hard_046,Hard,OpenMP,16,5,0.176766872,1
hard_046,Hard,OMP-BranchBoundMRV,4,1,0.046220064,1
hard_046,Hard,OMP-BranchBoundMRV,4,2,0.046123981,1
hard_046,Hard,OMP-BranchBoundMRV,4,3,0.046129942,1
hard_046,Hard,OMP-BranchBoundMRV,4,4,0.046349049,1
hard_046,Hard,OMP-BranchBoundMRV,4,5,0.047550917,1
hard_046,Hard,OMP-BranchBoundMRV,8,1,0.052198172,1
hard_046,Hard,OMP-BranchBoundMRV,8,2,0.072546005,1
hard_046,Hard,OMP-BranchBoundMRV,8,3,0.073808908,1
hard_046,Hard,OMP-BranchBoundMRV,8,4,0.068601847,1
hard_046,Hard,OMP-BranchBoundMRV,8,5,0.080840826,1
hard_046,Hard,OMP-BranchBoundMRV,16,1,0.227374077,1
hard_046,Hard,OMP-BranchBoundMRV,16,2,0.127199173,1
hard_046,Hard,OMP-BranchBoundMRV,16,3,0.164415121,1
hard_046,Hard,OMP-BranchBoundMRV,16,4,0.174407005,1
hard_046,Hard,OMP-BranchBoundMRV,16,5,0.143652916,1
hard_047,Hard,Serial,1,1,0.006845333,1
hard_047,Hard,Serial,1,2,0.006806750,1
hard_047,Hard,Serial,1,3,0.006936500,1
hard_047,Hard,Serial,1,4,0.006795084,1
hard_047,Hard,Serial,1,5,0.006852042,1
hard_047,Hard,Serial-MRV,1,1,0.022894084,1
hard_047,Hard,Serial-MRV,1,2,0.022817291,1
hard_047,Hard,Serial-MRV,1,3,0.022759958,1
hard_047,Hard,Serial-MRV,1,4,0.022850625,1
hard_047,Hard,Serial-MRV,1,5,0.022795667,1
hard_047,Hard,BranchBound,1,1,0.005686292,1
hard_047,Hard,BranchBound,1,2,0.005666250,1
hard_047,Hard,BranchBound,1,3,0.005673500,1
hard_047,Hard,BranchBound,1,4,0.005652041,1
hard_047,Hard,BranchBound,1,5,0.005619083,1
hard_047,Hard,BranchBoundMRV,1,1,0.029199167,1
hard_047,Hard,BranchBoundMRV,1,2,0.028837375,1
hard_047,Hard,BranchBoundMRV,1,3,0.028873542,1
hard_047,Hard,BranchBoundMRV,1,4,0.029836000,1
hard_047,Hard,BranchBoundMRV,1,5,0.029525667,1
hard_047,Hard,OpenMP,4,1,0.003881216,1
hard_047,Hard,OpenMP,4,2,0.003899097,1
hard_047,Hard,OpenMP,4,3,0.003855944,1
hard_047,Hard,OpenMP,4,4,0.004632950,1
hard_047,Hard,OpenMP,4,5,0.003911972,1
hard_047,Hard,OpenMP,8,1,0.005520105,1
hard_047,Hard,OpenMP,8,2,0.006996155,1
hard_047,Hard,OpenMP,8,3,0.008288145,1
hard_047,Hard,OpenMP,8,4,0.007649899,1
hard_047,Hard,OpenMP,8,5,0.007730961,1
hard_047,Hard,OpenMP,16,1,0.027698040,1
hard_047,Hard,OpenMP,16,2,0.042826176,1
hard_047,Hard,OpenMP,16,3,0.120441198,1
hard_047,Hard,OpenMP,16,4,0.021610022,1
hard_047,Hard,OpenMP,16,5,0.048584938,1
hard_047,Hard,OMP-BranchBoundMRV,4,1,0.005013943,1
hard_047,Hard,OMP-BranchBoundMRV,4,2,0.005192995,1
hard_047,Hard,OMP-BranchBoundMRV,4,3,0.004994869,1
hard_047,Hard,OMP-BranchBoundMRV,4,4,0.004973173,1
hard_047,Hard,OMP-BranchBoundMRV,4,5,0.004976988,1
hard_047,Hard,OMP-BranchBoundMRV,8,1,0.008956909,1
hard_047,Hard,OMP-BranchBoundMRV,8,2,0.008711815,1
hard_047,Hard,OMP-BranchBoundMRV,8,3,0.012857914,1
hard_047,Hard,OMP-BranchBoundMRV,8,4,0.010313034,1
hard_047,Hard,OMP-BranchBoundMRV,8,5,0.008764029,1
hard_047,Hard,OMP-BranchBoundMRV,16,1,0.127504110,1
hard_047,Hard,OMP-BranchBoundMRV,16,2,0.058188200,1
hard_047,Hard,OMP-BranchBoundMRV,16,3,0.047870159,1
hard_047,Hard,OMP-BranchBoundMRV,16,4,0.022716999,1
hard_047,Hard,OMP-BranchBoundMRV,16,5,0.049579859,1
hard_048,Hard,Serial,1,1,0.003032458,1
hard_048,Hard,Serial,1,2,0.002974625,1
hard_048,Hard,Serial,1,3,0.002929625,1
hard_048,Hard,Serial,1,4,0.002917708,1
hard_048,Hard,Serial,1,5,0.002961042,1
hard_048,Hard,Serial-MRV,1,1,0.018033375,1
hard_048,Hard,Serial-MRV,1,2,0.017816667,1
hard_048,Hard,Serial-MRV,1,3,0.017923000,1
hard_048,Hard,Serial-MRV,1,4,0.018017708,1
hard_048,Hard,Serial-MRV,1,5,0.017976833,1
hard_048,Hard,BranchBound,1,1,0.002556417,1
hard_048,Hard,BranchBound,1,2,0.002537250,1
hard_048,Hard,BranchBound,1,3,0.002560666,1
hard_048,Hard,BranchBound,1,4,0.002561125,1
hard_048,Hard,BranchBound,1,5,0.002537000,1
hard_048,Hard,BranchBoundMRV,1,1,0.021575708,1
hard_048,Hard,BranchBoundMRV,1,2,0.021492792,1
hard_048,Hard,BranchBoundMRV,1,3,0.021564750,1
hard_048,Hard,BranchBoundMRV,1,4,0.021357875,1
hard_048,Hard,BranchBoundMRV,1,5,0.021513875,1
hard_048,Hard,OpenMP,4,1,0.018908978,1
hard_048,Hard,OpenMP,4,2,0.018856049,1
hard_048,Hard,OpenMP,4,3,0.018840075,1
hard_048,Hard,OpenMP,4,4,0.018929005,1
hard_048,Hard,OpenMP,4,5,0.019833088,1
hard_048,Hard,OpenMP,8,1,0.031295061,1
hard_048,Hard,OpenMP,8,2,0.031629086,1
hard_048,Hard,OpenMP,8,3,0.018865824,1
hard_048,Hard,OpenMP,8,4,0.028329849,1
hard_048,Hard,OpenMP,8,5,0.024677038,1
hard_048,Hard,OpenMP,16,1,0.086361170,1
hard_048,Hard,OpenMP,16,2,0.074882030,1
hard_048,Hard,OpenMP,16,3,0.081290960,1
hard_048,Hard,OpenMP,16,4,0.039931059,1
hard_048,Hard,OpenMP,16,5,0.066666126,1
hard_048,Hard,OMP-BranchBoundMRV,4,1,0.022881985,1
hard_048,Hard,OMP-BranchBoundMRV,4,2,0.023288012,1
hard_048,Hard,OMP-BranchBoundMRV,4,3,0.023777008,1
hard_048,Hard,OMP-BranchBoundMRV,4,4,0.023741007,1
hard_048,Hard,OMP-BranchBoundMRV,4,5,0.023312092,1
hard_048,Hard,OMP-BranchBoundMRV,8,1,0.023068905,1
hard_048,Hard,OMP-BranchBoundMRV,8,2,0.022876024,1
hard_048,Hard,OMP-BranchBoundMRV,8,3,0.028780937,1
hard_048,Hard,OMP-BranchBoundMRV,8,4,0.036006927,1
hard_048,Hard,OMP-BranchBoundMRV,8,5,0.028867006,1
hard_048,Hard,OMP-BranchBoundMRV,16,1,0.068055153,1
hard_048,Hard,OMP-BranchBoundMRV,16,2,0.055438995,1
hard_048,Hard,OMP-BranchBoundMRV,16,3,0.110785961,1
hard_048,Hard,OMP-BranchBoundMRV,16,4,0.100553989,1
hard_048,Hard,OMP-BranchBoundMRV,16,5,0.116807938,1
hard_049,Hard,Serial,1,1,0.068912583,1
hard_049,Hard,Serial,1,2,0.068230042,1
hard_049,Hard,Serial,1,3,0.068488250,1
hard_049,Hard,Serial,1,4,0.068846625,1
hard_049,Hard,Serial,1,5,0.069232875,1
hard_049,Hard,Serial-MRV,1,1,0.021573416,1
hard_049,Hard,Serial-MRV,1,2,0.020491542,1
hard_049,Hard,Serial-MRV,1,3,0.020559917,1
hard_049,Hard,Serial-MRV,1,4,0.020463625,1
hard_049,Hard,Serial-MRV,1,5,0.020366000,1
hard_049,Hard,BranchBound,1,1,0.058661542,1
hard_049,Hard,BranchBound,1,2,0.059180334,1
hard_049,Hard,BranchBound,1,3,0.060252750,1
hard_049,Hard,BranchBound,1,4,0.059877500,1
hard_049,Hard,BranchBound,1,5,0.062134875,1
hard_049,Hard,BranchBoundMRV,1,1,0.028174250,1
hard_049,Hard,BranchBoundMRV,1,2,0.028525417,1
hard_049,Hard,BranchBoundMRV,1,3,0.028390542,1
hard_049,Hard,BranchBoundMRV,1,4,0.028286083,1
hard_049,Hard,BranchBoundMRV,1,5,0.028750167,1
hard_049,Hard,OpenMP,4,1,0.002701044,1
hard_049,Hard,OpenMP,4,2,0.002685070,1
hard_049,Hard,OpenMP,4,3,0.002732038,1
hard_049,Hard,OpenMP,4,4,0.002657890,1
hard_049,Hard,OpenMP,4,5,0.002645969,1
hard_049,Hard,OpenMP,8,1,0.003291845,1
hard_049,Hard,OpenMP,8,2,0.002679110,1
hard_049,Hard,OpenMP,8,3,0.006266832,1
hard_049,Hard,OpenMP,8,4,0.007063866,1
hard_049,Hard,OpenMP,8,5,0.006185055,1
hard_049,Hard,OpenMP,16,1,0.052591085,1
hard_049,Hard,OpenMP,16,2,0.019731045,1
hard_049,Hard,OpenMP,16,3,0.024693966,1
hard_049,Hard,OpenMP,16,4,0.038925886,1
hard_049,Hard,OpenMP,16,5,0.025738001,1
hard_049,Hard,OMP-BranchBoundMRV,4,1,0.003745079,1
hard_049,Hard,OMP-BranchBoundMRV,4,2,0.003703117,1
hard_049,Hard,OMP-BranchBoundMRV,4,3,0.003782988,1
hard_049,Hard,OMP-BranchBoundMRV,4,4,0.003710985,1
hard_049,Hard,OMP-BranchBoundMRV,4,5,0.003705025,1
hard_049,Hard,OMP-BranchBoundMRV,8,1,0.007038116,1
hard_049,Hard,OMP-BranchBoundMRV,8,2,0.008064032,1
hard_049,Hard,OMP-BranchBoundMRV,8,3,0.008365870,1
hard_049,Hard,OMP-BranchBoundMRV,8,4,0.003842831,1
hard_049,Hard,OMP-BranchBoundMRV,8,5,0.010505915,1
hard_049,Hard,OMP-BranchBoundMRV,16,1,0.062454939,1
hard_049,Hard,OMP-BranchBoundMRV,16,2,0.031606913,1
hard_049,Hard,OMP-BranchBoundMRV,16,3,0.054075003,1
hard_049,Hard,OMP-BranchBoundMRV,16,4,0.009469986,1
hard_049,Hard,OMP-BranchBoundMRV,16,5,0.029942989,1
hard_050,Hard,Serial,1,1,0.003207792,1
hard_050,Hard,Serial,1,2,0.003170292,1
hard_050,Hard,Serial,1,3,0.003166291,1
hard_050,Hard,Serial,1,4,0.003097083,1
hard_050,Hard,Serial,1,5,0.003135291,1
hard_050,Hard,Serial-MRV,1,1,0.019474292,1
hard_050,Hard,Serial-MRV,1,2,0.019181000,1
hard_050,Hard,Serial-MRV,1,3,0.019074333,1
hard_050,Hard,Serial-MRV,1,4,0.019138875,1
hard_050,Hard,Serial-MRV,1,5,0.018953583,1
hard_050,Hard,BranchBound,1,1,0.002679250,1
hard_050,Hard,BranchBound,1,2,0.002639208,1
hard_050,Hard,BranchBound,1,3,0.002678667,1
hard_050,Hard,BranchBound,1,4,0.002633042,1
hard_050,Hard,BranchBound,1,5,0.002669500,1
hard_050,Hard,BranchBoundMRV,1,1,0.024058750,1
hard_050,Hard,BranchBoundMRV,1,2,0.026655167,1
hard_050,Hard,BranchBoundMRV,1,3,0.026126083,1
hard_050,Hard,BranchBoundMRV,1,4,0.029164042,1
hard_050,Hard,BranchBoundMRV,1,5,0.044201375,1
hard_050,Hard,OpenMP,4,1,0.004281998,1
hard_050,Hard,OpenMP,4,2,0.005755901,1
hard_050,Hard,OpenMP,4,3,0.006145000,1
hard_050,Hard,OpenMP,4,4,0.003253937,1
hard_050,Hard,OpenMP,4,5,0.003073931,1
hard_050,Hard,OpenMP,8,1,0.004462004,1
hard_050,Hard,OpenMP,8,2,0.002920151,1
hard_050,Hard,OpenMP,8,3,0.003113031,1
hard_050,Hard,OpenMP,8,4,0.006236076,1
hard_050,Hard,OpenMP,8,5,0.004234076,1
hard_050,Hard,OpenMP,16,1,0.013434887,1
hard_050,Hard,OpenMP,16,2,0.012159109,1
hard_050,Hard,OpenMP,16,3,0.005873919,1
hard_050,Hard,OpenMP,16,4,0.040853977,1
hard_050,Hard,OpenMP,16,5,0.042638063,1
hard_050,Hard,OMP-BranchBoundMRV,4,1,0.003873825,1
hard_050,Hard,OMP-BranchBoundMRV,4,2,0.003735065,1
hard_050,Hard,OMP-BranchBoundMRV,4,3,0.003883123,1
hard_050,Hard,OMP-BranchBoundMRV,4,4,0.003693104,1
hard_050,Hard,OMP-BranchBoundMRV,4,5,0.003952026,1
hard_050,Hard,OMP-BranchBoundMRV,8,1,0.003740788,1
hard_050,Hard,OMP-BranchBoundMRV,8,2,0.007693052,1
hard_050,Hard,OMP-BranchBoundMRV,8,3,0.004982233,1
hard_050,Hard,OMP-BranchBoundMRV,8,4,0.003748894,1
hard_050,Hard,OMP-BranchBoundMRV,8,5,0.004227877,1
hard_050,Hard,OMP-BranchBoundMRV,16,1,0.029380083,1
hard_050,Hard,OMP-BranchBoundMRV,16,2,0.008321047,1
hard_050,Hard,OMP-BranchBoundMRV,16,3,0.011371851,1
hard_050,Hard,OMP-BranchBoundMRV,16,4,0.013891935,1
hard_050,Hard,OMP-BranchBoundMRV,16,5,0.053877115,1
hard_051,Hard,Serial,1,1,0.004979750,1
hard_051,Hard,Serial,1,2,0.005242375,1
hard_051,Hard,Serial,1,3,0.005008792,1
hard_051,Hard,Serial,1,4,0.004927417,1
hard_051,Hard,Serial,1,5,0.005298459,1
hard_051,Hard,Serial-MRV,1,1,0.019845167,1
hard_051,Hard,Serial-MRV,1,2,0.020037416,1
hard_051,Hard,Serial-MRV,1,3,0.019865875,1
hard_051,Hard,Serial-MRV,1,4,0.019687625,1
hard_051,Hard,Serial-MRV,1,5,0.019711083,1
hard_051,Hard,BranchBound,1,1,0.004678166,1
hard_051,Hard,BranchBound,1,2,0.004704042,1
hard_051,Hard,BranchBound,1,3,0.004708167,1
hard_051,Hard,BranchBound,1,4,0.004652209,1
hard_051,Hard,BranchBound,1,5,0.004658833,1
hard_051,Hard,BranchBoundMRV,1,1,0.026513458,1
hard_051,Hard,BranchBoundMRV,1,2,0.026479833,1
hard_051,Hard,BranchBoundMRV,1,3,0.026556334,1
hard_051,Hard,BranchBoundMRV,1,4,0.026282500,1
hard_051,Hard,BranchBoundMRV,1,5,0.026349208,1
hard_051,Hard,OpenMP,4,1,0.002418995,1
hard_051,Hard,OpenMP,4,2,0.002390146,1
hard_051,Hard,OpenMP,4,3,0.002385139,1
hard_051,Hard,OpenMP,4,4,0.002388954,1
hard_051,Hard,OpenMP,4,5,0.002784014,1
hard_051,Hard,OpenMP,8,1,0.010179996,1
hard_051,Hard,OpenMP,8,2,0.009886026,1
hard_051,Hard,OpenMP,8,3,0.003748894,1
hard_051,Hard,OpenMP,8,4,0.017310858,1
hard_051,Hard,OpenMP,8,5,0.005319118,1
hard_051,Hard,OpenMP,16,1,0.024204969,1
hard_051,Hard,OpenMP,16,2,0.022763968,1
hard_051,Hard,OpenMP,16,3,0.052860975,1
hard_051,Hard,OpenMP,16,4,0.036089897,1
hard_051,Hard,OpenMP,16,5,0.110470057,1
hard_051,Hard,OMP-BranchBoundMRV,4,1,0.012257099,1
hard_051,Hard,OMP-BranchBoundMRV,4,2,0.003210068,1
hard_051,Hard,OMP-BranchBoundMRV,4,3,0.003274202,1
hard_051,Hard,OMP-BranchBoundMRV,4,4,0.011615038,1
hard_051,Hard,OMP-BranchBoundMRV,4,5,0.003311872,1
hard_051,Hard,OMP-BranchBoundMRV,8,1,0.006297827,1
hard_051,Hard,OMP-BranchBoundMRV,8,2,0.004467010,1
hard_051,Hard,OMP-BranchBoundMRV,8,3,0.007841825,1
hard_051,Hard,OMP-BranchBoundMRV,8,4,0.005303860,1
hard_051,Hard,OMP-BranchBoundMRV,8,5,0.008397818,1
hard_051,Hard,OMP-BranchBoundMRV,16,1,0.006769896,1
hard_051,Hard,OMP-BranchBoundMRV,16,2,0.024572849,1
hard_051,Hard,OMP-BranchBoundMRV,16,3,0.010434151,1
hard_051,Hard,OMP-BranchBoundMRV,16,4,0.014510870,1
hard_051,Hard,OMP-BranchBoundMRV,16,5,0.005338907,1
hard_052,Hard,Serial,1,1,0.001408458,1
hard_052,Hard,Serial,1,2,0.001393667,1
hard_052,Hard,Serial,1,3,0.001369166,1
hard_052,Hard,Serial,1,4,0.001397708,1
hard_052,Hard,Serial,1,5,0.001341917,1
hard_052,Hard,Serial-MRV,1,1,0.015065125,1
hard_052,Hard,Serial-MRV,1,2,0.063083875,1
hard_052,Hard,Serial-MRV,1,3,0.015609666,1
hard_052,Hard,Serial-MRV,1,4,0.015422166,1
hard_052,Hard,Serial-MRV,1,5,0.015323666,1
hard_052,Hard,BranchBound,1,1,0.001184916,1
hard_052,Hard,BranchBound,1,2,0.001179291,1
hard_052,Hard,BranchBound,1,3,0.001145166,1
hard_052,Hard,BranchBound,1,4,0.001146625,1
hard_052,Hard,BranchBound,1,5,0.001144417,1
hard_052,Hard,BranchBoundMRV,1,1,0.019846500,1
hard_052,Hard,BranchBoundMRV,1,2,0.019946875,1
hard_052,Hard,BranchBoundMRV,1,3,0.019747584,1
hard_052,Hard,BranchBoundMRV,1,4,0.019533667,1
hard_052,Hard,BranchBoundMRV,1,5,0.019523541,1
hard_052,Hard,OpenMP,4,1,0.002116919,1
hard_052,Hard,OpenMP,4,2,0.002084017,1
hard_052,Hard,OpenMP,4,3,0.002085924,1
hard_052,Hard,OpenMP,4,4,0.002121925,1
hard_052,Hard,OpenMP,4,5,0.002099991,1
hard_052,Hard,OpenMP,8,1,0.002111912,1
hard_052,Hard,OpenMP,8,2,0.004914999,1
hard_052,Hard,OpenMP,8,3,0.002162933,1
hard_052,Hard,OpenMP,8,4,0.002136946,1
hard_052,Hard,OpenMP,8,5,0.002866030,1
hard_052,Hard,OpenMP,16,1,0.020554066,1
hard_052,Hard,OpenMP,16,2,0.128711939,1
hard_052,Hard,OpenMP,16,3,0.031873941,1
hard_052,Hard,OpenMP,16,4,0.030701160,1
hard_052,Hard,OpenMP,16,5,0.062229156,1
hard_052,Hard,OMP-BranchBoundMRV,4,1,0.002830029,1
hard_052,Hard,OMP-BranchBoundMRV,4,2,0.002799034,1
hard_052,Hard,OMP-BranchBoundMRV,4,3,0.002789021,1
hard_052,Hard,OMP-BranchBoundMRV,4,4,0.002816916,1
hard_052,Hard,OMP-BranchBoundMRV,4,5,0.002791166,1
hard_052,Hard,OMP-BranchBoundMRV,8,1,0.002857208,1
hard_052,Hard,OMP-BranchBoundMRV,8,2,0.008677006,1
hard_052,Hard,OMP-BranchBoundMRV,8,3,0.002835035,1
hard_052,Hard,OMP-BranchBoundMRV,8,4,0.002817869,1
hard_052,Hard,OMP-BranchBoundMRV,8,5,0.007331848,1
hard_052,Hard,OMP-BranchBoundMRV,16,1,0.025712013,1
hard_052,Hard,OMP-BranchBoundMRV,16,2,0.033118963,1
hard_052,Hard,OMP-BranchBoundMRV,16,3,0.026785851,1
hard_052,Hard,OMP-BranchBoundMRV,16,4,0.017842054,1
hard_052,Hard,OMP-BranchBoundMRV,16,5,0.033449173,1
hard_053,Hard,Serial,1,1,0.073367292,1
hard_053,Hard,Serial,1,2,0.071729875,1
hard_053,Hard,Serial,1,3,0.070957542,1
hard_053,Hard,Serial,1,4,0.070931000,1
hard_053,Hard,Serial,1,5,0.070969458,1
hard_053,Hard,Serial-MRV,1,1,0.015253375,1
hard_053,Hard,Serial-MRV,1,2,0.015322792,1
hard_053,Hard,Serial-MRV,1,3,0.015388375,1
hard_053,Hard,Serial-MRV,1,4,0.015273709,1
hard_053,Hard,Serial-MRV,1,5,0.015368250,1
hard_053,Hard,BranchBound,1,1,0.064051125,1
hard_053,Hard,BranchBound,1,2,0.064602500,1
hard_053,Hard,BranchBound,1,3,0.064527125,1
hard_053,Hard,BranchBound,1,4,0.064511625,1
hard_053,Hard,BranchBound,1,5,0.064092042,1
hard_053,Hard,BranchBoundMRV,1,1,0.021063625,1
hard_053,Hard,BranchBoundMRV,1,2,0.020981958,1
hard_053,Hard,BranchBoundMRV,1,3,0.020752541,1
hard_053,Hard,BranchBoundMRV,1,4,0.020750667,1
hard_053,Hard,BranchBoundMRV,1,5,0.020837041,1
hard_053,Hard,OpenMP,4,1,0.015972853,1
hard_053,Hard,OpenMP,4,2,0.016263008,1
hard_053,Hard,OpenMP,4,3,0.015607119,1
hard_053,Hard,OpenMP,4,4,0.015508175,1
hard_053,Hard,OpenMP,4,5,0.015497923,1
hard_053,Hard,OpenMP,8,1,0.016418934,1
hard_053,Hard,OpenMP,8,2,0.027747869,1
hard_053,Hard,OpenMP,8,3,0.023833990,1
hard_053,Hard,OpenMP,8,4,0.025993109,1
hard_053,Hard,OpenMP,8,5,0.023622990,1
hard_053,Hard,OpenMP,16,1,0.074017048,1
hard_053,Hard,OpenMP,16,2,0.057833910,1
hard_053,Hard,OpenMP,16,3,0.066868067,1
hard_053,Hard,OpenMP,16,4,0.084428072,1
hard_053,Hard,OpenMP,16,5,0.050721884,1
hard_053,Hard,OMP-BranchBoundMRV,4,1,0.021353006,1
hard_053,Hard,OMP-BranchBoundMRV,4,2,0.021194935,1
hard_053,Hard,OMP-BranchBoundMRV,4,3,0.021281004,1
hard_053,Hard,OMP-BranchBoundMRV,4,4,0.021229982,1
hard_053,Hard,OMP-BranchBoundMRV,4,5,0.021171093,1
hard_053,Hard,OMP-BranchBoundMRV,8,1,0.032890081,1
hard_053,Hard,OMP-BranchBoundMRV,8,2,0.033982992,1
hard_053,Hard,OMP-BranchBoundMRV,8,3,0.023347139,1
hard_053,Hard,OMP-BranchBoundMRV,8,4,0.112932920,1
hard_053,Hard,OMP-BranchBoundMRV,8,5,0.029299021,1
hard_053,Hard,OMP-BranchBoundMRV,16,1,0.067883968,1
hard_053,Hard,OMP-BranchBoundMRV,16,2,0.106147051,1
hard_053,Hard,OMP-BranchBoundMRV,16,3,0.056442976,1
hard_053,Hard,OMP-BranchBoundMRV,16,4,0.097103119,1
hard_053,Hard,OMP-BranchBoundMRV,16,5,0.053997993,1
hard_054,Hard,Serial,1,1,0.023704250,1
hard_054,Hard,Serial,1,2,0.023383209,1
hard_054,Hard,Serial,1,3,0.023725500,1
hard_054,Hard,Serial,1,4,0.023478666,1
hard_054,Hard,Serial,1,5,0.024148875,1
hard_054,Hard,Serial-MRV,1,1,0.023704500,1
hard_054,Hard,Serial-MRV,1,2,0.023485000,1
hard_054,Hard,Serial-MRV,1,3,0.023189458,1
hard_054,Hard,Serial-MRV,1,4,0.023165209,1
hard_054,Hard,Serial-MRV,1,5,0.022886250,1
hard_054,Hard,BranchBound,1,1,0.019874083,1
hard_054,Hard,BranchBound,1,2,0.020000792,1
hard_054,Hard,BranchBound,1,3,0.019732250,1
hard_054,Hard,BranchBound,1,4,0.019846916,1
hard_054,Hard,BranchBound,1,5,0.019834792,1
hard_054,Hard,BranchBoundMRV,1,1,0.029400750,1
hard_054,Hard,BranchBoundMRV,1,2,0.029378750,1
hard_054,Hard,BranchBoundMRV,1,3,0.029399291,1
hard_054,Hard,BranchBoundMRV,1,4,0.029710709,1
hard_054,Hard,BranchBoundMRV,1,5,0.029432583,1
hard_054,Hard,OpenMP,4,1,0.024023056,1
hard_054,Hard,OpenMP,4,2,0.024071932,1
hard_054,Hard,OpenMP,4,3,0.024080038,1
hard_054,Hard,OpenMP,4,4,0.024060011,1
hard_054,Hard,OpenMP,4,5,0.024074793,1
hard_054,Hard,OpenMP,8,1,0.027081013,1
hard_054,Hard,OpenMP,8,2,0.044570923,1
hard_054,Hard,OpenMP,8,3,0.045767069,1
hard_054,Hard,OpenMP,8,4,0.038998127,1
hard_054,Hard,OpenMP,8,5,0.042560101,1
hard_054,Hard,OpenMP,16,1,0.150336027,1
hard_054,Hard,OpenMP,16,2,0.084923983,1
hard_054,Hard,OpenMP,16,3,0.061336994,1
hard_054,Hard,OpenMP,16,4,0.140727997,1
hard_054,Hard,OpenMP,16,5,0.076861858,1
hard_054,Hard,OMP-BranchBoundMRV,4,1,0.032036066,1
hard_054,Hard,OMP-BranchBoundMRV,4,2,0.032608032,1
hard_054,Hard,OMP-BranchBoundMRV,4,3,0.032579899,1
hard_054,Hard,OMP-BranchBoundMRV,4,4,0.034529924,1
hard_054,Hard,OMP-BranchBoundMRV,4,5,0.034377098,1
hard_054,Hard,OMP-BranchBoundMRV,8,1,0.061326027,1
hard_054,Hard,OMP-BranchBoundMRV,8,2,0.050633907,1
hard_054,Hard,OMP-BranchBoundMRV,8,3,0.055552006,1
hard_054,Hard,OMP-BranchBoundMRV,8,4,0.046386003,1
hard_054,Hard,OMP-BranchBoundMRV,8,5,0.054310799,1
hard_054,Hard,OMP-BranchBoundMRV,16,1,0.176470995,1
hard_054,Hard,OMP-BranchBoundMRV,16,2,0.073462009,1
hard_054,Hard,OMP-BranchBoundMRV,16,3,0.121446848,1
hard_054,Hard,OMP-BranchBoundMRV,16,4,0.114389181,1
hard_054,Hard,OMP-BranchBoundMRV,16,5,0.112371206,1
hard_055,Hard,Serial,1,1,0.010850667,1
hard_055,Hard,Serial,1,2,0.010872625,1
hard_055,Hard,Serial,1,3,0.010752084,1
hard_055,Hard,Serial,1,4,0.010755666,1
hard_055,Hard,Serial,1,5,0.010814792,1
hard_055,Hard,Serial-MRV,1,1,0.021454417,1
hard_055,Hard,Serial-MRV,1,2,0.021422833,1
hard_055,Hard,Serial-MRV,1,3,0.021467583,1
hard_055,Hard,Serial-MRV,1,4,0.021520000,1
hard_055,Hard,Serial-MRV,1,5,0.021536084,1
hard_055,Hard,BranchBound,1,1,0.009452917,1
hard_055,Hard,BranchBound,1,2,0.009508667,1
hard_055,Hard,BranchBound,1,3,0.009416334,1
hard_055,Hard,BranchBound,1,4,0.009429125,1
hard_055,Hard,BranchBound,1,5,0.009729167,1
hard_055,Hard,BranchBoundMRV,1,1,0.029447208,1
hard_055,Hard,BranchBoundMRV,1,2,0.029499167,1
hard_055,Hard,BranchBoundMRV,1,3,0.029290209,1
hard_055,Hard,BranchBoundMRV,1,4,0.029228584,1
hard_055,Hard,BranchBoundMRV,1,5,0.029349208,1
hard_055,Hard,OpenMP,4,1,0.013328075,1
hard_055,Hard,OpenMP,4,2,0.013267040,1
hard_055,Hard,OpenMP,4,3,0.013276815,1
hard_055,Hard,OpenMP,4,4,0.013279915,1
hard_055,Hard,OpenMP,4,5,0.013352871,1
hard_055,Hard,OpenMP,8,1,0.021720886,1
hard_055,Hard,OpenMP,8,2,0.023050070,1
hard_055,Hard,OpenMP,8,3,0.022258043,1
hard_055,Hard,OpenMP,8,4,0.017302990,1
hard_055,Hard,OpenMP,8,5,0.020611048,1
hard_055,Hard,OpenMP,16,1,0.043998957,1
hard_055,Hard,OpenMP,16,2,0.080831051,1
hard_055,Hard,OpenMP,16,3,0.033406973,1
hard_055,Hard,OpenMP,16,4,0.038975000,1
hard_055,Hard,OpenMP,16,5,0.036557913,1
hard_055,Hard,OMP-BranchBoundMRV,4,1,0.018823147,1
hard_055,Hard,OMP-BranchBoundMRV,4,2,0.019231081,1
hard_055,Hard,OMP-BranchBoundMRV,4,3,0.019011021,1
hard_055,Hard,OMP-BranchBoundMRV,4,4,0.025456190,1
hard_055,Hard,OMP-BranchBoundMRV,4,5,0.019964933,1
hard_055,Hard,OMP-BranchBoundMRV,8,1,0.033925056,1
hard_055,Hard,OMP-BranchBoundMRV,8,2,0.032081842,1
hard_055,Hard,OMP-BranchBoundMRV,8,3,0.025023937,1
hard_055,Hard,OMP-BranchBoundMRV,8,4,0.024595022,1
hard_055,Hard,OMP-BranchBoundMRV,8,5,0.018799067,1
hard_055,Hard,OMP-BranchBoundMRV,16,1,0.128810167,1
hard_055,Hard,OMP-BranchBoundMRV,16,2,0.046330929,1
hard_055,Hard,OMP-BranchBoundMRV,16,3,0.085530996,1
hard_055,Hard,OMP-BranchBoundMRV,16,4,0.064709902,1
hard_055,Hard,OMP-BranchBoundMRV,16,5,0.071382046,1
hard_056,Hard,Serial,1,1,0.012598000,1
hard_056,Hard,Serial,1,2,0.012110333,1
hard_056,Hard,Serial,1,3,0.011918542,1
hard_056,Hard,Serial,1,4,0.012078750,1
hard_056,Hard,Serial,1,5,0.012134042,1
hard_056,Hard,Serial-MRV,1,1,0.031796583,1
hard_056,Hard,Serial-MRV,1,2,0.031643125,1
hard_056,Hard,Serial-MRV,1,3,0.031680917,1
hard_056,Hard,Serial-MRV,1,4,0.031558167,1
hard_056,Hard,Serial-MRV,1,5,0.031606209,1
hard_056,Hard,BranchBound,1,1,0.010710291,1
hard_056,Hard,BranchBound,1,2,0.010610125,1
hard_056,Hard,BranchBound,1,3,0.010665375,1
hard_056,Hard,BranchBound,1,4,0.010785541,1
hard_056,Hard,BranchBound,1,5,0.010867459,1
hard_056,Hard,BranchBoundMRV,1,1,0.041195041,1
hard_056,Hard,BranchBoundMRV,1,2,0.041194750,1
hard_056,Hard,BranchBoundMRV,1,3,0.040992125,1
hard_056,Hard,BranchBoundMRV,1,4,0.040924833,1
hard_056,Hard,BranchBoundMRV,1,5,0.042599791,1
hard_056,Hard,OpenMP,4,1,0.027851105,1
hard_056,Hard,OpenMP,4,2,0.019665003,1
hard_056,Hard,OpenMP,4,3,0.020890951,1
hard_056,Hard,OpenMP,4,4,0.012301922,1
hard_056,Hard,OpenMP,4,5,0.019556046,1
hard_056,Hard,OpenMP,8,1,0.017678022,1
hard_056,Hard,OpenMP,8,2,0.025892019,1
hard_056,Hard,OpenMP,8,3,0.015950918,1
hard_056,Hard,OpenMP,8,4,0.009433031,1
hard_056,Hard,OpenMP,8,5,0.011949062,1
hard_056,Hard,OpenMP,16,1,0.041039944,1
hard_056,Hard,OpenMP,16,2,0.022901773,1
hard_056,Hard,OpenMP,16,3,0.043981075,1
hard_056,Hard,OpenMP,16,4,0.050700903,1
hard_056,Hard,OpenMP,16,5,0.036428928,1
hard_056,Hard,OMP-BranchBoundMRV,4,1,0.017423153,1
hard_056,Hard,OMP-BranchBoundMRV,4,2,0.016656160,1
hard_056,Hard,OMP-BranchBoundMRV,4,3,0.017512083,1
hard_056,Hard,OMP-BranchBoundMRV,4,4,0.017713070,1
hard_056,Hard,OMP-BranchBoundMRV,4,5,0.016974211,1
hard_056,Hard,OMP-BranchBoundMRV,8,1,0.015879869,1
hard_056,Hard,OMP-BranchBoundMRV,8,2,0.031879902,1
hard_056,Hard,OMP-BranchBoundMRV,8,3,0.016178846,1
hard_056,Hard,OMP-BranchBoundMRV,8,4,0.016196966,1
hard_056,Hard,OMP-BranchBoundMRV,8,5,0.016366959,1
hard_056,Hard,OMP-BranchBoundMRV,16,1,0.020704985,1
hard_056,Hard,OMP-BranchBoundMRV,16,2,0.032750130,1
hard_056,Hard,OMP-BranchBoundMRV,16,3,0.066627026,1
hard_056,Hard,OMP-BranchBoundMRV,16,4,0.034375906,1
hard_056,Hard,OMP-BranchBoundMRV,16,5,0.057790995,1
hard_057,Hard,Serial,1,1,0.004581416,1
hard_057,Hard,Serial,1,2,0.004519792,1
hard_057,Hard,Serial,1,3,0.004743417,1
hard_057,Hard,Serial,1,4,0.004626458,1
hard_057,Hard,Serial,1,5,0.004528208,1
hard_057,Hard,Serial-MRV,1,1,0.018106833,1
hard_057,Hard,Serial-MRV,1,2,0.017936792,1
hard_057,Hard,Serial-MRV,1,3,0.018011542,1
hard_057,Hard,Serial-MRV,1,4,0.017964709,1
hard_057,Hard,Serial-MRV,1,5,0.017885292,1
hard_057,Hard,BranchBound,1,1,0.004207625,1
hard_057,Hard,BranchBound,1,2,0.004187709,1
hard_057,Hard,BranchBound,1,3,0.004021833,1
hard_057,Hard,BranchBound,1,4,0.003964833,1
hard_057,Hard,BranchBound,1,5,0.004100583,1
hard_057,Hard,BranchBoundMRV,1,1,0.021948291,1
hard_057,Hard,BranchBoundMRV,1,2,0.022466750,1
hard_057,Hard,BranchBoundMRV,1,3,0.023098167,1
hard_057,Hard,BranchBoundMRV,1,4,0.022869958,1
hard_057,Hard,BranchBoundMRV,1,5,0.022648250,1
hard_057,Hard,OpenMP,4,1,0.005972862,1
hard_057,Hard,OpenMP,4,2,0.005961895,1
hard_057,Hard,OpenMP,4,3,0.006422043,1
hard_057,Hard,OpenMP,4,4,0.006248951,1
hard_057,Hard,OpenMP,4,5,0.006078959,1
hard_057,Hard,OpenMP,8,1,0.004482985,1
hard_057,Hard,OpenMP,8,2,0.005897045,1
hard_057,Hard,OpenMP,8,3,0.010245085,1
hard_057,Hard,OpenMP,8,4,0.004832983,1
hard_057,Hard,OpenMP,8,5,0.005939007,1
hard_057,Hard,OpenMP,16,1,0.012196779,1
hard_057,Hard,OpenMP,16,2,0.015787125,1
hard_057,Hard,OpenMP,16,3,0.010615110,1
hard_057,Hard,OpenMP,16,4,0.019552946,1
hard_057,Hard,OpenMP,16,5,0.045056820,1
hard_057,Hard,OMP-BranchBoundMRV,4,1,0.013789177,1
hard_057,Hard,OMP-BranchBoundMRV,4,2,0.008821964,1
hard_057,Hard,OMP-BranchBoundMRV,4,3,0.016422033,1
hard_057,Hard,OMP-BranchBoundMRV,4,4,0.008319855,1
hard_057,Hard,OMP-BranchBoundMRV,4,5,0.007629156,1
hard_057,Hard,OMP-BranchBoundMRV,8,1,0.011732101,1
hard_057,Hard,OMP-BranchBoundMRV,8,2,0.011838913,1
hard_057,Hard,OMP-BranchBoundMRV,8,3,0.010596037,1
hard_057,Hard,OMP-BranchBoundMRV,8,4,0.010783911,1
hard_057,Hard,OMP-BranchBoundMRV,8,5,0.010198116,1
hard_057,Hard,OMP-BranchBoundMRV,16,1,0.027320147,1
hard_057,Hard,OMP-BranchBoundMRV,16,2,0.018790007,1
hard_057,Hard,OMP-BranchBoundMRV,16,3,0.024471998,1
hard_057,Hard,OMP-BranchBoundMRV,16,4,0.020304918,1
hard_057,Hard,OMP-BranchBoundMRV,16,5,0.066209078,1
hard_058,Hard,Serial,1,1,0.003392834,1
hard_058,Hard,Serial,1,2,0.003384666,1
hard_058,Hard,Serial,1,3,0.003359208,1
hard_058,Hard,Serial,1,4,0.003487166,1
hard_058,Hard,Serial,1,5,0.003438625,1
hard_058,Hard,Serial-MRV,1,1,0.018862375,1
hard_058,Hard,Serial-MRV,1,2,0.018854125,1
hard_058,Hard,Serial-MRV,1,3,0.018793125,1
hard_058,Hard,Serial-MRV,1,4,0.018938084,1
hard_058,Hard,Serial-MRV,1,5,0.018895667,1
hard_058,Hard,BranchBound,1,1,0.003063833,1
hard_058,Hard,BranchBound,1,2,0.003109583,1
hard_058,Hard,BranchBound,1,3,0.003122625,1
hard_058,Hard,BranchBound,1,4,0.003048833,1
hard_058,Hard,BranchBound,1,5,0.003178875,1
hard_058,Hard,BranchBoundMRV,1,1,0.024173917,1
hard_058,Hard,BranchBoundMRV,1,2,0.023990333,1
hard_058,Hard,BranchBoundMRV,1,3,0.024052375,1
hard_058,Hard,BranchBoundMRV,1,4,0.024376166,1
hard_058,Hard,BranchBoundMRV,1,5,0.024191042,1
hard_058,Hard,OpenMP,4,1,0.000801086,1
hard_058,Hard,OpenMP,4,2,0.000795126,1
hard_058,Hard,OpenMP,4,3,0.000790119,1
hard_058,Hard,OpenMP,4,4,0.000797033,1
hard_058,Hard,OpenMP,4,5,0.000791073,1
hard_058,Hard,OpenMP,8,1,0.006258011,1
hard_058,Hard,OpenMP,8,2,0.001720190,1
hard_058,Hard,OpenMP,8,3,0.000849009,1
hard_058,Hard,OpenMP,8,4,0.002392054,1
hard_058,Hard,OpenMP,8,5,0.001713991,1
hard_058,Hard,OpenMP,16,1,0.020532131,1
hard_058,Hard,OpenMP,16,2,0.019155979,1
hard_058,Hard,OpenMP,16,3,0.071990013,1
hard_058,Hard,OpenMP,16,4,0.013124943,1
hard_058,Hard,OpenMP,16,5,0.027822971,1
hard_058,Hard,OMP-BranchBoundMRV,4,1,0.001261950,1
hard_058,Hard,OMP-BranchBoundMRV,4,2,0.001137018,1
hard_058,Hard,OMP-BranchBoundMRV,4,3,0.001151085,1
hard_058,Hard,OMP-BranchBoundMRV,4,4,0.001459122,1
hard_058,Hard,OMP-BranchBoundMRV,4,5,0.002490997,1
hard_058,Hard,OMP-BranchBoundMRV,8,1,0.005861044,1
hard_058,Hard,OMP-BranchBoundMRV,8,2,0.010113955,1
hard_058,Hard,OMP-BranchBoundMRV,8,3,0.007795095,1
hard_058,Hard,OMP-BranchBoundMRV,8,4,0.002386093,1
hard_058,Hard,OMP-BranchBoundMRV,8,5,0.009135008,1
hard_058,Hard,OMP-BranchBoundMRV,16,1,0.005344152,1
hard_058,Hard,OMP-BranchBoundMRV,16,2,0.010676146,1
hard_058,Hard,OMP-BranchBoundMRV,16,3,0.022599936,1
hard_058,Hard,OMP-BranchBoundMRV,16,4,0.020711899,1
hard_058,Hard,OMP-BranchBoundMRV,16,5,0.022426128,1
hard_059,Hard,Serial,1,1,0.008176542,1
hard_059,Hard,Serial,1,2,0.008133250,1
hard_059,Hard,Serial,1,3,0.008136541,1
hard_059,Hard,Serial,1,4,0.008208125,1
hard_059,Hard,Serial,1,5,0.008280250,1
hard_059,Hard,Serial-MRV,1,1,0.015073708,1
hard_059,Hard,Serial-MRV,1,2,0.015155583,1
hard_059,Hard,Serial-MRV,1,3,0.015234333,1
hard_059,Hard,Serial-MRV,1,4,0.015216291,1
hard_059,Hard,Serial-MRV,1,5,0.015555041,1
hard_059,Hard,BranchBound,1,1,0.007084709,1
hard_059,Hard,BranchBound,1,2,0.007023583,1
hard_059,Hard,BranchBound,1,3,0.007026375,1
hard_059,Hard,BranchBound,1,4,0.007053417,1
hard_059,Hard,BranchBound,1,5,0.006966209,1
hard_059,Hard,BranchBoundMRV,1,1,0.019577542,1
hard_059,Hard,BranchBoundMRV,1,2,0.019417708,1
hard_059,Hard,BranchBoundMRV,1,3,0.019416584,1
hard_059,Hard,BranchBoundMRV,1,4,0.019324334,1
hard_059,Hard,BranchBoundMRV,1,5,0.018985875,1
hard_059,Hard,OpenMP,4,1,0.009640932,1
hard_059,Hard,OpenMP,4,2,0.009593010,1
hard_059,Hard,OpenMP,4,3,0.009574890,1
hard_059,Hard,OpenMP,4,4,0.009584904,1
hard_059,Hard,OpenMP,4,5,0.009589911,1
hard_059,Hard,OpenMP,8,1,0.014328957,1
hard_059,Hard,OpenMP,8,2,0.009588003,1
hard_059,Hard,OpenMP,8,3,0.009620905,1
hard_059,Hard,OpenMP,8,4,0.009608984,1
hard_059,Hard,OpenMP,8,5,0.009652853,1
hard_059,Hard,OpenMP,16,1,0.039683819,1
hard_059,Hard,OpenMP,16,2,0.040258169,1
hard_059,Hard,OpenMP,16,3,0.025303125,1
hard_059,Hard,OpenMP,16,4,0.042269945,1
hard_059,Hard,OpenMP,16,5,0.019086123,1
hard_059,Hard,OMP-BranchBoundMRV,4,1,0.012386084,1
hard_059,Hard,OMP-BranchBoundMRV,4,2,0.012412071,1
hard_059,Hard,OMP-BranchBoundMRV,4,3,0.012988091,1
hard_059,Hard,OMP-BranchBoundMRV,4,4,0.012490988,1
hard_059,Hard,OMP-BranchBoundMRV,4,5,0.012386084,1
hard_059,Hard,OMP-BranchBoundMRV,8,1,0.033106804,1
hard_059,Hard,OMP-BranchBoundMRV,8,2,0.043143034,1
hard_059,Hard,OMP-BranchBoundMRV,8,3,0.015572071,1
hard_059,Hard,OMP-BranchBoundMRV,8,4,0.019706011,1
hard_059,Hard,OMP-BranchBoundMRV,8,5,0.023086071,1
hard_059,Hard,OMP-BranchBoundMRV,16,1,0.058844090,1
hard_059,Hard,OMP-BranchBoundMRV,16,2,0.104959965,1
hard_059,Hard,OMP-BranchBoundMRV,16,3,0.069437981,1
hard_059,Hard,OMP-BranchBoundMRV,16,4,0.038439035,1
hard_059,Hard,OMP-BranchBoundMRV,16,5,0.070785046,1
hard_060,Hard,Serial,1,1,0.042951083,1
hard_060,Hard,Serial,1,2,0.043032250,1
hard_060,Hard,Serial,1,3,0.043160875,1
hard_060,Hard,Serial,1,4,0.043274916,1
hard_060,Hard,Serial,1,5,0.043358333,1
hard_060,Hard,Serial-MRV,1,1,0.029183541,1
hard_060,Hard,Serial-MRV,1,2,0.029153584,1
hard_060,Hard,Serial-MRV,1,3,0.029100792,1
hard_060,Hard,Serial-MRV,1,4,0.029291209,1
hard_060,Hard,Serial-MRV,1,5,0.029016458,1
hard_060,Hard,BranchBound,1,1,0.037840708,1
hard_060,Hard,BranchBound,1,2,0.038263250,1
hard_060,Hard,BranchBound,1,3,0.038195083,1
hard_060,Hard,BranchBound,1,4,0.038245041,1
hard_060,Hard,BranchBound,1,5,0.038164417,1
hard_060,Hard,BranchBoundMRV,1,1,0.042106500,1
hard_060,Hard,BranchBoundMRV,1,2,0.041714542,1
hard_060,Hard,BranchBoundMRV,1,3,0.041469833,1
hard_060,Hard,BranchBoundMRV,1,4,0.041696458,1
hard_060,Hard,BranchBoundMRV,1,5,0.041893958,1
hard_060,Hard,OpenMP,4,1,0.010632038,1
hard_060,Hard,OpenMP,4,2,0.010725975,1
hard_060,Hard,OpenMP,4,3,0.010584831,1
hard_060,Hard,OpenMP,4,4,0.010625839,1
hard_060,Hard,OpenMP,4,5,0.010603905,1
hard_060,Hard,OpenMP,8,1,0.012806177,1
hard_060,Hard,OpenMP,8,2,0.016647100,1
hard_060,Hard,OpenMP,8,3,0.022157192,1
hard_060,Hard,OpenMP,8,4,0.016346931,1
hard_060,Hard,OpenMP,8,5,0.010632992,1
hard_060,Hard,OpenMP,16,1,0.113744020,1
hard_060,Hard,OpenMP,16,2,0.080734015,1
hard_060,Hard,OpenMP,16,3,0.040810108,1
hard_060,Hard,OpenMP,16,4,0.042900801,1
hard_060,Hard,OpenMP,16,5,0.029855013,1
hard_060,Hard,OMP-BranchBoundMRV,4,1,0.015554905,1
hard_060,Hard,OMP-BranchBoundMRV,4,2,0.015210867,1
hard_060,Hard,OMP-BranchBoundMRV,4,3,0.015145063,1
hard_060,Hard,OMP-BranchBoundMRV,4,4,0.015193939,1
hard_060,Hard,OMP-BranchBoundMRV,4,5,0.015184879,1
hard_060,Hard,OMP-BranchBoundMRV,8,1,0.030951977,1
hard_060,Hard,OMP-BranchBoundMRV,8,2,0.020971060,1
hard_060,Hard,OMP-BranchBoundMRV,8,3,0.021908998,1
hard_060,Hard,OMP-BranchBoundMRV,8,4,0.021601200,1
hard_060,Hard,OMP-BranchBoundMRV,8,5,0.026816130,1
hard_060,Hard,OMP-BranchBoundMRV,16,1,0.030221939,1
hard_060,Hard,OMP-BranchBoundMRV,16,2,0.032366037,1
hard_060,Hard,OMP-BranchBoundMRV,16,3,0.080191851,1
hard_060,Hard,OMP-BranchBoundMRV,16,4,0.069696903,1
hard_060,Hard,OMP-BranchBoundMRV,16,5,0.057672977,1
hard_061,Hard,Serial,1,1,0.020955875,1
hard_061,Hard,Serial,1,2,0.020939625,1
hard_061,Hard,Serial,1,3,0.021025291,1
hard_061,Hard,Serial,1,4,0.020886625,1
hard_061,Hard,Serial,1,5,0.020954542,1
hard_061,Hard,Serial-MRV,1,1,0.035171750,1
hard_061,Hard,Serial-MRV,1,2,0.035054916,1
hard_061,Hard,Serial-MRV,1,3,0.035211208,1
hard_061,Hard,Serial-MRV,1,4,0.035809750,1
hard_061,Hard,Serial-MRV,1,5,0.035963042,1
hard_061,Hard,BranchBound,1,1,0.019825833,1
hard_061,Hard,BranchBound,1,2,0.019637459,1
hard_061,Hard,BranchBound,1,3,0.019580084,1
hard_061,Hard,BranchBound,1,4,0.019605125,1
hard_061,Hard,BranchBound,1,5,0.019433292,1
hard_061,Hard,BranchBoundMRV,1,1,0.044014792,1
hard_061,Hard,BranchBoundMRV,1,2,0.043985917,1
hard_061,Hard,BranchBoundMRV,1,3,0.044330958,1
hard_061,Hard,BranchBoundMRV,1,4,0.044231250,1
hard_061,Hard,BranchBoundMRV,1,5,0.044216666,1
hard_061,Hard,OpenMP,4,1,0.011218071,1
hard_061,Hard,OpenMP,4,2,0.011223078,1
hard_061,Hard,OpenMP,4,3,0.011221886,1
hard_061,Hard,OpenMP,4,4,0.011214018,1
hard_061,Hard,OpenMP,4,5,0.011214018,1
hard_061,Hard,OpenMP,8,1,0.017405033,1
hard_061,Hard,OpenMP,8,2,0.018078804,1
hard_061,Hard,OpenMP,8,3,0.011229992,1
hard_061,Hard,OpenMP,8,4,0.014681101,1
hard_061,Hard,OpenMP,8,5,0.026033878,1
hard_061,Hard,OpenMP,16,1,0.091929913,1
hard_061,Hard,OpenMP,16,2,0.046130896,1
hard_061,Hard,OpenMP,16,3,0.086726904,1
hard_061,Hard,OpenMP,16,4,0.032191038,1
hard_061,Hard,OpenMP,16,5,0.018668890,1
hard_061,Hard,OMP-BranchBoundMRV,4,1,0.014010906,1
hard_061,Hard,OMP-BranchBoundMRV,4,2,0.014045000,1
hard_061,Hard,OMP-BranchBoundMRV,4,3,0.014008045,1
hard_061,Hard,OMP-BranchBoundMRV,4,4,0.014054060,1
hard_061,Hard,OMP-BranchBoundMRV,4,5,0.014083147,1
hard_061,Hard,OMP-BranchBoundMRV,8,1,0.019881010,1
hard_061,Hard,OMP-BranchBoundMRV,8,2,0.014057875,1
hard_061,Hard,OMP-BranchBoundMRV,8,3,0.019743919,1
hard_061,Hard,OMP-BranchBoundMRV,8,4,0.020153999,1
hard_061,Hard,OMP-BranchBoundMRV,8,5,0.022051096,1
hard_061,Hard,OMP-BranchBoundMRV,16,1,0.062417030,1
hard_061,Hard,OMP-BranchBoundMRV,16,2,0.034431934,1
hard_061,Hard,OMP-BranchBoundMRV,16,3,0.113440990,1
hard_061,Hard,OMP-BranchBoundMRV,16,4,0.072937012,1
hard_061,Hard,OMP-BranchBoundMRV,16,5,0.053488970,1
hard_062,Hard,Serial,1,1,0.019488792,1
hard_062,Hard,Serial,1,2,0.019376000,1
hard_062,Hard,Serial,1,3,0.018900500,1
hard_062,Hard,Serial,1,4,0.018805292,1
hard_062,Hard,Serial,1,5,0.018766666,1
hard_062,Hard,Serial-MRV,1,1,0.023382166,1
hard_062,Hard,Serial-MRV,1,2,0.023266708,1
hard_062,Hard,Serial-MRV,1,3,0.023478000,1
hard_062,Hard,Serial-MRV,1,4,0.023393000,1
hard_062,Hard,Serial-MRV,1,5,0.023759875,1
hard_062,Hard,BranchBound,1,1,0.015802084,1
hard_062,Hard,BranchBound,1,2,0.015922167,1
hard_062,Hard,BranchBound,1,3,0.015912000,1
hard_062,Hard,BranchBound,1,4,0.015966041,1
hard_062,Hard,BranchBound,1,5,0.015830833,1
hard_062,Hard,BranchBoundMRV,1,1,0.031427208,1
hard_062,Hard,BranchBoundMRV,1,2,0.031540042,1
hard_062,Hard,BranchBoundMRV,1,3,0.031425583,1
hard_062,Hard,BranchBoundMRV,1,4,0.031607791,1
hard_062,Hard,BranchBoundMRV,1,5,0.031232000,1
hard_062,Hard,OpenMP,4,1,0.015827894,1
hard_062,Hard,OpenMP,4,2,0.015798092,1
hard_062,Hard,OpenMP,4,3,0.015732050,1
hard_062,Hard,OpenMP,4,4,0.015800953,1
hard_062,Hard,OpenMP,4,5,0.015773058,1
hard_062,Hard,OpenMP,8,1,0.021757126,1
hard_062,Hard,OpenMP,8,2,0.023866892,1
hard_062,Hard,OpenMP,8,3,0.023608208,1
hard_062,Hard,OpenMP,8,4,0.015817165,1
hard_062,Hard,OpenMP,8,5,0.019638062,1
hard_062,Hard,OpenMP,16,1,0.043416977,1
hard_062,Hard,OpenMP,16,2,0.071403027,1
hard_062,Hard,OpenMP,16,3,0.074806213,1
hard_062,Hard,OpenMP,16,4,0.060984135,1
hard_062,Hard,OpenMP,16,5,0.040446043,1
hard_062,Hard,OMP-BranchBoundMRV,4,1,0.021105766,1
hard_062,Hard,OMP-BranchBoundMRV,4,2,0.021115065,1
hard_062,Hard,OMP-BranchBoundMRV,4,3,0.021508932,1
hard_062,Hard,OMP-BranchBoundMRV,4,4,0.021210909,1
hard_062,Hard,OMP-BranchBoundMRV,4,5,0.021618843,1
hard_062,Hard,OMP-BranchBoundMRV,8,1,0.027645111,1
hard_062,Hard,OMP-BranchBoundMRV,8,2,0.033826113,1
hard_062,Hard,OMP-BranchBoundMRV,8,3,0.041759968,1
hard_062,Hard,OMP-BranchBoundMRV,8,4,0.036238909,1
hard_062,Hard,OMP-BranchBoundMRV,8,5,0.028380871,1
hard_062,Hard,OMP-BranchBoundMRV,16,1,0.073569059,1
hard_062,Hard,OMP-BranchBoundMRV,16,2,0.147258043,1
hard_062,Hard,OMP-BranchBoundMRV,16,3,0.064967155,1
hard_062,Hard,OMP-BranchBoundMRV,16,4,0.100583076,1
hard_062,Hard,OMP-BranchBoundMRV,16,5,0.083250999,1
hard_063,Hard,Serial,1,1,0.008973666,1
hard_063,Hard,Serial,1,2,0.009056625,1
hard_063,Hard,Serial,1,3,0.008968875,1
hard_063,Hard,Serial,1,4,0.009024709,1
hard_063,Hard,Serial,1,5,0.008748583,1
hard_063,Hard,Serial-MRV,1,1,0.033039833,1
hard_063,Hard,Serial-MRV,1,2,0.032707583,1
hard_063,Hard,Serial-MRV,1,3,0.032050541,1
hard_063,Hard,Serial-MRV,1,4,0.032112250,1
hard_063,Hard,Serial-MRV,1,5,0.032350958,1
hard_063,Hard,BranchBound,1,1,0.007523000,1
hard_063,Hard,BranchBound,1,2,0.007689667,1
hard_063,Hard,BranchBound,1,3,0.007490292,1
hard_063,Hard,BranchBound,1,4,0.007502833,1
hard_063,Hard,BranchBound,1,5,0.007496334,1
hard_063,Hard,BranchBoundMRV,1,1,0.041313583,1
hard_063,Hard,BranchBoundMRV,1,2,0.041742666,1
hard_063,Hard,BranchBoundMRV,1,3,0.041710416,1
hard_063,Hard,BranchBoundMRV,1,4,0.041905833,1
hard_063,Hard,BranchBoundMRV,1,5,0.041895292,1
hard_063,Hard,OpenMP,4,1,0.005227089,1
hard_063,Hard,OpenMP,4,2,0.005309105,1
hard_063,Hard,OpenMP,4,3,0.005249023,1
hard_063,Hard,OpenMP,4,4,0.005205870,1
hard_063,Hard,OpenMP,4,5,0.005200148,1
hard_063,Hard,OpenMP,8,1,0.008174896,1
hard_063,Hard,OpenMP,8,2,0.005234957,1
hard_063,Hard,OpenMP,8,3,0.005282164,1
hard_063,Hard,OpenMP,8,4,0.005267143,1
hard_063,Hard,OpenMP,8,5,0.005713940,1
hard_063,Hard,OpenMP,16,1,0.063442945,1
hard_063,Hard,OpenMP,16,2,0.056617022,1
hard_063,Hard,OpenMP,16,3,0.016131878,1
hard_063,Hard,OpenMP,16,4,0.023878098,1
hard_063,Hard,OpenMP,16,5,0.029010057,1
hard_063,Hard,OMP-BranchBoundMRV,4,1,0.007129908,1
hard_063,Hard,OMP-BranchBoundMRV,4,2,0.006960154,1
hard_063,Hard,OMP-BranchBoundMRV,4,3,0.006992102,1
hard_063,Hard,OMP-BranchBoundMRV,4,4,0.007049084,1
hard_063,Hard,OMP-BranchBoundMRV,4,5,0.007009029,1
hard_063,Hard,OMP-BranchBoundMRV,8,1,0.022887945,1
hard_063,Hard,OMP-BranchBoundMRV,8,2,0.012681961,1
hard_063,Hard,OMP-BranchBoundMRV,8,3,0.008735895,1
hard_063,Hard,OMP-BranchBoundMRV,8,4,0.006948948,1
hard_063,Hard,OMP-BranchBoundMRV,8,5,0.006957054,1
hard_063,Hard,OMP-BranchBoundMRV,16,1,0.029475927,1
hard_063,Hard,OMP-BranchBoundMRV,16,2,0.025661945,1
hard_063,Hard,OMP-BranchBoundMRV,16,3,0.016216040,1
hard_063,Hard,OMP-BranchBoundMRV,16,4,0.080868959,1
hard_063,Hard,OMP-BranchBoundMRV,16,5,0.040302038,1
hard_064,Hard,Serial,1,1,0.001262333,1
hard_064,Hard,Serial,1,2,0.001275708,1
hard_064,Hard,Serial,1,3,0.001214042,1
hard_064,Hard,Serial,1,4,0.001211292,1
hard_064,Hard,Serial,1,5,0.001278959,1
hard_064,Hard,Serial-MRV,1,1,0.017008000,1
hard_064,Hard,Serial-MRV,1,2,0.017074292,1
hard_064,Hard,Serial-MRV,1,3,0.016731500,1
hard_064,Hard,Serial-MRV,1,4,0.016606250,1
hard_064,Hard,Serial-MRV,1,5,0.016949083,1
hard_064,Hard,BranchBound,1,1,0.001191625,1
hard_064,Hard,BranchBound,1,2,0.001136958,1
hard_064,Hard,BranchBound,1,3,0.001164459,1
hard_064,Hard,BranchBound,1,4,0.001158375,1
hard_064,Hard,BranchBound,1,5,0.001166000,1
hard_064,Hard,BranchBoundMRV,1,1,0.021770458,1
hard_064,Hard,BranchBoundMRV,1,2,0.021480500,1
hard_064,Hard,BranchBoundMRV,1,3,0.021424375,1
hard_064,Hard,BranchBoundMRV,1,4,0.020813750,1
hard_064,Hard,BranchBoundMRV,1,5,0.020902166,1
hard_064,Hard,OpenMP,4,1,0.004854202,1
hard_064,Hard,OpenMP,4,2,0.004786015,1
hard_064,Hard,OpenMP,4,3,0.004886866,1
hard_064,Hard,OpenMP,4,4,0.004781961,1
hard_064,Hard,OpenMP,4,5,0.004790068,1
hard_064,Hard,OpenMP,8,1,0.004812002,1
hard_064,Hard,OpenMP,8,2,0.010607004,1
hard_064,Hard,OpenMP,8,3,0.004815817,1
hard_064,Hard,OpenMP,8,4,0.011247873,1
hard_064,Hard,OpenMP,8,5,0.004828930,1
hard_064,Hard,OpenMP,16,1,0.027863026,1
hard_064,Hard,OpenMP,16,2,0.031938076,1
hard_064,Hard,OpenMP,16,3,0.040946007,1
hard_064,Hard,OpenMP,16,4,0.025763988,1
hard_064,Hard,OpenMP,16,5,0.017692804,1
hard_064,Hard,OMP-BranchBoundMRV,4,1,0.006417990,1
hard_064,Hard,OMP-BranchBoundMRV,4,2,0.006275892,1
hard_064,Hard,OMP-BranchBoundMRV,4,3,0.006313801,1
hard_064,Hard,OMP-BranchBoundMRV,4,4,0.006341934,1
hard_064,Hard,OMP-BranchBoundMRV,4,5,0.006294012,1
hard_064,Hard,OMP-BranchBoundMRV,8,1,0.014358997,1
hard_064,Hard,OMP-BranchBoundMRV,8,2,0.012179136,1
hard_064,Hard,OMP-BranchBoundMRV,8,3,0.012146950,1
hard_064,Hard,OMP-BranchBoundMRV,8,4,0.012161016,1
hard_064,Hard,OMP-BranchBoundMRV,8,5,0.015837908,1
hard_064,Hard,OMP-BranchBoundMRV,16,1,0.087303162,1
hard_064,Hard,OMP-BranchBoundMRV,16,2,0.037367105,1
hard_064,Hard,OMP-BranchBoundMRV,16,3,0.022471905,1
hard_064,Hard,OMP-BranchBoundMRV,16,4,0.037789822,1
hard_064,Hard,OMP-BranchBoundMRV,16,5,0.019279003,1
hard_065,Hard,Serial,1,1,0.003747708,1
hard_065,Hard,Serial,1,2,0.003644166,1
hard_065,Hard,Serial,1,3,0.003654875,1
hard_065,Hard,Serial,1,4,0.003633833,1
hard_065,Hard,Serial,1,5,0.003653333,1
hard_065,Hard,Serial-MRV,1,1,0.018290250,1
hard_065,Hard,Serial-MRV,1,2,0.018243000,1
hard_065,Hard,Serial-MRV,1,3,0.018145625,1
hard_065,Hard,Serial-MRV,1,4,0.018256667,1
hard_065,Hard,Serial-MRV,1,5,0.018272750,1
hard_065,Hard,BranchBound,1,1,0.003248250,1
hard_065,Hard,BranchBound,1,2,0.003260125,1
hard_065,Hard,BranchBound,1,3,0.003238458,1
hard_065,Hard,BranchBound,1,4,0.003238667,1
hard_065,Hard,BranchBound,1,5,0.003240625,1
hard_065,Hard,BranchBoundMRV,1,1,0.022674167,1
hard_065,Hard,BranchBoundMRV,1,2,0.022735708,1
hard_065,Hard,BranchBoundMRV,1,3,0.022675792,1
hard_065,Hard,BranchBoundMRV,1,4,0.022950625,1
hard_065,Hard,BranchBoundMRV,1,5,0.022777083,1
hard_065,Hard,OpenMP,4,1,0.005625010,1
hard_065,Hard,OpenMP,4,2,0.005599022,1
hard_065,Hard,OpenMP,4,3,0.005610943,1
hard_065,Hard,OpenMP,4,4,0.005602121,1
hard_065,Hard,OpenMP,4,5,0.005597115,1
hard_065,Hard,OpenMP,8,1,0.011489868,1
hard_065,Hard,OpenMP,8,2,0.013419151,1
hard_065,Hard,OpenMP,8,3,0.005712032,1
hard_065,Hard,OpenMP,8,4,0.011489868,1
hard_065,Hard,OpenMP,8,5,0.005684137,1
hard_065,Hard,OpenMP,16,1,0.046122074,1
hard_065,Hard,OpenMP,16,2,0.041307926,1
hard_065,Hard,OpenMP,16,3,0.030491829,1
hard_065,Hard,OpenMP,16,4,0.030050039,1
hard_065,Hard,OpenMP,16,5,0.030805111,1
hard_065,Hard,OMP-BranchBoundMRV,4,1,0.007188082,1
hard_065,Hard,OMP-BranchBoundMRV,4,2,0.007206917,1
hard_065,Hard,OMP-BranchBoundMRV,4,3,0.007254124,1
hard_065,Hard,OMP-BranchBoundMRV,4,4,0.007224083,1
hard_065,Hard,OMP-BranchBoundMRV,4,5,0.007173061,1
hard_065,Hard,OMP-BranchBoundMRV,8,1,0.029373169,1
hard_065,Hard,OMP-BranchBoundMRV,8,2,0.019353867,1
hard_065,Hard,OMP-BranchBoundMRV,8,3,0.012204885,1
hard_065,Hard,OMP-BranchBoundMRV,8,4,0.010403156,1
hard_065,Hard,OMP-BranchBoundMRV,8,5,0.010892868,1
hard_065,Hard,OMP-BranchBoundMRV,16,1,0.024724007,1
hard_065,Hard,OMP-BranchBoundMRV,16,2,0.024325848,1
hard_065,Hard,OMP-BranchBoundMRV,16,3,0.025017023,1
hard_065,Hard,OMP-BranchBoundMRV,16,4,0.075649023,1
hard_065,Hard,OMP-BranchBoundMRV,16,5,0.041311026,1
hard_066,Hard,Serial,1,1,0.077193125,1
hard_066,Hard,Serial,1,2,0.077054667,1
hard_066,Hard,Serial,1,3,0.077514666,1
hard_066,Hard,Serial,1,4,0.077346250,1
hard_066,Hard,Serial,1,5,0.077053667,1
hard_066,Hard,Serial-MRV,1,1,0.034988625,1
hard_066,Hard,Serial-MRV,1,2,0.034872458,1
hard_066,Hard,Serial-MRV,1,3,0.035006875,1
hard_066,Hard,Serial-MRV,1,4,0.034915250,1
hard_066,Hard,Serial-MRV,1,5,0.035020833,1
hard_066,Hard,BranchBound,1,1,0.067771708,1
hard_066,Hard,BranchBound,1,2,0.067857125,1
hard_066,Hard,BranchBound,1,3,0.067573292,1
hard_066,Hard,BranchBound,1,4,0.067690833,1
hard_066,Hard,BranchBound,1,5,0.067841167,1
hard_066,Hard,BranchBoundMRV,1,1,0.047754333,1
hard_066,Hard,BranchBoundMRV,1,2,0.047728875,1
hard_066,Hard,BranchBoundMRV,1,3,0.047802959,1
hard_066,Hard,BranchBoundMRV,1,4,0.047979333,1
hard_066,Hard,BranchBoundMRV,1,5,0.047871458,1
hard_066,Hard,OpenMP,4,1,0.008646011,1
hard_066,Hard,OpenMP,4,2,0.008601189,1
hard_066,Hard,OpenMP,4,3,0.008665085,1
hard_066,Hard,OpenMP,4,4,0.008671999,1
hard_066,Hard,OpenMP,4,5,0.008708954,1
hard_066,Hard,OpenMP,8,1,0.013526917,1
hard_066,Hard,OpenMP,8,2,0.011608124,1
hard_066,Hard,OpenMP,8,3,0.009685993,1
hard_066,Hard,OpenMP,8,4,0.009409904,1
hard_066,Hard,OpenMP,8,5,0.014399052,1
hard_066,Hard,OpenMP,16,1,0.030296087,1
hard_066,Hard,OpenMP,16,2,0.020029068,1
hard_066,Hard,OpenMP,16,3,0.030177116,1
hard_066,Hard,OpenMP,16,4,0.047150135,1
hard_066,Hard,OpenMP,16,5,0.075437069,1
hard_066,Hard,OMP-BranchBoundMRV,4,1,0.011757851,1
hard_066,Hard,OMP-BranchBoundMRV,4,2,0.011723042,1
hard_066,Hard,OMP-BranchBoundMRV,4,3,0.011712074,1
hard_066,Hard,OMP-BranchBoundMRV,4,4,0.011718988,1
hard_066,Hard,OMP-BranchBoundMRV,4,5,0.011736870,1
hard_066,Hard,OMP-BranchBoundMRV,8,1,0.014460087,1
hard_066,Hard,OMP-BranchBoundMRV,8,2,0.028600931,1
hard_066,Hard,OMP-BranchBoundMRV,8,3,0.013935089,1
hard_066,Hard,OMP-BranchBoundMRV,8,4,0.011756897,1
hard_066,Hard,OMP-BranchBoundMRV,8,5,0.013921022,1
hard_066,Hard,OMP-BranchBoundMRV,16,1,0.039402008,1
hard_066,Hard,OMP-BranchBoundMRV,16,2,0.115654945,1
hard_066,Hard,OMP-BranchBoundMRV,16,3,0.076101065,1
hard_066,Hard,OMP-BranchBoundMRV,16,4,0.076686144,1
hard_066,Hard,OMP-BranchBoundMRV,16,5,0.041023016,1
hard_067,Hard,Serial,1,1,0.001034583,1
hard_067,Hard,Serial,1,2,0.000997542,1
hard_067,Hard,Serial,1,3,0.000997125,1
hard_067,Hard,Serial,1,4,0.000995959,1
hard_067,Hard,Serial,1,5,0.001045333,1
hard_067,Hard,Serial-MRV,1,1,0.016388750,1
hard_067,Hard,Serial-MRV,1,2,0.016206084,1
hard_067,Hard,Serial-MRV,1,3,0.016242459,1
hard_067,Hard,Serial-MRV,1,4,0.016288000,1
hard_067,Hard,Serial-MRV,1,5,0.016432792,1
hard_067,Hard,BranchBound,1,1,0.000905000,1
hard_067,Hard,BranchBound,1,2,0.000900125,1
hard_067,Hard,BranchBound,1,3,0.000899792,1
hard_067,Hard,BranchBound,1,4,0.000903166,1
hard_067,Hard,BranchBound,1,5,0.000899542,1
hard_067,Hard,BranchBoundMRV,1,1,0.021290666,1
hard_067,Hard,BranchBoundMRV,1,2,0.021003708,1
hard_067,Hard,BranchBoundMRV,1,3,0.020340709,1
hard_067,Hard,BranchBoundMRV,1,4,0.020338834,1
hard_067,Hard,BranchBoundMRV,1,5,0.020220875,1
hard_067,Hard,OpenMP,4,1,0.002525091,1
hard_067,Hard,OpenMP,4,2,0.002403021,1
hard_067,Hard,OpenMP,4,3,0.002402782,1
hard_067,Hard,OpenMP,4,4,0.002400875,1
hard_067,Hard,OpenMP,4,5,0.002409935,1
hard_067,Hard,OpenMP,8,1,0.002477884,1
hard_067,Hard,OpenMP,8,2,0.005532980,1
hard_067,Hard,OpenMP,8,3,0.002421141,1
hard_067,Hard,OpenMP,8,4,0.005506992,1
hard_067,Hard,OpenMP,8,5,0.004899979,1
hard_067,Hard,OpenMP,16,1,0.113008976,1
hard_067,Hard,OpenMP,16,2,0.037919998,1
hard_067,Hard,OpenMP,16,3,0.071043968,1
hard_067,Hard,OpenMP,16,4,0.013926983,1
hard_067,Hard,OpenMP,16,5,0.013238907,1
hard_067,Hard,OMP-BranchBoundMRV,4,1,0.003698111,1
hard_067,Hard,OMP-BranchBoundMRV,4,2,0.003662109,1
hard_067,Hard,OMP-BranchBoundMRV,4,3,0.003674030,1
hard_067,Hard,OMP-BranchBoundMRV,4,4,0.003615856,1
hard_067,Hard,OMP-BranchBoundMRV,4,5,0.004646778,1
hard_067,Hard,OMP-BranchBoundMRV,8,1,0.009290934,1
hard_067,Hard,OMP-BranchBoundMRV,8,2,0.003682852,1
hard_067,Hard,OMP-BranchBoundMRV,8,3,0.010542870,1
hard_067,Hard,OMP-BranchBoundMRV,8,4,0.003697157,1
hard_067,Hard,OMP-BranchBoundMRV,8,5,0.010384083,1
hard_067,Hard,OMP-BranchBoundMRV,16,1,0.120228052,1
hard_067,Hard,OMP-BranchBoundMRV,16,2,0.033714056,1
hard_067,Hard,OMP-BranchBoundMRV,16,3,0.054238081,1
hard_067,Hard,OMP-BranchBoundMRV,16,4,0.031779051,1
hard_067,Hard,OMP-BranchBoundMRV,16,5,0.059273005,1
hard_068,Hard,Serial,1,1,0.039116792,1
hard_068,Hard,Serial,1,2,0.039183125,1
hard_068,Hard,Serial,1,3,0.039027042,1
hard_068,Hard,Serial,1,4,0.038961375,1
hard_068,Hard,Serial,1,5,0.039254125,1
hard_068,Hard,Serial-MRV,1,1,0.030184333,1
hard_068,Hard,Serial-MRV,1,2,0.030260917,1
hard_068,Hard,Serial-MRV,1,3,0.031263833,1
hard_068,Hard,Serial-MRV,1,4,0.036480042,1
hard_068,Hard,Serial-MRV,1,5,0.044432542,1
hard_068,Hard,BranchBound,1,1,0.034930833,1
hard_068,Hard,BranchBound,1,2,0.033975000,1
hard_068,Hard,BranchBound,1,3,0.033161083,1
hard_068,Hard,BranchBound,1,4,0.033523083,1
hard_068,Hard,BranchBound,1,5,0.032872375,1
hard_068,Hard,BranchBoundMRV,1,1,0.041819666,1
hard_068,Hard,BranchBoundMRV,1,2,0.041479583,1
hard_068,Hard,BranchBoundMRV,1,3,0.041307708,1
hard_068,Hard,BranchBoundMRV,1,4,0.041072458,1
hard_068,Hard,BranchBoundMRV,1,5,0.041408792,1
hard_068,Hard,OpenMP,4,1,0.018080950,1
hard_068,Hard,OpenMP,4,2,0.021429062,1
hard_068,Hard,OpenMP,4,3,0.018975973,1
hard_068,Hard,OpenMP,4,4,0.018048048,1
hard_068,Hard,OpenMP,4,5,0.017961025,1
hard_068,Hard,OpenMP,8,1,0.025782108,1
hard_068,Hard,OpenMP,8,2,0.025751114,1
hard_068,Hard,OpenMP,8,3,0.018171072,1
hard_068,Hard,OpenMP,8,4,0.045834064,1
hard_068,Hard,OpenMP,8,5,0.077039957,1
hard_068,Hard,OpenMP,16,1,0.079856873,1
hard_068,Hard,OpenMP,16,2,0.056366920,1
hard_068,Hard,OpenMP,16,3,0.094609976,1
hard_068,Hard,OpenMP,16,4,0.092514992,1
hard_068,Hard,OpenMP,16,5,0.100180149,1
hard_068,Hard,OMP-BranchBoundMRV,4,1,0.024572849,1
hard_068,Hard,OMP-BranchBoundMRV,4,2,0.025110006,1
hard_068,Hard,OMP-BranchBoundMRV,4,3,0.025697947,1
hard_068,Hard,OMP-BranchBoundMRV,4,4,0.026597977,1
hard_068,Hard,OMP-BranchBoundMRV,4,5,0.027162075,1
hard_068,Hard,OMP-BranchBoundMRV,8,1,0.048207998,1
hard_068,Hard,OMP-BranchBoundMRV,8,2,0.042109966,1
hard_068,Hard,OMP-BranchBoundMRV,8,3,0.033570051,1
hard_068,Hard,OMP-BranchBoundMRV,8,4,0.046100855,1
hard_068,Hard,OMP-BranchBoundMRV,8,5,0.040675879,1
hard_068,Hard,OMP-BranchBoundMRV,16,1,0.129929066,1
hard_068,Hard,OMP-BranchBoundMRV,16,2,0.109432220,1
hard_068,Hard,OMP-BranchBoundMRV,16,3,0.105585098,1
hard_068,Hard,OMP-BranchBoundMRV,16,4,0.101309061,1
hard_068,Hard,OMP-BranchBoundMRV,16,5,0.073402166,1
hard_069,Hard,Serial,1,1,0.015216583,1
hard_069,Hard,Serial,1,2,0.015164709,1
hard_069,Hard,Serial,1,3,0.014943791,1
hard_069,Hard,Serial,1,4,0.014936500,1
hard_069,Hard,Serial,1,5,0.014993209,1
hard_069,Hard,Serial-MRV,1,1,0.072844917,1
hard_069,Hard,Serial-MRV,1,2,0.072911208,1
hard_069,Hard,Serial-MRV,1,3,0.072804291,1
hard_069,Hard,Serial-MRV,1,4,0.072435667,1
hard_069,Hard,Serial-MRV,1,5,0.073273000,1
hard_069,Hard,BranchBound,1,1,0.012706542,1
hard_069,Hard,BranchBound,1,2,0.012653542,1
hard_069,Hard,BranchBound,1,3,0.012713708,1
hard_069,Hard,BranchBound,1,4,0.012610542,1
hard_069,Hard,BranchBound,1,5,0.012542125,1
hard_069,Hard,BranchBoundMRV,1,1,0.095501791,1
hard_069,Hard,BranchBoundMRV,1,2,0.095587625,1
hard_069,Hard,BranchBoundMRV,1,3,0.095693000,1
hard_069,Hard,BranchBoundMRV,1,4,0.094883292,1
hard_069,Hard,BranchBoundMRV,1,5,0.096052000,1
hard_069,Hard,OpenMP,4,1,0.009682894,1
hard_069,Hard,OpenMP,4,2,0.002273083,1
hard_069,Hard,OpenMP,4,3,0.002269983,1
hard_069,Hard,OpenMP,4,4,0.002351999,1
hard_069,Hard,OpenMP,4,5,0.020961046,1
hard_069,Hard,OpenMP,8,1,0.011033058,1
hard_069,Hard,OpenMP,8,2,0.010535955,1
hard_069,Hard,OpenMP,8,3,0.007035971,1
hard_069,Hard,OpenMP,8,4,0.011567831,1
hard_069,Hard,OpenMP,8,5,0.006340027,1
hard_069,Hard,OpenMP,16,1,0.029234886,1
hard_069,Hard,OpenMP,16,2,0.032961845,1
hard_069,Hard,OpenMP,16,3,0.053500175,1
hard_069,Hard,OpenMP,16,4,0.058183908,1
hard_069,Hard,OpenMP,16,5,0.049643993,1
hard_069,Hard,OMP-BranchBoundMRV,4,1,0.012706041,1
hard_069,Hard,OMP-BranchBoundMRV,4,2,0.012718916,1
hard_069,Hard,OMP-BranchBoundMRV,4,3,0.012691975,1
hard_069,Hard,OMP-BranchBoundMRV,4,4,0.012732983,1
hard_069,Hard,OMP-BranchBoundMRV,4,5,0.012651920,1
hard_069,Hard,OMP-BranchBoundMRV,8,1,0.013395786,1
hard_069,Hard,OMP-BranchBoundMRV,8,2,0.003120184,1
hard_069,Hard,OMP-BranchBoundMRV,8,3,0.022300959,1
hard_069,Hard,OMP-BranchBoundMRV,8,4,0.008479834,1
hard_069,Hard,OMP-BranchBoundMRV,8,5,0.007149935,1
hard_069,Hard,OMP-BranchBoundMRV,16,1,0.034302950,1
hard_069,Hard,OMP-BranchBoundMRV,16,2,0.050041914,1
hard_069,Hard,OMP-BranchBoundMRV,16,3,0.034482956,1
hard_069,Hard,OMP-BranchBoundMRV,16,4,0.028380156,1
hard_069,Hard,OMP-BranchBoundMRV,16,5,0.032774210,1
hard_070,Hard,Serial,1,1,0.016266458,1
hard_070,Hard,Serial,1,2,0.016129959,1
hard_070,Hard,Serial,1,3,0.023541167,1
hard_070,Hard,Serial,1,4,0.018559625,1
hard_070,Hard,Serial,1,5,0.016517167,1
hard_070,Hard,Serial-MRV,1,1,0.037636917,1
hard_070,Hard,Serial-MRV,1,2,0.037458000,1
hard_070,Hard,Serial-MRV,1,3,0.037240125,1
hard_070,Hard,Serial-MRV,1,4,0.037244125,1
hard_070,Hard,Serial-MRV,1,5,0.037071917,1
hard_070,Hard,BranchBound,1,1,0.014306291,1
hard_070,Hard,BranchBound,1,2,0.014317125,1
hard_070,Hard,BranchBound,1,3,0.014483208,1
hard_070,Hard,BranchBound,1,4,0.014388541,1
hard_070,Hard,BranchBound,1,5,0.014341042,1
hard_070,Hard,BranchBoundMRV,1,1,0.047430291,1
hard_070,Hard,BranchBoundMRV,1,2,0.047367875,1
hard_070,Hard,BranchBoundMRV,1,3,0.047571125,1
hard_070,Hard,BranchBoundMRV,1,4,0.047662291,1
hard_070,Hard,BranchBoundMRV,1,5,0.047643792,1
hard_070,Hard,OpenMP,4,1,0.000898123,1
hard_070,Hard,OpenMP,4,2,0.000872135,1
hard_070,Hard,OpenMP,4,3,0.000864029,1
hard_070,Hard,OpenMP,4,4,0.000853062,1
hard_070,Hard,OpenMP,4,5,0.000860929,1
hard_070,Hard,OpenMP,8,1,0.002101183,1
hard_070,Hard,OpenMP,8,2,0.000910997,1
hard_070,Hard,OpenMP,8,3,0.001951933,1
hard_070,Hard,OpenMP,8,4,0.002353191,1
hard_070,Hard,OpenMP,8,5,0.002498865,1
hard_070,Hard,OpenMP,16,1,0.146142960,1
hard_070,Hard,OpenMP,16,2,0.041687965,1
hard_070,Hard,OpenMP,16,3,0.059906960,1
hard_070,Hard,OpenMP,16,4,0.066591978,1
hard_070,Hard,OpenMP,16,5,0.044800997,1
hard_070,Hard,OMP-BranchBoundMRV,4,1,0.001384020,1
hard_070,Hard,OMP-BranchBoundMRV,4,2,0.001363039,1
hard_070,Hard,OMP-BranchBoundMRV,4,3,0.001363039,1
hard_070,Hard,OMP-BranchBoundMRV,4,4,0.001358032,1
hard_070,Hard,OMP-BranchBoundMRV,4,5,0.001360178,1
hard_070,Hard,OMP-BranchBoundMRV,8,1,0.011087894,1
hard_070,Hard,OMP-BranchBoundMRV,8,2,0.001425028,1
hard_070,Hard,OMP-BranchBoundMRV,8,3,0.003067017,1
hard_070,Hard,OMP-BranchBoundMRV,8,4,0.003428936,1
hard_070,Hard,OMP-BranchBoundMRV,8,5,0.003021955,1
hard_070,Hard,OMP-BranchBoundMRV,16,1,0.050616026,1
hard_070,Hard,OMP-BranchBoundMRV,16,2,0.044264078,1
hard_070,Hard,OMP-BranchBoundMRV,16,3,0.038999081,1
hard_070,Hard,OMP-BranchBoundMRV,16,4,0.031645060,1
hard_070,Hard,OMP-BranchBoundMRV,16,5,0.046914101,1
hard_071,Hard,Serial,1,1,0.013219792,1
hard_071,Hard,Serial,1,2,0.013182959,1
hard_071,Hard,Serial,1,3,0.013168041,1
hard_071,Hard,Serial,1,4,0.013236458,1
hard_071,Hard,Serial,1,5,0.013306917,1
hard_071,Hard,Serial-MRV,1,1,0.019422417,1
hard_071,Hard,Serial-MRV,1,2,0.019406583,1
hard_071,Hard,Serial-MRV,1,3,0.019502708,1
hard_071,Hard,Serial-MRV,1,4,0.019674542,1
hard_071,Hard,Serial-MRV,1,5,0.019474208,1
hard_071,Hard,BranchBound,1,1,0.011537375,1
hard_071,Hard,BranchBound,1,2,0.011543791,1
hard_071,Hard,BranchBound,1,3,0.011570833,1
hard_071,Hard,BranchBound,1,4,0.011603500,1
hard_071,Hard,BranchBound,1,5,0.011460625,1
hard_071,Hard,BranchBoundMRV,1,1,0.024521250,1
hard_071,Hard,BranchBoundMRV,1,2,0.025983542,1
hard_071,Hard,BranchBoundMRV,1,3,0.025218959,1
hard_071,Hard,BranchBoundMRV,1,4,0.024674375,1
hard_071,Hard,BranchBoundMRV,1,5,0.024561584,1
hard_071,Hard,OpenMP,4,1,0.004487038,1
hard_071,Hard,OpenMP,4,2,0.004467964,1
hard_071,Hard,OpenMP,4,3,0.004518032,1
hard_071,Hard,OpenMP,4,4,0.004442215,1
hard_071,Hard,OpenMP,4,5,0.004437923,1
hard_071,Hard,OpenMP,8,1,0.005319834,1
hard_071,Hard,OpenMP,8,2,0.010854959,1
hard_071,Hard,OpenMP,8,3,0.004975080,1
hard_071,Hard,OpenMP,8,4,0.010654926,1
hard_071,Hard,OpenMP,8,5,0.011165857,1
hard_071,Hard,OpenMP,16,1,0.106091976,1
hard_071,Hard,OpenMP,16,2,0.113504887,1
hard_071,Hard,OpenMP,16,3,0.041445017,1
hard_071,Hard,OpenMP,16,4,0.032994032,1
hard_071,Hard,OpenMP,16,5,0.038995028,1
hard_071,Hard,OMP-BranchBoundMRV,4,1,0.005656004,1
hard_071,Hard,OMP-BranchBoundMRV,4,2,0.005625010,1
hard_071,Hard,OMP-BranchBoundMRV,4,3,0.005623102,1
hard_071,Hard,OMP-BranchBoundMRV,4,4,0.005616188,1
hard_071,Hard,OMP-BranchBoundMRV,4,5,0.005619049,1
hard_071,Hard,OMP-BranchBoundMRV,8,1,0.011482954,1
hard_071,Hard,OMP-BranchBoundMRV,8,2,0.010079145,1
hard_071,Hard,OMP-BranchBoundMRV,8,3,0.005640984,1
hard_071,Hard,OMP-BranchBoundMRV,8,4,0.018785954,1
hard_071,Hard,OMP-BranchBoundMRV,8,5,0.012816191,1
hard_071,Hard,OMP-BranchBoundMRV,16,1,0.031620979,1
hard_071,Hard,OMP-BranchBoundMRV,16,2,0.036292076,1
hard_071,Hard,OMP-BranchBoundMRV,16,3,0.053808928,1
hard_071,Hard,OMP-BranchBoundMRV,16,4,0.046686888,1
hard_071,Hard,OMP-BranchBoundMRV,16,5,0.055038929,1
hard_072,Hard,Serial,1,1,0.103154917,1
hard_072,Hard,Serial,1,2,0.103085917,1
hard_072,Hard,Serial,1,3,0.103329250,1
hard_072,Hard,Serial,1,4,0.103364417,1
hard_072,Hard,Serial,1,5,0.103258333,1
hard_072,Hard,Serial-MRV,1,1,0.020117583,1
hard_072,Hard,Serial-MRV,1,2,0.020172834,1
hard_072,Hard,Serial-MRV,1,3,0.020135875,1
hard_072,Hard,Serial-MRV,1,4,0.053578000,1
hard_072,Hard,Serial-MRV,1,5,0.022006333,1
hard_072,Hard,BranchBound,1,1,0.086878916,1
hard_072,Hard,BranchBound,1,2,0.086063042,1
hard_072,Hard,BranchBound,1,3,0.085559375,1
hard_072,Hard,BranchBound,1,4,0.085112541,1
hard_072,Hard,BranchBound,1,5,0.084914667,1
hard_072,Hard,BranchBoundMRV,1,1,0.026324041,1
hard_072,Hard,BranchBoundMRV,1,2,0.026305666,1
hard_072,Hard,BranchBoundMRV,1,3,0.026530458,1
hard_072,Hard,BranchBoundMRV,1,4,0.026330042,1
hard_072,Hard,BranchBoundMRV,1,5,0.026302625,1
hard_072,Hard,OpenMP,4,1,0.006824017,1
hard_072,Hard,OpenMP,4,2,0.006760836,1
hard_072,Hard,OpenMP,4,3,0.006784916,1
hard_072,Hard,OpenMP,4,4,0.006855011,1
hard_072,Hard,OpenMP,4,5,0.006766081,1
hard_072,Hard,OpenMP,8,1,0.014396906,1
hard_072,Hard,OpenMP,8,2,0.006798029,1
hard_072,Hard,OpenMP,8,3,0.006767988,1
hard_072,Hard,OpenMP,8,4,0.006769896,1
hard_072,Hard,OpenMP,8,5,0.017650843,1
hard_072,Hard,OpenMP,16,1,0.034651995,1
hard_072,Hard,OpenMP,16,2,0.037437201,1
hard_072,Hard,OpenMP,16,3,0.040611982,1
hard_072,Hard,OpenMP,16,4,0.091431141,1
hard_072,Hard,OpenMP,16,5,0.109771967,1
hard_072,Hard,OMP-BranchBoundMRV,4,1,0.008604050,1
hard_072,Hard,OMP-BranchBoundMRV,4,2,0.008607864,1
hard_072,Hard,OMP-BranchBoundMRV,4,3,0.008593798,1
hard_072,Hard,OMP-BranchBoundMRV,4,4,0.008585930,1
hard_072,Hard,OMP-BranchBoundMRV,4,5,0.008678913,1
hard_072,Hard,OMP-BranchBoundMRV,8,1,0.008630991,1
hard_072,Hard,OMP-BranchBoundMRV,8,2,0.023843050,1
hard_072,Hard,OMP-BranchBoundMRV,8,3,0.015885830,1
hard_072,Hard,OMP-BranchBoundMRV,8,4,0.008708000,1
hard_072,Hard,OMP-BranchBoundMRV,8,5,0.015208006,1
hard_072,Hard,OMP-BranchBoundMRV,16,1,0.041482925,1
hard_072,Hard,OMP-BranchBoundMRV,16,2,0.042190075,1
hard_072,Hard,OMP-BranchBoundMRV,16,3,0.027981043,1
hard_072,Hard,OMP-BranchBoundMRV,16,4,0.029065132,1
hard_072,Hard,OMP-BranchBoundMRV,16,5,0.066226959,1
hard_073,Hard,Serial,1,1,0.009255625,1
hard_073,Hard,Serial,1,2,0.009699083,1
hard_073,Hard,Serial,1,3,0.009691542,1
hard_073,Hard,Serial,1,4,0.009221458,1
hard_073,Hard,Serial,1,5,0.008951166,1
hard_073,Hard,Serial-MRV,1,1,0.035681334,1
hard_073,Hard,Serial-MRV,1,2,0.034957833,1
hard_073,Hard,Serial-MRV,1,3,0.034037792,1
hard_073,Hard,Serial-MRV,1,4,0.034916292,1
hard_073,Hard,Serial-MRV,1,5,0.034549500,1
hard_073,Hard,BranchBound,1,1,0.007958500,1
hard_073,Hard,BranchBound,1,2,0.007974542,1
hard_073,Hard,BranchBound,1,3,0.008005375,1
hard_073,Hard,BranchBound,1,4,0.008055917,1
hard_073,Hard,BranchBound,1,5,0.007951542,1
hard_073,Hard,BranchBoundMRV,1,1,0.041739292,1
hard_073,Hard,BranchBoundMRV,1,2,0.042382375,1
hard_073,Hard,BranchBoundMRV,1,3,0.041553833,1
hard_073,Hard,BranchBoundMRV,1,4,0.042036667,1
hard_073,Hard,BranchBoundMRV,1,5,0.041758875,1
hard_073,Hard,OpenMP,4,1,0.003924131,1
hard_073,Hard,OpenMP,4,2,0.003926992,1
hard_073,Hard,OpenMP,4,3,0.003913879,1
hard_073,Hard,OpenMP,4,4,0.003909826,1
hard_073,Hard,OpenMP,4,5,0.003910065,1
hard_073,Hard,OpenMP,8,1,0.003937006,1
hard_073,Hard,OpenMP,8,2,0.005825043,1
hard_073,Hard,OpenMP,8,3,0.003898859,1
hard_073,Hard,OpenMP,8,4,0.009361982,1
hard_073,Hard,OpenMP,8,5,0.003902197,1
hard_073,Hard,OpenMP,16,1,0.078770876,1
hard_073,Hard,OpenMP,16,2,0.059756994,1
hard_073,Hard,OpenMP,16,3,0.034032822,1
hard_073,Hard,OpenMP,16,4,0.067595959,1
hard_073,Hard,OpenMP,16,5,0.057734013,1
hard_073,Hard,OMP-BranchBoundMRV,4,1,0.005087137,1
hard_073,Hard,OMP-BranchBoundMRV,4,2,0.005060911,1
hard_073,Hard,OMP-BranchBoundMRV,4,3,0.005040884,1
hard_073,Hard,OMP-BranchBoundMRV,4,4,0.005058050,1
hard_073,Hard,OMP-BranchBoundMRV,4,5,0.005064011,1
hard_073,Hard,OMP-BranchBoundMRV,8,1,0.013839006,1
hard_073,Hard,OMP-BranchBoundMRV,8,2,0.014564991,1
hard_073,Hard,OMP-BranchBoundMRV,8,3,0.016286850,1
hard_073,Hard,OMP-BranchBoundMRV,8,4,0.010881901,1
hard_073,Hard,OMP-BranchBoundMRV,8,5,0.012593031,1
hard_073,Hard,OMP-BranchBoundMRV,16,1,0.119768143,1
hard_073,Hard,OMP-BranchBoundMRV,16,2,0.057088137,1
hard_073,Hard,OMP-BranchBoundMRV,16,3,0.055275202,1
hard_073,Hard,OMP-BranchBoundMRV,16,4,0.054838181,1
hard_073,Hard,OMP-BranchBoundMRV,16,5,0.041565180,1
hard_074,Hard,Serial,1,1,0.004273583,1
hard_074,Hard,Serial,1,2,0.004236083,1
hard_074,Hard,Serial,1,3,0.004263250,1
hard_074,Hard,Serial,1,4,0.004312500,1
hard_074,Hard,Serial,1,5,0.004239041,1
hard_074,Hard,Serial-MRV,1,1,0.021078042,1
hard_074,Hard,Serial-MRV,1,2,0.023512208,1
hard_074,Hard,Serial-MRV,1,3,0.021427500,1
hard_074,Hard,Serial-MRV,1,4,0.021181959,1
hard_074,Hard,Serial-MRV,1,5,0.021097125,1
hard_074,Hard,BranchBound,1,1,0.003825917,1
hard_074,Hard,BranchBound,1,2,0.003751833,1
hard_074,Hard,BranchBound,1,3,0.003759417,1
hard_074,Hard,BranchBound,1,4,0.003760250,1
hard_074,Hard,BranchBound,1,5,0.003856625,1
hard_074,Hard,BranchBoundMRV,1,1,0.027254708,1
hard_074,Hard,BranchBoundMRV,1,2,0.027287375,1
hard_074,Hard,BranchBoundMRV,1,3,0.027171500,1
hard_074,Hard,BranchBoundMRV,1,4,0.027141417,1
hard_074,Hard,BranchBoundMRV,1,5,0.027210083,1
hard_074,Hard,OpenMP,4,1,0.004179955,1
hard_074,Hard,OpenMP,4,2,0.004150152,1
hard_074,Hard,OpenMP,4,3,0.004146099,1
hard_074,Hard,OpenMP,4,4,0.004168034,1
hard_074,Hard,OpenMP,4,5,0.004621983,1
hard_074,Hard,OpenMP,8,1,0.009811878,1
hard_074,Hard,OpenMP,8,2,0.010023832,1
hard_074,Hard,OpenMP,8,3,0.004163027,1
hard_074,Hard,OpenMP,8,4,0.004307032,1
hard_074,Hard,OpenMP,8,5,0.004224062,1
hard_074,Hard,OpenMP,16,1,0.056874037,1
hard_074,Hard,OpenMP,16,2,0.042829037,1
hard_074,Hard,OpenMP,16,3,0.068753004,1
hard_074,Hard,OpenMP,16,4,0.055775881,1
hard_074,Hard,OpenMP,16,5,0.028898954,1
hard_074,Hard,OMP-BranchBoundMRV,4,1,0.005795956,1
hard_074,Hard,OMP-BranchBoundMRV,4,2,0.005769014,1
hard_074,Hard,OMP-BranchBoundMRV,4,3,0.005769968,1
hard_074,Hard,OMP-BranchBoundMRV,4,4,0.005781174,1
hard_074,Hard,OMP-BranchBoundMRV,4,5,0.005760908,1
hard_074,Hard,OMP-BranchBoundMRV,8,1,0.012434006,1
hard_074,Hard,OMP-BranchBoundMRV,8,2,0.031166792,1
hard_074,Hard,OMP-BranchBoundMRV,8,3,0.010149956,1
hard_074,Hard,OMP-BranchBoundMRV,8,4,0.005788088,1
hard_074,Hard,OMP-BranchBoundMRV,8,5,0.006394148,1
hard_074,Hard,OMP-BranchBoundMRV,16,1,0.098510027,1
hard_074,Hard,OMP-BranchBoundMRV,16,2,0.042983055,1
hard_074,Hard,OMP-BranchBoundMRV,16,3,0.047760963,1
hard_074,Hard,OMP-BranchBoundMRV,16,4,0.051605940,1
hard_074,Hard,OMP-BranchBoundMRV,16,5,0.029680967,1
hard_075,Hard,Serial,1,1,0.009389792,1
hard_075,Hard,Serial,1,2,0.009406500,1
hard_075,Hard,Serial,1,3,0.009408459,1
hard_075,Hard,Serial,1,4,0.009356584,1
hard_075,Hard,Serial,1,5,0.009372000,1
hard_075,Hard,Serial-MRV,1,1,0.022844250,1
hard_075,Hard,Serial-MRV,1,2,0.022997792,1
hard_075,Hard,Serial-MRV,1,3,0.022903042,1
hard_075,Hard,Serial-MRV,1,4,0.022933000,1
hard_075,Hard,Serial-MRV,1,5,0.023115375,1
hard_075,Hard,BranchBound,1,1,0.008134958,1
hard_075,Hard,BranchBound,1,2,0.008215125,1
hard_075,Hard,BranchBound,1,3,0.008141500,1
hard_075,Hard,BranchBound,1,4,0.008210416,1
hard_075,Hard,BranchBound,1,5,0.008164500,1
hard_075,Hard,BranchBoundMRV,1,1,0.029247541,1
hard_075,Hard,BranchBoundMRV,1,2,0.029301166,1
hard_075,Hard,BranchBoundMRV,1,3,0.033253958,1
hard_075,Hard,BranchBoundMRV,1,4,0.030946709,1
hard_075,Hard,BranchBoundMRV,1,5,0.029702291,1
hard_075,Hard,OpenMP,4,1,0.003934860,1
hard_075,Hard,OpenMP,4,2,0.004152060,1
hard_075,Hard,OpenMP,4,3,0.003941059,1
hard_075,Hard,OpenMP,4,4,0.003898144,1
hard_075,Hard,OpenMP,4,5,0.003952026,1
hard_075,Hard,OpenMP,8,1,0.012414932,1
hard_075,Hard,OpenMP,8,2,0.003921986,1
hard_075,Hard,OpenMP,8,3,0.004052877,1
hard_075,Hard,OpenMP,8,4,0.006857872,1
hard_075,Hard,OpenMP,8,5,0.009131908,1
hard_075,Hard,OpenMP,16,1,0.022169828,1
hard_075,Hard,OpenMP,16,2,0.018565893,1
hard_075,Hard,OpenMP,16,3,0.011332035,1
hard_075,Hard,OpenMP,16,4,0.030011177,1
hard_075,Hard,OpenMP,16,5,0.042363167,1
hard_075,Hard,OMP-BranchBoundMRV,4,1,0.005527020,1
hard_075,Hard,OMP-BranchBoundMRV,4,2,0.005061150,1
hard_075,Hard,OMP-BranchBoundMRV,4,3,0.005048037,1
hard_075,Hard,OMP-BranchBoundMRV,4,4,0.005558014,1
hard_075,Hard,OMP-BranchBoundMRV,4,5,0.005368948,1
hard_075,Hard,OMP-BranchBoundMRV,8,1,0.005372047,1
hard_075,Hard,OMP-BranchBoundMRV,8,2,0.011546850,1
hard_075,Hard,OMP-BranchBoundMRV,8,3,0.005084038,1
hard_075,Hard,OMP-BranchBoundMRV,8,4,0.005194902,1
hard_075,Hard,OMP-BranchBoundMRV,8,5,0.010926962,1
hard_075,Hard,OMP-BranchBoundMRV,16,1,0.200856924,1
hard_075,Hard,OMP-BranchBoundMRV,16,2,0.053296089,1
hard_075,Hard,OMP-BranchBoundMRV,16,3,0.023291111,1
hard_075,Hard,OMP-BranchBoundMRV,16,4,0.026980877,1
hard_075,Hard,OMP-BranchBoundMRV,16,5,0.057492971,1
hard_076,Hard,Serial,1,1,0.020660250,1
hard_076,Hard,Serial,1,2,0.020613833,1
hard_076,Hard,Serial,1,3,0.020659291,1
hard_076,Hard,Serial,1,4,0.020576209,1
hard_076,Hard,Serial,1,5,0.020602750,1
hard_076,Hard,Serial-MRV,1,1,0.016982500,1
hard_076,Hard,Serial-MRV,1,2,0.016894542,1
hard_076,Hard,Serial-MRV,1,3,0.016930500,1
hard_076,Hard,Serial-MRV,1,4,0.017655833,1
hard_076,Hard,Serial-MRV,1,5,0.016828959,1
hard_076,Hard,BranchBound,1,1,0.019128458,1
hard_076,Hard,BranchBound,1,2,0.019101792,1
hard_076,Hard,BranchBound,1,3,0.018981750,1
hard_076,Hard,BranchBound,1,4,0.019016916,1
hard_076,Hard,BranchBound,1,5,0.019026333,1
hard_076,Hard,BranchBoundMRV,1,1,0.022043666,1
hard_076,Hard,BranchBoundMRV,1,2,0.021846583,1
hard_076,Hard,BranchBoundMRV,1,3,0.023731250,1
hard_076,Hard,BranchBoundMRV,1,4,0.022034125,1
hard_076,Hard,BranchBoundMRV,1,5,0.022009458,1
hard_076,Hard,OpenMP,4,1,0.002062082,1
hard_076,Hard,OpenMP,4,2,0.002040148,1
hard_076,Hard,OpenMP,4,3,0.002031088,1
hard_076,Hard,OpenMP,4,4,0.002030134,1
hard_076,Hard,OpenMP,4,5,0.002028942,1
hard_076,Hard,OpenMP,8,1,0.007097006,1
hard_076,Hard,OpenMP,8,2,0.005552053,1
hard_076,Hard,OpenMP,8,3,0.002062082,1
hard_076,Hard,OpenMP,8,4,0.002199173,1
hard_076,Hard,OpenMP,8,5,0.005263090,1
hard_076,Hard,OpenMP,16,1,0.118941069,1
hard_076,Hard,OpenMP,16,2,0.044396877,1
hard_076,Hard,OpenMP,16,3,0.032856226,1
hard_076,Hard,OpenMP,16,4,0.061243057,1
hard_076,Hard,OpenMP,16,5,0.031131983,1
hard_076,Hard,OMP-BranchBoundMRV,4,1,0.003097057,1
hard_076,Hard,OMP-BranchBoundMRV,4,2,0.003070831,1
hard_076,Hard,OMP-BranchBoundMRV,4,3,0.003113031,1
hard_076,Hard,OMP-BranchBoundMRV,4,4,0.003101110,1
hard_076,Hard,OMP-BranchBoundMRV,4,5,0.003073931,1
hard_076,Hard,OMP-BranchBoundMRV,8,1,0.003098011,1
hard_076,Hard,OMP-BranchBoundMRV,8,2,0.003105879,1
hard_076,Hard,OMP-BranchBoundMRV,8,3,0.003092051,1
hard_076,Hard,OMP-BranchBoundMRV,8,4,0.003098011,1
hard_076,Hard,OMP-BranchBoundMRV,8,5,0.003073931,1
hard_076,Hard,OMP-BranchBoundMRV,16,1,0.101765871,1
hard_076,Hard,OMP-BranchBoundMRV,16,2,0.040667057,1
hard_076,Hard,OMP-BranchBoundMRV,16,3,0.041560888,1
hard_076,Hard,OMP-BranchBoundMRV,16,4,0.076447964,1
hard_076,Hard,OMP-BranchBoundMRV,16,5,0.031164885,1
hard_077,Hard,Serial,1,1,0.015015375,1
hard_077,Hard,Serial,1,2,0.014943708,1
hard_077,Hard,Serial,1,3,0.014895792,1
hard_077,Hard,Serial,1,4,0.014930000,1
hard_077,Hard,Serial,1,5,0.015088291,1
hard_077,Hard,Serial-MRV,1,1,0.022651792,1
hard_077,Hard,Serial-MRV,1,2,0.022797458,1
hard_077,Hard,Serial-MRV,1,3,0.022590084,1
hard_077,Hard,Serial-MRV,1,4,0.022700667,1
hard_077,Hard,Serial-MRV,1,5,0.022804667,1
hard_077,Hard,BranchBound,1,1,0.012236041,1
hard_077,Hard,BranchBound,1,2,0.012205333,1
hard_077,Hard,BranchBound,1,3,0.012217000,1
hard_077,Hard,BranchBound,1,4,0.012462959,1
hard_077,Hard,BranchBound,1,5,0.012365000,1
hard_077,Hard,BranchBoundMRV,1,1,0.030872625,1
hard_077,Hard,BranchBoundMRV,1,2,0.031119125,1
hard_077,Hard,BranchBoundMRV,1,3,0.032813834,1
hard_077,Hard,BranchBoundMRV,1,4,0.031086958,1
hard_077,Hard,BranchBoundMRV,1,5,0.030952542,1
hard_077,Hard,OpenMP,4,1,0.006120920,1
hard_077,Hard,OpenMP,4,2,0.006099939,1
hard_077,Hard,OpenMP,4,3,0.006109953,1
hard_077,Hard,OpenMP,4,4,0.006093025,1
hard_077,Hard,OpenMP,4,5,0.006121874,1
hard_077,Hard,OpenMP,8,1,0.007400990,1
hard_077,Hard,OpenMP,8,2,0.006870031,1
hard_077,Hard,OpenMP,8,3,0.006120920,1
hard_077,Hard,OpenMP,8,4,0.006164789,1
hard_077,Hard,OpenMP,8,5,0.012130022,1
hard_077,Hard,OpenMP,16,1,0.023494959,1
hard_077,Hard,OpenMP,16,2,0.105695009,1
hard_077,Hard,OpenMP,16,3,0.074964046,1
hard_077,Hard,OpenMP,16,4,0.038568974,1
hard_077,Hard,OpenMP,16,5,0.049451828,1
hard_077,Hard,OMP-BranchBoundMRV,4,1,0.008852959,1
hard_077,Hard,OMP-BranchBoundMRV,4,2,0.008727789,1
hard_077,Hard,OMP-BranchBoundMRV,4,3,0.008812904,1
hard_077,Hard,OMP-BranchBoundMRV,4,4,0.008463144,1
hard_077,Hard,OMP-BranchBoundMRV,4,5,0.008939981,1
hard_077,Hard,OMP-BranchBoundMRV,8,1,0.008933067,1
hard_077,Hard,OMP-BranchBoundMRV,8,2,0.008587122,1
hard_077,Hard,OMP-BranchBoundMRV,8,3,0.008582115,1
hard_077,Hard,OMP-BranchBoundMRV,8,4,0.008598089,1
hard_077,Hard,OMP-BranchBoundMRV,8,5,0.008474827,1
hard_077,Hard,OMP-BranchBoundMRV,16,1,0.086558104,1
hard_077,Hard,OMP-BranchBoundMRV,16,2,0.032601118,1
hard_077,Hard,OMP-BranchBoundMRV,16,3,0.045428038,1
hard_077,Hard,OMP-BranchBoundMRV,16,4,0.046921968,1
hard_077,Hard,OMP-BranchBoundMRV,16,5,0.052085876,1
hard_078,Hard,Serial,1,1,0.010964959,1
hard_078,Hard,Serial,1,2,0.010989667,1
hard_078,Hard,Serial,1,3,0.010878084,1
hard_078,Hard,Serial,1,4,0.010860250,1
hard_078,Hard,Serial,1,5,0.010911042,1
hard_078,Hard,Serial-MRV,1,1,0.031460459,1
hard_078,Hard,Serial-MRV,1,2,0.031965125,1
hard_078,Hard,Serial-MRV,1,3,0.031787500,1
hard_078,Hard,Serial-MRV,1,4,0.032755750,1
hard_078,Hard,Serial-MRV,1,5,0.033043667,1
hard_078,Hard,BranchBound,1,1,0.010195000,1
hard_078,Hard,BranchBound,1,2,0.010345917,1
hard_078,Hard,BranchBound,1,3,0.010058000,1
hard_078,Hard,BranchBound,1,4,0.010264125,1
hard_078,Hard,BranchBound,1,5,0.010401542,1
hard_078,Hard,BranchBoundMRV,1,1,0.038573417,1
hard_078,Hard,BranchBoundMRV,1,2,0.038279875,1
hard_078,Hard,BranchBoundMRV,1,3,0.038448500,1
hard_078,Hard,BranchBoundMRV,1,4,0.039048833,1
hard_078,Hard,BranchBoundMRV,1,5,0.039376292,1
hard_078,Hard,OpenMP,4,1,0.005491972,1
hard_078,Hard,OpenMP,4,2,0.005464792,1
hard_078,Hard,OpenMP,4,3,0.005561113,1
hard_078,Hard,OpenMP,4,4,0.005486965,1
hard_078,Hard,OpenMP,4,5,0.005407810,1
hard_078,Hard,OpenMP,8,1,0.017078876,1
hard_078,Hard,OpenMP,8,2,0.021126986,1
hard_078,Hard,OpenMP,8,3,0.010262012,1
hard_078,Hard,OpenMP,8,4,0.011967897,1
hard_078,Hard,OpenMP,8,5,0.009742022,1
hard_078,Hard,OpenMP,16,1,0.092476845,1
hard_078,Hard,OpenMP,16,2,0.041376829,1
hard_078,Hard,OpenMP,16,3,0.027366161,1
hard_078,Hard,OpenMP,16,4,0.022649050,1
hard_078,Hard,OpenMP,16,5,0.031713963,1
hard_078,Hard,OMP-BranchBoundMRV,4,1,0.006812096,1
hard_078,Hard,OMP-BranchBoundMRV,4,2,0.006719112,1
hard_078,Hard,OMP-BranchBoundMRV,4,3,0.006783009,1
hard_078,Hard,OMP-BranchBoundMRV,4,4,0.006757021,1
hard_078,Hard,OMP-BranchBoundMRV,4,5,0.006779909,1
hard_078,Hard,OMP-BranchBoundMRV,8,1,0.012694120,1
hard_078,Hard,OMP-BranchBoundMRV,8,2,0.012395144,1
hard_078,Hard,OMP-BranchBoundMRV,8,3,0.012727976,1
hard_078,Hard,OMP-BranchBoundMRV,8,4,0.008275032,1
hard_078,Hard,OMP-BranchBoundMRV,8,5,0.016313076,1
hard_078,Hard,OMP-BranchBoundMRV,16,1,0.106343031,1
hard_078,Hard,OMP-BranchBoundMRV,16,2,0.030720949,1
hard_078,Hard,OMP-BranchBoundMRV,16,3,0.040788889,1
hard_078,Hard,OMP-BranchBoundMRV,16,4,0.108041048,1
hard_078,Hard,OMP-BranchBoundMRV,16,5,0.047178030,1
hard_079,Hard,Serial,1,1,0.009012000,1
hard_079,Hard,Serial,1,2,0.008518542,1
hard_079,Hard,Serial,1,3,0.008939625,1
hard_079,Hard,Serial,1,4,0.008506875,1
hard_079,Hard,Serial,1,5,0.009202541,1
hard_079,Hard,Serial-MRV,1,1,0.019700667,1
hard_079,Hard,Serial-MRV,1,2,0.019907334,1
hard_079,Hard,Serial-MRV,1,3,0.019644125,1
hard_079,Hard,Serial-MRV,1,4,0.019309792,1
hard_079,Hard,Serial-MRV,1,5,0.019274917,1
hard_079,Hard,BranchBound,1,1,0.007625333,1
hard_079,Hard,BranchBound,1,2,0.007535875,1
hard_079,Hard,BranchBound,1,3,0.007717250,1
hard_079,Hard,BranchBound,1,4,0.007570542,1
hard_079,Hard,BranchBound,1,5,0.007518666,1
hard_079,Hard,BranchBoundMRV,1,1,0.024235000,1
hard_079,Hard,BranchBoundMRV,1,2,0.024541250,1
hard_079,Hard,BranchBoundMRV,1,3,0.024216833,1
hard_079,Hard,BranchBoundMRV,1,4,0.024301583,1
hard_079,Hard,BranchBoundMRV,1,5,0.024312041,1
hard_079,Hard,OpenMP,4,1,0.002217770,1
hard_079,Hard,OpenMP,4,2,0.002192974,1
hard_079,Hard,OpenMP,4,3,0.002196789,1
hard_079,Hard,OpenMP,4,4,0.002214909,1
hard_079,Hard,OpenMP,4,5,0.002170801,1
hard_079,Hard,OpenMP,8,1,0.005125999,1
hard_079,Hard,OpenMP,8,2,0.005564928,1
hard_079,Hard,OpenMP,8,3,0.005186796,1
hard_079,Hard,OpenMP,8,4,0.002274990,1
hard_079,Hard,OpenMP,8,5,0.002270937,1
hard_079,Hard,OpenMP,16,1,0.023221970,1
hard_079,Hard,OpenMP,16,2,0.052427053,1
hard_079,Hard,OpenMP,16,3,0.018203020,1
hard_079,Hard,OpenMP,16,4,0.090862989,1
hard_079,Hard,OpenMP,16,5,0.030817986,1
hard_079,Hard,OMP-BranchBoundMRV,4,1,0.003023148,1
hard_079,Hard,OMP-BranchBoundMRV,4,2,0.002998114,1
hard_079,Hard,OMP-BranchBoundMRV,4,3,0.002997160,1
hard_079,Hard,OMP-BranchBoundMRV,4,4,0.003007889,1
hard_079,Hard,OMP-BranchBoundMRV,4,5,0.002990007,1
hard_079,Hard,OMP-BranchBoundMRV,8,1,0.003010988,1
hard_079,Hard,OMP-BranchBoundMRV,8,2,0.003865957,1
hard_079,Hard,OMP-BranchBoundMRV,8,3,0.003002167,1
hard_079,Hard,OMP-BranchBoundMRV,8,4,0.003035069,1
hard_079,Hard,OMP-BranchBoundMRV,8,5,0.003086090,1
hard_079,Hard,OMP-BranchBoundMRV,16,1,0.061235189,1
hard_079,Hard,OMP-BranchBoundMRV,16,2,0.070802927,1
hard_079,Hard,OMP-BranchBoundMRV,16,3,0.057687998,1
hard_079,Hard,OMP-BranchBoundMRV,16,4,0.031421900,1
hard_079,Hard,OMP-BranchBoundMRV,16,5,0.040350914,1
hard_080,Hard,Serial,1,1,0.007022625,1
hard_080,Hard,Serial,1,2,0.006822166,1
hard_080,Hard,Serial,1,3,0.006861208,1
hard_080,Hard,Serial,1,4,0.006903208,1
hard_080,Hard,Serial,1,5,0.006793959,1
hard_080,Hard,Serial-MRV,1,1,0.015811958,1
hard_080,Hard,Serial-MRV,1,2,0.015821667,1
hard_080,Hard,Serial-MRV,1,3,0.015726416,1
hard_080,Hard,Serial-MRV,1,4,0.015715084,1
hard_080,Hard,Serial-MRV,1,5,0.015741375,1
hard_080,Hard,BranchBound,1,1,0.005958959,1
hard_080,Hard,BranchBound,1,2,0.005933375,1
hard_080,Hard,BranchBound,1,3,0.005935000,1
hard_080,Hard,BranchBound,1,4,0.005867000,1
hard_080,Hard,BranchBound,1,5,0.005933125,1
hard_080,Hard,BranchBoundMRV,1,1,0.019837917,1
hard_080,Hard,BranchBoundMRV,1,2,0.019761958,1
hard_080,Hard,BranchBoundMRV,1,3,0.019822292,1
hard_080,Hard,BranchBoundMRV,1,4,0.025592417,1
hard_080,Hard,BranchBoundMRV,1,5,0.019850042,1
hard_080,Hard,OpenMP,4,1,0.011512995,1
hard_080,Hard,OpenMP,4,2,0.007153034,1
hard_080,Hard,OpenMP,4,3,0.007286072,1
hard_080,Hard,OpenMP,4,4,0.007137060,1
hard_080,Hard,OpenMP,4,5,0.007130146,1
hard_080,Hard,OpenMP,8,1,0.007869005,1
hard_080,Hard,OpenMP,8,2,0.007666111,1
hard_080,Hard,OpenMP,8,3,0.013654947,1
hard_080,Hard,OpenMP,8,4,0.013114929,1
hard_080,Hard,OpenMP,8,5,0.013316870,1
hard_080,Hard,OpenMP,16,1,0.150915861,1
hard_080,Hard,OpenMP,16,2,0.044626951,1
hard_080,Hard,OpenMP,16,3,0.032058001,1
hard_080,Hard,OpenMP,16,4,0.051040888,1
hard_080,Hard,OpenMP,16,5,0.032452106,1
hard_080,Hard,OMP-BranchBoundMRV,4,1,0.014596939,1
hard_080,Hard,OMP-BranchBoundMRV,4,2,0.014613867,1
hard_080,Hard,OMP-BranchBoundMRV,4,3,0.014782906,1
hard_080,Hard,OMP-BranchBoundMRV,4,4,0.009146929,1
hard_080,Hard,OMP-BranchBoundMRV,4,5,0.015842199,1
hard_080,Hard,OMP-BranchBoundMRV,8,1,0.009505987,1
hard_080,Hard,OMP-BranchBoundMRV,8,2,0.009597063,1
hard_080,Hard,OMP-BranchBoundMRV,8,3,0.009532928,1
hard_080,Hard,OMP-BranchBoundMRV,8,4,0.009506941,1
hard_080,Hard,OMP-BranchBoundMRV,8,5,0.015069008,1
hard_080,Hard,OMP-BranchBoundMRV,16,1,0.020469189,1
hard_080,Hard,OMP-BranchBoundMRV,16,2,0.030252934,1
hard_080,Hard,OMP-BranchBoundMRV,16,3,0.025131941,1
hard_080,Hard,OMP-BranchBoundMRV,16,4,0.050802946,1
hard_080,Hard,OMP-BranchBoundMRV,16,5,0.044245005,1
hard_081,Hard,Serial,1,1,0.002202667,1
hard_081,Hard,Serial,1,2,0.002179291,1
hard_081,Hard,Serial,1,3,0.002179375,1
hard_081,Hard,Serial,1,4,0.002249875,1
hard_081,Hard,Serial,1,5,0.002220167,1
hard_081,Hard,Serial-MRV,1,1,0.020176875,1
hard_081,Hard,Serial-MRV,1,2,0.020160167,1
hard_081,Hard,Serial-MRV,1,3,0.020216625,1
hard_081,Hard,Serial-MRV,1,4,0.020227125,1
hard_081,Hard,Serial-MRV,1,5,0.020154333,1
hard_081,Hard,BranchBound,1,1,0.001904166,1
hard_081,Hard,BranchBound,1,2,0.001905333,1
hard_081,Hard,BranchBound,1,3,0.001904334,1
hard_081,Hard,BranchBound,1,4,0.001930250,1
hard_081,Hard,BranchBound,1,5,0.001921625,1
hard_081,Hard,BranchBoundMRV,1,1,0.026163708,1
hard_081,Hard,BranchBoundMRV,1,2,0.026160125,1
hard_081,Hard,BranchBoundMRV,1,3,0.026248416,1
hard_081,Hard,BranchBoundMRV,1,4,0.026209917,1
hard_081,Hard,BranchBoundMRV,1,5,0.026194000,1
hard_081,Hard,OpenMP,4,1,0.004245043,1
hard_081,Hard,OpenMP,4,2,0.004192114,1
hard_081,Hard,OpenMP,4,3,0.004190922,1
hard_081,Hard,OpenMP,4,4,0.004199028,1
hard_081,Hard,OpenMP,4,5,0.004209995,1
hard_081,Hard,OpenMP,8,1,0.004254103,1
hard_081,Hard,OpenMP,8,2,0.004466057,1
hard_081,Hard,OpenMP,8,3,0.010193110,1
hard_081,Hard,OpenMP,8,4,0.004225969,1
hard_081,Hard,OpenMP,8,5,0.004218817,1
hard_081,Hard,OpenMP,16,1,0.033827066,1
hard_081,Hard,OpenMP,16,2,0.031956196,1
hard_081,Hard,OpenMP,16,3,0.052656174,1
hard_081,Hard,OpenMP,16,4,0.057271957,1
hard_081,Hard,OpenMP,16,5,0.031127214,1
hard_081,Hard,OMP-BranchBoundMRV,4,1,0.005426884,1
hard_081,Hard,OMP-BranchBoundMRV,4,2,0.005417109,1
hard_081,Hard,OMP-BranchBoundMRV,4,3,0.005437136,1
hard_081,Hard,OMP-BranchBoundMRV,4,4,0.005419016,1
hard_081,Hard,OMP-BranchBoundMRV,4,5,0.005431890,1
hard_081,Hard,OMP-BranchBoundMRV,8,1,0.005451918,1
hard_081,Hard,OMP-BranchBoundMRV,8,2,0.013858080,1
hard_081,Hard,OMP-BranchBoundMRV,8,3,0.005391836,1
hard_081,Hard,OMP-BranchBoundMRV,8,4,0.011205912,1
hard_081,Hard,OMP-BranchBoundMRV,8,5,0.005439997,1
hard_081,Hard,OMP-BranchBoundMRV,16,1,0.140872955,1
hard_081,Hard,OMP-BranchBoundMRV,16,2,0.021239996,1
hard_081,Hard,OMP-BranchBoundMRV,16,3,0.058194160,1
hard_081,Hard,OMP-BranchBoundMRV,16,4,0.024307966,1
hard_081,Hard,OMP-BranchBoundMRV,16,5,0.036696911,1
hard_082,Hard,Serial,1,1,0.009756667,1
hard_082,Hard,Serial,1,2,0.009799291,1
hard_082,Hard,Serial,1,3,0.009912333,1
hard_082,Hard,Serial,1,4,0.009678042,1
hard_082,Hard,Serial,1,5,0.009614167,1
hard_082,Hard,Serial-MRV,1,1,0.019465708,1
hard_082,Hard,Serial-MRV,1,2,0.019439666,1
hard_082,Hard,Serial-MRV,1,3,0.019299625,1
hard_082,Hard,Serial-MRV,1,4,0.019777667,1
hard_082,Hard,Serial-MRV,1,5,0.019613833,1
hard_082,Hard,BranchBound,1,1,0.008316458,1
hard_082,Hard,BranchBound,1,2,0.008242667,1
hard_082,Hard,BranchBound,1,3,0.008247916,1
hard_082,Hard,BranchBound,1,4,0.008284667,1
hard_082,Hard,BranchBound,1,5,0.008267792,1
hard_082,Hard,BranchBoundMRV,1,1,0.024836666,1
hard_082,Hard,BranchBoundMRV,1,2,0.025178291,1
hard_082,Hard,BranchBoundMRV,1,3,0.024899583,1
hard_082,Hard,BranchBoundMRV,1,4,0.024885334,1
hard_082,Hard,BranchBoundMRV,1,5,0.024851666,1
hard_082,Hard,OpenMP,4,1,0.005218983,1
hard_082,Hard,OpenMP,4,2,0.005212069,1
hard_082,Hard,OpenMP,4,3,0.005205154,1
hard_082,Hard,OpenMP,4,4,0.005264997,1
hard_082,Hard,OpenMP,4,5,0.005200148,1
hard_082,Hard,OpenMP,8,1,0.005230904,1
hard_082,Hard,OpenMP,8,2,0.014420033,1
hard_082,Hard,OpenMP,8,3,0.011265993,1
hard_082,Hard,OpenMP,8,4,0.005227089,1
hard_082,Hard,OpenMP,8,5,0.005238056,1
hard_082,Hard,OpenMP,16,1,0.026942015,1
hard_082,Hard,OpenMP,16,2,0.059578180,1
hard_082,Hard,OpenMP,16,3,0.040632010,1
hard_082,Hard,OpenMP,16,4,0.034745932,1
hard_082,Hard,OpenMP,16,5,0.023694992,1
hard_082,Hard,OMP-BranchBoundMRV,4,1,0.006892920,1
hard_082,Hard,OMP-BranchBoundMRV,4,2,0.006846905,1
hard_082,Hard,OMP-BranchBoundMRV,4,3,0.007153988,1
hard_082,Hard,OMP-BranchBoundMRV,4,4,0.006942987,1
hard_082,Hard,OMP-BranchBoundMRV,4,5,0.006838083,1
hard_082,Hard,OMP-BranchBoundMRV,8,1,0.010397911,1
hard_082,Hard,OMP-BranchBoundMRV,8,2,0.006962061,1
hard_082,Hard,OMP-BranchBoundMRV,8,3,0.013159037,1
hard_082,Hard,OMP-BranchBoundMRV,8,4,0.012803078,1
hard_082,Hard,OMP-BranchBoundMRV,8,5,0.006893158,1
hard_082,Hard,OMP-BranchBoundMRV,16,1,0.127927065,1
hard_082,Hard,OMP-BranchBoundMRV,16,2,0.038045883,1
hard_082,Hard,OMP-BranchBoundMRV,16,3,0.046088934,1
hard_082,Hard,OMP-BranchBoundMRV,16,4,0.036191940,1
hard_082,Hard,OMP-BranchBoundMRV,16,5,0.036579847,1
hard_083,Hard,Serial,1,1,0.048300167,1
hard_083,Hard,Serial,1,2,0.048189000,1
hard_083,Hard,Serial,1,3,0.047767625,1
hard_083,Hard,Serial,1,4,0.047847000,1
hard_083,Hard,Serial,1,5,0.048175875,1
hard_083,Hard,Serial-MRV,1,1,0.027224500,1
hard_083,Hard,Serial-MRV,1,2,0.027030833,1
hard_083,Hard,Serial-MRV,1,3,0.027125084,1
hard_083,Hard,Serial-MRV,1,4,0.027017000,1
hard_083,Hard,Serial-MRV,1,5,0.026875500,1
hard_083,Hard,BranchBound,1,1,0.041948916,1
hard_083,Hard,BranchBound,1,2,0.041749834,1
hard_083,Hard,BranchBound,1,3,0.041905041,1
hard_083,Hard,BranchBound,1,4,0.041880959,1
hard_083,Hard,BranchBound,1,5,0.041829750,1
hard_083,Hard,BranchBoundMRV,1,1,0.037289541,1
hard_083,Hard,BranchBoundMRV,1,2,0.037315000,1
hard_083,Hard,BranchBoundMRV,1,3,0.037375666,1
hard_083,Hard,BranchBoundMRV,1,4,0.037385666,1
hard_083,Hard,BranchBoundMRV,1,5,0.037287000,1
hard_083,Hard,OpenMP,4,1,0.008347988,1
hard_083,Hard,OpenMP,4,2,0.008325815,1
hard_083,Hard,OpenMP,4,3,0.008325815,1
hard_083,Hard,OpenMP,4,4,0.008324862,1
hard_083,Hard,OpenMP,4,5,0.008327007,1
hard_083,Hard,OpenMP,8,1,0.008741140,1
hard_083,Hard,OpenMP,8,2,0.017153978,1
hard_083,Hard,OpenMP,8,3,0.015371084,1
hard_083,Hard,OpenMP,8,4,0.008371115,1
hard_083,Hard,OpenMP,8,5,0.014353037,1
hard_083,Hard,OpenMP,16,1,0.067482948,1
hard_083,Hard,OpenMP,16,2,0.041637897,1
hard_083,Hard,OpenMP,16,3,0.051368952,1
hard_083,Hard,OpenMP,16,4,0.050810099,1
hard_083,Hard,OpenMP,16,5,0.030744791,1
hard_083,Hard,OMP-BranchBoundMRV,4,1,0.011852980,1
hard_083,Hard,OMP-BranchBoundMRV,4,2,0.011817932,1
hard_083,Hard,OMP-BranchBoundMRV,4,3,0.011800051,1
hard_083,Hard,OMP-BranchBoundMRV,4,4,0.011788845,1
hard_083,Hard,OMP-BranchBoundMRV,4,5,0.011809826,1
hard_083,Hard,OMP-BranchBoundMRV,8,1,0.018378019,1
hard_083,Hard,OMP-BranchBoundMRV,8,2,0.017696142,1
hard_083,Hard,OMP-BranchBoundMRV,8,3,0.016258001,1
hard_083,Hard,OMP-BranchBoundMRV,8,4,0.017705917,1
hard_083,Hard,OMP-BranchBoundMRV,8,5,0.011821985,1
hard_083,Hard,OMP-BranchBoundMRV,16,1,0.063560009,1
hard_083,Hard,OMP-BranchBoundMRV,16,2,0.029068947,1
hard_083,Hard,OMP-BranchBoundMRV,16,3,0.091721058,1
hard_083,Hard,OMP-BranchBoundMRV,16,4,0.056022882,1
hard_083,Hard,OMP-BranchBoundMRV,16,5,0.054451942,1
hard_084,Hard,Serial,1,1,0.004240541,1
hard_084,Hard,Serial,1,2,0.004429750,1
hard_084,Hard,Serial,1,3,0.004178792,1
hard_084,Hard,Serial,1,4,0.004164875,1
hard_084,Hard,Serial,1,5,0.004131375,1
hard_084,Hard,Serial-MRV,1,1,0.017319750,1
hard_084,Hard,Serial-MRV,1,2,0.018670334,1
hard_084,Hard,Serial-MRV,1,3,0.020163666,1
hard_084,Hard,Serial-MRV,1,4,0.017704541,1
hard_084,Hard,Serial-MRV,1,5,0.018549334,1
hard_084,Hard,BranchBound,1,1,0.003836792,1
hard_084,Hard,BranchBound,1,2,0.003496166,1
hard_084,Hard,BranchBound,1,3,0.003445584,1
hard_084,Hard,BranchBound,1,4,0.003539792,1
hard_084,Hard,BranchBound,1,5,0.005804041,1
hard_084,Hard,BranchBoundMRV,1,1,0.024589834,1
hard_084,Hard,BranchBoundMRV,1,2,0.025171000,1
hard_084,Hard,BranchBoundMRV,1,3,0.024478833,1
hard_084,Hard,BranchBoundMRV,1,4,0.024806833,1
hard_084,Hard,BranchBoundMRV,1,5,0.023071083,1
hard_084,Hard,OpenMP,4,1,0.002528906,1
hard_084,Hard,OpenMP,4,2,0.001881838,1
hard_084,Hard,OpenMP,4,3,0.001857996,1
hard_084,Hard,OpenMP,4,4,0.002506018,1
hard_084,Hard,OpenMP,4,5,0.001869202,1
hard_084,Hard,OpenMP,8,1,0.011229038,1
hard_084,Hard,OpenMP,8,2,0.010924101,1
hard_084,Hard,OpenMP,8,3,0.013208151,1
hard_084,Hard,OpenMP,8,4,0.004875898,1
hard_084,Hard,OpenMP,8,5,0.004467010,1
hard_084,Hard,OpenMP,16,1,0.006761074,1
hard_084,Hard,OpenMP,16,2,0.014596939,1
hard_084,Hard,OpenMP,16,3,0.015231848,1
hard_084,Hard,OpenMP,16,4,0.006917953,1
hard_084,Hard,OpenMP,16,5,0.048816919,1
hard_084,Hard,OMP-BranchBoundMRV,4,1,0.004519939,1
hard_084,Hard,OMP-BranchBoundMRV,4,2,0.006428957,1
hard_084,Hard,OMP-BranchBoundMRV,4,3,0.005703926,1
hard_084,Hard,OMP-BranchBoundMRV,4,4,0.007730007,1
hard_084,Hard,OMP-BranchBoundMRV,4,5,0.003421068,1
hard_084,Hard,OMP-BranchBoundMRV,8,1,0.002863884,1
hard_084,Hard,OMP-BranchBoundMRV,8,2,0.017625809,1
hard_084,Hard,OMP-BranchBoundMRV,8,3,0.005300999,1
hard_084,Hard,OMP-BranchBoundMRV,8,4,0.008448839,1
hard_084,Hard,OMP-BranchBoundMRV,8,5,0.036871910,1
hard_084,Hard,OMP-BranchBoundMRV,16,1,0.105078936,1
hard_084,Hard,OMP-BranchBoundMRV,16,2,0.016412020,1
hard_084,Hard,OMP-BranchBoundMRV,16,3,0.030528069,1
hard_084,Hard,OMP-BranchBoundMRV,16,4,0.011547804,1
hard_084,Hard,OMP-BranchBoundMRV,16,5,0.034345150,1
hard_085,Hard,Serial,1,1,0.030120208,1
hard_085,Hard,Serial,1,2,0.030046833,1
hard_085,Hard,Serial,1,3,0.032488125,1
hard_085,Hard,Serial,1,4,0.033882333,1
hard_085,Hard,Serial,1,5,0.034724917,1
hard_085,Hard,Serial-MRV,1,1,0.048321750,1
hard_085,Hard,Serial-MRV,1,2,0.036528583,1
hard_085,Hard,Serial-MRV,1,3,0.040465667,1
hard_085,Hard,Serial-MRV,1,4,0.040404875,1
hard_085,Hard,Serial-MRV,1,5,0.036012542,1
hard_085,Hard,BranchBound,1,1,0.025408500,1
hard_085,Hard,BranchBound,1,2,0.024994541,1
hard_085,Hard,BranchBound,1,3,0.025163791,1
hard_085,Hard,BranchBound,1,4,0.024891833,1
hard_085,Hard,BranchBound,1,5,0.024530625,1
hard_085,Hard,BranchBoundMRV,1,1,0.040295917,1
hard_085,Hard,BranchBoundMRV,1,2,0.039939000,1
hard_085,Hard,BranchBoundMRV,1,3,0.039815708,1
hard_085,Hard,BranchBoundMRV,1,4,0.039646167,1
hard_085,Hard,BranchBoundMRV,1,5,0.039410750,1
hard_085,Hard,OpenMP,4,1,0.012217999,1
hard_085,Hard,OpenMP,4,2,0.012204170,1
hard_085,Hard,OpenMP,4,3,0.012173891,1
hard_085,Hard,OpenMP,4,4,0.012192011,1
hard_085,Hard,OpenMP,4,5,0.012221098,1
hard_085,Hard,OpenMP,8,1,0.032213926,1
hard_085,Hard,OpenMP,8,2,0.037746906,1
hard_085,Hard,OpenMP,8,3,0.022987843,1
hard_085,Hard,OpenMP,8,4,0.016236067,1
hard_085,Hard,OpenMP,8,5,0.018320084,1
hard_085,Hard,OpenMP,16,1,0.062175035,1
hard_085,Hard,OpenMP,16,2,0.064493895,1
hard_085,Hard,OpenMP,16,3,0.055505037,1
hard_085,Hard,OpenMP,16,4,0.037651062,1
hard_085,Hard,OpenMP,16,5,0.055382013,1
hard_085,Hard,OMP-BranchBoundMRV,4,1,0.016494036,1
hard_085,Hard,OMP-BranchBoundMRV,4,2,0.017611980,1
hard_085,Hard,OMP-BranchBoundMRV,4,3,0.020689964,1
hard_085,Hard,OMP-BranchBoundMRV,4,4,0.017009974,1
hard_085,Hard,OMP-BranchBoundMRV,4,5,0.018066168,1
hard_085,Hard,OMP-BranchBoundMRV,8,1,0.024832964,1
hard_085,Hard,OMP-BranchBoundMRV,8,2,0.019363880,1
hard_085,Hard,OMP-BranchBoundMRV,8,3,0.016562939,1
hard_085,Hard,OMP-BranchBoundMRV,8,4,0.021784067,1
hard_085,Hard,OMP-BranchBoundMRV,8,5,0.023957968,1
hard_085,Hard,OMP-BranchBoundMRV,16,1,0.086382151,1
hard_085,Hard,OMP-BranchBoundMRV,16,2,0.037458897,1
hard_085,Hard,OMP-BranchBoundMRV,16,3,0.041352034,1
hard_085,Hard,OMP-BranchBoundMRV,16,4,0.082254887,1
hard_085,Hard,OMP-BranchBoundMRV,16,5,0.053595781,1
hard_086,Hard,Serial,1,1,0.067131875,1
hard_086,Hard,Serial,1,2,0.064802417,1
hard_086,Hard,Serial,1,3,0.064598125,1
hard_086,Hard,Serial,1,4,0.065056250,1
hard_086,Hard,Serial,1,5,0.065187000,1
hard_086,Hard,Serial-MRV,1,1,0.103636583,1
hard_086,Hard,Serial-MRV,1,2,0.103630417,1
hard_086,Hard,Serial-MRV,1,3,0.103958459,1
hard_086,Hard,Serial-MRV,1,4,0.103565041,1
hard_086,Hard,Serial-MRV,1,5,0.104001291,1
hard_086,Hard,BranchBound,1,1,0.057583791,1
hard_086,Hard,BranchBound,1,2,0.057547834,1
hard_086,Hard,BranchBound,1,3,0.057324833,1
hard_086,Hard,BranchBound,1,4,0.057146542,1
hard_086,Hard,BranchBound,1,5,0.057227708,1
hard_086,Hard,BranchBoundMRV,1,1,0.139174666,1
hard_086,Hard,BranchBoundMRV,1,2,0.139569166,1
hard_086,Hard,BranchBoundMRV,1,3,0.139611208,1
hard_086,Hard,BranchBoundMRV,1,4,0.139606083,1
hard_086,Hard,BranchBoundMRV,1,5,0.139786417,1
hard_086,Hard,OpenMP,4,1,0.035511971,1
hard_086,Hard,OpenMP,4,2,0.035489082,1
hard_086,Hard,OpenMP,4,3,0.035501957,1
hard_086,Hard,OpenMP,4,4,0.035643101,1
hard_086,Hard,OpenMP,4,5,0.036356926,1
hard_086,Hard,OpenMP,8,1,0.050649881,1
hard_086,Hard,OpenMP,8,2,0.053106070,1
hard_086,Hard,OpenMP,8,3,0.054010153,1
hard_086,Hard,OpenMP,8,4,0.052964211,1
hard_086,Hard,OpenMP,8,5,0.043653965,1
hard_086,Hard,OpenMP,16,1,0.122155905,1
hard_086,Hard,OpenMP,16,2,0.180310965,1
hard_086,Hard,OpenMP,16,3,0.070320845,1
hard_086,Hard,OpenMP,16,4,0.134762049,1
hard_086,Hard,OpenMP,16,5,0.113528967,1
hard_086,Hard,OMP-BranchBoundMRV,4,1,0.049390793,1
hard_086,Hard,OMP-BranchBoundMRV,4,2,0.050060034,1
hard_086,Hard,OMP-BranchBoundMRV,4,3,0.050043106,1
hard_086,Hard,OMP-BranchBoundMRV,4,4,0.050332069,1
hard_086,Hard,OMP-BranchBoundMRV,4,5,0.050601006,1
hard_086,Hard,OMP-BranchBoundMRV,8,1,0.072160959,1
hard_086,Hard,OMP-BranchBoundMRV,8,2,0.068268061,1
hard_086,Hard,OMP-BranchBoundMRV,8,3,0.068901062,1
hard_086,Hard,OMP-BranchBoundMRV,8,4,0.057657957,1
hard_086,Hard,OMP-BranchBoundMRV,8,5,0.054970026,1
hard_086,Hard,OMP-BranchBoundMRV,16,1,0.241919041,1
hard_086,Hard,OMP-BranchBoundMRV,16,2,0.158375978,1
hard_086,Hard,OMP-BranchBoundMRV,16,3,0.149814844,1
hard_086,Hard,OMP-BranchBoundMRV,16,4,0.080538034,1
hard_086,Hard,OMP-BranchBoundMRV,16,5,0.153870106,1
hard_087,Hard,Serial,1,1,0.044433292,1
hard_087,Hard,Serial,1,2,0.042174417,1
hard_087,Hard,Serial,1,3,0.042138542,1
hard_087,Hard,Serial,1,4,0.041945334,1
hard_087,Hard,Serial,1,5,0.042455584,1
hard_087,Hard,Serial-MRV,1,1,0.034060500,1
hard_087,Hard,Serial-MRV,1,2,0.033827167,1
hard_087,Hard,Serial-MRV,1,3,0.033703292,1
hard_087,Hard,Serial-MRV,1,4,0.033688708,1
hard_087,Hard,Serial-MRV,1,5,0.033589916,1
hard_087,Hard,BranchBound,1,1,0.036802167,1
hard_087,Hard,BranchBound,1,2,0.036583708,1
hard_087,Hard,BranchBound,1,3,0.036544709,1
hard_087,Hard,BranchBound,1,4,0.036623333,1
hard_087,Hard,BranchBound,1,5,0.036522834,1
hard_087,Hard,BranchBoundMRV,1,1,0.045222792,1
hard_087,Hard,BranchBoundMRV,1,2,0.045305167,1
hard_087,Hard,BranchBoundMRV,1,3,0.045223042,1
hard_087,Hard,BranchBoundMRV,1,4,0.045958583,1
hard_087,Hard,BranchBoundMRV,1,5,0.046006750,1
hard_087,Hard,OpenMP,4,1,0.018912077,1
hard_087,Hard,OpenMP,4,2,0.018789053,1
hard_087,Hard,OpenMP,4,3,0.018779039,1
hard_087,Hard,OpenMP,4,4,0.018821001,1
hard_087,Hard,OpenMP,4,5,0.018777132,1
hard_087,Hard,OpenMP,8,1,0.014538050,1
hard_087,Hard,OpenMP,8,2,0.012372017,1
hard_087,Hard,OpenMP,8,3,0.018339872,1
hard_087,Hard,OpenMP,8,4,0.030307055,1
hard_087,Hard,OpenMP,8,5,0.018925190,1
hard_087,Hard,OpenMP,16,1,0.040925980,1
hard_087,Hard,OpenMP,16,2,0.043979168,1
hard_087,Hard,OpenMP,16,3,0.035778999,1
hard_087,Hard,OpenMP,16,4,0.077196121,1
hard_087,Hard,OpenMP,16,5,0.048457861,1
hard_087,Hard,OMP-BranchBoundMRV,4,1,0.025038958,1
hard_087,Hard,OMP-BranchBoundMRV,4,2,0.026991844,1
hard_087,Hard,OMP-BranchBoundMRV,4,3,0.026778936,1
hard_087,Hard,OMP-BranchBoundMRV,4,4,0.025828123,1
hard_087,Hard,OMP-BranchBoundMRV,4,5,0.026067019,1
hard_087,Hard,OMP-BranchBoundMRV,8,1,0.023139954,1
hard_087,Hard,OMP-BranchBoundMRV,8,2,0.023329020,1
hard_087,Hard,OMP-BranchBoundMRV,8,3,0.046577930,1
hard_087,Hard,OMP-BranchBoundMRV,8,4,0.039077997,1
hard_087,Hard,OMP-BranchBoundMRV,8,5,0.025827885,1
hard_087,Hard,OMP-BranchBoundMRV,16,1,0.211365938,1
hard_087,Hard,OMP-BranchBoundMRV,16,2,0.046921968,1
hard_087,Hard,OMP-BranchBoundMRV,16,3,0.104776859,1
hard_087,Hard,OMP-BranchBoundMRV,16,4,0.063242912,1
hard_087,Hard,OMP-BranchBoundMRV,16,5,0.092782974,1
hard_088,Hard,Serial,1,1,0.012645583,1
hard_088,Hard,Serial,1,2,0.012756167,1
hard_088,Hard,Serial,1,3,0.012712000,1
hard_088,Hard,Serial,1,4,0.012534125,1
hard_088,Hard,Serial,1,5,0.041921334,1
hard_088,Hard,Serial-MRV,1,1,0.027328084,1
hard_088,Hard,Serial-MRV,1,2,0.018636000,1
hard_088,Hard,Serial-MRV,1,3,0.018368208,1
hard_088,Hard,Serial-MRV,1,4,0.018552583,1
hard_088,Hard,Serial-MRV,1,5,0.018714459,1
hard_088,Hard,BranchBound,1,1,0.011437666,1
hard_088,Hard,BranchBound,1,2,0.010925125,1
hard_088,Hard,BranchBound,1,3,0.011118000,1
hard_088,Hard,BranchBound,1,4,0.011335291,1
hard_088,Hard,BranchBound,1,5,0.010964000,1
hard_088,Hard,BranchBoundMRV,1,1,0.024551209,1
hard_088,Hard,BranchBoundMRV,1,2,0.024062125,1
hard_088,Hard,BranchBoundMRV,1,3,0.023980500,1
hard_088,Hard,BranchBoundMRV,1,4,0.023722291,1
hard_088,Hard,BranchBoundMRV,1,5,0.023892167,1
hard_088,Hard,OpenMP,4,1,0.000833988,1
hard_088,Hard,OpenMP,4,2,0.000811100,1
hard_088,Hard,OpenMP,4,3,0.000808954,1
hard_088,Hard,OpenMP,4,4,0.000812054,1
hard_088,Hard,OpenMP,4,5,0.000813961,1
hard_088,Hard,OpenMP,8,1,0.002039909,1
hard_088,Hard,OpenMP,8,2,0.005762100,1
hard_088,Hard,OpenMP,8,3,0.000832081,1
hard_088,Hard,OpenMP,8,4,0.001842022,1
hard_088,Hard,OpenMP,8,5,0.000834942,1
hard_088,Hard,OpenMP,16,1,0.035697937,1
hard_088,Hard,OpenMP,16,2,0.057718039,1
hard_088,Hard,OpenMP,16,3,0.052150011,1
hard_088,Hard,OpenMP,16,4,0.053202152,1
hard_088,Hard,OpenMP,16,5,0.021942139,1
hard_088,Hard,OMP-BranchBoundMRV,4,1,0.001199007,1
hard_088,Hard,OMP-BranchBoundMRV,4,2,0.001170874,1
hard_088,Hard,OMP-BranchBoundMRV,4,3,0.001178026,1
hard_088,Hard,OMP-BranchBoundMRV,4,4,0.001172066,1
hard_088,Hard,OMP-BranchBoundMRV,4,5,0.001169205,1
hard_088,Hard,OMP-BranchBoundMRV,8,1,0.002978086,1
hard_088,Hard,OMP-BranchBoundMRV,8,2,0.001371145,1
hard_088,Hard,OMP-BranchBoundMRV,8,3,0.002629042,1
hard_088,Hard,OMP-BranchBoundMRV,8,4,0.002681971,1
hard_088,Hard,OMP-BranchBoundMRV,8,5,0.001513958,1
hard_088,Hard,OMP-BranchBoundMRV,16,1,0.124523878,1
hard_088,Hard,OMP-BranchBoundMRV,16,2,0.026116133,1
hard_088,Hard,OMP-BranchBoundMRV,16,3,0.041172028,1
hard_088,Hard,OMP-BranchBoundMRV,16,4,0.012670040,1
hard_088,Hard,OMP-BranchBoundMRV,16,5,0.016360998,1
hard_089,Hard,Serial,1,1,0.062956625,1
hard_089,Hard,Serial,1,2,0.063053542,1
hard_089,Hard,Serial,1,3,0.064184875,1
hard_089,Hard,Serial,1,4,0.063175541,1
hard_089,Hard,Serial,1,5,0.062591625,1
hard_089,Hard,Serial-MRV,1,1,0.046605583,1
hard_089,Hard,Serial-MRV,1,2,0.047425792,1
hard_089,Hard,Serial-MRV,1,3,0.048077958,1
hard_089,Hard,Serial-MRV,1,4,0.047142542,1
hard_089,Hard,Serial-MRV,1,5,0.046868250,1
hard_089,Hard,BranchBound,1,1,0.058559625,1
hard_089,Hard,BranchBound,1,2,0.058541917,1
hard_089,Hard,BranchBound,1,3,0.059467208,1
hard_089,Hard,BranchBound,1,4,0.060693542,1
hard_089,Hard,BranchBound,1,5,0.059964375,1
hard_089,Hard,BranchBoundMRV,1,1,0.061441042,1
hard_089,Hard,BranchBoundMRV,1,2,0.061491709,1
hard_089,Hard,BranchBoundMRV,1,3,0.061818833,1
hard_089,Hard,BranchBoundMRV,1,4,0.062307625,1
hard_089,Hard,BranchBoundMRV,1,5,0.062350417,1
hard_089,Hard,OpenMP,4,1,0.003348112,1
hard_089,Hard,OpenMP,4,2,0.003216028,1
hard_089,Hard,OpenMP,4,3,0.003259897,1
hard_089,Hard,OpenMP,4,4,0.003304005,1
hard_089,Hard,OpenMP,4,5,0.003453016,1
hard_089,Hard,OpenMP,8,1,0.003287077,1
hard_089,Hard,OpenMP,8,2,0.007709026,1
hard_089,Hard,OpenMP,8,3,0.009924889,1
hard_089,Hard,OpenMP,8,4,0.004727125,1
hard_089,Hard,OpenMP,8,5,0.009664059,1
hard_089,Hard,OpenMP,16,1,0.080018044,1
hard_089,Hard,OpenMP,16,2,0.061424971,1
hard_089,Hard,OpenMP,16,3,0.087177992,1
hard_089,Hard,OpenMP,16,4,0.021331072,1
hard_089,Hard,OpenMP,16,5,0.040310860,1
hard_089,Hard,OMP-BranchBoundMRV,4,1,0.004580975,1
hard_089,Hard,OMP-BranchBoundMRV,4,2,0.004559994,1
hard_089,Hard,OMP-BranchBoundMRV,4,3,0.004557848,1
hard_089,Hard,OMP-BranchBoundMRV,4,4,0.004568815,1
hard_089,Hard,OMP-BranchBoundMRV,4,5,0.004682064,1
hard_089,Hard,OMP-BranchBoundMRV,8,1,0.004668951,1
hard_089,Hard,OMP-BranchBoundMRV,8,2,0.005604982,1
hard_089,Hard,OMP-BranchBoundMRV,8,3,0.010509014,1
hard_089,Hard,OMP-BranchBoundMRV,8,4,0.004580021,1
hard_089,Hard,OMP-BranchBoundMRV,8,5,0.011227846,1
hard_089,Hard,OMP-BranchBoundMRV,16,1,0.067384005,1
hard_089,Hard,OMP-BranchBoundMRV,16,2,0.073873997,1
hard_089,Hard,OMP-BranchBoundMRV,16,3,0.025220871,1
hard_089,Hard,OMP-BranchBoundMRV,16,4,0.052530050,1
hard_089,Hard,OMP-BranchBoundMRV,16,5,0.025901079,1
hard_090,Hard,Serial,1,1,0.066505917,1
hard_090,Hard,Serial,1,2,0.065444875,1
hard_090,Hard,Serial,1,3,0.064493000,1
hard_090,Hard,Serial,1,4,0.064849333,1
hard_090,Hard,Serial,1,5,0.064560375,1
hard_090,Hard,Serial-MRV,1,1,0.015927000,1
hard_090,Hard,Serial-MRV,1,2,0.015744583,1
hard_090,Hard,Serial-MRV,1,3,0.015787833,1
hard_090,Hard,Serial-MRV,1,4,0.015843792,1
hard_090,Hard,Serial-MRV,1,5,0.015912042,1
hard_090,Hard,BranchBound,1,1,0.057650792,1
hard_090,Hard,BranchBound,1,2,0.057835208,1
hard_090,Hard,BranchBound,1,3,0.058078166,1
hard_090,Hard,BranchBound,1,4,0.057846125,1
hard_090,Hard,BranchBound,1,5,0.057701208,1
hard_090,Hard,BranchBoundMRV,1,1,0.022239375,1
hard_090,Hard,BranchBoundMRV,1,2,0.022265291,1
hard_090,Hard,BranchBoundMRV,1,3,0.022166333,1
hard_090,Hard,BranchBoundMRV,1,4,0.022108583,1
hard_090,Hard,BranchBoundMRV,1,5,0.022083334,1
hard_090,Hard,OpenMP,4,1,0.009895086,1
hard_090,Hard,OpenMP,4,2,0.009829998,1
hard_090,Hard,OpenMP,4,3,0.009872913,1
hard_090,Hard,OpenMP,4,4,0.009824991,1
hard_090,Hard,OpenMP,4,5,0.009871006,1
hard_090,Hard,OpenMP,8,1,0.016068935,1
hard_090,Hard,OpenMP,8,2,0.009836197,1
hard_090,Hard,OpenMP,8,3,0.009850025,1
hard_090,Hard,OpenMP,8,4,0.009855032,1
hard_090,Hard,OpenMP,8,5,0.010362864,1
hard_090,Hard,OpenMP,16,1,0.016499043,1
hard_090,Hard,OpenMP,16,2,0.023224115,1
hard_090,Hard,OpenMP,16,3,0.055634975,1
hard_090,Hard,OpenMP,16,4,0.036681175,1
hard_090,Hard,OpenMP,16,5,0.045005083,1
hard_090,Hard,OMP-BranchBoundMRV,4,1,0.014216900,1
hard_090,Hard,OMP-BranchBoundMRV,4,2,0.015106201,1
hard_090,Hard,OMP-BranchBoundMRV,4,3,0.014478922,1
hard_090,Hard,OMP-BranchBoundMRV,4,4,0.014562845,1
hard_090,Hard,OMP-BranchBoundMRV,4,5,0.014462948,1
hard_090,Hard,OMP-BranchBoundMRV,8,1,0.020077944,1
hard_090,Hard,OMP-BranchBoundMRV,8,2,0.019624949,1
hard_090,Hard,OMP-BranchBoundMRV,8,3,0.014307976,1
hard_090,Hard,OMP-BranchBoundMRV,8,4,0.020001173,1
hard_090,Hard,OMP-BranchBoundMRV,8,5,0.019989014,1
hard_090,Hard,OMP-BranchBoundMRV,16,1,0.030582905,1
hard_090,Hard,OMP-BranchBoundMRV,16,2,0.082148075,1
hard_090,Hard,OMP-BranchBoundMRV,16,3,0.080229998,1
hard_090,Hard,OMP-BranchBoundMRV,16,4,0.119184971,1
hard_090,Hard,OMP-BranchBoundMRV,16,5,0.055984974,1
hard_091,Hard,Serial,1,1,0.039653750,1
hard_091,Hard,Serial,1,2,0.039116250,1
hard_091,Hard,Serial,1,3,0.038566125,1
hard_091,Hard,Serial,1,4,0.038264375,1
hard_091,Hard,Serial,1,5,0.038425125,1
hard_091,Hard,Serial-MRV,1,1,0.018467583,1
hard_091,Hard,Serial-MRV,1,2,0.018424583,1
hard_091,Hard,Serial-MRV,1,3,0.018463708,1
hard_091,Hard,Serial-MRV,1,4,0.018410416,1
hard_091,Hard,Serial-MRV,1,5,0.018483167,1
hard_091,Hard,BranchBound,1,1,0.032242000,1
hard_091,Hard,BranchBound,1,2,0.032289042,1
hard_091,Hard,BranchBound,1,3,0.032115833,1
hard_091,Hard,BranchBound,1,4,0.032266000,1
hard_091,Hard,BranchBound,1,5,0.032263416,1
hard_091,Hard,BranchBoundMRV,1,1,0.026745708,1
hard_091,Hard,BranchBoundMRV,1,2,0.026692542,1
hard_091,Hard,BranchBoundMRV,1,3,0.026894250,1
hard_091,Hard,BranchBoundMRV,1,4,0.026804208,1
hard_091,Hard,BranchBoundMRV,1,5,0.026711709,1
hard_091,Hard,OpenMP,4,1,0.007717133,1
hard_091,Hard,OpenMP,4,2,0.007667065,1
hard_091,Hard,OpenMP,4,3,0.007764101,1
hard_091,Hard,OpenMP,4,4,0.007660151,1
hard_091,Hard,OpenMP,4,5,0.007708073,1
hard_091,Hard,OpenMP,8,1,0.013583899,1
hard_091,Hard,OpenMP,8,2,0.007664919,1
hard_091,Hard,OpenMP,8,3,0.007680893,1
hard_091,Hard,OpenMP,8,4,0.013478041,1
hard_091,Hard,OpenMP,8,5,0.007664919,1
hard_091,Hard,OpenMP,16,1,0.046790123,1
hard_091,Hard,OpenMP,16,2,0.044599056,1
hard_091,Hard,OpenMP,16,3,0.042196035,1
hard_091,Hard,OpenMP,16,4,0.035736084,1
hard_091,Hard,OpenMP,16,5,0.046661854,1
hard_091,Hard,OMP-BranchBoundMRV,4,1,0.011777878,1
hard_091,Hard,OMP-BranchBoundMRV,4,2,0.011693954,1
hard_091,Hard,OMP-BranchBoundMRV,4,3,0.012220860,1
hard_091,Hard,OMP-BranchBoundMRV,4,4,0.012269974,1
hard_091,Hard,OMP-BranchBoundMRV,4,5,0.011876822,1
hard_091,Hard,OMP-BranchBoundMRV,8,1,0.020071030,1
hard_091,Hard,OMP-BranchBoundMRV,8,2,0.013150930,1
hard_091,Hard,OMP-BranchBoundMRV,8,3,0.026244879,1
hard_091,Hard,OMP-BranchBoundMRV,8,4,0.022980928,1
hard_091,Hard,OMP-BranchBoundMRV,8,5,0.023828030,1
hard_091,Hard,OMP-BranchBoundMRV,16,1,0.143448830,1
hard_091,Hard,OMP-BranchBoundMRV,16,2,0.074947119,1
hard_091,Hard,OMP-BranchBoundMRV,16,3,0.064650059,1
hard_091,Hard,OMP-BranchBoundMRV,16,4,0.105754852,1
hard_091,Hard,OMP-BranchBoundMRV,16,5,0.045994997,1
hard_092,Hard,Serial,1,1,0.072563083,1
hard_092,Hard,Serial,1,2,0.069422334,1
hard_092,Hard,Serial,1,3,0.070294375,1
hard_092,Hard,Serial,1,4,0.069427375,1
hard_092,Hard,Serial,1,5,0.069184792,1
hard_092,Hard,Serial-MRV,1,1,0.044287583,1
hard_092,Hard,Serial-MRV,1,2,0.044535625,1
hard_092,Hard,Serial-MRV,1,3,0.044273666,1
hard_092,Hard,Serial-MRV,1,4,0.044329875,1
hard_092,Hard,Serial-MRV,1,5,0.044556959,1
hard_092,Hard,BranchBound,1,1,0.059390041,1
hard_092,Hard,BranchBound,1,2,0.058966125,1
hard_092,Hard,BranchBound,1,3,0.059108125,1
hard_092,Hard,BranchBound,1,4,0.059853125,1
hard_092,Hard,BranchBound,1,5,0.061586250,1
hard_092,Hard,BranchBoundMRV,1,1,0.059976125,1
hard_092,Hard,BranchBoundMRV,1,2,0.064366625,1
hard_092,Hard,BranchBoundMRV,1,3,0.058228000,1
hard_092,Hard,BranchBoundMRV,1,4,0.058708958,1
hard_092,Hard,BranchBoundMRV,1,5,0.058206541,1
hard_092,Hard,OpenMP,4,1,0.006179094,1
hard_092,Hard,OpenMP,4,2,0.006184101,1
hard_092,Hard,OpenMP,4,3,0.006193161,1
hard_092,Hard,OpenMP,4,4,0.007013083,1
hard_092,Hard,OpenMP,4,5,0.006515026,1
hard_092,Hard,OpenMP,8,1,0.011425972,1
hard_092,Hard,OpenMP,8,2,0.012097120,1
hard_092,Hard,OpenMP,8,3,0.008530140,1
hard_092,Hard,OpenMP,8,4,0.013300180,1
hard_092,Hard,OpenMP,8,5,0.006153107,1
hard_092,Hard,OpenMP,16,1,0.041002035,1
hard_092,Hard,OpenMP,16,2,0.020803928,1
hard_092,Hard,OpenMP,16,3,0.049272060,1
hard_092,Hard,OpenMP,16,4,0.022187948,1
hard_092,Hard,OpenMP,16,5,0.056372881,1
hard_092,Hard,OMP-BranchBoundMRV,4,1,0.008416891,1
hard_092,Hard,OMP-BranchBoundMRV,4,2,0.008350849,1
hard_092,Hard,OMP-BranchBoundMRV,4,3,0.008334875,1
hard_092,Hard,OMP-BranchBoundMRV,4,4,0.008408785,1
hard_092,Hard,OMP-BranchBoundMRV,4,5,0.008467913,1
hard_092,Hard,OMP-BranchBoundMRV,8,1,0.012151003,1
hard_092,Hard,OMP-BranchBoundMRV,8,2,0.015830040,1
hard_092,Hard,OMP-BranchBoundMRV,8,3,0.020541906,1
hard_092,Hard,OMP-BranchBoundMRV,8,4,0.009382963,1
hard_092,Hard,OMP-BranchBoundMRV,8,5,0.017996788,1
hard_092,Hard,OMP-BranchBoundMRV,16,1,0.125296831,1
hard_092,Hard,OMP-BranchBoundMRV,16,2,0.064675093,1
hard_092,Hard,OMP-BranchBoundMRV,16,3,0.046408176,1
hard_092,Hard,OMP-BranchBoundMRV,16,4,0.058701992,1
hard_092,Hard,OMP-BranchBoundMRV,16,5,0.041419983,1
hard_093,Hard,Serial,1,1,0.011289708,1
hard_093,Hard,Serial,1,2,0.011350000,1
hard_093,Hard,Serial,1,3,0.011054459,1
hard_093,Hard,Serial,1,4,0.011331083,1
hard_093,Hard,Serial,1,5,0.010688083,1
hard_093,Hard,Serial-MRV,1,1,0.014956334,1
hard_093,Hard,Serial-MRV,1,2,0.014588208,1
hard_093,Hard,Serial-MRV,1,3,0.014500042,1
hard_093,Hard,Serial-MRV,1,4,0.014447166,1
hard_093,Hard,Serial-MRV,1,5,0.014424750,1
hard_093,Hard,BranchBound,1,1,0.009209375,1
hard_093,Hard,BranchBound,1,2,0.009177583,1
hard_093,Hard,BranchBound,1,3,0.009191959,1
hard_093,Hard,BranchBound,1,4,0.009210583,1
hard_093,Hard,BranchBound,1,5,0.009220208,1
hard_093,Hard,BranchBoundMRV,1,1,0.018822125,1
hard_093,Hard,BranchBoundMRV,1,2,0.018682375,1
hard_093,Hard,BranchBoundMRV,1,3,0.018815000,1
hard_093,Hard,BranchBoundMRV,1,4,0.018707667,1
hard_093,Hard,BranchBoundMRV,1,5,0.018843708,1
hard_093,Hard,OpenMP,4,1,0.004644156,1
hard_093,Hard,OpenMP,4,2,0.004718065,1
hard_093,Hard,OpenMP,4,3,0.004604816,1
hard_093,Hard,OpenMP,4,4,0.004616976,1
hard_093,Hard,OpenMP,4,5,0.004595995,1
hard_093,Hard,OpenMP,8,1,0.022046804,1
hard_093,Hard,OpenMP,8,2,0.017549038,1
hard_093,Hard,OpenMP,8,3,0.010774851,1
hard_093,Hard,OpenMP,8,4,0.004669905,1
hard_093,Hard,OpenMP,8,5,0.007277966,1
hard_093,Hard,OpenMP,16,1,0.046314955,1
hard_093,Hard,OpenMP,16,2,0.110261917,1
hard_093,Hard,OpenMP,16,3,0.047984838,1
hard_093,Hard,OpenMP,16,4,0.032023907,1
hard_093,Hard,OpenMP,16,5,0.042622805,1
hard_093,Hard,OMP-BranchBoundMRV,4,1,0.006011963,1
hard_093,Hard,OMP-BranchBoundMRV,4,2,0.005956173,1
hard_093,Hard,OMP-BranchBoundMRV,4,3,0.006380081,1
hard_093,Hard,OMP-BranchBoundMRV,4,4,0.006097078,1
hard_093,Hard,OMP-BranchBoundMRV,4,5,0.006054163,1
hard_093,Hard,OMP-BranchBoundMRV,8,1,0.009320021,1
hard_093,Hard,OMP-BranchBoundMRV,8,2,0.010328054,1
hard_093,Hard,OMP-BranchBoundMRV,8,3,0.005980968,1
hard_093,Hard,OMP-BranchBoundMRV,8,4,0.006134033,1
hard_093,Hard,OMP-BranchBoundMRV,8,5,0.005976200,1
hard_093,Hard,OMP-BranchBoundMRV,16,1,0.014522076,1
hard_093,Hard,OMP-BranchBoundMRV,16,2,0.025432825,1
hard_093,Hard,OMP-BranchBoundMRV,16,3,0.073225975,1
hard_093,Hard,OMP-BranchBoundMRV,16,4,0.030760050,1
hard_093,Hard,OMP-BranchBoundMRV,16,5,0.024603844,1
hard_094,Hard,Serial,1,1,0.008691000,1
hard_094,Hard,Serial,1,2,0.008842917,1
hard_094,Hard,Serial,1,3,0.008423833,1
hard_094,Hard,Serial,1,4,0.008953958,1
hard_094,Hard,Serial,1,5,0.008301125,1
hard_094,Hard,Serial-MRV,1,1,0.019545959,1
hard_094,Hard,Serial-MRV,1,2,0.019515292,1
hard_094,Hard,Serial-MRV,1,3,0.019590417,1
hard_094,Hard,Serial-MRV,1,4,0.020597333,1
hard_094,Hard,Serial-MRV,1,5,0.021036500,1
hard_094,Hard,BranchBound,1,1,0.007357875,1
hard_094,Hard,BranchBound,1,2,0.007795625,1
hard_094,Hard,BranchBound,1,3,0.007423250,1
hard_094,Hard,BranchBound,1,4,0.007736792,1
hard_094,Hard,BranchBound,1,5,0.007502208,1
hard_094,Hard,BranchBoundMRV,1,1,0.027007125,1
hard_094,Hard,BranchBoundMRV,1,2,0.026389417,1
hard_094,Hard,BranchBoundMRV,1,3,0.026205000,1
hard_094,Hard,BranchBoundMRV,1,4,0.025618917,1
hard_094,Hard,BranchBoundMRV,1,5,0.025654542,1
hard_094,Hard,OpenMP,4,1,0.001451015,1
hard_094,Hard,OpenMP,4,2,0.001417875,1
hard_094,Hard,OpenMP,4,3,0.001411915,1
hard_094,Hard,OpenMP,4,4,0.001476049,1
hard_094,Hard,OpenMP,4,5,0.001430035,1
hard_094,Hard,OpenMP,8,1,0.005252838,1
hard_094,Hard,OpenMP,8,2,0.001483917,1
hard_094,Hard,OpenMP,8,3,0.003280878,1
hard_094,Hard,OpenMP,8,4,0.002235889,1
hard_094,Hard,OpenMP,8,5,0.001451015,1
hard_094,Hard,OpenMP,16,1,0.031482935,1
hard_094,Hard,OpenMP,16,2,0.020531893,1
hard_094,Hard,OpenMP,16,3,0.021210909,1
hard_094,Hard,OpenMP,16,4,0.016028166,1
hard_094,Hard,OpenMP,16,5,0.098952055,1
hard_094,Hard,OMP-BranchBoundMRV,4,1,0.002273083,1
hard_094,Hard,OMP-BranchBoundMRV,4,2,0.003353834,1
hard_094,Hard,OMP-BranchBoundMRV,4,3,0.002586842,1
hard_094,Hard,OMP-BranchBoundMRV,4,4,0.002409935,1
hard_094,Hard,OMP-BranchBoundMRV,4,5,0.002146959,1
hard_094,Hard,OMP-BranchBoundMRV,8,1,0.008704185,1
hard_094,Hard,OMP-BranchBoundMRV,8,2,0.002195120,1
hard_094,Hard,OMP-BranchBoundMRV,8,3,0.005378008,1
hard_094,Hard,OMP-BranchBoundMRV,8,4,0.005781174,1
hard_094,Hard,OMP-BranchBoundMRV,8,5,0.002636909,1
hard_094,Hard,OMP-BranchBoundMRV,16,1,0.004204988,1
hard_094,Hard,OMP-BranchBoundMRV,16,2,0.011347055,1
hard_094,Hard,OMP-BranchBoundMRV,16,3,0.029620886,1
hard_094,Hard,OMP-BranchBoundMRV,16,4,0.009200096,1
hard_094,Hard,OMP-BranchBoundMRV,16,5,0.022758007,1
hard_095,Hard,Serial,1,1,0.025542125,1
hard_095,Hard,Serial,1,2,0.025327000,1
hard_095,Hard,Serial,1,3,0.025270583,1
hard_095,Hard,Serial,1,4,0.025661667,1
hard_095,Hard,Serial,1,5,0.025427291,1
hard_095,Hard,Serial-MRV,1,1,0.019074667,1
hard_095,Hard,Serial-MRV,1,2,0.019039000,1
hard_095,Hard,Serial-MRV,1,3,0.018920875,1
hard_095,Hard,Serial-MRV,1,4,0.018964750,1
hard_095,Hard,Serial-MRV,1,5,0.018978625,1
hard_095,Hard,BranchBound,1,1,0.021339834,1
hard_095,Hard,BranchBound,1,2,0.021315167,1
hard_095,Hard,BranchBound,1,3,0.021260333,1
hard_095,Hard,BranchBound,1,4,0.021373834,1
hard_095,Hard,BranchBound,1,5,0.021219791,1
hard_095,Hard,BranchBoundMRV,1,1,0.025824792,1
hard_095,Hard,BranchBoundMRV,1,2,0.025432167,1
hard_095,Hard,BranchBoundMRV,1,3,0.025479084,1
hard_095,Hard,BranchBoundMRV,1,4,0.025599166,1
hard_095,Hard,BranchBoundMRV,1,5,0.025662291,1
hard_095,Hard,OpenMP,4,1,0.007747889,1
hard_095,Hard,OpenMP,4,2,0.007483959,1
hard_095,Hard,OpenMP,4,3,0.007178068,1
hard_095,Hard,OpenMP,4,4,0.007675886,1
hard_095,Hard,OpenMP,4,5,0.007101059,1
hard_095,Hard,OpenMP,8,1,0.007112980,1
hard_095,Hard,OpenMP,8,2,0.007131815,1
hard_095,Hard,OpenMP,8,3,0.013828993,1
hard_095,Hard,OpenMP,8,4,0.014883995,1
hard_095,Hard,OpenMP,8,5,0.012835026,1
hard_095,Hard,OpenMP,16,1,0.052903891,1
hard_095,Hard,OpenMP,16,2,0.021344900,1
hard_095,Hard,OpenMP,16,3,0.051293850,1
hard_095,Hard,OpenMP,16,4,0.023938894,1
hard_095,Hard,OpenMP,16,5,0.041131020,1
hard_095,Hard,OMP-BranchBoundMRV,4,1,0.017167807,1
hard_095,Hard,OMP-BranchBoundMRV,4,2,0.012032032,1
hard_095,Hard,OMP-BranchBoundMRV,4,3,0.010064840,1
hard_095,Hard,OMP-BranchBoundMRV,4,4,0.013401031,1
hard_095,Hard,OMP-BranchBoundMRV,4,5,0.012809992,1
hard_095,Hard,OMP-BranchBoundMRV,8,1,0.014630079,1
hard_095,Hard,OMP-BranchBoundMRV,8,2,0.062839985,1
hard_095,Hard,OMP-BranchBoundMRV,8,3,0.015540838,1
hard_095,Hard,OMP-BranchBoundMRV,8,4,0.011152029,1
hard_095,Hard,OMP-BranchBoundMRV,8,5,0.022670031,1
hard_095,Hard,OMP-BranchBoundMRV,16,1,0.072559118,1
hard_095,Hard,OMP-BranchBoundMRV,16,2,0.041356802,1
hard_095,Hard,OMP-BranchBoundMRV,16,3,0.041543961,1
hard_095,Hard,OMP-BranchBoundMRV,16,4,0.049399853,1
hard_095,Hard,OMP-BranchBoundMRV,16,5,0.052864075,1
hard_096,Hard,Serial,1,1,0.009363792,1
hard_096,Hard,Serial,1,2,0.008976334,1
hard_096,Hard,Serial,1,3,0.008839042,1
hard_096,Hard,Serial,1,4,0.009002041,1
hard_096,Hard,Serial,1,5,0.008921875,1
hard_096,Hard,Serial-MRV,1,1,0.021675791,1
hard_096,Hard,Serial-MRV,1,2,0.021056042,1
hard_096,Hard,Serial-MRV,1,3,0.021149916,1
hard_096,Hard,Serial-MRV,1,4,0.020929250,1
hard_096,Hard,Serial-MRV,1,5,0.021215250,1
hard_096,Hard,BranchBound,1,1,0.007254291,1
hard_096,Hard,BranchBound,1,2,0.007202750,1
hard_096,Hard,BranchBound,1,3,0.007258917,1
hard_096,Hard,BranchBound,1,4,0.007177417,1
hard_096,Hard,BranchBound,1,5,0.007167708,1
hard_096,Hard,BranchBoundMRV,1,1,0.027522250,1
hard_096,Hard,BranchBoundMRV,1,2,0.027176458,1
hard_096,Hard,BranchBoundMRV,1,3,0.027304125,1
hard_096,Hard,BranchBoundMRV,1,4,0.027365417,1
hard_096,Hard,BranchBoundMRV,1,5,0.027317250,1
hard_096,Hard,OpenMP,4,1,0.008143902,1
hard_096,Hard,OpenMP,4,2,0.008307934,1
hard_096,Hard,OpenMP,4,3,0.008117914,1
hard_096,Hard,OpenMP,4,4,0.008203030,1
hard_096,Hard,OpenMP,4,5,0.008138895,1
hard_096,Hard,OpenMP,8,1,0.015324116,1
hard_096,Hard,OpenMP,8,2,0.007742882,1
hard_096,Hard,OpenMP,8,3,0.013566971,1
hard_096,Hard,OpenMP,8,4,0.013488054,1
hard_096,Hard,OpenMP,8,5,0.013609886,1
hard_096,Hard,OpenMP,16,1,0.040327072,1
hard_096,Hard,OpenMP,16,2,0.046261072,1
hard_096,Hard,OpenMP,16,3,0.055433035,1
hard_096,Hard,OpenMP,16,4,0.041006088,1
hard_096,Hard,OpenMP,16,5,0.055678844,1
hard_096,Hard,OMP-BranchBoundMRV,4,1,0.010823011,1
hard_096,Hard,OMP-BranchBoundMRV,4,2,0.010936975,1
hard_096,Hard,OMP-BranchBoundMRV,4,3,0.011266947,1
hard_096,Hard,OMP-BranchBoundMRV,4,4,0.010846853,1
hard_096,Hard,OMP-BranchBoundMRV,4,5,0.011174917,1
hard_096,Hard,OMP-BranchBoundMRV,8,1,0.011281967,1
hard_096,Hard,OMP-BranchBoundMRV,8,2,0.010453939,1
hard_096,Hard,OMP-BranchBoundMRV,8,3,0.029227018,1
hard_096,Hard,OMP-BranchBoundMRV,8,4,0.033648014,1
hard_096,Hard,OMP-BranchBoundMRV,8,5,0.018689156,1
hard_096,Hard,OMP-BranchBoundMRV,16,1,0.137866974,1
hard_096,Hard,OMP-BranchBoundMRV,16,2,0.044450998,1
hard_096,Hard,OMP-BranchBoundMRV,16,3,0.052316189,1
hard_096,Hard,OMP-BranchBoundMRV,16,4,0.032267094,1
hard_096,Hard,OMP-BranchBoundMRV,16,5,0.046447039,1
hard_097,Hard,Serial,1,1,0.005318500,1
hard_097,Hard,Serial,1,2,0.005243542,1
hard_097,Hard,Serial,1,3,0.004745000,1
hard_097,Hard,Serial,1,4,0.004826083,1
hard_097,Hard,Serial,1,5,0.005180250,1
hard_097,Hard,Serial-MRV,1,1,0.022821750,1
hard_097,Hard,Serial-MRV,1,2,0.022876375,1
hard_097,Hard,Serial-MRV,1,3,0.022698666,1
hard_097,Hard,Serial-MRV,1,4,0.022750167,1
hard_097,Hard,Serial-MRV,1,5,0.022708583,1
hard_097,Hard,BranchBound,1,1,0.004151667,1
hard_097,Hard,BranchBound,1,2,0.004163416,1
hard_097,Hard,BranchBound,1,3,0.004103917,1
hard_097,Hard,BranchBound,1,4,0.004121792,1
hard_097,Hard,BranchBound,1,5,0.004105833,1
hard_097,Hard,BranchBoundMRV,1,1,0.030309542,1
hard_097,Hard,BranchBoundMRV,1,2,0.030678500,1
hard_097,Hard,BranchBoundMRV,1,3,0.031092500,1
hard_097,Hard,BranchBoundMRV,1,4,0.031284125,1
hard_097,Hard,BranchBoundMRV,1,5,0.030501209,1
hard_097,Hard,OpenMP,4,1,0.001688957,1
hard_097,Hard,OpenMP,4,2,0.001708031,1
hard_097,Hard,OpenMP,4,3,0.001681089,1
hard_097,Hard,OpenMP,4,4,0.001680851,1
hard_097,Hard,OpenMP,4,5,0.001715899,1
hard_097,Hard,OpenMP,8,1,0.006535053,1
hard_097,Hard,OpenMP,8,2,0.005706072,1
hard_097,Hard,OpenMP,8,3,0.001706123,1
hard_097,Hard,OpenMP,8,4,0.002249956,1
hard_097,Hard,OpenMP,8,5,0.001686096,1
hard_097,Hard,OpenMP,16,1,0.051381111,1
hard_097,Hard,OpenMP,16,2,0.030686140,1
hard_097,Hard,OpenMP,16,3,0.040663004,1
hard_097,Hard,OpenMP,16,4,0.031924009,1
hard_097,Hard,OpenMP,16,5,0.040880919,1
hard_097,Hard,OMP-BranchBoundMRV,4,1,0.002498865,1
hard_097,Hard,OMP-BranchBoundMRV,4,2,0.002560854,1
hard_097,Hard,OMP-BranchBoundMRV,4,3,0.002477884,1
hard_097,Hard,OMP-BranchBoundMRV,4,4,0.002476931,1
hard_097,Hard,OMP-BranchBoundMRV,4,5,0.002473116,1
hard_097,Hard,OMP-BranchBoundMRV,8,1,0.002506018,1
hard_097,Hard,OMP-BranchBoundMRV,8,2,0.002480984,1
hard_097,Hard,OMP-BranchBoundMRV,8,3,0.003446817,1
hard_097,Hard,OMP-BranchBoundMRV,8,4,0.002749920,1
hard_097,Hard,OMP-BranchBoundMRV,8,5,0.006351948,1
hard_097,Hard,OMP-BranchBoundMRV,16,1,0.037787914,1
hard_097,Hard,OMP-BranchBoundMRV,16,2,0.082798958,1
hard_097,Hard,OMP-BranchBoundMRV,16,3,0.038007975,1
hard_097,Hard,OMP-BranchBoundMRV,16,4,0.016024113,1
hard_097,Hard,OMP-BranchBoundMRV,16,5,0.020200968,1
hard_098,Hard,Serial,1,1,0.006088833,1
hard_098,Hard,Serial,1,2,0.006495417,1
hard_098,Hard,Serial,1,3,0.006371375,1
hard_098,Hard,Serial,1,4,0.006344375,1
hard_098,Hard,Serial,1,5,0.006297917,1
hard_098,Hard,Serial-MRV,1,1,0.021136500,1
hard_098,Hard,Serial-MRV,1,2,0.021408792,1
hard_098,Hard,Serial-MRV,1,3,0.020733042,1
hard_098,Hard,Serial-MRV,1,4,0.020306708,1
hard_098,Hard,Serial-MRV,1,5,0.020478625,1
hard_098,Hard,BranchBound,1,1,0.005563833,1
hard_098,Hard,BranchBound,1,2,0.005441750,1
hard_098,Hard,BranchBound,1,3,0.005482417,1
hard_098,Hard,BranchBound,1,4,0.005428000,1
hard_098,Hard,BranchBound,1,5,0.005438083,1
hard_098,Hard,BranchBoundMRV,1,1,0.027514000,1
hard_098,Hard,BranchBoundMRV,1,2,0.027650292,1
hard_098,Hard,BranchBoundMRV,1,3,0.027607791,1
hard_098,Hard,BranchBoundMRV,1,4,0.027554958,1
hard_098,Hard,BranchBoundMRV,1,5,0.027505042,1
hard_098,Hard,OpenMP,4,1,0.006890059,1
hard_098,Hard,OpenMP,4,2,0.006865978,1
hard_098,Hard,OpenMP,4,3,0.006858110,1
hard_098,Hard,OpenMP,4,4,0.006914854,1
hard_098,Hard,OpenMP,4,5,0.006868839,1
hard_098,Hard,OpenMP,8,1,0.006937981,1
hard_098,Hard,OpenMP,8,2,0.018106937,1
hard_098,Hard,OpenMP,8,3,0.006907940,1
hard_098,Hard,OpenMP,8,4,0.013083220,1
hard_098,Hard,OpenMP,8,5,0.006911039,1
hard_098,Hard,OpenMP,16,1,0.032969952,1
hard_098,Hard,OpenMP,16,2,0.020030975,1
hard_098,Hard,OpenMP,16,3,0.044178963,1
hard_098,Hard,OpenMP,16,4,0.060759783,1
hard_098,Hard,OpenMP,16,5,0.049330950,1
hard_098,Hard,OMP-BranchBoundMRV,4,1,0.009806871,1
hard_098,Hard,OMP-BranchBoundMRV,4,2,0.009930849,1
hard_098,Hard,OMP-BranchBoundMRV,4,3,0.009923935,1
hard_098,Hard,OMP-BranchBoundMRV,4,4,0.010221958,1
hard_098,Hard,OMP-BranchBoundMRV,4,5,0.010498047,1
hard_098,Hard,OMP-BranchBoundMRV,8,1,0.015830994,1
hard_098,Hard,OMP-BranchBoundMRV,8,2,0.017827988,1
hard_098,Hard,OMP-BranchBoundMRV,8,3,0.015944004,1
hard_098,Hard,OMP-BranchBoundMRV,8,4,0.015899181,1
hard_098,Hard,OMP-BranchBoundMRV,8,5,0.017503977,1
hard_098,Hard,OMP-BranchBoundMRV,16,1,0.032599926,1
hard_098,Hard,OMP-BranchBoundMRV,16,2,0.022026062,1
hard_098,Hard,OMP-BranchBoundMRV,16,3,0.031758785,1
hard_098,Hard,OMP-BranchBoundMRV,16,4,0.082173109,1
hard_098,Hard,OMP-BranchBoundMRV,16,5,0.057276964,1
hard_099,Hard,Serial,1,1,0.008452125,1
hard_099,Hard,Serial,1,2,0.008644042,1
hard_099,Hard,Serial,1,3,0.008710709,1
hard_099,Hard,Serial,1,4,0.008550625,1
hard_099,Hard,Serial,1,5,0.008525541,1
hard_099,Hard,Serial-MRV,1,1,0.019656875,1
hard_099,Hard,Serial-MRV,1,2,0.019725333,1
hard_099,Hard,Serial-MRV,1,3,0.019687125,1
hard_099,Hard,Serial-MRV,1,4,0.019386500,1
hard_099,Hard,Serial-MRV,1,5,0.019249500,1
hard_099,Hard,BranchBound,1,1,0.007072167,1
hard_099,Hard,BranchBound,1,2,0.007300459,1
hard_099,Hard,BranchBound,1,3,0.007078209,1
hard_099,Hard,BranchBound,1,4,0.007111042,1
hard_099,Hard,BranchBound,1,5,0.007277500,1
hard_099,Hard,BranchBoundMRV,1,1,0.024525583,1
hard_099,Hard,BranchBoundMRV,1,2,0.024507750,1
hard_099,Hard,BranchBoundMRV,1,3,0.024492625,1
hard_099,Hard,BranchBoundMRV,1,4,0.024514333,1
hard_099,Hard,BranchBoundMRV,1,5,0.024442542,1
hard_099,Hard,OpenMP,4,1,0.020259142,1
hard_099,Hard,OpenMP,4,2,0.020496130,1
hard_099,Hard,OpenMP,4,3,0.020292997,1
hard_099,Hard,OpenMP,4,4,0.020755053,1
hard_099,Hard,OpenMP,4,5,0.020935059,1
hard_099,Hard,OpenMP,8,1,0.031547070,1
hard_099,Hard,OpenMP,8,2,0.033865929,1
hard_099,Hard,OpenMP,8,3,0.022480011,1
hard_099,Hard,OpenMP,8,4,0.029139996,1
hard_099,Hard,OpenMP,8,5,0.031808138,1
hard_099,Hard,OpenMP,16,1,0.157748938,1
hard_099,Hard,OpenMP,16,2,0.069383860,1
hard_099,Hard,OpenMP,16,3,0.060847044,1
hard_099,Hard,OpenMP,16,4,0.069650888,1
hard_099,Hard,OpenMP,16,5,0.044738054,1
hard_099,Hard,OMP-BranchBoundMRV,4,1,0.026953936,1
hard_099,Hard,OMP-BranchBoundMRV,4,2,0.027529955,1
hard_099,Hard,OMP-BranchBoundMRV,4,3,0.028645992,1
hard_099,Hard,OMP-BranchBoundMRV,4,4,0.028015137,1
hard_099,Hard,OMP-BranchBoundMRV,4,5,0.028069973,1
hard_099,Hard,OMP-BranchBoundMRV,8,1,0.034600973,1
hard_099,Hard,OMP-BranchBoundMRV,8,2,0.061215878,1
hard_099,Hard,OMP-BranchBoundMRV,8,3,0.036992073,1
hard_099,Hard,OMP-BranchBoundMRV,8,4,0.051520109,1
hard_099,Hard,OMP-BranchBoundMRV,8,5,0.032019854,1
hard_099,Hard,OMP-BranchBoundMRV,16,1,0.044507027,1
hard_099,Hard,OMP-BranchBoundMRV,16,2,0.105643034,1
hard_099,Hard,OMP-BranchBoundMRV,16,3,0.114681959,1
hard_099,Hard,OMP-BranchBoundMRV,16,4,0.076928854,1
hard_099,Hard,OMP-BranchBoundMRV,16,5,0.088437080,1
hard_100,Hard,Serial,1,1,0.002383625,1
hard_100,Hard,Serial,1,2,0.002327625,1
hard_100,Hard,Serial,1,3,0.002332292,1
hard_100,Hard,Serial,1,4,0.002366709,1
hard_100,Hard,Serial,1,5,0.002454750,1
hard_100,Hard,Serial-MRV,1,1,0.016873166,1
hard_100,Hard,Serial-MRV,1,2,0.016714333,1
hard_100,Hard,Serial-MRV,1,3,0.015945125,1
hard_100,Hard,Serial-MRV,1,4,0.015781334,1
hard_100,Hard,Serial-MRV,1,5,0.015832458,1
hard_100,Hard,BranchBound,1,1,0.002125583,1
hard_100,Hard,BranchBound,1,2,0.002143333,1
hard_100,Hard,BranchBound,1,3,0.002166542,1
hard_100,Hard,BranchBound,1,4,0.002119500,1
hard_100,Hard,BranchBound,1,5,0.002136875,1
hard_100,Hard,BranchBoundMRV,1,1,0.021026792,1
hard_100,Hard,BranchBoundMRV,1,2,0.021215625,1
hard_100,Hard,BranchBoundMRV,1,3,0.020783500,1
hard_100,Hard,BranchBoundMRV,1,4,0.020703541,1
hard_100,Hard,BranchBoundMRV,1,5,0.021123917,1
hard_100,Hard,OpenMP,4,1,0.002740145,1
hard_100,Hard,OpenMP,4,2,0.002754927,1
hard_100,Hard,OpenMP,4,3,0.002703905,1
hard_100,Hard,OpenMP,4,4,0.002849817,1
hard_100,Hard,OpenMP,4,5,0.002713919,1
hard_100,Hard,OpenMP,8,1,0.006942034,1
hard_100,Hard,OpenMP,8,2,0.002745867,1
hard_100,Hard,OpenMP,8,3,0.006633043,1
hard_100,Hard,OpenMP,8,4,0.002696991,1
hard_100,Hard,OpenMP,8,5,0.002706051,1
hard_100,Hard,OpenMP,16,1,0.019469023,1
hard_100,Hard,OpenMP,16,2,0.039765835,1
hard_100,Hard,OpenMP,16,3,0.030131102,1
hard_100,Hard,OpenMP,16,4,0.039474010,1
hard_100,Hard,OpenMP,16,5,0.018887043,1
hard_100,Hard,OMP-BranchBoundMRV,4,1,0.004672050,1
hard_100,Hard,OMP-BranchBoundMRV,4,2,0.008459806,1
hard_100,Hard,OMP-BranchBoundMRV,4,3,0.008877039,1
hard_100,Hard,OMP-BranchBoundMRV,4,4,0.008576870,1
hard_100,Hard,OMP-BranchBoundMRV,4,5,0.008300066,1
hard_100,Hard,OMP-BranchBoundMRV,8,1,0.015856981,1
hard_100,Hard,OMP-BranchBoundMRV,8,2,0.004436970,1
hard_100,Hard,OMP-BranchBoundMRV,8,3,0.003895998,1
hard_100,Hard,OMP-BranchBoundMRV,8,4,0.003529787,1
hard_100,Hard,OMP-BranchBoundMRV,8,5,0.007914066,1
hard_100,Hard,OMP-BranchBoundMRV,16,1,0.057082891,1
hard_100,Hard,OMP-BranchBoundMRV,16,2,0.041785002,1
hard_100,Hard,OMP-BranchBoundMRV,16,3,0.021786928,1
hard_100,Hard,OMP-BranchBoundMRV,16,4,0.033899069,1
hard_100,Hard,OMP-BranchBoundMRV,16,5,0.047746181,1
extreme_001,Extreme,Serial,1,1,0.030794541,1
extreme_001,Extreme,Serial,1,2,0.030298166,1
extreme_001,Extreme,Serial,1,3,0.030027833,1
extreme_001,Extreme,Serial,1,4,0.029573791,1
extreme_001,Extreme,Serial,1,5,0.029469625,1
extreme_001,Extreme,Serial-MRV,1,1,0.238681250,1
extreme_001,Extreme,Serial-MRV,1,2,0.238906375,1
extreme_001,Extreme,Serial-MRV,1,3,0.238749041,1
extreme_001,Extreme,Serial-MRV,1,4,0.240553334,1
extreme_001,Extreme,Serial-MRV,1,5,0.239601583,1
extreme_001,Extreme,BranchBound,1,1,0.025648291,1
extreme_001,Extreme,BranchBound,1,2,0.026371833,1
extreme_001,Extreme,BranchBound,1,3,0.025737708,1
extreme_001,Extreme,BranchBound,1,4,0.025639584,1
extreme_001,Extreme,BranchBound,1,5,0.025651916,1
extreme_001,Extreme,BranchBoundMRV,1,1,0.343005959,1
extreme_001,Extreme,BranchBoundMRV,1,2,0.301389167,1
extreme_001,Extreme,BranchBoundMRV,1,3,0.300524750,1
extreme_001,Extreme,BranchBoundMRV,1,4,0.302614417,1
extreme_001,Extreme,BranchBoundMRV,1,5,0.300221417,1
extreme_001,Extreme,OpenMP,4,1,0.060606956,1
extreme_001,Extreme,OpenMP,4,2,0.060026884,1
extreme_001,Extreme,OpenMP,4,3,0.059983015,1
extreme_001,Extreme,OpenMP,4,4,0.059973955,1
extreme_001,Extreme,OpenMP,4,5,0.061203957,1
extreme_001,Extreme,OpenMP,8,1,0.098898172,1
extreme_001,Extreme,OpenMP,8,2,0.078402996,1
extreme_001,Extreme,OpenMP,8,3,0.066489935,1
extreme_001,Extreme,OpenMP,8,4,0.197161913,1
extreme_001,Extreme,OpenMP,8,5,0.167168140,1
extreme_001,Extreme,OpenMP,16,1,0.193380117,1
extreme_001,Extreme,OpenMP,16,2,0.181567907,1
extreme_001,Extreme,OpenMP,16,3,0.242720127,1
extreme_001,Extreme,OpenMP,16,4,0.234124899,1
extreme_001,Extreme,OpenMP,16,5,0.199811935,1
extreme_001,Extreme,OMP-BranchBoundMRV,4,1,0.078426123,1
extreme_001,Extreme,OMP-BranchBoundMRV,4,2,0.081164837,1
extreme_001,Extreme,OMP-BranchBoundMRV,4,3,0.078720093,1
extreme_001,Extreme,OMP-BranchBoundMRV,4,4,0.078854084,1
extreme_001,Extreme,OMP-BranchBoundMRV,4,5,0.078841925,1
extreme_001,Extreme,OMP-BranchBoundMRV,8,1,0.127700090,1
extreme_001,Extreme,OMP-BranchBoundMRV,8,2,0.142639875,1
extreme_001,Extreme,OMP-BranchBoundMRV,8,3,0.118139982,1
extreme_001,Extreme,OMP-BranchBoundMRV,8,4,0.077959061,1
extreme_001,Extreme,OMP-BranchBoundMRV,8,5,0.103933096,1
extreme_001,Extreme,OMP-BranchBoundMRV,16,1,0.285413027,1
extreme_001,Extreme,OMP-BranchBoundMRV,16,2,0.235540867,1
extreme_001,Extreme,OMP-BranchBoundMRV,16,3,0.267197132,1
extreme_001,Extreme,OMP-BranchBoundMRV,16,4,0.315853119,1
extreme_001,Extreme,OMP-BranchBoundMRV,16,5,0.231835127,1
extreme_002,Extreme,Serial,1,1,0.062644209,1
extreme_002,Extreme,Serial,1,2,0.059940625,1
extreme_002,Extreme,Serial,1,3,0.060911500,1
extreme_002,Extreme,Serial,1,4,0.058687125,1
extreme_002,Extreme,Serial,1,5,0.059080833,1
extreme_002,Extreme,Serial-MRV,1,1,0.154915542,1
extreme_002,Extreme,Serial-MRV,1,2,0.158953084,1
extreme_002,Extreme,Serial-MRV,1,3,0.156115958,1
extreme_002,Extreme,Serial-MRV,1,4,0.155758541,1
extreme_002,Extreme,Serial-MRV,1,5,0.154741667,1
extreme_002,Extreme,BranchBound,1,1,0.051975042,1
extreme_002,Extreme,BranchBound,1,2,0.053634209,1
extreme_002,Extreme,BranchBound,1,3,0.052751333,1
extreme_002,Extreme,BranchBound,1,4,0.053821792,1
extreme_002,Extreme,BranchBound,1,5,0.110411458,1
extreme_002,Extreme,BranchBoundMRV,1,1,0.208177458,1
extreme_002,Extreme,BranchBoundMRV,1,2,0.206052291,1
extreme_002,Extreme,BranchBoundMRV,1,3,0.204018375,1
extreme_002,Extreme,BranchBoundMRV,1,4,0.204424542,1
extreme_002,Extreme,BranchBoundMRV,1,5,0.203955667,1
extreme_002,Extreme,OpenMP,4,1,0.021121979,1
extreme_002,Extreme,OpenMP,4,2,0.020946026,1
extreme_002,Extreme,OpenMP,4,3,0.020920992,1
extreme_002,Extreme,OpenMP,4,4,0.020920038,1
extreme_002,Extreme,OpenMP,4,5,0.021147013,1
extreme_002,Extreme,OpenMP,8,1,0.044938087,1
extreme_002,Extreme,OpenMP,8,2,0.041392088,1
extreme_002,Extreme,OpenMP,8,3,0.037669897,1
extreme_002,Extreme,OpenMP,8,4,0.035050869,1
extreme_002,Extreme,OpenMP,8,5,0.034069061,1
extreme_002,Extreme,OpenMP,16,1,0.097482920,1
extreme_002,Extreme,OpenMP,16,2,0.148128033,1
extreme_002,Extreme,OpenMP,16,3,0.105016232,1
extreme_002,Extreme,OpenMP,16,4,0.092279911,1
extreme_002,Extreme,OpenMP,16,5,0.157562971,1
extreme_002,Extreme,OMP-BranchBoundMRV,4,1,0.076591969,1
extreme_002,Extreme,OMP-BranchBoundMRV,4,2,0.075682163,1
extreme_002,Extreme,OMP-BranchBoundMRV,4,3,0.077526093,1
extreme_002,Extreme,OMP-BranchBoundMRV,4,4,0.080282927,1
extreme_002,Extreme,OMP-BranchBoundMRV,4,5,0.077066898,1
extreme_002,Extreme,OMP-BranchBoundMRV,8,1,0.045979977,1
extreme_002,Extreme,OMP-BranchBoundMRV,8,2,0.036010027,1
extreme_002,Extreme,OMP-BranchBoundMRV,8,3,0.035794020,1
extreme_002,Extreme,OMP-BranchBoundMRV,8,4,0.039932966,1
extreme_002,Extreme,OMP-BranchBoundMRV,8,5,0.034353971,1
extreme_002,Extreme,OMP-BranchBoundMRV,16,1,0.102890968,1
extreme_002,Extreme,OMP-BranchBoundMRV,16,2,0.129472971,1
extreme_002,Extreme,OMP-BranchBoundMRV,16,3,0.189700127,1
extreme_002,Extreme,OMP-BranchBoundMRV,16,4,0.153301954,1
extreme_002,Extreme,OMP-BranchBoundMRV,16,5,0.125504017,1
extreme_003,Extreme,Serial,1,1,0.549097583,1
extreme_003,Extreme,Serial,1,2,0.543378417,1
extreme_003,Extreme,Serial,1,3,0.540805042,1
extreme_003,Extreme,Serial,1,4,0.540023000,1
extreme_003,Extreme,Serial,1,5,0.598463042,1
extreme_003,Extreme,Serial-MRV,1,1,0.146467500,1
extreme_003,Extreme,Serial-MRV,1,2,0.141393083,1
extreme_003,Extreme,Serial-MRV,1,3,0.138512541,1
extreme_003,Extreme,Serial-MRV,1,4,0.180466375,1
extreme_003,Extreme,Serial-MRV,1,5,0.143498708,1
extreme_003,Extreme,BranchBound,1,1,0.476887625,1
extreme_003,Extreme,BranchBound,1,2,0.476905750,1
extreme_003,Extreme,BranchBound,1,3,0.477158333,1
extreme_003,Extreme,BranchBound,1,4,0.478785833,1
extreme_003,Extreme,BranchBound,1,5,0.475527583,1
extreme_003,Extreme,BranchBoundMRV,1,1,0.185015208,1
extreme_003,Extreme,BranchBoundMRV,1,2,0.184495541,1
extreme_003,Extreme,BranchBoundMRV,1,3,0.185593459,1
extreme_003,Extreme,BranchBoundMRV,1,4,0.184740167,1
extreme_003,Extreme,BranchBoundMRV,1,5,0.185337583,1
extreme_003,Extreme,OpenMP,4,1,0.009934187,1
extreme_003,Extreme,OpenMP,4,2,0.009865999,1
extreme_003,Extreme,OpenMP,4,3,0.009920835,1
extreme_003,Extreme,OpenMP,4,4,0.009956837,1
extreme_003,Extreme,OpenMP,4,5,0.009953022,1
extreme_003,Extreme,OpenMP,8,1,0.026851177,1
extreme_003,Extreme,OpenMP,8,2,0.012798071,1
extreme_003,Extreme,OpenMP,8,3,0.014973879,1
extreme_003,Extreme,OpenMP,8,4,0.012770176,1
extreme_003,Extreme,OpenMP,8,5,0.010890007,1
extreme_003,Extreme,OpenMP,16,1,0.036587000,1
extreme_003,Extreme,OpenMP,16,2,0.053738117,1
extreme_003,Extreme,OpenMP,16,3,0.022656202,1
extreme_003,Extreme,OpenMP,16,4,0.043164015,1
extreme_003,Extreme,OpenMP,16,5,0.091441154,1
extreme_003,Extreme,OMP-BranchBoundMRV,4,1,0.013839006,1
extreme_003,Extreme,OMP-BranchBoundMRV,4,2,0.013827085,1
extreme_003,Extreme,OMP-BranchBoundMRV,4,3,0.013905048,1
extreme_003,Extreme,OMP-BranchBoundMRV,4,4,0.013873100,1
extreme_003,Extreme,OMP-BranchBoundMRV,4,5,0.013816118,1
extreme_003,Extreme,OMP-BranchBoundMRV,8,1,0.015057087,1
extreme_003,Extreme,OMP-BranchBoundMRV,8,2,0.019108057,1
extreme_003,Extreme,OMP-BranchBoundMRV,8,3,0.019790888,1
extreme_003,Extreme,OMP-BranchBoundMRV,8,4,0.020093918,1
extreme_003,Extreme,OMP-BranchBoundMRV,8,5,0.025755882,1
extreme_003,Extreme,OMP-BranchBoundMRV,16,1,0.169824123,1
extreme_003,Extreme,OMP-BranchBoundMRV,16,2,0.074860096,1
extreme_003,Extreme,OMP-BranchBoundMRV,16,3,0.063015938,1
extreme_003,Extreme,OMP-BranchBoundMRV,16,4,0.052735090,1
extreme_003,Extreme,OMP-BranchBoundMRV,16,5,0.054759026,1
extreme_004,Extreme,Serial,1,1,0.115311042,1
extreme_004,Extreme,Serial,1,2,0.115016500,1
extreme_004,Extreme,Serial,1,3,0.114650542,1
extreme_004,Extreme,Serial,1,4,0.114196583,1
extreme_004,Extreme,Serial,1,5,0.114073083,1
extreme_004,Extreme,Serial-MRV,1,1,0.162531375,1
extreme_004,Extreme,Serial-MRV,1,2,0.162399917,1
extreme_004,Extreme,Serial-MRV,1,3,0.161522958,1
extreme_004,Extreme,Serial-MRV,1,4,0.162305708,1
extreme_004,Extreme,Serial-MRV,1,5,0.161564084,1
extreme_004,Extreme,BranchBound,1,1,0.102319875,1
extreme_004,Extreme,BranchBound,1,2,0.101077875,1
extreme_004,Extreme,BranchBound,1,3,0.101419500,1
extreme_004,Extreme,BranchBound,1,4,0.101123625,1
extreme_004,Extreme,BranchBound,1,5,0.100678167,1
extreme_004,Extreme,BranchBoundMRV,1,1,0.227267917,1
extreme_004,Extreme,BranchBoundMRV,1,2,0.228310084,1
extreme_004,Extreme,BranchBoundMRV,1,3,0.225776750,1
extreme_004,Extreme,BranchBoundMRV,1,4,0.227072000,1
extreme_004,Extreme,BranchBoundMRV,1,5,0.228380000,1
extreme_004,Extreme,OpenMP,4,1,0.001615047,1
extreme_004,Extreme,OpenMP,4,2,0.001561165,1
extreme_004,Extreme,OpenMP,4,3,0.001539946,1
extreme_004,Extreme,OpenMP,4,4,0.001557827,1
extreme_004,Extreme,OpenMP,4,5,0.001554966,1
extreme_004,Extreme,OpenMP,8,1,0.001618862,1
extreme_004,Extreme,OpenMP,8,2,0.004622936,1
extreme_004,Extreme,OpenMP,8,3,0.003619909,1
extreme_004,Extreme,OpenMP,8,4,0.001668930,1
extreme_004,Extreme,OpenMP,8,5,0.003888130,1
extreme_004,Extreme,OpenMP,16,1,0.030402899,1
extreme_004,Extreme,OpenMP,16,2,0.013927937,1
extreme_004,Extreme,OpenMP,16,3,0.023324966,1
extreme_004,Extreme,OpenMP,16,4,0.070338011,1
extreme_004,Extreme,OpenMP,16,5,0.024419069,1
extreme_004,Extreme,OMP-BranchBoundMRV,4,1,0.002272129,1
extreme_004,Extreme,OMP-BranchBoundMRV,4,2,0.002243042,1
extreme_004,Extreme,OMP-BranchBoundMRV,4,3,0.002250910,1
extreme_004,Extreme,OMP-BranchBoundMRV,4,4,0.002246141,1
extreme_004,Extreme,OMP-BranchBoundMRV,4,5,0.002254009,1
extreme_004,Extreme,OMP-BranchBoundMRV,8,1,0.005682945,1
extreme_004,Extreme,OMP-BranchBoundMRV,8,2,0.006223917,1
extreme_004,Extreme,OMP-BranchBoundMRV,8,3,0.005411863,1
extreme_004,Extreme,OMP-BranchBoundMRV,8,4,0.005534172,1
extreme_004,Extreme,OMP-BranchBoundMRV,8,5,0.002412081,1
extreme_004,Extreme,OMP-BranchBoundMRV,16,1,0.024824142,1
extreme_004,Extreme,OMP-BranchBoundMRV,16,2,0.032773972,1
extreme_004,Extreme,OMP-BranchBoundMRV,16,3,0.092174053,1
extreme_004,Extreme,OMP-BranchBoundMRV,16,4,0.045215130,1
extreme_004,Extreme,OMP-BranchBoundMRV,16,5,0.020476818,1
extreme_005,Extreme,Serial,1,1,0.371875167,1
extreme_005,Extreme,Serial,1,2,0.318309916,1
extreme_005,Extreme,Serial,1,3,0.356202042,1
extreme_005,Extreme,Serial,1,4,0.317683166,1
extreme_005,Extreme,Serial,1,5,0.319634042,1
extreme_005,Extreme,Serial-MRV,1,1,0.222766000,1
extreme_005,Extreme,Serial-MRV,1,2,0.223095625,1
extreme_005,Extreme,Serial-MRV,1,3,0.222171291,1
extreme_005,Extreme,Serial-MRV,1,4,0.225598042,1
extreme_005,Extreme,Serial-MRV,1,5,0.223164125,1
extreme_005,Extreme,BranchBound,1,1,0.263484375,1
extreme_005,Extreme,BranchBound,1,2,0.263741292,1
extreme_005,Extreme,BranchBound,1,3,0.264445208,1
extreme_005,Extreme,BranchBound,1,4,0.263502583,1
extreme_005,Extreme,BranchBound,1,5,0.263252500,1
extreme_005,Extreme,BranchBoundMRV,1,1,0.290719125,1
extreme_005,Extreme,BranchBoundMRV,1,2,0.291466000,1
extreme_005,Extreme,BranchBoundMRV,1,3,0.289358750,1
extreme_005,Extreme,BranchBoundMRV,1,4,0.289762459,1
extreme_005,Extreme,BranchBoundMRV,1,5,0.292212750,1
extreme_005,Extreme,OpenMP,4,1,0.068871975,1
extreme_005,Extreme,OpenMP,4,2,0.068808079,1
extreme_005,Extreme,OpenMP,4,3,0.069983959,1
extreme_005,Extreme,OpenMP,4,4,0.069118023,1
extreme_005,Extreme,OpenMP,4,5,0.068802834,1
extreme_005,Extreme,OpenMP,8,1,0.097023010,1
extreme_005,Extreme,OpenMP,8,2,0.092441797,1
extreme_005,Extreme,OpenMP,8,3,0.101844072,1
extreme_005,Extreme,OpenMP,8,4,0.083538055,1
extreme_005,Extreme,OpenMP,8,5,0.111390114,1
extreme_005,Extreme,OpenMP,16,1,0.265748024,1
extreme_005,Extreme,OpenMP,16,2,0.216030121,1
extreme_005,Extreme,OpenMP,16,3,0.215954065,1
extreme_005,Extreme,OpenMP,16,4,0.259146929,1
extreme_005,Extreme,OpenMP,16,5,0.169906855,1
extreme_005,Extreme,OMP-BranchBoundMRV,4,1,0.090106964,1
extreme_005,Extreme,OMP-BranchBoundMRV,4,2,0.092363834,1
extreme_005,Extreme,OMP-BranchBoundMRV,4,3,0.092484951,1
extreme_005,Extreme,OMP-BranchBoundMRV,4,4,0.090465069,1
extreme_005,Extreme,OMP-BranchBoundMRV,4,5,0.091592073,1
extreme_005,Extreme,OMP-BranchBoundMRV,8,1,0.096065998,1
extreme_005,Extreme,OMP-BranchBoundMRV,8,2,0.147100925,1
extreme_005,Extreme,OMP-BranchBoundMRV,8,3,0.127996206,1
extreme_005,Extreme,OMP-BranchBoundMRV,8,4,0.120646954,1
extreme_005,Extreme,OMP-BranchBoundMRV,8,5,0.130754948,1
extreme_005,Extreme,OMP-BranchBoundMRV,16,1,0.271384001,1
extreme_005,Extreme,OMP-BranchBoundMRV,16,2,0.325475931,1
extreme_005,Extreme,OMP-BranchBoundMRV,16,3,0.297265053,1
extreme_005,Extreme,OMP-BranchBoundMRV,16,4,0.250865936,1
extreme_005,Extreme,OMP-BranchBoundMRV,16,5,0.312804937,1
extreme_006,Extreme,Serial,1,1,0.063810625,1
extreme_006,Extreme,Serial,1,2,0.063633625,1
extreme_006,Extreme,Serial,1,3,0.064505417,1
extreme_006,Extreme,Serial,1,4,0.064587250,1
extreme_006,Extreme,Serial,1,5,0.063711166,1
extreme_006,Extreme,Serial-MRV,1,1,0.142072166,1
extreme_006,Extreme,Serial-MRV,1,2,0.142270208,1
extreme_006,Extreme,Serial-MRV,1,3,0.141983000,1
extreme_006,Extreme,Serial-MRV,1,4,0.142957959,1
extreme_006,Extreme,Serial-MRV,1,5,0.140777625,1
extreme_006,Extreme,BranchBound,1,1,0.056503334,1
extreme_006,Extreme,BranchBound,1,2,0.056712333,1
extreme_006,Extreme,BranchBound,1,3,0.056544416,1
extreme_006,Extreme,BranchBound,1,4,0.056501292,1
extreme_006,Extreme,BranchBound,1,5,0.056584083,1
extreme_006,Extreme,BranchBoundMRV,1,1,0.175639083,1
extreme_006,Extreme,BranchBoundMRV,1,2,0.174498417,1
extreme_006,Extreme,BranchBoundMRV,1,3,0.176126375,1
extreme_006,Extreme,BranchBoundMRV,1,4,0.175543917,1
extreme_006,Extreme,BranchBoundMRV,1,5,0.177432459,1
extreme_006,Extreme,OpenMP,4,1,0.150701046,1
extreme_006,Extreme,OpenMP,4,2,0.150512934,1
extreme_006,Extreme,OpenMP,4,3,0.149894953,1
extreme_006,Extreme,OpenMP,4,4,0.151980877,1
extreme_006,Extreme,OpenMP,4,5,0.153197050,1
extreme_006,Extreme,OpenMP,8,1,0.218511105,1
extreme_006,Extreme,OpenMP,8,2,0.214727879,1
extreme_006,Extreme,OpenMP,8,3,0.210785866,1
extreme_006,Extreme,OpenMP,8,4,0.195695877,1
extreme_006,Extreme,OpenMP,8,5,0.218904018,1
extreme_006,Extreme,OpenMP,16,1,0.481860876,1
extreme_006,Extreme,OpenMP,16,2,0.387296915,1
extreme_006,Extreme,OpenMP,16,3,0.434467077,1
extreme_006,Extreme,OpenMP,16,4,0.451764822,1
extreme_006,Extreme,OpenMP,16,5,0.451661110,1
extreme_006,Extreme,OMP-BranchBoundMRV,4,1,0.197818995,1
extreme_006,Extreme,OMP-BranchBoundMRV,4,2,0.199285984,1
extreme_006,Extreme,OMP-BranchBoundMRV,4,3,0.199217081,1
extreme_006,Extreme,OMP-BranchBoundMRV,4,4,0.200040102,1
extreme_006,Extreme,OMP-BranchBoundMRV,4,5,0.197958946,1
extreme_006,Extreme,OMP-BranchBoundMRV,8,1,0.278290987,1
extreme_006,Extreme,OMP-BranchBoundMRV,8,2,0.289891958,1
extreme_006,Extreme,OMP-BranchBoundMRV,8,3,0.288470030,1
extreme_006,Extreme,OMP-BranchBoundMRV,8,4,0.279747009,1
extreme_006,Extreme,OMP-BranchBoundMRV,8,5,0.265176058,1
extreme_006,Extreme,OMP-BranchBoundMRV,16,1,0.482300997,1
extreme_006,Extreme,OMP-BranchBoundMRV,16,2,0.569634914,1
extreme_006,Extreme,OMP-BranchBoundMRV,16,3,0.574459076,1
extreme_006,Extreme,OMP-BranchBoundMRV,16,4,0.609548807,1
extreme_006,Extreme,OMP-BranchBoundMRV,16,5,0.674522161,1
extreme_007,Extreme,Serial,1,1,0.043499625,1
extreme_007,Extreme,Serial,1,2,0.042496000,1
extreme_007,Extreme,Serial,1,3,0.042847500,1
extreme_007,Extreme,Serial,1,4,0.041338750,1
extreme_007,Extreme,Serial,1,5,0.041367167,1
extreme_007,Extreme,Serial-MRV,1,1,0.273496208,1
extreme_007,Extreme,Serial-MRV,1,2,0.273756000,1
extreme_007,Extreme,Serial-MRV,1,3,0.274484959,1
extreme_007,Extreme,Serial-MRV,1,4,0.275529250,1
extreme_007,Extreme,Serial-MRV,1,5,0.272932625,1
extreme_007,Extreme,BranchBound,1,1,0.035407250,1
extreme_007,Extreme,BranchBound,1,2,0.035466250,1
extreme_007,Extreme,BranchBound,1,3,0.035473333,1
extreme_007,Extreme,BranchBound,1,4,0.035534042,1
extreme_007,Extreme,BranchBound,1,5,0.035588458,1
extreme_007,Extreme,BranchBoundMRV,1,1,0.351366959,1
extreme_007,Extreme,BranchBoundMRV,1,2,0.350933958,1
extreme_007,Extreme,BranchBoundMRV,1,3,0.352151833,1
extreme_007,Extreme,BranchBoundMRV,1,4,0.352037500,1
extreme_007,Extreme,BranchBoundMRV,1,5,0.352730959,1
extreme_007,Extreme,OpenMP,4,1,0.062971115,1
extreme_007,Extreme,OpenMP,4,2,0.021741867,1
extreme_007,Extreme,OpenMP,4,3,0.022012949,1
extreme_007,Extreme,OpenMP,4,4,0.112362862,1
extreme_007,Extreme,OpenMP,4,5,0.021739006,1
extreme_007,Extreme,OpenMP,8,1,0.039119005,1
extreme_007,Extreme,OpenMP,8,2,0.041174889,1
extreme_007,Extreme,OpenMP,8,3,0.021842003,1
extreme_007,Extreme,OpenMP,8,4,0.035970926,1
extreme_007,Extreme,OpenMP,8,5,0.034091949,1
extreme_007,Extreme,OpenMP,16,1,0.094788074,1
extreme_007,Extreme,OpenMP,16,2,0.106250048,1
extreme_007,Extreme,OpenMP,16,3,0.083227158,1
extreme_007,Extreme,OpenMP,16,4,0.096019030,1
extreme_007,Extreme,OpenMP,16,5,0.058084011,1
extreme_007,Extreme,OMP-BranchBoundMRV,4,1,0.081116915,1
extreme_007,Extreme,OMP-BranchBoundMRV,4,2,0.081441879,1
extreme_007,Extreme,OMP-BranchBoundMRV,4,3,0.147088051,1
extreme_007,Extreme,OMP-BranchBoundMRV,4,4,0.145215034,1
extreme_007,Extreme,OMP-BranchBoundMRV,4,5,0.201364994,1
extreme_007,Extreme,OMP-BranchBoundMRV,8,1,0.038034916,1
extreme_007,Extreme,OMP-BranchBoundMRV,8,2,0.049911022,1
extreme_007,Extreme,OMP-BranchBoundMRV,8,3,0.046448946,1
extreme_007,Extreme,OMP-BranchBoundMRV,8,4,0.043690920,1
extreme_007,Extreme,OMP-BranchBoundMRV,8,5,0.052995920,1
extreme_007,Extreme,OMP-BranchBoundMRV,16,1,0.077966928,1
extreme_007,Extreme,OMP-BranchBoundMRV,16,2,0.093997002,1
extreme_007,Extreme,OMP-BranchBoundMRV,16,3,0.153960943,1
extreme_007,Extreme,OMP-BranchBoundMRV,16,4,0.119438171,1
extreme_007,Extreme,OMP-BranchBoundMRV,16,5,0.096235991,1
extreme_008,Extreme,Serial,1,1,0.351044375,1
extreme_008,Extreme,Serial,1,2,0.355881667,1
extreme_008,Extreme,Serial,1,3,0.351755833,1
extreme_008,Extreme,Serial,1,4,0.350371958,1
extreme_008,Extreme,Serial,1,5,0.348674375,1
extreme_008,Extreme,Serial-MRV,1,1,0.171693166,1
extreme_008,Extreme,Serial-MRV,1,2,0.171292209,1
extreme_008,Extreme,Serial-MRV,1,3,0.173505500,1
extreme_008,Extreme,Serial-MRV,1,4,0.173233708,1
extreme_008,Extreme,Serial-MRV,1,5,0.172368750,1
extreme_008,Extreme,BranchBound,1,1,0.315149708,1
extreme_008,Extreme,BranchBound,1,2,0.335081792,1
extreme_008,Extreme,BranchBound,1,3,0.318785750,1
extreme_008,Extreme,BranchBound,1,4,0.314846542,1
extreme_008,Extreme,BranchBound,1,5,0.323866084,1
extreme_008,Extreme,BranchBoundMRV,1,1,0.229171000,1
extreme_008,Extreme,BranchBoundMRV,1,2,0.233875208,1
extreme_008,Extreme,BranchBoundMRV,1,3,0.223819000,1
extreme_008,Extreme,BranchBoundMRV,1,4,0.221735500,1
extreme_008,Extreme,BranchBoundMRV,1,5,0.220229625,1
extreme_008,Extreme,OpenMP,4,1,0.006232023,1
extreme_008,Extreme,OpenMP,4,2,0.009050846,1
extreme_008,Extreme,OpenMP,4,3,0.012020111,1
extreme_008,Extreme,OpenMP,4,4,0.006721020,1
extreme_008,Extreme,OpenMP,4,5,0.006083012,1
extreme_008,Extreme,OpenMP,8,1,0.009272099,1
extreme_008,Extreme,OpenMP,8,2,0.011940002,1
extreme_008,Extreme,OpenMP,8,3,0.011906862,1
extreme_008,Extreme,OpenMP,8,4,0.012240171,1
extreme_008,Extreme,OpenMP,8,5,0.012050152,1
extreme_008,Extreme,OpenMP,16,1,0.024731874,1
extreme_008,Extreme,OpenMP,16,2,0.038026094,1
extreme_008,Extreme,OpenMP,16,3,0.020270109,1
extreme_008,Extreme,OpenMP,16,4,0.031805992,1
extreme_008,Extreme,OpenMP,16,5,0.036813974,1
extreme_008,Extreme,OMP-BranchBoundMRV,4,1,0.067666054,1
extreme_008,Extreme,OMP-BranchBoundMRV,4,2,0.065696955,1
extreme_008,Extreme,OMP-BranchBoundMRV,4,3,0.065307140,1
extreme_008,Extreme,OMP-BranchBoundMRV,4,4,0.065901041,1
extreme_008,Extreme,OMP-BranchBoundMRV,4,5,0.065684795,1
extreme_008,Extreme,OMP-BranchBoundMRV,8,1,0.050451994,1
extreme_008,Extreme,OMP-BranchBoundMRV,8,2,0.042602062,1
extreme_008,Extreme,OMP-BranchBoundMRV,8,3,0.007908106,1
extreme_008,Extreme,OMP-BranchBoundMRV,8,4,0.013702154,1
extreme_008,Extreme,OMP-BranchBoundMRV,8,5,0.013886213,1
extreme_008,Extreme,OMP-BranchBoundMRV,16,1,0.062875986,1
extreme_008,Extreme,OMP-BranchBoundMRV,16,2,0.023314953,1
extreme_008,Extreme,OMP-BranchBoundMRV,16,3,0.043678999,1
extreme_008,Extreme,OMP-BranchBoundMRV,16,4,0.062611103,1
extreme_008,Extreme,OMP-BranchBoundMRV,16,5,0.040657997,1
extreme_009,Extreme,Serial,1,1,0.388165917,1
extreme_009,Extreme,Serial,1,2,0.386878667,1
extreme_009,Extreme,Serial,1,3,0.396265417,1
extreme_009,Extreme,Serial,1,4,0.394189958,1
extreme_009,Extreme,Serial,1,5,0.402186416,1
extreme_009,Extreme,Serial-MRV,1,1,0.199384042,1
extreme_009,Extreme,Serial-MRV,1,2,0.203231792,1
extreme_009,Extreme,Serial-MRV,1,3,0.200229875,1
extreme_009,Extreme,Serial-MRV,1,4,0.199863583,1
extreme_009,Extreme,Serial-MRV,1,5,0.223336750,1
extreme_009,Extreme,BranchBound,1,1,0.339889625,1
extreme_009,Extreme,BranchBound,1,2,0.338015625,1
extreme_009,Extreme,BranchBound,1,3,0.338115542,1
extreme_009,Extreme,BranchBound,1,4,0.339848791,1
extreme_009,Extreme,BranchBound,1,5,0.339354333,1
extreme_009,Extreme,BranchBoundMRV,1,1,0.276796583,1
extreme_009,Extreme,BranchBoundMRV,1,2,0.276341583,1
extreme_009,Extreme,BranchBoundMRV,1,3,0.274878667,1
extreme_009,Extreme,BranchBoundMRV,1,4,0.275774375,1
extreme_009,Extreme,BranchBoundMRV,1,5,0.275298792,1
extreme_009,Extreme,OpenMP,4,1,0.059754133,1
extreme_009,Extreme,OpenMP,4,2,0.060840130,1
extreme_009,Extreme,OpenMP,4,3,0.060922146,1
extreme_009,Extreme,OpenMP,4,4,0.063157082,1
extreme_009,Extreme,OpenMP,4,5,0.061331987,1
extreme_009,Extreme,OpenMP,8,1,0.088981152,1
extreme_009,Extreme,OpenMP,8,2,0.083125114,1
extreme_009,Extreme,OpenMP,8,3,0.083456039,1
extreme_009,Extreme,OpenMP,8,4,0.098826885,1
extreme_009,Extreme,OpenMP,8,5,0.091311932,1
extreme_009,Extreme,OpenMP,16,1,0.121692896,1
extreme_009,Extreme,OpenMP,16,2,0.165049076,1
extreme_009,Extreme,OpenMP,16,3,0.169812202,1
extreme_009,Extreme,OpenMP,16,4,0.147360086,1
extreme_009,Extreme,OpenMP,16,5,0.199822903,1
extreme_009,Extreme,OMP-BranchBoundMRV,4,1,0.083909035,1
extreme_009,Extreme,OMP-BranchBoundMRV,4,2,0.084177971,1
extreme_009,Extreme,OMP-BranchBoundMRV,4,3,0.085417986,1
extreme_009,Extreme,OMP-BranchBoundMRV,4,4,0.084226131,1
extreme_009,Extreme,OMP-BranchBoundMRV,4,5,0.139870167,1
extreme_009,Extreme,OMP-BranchBoundMRV,8,1,0.133015156,1
extreme_009,Extreme,OMP-BranchBoundMRV,8,2,0.124938011,1
extreme_009,Extreme,OMP-BranchBoundMRV,8,3,0.127686977,1
extreme_009,Extreme,OMP-BranchBoundMRV,8,4,0.121536970,1
extreme_009,Extreme,OMP-BranchBoundMRV,8,5,0.108733177,1
extreme_009,Extreme,OMP-BranchBoundMRV,16,1,0.187128067,1
extreme_009,Extreme,OMP-BranchBoundMRV,16,2,0.250239134,1
extreme_009,Extreme,OMP-BranchBoundMRV,16,3,0.244467974,1
extreme_009,Extreme,OMP-BranchBoundMRV,16,4,0.206405163,1
extreme_009,Extreme,OMP-BranchBoundMRV,16,5,0.279833794,1
extreme_010,Extreme,Serial,1,1,0.071312541,1
extreme_010,Extreme,Serial,1,2,0.071830125,1
extreme_010,Extreme,Serial,1,3,0.072722250,1
extreme_010,Extreme,Serial,1,4,0.072676292,1
extreme_010,Extreme,Serial,1,5,0.071104292,1
extreme_010,Extreme,Serial-MRV,1,1,0.223916333,1
extreme_010,Extreme,Serial-MRV,1,2,0.224321208,1
extreme_010,Extreme,Serial-MRV,1,3,0.222255250,1
extreme_010,Extreme,Serial-MRV,1,4,0.222757791,1
extreme_010,Extreme,Serial-MRV,1,5,0.222606542,1
extreme_010,Extreme,BranchBound,1,1,0.060558208,1
extreme_010,Extreme,BranchBound,1,2,0.060735875,1
extreme_010,Extreme,BranchBound,1,3,0.061208000,1
extreme_010,Extreme,BranchBound,1,4,0.063596917,1
extreme_010,Extreme,BranchBound,1,5,0.061585000,1
extreme_010,Extreme,BranchBoundMRV,1,1,0.290266458,1
extreme_010,Extreme,BranchBoundMRV,1,2,0.288014917,1
extreme_010,Extreme,BranchBoundMRV,1,3,0.288467167,1
extreme_010,Extreme,BranchBoundMRV,1,4,0.294418416,1
extreme_010,Extreme,BranchBoundMRV,1,5,0.290384417,1
extreme_010,Extreme,OpenMP,4,1,0.003014803,1
extreme_010,Extreme,OpenMP,4,2,0.002969980,1
extreme_010,Extreme,OpenMP,4,3,0.002969980,1
extreme_010,Extreme,OpenMP,4,4,0.004811049,1
extreme_010,Extreme,OpenMP,4,5,0.003089905,1
extreme_010,Extreme,OpenMP,8,1,0.013781786,1
extreme_010,Extreme,OpenMP,8,2,0.017620087,1
extreme_010,Extreme,OpenMP,8,3,0.007695913,1
extreme_010,Extreme,OpenMP,8,4,0.010305882,1
extreme_010,Extreme,OpenMP,8,5,0.006851912,1
extreme_010,Extreme,OpenMP,16,1,0.015440226,1
extreme_010,Extreme,OpenMP,16,2,0.023496151,1
extreme_010,Extreme,OpenMP,16,3,0.017086983,1
extreme_010,Extreme,OpenMP,16,4,0.011440039,1
extreme_010,Extreme,OpenMP,16,5,0.022861004,1
extreme_010,Extreme,OMP-BranchBoundMRV,4,1,0.003865004,1
extreme_010,Extreme,OMP-BranchBoundMRV,4,2,0.003815889,1
extreme_010,Extreme,OMP-BranchBoundMRV,4,3,0.003793001,1
extreme_010,Extreme,OMP-BranchBoundMRV,4,4,0.003806114,1
extreme_010,Extreme,OMP-BranchBoundMRV,4,5,0.003797054,1
extreme_010,Extreme,OMP-BranchBoundMRV,8,1,0.006549120,1
extreme_010,Extreme,OMP-BranchBoundMRV,8,2,0.010666132,1
extreme_010,Extreme,OMP-BranchBoundMRV,8,3,0.004122019,1
extreme_010,Extreme,OMP-BranchBoundMRV,8,4,0.009629965,1
extreme_010,Extreme,OMP-BranchBoundMRV,8,5,0.004724026,1
extreme_010,Extreme,OMP-BranchBoundMRV,16,1,0.058212996,1
extreme_010,Extreme,OMP-BranchBoundMRV,16,2,0.011862040,1
extreme_010,Extreme,OMP-BranchBoundMRV,16,3,0.015100956,1
extreme_010,Extreme,OMP-BranchBoundMRV,16,4,0.042654991,1
extreme_010,Extreme,OMP-BranchBoundMRV,16,5,0.086592913,1
extreme_011,Extreme,Serial,1,1,0.185171000,1
extreme_011,Extreme,Serial,1,2,0.184749959,1
extreme_011,Extreme,Serial,1,3,0.206901167,1
extreme_011,Extreme,Serial,1,4,0.196990417,1
extreme_011,Extreme,Serial,1,5,0.205014791,1
extreme_011,Extreme,Serial-MRV,1,1,0.264322834,1
extreme_011,Extreme,Serial-MRV,1,2,0.249148833,1
extreme_011,Extreme,Serial-MRV,1,3,0.244831791,1
extreme_011,Extreme,Serial-MRV,1,4,0.244220750,1
extreme_011,Extreme,Serial-MRV,1,5,0.245026042,1
extreme_011,Extreme,BranchBound,1,1,0.173172458,1
extreme_011,Extreme,BranchBound,1,2,0.170570750,1
extreme_011,Extreme,BranchBound,1,3,0.169291625,1
extreme_011,Extreme,BranchBound,1,4,0.168214292,1
extreme_011,Extreme,BranchBound,1,5,0.168504917,1
extreme_011,Extreme,BranchBoundMRV,1,1,0.309048417,1
extreme_011,Extreme,BranchBoundMRV,1,2,0.312680208,1
extreme_011,Extreme,BranchBoundMRV,1,3,0.307796584,1
extreme_011,Extreme,BranchBoundMRV,1,4,0.317742417,1
extreme_011,Extreme,BranchBoundMRV,1,5,0.309796584,1
extreme_011,Extreme,OpenMP,4,1,0.034013033,1
extreme_011,Extreme,OpenMP,4,2,0.034157991,1
extreme_011,Extreme,OpenMP,4,3,0.034337997,1
extreme_011,Extreme,OpenMP,4,4,0.034126043,1
extreme_011,Extreme,OpenMP,4,5,0.034067869,1
extreme_011,Extreme,OpenMP,8,1,0.052659988,1
extreme_011,Extreme,OpenMP,8,2,0.057600975,1
extreme_011,Extreme,OpenMP,8,3,0.048779964,1
extreme_011,Extreme,OpenMP,8,4,0.074312925,1
extreme_011,Extreme,OpenMP,8,5,0.080095053,1
extreme_011,Extreme,OpenMP,16,1,0.131870985,1
extreme_011,Extreme,OpenMP,16,2,0.111897945,1
extreme_011,Extreme,OpenMP,16,3,0.153345108,1
extreme_011,Extreme,OpenMP,16,4,0.165431976,1
extreme_011,Extreme,OpenMP,16,5,0.095446110,1
extreme_011,Extreme,OMP-BranchBoundMRV,4,1,0.042356014,1
extreme_011,Extreme,OMP-BranchBoundMRV,4,2,0.042895079,1
extreme_011,Extreme,OMP-BranchBoundMRV,4,3,0.043618917,1
extreme_011,Extreme,OMP-BranchBoundMRV,4,4,0.043275833,1
extreme_011,Extreme,OMP-BranchBoundMRV,4,5,0.043586969,1
extreme_011,Extreme,OMP-BranchBoundMRV,8,1,0.088713884,1
extreme_011,Extreme,OMP-BranchBoundMRV,8,2,0.054472923,1
extreme_011,Extreme,OMP-BranchBoundMRV,8,3,0.060441017,1
extreme_011,Extreme,OMP-BranchBoundMRV,8,4,0.059839964,1
extreme_011,Extreme,OMP-BranchBoundMRV,8,5,0.058094025,1
extreme_011,Extreme,OMP-BranchBoundMRV,16,1,0.111510992,1
extreme_011,Extreme,OMP-BranchBoundMRV,16,2,0.146150827,1
extreme_011,Extreme,OMP-BranchBoundMRV,16,3,0.250189781,1
extreme_011,Extreme,OMP-BranchBoundMRV,16,4,0.153089046,1
extreme_011,Extreme,OMP-BranchBoundMRV,16,5,0.159986973,1
extreme_012,Extreme,Serial,1,1,0.896136958,1
extreme_012,Extreme,Serial,1,2,0.847096083,1
extreme_012,Extreme,Serial,1,3,0.855945500,1
extreme_012,Extreme,Serial,1,4,0.964971541,1
extreme_012,Extreme,Serial,1,5,1.090753417,1
extreme_012,Extreme,Serial-MRV,1,1,0.195053542,1
extreme_012,Extreme,Serial-MRV,1,2,0.209752958,1
extreme_012,Extreme,Serial-MRV,1,3,0.231743459,1
extreme_012,Extreme,Serial-MRV,1,4,0.230802459,1
extreme_012,Extreme,Serial-MRV,1,5,0.193639417,1
extreme_012,Extreme,BranchBound,1,1,0.825376750,1
extreme_012,Extreme,BranchBound,1,2,0.793661833,1
extreme_012,Extreme,BranchBound,1,3,0.788452959,1
extreme_012,Extreme,BranchBound,1,4,0.771446458,1
extreme_012,Extreme,BranchBound,1,5,1.223639083,1
extreme_012,Extreme,BranchBoundMRV,1,1,0.556714042,1
extreme_012,Extreme,BranchBoundMRV,1,2,0.311301041,1
extreme_012,Extreme,BranchBoundMRV,1,3,0.265317125,1
extreme_012,Extreme,BranchBoundMRV,1,4,0.298378292,1
extreme_012,Extreme,BranchBoundMRV,1,5,0.264016958,1
extreme_012,Extreme,OpenMP,4,1,0.105608940,1
extreme_012,Extreme,OpenMP,4,2,0.112291098,1
extreme_012,Extreme,OpenMP,4,3,0.121747017,1
extreme_012,Extreme,OpenMP,4,4,0.121136904,1
extreme_012,Extreme,OpenMP,4,5,0.112885952,1
extreme_012,Extreme,OpenMP,8,1,0.211128950,1
extreme_012,Extreme,OpenMP,8,2,0.304236889,1
extreme_012,Extreme,OpenMP,8,3,0.166173935,1
extreme_012,Extreme,OpenMP,8,4,0.118227005,1
extreme_012,Extreme,OpenMP,8,5,0.124666929,1
extreme_012,Extreme,OpenMP,16,1,0.365926981,1
extreme_012,Extreme,OpenMP,16,2,0.378341913,1
extreme_012,Extreme,OpenMP,16,3,0.286908150,1
extreme_012,Extreme,OpenMP,16,4,0.278460026,1
extreme_012,Extreme,OpenMP,16,5,0.333806038,1
extreme_012,Extreme,OMP-BranchBoundMRV,4,1,0.220329046,1
extreme_012,Extreme,OMP-BranchBoundMRV,4,2,0.159476042,1
extreme_012,Extreme,OMP-BranchBoundMRV,4,3,0.182738781,1
extreme_012,Extreme,OMP-BranchBoundMRV,4,4,0.176486015,1
extreme_012,Extreme,OMP-BranchBoundMRV,4,5,0.176590919,1
extreme_012,Extreme,OMP-BranchBoundMRV,8,1,0.246696949,1
extreme_012,Extreme,OMP-BranchBoundMRV,8,2,0.255949974,1
extreme_012,Extreme,OMP-BranchBoundMRV,8,3,0.234238148,1
extreme_012,Extreme,OMP-BranchBoundMRV,8,4,0.266927004,1
extreme_012,Extreme,OMP-BranchBoundMRV,8,5,0.178240061,1
extreme_012,Extreme,OMP-BranchBoundMRV,16,1,0.431689978,1
extreme_012,Extreme,OMP-BranchBoundMRV,16,2,0.419701099,1
extreme_012,Extreme,OMP-BranchBoundMRV,16,3,0.337203026,1
extreme_012,Extreme,OMP-BranchBoundMRV,16,4,0.421099901,1
extreme_012,Extreme,OMP-BranchBoundMRV,16,5,0.362700939,1
extreme_013,Extreme,Serial,1,1,0.207872292,1
extreme_013,Extreme,Serial,1,2,0.203842083,1
extreme_013,Extreme,Serial,1,3,0.202060000,1
extreme_013,Extreme,Serial,1,4,0.220703750,1
extreme_013,Extreme,Serial,1,5,0.250868792,1
extreme_013,Extreme,Serial-MRV,1,1,0.095869125,1
extreme_013,Extreme,Serial-MRV,1,2,0.096093375,1
extreme_013,Extreme,Serial-MRV,1,3,0.098157167,1
extreme_013,Extreme,Serial-MRV,1,4,0.096522417,1
extreme_013,Extreme,Serial-MRV,1,5,0.096108375,1
extreme_013,Extreme,BranchBound,1,1,0.183947834,1
extreme_013,Extreme,BranchBound,1,2,0.185547958,1
extreme_013,Extreme,BranchBound,1,3,0.183998083,1
extreme_013,Extreme,BranchBound,1,4,0.183582791,1
extreme_013,Extreme,BranchBound,1,5,0.183820458,1
extreme_013,Extreme,BranchBoundMRV,1,1,0.126852625,1
extreme_013,Extreme,BranchBoundMRV,1,2,0.128862166,1
extreme_013,Extreme,BranchBoundMRV,1,3,0.127455000,1
extreme_013,Extreme,BranchBoundMRV,1,4,0.127727834,1
extreme_013,Extreme,BranchBoundMRV,1,5,0.126907625,1
extreme_013,Extreme,OpenMP,4,1,0.001375914,1
extreme_013,Extreme,OpenMP,4,2,0.001330137,1
extreme_013,Extreme,OpenMP,4,3,0.001322031,1
extreme_013,Extreme,OpenMP,4,4,0.001322031,1
extreme_013,Extreme,OpenMP,4,5,0.001322985,1
extreme_013,Extreme,OpenMP,8,1,0.001396179,1
extreme_013,Extreme,OpenMP,8,2,0.001322031,1
extreme_013,Extreme,OpenMP,8,3,0.001363993,1
extreme_013,Extreme,OpenMP,8,4,0.001388073,1
extreme_013,Extreme,OpenMP,8,5,0.003096104,1
extreme_013,Extreme,OpenMP,16,1,0.024225950,1
extreme_013,Extreme,OpenMP,16,2,0.022218943,1
extreme_013,Extreme,OpenMP,16,3,0.023182869,1
extreme_013,Extreme,OpenMP,16,4,0.031701088,1
extreme_013,Extreme,OpenMP,16,5,0.053931952,1
extreme_013,Extreme,OMP-BranchBoundMRV,4,1,0.002048016,1
extreme_013,Extreme,OMP-BranchBoundMRV,4,2,0.001975060,1
extreme_013,Extreme,OMP-BranchBoundMRV,4,3,0.001970053,1
extreme_013,Extreme,OMP-BranchBoundMRV,4,4,0.001954079,1
extreme_013,Extreme,OMP-BranchBoundMRV,4,5,0.001946926,1
extreme_013,Extreme,OMP-BranchBoundMRV,8,1,0.002074003,1
extreme_013,Extreme,OMP-BranchBoundMRV,8,2,0.001996994,1
extreme_013,Extreme,OMP-BranchBoundMRV,8,3,0.002084970,1
extreme_013,Extreme,OMP-BranchBoundMRV,8,4,0.004395008,1
extreme_013,Extreme,OMP-BranchBoundMRV,8,5,0.001978874,1
extreme_013,Extreme,OMP-BranchBoundMRV,16,1,0.035928965,1
extreme_013,Extreme,OMP-BranchBoundMRV,16,2,0.009697199,1
extreme_013,Extreme,OMP-BranchBoundMRV,16,3,0.008171797,1
extreme_013,Extreme,OMP-BranchBoundMRV,16,4,0.015923023,1
extreme_013,Extreme,OMP-BranchBoundMRV,16,5,0.015667915,1
extreme_014,Extreme,Serial,1,1,0.007737416,1
extreme_014,Extreme,Serial,1,2,0.007625709,1
extreme_014,Extreme,Serial,1,3,0.007723000,1
extreme_014,Extreme,Serial,1,4,0.007699625,1
extreme_014,Extreme,Serial,1,5,0.007540000,1
extreme_014,Extreme,Serial-MRV,1,1,0.077134417,1
extreme_014,Extreme,Serial-MRV,1,2,0.077125333,1
extreme_014,Extreme,Serial-MRV,1,3,0.080034166,1
extreme_014,Extreme,Serial-MRV,1,4,0.077995083,1
extreme_014,Extreme,Serial-MRV,1,5,0.077004750,1
extreme_014,Extreme,BranchBound,1,1,0.006230333,1
extreme_014,Extreme,BranchBound,1,2,0.006159666,1
extreme_014,Extreme,BranchBound,1,3,0.006182333,1
extreme_014,Extreme,BranchBound,1,4,0.006185459,1
extreme_014,Extreme,BranchBound,1,5,0.006508875,1
extreme_014,Extreme,BranchBoundMRV,1,1,0.103572750,1
extreme_014,Extreme,BranchBoundMRV,1,2,0.105383209,1
extreme_014,Extreme,BranchBoundMRV,1,3,0.106498292,1
extreme_014,Extreme,BranchBoundMRV,1,4,0.103581417,1
extreme_014,Extreme,BranchBoundMRV,1,5,0.103354458,1
extreme_014,Extreme,OpenMP,4,1,0.081114054,1
extreme_014,Extreme,OpenMP,4,2,0.081260920,1
extreme_014,Extreme,OpenMP,4,3,0.083986044,1
extreme_014,Extreme,OpenMP,4,4,0.081264973,1
extreme_014,Extreme,OpenMP,4,5,0.083465815,1
extreme_014,Extreme,OpenMP,8,1,0.093211889,1
extreme_014,Extreme,OpenMP,8,2,0.142879963,1
extreme_014,Extreme,OpenMP,8,3,0.142897844,1
extreme_014,Extreme,OpenMP,8,4,0.113373041,1
extreme_014,Extreme,OpenMP,8,5,0.124311209,1
extreme_014,Extreme,OpenMP,16,1,0.192687035,1
extreme_014,Extreme,OpenMP,16,2,0.301504850,1
extreme_014,Extreme,OpenMP,16,3,0.249653101,1
extreme_014,Extreme,OpenMP,16,4,0.272145033,1
extreme_014,Extreme,OpenMP,16,5,0.256276131,1
extreme_014,Extreme,OMP-BranchBoundMRV,4,1,0.118653059,1
extreme_014,Extreme,OMP-BranchBoundMRV,4,2,0.119722843,1
extreme_014,Extreme,OMP-BranchBoundMRV,4,3,0.118147135,1
extreme_014,Extreme,OMP-BranchBoundMRV,4,4,0.118761063,1
extreme_014,Extreme,OMP-BranchBoundMRV,4,5,0.118092060,1
extreme_014,Extreme,OMP-BranchBoundMRV,8,1,0.155856848,1
extreme_014,Extreme,OMP-BranchBoundMRV,8,2,0.157592058,1
extreme_014,Extreme,OMP-BranchBoundMRV,8,3,0.161930799,1
extreme_014,Extreme,OMP-BranchBoundMRV,8,4,0.169629097,1
extreme_014,Extreme,OMP-BranchBoundMRV,8,5,0.152702093,1
extreme_014,Extreme,OMP-BranchBoundMRV,16,1,0.209144831,1
extreme_014,Extreme,OMP-BranchBoundMRV,16,2,0.376087904,1
extreme_014,Extreme,OMP-BranchBoundMRV,16,3,0.325905085,1
extreme_014,Extreme,OMP-BranchBoundMRV,16,4,0.377716064,1
extreme_014,Extreme,OMP-BranchBoundMRV,16,5,0.339363813,1
extreme_015,Extreme,Serial,1,1,0.016901125,1
extreme_015,Extreme,Serial,1,2,0.016444708,1
extreme_015,Extreme,Serial,1,3,0.015636458,1
extreme_015,Extreme,Serial,1,4,0.015394458,1
extreme_015,Extreme,Serial,1,5,0.015422916,1
extreme_015,Extreme,Serial-MRV,1,1,0.079787958,1
extreme_015,Extreme,Serial-MRV,1,2,0.083858375,1
extreme_015,Extreme,Serial-MRV,1,3,0.083610000,1
extreme_015,Extreme,Serial-MRV,1,4,0.079874792,1
extreme_015,Extreme,Serial-MRV,1,5,0.079436709,1
extreme_015,Extreme,BranchBound,1,1,0.013940041,1
extreme_015,Extreme,BranchBound,1,2,0.013637167,1
extreme_015,Extreme,BranchBound,1,3,0.013492000,1
extreme_015,Extreme,BranchBound,1,4,0.013647291,1
extreme_015,Extreme,BranchBound,1,5,0.013557250,1
extreme_015,Extreme,BranchBoundMRV,1,1,0.101508917,1
extreme_015,Extreme,BranchBoundMRV,1,2,0.104757708,1
extreme_015,Extreme,BranchBoundMRV,1,3,0.102375208,1
extreme_015,Extreme,BranchBoundMRV,1,4,0.104159791,1
extreme_015,Extreme,BranchBoundMRV,1,5,0.104198667,1
extreme_015,Extreme,OpenMP,4,1,0.010787964,1
extreme_015,Extreme,OpenMP,4,2,0.008820057,1
extreme_015,Extreme,OpenMP,4,3,0.007969856,1
extreme_015,Extreme,OpenMP,4,4,0.013243914,1
extreme_015,Extreme,OpenMP,4,5,0.008314848,1
extreme_015,Extreme,OpenMP,8,1,0.018759012,1
extreme_015,Extreme,OpenMP,8,2,0.012994051,1
extreme_015,Extreme,OpenMP,8,3,0.007479906,1
extreme_015,Extreme,OpenMP,8,4,0.017916918,1
extreme_015,Extreme,OpenMP,8,5,0.013719082,1
extreme_015,Extreme,OpenMP,16,1,0.079931021,1
extreme_015,Extreme,OpenMP,16,2,0.043197155,1
extreme_015,Extreme,OpenMP,16,3,0.052661180,1
extreme_015,Extreme,OpenMP,16,4,0.014379025,1
extreme_015,Extreme,OpenMP,16,5,0.034176111,1
extreme_015,Extreme,OMP-BranchBoundMRV,4,1,0.009613037,1
extreme_015,Extreme,OMP-BranchBoundMRV,4,2,0.009574175,1
extreme_015,Extreme,OMP-BranchBoundMRV,4,3,0.009555101,1
extreme_015,Extreme,OMP-BranchBoundMRV,4,4,0.009562969,1
extreme_015,Extreme,OMP-BranchBoundMRV,4,5,0.009560108,1
extreme_015,Extreme,OMP-BranchBoundMRV,8,1,0.013333082,1
extreme_015,Extreme,OMP-BranchBoundMRV,8,2,0.009923935,1
extreme_015,Extreme,OMP-BranchBoundMRV,8,3,0.015850782,1
extreme_015,Extreme,OMP-BranchBoundMRV,8,4,0.016154051,1
extreme_015,Extreme,OMP-BranchBoundMRV,8,5,0.015729189,1
extreme_015,Extreme,OMP-BranchBoundMRV,16,1,0.113770008,1
extreme_015,Extreme,OMP-BranchBoundMRV,16,2,0.017576933,1
extreme_015,Extreme,OMP-BranchBoundMRV,16,3,0.052891970,1
extreme_015,Extreme,OMP-BranchBoundMRV,16,4,0.049429893,1
extreme_015,Extreme,OMP-BranchBoundMRV,16,5,0.020366907,1
extreme_016,Extreme,Serial,1,1,0.028987583,1
extreme_016,Extreme,Serial,1,2,0.028110750,1
extreme_016,Extreme,Serial,1,3,0.028124666,1
extreme_016,Extreme,Serial,1,4,0.027922542,1
extreme_016,Extreme,Serial,1,5,0.027976000,1
extreme_016,Extreme,Serial-MRV,1,1,0.096291667,1
extreme_016,Extreme,Serial-MRV,1,2,0.097083584,1
extreme_016,Extreme,Serial-MRV,1,3,0.094367292,1
extreme_016,Extreme,Serial-MRV,1,4,0.094401125,1
extreme_016,Extreme,Serial-MRV,1,5,0.094541083,1
extreme_016,Extreme,BranchBound,1,1,0.023930292,1
extreme_016,Extreme,BranchBound,1,2,0.023838875,1
extreme_016,Extreme,BranchBound,1,3,0.023944625,1
extreme_016,Extreme,BranchBound,1,4,0.023895750,1
extreme_016,Extreme,BranchBound,1,5,0.023852417,1
extreme_016,Extreme,BranchBoundMRV,1,1,0.119180958,1
extreme_016,Extreme,BranchBoundMRV,1,2,0.120275208,1
extreme_016,Extreme,BranchBoundMRV,1,3,0.117787917,1
extreme_016,Extreme,BranchBoundMRV,1,4,0.117740625,1
extreme_016,Extreme,BranchBoundMRV,1,5,0.117935166,1
extreme_016,Extreme,OpenMP,4,1,0.008399010,1
extreme_016,Extreme,OpenMP,4,2,0.008377075,1
extreme_016,Extreme,OpenMP,4,3,0.008421898,1
extreme_016,Extreme,OpenMP,4,4,0.008380890,1
extreme_016,Extreme,OpenMP,4,5,0.008371115,1
extreme_016,Extreme,OpenMP,8,1,0.009197950,1
extreme_016,Extreme,OpenMP,8,2,0.018779993,1
extreme_016,Extreme,OpenMP,8,3,0.008414030,1
extreme_016,Extreme,OpenMP,8,4,0.008406878,1
extreme_016,Extreme,OpenMP,8,5,0.008456945,1
extreme_016,Extreme,OpenMP,16,1,0.044348955,1
extreme_016,Extreme,OpenMP,16,2,0.025485039,1
extreme_016,Extreme,OpenMP,16,3,0.041430950,1
extreme_016,Extreme,OpenMP,16,4,0.039489031,1
extreme_016,Extreme,OpenMP,16,5,0.039769173,1
extreme_016,Extreme,OMP-BranchBoundMRV,4,1,0.010886908,1
extreme_016,Extreme,OMP-BranchBoundMRV,4,2,0.010994911,1
extreme_016,Extreme,OMP-BranchBoundMRV,4,3,0.010909081,1
extreme_016,Extreme,OMP-BranchBoundMRV,4,4,0.010812044,1
extreme_016,Extreme,OMP-BranchBoundMRV,4,5,0.010775089,1
extreme_016,Extreme,OMP-BranchBoundMRV,8,1,0.022897005,1
extreme_016,Extreme,OMP-BranchBoundMRV,8,2,0.011720896,1
extreme_016,Extreme,OMP-BranchBoundMRV,8,3,0.016772032,1
extreme_016,Extreme,OMP-BranchBoundMRV,8,4,0.015461922,1
extreme_016,Extreme,OMP-BranchBoundMRV,8,5,0.017090797,1
extreme_016,Extreme,OMP-BranchBoundMRV,16,1,0.029975176,1
extreme_016,Extreme,OMP-BranchBoundMRV,16,2,0.040735960,1
extreme_016,Extreme,OMP-BranchBoundMRV,16,3,0.059164047,1
extreme_016,Extreme,OMP-BranchBoundMRV,16,4,0.036457777,1
extreme_016,Extreme,OMP-BranchBoundMRV,16,5,0.075338125,1
extreme_017,Extreme,Serial,1,1,0.095622333,1
extreme_017,Extreme,Serial,1,2,0.095157167,1
extreme_017,Extreme,Serial,1,3,0.097233708,1
extreme_017,Extreme,Serial,1,4,0.095031416,1
extreme_017,Extreme,Serial,1,5,0.095033917,1
extreme_017,Extreme,Serial-MRV,1,1,0.080337917,1
extreme_017,Extreme,Serial-MRV,1,2,0.080101541,1
extreme_017,Extreme,Serial-MRV,1,3,0.081880084,1
extreme_017,Extreme,Serial-MRV,1,4,0.080274959,1
extreme_017,Extreme,Serial-MRV,1,5,0.079993625,1
extreme_017,Extreme,BranchBound,1,1,0.086764375,1
extreme_017,Extreme,BranchBound,1,2,0.087979500,1
extreme_017,Extreme,BranchBound,1,3,0.090605875,1
extreme_017,Extreme,BranchBound,1,4,0.086767416,1
extreme_017,Extreme,BranchBound,1,5,0.086478792,1
extreme_017,Extreme,BranchBoundMRV,1,1,0.104209709,1
extreme_017,Extreme,BranchBoundMRV,1,2,0.104992041,1
extreme_017,Extreme,BranchBoundMRV,1,3,0.106113000,1
extreme_017,Extreme,BranchBoundMRV,1,4,0.104441542,1
extreme_017,Extreme,BranchBoundMRV,1,5,0.104406625,1
extreme_017,Extreme,OpenMP,4,1,0.028218031,1
extreme_017,Extreme,OpenMP,4,2,0.028173923,1
extreme_017,Extreme,OpenMP,4,3,0.028192043,1
extreme_017,Extreme,OpenMP,4,4,0.028239965,1
extreme_017,Extreme,OpenMP,4,5,0.028198957,1
extreme_017,Extreme,OpenMP,8,1,0.035151958,1
extreme_017,Extreme,OpenMP,8,2,0.040007830,1
extreme_017,Extreme,OpenMP,8,3,0.041893959,1
extreme_017,Extreme,OpenMP,8,4,0.040917873,1
extreme_017,Extreme,OpenMP,8,5,0.041492939,1
extreme_017,Extreme,OpenMP,16,1,0.107172966,1
extreme_017,Extreme,OpenMP,16,2,0.050873995,1
extreme_017,Extreme,OpenMP,16,3,0.162229061,1
extreme_017,Extreme,OpenMP,16,4,0.108948946,1
extreme_017,Extreme,OpenMP,16,5,0.115792036,1
extreme_017,Extreme,OMP-BranchBoundMRV,4,1,0.037792206,1
extreme_017,Extreme,OMP-BranchBoundMRV,4,2,0.038125038,1
extreme_017,Extreme,OMP-BranchBoundMRV,4,3,0.038171053,1
extreme_017,Extreme,OMP-BranchBoundMRV,4,4,0.038550854,1
extreme_017,Extreme,OMP-BranchBoundMRV,4,5,0.041286945,1
extreme_017,Extreme,OMP-BranchBoundMRV,8,1,0.075020075,1
extreme_017,Extreme,OMP-BranchBoundMRV,8,2,0.105353832,1
extreme_017,Extreme,OMP-BranchBoundMRV,8,3,0.073123217,1
extreme_017,Extreme,OMP-BranchBoundMRV,8,4,0.055444002,1
extreme_017,Extreme,OMP-BranchBoundMRV,8,5,0.072774172,1
extreme_017,Extreme,OMP-BranchBoundMRV,16,1,0.116601944,1
extreme_017,Extreme,OMP-BranchBoundMRV,16,2,0.140352964,1
extreme_017,Extreme,OMP-BranchBoundMRV,16,3,0.193066120,1
extreme_017,Extreme,OMP-BranchBoundMRV,16,4,0.086110830,1
extreme_017,Extreme,OMP-BranchBoundMRV,16,5,0.101186991,1
extreme_018,Extreme,Serial,1,1,0.026645833,1
extreme_018,Extreme,Serial,1,2,0.026356917,1
extreme_018,Extreme,Serial,1,3,0.026302708,1
extreme_018,Extreme,Serial,1,4,0.025250083,1
extreme_018,Extreme,Serial,1,5,0.025031000,1
extreme_018,Extreme,Serial-MRV,1,1,0.097054250,1
extreme_018,Extreme,Serial-MRV,1,2,0.099107500,1
extreme_018,Extreme,Serial-MRV,1,3,0.095583167,1
extreme_018,Extreme,Serial-MRV,1,4,0.095834125,1
extreme_018,Extreme,Serial-MRV,1,5,0.096187375,1
extreme_018,Extreme,BranchBound,1,1,0.021407334,1
extreme_018,Extreme,BranchBound,1,2,0.021339125,1
extreme_018,Extreme,BranchBound,1,3,0.021431250,1
extreme_018,Extreme,BranchBound,1,4,0.021449625,1
extreme_018,Extreme,BranchBound,1,5,0.021304417,1
extreme_018,Extreme,BranchBoundMRV,1,1,0.125000750,1
extreme_018,Extreme,BranchBoundMRV,1,2,0.126551834,1
extreme_018,Extreme,BranchBoundMRV,1,3,0.123683792,1
extreme_018,Extreme,BranchBoundMRV,1,4,0.125030666,1
extreme_018,Extreme,BranchBoundMRV,1,5,0.123973750,1
extreme_018,Extreme,OpenMP,4,1,0.019044161,1
extreme_018,Extreme,OpenMP,4,2,0.019013166,1
extreme_018,Extreme,OpenMP,4,3,0.018986940,1
extreme_018,Extreme,OpenMP,4,4,0.018983841,1
extreme_018,Extreme,OpenMP,4,5,0.018926144,1
extreme_018,Extreme,OpenMP,8,1,0.024778128,1
extreme_018,Extreme,OpenMP,8,2,0.025099993,1
extreme_018,Extreme,OpenMP,8,3,0.030965090,1
extreme_018,Extreme,OpenMP,8,4,0.024781942,1
extreme_018,Extreme,OpenMP,8,5,0.033382893,1
extreme_018,Extreme,OpenMP,16,1,0.038984060,1
extreme_018,Extreme,OpenMP,16,2,0.084769011,1
extreme_018,Extreme,OpenMP,16,3,0.084630966,1
extreme_018,Extreme,OpenMP,16,4,0.101942062,1
extreme_018,Extreme,OpenMP,16,5,0.076368809,1
extreme_018,Extreme,OMP-BranchBoundMRV,4,1,0.024946928,1
extreme_018,Extreme,OMP-BranchBoundMRV,4,2,0.024974108,1
extreme_018,Extreme,OMP-BranchBoundMRV,4,3,0.024841070,1
extreme_018,Extreme,OMP-BranchBoundMRV,4,4,0.024953127,1
extreme_018,Extreme,OMP-BranchBoundMRV,4,5,0.024883032,1
extreme_018,Extreme,OMP-BranchBoundMRV,8,1,0.035075903,1
extreme_018,Extreme,OMP-BranchBoundMRV,8,2,0.033341885,1
extreme_018,Extreme,OMP-BranchBoundMRV,8,3,0.038185120,1
extreme_018,Extreme,OMP-BranchBoundMRV,8,4,0.040428877,1
extreme_018,Extreme,OMP-BranchBoundMRV,8,5,0.031165123,1
extreme_018,Extreme,OMP-BranchBoundMRV,16,1,0.164107800,1
extreme_018,Extreme,OMP-BranchBoundMRV,16,2,0.087615013,1
extreme_018,Extreme,OMP-BranchBoundMRV,16,3,0.080389023,1
extreme_018,Extreme,OMP-BranchBoundMRV,16,4,0.078522921,1
extreme_018,Extreme,OMP-BranchBoundMRV,16,5,0.098077059,1
extreme_019,Extreme,Serial,1,1,0.048671583,1
extreme_019,Extreme,Serial,1,2,0.048047417,1
extreme_019,Extreme,Serial,1,3,0.047271917,1
extreme_019,Extreme,Serial,1,4,0.047118875,1
extreme_019,Extreme,Serial,1,5,0.049044459,1
extreme_019,Extreme,Serial-MRV,1,1,0.083519084,1
extreme_019,Extreme,Serial-MRV,1,2,0.083103833,1
extreme_019,Extreme,Serial-MRV,1,3,0.084904917,1
extreme_019,Extreme,Serial-MRV,1,4,0.083001209,1
extreme_019,Extreme,Serial-MRV,1,5,0.082649916,1
extreme_019,Extreme,BranchBound,1,1,0.043101291,1
extreme_019,Extreme,BranchBound,1,2,0.043264834,1
extreme_019,Extreme,BranchBound,1,3,0.043332625,1
extreme_019,Extreme,BranchBound,1,4,0.043267750,1
extreme_019,Extreme,BranchBound,1,5,0.043790166,1
extreme_019,Extreme,BranchBoundMRV,1,1,0.107412375,1
extreme_019,Extreme,BranchBoundMRV,1,2,0.105900542,1
extreme_019,Extreme,BranchBoundMRV,1,3,0.106687958,1
extreme_019,Extreme,BranchBoundMRV,1,4,0.105482000,1
extreme_019,Extreme,BranchBoundMRV,1,5,0.105413542,1
extreme_019,Extreme,OpenMP,4,1,0.009968042,1
extreme_019,Extreme,OpenMP,4,2,0.009909868,1
extreme_019,Extreme,OpenMP,4,3,0.009866953,1
extreme_019,Extreme,OpenMP,4,4,0.009865046,1
extreme_019,Extreme,OpenMP,4,5,0.009890079,1
extreme_019,Extreme,OpenMP,8,1,0.009912014,1
extreme_019,Extreme,OpenMP,8,2,0.009941101,1
extreme_019,Extreme,OpenMP,8,3,0.010499001,1
extreme_019,Extreme,OpenMP,8,4,0.009919167,1
extreme_019,Extreme,OpenMP,8,5,0.015764952,1
extreme_019,Extreme,OpenMP,16,1,0.072927952,1
extreme_019,Extreme,OpenMP,16,2,0.038058043,1
extreme_019,Extreme,OpenMP,16,3,0.075845003,1
extreme_019,Extreme,OpenMP,16,4,0.068885088,1
extreme_019,Extreme,OpenMP,16,5,0.027879953,1
extreme_019,Extreme,OMP-BranchBoundMRV,4,1,0.013267994,1
extreme_019,Extreme,OMP-BranchBoundMRV,4,2,0.013267994,1
extreme_019,Extreme,OMP-BranchBoundMRV,4,3,0.013309002,1
extreme_019,Extreme,OMP-BranchBoundMRV,4,4,0.013307095,1
extreme_019,Extreme,OMP-BranchBoundMRV,4,5,0.013259172,1
extreme_019,Extreme,OMP-BranchBoundMRV,8,1,0.019107103,1
extreme_019,Extreme,OMP-BranchBoundMRV,8,2,0.018675089,1
extreme_019,Extreme,OMP-BranchBoundMRV,8,3,0.017464161,1
extreme_019,Extreme,OMP-BranchBoundMRV,8,4,0.024213076,1
extreme_019,Extreme,OMP-BranchBoundMRV,8,5,0.015759945,1
extreme_019,Extreme,OMP-BranchBoundMRV,16,1,0.061914921,1
extreme_019,Extreme,OMP-BranchBoundMRV,16,2,0.029927015,1
extreme_019,Extreme,OMP-BranchBoundMRV,16,3,0.058687925,1
extreme_019,Extreme,OMP-BranchBoundMRV,16,4,0.052756071,1
extreme_019,Extreme,OMP-BranchBoundMRV,16,5,0.079917192,1
extreme_020,Extreme,Serial,1,1,0.011040625,1
extreme_020,Extreme,Serial,1,2,0.011121209,1
extreme_020,Extreme,Serial,1,3,0.011013208,1
extreme_020,Extreme,Serial,1,4,0.011013542,1
extreme_020,Extreme,Serial,1,5,0.010991083,1
extreme_020,Extreme,Serial-MRV,1,1,0.099941666,1
extreme_020,Extreme,Serial-MRV,1,2,0.102596292,1
extreme_020,Extreme,Serial-MRV,1,3,0.101735542,1
extreme_020,Extreme,Serial-MRV,1,4,0.099826458,1
extreme_020,Extreme,Serial-MRV,1,5,0.100574750,1
extreme_020,Extreme,BranchBound,1,1,0.009373333,1
extreme_020,Extreme,BranchBound,1,2,0.009238334,1
extreme_020,Extreme,BranchBound,1,3,0.009241333,1
extreme_020,Extreme,BranchBound,1,4,0.009243500,1
extreme_020,Extreme,BranchBound,1,5,0.009229416,1
extreme_020,Extreme,BranchBoundMRV,1,1,0.127409750,1
extreme_020,Extreme,BranchBoundMRV,1,2,0.131041416,1
extreme_020,Extreme,BranchBoundMRV,1,3,0.127118291,1
extreme_020,Extreme,BranchBoundMRV,1,4,0.126962875,1
extreme_020,Extreme,BranchBoundMRV,1,5,0.127040833,1
extreme_020,Extreme,OpenMP,4,1,0.020683050,1
extreme_020,Extreme,OpenMP,4,2,0.020741940,1
extreme_020,Extreme,OpenMP,4,3,0.020744085,1
extreme_020,Extreme,OpenMP,4,4,0.020918131,1
extreme_020,Extreme,OpenMP,4,5,0.020636082,1
extreme_020,Extreme,OpenMP,8,1,0.029251814,1
extreme_020,Extreme,OpenMP,8,2,0.026880026,1
extreme_020,Extreme,OpenMP,8,3,0.026576996,1
extreme_020,Extreme,OpenMP,8,4,0.027307034,1
extreme_020,Extreme,OpenMP,8,5,0.024064064,1
extreme_020,Extreme,OpenMP,16,1,0.057023048,1
extreme_020,Extreme,OpenMP,16,2,0.087000132,1
extreme_020,Extreme,OpenMP,16,3,0.073626041,1
extreme_020,Extreme,OpenMP,16,4,0.056339979,1
extreme_020,Extreme,OpenMP,16,5,0.116126060,1
extreme_020,Extreme,OMP-BranchBoundMRV,4,1,0.026664019,1
extreme_020,Extreme,OMP-BranchBoundMRV,4,2,0.027153969,1
extreme_020,Extreme,OMP-BranchBoundMRV,4,3,0.026708841,1
extreme_020,Extreme,OMP-BranchBoundMRV,4,4,0.026422024,1
extreme_020,Extreme,OMP-BranchBoundMRV,4,5,0.026441097,1
extreme_020,Extreme,OMP-BranchBoundMRV,8,1,0.035218954,1
extreme_020,Extreme,OMP-BranchBoundMRV,8,2,0.041847944,1
extreme_020,Extreme,OMP-BranchBoundMRV,8,3,0.055043936,1
extreme_020,Extreme,OMP-BranchBoundMRV,8,4,0.037193060,1
extreme_020,Extreme,OMP-BranchBoundMRV,8,5,0.043348074,1
extreme_020,Extreme,OMP-BranchBoundMRV,16,1,0.066796064,1
extreme_020,Extreme,OMP-BranchBoundMRV,16,2,0.093849897,1
extreme_020,Extreme,OMP-BranchBoundMRV,16,3,0.103787899,1
extreme_020,Extreme,OMP-BranchBoundMRV,16,4,0.082675934,1
extreme_020,Extreme,OMP-BranchBoundMRV,16,5,0.087673903,1
extreme_021,Extreme,Serial,1,1,2.396044375,1
extreme_021,Extreme,Serial,1,2,2.408335791,1
extreme_021,Extreme,Serial,1,3,2.429588750,1
extreme_021,Extreme,Serial,1,4,2.399163708,1
extreme_021,Extreme,Serial,1,5,2.435068833,1
extreme_021,Extreme,Serial-MRV,1,1,0.110258916,1
extreme_021,Extreme,Serial-MRV,1,2,0.126452709,1
extreme_021,Extreme,Serial-MRV,1,3,0.112379042,1
extreme_021,Extreme,Serial-MRV,1,4,0.109991583,1
extreme_021,Extreme,Serial-MRV,1,5,0.110191375,1
extreme_021,Extreme,BranchBound,1,1,2.340695458,1
extreme_021,Extreme,BranchBound,1,2,2.278041708,1
extreme_021,Extreme,BranchBound,1,3,2.257361750,1
extreme_021,Extreme,BranchBound,1,4,2.272970917,1
extreme_021,Extreme,BranchBound,1,5,2.279823083,1
extreme_021,Extreme,BranchBoundMRV,1,1,0.154297584,1
extreme_021,Extreme,BranchBoundMRV,1,2,0.156194834,1
extreme_021,Extreme,BranchBoundMRV,1,3,0.154488208,1
extreme_021,Extreme,BranchBoundMRV,1,4,0.153603916,1
extreme_021,Extreme,BranchBoundMRV,1,5,0.155192958,1
extreme_021,Extreme,OpenMP,4,1,0.043562174,1
extreme_021,Extreme,OpenMP,4,2,0.042480946,1
extreme_021,Extreme,OpenMP,4,3,0.042171955,1
extreme_021,Extreme,OpenMP,4,4,0.042142153,1
extreme_021,Extreme,OpenMP,4,5,0.043055058,1
extreme_021,Extreme,OpenMP,8,1,0.048239946,1
extreme_021,Extreme,OpenMP,8,2,0.058068037,1
extreme_021,Extreme,OpenMP,8,3,0.070466042,1
extreme_021,Extreme,OpenMP,8,4,0.048052073,1
extreme_021,Extreme,OpenMP,8,5,0.053757906,1
extreme_021,Extreme,OpenMP,16,1,0.135118961,1
extreme_021,Extreme,OpenMP,16,2,0.132383108,1
extreme_021,Extreme,OpenMP,16,3,0.133083820,1
extreme_021,Extreme,OpenMP,16,4,0.121372938,1
extreme_021,Extreme,OpenMP,16,5,0.153202057,1
extreme_021,Extreme,OMP-BranchBoundMRV,4,1,0.112183809,1
extreme_021,Extreme,OMP-BranchBoundMRV,4,2,0.066841125,1
extreme_021,Extreme,OMP-BranchBoundMRV,4,3,0.058142900,1
extreme_021,Extreme,OMP-BranchBoundMRV,4,4,0.059500933,1
extreme_021,Extreme,OMP-BranchBoundMRV,4,5,0.058053017,1
extreme_021,Extreme,OMP-BranchBoundMRV,8,1,0.088656902,1
extreme_021,Extreme,OMP-BranchBoundMRV,8,2,0.068611860,1
extreme_021,Extreme,OMP-BranchBoundMRV,8,3,0.078104973,1
extreme_021,Extreme,OMP-BranchBoundMRV,8,4,0.081691027,1
extreme_021,Extreme,OMP-BranchBoundMRV,8,5,0.082411051,1
extreme_021,Extreme,OMP-BranchBoundMRV,16,1,0.139192104,1
extreme_021,Extreme,OMP-BranchBoundMRV,16,2,0.205109835,1
extreme_021,Extreme,OMP-BranchBoundMRV,16,3,0.157660007,1
extreme_021,Extreme,OMP-BranchBoundMRV,16,4,0.250524998,1
extreme_021,Extreme,OMP-BranchBoundMRV,16,5,0.220483065,1
extreme_022,Extreme,Serial,1,1,0.016946833,1
extreme_022,Extreme,Serial,1,2,0.016870625,1
extreme_022,Extreme,Serial,1,3,0.016831417,1
extreme_022,Extreme,Serial,1,4,0.017024583,1
extreme_022,Extreme,Serial,1,5,0.016915541,1
extreme_022,Extreme,Serial-MRV,1,1,0.092790125,1
extreme_022,Extreme,Serial-MRV,1,2,0.093166166,1
extreme_022,Extreme,Serial-MRV,1,3,0.092348875,1
extreme_022,Extreme,Serial-MRV,1,4,0.092151417,1
extreme_022,Extreme,Serial-MRV,1,5,0.092268709,1
extreme_022,Extreme,BranchBound,1,1,0.014864500,1
extreme_022,Extreme,BranchBound,1,2,0.014873875,1
extreme_022,Extreme,BranchBound,1,3,0.014796625,1
extreme_022,Extreme,BranchBound,1,4,0.014838333,1
extreme_022,Extreme,BranchBound,1,5,0.014809875,1
extreme_022,Extreme,BranchBoundMRV,1,1,0.120162291,1
extreme_022,Extreme,BranchBoundMRV,1,2,0.121229334,1
extreme_022,Extreme,BranchBoundMRV,1,3,0.120306375,1
extreme_022,Extreme,BranchBoundMRV,1,4,0.119933958,1
extreme_022,Extreme,BranchBoundMRV,1,5,0.119469750,1
extreme_022,Extreme,OpenMP,4,1,0.065175056,1
extreme_022,Extreme,OpenMP,4,2,0.065198183,1
extreme_022,Extreme,OpenMP,4,3,0.068890095,1
extreme_022,Extreme,OpenMP,4,4,0.065936089,1
extreme_022,Extreme,OpenMP,4,5,0.065187931,1
extreme_022,Extreme,OpenMP,8,1,0.047174215,1
extreme_022,Extreme,OpenMP,8,2,0.042940855,1
extreme_022,Extreme,OpenMP,8,3,0.031942129,1
extreme_022,Extreme,OpenMP,8,4,0.055228949,1
extreme_022,Extreme,OpenMP,8,5,0.044883013,1
extreme_022,Extreme,OpenMP,16,1,0.103734970,1
extreme_022,Extreme,OpenMP,16,2,0.083431959,1
extreme_022,Extreme,OpenMP,16,3,0.113610983,1
extreme_022,Extreme,OpenMP,16,4,0.083709955,1
extreme_022,Extreme,OpenMP,16,5,0.144491196,1
extreme_022,Extreme,OMP-BranchBoundMRV,4,1,0.081841946,1
extreme_022,Extreme,OMP-BranchBoundMRV,4,2,0.083091021,1
extreme_022,Extreme,OMP-BranchBoundMRV,4,3,0.081632137,1
extreme_022,Extreme,OMP-BranchBoundMRV,4,4,0.082961798,1
extreme_022,Extreme,OMP-BranchBoundMRV,4,5,0.082877874,1
extreme_022,Extreme,OMP-BranchBoundMRV,8,1,0.075139999,1
extreme_022,Extreme,OMP-BranchBoundMRV,8,2,0.041578054,1
extreme_022,Extreme,OMP-BranchBoundMRV,8,3,0.059350014,1
extreme_022,Extreme,OMP-BranchBoundMRV,8,4,0.058386087,1
extreme_022,Extreme,OMP-BranchBoundMRV,8,5,0.054208994,1
extreme_022,Extreme,OMP-BranchBoundMRV,16,1,0.201862097,1
extreme_022,Extreme,OMP-BranchBoundMRV,16,2,0.098088026,1
extreme_022,Extreme,OMP-BranchBoundMRV,16,3,0.179919004,1
extreme_022,Extreme,OMP-BranchBoundMRV,16,4,0.131064177,1
extreme_022,Extreme,OMP-BranchBoundMRV,16,5,0.159610033,1
extreme_023,Extreme,Serial,1,1,0.001621542,1
extreme_023,Extreme,Serial,1,2,0.001551166,1
extreme_023,Extreme,Serial,1,3,0.001644958,1
extreme_023,Extreme,Serial,1,4,0.001650916,1
extreme_023,Extreme,Serial,1,5,0.001657209,1
extreme_023,Extreme,Serial-MRV,1,1,0.093437791,1
extreme_023,Extreme,Serial-MRV,1,2,0.093774750,1
extreme_023,Extreme,Serial-MRV,1,3,0.093473292,1
extreme_023,Extreme,Serial-MRV,1,4,0.092655250,1
extreme_023,Extreme,Serial-MRV,1,5,0.092315459,1
extreme_023,Extreme,BranchBound,1,1,0.001390208,1
extreme_023,Extreme,BranchBound,1,2,0.001305250,1
extreme_023,Extreme,BranchBound,1,3,0.001304625,1
extreme_023,Extreme,BranchBound,1,4,0.001325375,1
extreme_023,Extreme,BranchBound,1,5,0.001317542,1
extreme_023,Extreme,BranchBoundMRV,1,1,0.116853208,1
extreme_023,Extreme,BranchBoundMRV,1,2,0.117431833,1
extreme_023,Extreme,BranchBoundMRV,1,3,0.117804917,1
extreme_023,Extreme,BranchBoundMRV,1,4,0.116171750,1
extreme_023,Extreme,BranchBoundMRV,1,5,0.117752333,1
extreme_023,Extreme,OpenMP,4,1,0.032475948,1
extreme_023,Extreme,OpenMP,4,2,0.032001019,1
extreme_023,Extreme,OpenMP,4,3,0.032173872,1
extreme_023,Extreme,OpenMP,4,4,0.032095909,1
extreme_023,Extreme,OpenMP,4,5,0.032387972,1
extreme_023,Extreme,OpenMP,8,1,0.032185793,1
extreme_023,Extreme,OpenMP,8,2,0.042570114,1
extreme_023,Extreme,OpenMP,8,3,0.035451889,1
extreme_023,Extreme,OpenMP,8,4,0.065852165,1
extreme_023,Extreme,OpenMP,8,5,0.031941891,1
extreme_023,Extreme,OpenMP,16,1,0.132859945,1
extreme_023,Extreme,OpenMP,16,2,0.168591976,1
extreme_023,Extreme,OpenMP,16,3,0.122694016,1
extreme_023,Extreme,OpenMP,16,4,0.144537926,1
extreme_023,Extreme,OpenMP,16,5,0.125362873,1
extreme_023,Extreme,OMP-BranchBoundMRV,4,1,0.042459965,1
extreme_023,Extreme,OMP-BranchBoundMRV,4,2,0.044037104,1
extreme_023,Extreme,OMP-BranchBoundMRV,4,3,0.044213057,1
extreme_023,Extreme,OMP-BranchBoundMRV,4,4,0.044191122,1
extreme_023,Extreme,OMP-BranchBoundMRV,4,5,0.043807983,1
extreme_023,Extreme,OMP-BranchBoundMRV,8,1,0.061250925,1
extreme_023,Extreme,OMP-BranchBoundMRV,8,2,0.062388897,1
extreme_023,Extreme,OMP-BranchBoundMRV,8,3,0.061043978,1
extreme_023,Extreme,OMP-BranchBoundMRV,8,4,0.067580938,1
extreme_023,Extreme,OMP-BranchBoundMRV,8,5,0.054755926,1
extreme_023,Extreme,OMP-BranchBoundMRV,16,1,0.283272982,1
extreme_023,Extreme,OMP-BranchBoundMRV,16,2,0.086436033,1
extreme_023,Extreme,OMP-BranchBoundMRV,16,3,0.135014057,1
extreme_023,Extreme,OMP-BranchBoundMRV,16,4,0.105249882,1
extreme_023,Extreme,OMP-BranchBoundMRV,16,5,0.121226072,1
extreme_024,Extreme,Serial,1,1,0.040165958,1
extreme_024,Extreme,Serial,1,2,0.039867834,1
extreme_024,Extreme,Serial,1,3,0.040083958,1
extreme_024,Extreme,Serial,1,4,0.040052500,1
extreme_024,Extreme,Serial,1,5,0.040149750,1
extreme_024,Extreme,Serial-MRV,1,1,0.100573792,1
extreme_024,Extreme,Serial-MRV,1,2,0.099950584,1
extreme_024,Extreme,Serial-MRV,1,3,0.099796708,1
extreme_024,Extreme,Serial-MRV,1,4,0.099868458,1
extreme_024,Extreme,Serial-MRV,1,5,0.100640167,1
extreme_024,Extreme,BranchBound,1,1,0.034849000,1
extreme_024,Extreme,BranchBound,1,2,0.034676666,1
extreme_024,Extreme,BranchBound,1,3,0.034434250,1
extreme_024,Extreme,BranchBound,1,4,0.034601792,1
extreme_024,Extreme,BranchBound,1,5,0.034424042,1
extreme_024,Extreme,BranchBoundMRV,1,1,0.129658167,1
extreme_024,Extreme,BranchBoundMRV,1,2,0.130610708,1
extreme_024,Extreme,BranchBoundMRV,1,3,0.129583959,1
extreme_024,Extreme,BranchBoundMRV,1,4,0.130027458,1
extreme_024,Extreme,BranchBoundMRV,1,5,0.129214834,1
extreme_024,Extreme,OpenMP,4,1,0.021672010,1
extreme_024,Extreme,OpenMP,4,2,0.021659136,1
extreme_024,Extreme,OpenMP,4,3,0.021718025,1
extreme_024,Extreme,OpenMP,4,4,0.021763802,1
extreme_024,Extreme,OpenMP,4,5,0.026844978,1
extreme_024,Extreme,OpenMP,8,1,0.035990953,1
extreme_024,Extreme,OpenMP,8,2,0.061334848,1
extreme_024,Extreme,OpenMP,8,3,0.042353153,1
extreme_024,Extreme,OpenMP,8,4,0.026644945,1
extreme_024,Extreme,OpenMP,8,5,0.031231165,1
extreme_024,Extreme,OpenMP,16,1,0.114380121,1
extreme_024,Extreme,OpenMP,16,2,0.066939116,1
extreme_024,Extreme,OpenMP,16,3,0.088274002,1
extreme_024,Extreme,OpenMP,16,4,0.085271835,1
extreme_024,Extreme,OpenMP,16,5,0.140087128,1
extreme_024,Extreme,OMP-BranchBoundMRV,4,1,0.031392097,1
extreme_024,Extreme,OMP-BranchBoundMRV,4,2,0.029173851,1
extreme_024,Extreme,OMP-BranchBoundMRV,4,3,0.030158043,1
extreme_024,Extreme,OMP-BranchBoundMRV,4,4,0.027718067,1
extreme_024,Extreme,OMP-BranchBoundMRV,4,5,0.028137922,1
extreme_024,Extreme,OMP-BranchBoundMRV,8,1,0.034666061,1
extreme_024,Extreme,OMP-BranchBoundMRV,8,2,0.053545952,1
extreme_024,Extreme,OMP-BranchBoundMRV,8,3,0.037683010,1
extreme_024,Extreme,OMP-BranchBoundMRV,8,4,0.050828934,1
extreme_024,Extreme,OMP-BranchBoundMRV,8,5,0.027682066,1
extreme_024,Extreme,OMP-BranchBoundMRV,16,1,0.090534925,1
extreme_024,Extreme,OMP-BranchBoundMRV,16,2,0.080421925,1
extreme_024,Extreme,OMP-BranchBoundMRV,16,3,0.139790058,1
extreme_024,Extreme,OMP-BranchBoundMRV,16,4,0.095810890,1
extreme_024,Extreme,OMP-BranchBoundMRV,16,5,0.070502043,1
extreme_025,Extreme,Serial,1,1,0.060108167,1
extreme_025,Extreme,Serial,1,2,0.040027459,1
extreme_025,Extreme,Serial,1,3,0.034445000,1
extreme_025,Extreme,Serial,1,4,0.034183000,1
extreme_025,Extreme,Serial,1,5,0.034294750,1
extreme_025,Extreme,Serial-MRV,1,1,0.083355750,1
extreme_025,Extreme,Serial-MRV,1,2,0.083131958,1
extreme_025,Extreme,Serial-MRV,1,3,0.084030792,1
extreme_025,Extreme,Serial-MRV,1,4,0.083318417,1
extreme_025,Extreme,Serial-MRV,1,5,0.083107709,1
extreme_025,Extreme,BranchBound,1,1,0.031081250,1
extreme_025,Extreme,BranchBound,1,2,0.031073292,1
extreme_025,Extreme,BranchBound,1,3,0.031524292,1
extreme_025,Extreme,BranchBound,1,4,0.032370917,1
extreme_025,Extreme,BranchBound,1,5,0.033940042,1
extreme_025,Extreme,BranchBoundMRV,1,1,0.106652417,1
extreme_025,Extreme,BranchBoundMRV,1,2,0.106688000,1
extreme_025,Extreme,BranchBoundMRV,1,3,0.105925167,1
extreme_025,Extreme,BranchBoundMRV,1,4,0.108619333,1
extreme_025,Extreme,BranchBoundMRV,1,5,0.123181083,1
extreme_025,Extreme,OpenMP,4,1,0.016473055,1
extreme_025,Extreme,OpenMP,4,2,0.016363144,1
extreme_025,Extreme,OpenMP,4,3,0.016311169,1
extreme_025,Extreme,OpenMP,4,4,0.016770124,1
extreme_025,Extreme,OpenMP,4,5,0.016292095,1
extreme_025,Extreme,OpenMP,8,1,0.040874958,1
extreme_025,Extreme,OpenMP,8,2,0.028744936,1
extreme_025,Extreme,OpenMP,8,3,0.016407013,1
extreme_025,Extreme,OpenMP,8,4,0.021897078,1
extreme_025,Extreme,OpenMP,8,5,0.016730070,1
extreme_025,Extreme,OpenMP,16,1,0.143149137,1
extreme_025,Extreme,OpenMP,16,2,0.049368143,1
extreme_025,Extreme,OpenMP,16,3,0.104480028,1
extreme_025,Extreme,OpenMP,16,4,0.043374062,1
extreme_025,Extreme,OpenMP,16,5,0.050017118,1
extreme_025,Extreme,OMP-BranchBoundMRV,4,1,0.021369934,1
extreme_025,Extreme,OMP-BranchBoundMRV,4,2,0.021310091,1
extreme_025,Extreme,OMP-BranchBoundMRV,4,3,0.043559074,1
extreme_025,Extreme,OMP-BranchBoundMRV,4,4,0.034466982,1
extreme_025,Extreme,OMP-BranchBoundMRV,4,5,0.022090197,1
extreme_025,Extreme,OMP-BranchBoundMRV,8,1,0.025268078,1
extreme_025,Extreme,OMP-BranchBoundMRV,8,2,0.025484085,1
extreme_025,Extreme,OMP-BranchBoundMRV,8,3,0.029096842,1
extreme_025,Extreme,OMP-BranchBoundMRV,8,4,0.029805183,1
extreme_025,Extreme,OMP-BranchBoundMRV,8,5,0.027301073,1
extreme_025,Extreme,OMP-BranchBoundMRV,16,1,0.161594868,1
extreme_025,Extreme,OMP-BranchBoundMRV,16,2,0.099454880,1
extreme_025,Extreme,OMP-BranchBoundMRV,16,3,0.081437111,1
extreme_025,Extreme,OMP-BranchBoundMRV,16,4,0.126009941,1
extreme_025,Extreme,OMP-BranchBoundMRV,16,5,0.060513020,1
extreme_026,Extreme,Serial,1,1,0.002287542,1
extreme_026,Extreme,Serial,1,2,0.002203709,1
extreme_026,Extreme,Serial,1,3,0.002228042,1
extreme_026,Extreme,Serial,1,4,0.002246583,1
extreme_026,Extreme,Serial,1,5,0.002334500,1
extreme_026,Extreme,Serial-MRV,1,1,0.149211708,1
extreme_026,Extreme,Serial-MRV,1,2,0.148632750,1
extreme_026,Extreme,Serial-MRV,1,3,0.161561459,1
extreme_026,Extreme,Serial-MRV,1,4,0.152274041,1
extreme_026,Extreme,Serial-MRV,1,5,0.148481125,1
extreme_026,Extreme,BranchBound,1,1,0.001976958,1
extreme_026,Extreme,BranchBound,1,2,0.001977584,1
extreme_026,Extreme,BranchBound,1,3,0.001986292,1
extreme_026,Extreme,BranchBound,1,4,0.001970208,1
extreme_026,Extreme,BranchBound,1,5,0.001937917,1
extreme_026,Extreme,BranchBoundMRV,1,1,0.214965416,1
extreme_026,Extreme,BranchBoundMRV,1,2,0.211200459,1
extreme_026,Extreme,BranchBoundMRV,1,3,0.214169250,1
extreme_026,Extreme,BranchBoundMRV,1,4,0.215010917,1
extreme_026,Extreme,BranchBoundMRV,1,5,0.288727208,1
extreme_026,Extreme,OpenMP,4,1,0.001058102,1
extreme_026,Extreme,OpenMP,4,2,0.001547813,1
extreme_026,Extreme,OpenMP,4,3,0.001018047,1
extreme_026,Extreme,OpenMP,4,4,0.001443863,1
extreme_026,Extreme,OpenMP,4,5,0.002058029,1
extreme_026,Extreme,OpenMP,8,1,0.010878086,1
extreme_026,Extreme,OpenMP,8,2,0.012949944,1
extreme_026,Extreme,OpenMP,8,3,0.000990152,1
extreme_026,Extreme,OpenMP,8,4,0.012606144,1
extreme_026,Extreme,OpenMP,8,5,0.006041050,1
extreme_026,Extreme,OpenMP,16,1,0.010656834,1
extreme_026,Extreme,OpenMP,16,2,0.017957926,1
extreme_026,Extreme,OpenMP,16,3,0.015664101,1
extreme_026,Extreme,OpenMP,16,4,0.006012917,1
extreme_026,Extreme,OpenMP,16,5,0.014174938,1
extreme_026,Extreme,OMP-BranchBoundMRV,4,1,0.001667023,1
extreme_026,Extreme,OMP-BranchBoundMRV,4,2,0.002997875,1
extreme_026,Extreme,OMP-BranchBoundMRV,4,3,0.002317905,1
extreme_026,Extreme,OMP-BranchBoundMRV,4,4,0.001619816,1
extreme_026,Extreme,OMP-BranchBoundMRV,4,5,0.001398087,1
extreme_026,Extreme,OMP-BranchBoundMRV,8,1,0.012282848,1
extreme_026,Extreme,OMP-BranchBoundMRV,8,2,0.001670122,1
extreme_026,Extreme,OMP-BranchBoundMRV,8,3,0.003991127,1
extreme_026,Extreme,OMP-BranchBoundMRV,8,4,0.008413792,1
extreme_026,Extreme,OMP-BranchBoundMRV,8,5,0.003520966,1
extreme_026,Extreme,OMP-BranchBoundMRV,16,1,0.013324022,1
extreme_026,Extreme,OMP-BranchBoundMRV,16,2,0.043236017,1
extreme_026,Extreme,OMP-BranchBoundMRV,16,3,0.049137115,1
extreme_026,Extreme,OMP-BranchBoundMRV,16,4,0.030494928,1
extreme_026,Extreme,OMP-BranchBoundMRV,16,5,0.038228989,1
extreme_027,Extreme,Serial,1,1,0.040396208,1
extreme_027,Extreme,Serial,1,2,0.040003917,1
extreme_027,Extreme,Serial,1,3,0.040403458,1
extreme_027,Extreme,Serial,1,4,0.039410417,1
extreme_027,Extreme,Serial,1,5,0.039291583,1
extreme_027,Extreme,Serial-MRV,1,1,0.083050500,1
extreme_027,Extreme,Serial-MRV,1,2,0.085760208,1
extreme_027,Extreme,Serial-MRV,1,3,0.083385750,1
extreme_027,Extreme,Serial-MRV,1,4,0.083004750,1
extreme_027,Extreme,Serial-MRV,1,5,0.082758541,1
extreme_027,Extreme,BranchBound,1,1,0.035270250,1
extreme_027,Extreme,BranchBound,1,2,0.035243292,1
extreme_027,Extreme,BranchBound,1,3,0.035016333,1
extreme_027,Extreme,BranchBound,1,4,0.035048875,1
extreme_027,Extreme,BranchBound,1,5,0.035159000,1
extreme_027,Extreme,BranchBoundMRV,1,1,0.108696958,1
extreme_027,Extreme,BranchBoundMRV,1,2,0.108781875,1
extreme_027,Extreme,BranchBoundMRV,1,3,0.108244875,1
extreme_027,Extreme,BranchBoundMRV,1,4,0.108352750,1
extreme_027,Extreme,BranchBoundMRV,1,5,0.108135583,1
extreme_027,Extreme,OpenMP,4,1,0.012949944,1
extreme_027,Extreme,OpenMP,4,2,0.012928009,1
extreme_027,Extreme,OpenMP,4,3,0.013013124,1
extreme_027,Extreme,OpenMP,4,4,0.012926102,1
extreme_027,Extreme,OpenMP,4,5,0.012917042,1
extreme_027,Extreme,OpenMP,8,1,0.019274950,1
extreme_027,Extreme,OpenMP,8,2,0.016663074,1
extreme_027,Extreme,OpenMP,8,3,0.020186901,1
extreme_027,Extreme,OpenMP,8,4,0.013380051,1
extreme_027,Extreme,OpenMP,8,5,0.016649961,1
extreme_027,Extreme,OpenMP,16,1,0.047672987,1
extreme_027,Extreme,OpenMP,16,2,0.070997000,1
extreme_027,Extreme,OpenMP,16,3,0.069948912,1
extreme_027,Extreme,OpenMP,16,4,0.070765018,1
extreme_027,Extreme,OpenMP,16,5,0.055636883,1
extreme_027,Extreme,OMP-BranchBoundMRV,4,1,0.017340899,1
extreme_027,Extreme,OMP-BranchBoundMRV,4,2,0.017324924,1
extreme_027,Extreme,OMP-BranchBoundMRV,4,3,0.017366171,1
extreme_027,Extreme,OMP-BranchBoundMRV,4,4,0.017859936,1
extreme_027,Extreme,OMP-BranchBoundMRV,4,5,0.017417908,1
extreme_027,Extreme,OMP-BranchBoundMRV,8,1,0.044511080,1
extreme_027,Extreme,OMP-BranchBoundMRV,8,2,0.023697853,1
extreme_027,Extreme,OMP-BranchBoundMRV,8,3,0.030947924,1
extreme_027,Extreme,OMP-BranchBoundMRV,8,4,0.023522854,1
extreme_027,Extreme,OMP-BranchBoundMRV,8,5,0.032772064,1
extreme_027,Extreme,OMP-BranchBoundMRV,16,1,0.151219130,1
extreme_027,Extreme,OMP-BranchBoundMRV,16,2,0.075692892,1
extreme_027,Extreme,OMP-BranchBoundMRV,16,3,0.059386969,1
extreme_027,Extreme,OMP-BranchBoundMRV,16,4,0.075746059,1
extreme_027,Extreme,OMP-BranchBoundMRV,16,5,0.114029884,1
extreme_028,Extreme,Serial,1,1,0.037307375,1
extreme_028,Extreme,Serial,1,2,0.037514500,1
extreme_028,Extreme,Serial,1,3,0.037399958,1
extreme_028,Extreme,Serial,1,4,0.037457334,1
extreme_028,Extreme,Serial,1,5,0.037385542,1
extreme_028,Extreme,Serial-MRV,1,1,0.114255750,1
extreme_028,Extreme,Serial-MRV,1,2,0.114148500,1
extreme_028,Extreme,Serial-MRV,1,3,0.114265000,1
extreme_028,Extreme,Serial-MRV,1,4,0.113954333,1
extreme_028,Extreme,Serial-MRV,1,5,0.113454541,1
extreme_028,Extreme,BranchBound,1,1,0.032125666,1
extreme_028,Extreme,BranchBound,1,2,0.032545625,1
extreme_028,Extreme,BranchBound,1,3,0.032197625,1
extreme_028,Extreme,BranchBound,1,4,0.032172041,1
extreme_028,Extreme,BranchBound,1,5,0.032219334,1
extreme_028,Extreme,BranchBoundMRV,1,1,0.149977208,1
extreme_028,Extreme,BranchBoundMRV,1,2,0.151745625,1
extreme_028,Extreme,BranchBoundMRV,1,3,0.149895458,1
extreme_028,Extreme,BranchBoundMRV,1,4,0.149737750,1
extreme_028,Extreme,BranchBoundMRV,1,5,0.149523834,1
extreme_028,Extreme,OpenMP,4,1,0.013722897,1
extreme_028,Extreme,OpenMP,4,2,0.013708115,1
extreme_028,Extreme,OpenMP,4,3,0.013695955,1
extreme_028,Extreme,OpenMP,4,4,0.013687849,1
extreme_028,Extreme,OpenMP,4,5,0.014070988,1
extreme_028,Extreme,OpenMP,8,1,0.020459890,1
extreme_028,Extreme,OpenMP,8,2,0.026793003,1
extreme_028,Extreme,OpenMP,8,3,0.018649101,1
extreme_028,Extreme,OpenMP,8,4,0.020231009,1
extreme_028,Extreme,OpenMP,8,5,0.021924019,1
extreme_028,Extreme,OpenMP,16,1,0.076637030,1
extreme_028,Extreme,OpenMP,16,2,0.066662073,1
extreme_028,Extreme,OpenMP,16,3,0.099797964,1
extreme_028,Extreme,OpenMP,16,4,0.124356985,1
extreme_028,Extreme,OpenMP,16,5,0.059804916,1
extreme_028,Extreme,OMP-BranchBoundMRV,4,1,0.018797159,1
extreme_028,Extreme,OMP-BranchBoundMRV,4,2,0.018698931,1
extreme_028,Extreme,OMP-BranchBoundMRV,4,3,0.019403934,1
extreme_028,Extreme,OMP-BranchBoundMRV,4,4,0.018877029,1
extreme_028,Extreme,OMP-BranchBoundMRV,4,5,0.018789053,1
extreme_028,Extreme,OMP-BranchBoundMRV,8,1,0.029739141,1
extreme_028,Extreme,OMP-BranchBoundMRV,8,2,0.024958134,1
extreme_028,Extreme,OMP-BranchBoundMRV,8,3,0.024864197,1
extreme_028,Extreme,OMP-BranchBoundMRV,8,4,0.025393009,1
extreme_028,Extreme,OMP-BranchBoundMRV,8,5,0.026489973,1
extreme_028,Extreme,OMP-BranchBoundMRV,16,1,0.059314966,1
extreme_028,Extreme,OMP-BranchBoundMRV,16,2,0.071754217,1
extreme_028,Extreme,OMP-BranchBoundMRV,16,3,0.163901091,1
extreme_028,Extreme,OMP-BranchBoundMRV,16,4,0.052978992,1
extreme_028,Extreme,OMP-BranchBoundMRV,16,5,0.149703026,1
extreme_029,Extreme,Serial,1,1,0.133378833,1
extreme_029,Extreme,Serial,1,2,0.133423000,1
extreme_029,Extreme,Serial,1,3,0.132773875,1
extreme_029,Extreme,Serial,1,4,0.132642042,1
extreme_029,Extreme,Serial,1,5,0.132837458,1
extreme_029,Extreme,Serial-MRV,1,1,0.121959333,1
extreme_029,Extreme,Serial-MRV,1,2,0.125236084,1
extreme_029,Extreme,Serial-MRV,1,3,0.123693583,1
extreme_029,Extreme,Serial-MRV,1,4,0.121594125,1
extreme_029,Extreme,Serial-MRV,1,5,0.121462542,1
extreme_029,Extreme,BranchBound,1,1,0.116335708,1
extreme_029,Extreme,BranchBound,1,2,0.116676416,1
extreme_029,Extreme,BranchBound,1,3,0.116846041,1
extreme_029,Extreme,BranchBound,1,4,0.116831750,1
extreme_029,Extreme,BranchBound,1,5,0.116344542,1
extreme_029,Extreme,BranchBoundMRV,1,1,0.159604333,1
extreme_029,Extreme,BranchBoundMRV,1,2,0.159993541,1
extreme_029,Extreme,BranchBoundMRV,1,3,0.161146125,1
extreme_029,Extreme,BranchBoundMRV,1,4,0.159706666,1
extreme_029,Extreme,BranchBoundMRV,1,5,0.159772292,1
extreme_029,Extreme,OpenMP,4,1,0.034031153,1
extreme_029,Extreme,OpenMP,4,2,0.034164190,1
extreme_029,Extreme,OpenMP,4,3,0.034044981,1
extreme_029,Extreme,OpenMP,4,4,0.034038067,1
extreme_029,Extreme,OpenMP,4,5,0.034811974,1
extreme_029,Extreme,OpenMP,8,1,0.071811914,1
extreme_029,Extreme,OpenMP,8,2,0.046758890,1
extreme_029,Extreme,OpenMP,8,3,0.067071915,1
extreme_029,Extreme,OpenMP,8,4,0.040558815,1
extreme_029,Extreme,OpenMP,8,5,0.040927887,1
extreme_029,Extreme,OpenMP,16,1,0.128314972,1
extreme_029,Extreme,OpenMP,16,2,0.094875097,1
extreme_029,Extreme,OpenMP,16,3,0.091246843,1
extreme_029,Extreme,OpenMP,16,4,0.078608036,1
extreme_029,Extreme,OpenMP,16,5,0.116660833,1
extreme_029,Extreme,OMP-BranchBoundMRV,4,1,0.045494080,1
extreme_029,Extreme,OMP-BranchBoundMRV,4,2,0.045518875,1
extreme_029,Extreme,OMP-BranchBoundMRV,4,3,0.045560837,1
extreme_029,Extreme,OMP-BranchBoundMRV,4,4,0.046928883,1
extreme_029,Extreme,OMP-BranchBoundMRV,4,5,0.047910929,1
extreme_029,Extreme,OMP-BranchBoundMRV,8,1,0.054539919,1
extreme_029,Extreme,OMP-BranchBoundMRV,8,2,0.103052855,1
extreme_029,Extreme,OMP-BranchBoundMRV,8,3,0.062916994,1
extreme_029,Extreme,OMP-BranchBoundMRV,8,4,0.045504093,1
extreme_029,Extreme,OMP-BranchBoundMRV,8,5,0.075075865,1
extreme_029,Extreme,OMP-BranchBoundMRV,16,1,0.196212053,1
extreme_029,Extreme,OMP-BranchBoundMRV,16,2,0.169862032,1
extreme_029,Extreme,OMP-BranchBoundMRV,16,3,0.137236834,1
extreme_029,Extreme,OMP-BranchBoundMRV,16,4,0.191179037,1
extreme_029,Extreme,OMP-BranchBoundMRV,16,5,0.142048120,1
extreme_030,Extreme,Serial,1,1,0.048946875,1
extreme_030,Extreme,Serial,1,2,0.047355000,1
extreme_030,Extreme,Serial,1,3,0.047108583,1
extreme_030,Extreme,Serial,1,4,0.046947583,1
extreme_030,Extreme,Serial,1,5,0.047421958,1
extreme_030,Extreme,Serial-MRV,1,1,0.086975208,1
extreme_030,Extreme,Serial-MRV,1,2,0.086941875,1
extreme_030,Extreme,Serial-MRV,1,3,0.087433708,1
extreme_030,Extreme,Serial-MRV,1,4,0.087825125,1
extreme_030,Extreme,Serial-MRV,1,5,0.087722917,1
extreme_030,Extreme,BranchBound,1,1,0.041818875,1
extreme_030,Extreme,BranchBound,1,2,0.041898958,1
extreme_030,Extreme,BranchBound,1,3,0.041843875,1
extreme_030,Extreme,BranchBound,1,4,0.041856125,1
extreme_030,Extreme,BranchBound,1,5,0.042108666,1
extreme_030,Extreme,BranchBoundMRV,1,1,0.119003208,1
extreme_030,Extreme,BranchBoundMRV,1,2,0.119413875,1
extreme_030,Extreme,BranchBoundMRV,1,3,0.119517125,1
extreme_030,Extreme,BranchBoundMRV,1,4,0.119052000,1
extreme_030,Extreme,BranchBoundMRV,1,5,0.118864667,1
extreme_030,Extreme,OpenMP,4,1,0.040248156,1
extreme_030,Extreme,OpenMP,4,2,0.040224075,1
extreme_030,Extreme,OpenMP,4,3,0.040138006,1
extreme_030,Extreme,OpenMP,4,4,0.040292978,1
extreme_030,Extreme,OpenMP,4,5,0.040163994,1
extreme_030,Extreme,OpenMP,8,1,0.075719118,1
extreme_030,Extreme,OpenMP,8,2,0.070798159,1
extreme_030,Extreme,OpenMP,8,3,0.059998989,1
extreme_030,Extreme,OpenMP,8,4,0.055175066,1
extreme_030,Extreme,OpenMP,8,5,0.067708969,1
extreme_030,Extreme,OpenMP,16,1,0.122725010,1
extreme_030,Extreme,OpenMP,16,2,0.145154953,1
extreme_030,Extreme,OpenMP,16,3,0.121448994,1
extreme_030,Extreme,OpenMP,16,4,0.138379097,1
extreme_030,Extreme,OpenMP,16,5,0.146713018,1
extreme_030,Extreme,OMP-BranchBoundMRV,4,1,0.058816910,1
extreme_030,Extreme,OMP-BranchBoundMRV,4,2,0.058788061,1
extreme_030,Extreme,OMP-BranchBoundMRV,4,3,0.058557987,1
extreme_030,Extreme,OMP-BranchBoundMRV,4,4,0.058726072,1
extreme_030,Extreme,OMP-BranchBoundMRV,4,5,0.057850122,1
extreme_030,Extreme,OMP-BranchBoundMRV,8,1,0.074733973,1
extreme_030,Extreme,OMP-BranchBoundMRV,8,2,0.071040869,1
extreme_030,Extreme,OMP-BranchBoundMRV,8,3,0.076400995,1
extreme_030,Extreme,OMP-BranchBoundMRV,8,4,0.091929197,1
extreme_030,Extreme,OMP-BranchBoundMRV,8,5,0.093795061,1
extreme_030,Extreme,OMP-BranchBoundMRV,16,1,0.235763073,1
extreme_030,Extreme,OMP-BranchBoundMRV,16,2,0.173921108,1
extreme_030,Extreme,OMP-BranchBoundMRV,16,3,0.240110874,1
extreme_030,Extreme,OMP-BranchBoundMRV,16,4,0.193804979,1
extreme_030,Extreme,OMP-BranchBoundMRV,16,5,0.175078154,1
extreme_031,Extreme,Serial,1,1,0.021919666,1
extreme_031,Extreme,Serial,1,2,0.021491750,1
extreme_031,Extreme,Serial,1,3,0.020762333,1
extreme_031,Extreme,Serial,1,4,0.020750709,1
extreme_031,Extreme,Serial,1,5,0.021041750,1
extreme_031,Extreme,Serial-MRV,1,1,0.173316417,1
extreme_031,Extreme,Serial-MRV,1,2,0.171668875,1
extreme_031,Extreme,Serial-MRV,1,3,0.171385584,1
extreme_031,Extreme,Serial-MRV,1,4,0.170468083,1
extreme_031,Extreme,Serial-MRV,1,5,0.171032084,1
extreme_031,Extreme,BranchBound,1,1,0.018262209,1
extreme_031,Extreme,BranchBound,1,2,0.018221584,1
extreme_031,Extreme,BranchBound,1,3,0.018215334,1
extreme_031,Extreme,BranchBound,1,4,0.018190500,1
extreme_031,Extreme,BranchBound,1,5,0.018504292,1
extreme_031,Extreme,BranchBoundMRV,1,1,0.218939083,1
extreme_031,Extreme,BranchBoundMRV,1,2,0.215452625,1
extreme_031,Extreme,BranchBoundMRV,1,3,0.216479125,1
extreme_031,Extreme,BranchBoundMRV,1,4,0.215381500,1
extreme_031,Extreme,BranchBoundMRV,1,5,0.216704792,1
extreme_031,Extreme,OpenMP,4,1,0.000931978,1
extreme_031,Extreme,OpenMP,4,2,0.006778002,1
extreme_031,Extreme,OpenMP,4,3,0.006824017,1
extreme_031,Extreme,OpenMP,4,4,0.006772041,1
extreme_031,Extreme,OpenMP,4,5,0.006798029,1
extreme_031,Extreme,OpenMP,8,1,0.006732941,1
extreme_031,Extreme,OpenMP,8,2,0.001024961,1
extreme_031,Extreme,OpenMP,8,3,0.002028942,1
extreme_031,Extreme,OpenMP,8,4,0.002446890,1
extreme_031,Extreme,OpenMP,8,5,0.002016068,1
extreme_031,Extreme,OpenMP,16,1,0.021507978,1
extreme_031,Extreme,OpenMP,16,2,0.043421984,1
extreme_031,Extreme,OpenMP,16,3,0.074625969,1
extreme_031,Extreme,OpenMP,16,4,0.036557913,1
extreme_031,Extreme,OpenMP,16,5,0.045463085,1
extreme_031,Extreme,OMP-BranchBoundMRV,4,1,0.008498907,1
extreme_031,Extreme,OMP-BranchBoundMRV,4,2,0.008553028,1
extreme_031,Extreme,OMP-BranchBoundMRV,4,3,0.008556128,1
extreme_031,Extreme,OMP-BranchBoundMRV,4,4,0.008502007,1
extreme_031,Extreme,OMP-BranchBoundMRV,4,5,0.008483887,1
extreme_031,Extreme,OMP-BranchBoundMRV,8,1,0.003468037,1
extreme_031,Extreme,OMP-BranchBoundMRV,8,2,0.003808022,1
extreme_031,Extreme,OMP-BranchBoundMRV,8,3,0.003356934,1
extreme_031,Extreme,OMP-BranchBoundMRV,8,4,0.003098011,1
extreme_031,Extreme,OMP-BranchBoundMRV,8,5,0.017869949,1
extreme_031,Extreme,OMP-BranchBoundMRV,16,1,0.033971786,1
extreme_031,Extreme,OMP-BranchBoundMRV,16,2,0.020094156,1
extreme_031,Extreme,OMP-BranchBoundMRV,16,3,0.031377077,1
extreme_031,Extreme,OMP-BranchBoundMRV,16,4,0.015138865,1
extreme_031,Extreme,OMP-BranchBoundMRV,16,5,0.114392996,1
extreme_032,Extreme,Serial,1,1,0.007154375,1
extreme_032,Extreme,Serial,1,2,0.007181292,1
extreme_032,Extreme,Serial,1,3,0.007194834,1
extreme_032,Extreme,Serial,1,4,0.007136792,1
extreme_032,Extreme,Serial,1,5,0.007169375,1
extreme_032,Extreme,Serial-MRV,1,1,0.085649375,1
extreme_032,Extreme,Serial-MRV,1,2,0.089231375,1
extreme_032,Extreme,Serial-MRV,1,3,0.087885416,1
extreme_032,Extreme,Serial-MRV,1,4,0.086527500,1
extreme_032,Extreme,Serial-MRV,1,5,0.085614375,1
extreme_032,Extreme,BranchBound,1,1,0.006251875,1
extreme_032,Extreme,BranchBound,1,2,0.006219458,1
extreme_032,Extreme,BranchBound,1,3,0.006326875,1
extreme_032,Extreme,BranchBound,1,4,0.006194917,1
extreme_032,Extreme,BranchBound,1,5,0.006206625,1
extreme_032,Extreme,BranchBoundMRV,1,1,0.114618042,1
extreme_032,Extreme,BranchBoundMRV,1,2,0.115183625,1
extreme_032,Extreme,BranchBoundMRV,1,3,0.114089458,1
extreme_032,Extreme,BranchBoundMRV,1,4,0.114303625,1
extreme_032,Extreme,BranchBoundMRV,1,5,0.114284209,1
extreme_032,Extreme,OpenMP,4,1,0.014622927,1
extreme_032,Extreme,OpenMP,4,2,0.014534950,1
extreme_032,Extreme,OpenMP,4,3,0.014527082,1
extreme_032,Extreme,OpenMP,4,4,0.014531136,1
extreme_032,Extreme,OpenMP,4,5,0.015196085,1
extreme_032,Extreme,OpenMP,8,1,0.020529985,1
extreme_032,Extreme,OpenMP,8,2,0.018491030,1
extreme_032,Extreme,OpenMP,8,3,0.021858215,1
extreme_032,Extreme,OpenMP,8,4,0.034132957,1
extreme_032,Extreme,OpenMP,8,5,0.026082993,1
extreme_032,Extreme,OpenMP,16,1,0.085572004,1
extreme_032,Extreme,OpenMP,16,2,0.046758175,1
extreme_032,Extreme,OpenMP,16,3,0.066665888,1
extreme_032,Extreme,OpenMP,16,4,0.049777985,1
extreme_032,Extreme,OpenMP,16,5,0.101182938,1
extreme_032,Extreme,OMP-BranchBoundMRV,4,1,0.020190001,1
extreme_032,Extreme,OMP-BranchBoundMRV,4,2,0.022072077,1
extreme_032,Extreme,OMP-BranchBoundMRV,4,3,0.021295071,1
extreme_032,Extreme,OMP-BranchBoundMRV,4,4,0.021563053,1
extreme_032,Extreme,OMP-BranchBoundMRV,4,5,0.021648884,1
extreme_032,Extreme,OMP-BranchBoundMRV,8,1,0.044560194,1
extreme_032,Extreme,OMP-BranchBoundMRV,8,2,0.036458015,1
extreme_032,Extreme,OMP-BranchBoundMRV,8,3,0.021934986,1
extreme_032,Extreme,OMP-BranchBoundMRV,8,4,0.036377907,1
extreme_032,Extreme,OMP-BranchBoundMRV,8,5,0.040917873,1
extreme_032,Extreme,OMP-BranchBoundMRV,16,1,0.187757015,1
extreme_032,Extreme,OMP-BranchBoundMRV,16,2,0.108787060,1
extreme_032,Extreme,OMP-BranchBoundMRV,16,3,0.063568830,1
extreme_032,Extreme,OMP-BranchBoundMRV,16,4,0.064554930,1
extreme_032,Extreme,OMP-BranchBoundMRV,16,5,0.103652000,1
extreme_033,Extreme,Serial,1,1,0.071587917,1
extreme_033,Extreme,Serial,1,2,0.071256417,1
extreme_033,Extreme,Serial,1,3,0.071460000,1
extreme_033,Extreme,Serial,1,4,0.071299458,1
extreme_033,Extreme,Serial,1,5,0.071348917,1
extreme_033,Extreme,Serial-MRV,1,1,0.097167208,1
extreme_033,Extreme,Serial-MRV,1,2,0.097092583,1
extreme_033,Extreme,Serial-MRV,1,3,0.097403667,1
extreme_033,Extreme,Serial-MRV,1,4,0.097494125,1
extreme_033,Extreme,Serial-MRV,1,5,0.097083167,1
extreme_033,Extreme,BranchBound,1,1,0.055986750,1
extreme_033,Extreme,BranchBound,1,2,0.056090541,1
extreme_033,Extreme,BranchBound,1,3,0.056255792,1
extreme_033,Extreme,BranchBound,1,4,0.056773667,1
extreme_033,Extreme,BranchBound,1,5,0.056520042,1
extreme_033,Extreme,BranchBoundMRV,1,1,0.140188542,1
extreme_033,Extreme,BranchBoundMRV,1,2,0.139122208,1
extreme_033,Extreme,BranchBoundMRV,1,3,0.139206250,1
extreme_033,Extreme,BranchBoundMRV,1,4,0.140132208,1
extreme_033,Extreme,BranchBoundMRV,1,5,0.139531709,1
extreme_033,Extreme,OpenMP,4,1,0.013914108,1
extreme_033,Extreme,OpenMP,4,2,0.013923168,1
extreme_033,Extreme,OpenMP,4,3,0.014338017,1
extreme_033,Extreme,OpenMP,4,4,0.014262915,1
extreme_033,Extreme,OpenMP,4,5,0.014240026,1
extreme_033,Extreme,OpenMP,8,1,0.023826122,1
extreme_033,Extreme,OpenMP,8,2,0.014099121,1
extreme_033,Extreme,OpenMP,8,3,0.034266949,1
extreme_033,Extreme,OpenMP,8,4,0.082165956,1
extreme_033,Extreme,OpenMP,8,5,0.029065132,1
extreme_033,Extreme,OpenMP,16,1,0.126105070,1
extreme_033,Extreme,OpenMP,16,2,0.144957066,1
extreme_033,Extreme,OpenMP,16,3,0.043921947,1
extreme_033,Extreme,OpenMP,16,4,0.061691046,1
extreme_033,Extreme,OpenMP,16,5,0.081970930,1
extreme_033,Extreme,OMP-BranchBoundMRV,4,1,0.018856049,1
extreme_033,Extreme,OMP-BranchBoundMRV,4,2,0.018688917,1
extreme_033,Extreme,OMP-BranchBoundMRV,4,3,0.018669844,1
extreme_033,Extreme,OMP-BranchBoundMRV,4,4,0.018556833,1
extreme_033,Extreme,OMP-BranchBoundMRV,4,5,0.018659115,1
extreme_033,Extreme,OMP-BranchBoundMRV,8,1,0.024811983,1
extreme_033,Extreme,OMP-BranchBoundMRV,8,2,0.031147003,1
extreme_033,Extreme,OMP-BranchBoundMRV,8,3,0.029254198,1
extreme_033,Extreme,OMP-BranchBoundMRV,8,4,0.028096914,1
extreme_033,Extreme,OMP-BranchBoundMRV,8,5,0.019160986,1
extreme_033,Extreme,OMP-BranchBoundMRV,16,1,0.147688866,1
extreme_033,Extreme,OMP-BranchBoundMRV,16,2,0.111765862,1
extreme_033,Extreme,OMP-BranchBoundMRV,16,3,0.093595028,1
extreme_033,Extreme,OMP-BranchBoundMRV,16,4,0.083554983,1
extreme_033,Extreme,OMP-BranchBoundMRV,16,5,0.096672058,1
extreme_034,Extreme,Serial,1,1,0.041630083,1
extreme_034,Extreme,Serial,1,2,0.041736959,1
extreme_034,Extreme,Serial,1,3,0.041456042,1
extreme_034,Extreme,Serial,1,4,0.041664583,1
extreme_034,Extreme,Serial,1,5,0.041757250,1
extreme_034,Extreme,Serial-MRV,1,1,0.073172750,1
extreme_034,Extreme,Serial-MRV,1,2,0.073010292,1
extreme_034,Extreme,Serial-MRV,1,3,0.073366500,1
extreme_034,Extreme,Serial-MRV,1,4,0.075611416,1
extreme_034,Extreme,Serial-MRV,1,5,0.074272084,1
extreme_034,Extreme,BranchBound,1,1,0.038403584,1
extreme_034,Extreme,BranchBound,1,2,0.038272042,1
extreme_034,Extreme,BranchBound,1,3,0.038296666,1
extreme_034,Extreme,BranchBound,1,4,0.038355334,1
extreme_034,Extreme,BranchBound,1,5,0.038299708,1
extreme_034,Extreme,BranchBoundMRV,1,1,0.096816166,1
extreme_034,Extreme,BranchBoundMRV,1,2,0.096212458,1
extreme_034,Extreme,BranchBoundMRV,1,3,0.131408833,1
extreme_034,Extreme,BranchBoundMRV,1,4,0.099272125,1
extreme_034,Extreme,BranchBoundMRV,1,5,0.096570500,1
extreme_034,Extreme,OpenMP,4,1,0.025918007,1
extreme_034,Extreme,OpenMP,4,2,0.023628950,1
extreme_034,Extreme,OpenMP,4,3,0.024889946,1
extreme_034,Extreme,OpenMP,4,4,0.025285959,1
extreme_034,Extreme,OpenMP,4,5,0.024024963,1
extreme_034,Extreme,OpenMP,8,1,0.032442808,1
extreme_034,Extreme,OpenMP,8,2,0.031884909,1
extreme_034,Extreme,OpenMP,8,3,0.051436901,1
extreme_034,Extreme,OpenMP,8,4,0.033097982,1
extreme_034,Extreme,OpenMP,8,5,0.033117056,1
extreme_034,Extreme,OpenMP,16,1,0.061619043,1
extreme_034,Extreme,OpenMP,16,2,0.076111078,1
extreme_034,Extreme,OpenMP,16,3,0.111322165,1
extreme_034,Extreme,OpenMP,16,4,0.104943037,1
extreme_034,Extreme,OpenMP,16,5,0.107095003,1
extreme_034,Extreme,OMP-BranchBoundMRV,4,1,0.032866955,1
extreme_034,Extreme,OMP-BranchBoundMRV,4,2,0.032058001,1
extreme_034,Extreme,OMP-BranchBoundMRV,4,3,0.032021046,1
extreme_034,Extreme,OMP-BranchBoundMRV,4,4,0.032485962,1
extreme_034,Extreme,OMP-BranchBoundMRV,4,5,0.032121897,1
extreme_034,Extreme,OMP-BranchBoundMRV,8,1,0.053084135,1
extreme_034,Extreme,OMP-BranchBoundMRV,8,2,0.056338787,1
extreme_034,Extreme,OMP-BranchBoundMRV,8,3,0.051378965,1
extreme_034,Extreme,OMP-BranchBoundMRV,8,4,0.072081089,1
extreme_034,Extreme,OMP-BranchBoundMRV,8,5,0.032747030,1
extreme_034,Extreme,OMP-BranchBoundMRV,16,1,0.141286135,1
extreme_034,Extreme,OMP-BranchBoundMRV,16,2,0.172111034,1
extreme_034,Extreme,OMP-BranchBoundMRV,16,3,0.107172012,1
extreme_034,Extreme,OMP-BranchBoundMRV,16,4,0.136633158,1
extreme_034,Extreme,OMP-BranchBoundMRV,16,5,0.137702942,1
extreme_035,Extreme,Serial,1,1,0.053239875,1
extreme_035,Extreme,Serial,1,2,0.052720792,1
extreme_035,Extreme,Serial,1,3,0.051830375,1
extreme_035,Extreme,Serial,1,4,0.052156625,1
extreme_035,Extreme,Serial,1,5,0.051928584,1
extreme_035,Extreme,Serial-MRV,1,1,0.098919541,1
extreme_035,Extreme,Serial-MRV,1,2,0.098760833,1
extreme_035,Extreme,Serial-MRV,1,3,0.100090083,1
extreme_035,Extreme,Serial-MRV,1,4,0.099519541,1
extreme_035,Extreme,Serial-MRV,1,5,0.100876250,1
extreme_035,Extreme,BranchBound,1,1,0.048180000,1
extreme_035,Extreme,BranchBound,1,2,0.047406500,1
extreme_035,Extreme,BranchBound,1,3,0.047484959,1
extreme_035,Extreme,BranchBound,1,4,0.047539959,1
extreme_035,Extreme,BranchBound,1,5,0.047624792,1
extreme_035,Extreme,BranchBoundMRV,1,1,0.121658708,1
extreme_035,Extreme,BranchBoundMRV,1,2,0.121644583,1
extreme_035,Extreme,BranchBoundMRV,1,3,0.122973459,1
extreme_035,Extreme,BranchBoundMRV,1,4,0.123798375,1
extreme_035,Extreme,BranchBoundMRV,1,5,0.121505167,1
extreme_035,Extreme,OpenMP,4,1,0.001765013,1
extreme_035,Extreme,OpenMP,4,2,0.001729965,1
extreme_035,Extreme,OpenMP,4,3,0.001734018,1
extreme_035,Extreme,OpenMP,4,4,0.001733065,1
extreme_035,Extreme,OpenMP,4,5,0.001737833,1
extreme_035,Extreme,OpenMP,8,1,0.003974915,1
extreme_035,Extreme,OpenMP,8,2,0.004076004,1
extreme_035,Extreme,OpenMP,8,3,0.004261017,1
extreme_035,Extreme,OpenMP,8,4,0.003951073,1
extreme_035,Extreme,OpenMP,8,5,0.007883072,1
extreme_035,Extreme,OpenMP,16,1,0.018897057,1
extreme_035,Extreme,OpenMP,16,2,0.020153046,1
extreme_035,Extreme,OpenMP,16,3,0.027964830,1
extreme_035,Extreme,OpenMP,16,4,0.040359974,1
extreme_035,Extreme,OpenMP,16,5,0.020607948,1
extreme_035,Extreme,OMP-BranchBoundMRV,4,1,0.002233982,1
extreme_035,Extreme,OMP-BranchBoundMRV,4,2,0.002262831,1
extreme_035,Extreme,OMP-BranchBoundMRV,4,3,0.002220869,1
extreme_035,Extreme,OMP-BranchBoundMRV,4,4,0.002203941,1
extreme_035,Extreme,OMP-BranchBoundMRV,4,5,0.002221107,1
extreme_035,Extreme,OMP-BranchBoundMRV,8,1,0.002257824,1
extreme_035,Extreme,OMP-BranchBoundMRV,8,2,0.002344847,1
extreme_035,Extreme,OMP-BranchBoundMRV,8,3,0.005117893,1
extreme_035,Extreme,OMP-BranchBoundMRV,8,4,0.002297878,1
extreme_035,Extreme,OMP-BranchBoundMRV,8,5,0.004702091,1
extreme_035,Extreme,OMP-BranchBoundMRV,16,1,0.066092968,1
extreme_035,Extreme,OMP-BranchBoundMRV,16,2,0.030111074,1
extreme_035,Extreme,OMP-BranchBoundMRV,16,3,0.027418137,1
extreme_035,Extreme,OMP-BranchBoundMRV,16,4,0.048792124,1
extreme_035,Extreme,OMP-BranchBoundMRV,16,5,0.012697935,1
extreme_036,Extreme,Serial,1,1,0.018907667,1
extreme_036,Extreme,Serial,1,2,0.018679000,1
extreme_036,Extreme,Serial,1,3,0.018763833,1
extreme_036,Extreme,Serial,1,4,0.018732334,1
extreme_036,Extreme,Serial,1,5,0.018728458,1
extreme_036,Extreme,Serial-MRV,1,1,0.099160959,1
extreme_036,Extreme,Serial-MRV,1,2,0.099401875,1
extreme_036,Extreme,Serial-MRV,1,3,0.098898000,1
extreme_036,Extreme,Serial-MRV,1,4,0.103348291,1
extreme_036,Extreme,Serial-MRV,1,5,0.110636541,1
extreme_036,Extreme,BranchBound,1,1,0.017191125,1
extreme_036,Extreme,BranchBound,1,2,0.017228041,1
extreme_036,Extreme,BranchBound,1,3,0.017004042,1
extreme_036,Extreme,BranchBound,1,4,0.017315667,1
extreme_036,Extreme,BranchBound,1,5,0.017317750,1
extreme_036,Extreme,BranchBoundMRV,1,1,0.129780208,1
extreme_036,Extreme,BranchBoundMRV,1,2,0.133203417,1
extreme_036,Extreme,BranchBoundMRV,1,3,0.128590708,1
extreme_036,Extreme,BranchBoundMRV,1,4,0.129894916,1
extreme_036,Extreme,BranchBoundMRV,1,5,0.129871083,1
extreme_036,Extreme,OpenMP,4,1,0.003663063,1
extreme_036,Extreme,OpenMP,4,2,0.003385067,1
extreme_036,Extreme,OpenMP,4,3,0.003395081,1
extreme_036,Extreme,OpenMP,4,4,0.003395081,1
extreme_036,Extreme,OpenMP,4,5,0.003401995,1
extreme_036,Extreme,OpenMP,8,1,0.008908987,1
extreme_036,Extreme,OpenMP,8,2,0.003448009,1
extreme_036,Extreme,OpenMP,8,3,0.004122972,1
extreme_036,Extreme,OpenMP,8,4,0.006688118,1
extreme_036,Extreme,OpenMP,8,5,0.006488085,1
extreme_036,Extreme,OpenMP,16,1,0.019317865,1
extreme_036,Extreme,OpenMP,16,2,0.021030903,1
extreme_036,Extreme,OpenMP,16,3,0.041184902,1
extreme_036,Extreme,OpenMP,16,4,0.029170990,1
extreme_036,Extreme,OpenMP,16,5,0.042052984,1
extreme_036,Extreme,OMP-BranchBoundMRV,4,1,0.004985094,1
extreme_036,Extreme,OMP-BranchBoundMRV,4,2,0.004776001,1
extreme_036,Extreme,OMP-BranchBoundMRV,4,3,0.004808187,1
extreme_036,Extreme,OMP-BranchBoundMRV,4,4,0.004787922,1
extreme_036,Extreme,OMP-BranchBoundMRV,4,5,0.004778862,1
extreme_036,Extreme,OMP-BranchBoundMRV,8,1,0.008790016,1
extreme_036,Extreme,OMP-BranchBoundMRV,8,2,0.004772902,1
extreme_036,Extreme,OMP-BranchBoundMRV,8,3,0.007901907,1
extreme_036,Extreme,OMP-BranchBoundMRV,8,4,0.008188009,1
extreme_036,Extreme,OMP-BranchBoundMRV,8,5,0.004811049,1
extreme_036,Extreme,OMP-BranchBoundMRV,16,1,0.087496996,1
extreme_036,Extreme,OMP-BranchBoundMRV,16,2,0.024328947,1
extreme_036,Extreme,OMP-BranchBoundMRV,16,3,0.055061102,1
extreme_036,Extreme,OMP-BranchBoundMRV,16,4,0.047698021,1
extreme_036,Extreme,OMP-BranchBoundMRV,16,5,0.022212982,1
extreme_037,Extreme,Serial,1,1,0.021014833,1
extreme_037,Extreme,Serial,1,2,0.020974084,1
extreme_037,Extreme,Serial,1,3,0.020791500,1
extreme_037,Extreme,Serial,1,4,0.020870625,1
extreme_037,Extreme,Serial,1,5,0.020901125,1
extreme_037,Extreme,Serial-MRV,1,1,0.134940459,1
extreme_037,Extreme,Serial-MRV,1,2,0.135508417,1
extreme_037,Extreme,Serial-MRV,1,3,0.132426500,1
extreme_037,Extreme,Serial-MRV,1,4,0.134726000,1
extreme_037,Extreme,Serial-MRV,1,5,0.137842417,1
extreme_037,Extreme,BranchBound,1,1,0.020424334,1
extreme_037,Extreme,BranchBound,1,2,0.018829375,1
extreme_037,Extreme,BranchBound,1,3,0.018874750,1
extreme_037,Extreme,BranchBound,1,4,0.019174334,1
extreme_037,Extreme,BranchBound,1,5,0.018818500,1
extreme_037,Extreme,BranchBoundMRV,1,1,0.174944250,1
extreme_037,Extreme,BranchBoundMRV,1,2,0.178171375,1
extreme_037,Extreme,BranchBoundMRV,1,3,0.176956458,1
extreme_037,Extreme,BranchBoundMRV,1,4,0.177128208,1
extreme_037,Extreme,BranchBoundMRV,1,5,0.184236375,1
extreme_037,Extreme,OpenMP,4,1,0.014052868,1
extreme_037,Extreme,OpenMP,4,2,0.013231039,1
extreme_037,Extreme,OpenMP,4,3,0.014628172,1
extreme_037,Extreme,OpenMP,4,4,0.013174057,1
extreme_037,Extreme,OpenMP,4,5,0.013234854,1
extreme_037,Extreme,OpenMP,8,1,0.017720938,1
extreme_037,Extreme,OpenMP,8,2,0.013736963,1
extreme_037,Extreme,OpenMP,8,3,0.019552946,1
extreme_037,Extreme,OpenMP,8,4,0.020009995,1
extreme_037,Extreme,OpenMP,8,5,0.023686171,1
extreme_037,Extreme,OpenMP,16,1,0.041077137,1
extreme_037,Extreme,OpenMP,16,2,0.049514055,1
extreme_037,Extreme,OpenMP,16,3,0.054396152,1
extreme_037,Extreme,OpenMP,16,4,0.064618111,1
extreme_037,Extreme,OpenMP,16,5,0.077290058,1
extreme_037,Extreme,OMP-BranchBoundMRV,4,1,0.017199039,1
extreme_037,Extreme,OMP-BranchBoundMRV,4,2,0.017174959,1
extreme_037,Extreme,OMP-BranchBoundMRV,4,3,0.017254114,1
extreme_037,Extreme,OMP-BranchBoundMRV,4,4,0.017554998,1
extreme_037,Extreme,OMP-BranchBoundMRV,4,5,0.017610073,1
extreme_037,Extreme,OMP-BranchBoundMRV,8,1,0.022038937,1
extreme_037,Extreme,OMP-BranchBoundMRV,8,2,0.027536154,1
extreme_037,Extreme,OMP-BranchBoundMRV,8,3,0.017332077,1
extreme_037,Extreme,OMP-BranchBoundMRV,8,4,0.020111084,1
extreme_037,Extreme,OMP-BranchBoundMRV,8,5,0.029440165,1
extreme_037,Extreme,OMP-BranchBoundMRV,16,1,0.063319921,1
extreme_037,Extreme,OMP-BranchBoundMRV,16,2,0.105390787,1
extreme_037,Extreme,OMP-BranchBoundMRV,16,3,0.057690144,1
extreme_037,Extreme,OMP-BranchBoundMRV,16,4,0.086982965,1
extreme_037,Extreme,OMP-BranchBoundMRV,16,5,0.073755026,1
extreme_038,Extreme,Serial,1,1,0.027777375,1
extreme_038,Extreme,Serial,1,2,0.026753542,1
extreme_038,Extreme,Serial,1,3,0.027541125,1
extreme_038,Extreme,Serial,1,4,0.027036458,1
extreme_038,Extreme,Serial,1,5,0.024630500,1
extreme_038,Extreme,Serial-MRV,1,1,0.094249542,1
extreme_038,Extreme,Serial-MRV,1,2,0.094404416,1
extreme_038,Extreme,Serial-MRV,1,3,0.094857792,1
extreme_038,Extreme,Serial-MRV,1,4,0.094524750,1
extreme_038,Extreme,Serial-MRV,1,5,0.094023709,1
extreme_038,Extreme,BranchBound,1,1,0.022419875,1
extreme_038,Extreme,BranchBound,1,2,0.022368625,1
extreme_038,Extreme,BranchBound,1,3,0.021896792,1
extreme_038,Extreme,BranchBound,1,4,0.021913083,1
extreme_038,Extreme,BranchBound,1,5,0.022029042,1
extreme_038,Extreme,BranchBoundMRV,1,1,0.119665542,1
extreme_038,Extreme,BranchBoundMRV,1,2,0.118996542,1
extreme_038,Extreme,BranchBoundMRV,1,3,0.118466959,1
extreme_038,Extreme,BranchBoundMRV,1,4,0.119296542,1
extreme_038,Extreme,BranchBoundMRV,1,5,0.119119125,1
extreme_038,Extreme,OpenMP,4,1,0.035058022,1
extreme_038,Extreme,OpenMP,4,2,0.011193991,1
extreme_038,Extreme,OpenMP,4,3,0.028218985,1
extreme_038,Extreme,OpenMP,4,4,0.028002977,1
extreme_038,Extreme,OpenMP,4,5,0.035111189,1
extreme_038,Extreme,OpenMP,8,1,0.020036936,1
extreme_038,Extreme,OpenMP,8,2,0.031615019,1
extreme_038,Extreme,OpenMP,8,3,0.017366171,1
extreme_038,Extreme,OpenMP,8,4,0.012234211,1
extreme_038,Extreme,OpenMP,8,5,0.027986050,1
extreme_038,Extreme,OpenMP,16,1,0.087234020,1
extreme_038,Extreme,OpenMP,16,2,0.075999975,1
extreme_038,Extreme,OpenMP,16,3,0.086110115,1
extreme_038,Extreme,OpenMP,16,4,0.044943094,1
extreme_038,Extreme,OpenMP,16,5,0.048220873,1
extreme_038,Extreme,OMP-BranchBoundMRV,4,1,0.045857906,1
extreme_038,Extreme,OMP-BranchBoundMRV,4,2,0.047201872,1
extreme_038,Extreme,OMP-BranchBoundMRV,4,3,0.059252024,1
extreme_038,Extreme,OMP-BranchBoundMRV,4,4,0.044541836,1
extreme_038,Extreme,OMP-BranchBoundMRV,4,5,0.045684099,1
extreme_038,Extreme,OMP-BranchBoundMRV,8,1,0.037155867,1
extreme_038,Extreme,OMP-BranchBoundMRV,8,2,0.036669970,1
extreme_038,Extreme,OMP-BranchBoundMRV,8,3,0.027267933,1
extreme_038,Extreme,OMP-BranchBoundMRV,8,4,0.039119005,1
extreme_038,Extreme,OMP-BranchBoundMRV,8,5,0.043776035,1
extreme_038,Extreme,OMP-BranchBoundMRV,16,1,0.193534136,1
extreme_038,Extreme,OMP-BranchBoundMRV,16,2,0.067967892,1
extreme_038,Extreme,OMP-BranchBoundMRV,16,3,0.117098808,1
extreme_038,Extreme,OMP-BranchBoundMRV,16,4,0.114299059,1
extreme_038,Extreme,OMP-BranchBoundMRV,16,5,0.082424879,1
extreme_039,Extreme,Serial,1,1,0.014390500,1
extreme_039,Extreme,Serial,1,2,0.014369083,1
extreme_039,Extreme,Serial,1,3,0.014154583,1
extreme_039,Extreme,Serial,1,4,0.014183125,1
extreme_039,Extreme,Serial,1,5,0.014155333,1
extreme_039,Extreme,Serial-MRV,1,1,0.078486125,1
extreme_039,Extreme,Serial-MRV,1,2,0.098451583,1
extreme_039,Extreme,Serial-MRV,1,3,0.093262333,1
extreme_039,Extreme,Serial-MRV,1,4,0.076673958,1
extreme_039,Extreme,Serial-MRV,1,5,0.074871834,1
extreme_039,Extreme,BranchBound,1,1,0.012757625,1
extreme_039,Extreme,BranchBound,1,2,0.012762833,1
extreme_039,Extreme,BranchBound,1,3,0.012756833,1
extreme_039,Extreme,BranchBound,1,4,0.012849792,1
extreme_039,Extreme,BranchBound,1,5,0.012703708,1
extreme_039,Extreme,BranchBoundMRV,1,1,0.097013750,1
extreme_039,Extreme,BranchBoundMRV,1,2,0.097022708,1
extreme_039,Extreme,BranchBoundMRV,1,3,0.095270292,1
extreme_039,Extreme,BranchBoundMRV,1,4,0.095550500,1
extreme_039,Extreme,BranchBoundMRV,1,5,0.096667750,1
extreme_039,Extreme,OpenMP,4,1,0.001006126,1
extreme_039,Extreme,OpenMP,4,2,0.000991106,1
extreme_039,Extreme,OpenMP,4,3,0.000980139,1
extreme_039,Extreme,OpenMP,4,4,0.000972986,1
extreme_039,Extreme,OpenMP,4,5,0.000975847,1
extreme_039,Extreme,OpenMP,8,1,0.002599001,1
extreme_039,Extreme,OpenMP,8,2,0.001055956,1
extreme_039,Extreme,OpenMP,8,3,0.001034021,1
extreme_039,Extreme,OpenMP,8,4,0.001016855,1
extreme_039,Extreme,OpenMP,8,5,0.002213955,1
extreme_039,Extreme,OpenMP,16,1,0.010010958,1
extreme_039,Extreme,OpenMP,16,2,0.022670031,1
extreme_039,Extreme,OpenMP,16,3,0.011080027,1
extreme_039,Extreme,OpenMP,16,4,0.030246019,1
extreme_039,Extreme,OpenMP,16,5,0.045275927,1
extreme_039,Extreme,OMP-BranchBoundMRV,4,1,0.001446009,1
extreme_039,Extreme,OMP-BranchBoundMRV,4,2,0.001435995,1
extreme_039,Extreme,OMP-BranchBoundMRV,4,3,0.001432180,1
extreme_039,Extreme,OMP-BranchBoundMRV,4,4,0.001426935,1
extreme_039,Extreme,OMP-BranchBoundMRV,4,5,0.001425028,1
extreme_039,Extreme,OMP-BranchBoundMRV,8,1,0.002287865,1
extreme_039,Extreme,OMP-BranchBoundMRV,8,2,0.001461029,1
extreme_039,Extreme,OMP-BranchBoundMRV,8,3,0.001462936,1
extreme_039,Extreme,OMP-BranchBoundMRV,8,4,0.003949881,1
extreme_039,Extreme,OMP-BranchBoundMRV,8,5,0.001452208,1
extreme_039,Extreme,OMP-BranchBoundMRV,16,1,0.035182953,1
extreme_039,Extreme,OMP-BranchBoundMRV,16,2,0.039829969,1
extreme_039,Extreme,OMP-BranchBoundMRV,16,3,0.005366087,1
extreme_039,Extreme,OMP-BranchBoundMRV,16,4,0.009299040,1
extreme_039,Extreme,OMP-BranchBoundMRV,16,5,0.025224924,1
extreme_040,Extreme,Serial,1,1,0.582065542,1
extreme_040,Extreme,Serial,1,2,0.711613875,1
extreme_040,Extreme,Serial,1,3,0.573637667,1
extreme_040,Extreme,Serial,1,4,0.521085959,1
extreme_040,Extreme,Serial,1,5,0.651308667,1
extreme_040,Extreme,Serial-MRV,1,1,0.229119625,1
extreme_040,Extreme,Serial-MRV,1,2,0.205301666,1
extreme_040,Extreme,Serial-MRV,1,3,0.229579125,1
extreme_040,Extreme,Serial-MRV,1,4,0.198470500,1
extreme_040,Extreme,Serial-MRV,1,5,0.193115125,1
extreme_040,Extreme,BranchBound,1,1,0.436623833,1
extreme_040,Extreme,BranchBound,1,2,0.440335542,1
extreme_040,Extreme,BranchBound,1,3,0.468602750,1
extreme_040,Extreme,BranchBound,1,4,0.438743416,1
extreme_040,Extreme,BranchBound,1,5,0.472095417,1
extreme_040,Extreme,BranchBoundMRV,1,1,0.302143292,1
extreme_040,Extreme,BranchBoundMRV,1,2,0.272016542,1
extreme_040,Extreme,BranchBoundMRV,1,3,0.266304125,1
extreme_040,Extreme,BranchBoundMRV,1,4,0.301789500,1
extreme_040,Extreme,BranchBoundMRV,1,5,0.272413833,1
extreme_040,Extreme,OpenMP,4,1,0.044886827,1
extreme_040,Extreme,OpenMP,4,2,0.045542955,1
extreme_040,Extreme,OpenMP,4,3,0.056751966,1
extreme_040,Extreme,OpenMP,4,4,0.049993038,1
extreme_040,Extreme,OpenMP,4,5,0.044180870,1
extreme_040,Extreme,OpenMP,8,1,0.075313091,1
extreme_040,Extreme,OpenMP,8,2,0.052696943,1
extreme_040,Extreme,OpenMP,8,3,0.062265873,1
extreme_040,Extreme,OpenMP,8,4,0.058695078,1
extreme_040,Extreme,OpenMP,8,5,0.068170786,1
extreme_040,Extreme,OpenMP,16,1,0.105592012,1
extreme_040,Extreme,OpenMP,16,2,0.180823088,1
extreme_040,Extreme,OpenMP,16,3,0.191416025,1
extreme_040,Extreme,OpenMP,16,4,0.148235798,1
extreme_040,Extreme,OpenMP,16,5,0.136074066,1
extreme_040,Extreme,OMP-BranchBoundMRV,4,1,0.061170101,1
extreme_040,Extreme,OMP-BranchBoundMRV,4,2,0.062067032,1
extreme_040,Extreme,OMP-BranchBoundMRV,4,3,0.062067032,1
extreme_040,Extreme,OMP-BranchBoundMRV,4,4,0.061580896,1
extreme_040,Extreme,OMP-BranchBoundMRV,4,5,0.061932087,1
extreme_040,Extreme,OMP-BranchBoundMRV,8,1,0.089041948,1
extreme_040,Extreme,OMP-BranchBoundMRV,8,2,0.061302185,1
extreme_040,Extreme,OMP-BranchBoundMRV,8,3,0.096814871,1
extreme_040,Extreme,OMP-BranchBoundMRV,8,4,0.113709927,1
extreme_040,Extreme,OMP-BranchBoundMRV,8,5,0.086502075,1
extreme_040,Extreme,OMP-BranchBoundMRV,16,1,0.138022900,1
extreme_040,Extreme,OMP-BranchBoundMRV,16,2,0.196465969,1
extreme_040,Extreme,OMP-BranchBoundMRV,16,3,0.201362848,1
extreme_040,Extreme,OMP-BranchBoundMRV,16,4,0.214281082,1
extreme_040,Extreme,OMP-BranchBoundMRV,16,5,0.218163967,1
extreme_041,Extreme,Serial,1,1,0.029572166,1
extreme_041,Extreme,Serial,1,2,0.028058834,1
extreme_041,Extreme,Serial,1,3,0.028245208,1
extreme_041,Extreme,Serial,1,4,0.029423833,1
extreme_041,Extreme,Serial,1,5,0.028801167,1
extreme_041,Extreme,Serial-MRV,1,1,0.121073833,1
extreme_041,Extreme,Serial-MRV,1,2,0.119781750,1
extreme_041,Extreme,Serial-MRV,1,3,0.119094834,1
extreme_041,Extreme,Serial-MRV,1,4,0.119722500,1
extreme_041,Extreme,Serial-MRV,1,5,0.119489917,1
extreme_041,Extreme,BranchBound,1,1,0.024639750,1
extreme_041,Extreme,BranchBound,1,2,0.024499625,1
extreme_041,Extreme,BranchBound,1,3,0.024731042,1
extreme_041,Extreme,BranchBound,1,4,0.024682166,1
extreme_041,Extreme,BranchBound,1,5,0.024554500,1
extreme_041,Extreme,BranchBoundMRV,1,1,0.150439000,1
extreme_041,Extreme,BranchBoundMRV,1,2,0.149953167,1
extreme_041,Extreme,BranchBoundMRV,1,3,0.149655375,1
extreme_041,Extreme,BranchBoundMRV,1,4,0.150090583,1
extreme_041,Extreme,BranchBoundMRV,1,5,0.150759833,1
extreme_041,Extreme,OpenMP,4,1,0.006541014,1
extreme_041,Extreme,OpenMP,4,2,0.006404877,1
extreme_041,Extreme,OpenMP,4,3,0.006402016,1
extreme_041,Extreme,OpenMP,4,4,0.006390095,1
extreme_041,Extreme,OpenMP,4,5,0.006397009,1
extreme_041,Extreme,OpenMP,8,1,0.015301943,1
extreme_041,Extreme,OpenMP,8,2,0.012343884,1
extreme_041,Extreme,OpenMP,8,3,0.006500959,1
extreme_041,Extreme,OpenMP,8,4,0.006968975,1
extreme_041,Extreme,OpenMP,8,5,0.012491941,1
extreme_041,Extreme,OpenMP,16,1,0.038264036,1
extreme_041,Extreme,OpenMP,16,2,0.065682888,1
extreme_041,Extreme,OpenMP,16,3,0.025287151,1
extreme_041,Extreme,OpenMP,16,4,0.057718039,1
extreme_041,Extreme,OpenMP,16,5,0.062033892,1
extreme_041,Extreme,OMP-BranchBoundMRV,4,1,0.008227110,1
extreme_041,Extreme,OMP-BranchBoundMRV,4,2,0.008038044,1
extreme_041,Extreme,OMP-BranchBoundMRV,4,3,0.007996082,1
extreme_041,Extreme,OMP-BranchBoundMRV,4,4,0.007985115,1
extreme_041,Extreme,OMP-BranchBoundMRV,4,5,0.008038998,1
extreme_041,Extreme,OMP-BranchBoundMRV,8,1,0.019442081,1
extreme_041,Extreme,OMP-BranchBoundMRV,8,2,0.019340038,1
extreme_041,Extreme,OMP-BranchBoundMRV,8,3,0.013998985,1
extreme_041,Extreme,OMP-BranchBoundMRV,8,4,0.013810873,1
extreme_041,Extreme,OMP-BranchBoundMRV,8,5,0.013851881,1
extreme_041,Extreme,OMP-BranchBoundMRV,16,1,0.040414095,1
extreme_041,Extreme,OMP-BranchBoundMRV,16,2,0.023252010,1
extreme_041,Extreme,OMP-BranchBoundMRV,16,3,0.123557091,1
extreme_041,Extreme,OMP-BranchBoundMRV,16,4,0.042683125,1
extreme_041,Extreme,OMP-BranchBoundMRV,16,5,0.124973059,1
extreme_042,Extreme,Serial,1,1,0.011432250,1
extreme_042,Extreme,Serial,1,2,0.011449458,1
extreme_042,Extreme,Serial,1,3,0.011323250,1
extreme_042,Extreme,Serial,1,4,0.011346416,1
extreme_042,Extreme,Serial,1,5,0.011353250,1
extreme_042,Extreme,Serial-MRV,1,1,0.116322208,1
extreme_042,Extreme,Serial-MRV,1,2,0.123866500,1
extreme_042,Extreme,Serial-MRV,1,3,0.120939750,1
extreme_042,Extreme,Serial-MRV,1,4,0.116806709,1
extreme_042,Extreme,Serial-MRV,1,5,0.116181292,1
extreme_042,Extreme,BranchBound,1,1,0.010040792,1
extreme_042,Extreme,BranchBound,1,2,0.009981208,1
extreme_042,Extreme,BranchBound,1,3,0.010036292,1
extreme_042,Extreme,BranchBound,1,4,0.010061250,1
extreme_042,Extreme,BranchBound,1,5,0.010038083,1
extreme_042,Extreme,BranchBoundMRV,1,1,0.142776875,1
extreme_042,Extreme,BranchBoundMRV,1,2,0.142906000,1
extreme_042,Extreme,BranchBoundMRV,1,3,0.142458125,1
extreme_042,Extreme,BranchBoundMRV,1,4,0.142905917,1
extreme_042,Extreme,BranchBoundMRV,1,5,0.142813333,1
extreme_042,Extreme,OpenMP,4,1,0.005455017,1
extreme_042,Extreme,OpenMP,4,2,0.005382061,1
extreme_042,Extreme,OpenMP,4,3,0.005501986,1
extreme_042,Extreme,OpenMP,4,4,0.005380869,1
extreme_042,Extreme,OpenMP,4,5,0.005389929,1
extreme_042,Extreme,OpenMP,8,1,0.005419970,1
extreme_042,Extreme,OpenMP,8,2,0.021017075,1
extreme_042,Extreme,OpenMP,8,3,0.005414963,1
extreme_042,Extreme,OpenMP,8,4,0.005441904,1
extreme_042,Extreme,OpenMP,8,5,0.005424023,1
extreme_042,Extreme,OpenMP,16,1,0.063507795,1
extreme_042,Extreme,OpenMP,16,2,0.068768024,1
extreme_042,Extreme,OpenMP,16,3,0.065799952,1
extreme_042,Extreme,OpenMP,16,4,0.020982027,1
extreme_042,Extreme,OpenMP,16,5,0.041429043,1
extreme_042,Extreme,OMP-BranchBoundMRV,4,1,0.006908178,1
extreme_042,Extreme,OMP-BranchBoundMRV,4,2,0.006891012,1
extreme_042,Extreme,OMP-BranchBoundMRV,4,3,0.006889820,1
extreme_042,Extreme,OMP-BranchBoundMRV,4,4,0.006890059,1
extreme_042,Extreme,OMP-BranchBoundMRV,4,5,0.006890059,1
extreme_042,Extreme,OMP-BranchBoundMRV,8,1,0.006941080,1
extreme_042,Extreme,OMP-BranchBoundMRV,8,2,0.013659000,1
extreme_042,Extreme,OMP-BranchBoundMRV,8,3,0.019371986,1
extreme_042,Extreme,OMP-BranchBoundMRV,8,4,0.007079840,1
extreme_042,Extreme,OMP-BranchBoundMRV,8,5,0.015866041,1
extreme_042,Extreme,OMP-BranchBoundMRV,16,1,0.140058994,1
extreme_042,Extreme,OMP-BranchBoundMRV,16,2,0.080320835,1
extreme_042,Extreme,OMP-BranchBoundMRV,16,3,0.063489914,1
extreme_042,Extreme,OMP-BranchBoundMRV,16,4,0.099428892,1
extreme_042,Extreme,OMP-BranchBoundMRV,16,5,0.029522181,1
extreme_043,Extreme,Serial,1,1,0.239807667,1
extreme_043,Extreme,Serial,1,2,0.239547250,1
extreme_043,Extreme,Serial,1,3,0.233682125,1
extreme_043,Extreme,Serial,1,4,0.235466917,1
extreme_043,Extreme,Serial,1,5,0.233930791,1
extreme_043,Extreme,Serial-MRV,1,1,0.091316875,1
extreme_043,Extreme,Serial-MRV,1,2,0.090352834,1
extreme_043,Extreme,Serial-MRV,1,3,0.090457542,1
extreme_043,Extreme,Serial-MRV,1,4,0.090240000,1
extreme_043,Extreme,Serial-MRV,1,5,0.090305166,1
extreme_043,Extreme,BranchBound,1,1,0.223885917,1
extreme_043,Extreme,BranchBound,1,2,0.225594583,1
extreme_043,Extreme,BranchBound,1,3,0.234489916,1
extreme_043,Extreme,BranchBound,1,4,0.225277417,1
extreme_043,Extreme,BranchBound,1,5,0.223894625,1
extreme_043,Extreme,BranchBoundMRV,1,1,0.125885541,1
extreme_043,Extreme,BranchBoundMRV,1,2,0.125219542,1
extreme_043,Extreme,BranchBoundMRV,1,3,0.124989041,1
extreme_043,Extreme,BranchBoundMRV,1,4,0.124777375,1
extreme_043,Extreme,BranchBoundMRV,1,5,0.125089375,1
extreme_043,Extreme,OpenMP,4,1,0.022420168,1
extreme_043,Extreme,OpenMP,4,2,0.022378922,1
extreme_043,Extreme,OpenMP,4,3,0.022346020,1
extreme_043,Extreme,OpenMP,4,4,0.022355080,1
extreme_043,Extreme,OpenMP,4,5,0.022542000,1
extreme_043,Extreme,OpenMP,8,1,0.034641981,1
extreme_043,Extreme,OpenMP,8,2,0.029250860,1
extreme_043,Extreme,OpenMP,8,3,0.038050175,1
extreme_043,Extreme,OpenMP,8,4,0.022498846,1
extreme_043,Extreme,OpenMP,8,5,0.028575897,1
extreme_043,Extreme,OpenMP,16,1,0.063165903,1
extreme_043,Extreme,OpenMP,16,2,0.065928936,1
extreme_043,Extreme,OpenMP,16,3,0.076961994,1
extreme_043,Extreme,OpenMP,16,4,0.091773987,1
extreme_043,Extreme,OpenMP,16,5,0.071948051,1
extreme_043,Extreme,OMP-BranchBoundMRV,4,1,0.030570984,1
extreme_043,Extreme,OMP-BranchBoundMRV,4,2,0.030597925,1
extreme_043,Extreme,OMP-BranchBoundMRV,4,3,0.030565977,1
extreme_043,Extreme,OMP-BranchBoundMRV,4,4,0.030593157,1
extreme_043,Extreme,OMP-BranchBoundMRV,4,5,0.030557156,1
extreme_043,Extreme,OMP-BranchBoundMRV,8,1,0.039512873,1
extreme_043,Extreme,OMP-BranchBoundMRV,8,2,0.054022074,1
extreme_043,Extreme,OMP-BranchBoundMRV,8,3,0.042289019,1
extreme_043,Extreme,OMP-BranchBoundMRV,8,4,0.041144133,1
extreme_043,Extreme,OMP-BranchBoundMRV,8,5,0.061565161,1
extreme_043,Extreme,OMP-BranchBoundMRV,16,1,0.160454988,1
extreme_043,Extreme,OMP-BranchBoundMRV,16,2,0.127197981,1
extreme_043,Extreme,OMP-BranchBoundMRV,16,3,0.100952864,1
extreme_043,Extreme,OMP-BranchBoundMRV,16,4,0.095566034,1
extreme_043,Extreme,OMP-BranchBoundMRV,16,5,0.142706156,1
extreme_044,Extreme,Serial,1,1,0.025398167,1
extreme_044,Extreme,Serial,1,2,0.025061250,1
extreme_044,Extreme,Serial,1,3,0.025280667,1
extreme_044,Extreme,Serial,1,4,0.025006500,1
extreme_044,Extreme,Serial,1,5,0.025044917,1
extreme_044,Extreme,Serial-MRV,1,1,0.108396958,1
extreme_044,Extreme,Serial-MRV,1,2,0.108962000,1
extreme_044,Extreme,Serial-MRV,1,3,0.108622959,1
extreme_044,Extreme,Serial-MRV,1,4,0.108059584,1
extreme_044,Extreme,Serial-MRV,1,5,0.108778292,1
extreme_044,Extreme,BranchBound,1,1,0.021293583,1
extreme_044,Extreme,BranchBound,1,2,0.020856333,1
extreme_044,Extreme,BranchBound,1,3,0.020800083,1
extreme_044,Extreme,BranchBound,1,4,0.020700333,1
extreme_044,Extreme,BranchBound,1,5,0.020674333,1
extreme_044,Extreme,BranchBoundMRV,1,1,0.137303125,1
extreme_044,Extreme,BranchBoundMRV,1,2,0.139743167,1
extreme_044,Extreme,BranchBoundMRV,1,3,0.143806834,1
extreme_044,Extreme,BranchBoundMRV,1,4,0.144843917,1
extreme_044,Extreme,BranchBoundMRV,1,5,0.145286292,1
extreme_044,Extreme,OpenMP,4,1,0.005245209,1
extreme_044,Extreme,OpenMP,4,2,0.004980087,1
extreme_044,Extreme,OpenMP,4,3,0.004850149,1
extreme_044,Extreme,OpenMP,4,4,0.005095005,1
extreme_044,Extreme,OpenMP,4,5,0.004749060,1
extreme_044,Extreme,OpenMP,8,1,0.010822058,1
extreme_044,Extreme,OpenMP,8,2,0.011271000,1
extreme_044,Extreme,OpenMP,8,3,0.003983974,1
extreme_044,Extreme,OpenMP,8,4,0.010084867,1
extreme_044,Extreme,OpenMP,8,5,0.004996061,1
extreme_044,Extreme,OpenMP,16,1,0.050301075,1
extreme_044,Extreme,OpenMP,16,2,0.017333984,1
extreme_044,Extreme,OpenMP,16,3,0.043287039,1
extreme_044,Extreme,OpenMP,16,4,0.027865171,1
extreme_044,Extreme,OpenMP,16,5,0.035038948,1
extreme_044,Extreme,OMP-BranchBoundMRV,4,1,0.006878138,1
extreme_044,Extreme,OMP-BranchBoundMRV,4,2,0.006870985,1
extreme_044,Extreme,OMP-BranchBoundMRV,4,3,0.006879807,1
extreme_044,Extreme,OMP-BranchBoundMRV,4,4,0.006866932,1
extreme_044,Extreme,OMP-BranchBoundMRV,4,5,0.006872892,1
extreme_044,Extreme,OMP-BranchBoundMRV,8,1,0.010534048,1
extreme_044,Extreme,OMP-BranchBoundMRV,8,2,0.005206823,1
extreme_044,Extreme,OMP-BranchBoundMRV,8,3,0.005391121,1
extreme_044,Extreme,OMP-BranchBoundMRV,8,4,0.002628088,1
extreme_044,Extreme,OMP-BranchBoundMRV,8,5,0.005877972,1
extreme_044,Extreme,OMP-BranchBoundMRV,16,1,0.088229895,1
extreme_044,Extreme,OMP-BranchBoundMRV,16,2,0.016378164,1
extreme_044,Extreme,OMP-BranchBoundMRV,16,3,0.046417952,1
extreme_044,Extreme,OMP-BranchBoundMRV,16,4,0.030679941,1
extreme_044,Extreme,OMP-BranchBoundMRV,16,5,0.022161961,1
extreme_045,Extreme,Serial,1,1,0.091282459,1
extreme_045,Extreme,Serial,1,2,0.091144584,1
extreme_045,Extreme,Serial,1,3,0.094283125,1
extreme_045,Extreme,Serial,1,4,0.091040209,1
extreme_045,Extreme,Serial,1,5,0.091570750,1
extreme_045,Extreme,Serial-MRV,1,1,0.112834625,1
extreme_045,Extreme,Serial-MRV,1,2,0.112989958,1
extreme_045,Extreme,Serial-MRV,1,3,0.112892375,1
extreme_045,Extreme,Serial-MRV,1,4,0.113071125,1
extreme_045,Extreme,Serial-MRV,1,5,0.113969917,1
extreme_045,Extreme,BranchBound,1,1,0.078335916,1
extreme_045,Extreme,BranchBound,1,2,0.077846250,1
extreme_045,Extreme,BranchBound,1,3,0.077781458,1
extreme_045,Extreme,BranchBound,1,4,0.077625208,1
extreme_045,Extreme,BranchBound,1,5,0.078069417,1
extreme_045,Extreme,BranchBoundMRV,1,1,0.147575250,1
extreme_045,Extreme,BranchBoundMRV,1,2,0.147333167,1
extreme_045,Extreme,BranchBoundMRV,1,3,0.149370416,1
extreme_045,Extreme,BranchBoundMRV,1,4,0.147356625,1
extreme_045,Extreme,BranchBoundMRV,1,5,0.148624875,1
extreme_045,Extreme,OpenMP,4,1,0.007304907,1
extreme_045,Extreme,OpenMP,4,2,0.007359028,1
extreme_045,Extreme,OpenMP,4,3,0.007287979,1
extreme_045,Extreme,OpenMP,4,4,0.007276058,1
extreme_045,Extreme,OpenMP,4,5,0.007272005,1
extreme_045,Extreme,OpenMP,8,1,0.007313013,1
extreme_045,Extreme,OpenMP,8,2,0.013495922,1
extreme_045,Extreme,OpenMP,8,3,0.007390976,1
extreme_045,Extreme,OpenMP,8,4,0.017173052,1
extreme_045,Extreme,OpenMP,8,5,0.013174057,1
extreme_045,Extreme,OpenMP,16,1,0.045041084,1
extreme_045,Extreme,OpenMP,16,2,0.017454147,1
extreme_045,Extreme,OpenMP,16,3,0.028156996,1
extreme_045,Extreme,OpenMP,16,4,0.024068832,1
extreme_045,Extreme,OpenMP,16,5,0.024128914,1
extreme_045,Extreme,OMP-BranchBoundMRV,4,1,0.010040998,1
extreme_045,Extreme,OMP-BranchBoundMRV,4,2,0.010043144,1
extreme_045,Extreme,OMP-BranchBoundMRV,4,3,0.010058165,1
extreme_045,Extreme,OMP-BranchBoundMRV,4,4,0.009927034,1
extreme_045,Extreme,OMP-BranchBoundMRV,4,5,0.010128975,1
extreme_045,Extreme,OMP-BranchBoundMRV,8,1,0.016267061,1
extreme_045,Extreme,OMP-BranchBoundMRV,8,2,0.009837866,1
extreme_045,Extreme,OMP-BranchBoundMRV,8,3,0.018614054,1
extreme_045,Extreme,OMP-BranchBoundMRV,8,4,0.010714054,1
extreme_045,Extreme,OMP-BranchBoundMRV,8,5,0.012642860,1
extreme_045,Extreme,OMP-BranchBoundMRV,16,1,0.084162951,1
extreme_045,Extreme,OMP-BranchBoundMRV,16,2,0.050559044,1
extreme_045,Extreme,OMP-BranchBoundMRV,16,3,0.031043053,1
extreme_045,Extreme,OMP-BranchBoundMRV,16,4,0.022026062,1
extreme_045,Extreme,OMP-BranchBoundMRV,16,5,0.032266855,1
extreme_046,Extreme,Serial,1,1,0.020252542,1
extreme_046,Extreme,Serial,1,2,0.020275750,1
extreme_046,Extreme,Serial,1,3,0.020287708,1
extreme_046,Extreme,Serial,1,4,0.020297042,1
extreme_046,Extreme,Serial,1,5,0.020222542,1
extreme_046,Extreme,Serial-MRV,1,1,0.088869417,1
extreme_046,Extreme,Serial-MRV,1,2,0.089272083,1
extreme_046,Extreme,Serial-MRV,1,3,0.089537625,1
extreme_046,Extreme,Serial-MRV,1,4,0.089459875,1
extreme_046,Extreme,Serial-MRV,1,5,0.088581958,1
extreme_046,Extreme,BranchBound,1,1,0.017557125,1
extreme_046,Extreme,BranchBound,1,2,0.017780625,1
extreme_046,Extreme,BranchBound,1,3,0.017670750,1
extreme_046,Extreme,BranchBound,1,4,0.017715917,1
extreme_046,Extreme,BranchBound,1,5,0.017646334,1
extreme_046,Extreme,BranchBoundMRV,1,1,0.114208708,1
extreme_046,Extreme,BranchBoundMRV,1,2,0.113995667,1
extreme_046,Extreme,BranchBoundMRV,1,3,0.113746583,1
extreme_046,Extreme,BranchBoundMRV,1,4,0.114520875,1
extreme_046,Extreme,BranchBoundMRV,1,5,0.115836541,1
extreme_046,Extreme,OpenMP,4,1,0.025350094,1
extreme_046,Extreme,OpenMP,4,2,0.025157928,1
extreme_046,Extreme,OpenMP,4,3,0.026165009,1
extreme_046,Extreme,OpenMP,4,4,0.025123119,1
extreme_046,Extreme,OpenMP,4,5,0.025247097,1
extreme_046,Extreme,OpenMP,8,1,0.034358025,1
extreme_046,Extreme,OpenMP,8,2,0.053426981,1
extreme_046,Extreme,OpenMP,8,3,0.030735970,1
extreme_046,Extreme,OpenMP,8,4,0.031525850,1
extreme_046,Extreme,OpenMP,8,5,0.039623976,1
extreme_046,Extreme,OpenMP,16,1,0.157042027,1
extreme_046,Extreme,OpenMP,16,2,0.140623093,1
extreme_046,Extreme,OpenMP,16,3,0.092593908,1
extreme_046,Extreme,OpenMP,16,4,0.054087162,1
extreme_046,Extreme,OpenMP,16,5,0.095314026,1
extreme_046,Extreme,OMP-BranchBoundMRV,4,1,0.031050920,1
extreme_046,Extreme,OMP-BranchBoundMRV,4,2,0.031054020,1
extreme_046,Extreme,OMP-BranchBoundMRV,4,3,0.031016111,1
extreme_046,Extreme,OMP-BranchBoundMRV,4,4,0.030957937,1
extreme_046,Extreme,OMP-BranchBoundMRV,4,5,0.031259060,1
extreme_046,Extreme,OMP-BranchBoundMRV,8,1,0.047527075,1
extreme_046,Extreme,OMP-BranchBoundMRV,8,2,0.033874035,1
extreme_046,Extreme,OMP-BranchBoundMRV,8,3,0.039695978,1
extreme_046,Extreme,OMP-BranchBoundMRV,8,4,0.065601826,1
extreme_046,Extreme,OMP-BranchBoundMRV,8,5,0.032210827,1
extreme_046,Extreme,OMP-BranchBoundMRV,16,1,0.172554970,1
extreme_046,Extreme,OMP-BranchBoundMRV,16,2,0.142367125,1
extreme_046,Extreme,OMP-BranchBoundMRV,16,3,0.145933151,1
extreme_046,Extreme,OMP-BranchBoundMRV,16,4,0.102066994,1
extreme_046,Extreme,OMP-BranchBoundMRV,16,5,0.128340960,1
extreme_047,Extreme,Serial,1,1,0.038041708,1
extreme_047,Extreme,Serial,1,2,0.038037042,1
extreme_047,Extreme,Serial,1,3,0.038065375,1
extreme_047,Extreme,Serial,1,4,0.037821875,1
extreme_047,Extreme,Serial,1,5,0.037736875,1
extreme_047,Extreme,Serial-MRV,1,1,0.110790375,1
extreme_047,Extreme,Serial-MRV,1,2,0.110652958,1
extreme_047,Extreme,Serial-MRV,1,3,0.110845209,1
extreme_047,Extreme,Serial-MRV,1,4,0.112663917,1
extreme_047,Extreme,Serial-MRV,1,5,0.116690167,1
extreme_047,Extreme,BranchBound,1,1,0.035103541,1
extreme_047,Extreme,BranchBound,1,2,0.033333500,1
extreme_047,Extreme,BranchBound,1,3,0.032515625,1
extreme_047,Extreme,BranchBound,1,4,0.032181500,1
extreme_047,Extreme,BranchBound,1,5,0.032275542,1
extreme_047,Extreme,BranchBoundMRV,1,1,0.138915125,1
extreme_047,Extreme,BranchBoundMRV,1,2,0.138541000,1
extreme_047,Extreme,BranchBoundMRV,1,3,0.137789167,1
extreme_047,Extreme,BranchBoundMRV,1,4,0.137491167,1
extreme_047,Extreme,BranchBoundMRV,1,5,0.137519000,1
extreme_047,Extreme,OpenMP,4,1,0.014136076,1
extreme_047,Extreme,OpenMP,4,2,0.014101028,1
extreme_047,Extreme,OpenMP,4,3,0.014271021,1
extreme_047,Extreme,OpenMP,4,4,0.014122963,1
extreme_047,Extreme,OpenMP,4,5,0.015056133,1
extreme_047,Extreme,OpenMP,8,1,0.020399094,1
extreme_047,Extreme,OpenMP,8,2,0.021081924,1
extreme_047,Extreme,OpenMP,8,3,0.019947052,1
extreme_047,Extreme,OpenMP,8,4,0.023049116,1
extreme_047,Extreme,OpenMP,8,5,0.020497084,1
extreme_047,Extreme,OpenMP,16,1,0.102375984,1
extreme_047,Extreme,OpenMP,16,2,0.087488890,1
extreme_047,Extreme,OpenMP,16,3,0.061224937,1
extreme_047,Extreme,OpenMP,16,4,0.068194151,1
extreme_047,Extreme,OpenMP,16,5,0.063089848,1
extreme_047,Extreme,OMP-BranchBoundMRV,4,1,0.018770218,1
extreme_047,Extreme,OMP-BranchBoundMRV,4,2,0.018618107,1
extreme_047,Extreme,OMP-BranchBoundMRV,4,3,0.018645048,1
extreme_047,Extreme,OMP-BranchBoundMRV,4,4,0.018630028,1
extreme_047,Extreme,OMP-BranchBoundMRV,4,5,0.018662930,1
extreme_047,Extreme,OMP-BranchBoundMRV,8,1,0.030087948,1
extreme_047,Extreme,OMP-BranchBoundMRV,8,2,0.025125980,1
extreme_047,Extreme,OMP-BranchBoundMRV,8,3,0.027848959,1
extreme_047,Extreme,OMP-BranchBoundMRV,8,4,0.029741049,1
extreme_047,Extreme,OMP-BranchBoundMRV,8,5,0.024775982,1
extreme_047,Extreme,OMP-BranchBoundMRV,16,1,0.106609106,1
extreme_047,Extreme,OMP-BranchBoundMRV,16,2,0.177208185,1
extreme_047,Extreme,OMP-BranchBoundMRV,16,3,0.101512909,1
extreme_047,Extreme,OMP-BranchBoundMRV,16,4,0.066962004,1
extreme_047,Extreme,OMP-BranchBoundMRV,16,5,0.120389938,1
extreme_048,Extreme,Serial,1,1,0.024620250,1
extreme_048,Extreme,Serial,1,2,0.024783583,1
extreme_048,Extreme,Serial,1,3,0.024670375,1
extreme_048,Extreme,Serial,1,4,0.024810833,1
extreme_048,Extreme,Serial,1,5,0.024716666,1
extreme_048,Extreme,Serial-MRV,1,1,0.082602167,1
extreme_048,Extreme,Serial-MRV,1,2,0.082272375,1
extreme_048,Extreme,Serial-MRV,1,3,0.082003292,1
extreme_048,Extreme,Serial-MRV,1,4,0.095219583,1
extreme_048,Extreme,Serial-MRV,1,5,0.090664959,1
extreme_048,Extreme,BranchBound,1,1,0.022054125,1
extreme_048,Extreme,BranchBound,1,2,0.021423792,1
extreme_048,Extreme,BranchBound,1,3,0.020906417,1
extreme_048,Extreme,BranchBound,1,4,0.020951125,1
extreme_048,Extreme,BranchBound,1,5,0.020992167,1
extreme_048,Extreme,BranchBoundMRV,1,1,0.102423083,1
extreme_048,Extreme,BranchBoundMRV,1,2,0.101656625,1
extreme_048,Extreme,BranchBoundMRV,1,3,0.105156709,1
extreme_048,Extreme,BranchBoundMRV,1,4,0.102382583,1
extreme_048,Extreme,BranchBoundMRV,1,5,0.102932041,1
extreme_048,Extreme,OpenMP,4,1,0.004106998,1
extreme_048,Extreme,OpenMP,4,2,0.004036903,1
extreme_048,Extreme,OpenMP,4,3,0.005407810,1
extreme_048,Extreme,OpenMP,4,4,0.004045010,1
extreme_048,Extreme,OpenMP,4,5,0.004078150,1
extreme_048,Extreme,OpenMP,8,1,0.005249023,1
extreme_048,Extreme,OpenMP,8,2,0.001358986,1
extreme_048,Extreme,OpenMP,8,3,0.003126144,1
extreme_048,Extreme,OpenMP,8,4,0.004402161,1
extreme_048,Extreme,OpenMP,8,5,0.001607895,1
extreme_048,Extreme,OpenMP,16,1,0.022449017,1
extreme_048,Extreme,OpenMP,16,2,0.026251078,1
extreme_048,Extreme,OpenMP,16,3,0.020131111,1
extreme_048,Extreme,OpenMP,16,4,0.005280018,1
extreme_048,Extreme,OpenMP,16,5,0.020061016,1
extreme_048,Extreme,OMP-BranchBoundMRV,4,1,0.006438971,1
extreme_048,Extreme,OMP-BranchBoundMRV,4,2,0.006404877,1
extreme_048,Extreme,OMP-BranchBoundMRV,4,3,0.006392002,1
extreme_048,Extreme,OMP-BranchBoundMRV,4,4,0.006395102,1
extreme_048,Extreme,OMP-BranchBoundMRV,4,5,0.006410122,1
extreme_048,Extreme,OMP-BranchBoundMRV,8,1,0.008520842,1
extreme_048,Extreme,OMP-BranchBoundMRV,8,2,0.009462833,1
extreme_048,Extreme,OMP-BranchBoundMRV,8,3,0.006337881,1
extreme_048,Extreme,OMP-BranchBoundMRV,8,4,0.015944004,1
extreme_048,Extreme,OMP-BranchBoundMRV,8,5,0.008713961,1
extreme_048,Extreme,OMP-BranchBoundMRV,16,1,0.082659006,1
extreme_048,Extreme,OMP-BranchBoundMRV,16,2,0.011157036,1
extreme_048,Extreme,OMP-BranchBoundMRV,16,3,0.028491020,1
extreme_048,Extreme,OMP-BranchBoundMRV,16,4,0.030304193,1
extreme_048,Extreme,OMP-BranchBoundMRV,16,5,0.019654989,1
extreme_049,Extreme,Serial,1,1,0.053186167,1
extreme_049,Extreme,Serial,1,2,0.053341041,1
extreme_049,Extreme,Serial,1,3,0.053707792,1
extreme_049,Extreme,Serial,1,4,0.053235791,1
extreme_049,Extreme,Serial,1,5,0.053367958,1
extreme_049,Extreme,Serial-MRV,1,1,0.086992292,1
extreme_049,Extreme,Serial-MRV,1,2,0.087711208,1
extreme_049,Extreme,Serial-MRV,1,3,0.086817166,1
extreme_049,Extreme,Serial-MRV,1,4,0.086397041,1
extreme_049,Extreme,Serial-MRV,1,5,0.086523833,1
extreme_049,Extreme,BranchBound,1,1,0.052507125,1
extreme_049,Extreme,BranchBound,1,2,0.052429083,1
extreme_049,Extreme,BranchBound,1,3,0.053065875,1
extreme_049,Extreme,BranchBound,1,4,0.057493167,1
extreme_049,Extreme,BranchBound,1,5,0.053289209,1
extreme_049,Extreme,BranchBoundMRV,1,1,0.118578875,1
extreme_049,Extreme,BranchBoundMRV,1,2,0.120218583,1
extreme_049,Extreme,BranchBoundMRV,1,3,0.122057916,1
extreme_049,Extreme,BranchBoundMRV,1,4,0.122137709,1
extreme_049,Extreme,BranchBoundMRV,1,5,0.120413375,1
extreme_049,Extreme,OpenMP,4,1,0.003458023,1
extreme_049,Extreme,OpenMP,4,2,0.003519058,1
extreme_049,Extreme,OpenMP,4,3,0.003429174,1
extreme_049,Extreme,OpenMP,4,4,0.003485918,1
extreme_049,Extreme,OpenMP,4,5,0.003444910,1
extreme_049,Extreme,OpenMP,8,1,0.014592886,1
extreme_049,Extreme,OpenMP,8,2,0.003459930,1
extreme_049,Extreme,OpenMP,8,3,0.008047819,1
extreme_049,Extreme,OpenMP,8,4,0.008140087,1
extreme_049,Extreme,OpenMP,8,5,0.003489971,1
extreme_049,Extreme,OpenMP,16,1,0.024626017,1
extreme_049,Extreme,OpenMP,16,2,0.010092020,1
extreme_049,Extreme,OpenMP,16,3,0.030106068,1
extreme_049,Extreme,OpenMP,16,4,0.018213987,1
extreme_049,Extreme,OpenMP,16,5,0.038631916,1
extreme_049,Extreme,OMP-BranchBoundMRV,4,1,0.004906893,1
extreme_049,Extreme,OMP-BranchBoundMRV,4,2,0.004886866,1
extreme_049,Extreme,OMP-BranchBoundMRV,4,3,0.005002975,1
extreme_049,Extreme,OMP-BranchBoundMRV,4,4,0.004908085,1
extreme_049,Extreme,OMP-BranchBoundMRV,4,5,0.005900145,1
extreme_049,Extreme,OMP-BranchBoundMRV,8,1,0.004996061,1
extreme_049,Extreme,OMP-BranchBoundMRV,8,2,0.005103111,1
extreme_049,Extreme,OMP-BranchBoundMRV,8,3,0.005295038,1
extreme_049,Extreme,OMP-BranchBoundMRV,8,4,0.005013943,1
extreme_049,Extreme,OMP-BranchBoundMRV,8,5,0.009995937,1
extreme_049,Extreme,OMP-BranchBoundMRV,16,1,0.052584887,1
extreme_049,Extreme,OMP-BranchBoundMRV,16,2,0.134348869,1
extreme_049,Extreme,OMP-BranchBoundMRV,16,3,0.044544935,1
extreme_049,Extreme,OMP-BranchBoundMRV,16,4,0.084605932,1
extreme_049,Extreme,OMP-BranchBoundMRV,16,5,0.084774017,1
extreme_050,Extreme,Serial,1,1,0.102440375,1
extreme_050,Extreme,Serial,1,2,0.104958833,1
extreme_050,Extreme,Serial,1,3,0.100143583,1
extreme_050,Extreme,Serial,1,4,0.101239250,1
extreme_050,Extreme,Serial,1,5,0.099724334,1
extreme_050,Extreme,Serial-MRV,1,1,0.084539750,1
extreme_050,Extreme,Serial-MRV,1,2,0.085613125,1
extreme_050,Extreme,Serial-MRV,1,3,0.085750541,1
extreme_050,Extreme,Serial-MRV,1,4,0.085509959,1
extreme_050,Extreme,Serial-MRV,1,5,0.084867167,1
extreme_050,Extreme,BranchBound,1,1,0.091629625,1
extreme_050,Extreme,BranchBound,1,2,0.091602875,1
extreme_050,Extreme,BranchBound,1,3,0.094956667,1
extreme_050,Extreme,BranchBound,1,4,0.091764875,1
extreme_050,Extreme,BranchBound,1,5,0.091563917,1
extreme_050,Extreme,BranchBoundMRV,1,1,0.107107000,1
extreme_050,Extreme,BranchBoundMRV,1,2,0.111235542,1
extreme_050,Extreme,BranchBoundMRV,1,3,0.111431667,1
extreme_050,Extreme,BranchBoundMRV,1,4,0.108933500,1
extreme_050,Extreme,BranchBoundMRV,1,5,0.108597041,1
extreme_050,Extreme,OpenMP,4,1,0.007856846,1
extreme_050,Extreme,OpenMP,4,2,0.007833958,1
extreme_050,Extreme,OpenMP,4,3,0.007805109,1
extreme_050,Extreme,OpenMP,4,4,0.007816076,1
extreme_050,Extreme,OpenMP,4,5,0.007811785,1
extreme_050,Extreme,OpenMP,8,1,0.018512964,1
extreme_050,Extreme,OpenMP,8,2,0.008162022,1
extreme_050,Extreme,OpenMP,8,3,0.017777920,1
extreme_050,Extreme,OpenMP,8,4,0.009011984,1
extreme_050,Extreme,OpenMP,8,5,0.022983074,1
extreme_050,Extreme,OpenMP,16,1,0.043078899,1
extreme_050,Extreme,OpenMP,16,2,0.044638872,1
extreme_050,Extreme,OpenMP,16,3,0.046762943,1
extreme_050,Extreme,OpenMP,16,4,0.076678991,1
extreme_050,Extreme,OpenMP,16,5,0.037975073,1
extreme_050,Extreme,OMP-BranchBoundMRV,4,1,0.010697842,1
extreme_050,Extreme,OMP-BranchBoundMRV,4,2,0.010487080,1
extreme_050,Extreme,OMP-BranchBoundMRV,4,3,0.010656118,1
extreme_050,Extreme,OMP-BranchBoundMRV,4,4,0.010224104,1
extreme_050,Extreme,OMP-BranchBoundMRV,4,5,0.010596991,1
extreme_050,Extreme,OMP-BranchBoundMRV,8,1,0.010524035,1
extreme_050,Extreme,OMP-BranchBoundMRV,8,2,0.023053885,1
extreme_050,Extreme,OMP-BranchBoundMRV,8,3,0.017235994,1
extreme_050,Extreme,OMP-BranchBoundMRV,8,4,0.016924143,1
extreme_050,Extreme,OMP-BranchBoundMRV,8,5,0.010389090,1
extreme_050,Extreme,OMP-BranchBoundMRV,16,1,0.020282984,1
extreme_050,Extreme,OMP-BranchBoundMRV,16,2,0.069169044,1
extreme_050,Extreme,OMP-BranchBoundMRV,16,3,0.100171804,1
extreme_050,Extreme,OMP-BranchBoundMRV,16,4,0.068625927,1
extreme_050,Extreme,OMP-BranchBoundMRV,16,5,0.103186131,1
extreme_051,Extreme,Serial,1,1,0.015983292,1
extreme_051,Extreme,Serial,1,2,0.018519583,1
extreme_051,Extreme,Serial,1,3,0.015851583,1
extreme_051,Extreme,Serial,1,4,0.018120250,1
extreme_051,Extreme,Serial,1,5,0.016072917,1
extreme_051,Extreme,Serial-MRV,1,1,0.073095083,1
extreme_051,Extreme,Serial-MRV,1,2,0.070886666,1
extreme_051,Extreme,Serial-MRV,1,3,0.071812333,1
extreme_051,Extreme,Serial-MRV,1,4,0.074408375,1
extreme_051,Extreme,Serial-MRV,1,5,0.072027333,1
extreme_051,Extreme,BranchBound,1,1,0.013452208,1
extreme_051,Extreme,BranchBound,1,2,0.013421084,1
extreme_051,Extreme,BranchBound,1,3,0.013228708,1
extreme_051,Extreme,BranchBound,1,4,0.013386208,1
extreme_051,Extreme,BranchBound,1,5,0.013510917,1
extreme_051,Extreme,BranchBoundMRV,1,1,0.089703750,1
extreme_051,Extreme,BranchBoundMRV,1,2,0.089903083,1
extreme_051,Extreme,BranchBoundMRV,1,3,0.095459292,1
extreme_051,Extreme,BranchBoundMRV,1,4,0.097785542,1
extreme_051,Extreme,BranchBoundMRV,1,5,0.091437291,1
extreme_051,Extreme,OpenMP,4,1,0.003618956,1
extreme_051,Extreme,OpenMP,4,2,0.003731012,1
extreme_051,Extreme,OpenMP,4,3,0.003614902,1
extreme_051,Extreme,OpenMP,4,4,0.003554106,1
extreme_051,Extreme,OpenMP,4,5,0.003507853,1
extreme_051,Extreme,OpenMP,8,1,0.008352995,1
extreme_051,Extreme,OpenMP,8,2,0.007955074,1
extreme_051,Extreme,OpenMP,8,3,0.003538132,1
extreme_051,Extreme,OpenMP,8,4,0.005326986,1
extreme_051,Extreme,OpenMP,8,5,0.008435011,1
extreme_051,Extreme,OpenMP,16,1,0.022895813,1
extreme_051,Extreme,OpenMP,16,2,0.035440922,1
extreme_051,Extreme,OpenMP,16,3,0.011929035,1
extreme_051,Extreme,OpenMP,16,4,0.023694038,1
extreme_051,Extreme,OpenMP,16,5,0.011974096,1
extreme_051,Extreme,OMP-BranchBoundMRV,4,1,0.004698992,1
extreme_051,Extreme,OMP-BranchBoundMRV,4,2,0.004583120,1
extreme_051,Extreme,OMP-BranchBoundMRV,4,3,0.004507065,1
extreme_051,Extreme,OMP-BranchBoundMRV,4,4,0.004600048,1
extreme_051,Extreme,OMP-BranchBoundMRV,4,5,0.004503965,1
extreme_051,Extreme,OMP-BranchBoundMRV,8,1,0.004523039,1
extreme_051,Extreme,OMP-BranchBoundMRV,8,2,0.004626036,1
extreme_051,Extreme,OMP-BranchBoundMRV,8,3,0.010279894,1
extreme_051,Extreme,OMP-BranchBoundMRV,8,4,0.004526854,1
extreme_051,Extreme,OMP-BranchBoundMRV,8,5,0.010689974,1
extreme_051,Extreme,OMP-BranchBoundMRV,16,1,0.087167025,1
extreme_051,Extreme,OMP-BranchBoundMRV,16,2,0.037410021,1
extreme_051,Extreme,OMP-BranchBoundMRV,16,3,0.020433903,1
extreme_051,Extreme,OMP-BranchBoundMRV,16,4,0.041617870,1
extreme_051,Extreme,OMP-BranchBoundMRV,16,5,0.087543964,1
extreme_052,Extreme,Serial,1,1,0.052491750,1
extreme_052,Extreme,Serial,1,2,0.052937125,1
extreme_052,Extreme,Serial,1,3,0.052636792,1
extreme_052,Extreme,Serial,1,4,0.052408917,1
extreme_052,Extreme,Serial,1,5,0.052230333,1
extreme_052,Extreme,Serial-MRV,1,1,0.073372208,1
extreme_052,Extreme,Serial-MRV,1,2,0.074774792,1
extreme_052,Extreme,Serial-MRV,1,3,0.074123292,1
extreme_052,Extreme,Serial-MRV,1,4,0.073644333,1
extreme_052,Extreme,Serial-MRV,1,5,0.073541250,1
extreme_052,Extreme,BranchBound,1,1,0.046779625,1
extreme_052,Extreme,BranchBound,1,2,0.046552834,1
extreme_052,Extreme,BranchBound,1,3,0.046696416,1
extreme_052,Extreme,BranchBound,1,4,0.046719250,1
extreme_052,Extreme,BranchBound,1,5,0.046887375,1
extreme_052,Extreme,BranchBoundMRV,1,1,0.096217417,1
extreme_052,Extreme,BranchBoundMRV,1,2,0.095310292,1
extreme_052,Extreme,BranchBoundMRV,1,3,0.095390667,1
extreme_052,Extreme,BranchBoundMRV,1,4,0.095068167,1
extreme_052,Extreme,BranchBoundMRV,1,5,0.095472917,1
extreme_052,Extreme,OpenMP,4,1,0.004080057,1
extreme_052,Extreme,OpenMP,4,2,0.004045010,1
extreme_052,Extreme,OpenMP,4,3,0.004044056,1
extreme_052,Extreme,OpenMP,4,4,0.004040956,1
extreme_052,Extreme,OpenMP,4,5,0.004183769,1
extreme_052,Extreme,OpenMP,8,1,0.004063129,1
extreme_052,Extreme,OpenMP,8,2,0.006211042,1
extreme_052,Extreme,OpenMP,8,3,0.004076004,1
extreme_052,Extreme,OpenMP,8,4,0.008769035,1
extreme_052,Extreme,OpenMP,8,5,0.004054070,1
extreme_052,Extreme,OpenMP,16,1,0.025565863,1
extreme_052,Extreme,OpenMP,16,2,0.026329041,1
extreme_052,Extreme,OpenMP,16,3,0.020783186,1
extreme_052,Extreme,OpenMP,16,4,0.036463022,1
extreme_052,Extreme,OpenMP,16,5,0.019256830,1
extreme_052,Extreme,OMP-BranchBoundMRV,4,1,0.005661964,1
extreme_052,Extreme,OMP-BranchBoundMRV,4,2,0.005537033,1
extreme_052,Extreme,OMP-BranchBoundMRV,4,3,0.005640030,1
extreme_052,Extreme,OMP-BranchBoundMRV,4,4,0.005489111,1
extreme_052,Extreme,OMP-BranchBoundMRV,4,5,0.005598068,1
extreme_052,Extreme,OMP-BranchBoundMRV,8,1,0.005564928,1
extreme_052,Extreme,OMP-BranchBoundMRV,8,2,0.005558014,1
extreme_052,Extreme,OMP-BranchBoundMRV,8,3,0.005535126,1
extreme_052,Extreme,OMP-BranchBoundMRV,8,4,0.011321068,1
extreme_052,Extreme,OMP-BranchBoundMRV,8,5,0.005511999,1
extreme_052,Extreme,OMP-BranchBoundMRV,16,1,0.108546972,1
extreme_052,Extreme,OMP-BranchBoundMRV,16,2,0.052506924,1
extreme_052,Extreme,OMP-BranchBoundMRV,16,3,0.038038969,1
extreme_052,Extreme,OMP-BranchBoundMRV,16,4,0.025780916,1
extreme_052,Extreme,OMP-BranchBoundMRV,16,5,0.037386894,1
extreme_053,Extreme,Serial,1,1,0.277799292,1
extreme_053,Extreme,Serial,1,2,0.279226292,1
extreme_053,Extreme,Serial,1,3,0.276354750,1
extreme_053,Extreme,Serial,1,4,0.276810125,1
extreme_053,Extreme,Serial,1,5,0.271050709,1
extreme_053,Extreme,Serial-MRV,1,1,0.102492667,1
extreme_053,Extreme,Serial-MRV,1,2,0.102007291,1
extreme_053,Extreme,Serial-MRV,1,3,0.111272291,1
extreme_053,Extreme,Serial-MRV,1,4,0.103454334,1
extreme_053,Extreme,Serial-MRV,1,5,0.102515125,1
extreme_053,Extreme,BranchBound,1,1,0.237621166,1
extreme_053,Extreme,BranchBound,1,2,0.238503250,1
extreme_053,Extreme,BranchBound,1,3,0.233622375,1
extreme_053,Extreme,BranchBound,1,4,0.235150833,1
extreme_053,Extreme,BranchBound,1,5,0.232563459,1
extreme_053,Extreme,BranchBoundMRV,1,1,0.145365125,1
extreme_053,Extreme,BranchBoundMRV,1,2,0.146655958,1
extreme_053,Extreme,BranchBoundMRV,1,3,0.139514042,1
extreme_053,Extreme,BranchBoundMRV,1,4,0.142521458,1
extreme_053,Extreme,BranchBoundMRV,1,5,0.140655250,1
extreme_053,Extreme,OpenMP,4,1,0.048053980,1
extreme_053,Extreme,OpenMP,4,2,0.048130989,1
extreme_053,Extreme,OpenMP,4,3,0.047976017,1
extreme_053,Extreme,OpenMP,4,4,0.048398972,1
extreme_053,Extreme,OpenMP,4,5,0.049738884,1
extreme_053,Extreme,OpenMP,8,1,0.069478989,1
extreme_053,Extreme,OpenMP,8,2,0.074540854,1
extreme_053,Extreme,OpenMP,8,3,0.070220947,1
extreme_053,Extreme,OpenMP,8,4,0.073983192,1
extreme_053,Extreme,OpenMP,8,5,0.067090988,1
extreme_053,Extreme,OpenMP,16,1,0.137743950,1
extreme_053,Extreme,OpenMP,16,2,0.166072130,1
extreme_053,Extreme,OpenMP,16,3,0.188406944,1
extreme_053,Extreme,OpenMP,16,4,0.184703112,1
extreme_053,Extreme,OpenMP,16,5,0.171125889,1
extreme_053,Extreme,OMP-BranchBoundMRV,4,1,0.094579935,1
extreme_053,Extreme,OMP-BranchBoundMRV,4,2,0.084537029,1
extreme_053,Extreme,OMP-BranchBoundMRV,4,3,0.073334932,1
extreme_053,Extreme,OMP-BranchBoundMRV,4,4,0.068997145,1
extreme_053,Extreme,OMP-BranchBoundMRV,4,5,0.077351093,1
extreme_053,Extreme,OMP-BranchBoundMRV,8,1,0.113775015,1
extreme_053,Extreme,OMP-BranchBoundMRV,8,2,0.089563847,1
extreme_053,Extreme,OMP-BranchBoundMRV,8,3,0.107594967,1
extreme_053,Extreme,OMP-BranchBoundMRV,8,4,0.097274065,1
extreme_053,Extreme,OMP-BranchBoundMRV,8,5,0.090119839,1
extreme_053,Extreme,OMP-BranchBoundMRV,16,1,0.216992855,1
extreme_053,Extreme,OMP-BranchBoundMRV,16,2,0.248532057,1
extreme_053,Extreme,OMP-BranchBoundMRV,16,3,0.226528883,1
extreme_053,Extreme,OMP-BranchBoundMRV,16,4,0.204984903,1
extreme_053,Extreme,OMP-BranchBoundMRV,16,5,0.244156122,1
extreme_054,Extreme,Serial,1,1,0.058268041,1
extreme_054,Extreme,Serial,1,2,0.056717583,1
extreme_054,Extreme,Serial,1,3,0.056897250,1
extreme_054,Extreme,Serial,1,4,0.057507500,1
extreme_054,Extreme,Serial,1,5,0.057878459,1
extreme_054,Extreme,Serial-MRV,1,1,0.087821875,1
extreme_054,Extreme,Serial-MRV,1,2,0.083780917,1
extreme_054,Extreme,Serial-MRV,1,3,0.083454791,1
extreme_054,Extreme,Serial-MRV,1,4,0.083364292,1
extreme_054,Extreme,Serial-MRV,1,5,0.083394750,1
extreme_054,Extreme,BranchBound,1,1,0.048528791,1
extreme_054,Extreme,BranchBound,1,2,0.048654209,1
extreme_054,Extreme,BranchBound,1,3,0.051003792,1
extreme_054,Extreme,BranchBound,1,4,0.050217542,1
extreme_054,Extreme,BranchBound,1,5,0.048966292,1
extreme_054,Extreme,BranchBoundMRV,1,1,0.116902875,1
extreme_054,Extreme,BranchBoundMRV,1,2,0.107483417,1
extreme_054,Extreme,BranchBoundMRV,1,3,0.105643166,1
extreme_054,Extreme,BranchBoundMRV,1,4,0.161771083,1
extreme_054,Extreme,BranchBoundMRV,1,5,0.207632042,1
extreme_054,Extreme,OpenMP,4,1,0.001092911,1
extreme_054,Extreme,OpenMP,4,2,0.002121925,1
extreme_054,Extreme,OpenMP,4,3,0.001193047,1
extreme_054,Extreme,OpenMP,4,4,0.001100063,1
extreme_054,Extreme,OpenMP,4,5,0.026899815,1
extreme_054,Extreme,OpenMP,8,1,0.002337217,1
extreme_054,Extreme,OpenMP,8,2,0.002191067,1
extreme_054,Extreme,OpenMP,8,3,0.003443003,1
extreme_054,Extreme,OpenMP,8,4,0.005983829,1
extreme_054,Extreme,OpenMP,8,5,0.003901958,1
extreme_054,Extreme,OpenMP,16,1,0.013664961,1
extreme_054,Extreme,OpenMP,16,2,0.017870903,1
extreme_054,Extreme,OpenMP,16,3,0.005078077,1
extreme_054,Extreme,OpenMP,16,4,0.023492098,1
extreme_054,Extreme,OpenMP,16,5,0.051194906,1
extreme_054,Extreme,OMP-BranchBoundMRV,4,1,0.024371147,1
extreme_054,Extreme,OMP-BranchBoundMRV,4,2,0.026571989,1
extreme_054,Extreme,OMP-BranchBoundMRV,4,3,0.031235933,1
extreme_054,Extreme,OMP-BranchBoundMRV,4,4,0.024956942,1
extreme_054,Extreme,OMP-BranchBoundMRV,4,5,0.023830891,1
extreme_054,Extreme,OMP-BranchBoundMRV,8,1,0.002581835,1
extreme_054,Extreme,OMP-BranchBoundMRV,8,2,0.020591021,1
extreme_054,Extreme,OMP-BranchBoundMRV,8,3,0.002238035,1
extreme_054,Extreme,OMP-BranchBoundMRV,8,4,0.002332926,1
extreme_054,Extreme,OMP-BranchBoundMRV,8,5,0.002602100,1
extreme_054,Extreme,OMP-BranchBoundMRV,16,1,0.040747881,1
extreme_054,Extreme,OMP-BranchBoundMRV,16,2,0.018566847,1
extreme_054,Extreme,OMP-BranchBoundMRV,16,3,0.051964045,1
extreme_054,Extreme,OMP-BranchBoundMRV,16,4,0.034414053,1
extreme_054,Extreme,OMP-BranchBoundMRV,16,5,0.056211948,1
extreme_055,Extreme,Serial,1,1,0.189842125,1
extreme_055,Extreme,Serial,1,2,0.183461625,1
extreme_055,Extreme,Serial,1,3,0.184942458,1
extreme_055,Extreme,Serial,1,4,0.181992541,1
extreme_055,Extreme,Serial,1,5,0.181804208,1
extreme_055,Extreme,Serial-MRV,1,1,0.125880500,1
extreme_055,Extreme,Serial-MRV,1,2,0.126669667,1
extreme_055,Extreme,Serial-MRV,1,3,0.131822791,1
extreme_055,Extreme,Serial-MRV,1,4,0.125420250,1
extreme_055,Extreme,Serial-MRV,1,5,0.125213000,1
extreme_055,Extreme,BranchBound,1,1,0.170634250,1
extreme_055,Extreme,BranchBound,1,2,0.178996208,1
extreme_055,Extreme,BranchBound,1,3,0.170915083,1
extreme_055,Extreme,BranchBound,1,4,0.171282458,1
extreme_055,Extreme,BranchBound,1,5,0.168658291,1
extreme_055,Extreme,BranchBoundMRV,1,1,0.165409916,1
extreme_055,Extreme,BranchBoundMRV,1,2,0.168609167,1
extreme_055,Extreme,BranchBoundMRV,1,3,0.163451833,1
extreme_055,Extreme,BranchBoundMRV,1,4,0.164000334,1
extreme_055,Extreme,BranchBoundMRV,1,5,0.174368167,1
extreme_055,Extreme,OpenMP,4,1,0.011415958,1
extreme_055,Extreme,OpenMP,4,2,0.009750128,1
extreme_055,Extreme,OpenMP,4,3,0.009867907,1
extreme_055,Extreme,OpenMP,4,4,0.013055086,1
extreme_055,Extreme,OpenMP,4,5,0.005584002,1
extreme_055,Extreme,OpenMP,8,1,0.005600929,1
extreme_055,Extreme,OpenMP,8,2,0.010216951,1
extreme_055,Extreme,OpenMP,8,3,0.007558107,1
extreme_055,Extreme,OpenMP,8,4,0.010483980,1
extreme_055,Extreme,OpenMP,8,5,0.010311127,1
extreme_055,Extreme,OpenMP,16,1,0.041965008,1
extreme_055,Extreme,OpenMP,16,2,0.008945942,1
extreme_055,Extreme,OpenMP,16,3,0.009727001,1
extreme_055,Extreme,OpenMP,16,4,0.052759886,1
extreme_055,Extreme,OpenMP,16,5,0.016846895,1
extreme_055,Extreme,OMP-BranchBoundMRV,4,1,0.016967058,1
extreme_055,Extreme,OMP-BranchBoundMRV,4,2,0.014719963,1
extreme_055,Extreme,OMP-BranchBoundMRV,4,3,0.015671968,1
extreme_055,Extreme,OMP-BranchBoundMRV,4,4,0.017786980,1
extreme_055,Extreme,OMP-BranchBoundMRV,4,5,0.015098810,1
extreme_055,Extreme,OMP-BranchBoundMRV,8,1,0.010485888,1
extreme_055,Extreme,OMP-BranchBoundMRV,8,2,0.012735128,1
extreme_055,Extreme,OMP-BranchBoundMRV,8,3,0.012999058,1
extreme_055,Extreme,OMP-BranchBoundMRV,8,4,0.020977974,1
extreme_055,Extreme,OMP-BranchBoundMRV,8,5,0.010243893,1
extreme_055,Extreme,OMP-BranchBoundMRV,16,1,0.052361965,1
extreme_055,Extreme,OMP-BranchBoundMRV,16,2,0.031563044,1
extreme_055,Extreme,OMP-BranchBoundMRV,16,3,0.073874950,1
extreme_055,Extreme,OMP-BranchBoundMRV,16,4,0.083657026,1
extreme_055,Extreme,OMP-BranchBoundMRV,16,5,0.085748911,1
extreme_056,Extreme,Serial,1,1,0.099846916,1
extreme_056,Extreme,Serial,1,2,0.103128583,1
extreme_056,Extreme,Serial,1,3,0.104737709,1
extreme_056,Extreme,Serial,1,4,0.101137000,1
extreme_056,Extreme,Serial,1,5,0.101257833,1
extreme_056,Extreme,Serial-MRV,1,1,0.096658917,1
extreme_056,Extreme,Serial-MRV,1,2,0.096441167,1
extreme_056,Extreme,Serial-MRV,1,3,0.099101958,1
extreme_056,Extreme,Serial-MRV,1,4,0.099233250,1
extreme_056,Extreme,Serial-MRV,1,5,0.096282709,1
extreme_056,Extreme,BranchBound,1,1,0.086966125,1
extreme_056,Extreme,BranchBound,1,2,0.089056291,1
extreme_056,Extreme,BranchBound,1,3,0.091054625,1
extreme_056,Extreme,BranchBound,1,4,0.090022916,1
extreme_056,Extreme,BranchBound,1,5,0.085541292,1
extreme_056,Extreme,BranchBoundMRV,1,1,0.127893375,1
extreme_056,Extreme,BranchBoundMRV,1,2,0.128941250,1
extreme_056,Extreme,BranchBoundMRV,1,3,0.129377750,1
extreme_056,Extreme,BranchBoundMRV,1,4,0.124849791,1
extreme_056,Extreme,BranchBoundMRV,1,5,0.124928167,1
extreme_056,Extreme,OpenMP,4,1,0.010711193,1
extreme_056,Extreme,OpenMP,4,2,0.010663986,1
extreme_056,Extreme,OpenMP,4,3,0.010820866,1
extreme_056,Extreme,OpenMP,4,4,0.010639906,1
extreme_056,Extreme,OpenMP,4,5,0.010835886,1
extreme_056,Extreme,OpenMP,8,1,0.022017002,1
extreme_056,Extreme,OpenMP,8,2,0.013923883,1
extreme_056,Extreme,OpenMP,8,3,0.020764112,1
extreme_056,Extreme,OpenMP,8,4,0.023509026,1
extreme_056,Extreme,OpenMP,8,5,0.026353121,1
extreme_056,Extreme,OpenMP,16,1,0.078958035,1
extreme_056,Extreme,OpenMP,16,2,0.064110994,1
extreme_056,Extreme,OpenMP,16,3,0.081058979,1
extreme_056,Extreme,OpenMP,16,4,0.067201853,1
extreme_056,Extreme,OpenMP,16,5,0.095952034,1
extreme_056,Extreme,OMP-BranchBoundMRV,4,1,0.013842106,1
extreme_056,Extreme,OMP-BranchBoundMRV,4,2,0.013868093,1
extreme_056,Extreme,OMP-BranchBoundMRV,4,3,0.013814926,1
extreme_056,Extreme,OMP-BranchBoundMRV,4,4,0.013845921,1
extreme_056,Extreme,OMP-BranchBoundMRV,4,5,0.013853788,1
extreme_056,Extreme,OMP-BranchBoundMRV,8,1,0.018938065,1
extreme_056,Extreme,OMP-BranchBoundMRV,8,2,0.019035101,1
extreme_056,Extreme,OMP-BranchBoundMRV,8,3,0.014014006,1
extreme_056,Extreme,OMP-BranchBoundMRV,8,4,0.019780874,1
extreme_056,Extreme,OMP-BranchBoundMRV,8,5,0.019522905,1
extreme_056,Extreme,OMP-BranchBoundMRV,16,1,0.087087870,1
extreme_056,Extreme,OMP-BranchBoundMRV,16,2,0.047532082,1
extreme_056,Extreme,OMP-BranchBoundMRV,16,3,0.037340879,1
extreme_056,Extreme,OMP-BranchBoundMRV,16,4,0.064136982,1
extreme_056,Extreme,OMP-BranchBoundMRV,16,5,0.070343971,1
extreme_057,Extreme,Serial,1,1,0.002090875,1
extreme_057,Extreme,Serial,1,2,0.002101500,1
extreme_057,Extreme,Serial,1,3,0.002106750,1
extreme_057,Extreme,Serial,1,4,0.002076417,1
extreme_057,Extreme,Serial,1,5,0.002135834,1
extreme_057,Extreme,Serial-MRV,1,1,0.083552875,1
extreme_057,Extreme,Serial-MRV,1,2,0.085535208,1
extreme_057,Extreme,Serial-MRV,1,3,0.087920875,1
extreme_057,Extreme,Serial-MRV,1,4,0.085028167,1
extreme_057,Extreme,Serial-MRV,1,5,0.083549292,1
extreme_057,Extreme,BranchBound,1,1,0.001822292,1
extreme_057,Extreme,BranchBound,1,2,0.001839875,1
extreme_057,Extreme,BranchBound,1,3,0.001781208,1
extreme_057,Extreme,BranchBound,1,4,0.001780791,1
extreme_057,Extreme,BranchBound,1,5,0.001824458,1
extreme_057,Extreme,BranchBoundMRV,1,1,0.103903542,1
extreme_057,Extreme,BranchBoundMRV,1,2,0.104489917,1
extreme_057,Extreme,BranchBoundMRV,1,3,0.107808584,1
extreme_057,Extreme,BranchBoundMRV,1,4,0.103553333,1
extreme_057,Extreme,BranchBoundMRV,1,5,0.104102833,1
extreme_057,Extreme,OpenMP,4,1,0.003318071,1
extreme_057,Extreme,OpenMP,4,2,0.003298998,1
extreme_057,Extreme,OpenMP,4,3,0.003296852,1
extreme_057,Extreme,OpenMP,4,4,0.003511906,1
extreme_057,Extreme,OpenMP,4,5,0.003299952,1
extreme_057,Extreme,OpenMP,8,1,0.003323078,1
extreme_057,Extreme,OpenMP,8,2,0.003309965,1
extreme_057,Extreme,OpenMP,8,3,0.007699013,1
extreme_057,Extreme,OpenMP,8,4,0.003310919,1
extreme_057,Extreme,OpenMP,8,5,0.003314018,1
extreme_057,Extreme,OpenMP,16,1,0.028117895,1
extreme_057,Extreme,OpenMP,16,2,0.020745039,1
extreme_057,Extreme,OpenMP,16,3,0.036352873,1
extreme_057,Extreme,OpenMP,16,4,0.033583164,1
extreme_057,Extreme,OpenMP,16,5,0.025033951,1
extreme_057,Extreme,OMP-BranchBoundMRV,4,1,0.004235029,1
extreme_057,Extreme,OMP-BranchBoundMRV,4,2,0.004217863,1
extreme_057,Extreme,OMP-BranchBoundMRV,4,3,0.004210949,1
extreme_057,Extreme,OMP-BranchBoundMRV,4,4,0.004214048,1
extreme_057,Extreme,OMP-BranchBoundMRV,4,5,0.005518198,1
extreme_057,Extreme,OMP-BranchBoundMRV,8,1,0.006567955,1
extreme_057,Extreme,OMP-BranchBoundMRV,8,2,0.007780075,1
extreme_057,Extreme,OMP-BranchBoundMRV,8,3,0.004832029,1
extreme_057,Extreme,OMP-BranchBoundMRV,8,4,0.006796122,1
extreme_057,Extreme,OMP-BranchBoundMRV,8,5,0.005928993,1
extreme_057,Extreme,OMP-BranchBoundMRV,16,1,0.009684086,1
extreme_057,Extreme,OMP-BranchBoundMRV,16,2,0.015810966,1
extreme_057,Extreme,OMP-BranchBoundMRV,16,3,0.043247223,1
extreme_057,Extreme,OMP-BranchBoundMRV,16,4,0.046617031,1
extreme_057,Extreme,OMP-BranchBoundMRV,16,5,0.020842075,1
extreme_058,Extreme,Serial,1,1,0.185188334,1
extreme_058,Extreme,Serial,1,2,0.180459791,1
extreme_058,Extreme,Serial,1,3,0.180311375,1
extreme_058,Extreme,Serial,1,4,0.180121583,1
extreme_058,Extreme,Serial,1,5,0.180014583,1
extreme_058,Extreme,Serial-MRV,1,1,0.109593708,1
extreme_058,Extreme,Serial-MRV,1,2,0.110429125,1
extreme_058,Extreme,Serial-MRV,1,3,0.111007375,1
extreme_058,Extreme,Serial-MRV,1,4,0.109492250,1
extreme_058,Extreme,Serial-MRV,1,5,0.109513334,1
extreme_058,Extreme,BranchBound,1,1,0.152969083,1
extreme_058,Extreme,BranchBound,1,2,0.156347500,1
extreme_058,Extreme,BranchBound,1,3,0.152999875,1
extreme_058,Extreme,BranchBound,1,4,0.154994459,1
extreme_058,Extreme,BranchBound,1,5,0.153356875,1
extreme_058,Extreme,BranchBoundMRV,1,1,0.148376834,1
extreme_058,Extreme,BranchBoundMRV,1,2,0.150550083,1
extreme_058,Extreme,BranchBoundMRV,1,3,0.148404541,1
extreme_058,Extreme,BranchBoundMRV,1,4,0.160502667,1
extreme_058,Extreme,BranchBoundMRV,1,5,0.159270500,1
extreme_058,Extreme,OpenMP,4,1,0.031237125,1
extreme_058,Extreme,OpenMP,4,2,0.036602974,1
extreme_058,Extreme,OpenMP,4,3,0.030913115,1
extreme_058,Extreme,OpenMP,4,4,0.030639172,1
extreme_058,Extreme,OpenMP,4,5,0.030699968,1
extreme_058,Extreme,OpenMP,8,1,0.044456005,1
extreme_058,Extreme,OpenMP,8,2,0.031957865,1
extreme_058,Extreme,OpenMP,8,3,0.044414997,1
extreme_058,Extreme,OpenMP,8,4,0.028546095,1
extreme_058,Extreme,OpenMP,8,5,0.036983967,1
extreme_058,Extreme,OpenMP,16,1,0.156468868,1
extreme_058,Extreme,OpenMP,16,2,0.059389114,1
extreme_058,Extreme,OpenMP,16,3,0.088148117,1
extreme_058,Extreme,OpenMP,16,4,0.090780020,1
extreme_058,Extreme,OpenMP,16,5,0.082524061,1
extreme_058,Extreme,OMP-BranchBoundMRV,4,1,0.047954798,1
extreme_058,Extreme,OMP-BranchBoundMRV,4,2,0.041665077,1
extreme_058,Extreme,OMP-BranchBoundMRV,4,3,0.050240993,1
extreme_058,Extreme,OMP-BranchBoundMRV,4,4,0.041949987,1
extreme_058,Extreme,OMP-BranchBoundMRV,4,5,0.043978930,1
extreme_058,Extreme,OMP-BranchBoundMRV,8,1,0.053619862,1
extreme_058,Extreme,OMP-BranchBoundMRV,8,2,0.055886030,1
extreme_058,Extreme,OMP-BranchBoundMRV,8,3,0.051331043,1
extreme_058,Extreme,OMP-BranchBoundMRV,8,4,0.066987038,1
extreme_058,Extreme,OMP-BranchBoundMRV,8,5,0.053248882,1
extreme_058,Extreme,OMP-BranchBoundMRV,16,1,0.154978037,1
extreme_058,Extreme,OMP-BranchBoundMRV,16,2,0.130857944,1
extreme_058,Extreme,OMP-BranchBoundMRV,16,3,0.130834103,1
extreme_058,Extreme,OMP-BranchBoundMRV,16,4,0.136075974,1
extreme_058,Extreme,OMP-BranchBoundMRV,16,5,0.102657080,1
extreme_059,Extreme,Serial,1,1,0.024818917,1
extreme_059,Extreme,Serial,1,2,0.025193458,1
extreme_059,Extreme,Serial,1,3,0.024355458,1
extreme_059,Extreme,Serial,1,4,0.024340375,1
extreme_059,Extreme,Serial,1,5,0.024238500,1
extreme_059,Extreme,Serial-MRV,1,1,0.090367625,1
extreme_059,Extreme,Serial-MRV,1,2,0.093337500,1
extreme_059,Extreme,Serial-MRV,1,3,0.089937958,1
extreme_059,Extreme,Serial-MRV,1,4,0.086236417,1
extreme_059,Extreme,Serial-MRV,1,5,0.086192208,1
extreme_059,Extreme,BranchBound,1,1,0.019683583,1
extreme_059,Extreme,BranchBound,1,2,0.019763458,1
extreme_059,Extreme,BranchBound,1,3,0.019941834,1
extreme_059,Extreme,BranchBound,1,4,0.019845083,1
extreme_059,Extreme,BranchBound,1,5,0.019804625,1
extreme_059,Extreme,BranchBoundMRV,1,1,0.110085083,1
extreme_059,Extreme,BranchBoundMRV,1,2,0.110189791,1
extreme_059,Extreme,BranchBoundMRV,1,3,0.110412750,1
extreme_059,Extreme,BranchBoundMRV,1,4,0.111010584,1
extreme_059,Extreme,BranchBoundMRV,1,5,0.127063125,1
extreme_059,Extreme,OpenMP,4,1,0.002684116,1
extreme_059,Extreme,OpenMP,4,2,0.002644062,1
extreme_059,Extreme,OpenMP,4,3,0.002712011,1
extreme_059,Extreme,OpenMP,4,4,0.002646208,1
extreme_059,Extreme,OpenMP,4,5,0.002644062,1
extreme_059,Extreme,OpenMP,8,1,0.002728939,1
extreme_059,Extreme,OpenMP,8,2,0.006150007,1
extreme_059,Extreme,OpenMP,8,3,0.006293058,1
extreme_059,Extreme,OpenMP,8,4,0.006151199,1
extreme_059,Extreme,OpenMP,8,5,0.006123066,1
extreme_059,Extreme,OpenMP,16,1,0.027674913,1
extreme_059,Extreme,OpenMP,16,2,0.019841909,1
extreme_059,Extreme,OpenMP,16,3,0.030372858,1
extreme_059,Extreme,OpenMP,16,4,0.044807911,1
extreme_059,Extreme,OpenMP,16,5,0.028995991,1
extreme_059,Extreme,OMP-BranchBoundMRV,4,1,0.003638029,1
extreme_059,Extreme,OMP-BranchBoundMRV,4,2,0.003677130,1
extreme_059,Extreme,OMP-BranchBoundMRV,4,3,0.003866911,1
extreme_059,Extreme,OMP-BranchBoundMRV,4,4,0.003685951,1
extreme_059,Extreme,OMP-BranchBoundMRV,4,5,0.003631830,1
extreme_059,Extreme,OMP-BranchBoundMRV,8,1,0.006195068,1
extreme_059,Extreme,OMP-BranchBoundMRV,8,2,0.003664017,1
extreme_059,Extreme,OMP-BranchBoundMRV,8,3,0.003757000,1
extreme_059,Extreme,OMP-BranchBoundMRV,8,4,0.003653049,1
extreme_059,Extreme,OMP-BranchBoundMRV,8,5,0.008100033,1
extreme_059,Extreme,OMP-BranchBoundMRV,16,1,0.045722008,1
extreme_059,Extreme,OMP-BranchBoundMRV,16,2,0.033049107,1
extreme_059,Extreme,OMP-BranchBoundMRV,16,3,0.052230835,1
extreme_059,Extreme,OMP-BranchBoundMRV,16,4,0.024060011,1
extreme_059,Extreme,OMP-BranchBoundMRV,16,5,0.031033993,1
extreme_060,Extreme,Serial,1,1,0.037163958,1
extreme_060,Extreme,Serial,1,2,0.036477292,1
extreme_060,Extreme,Serial,1,3,0.036235459,1
extreme_060,Extreme,Serial,1,4,0.036205750,1
extreme_060,Extreme,Serial,1,5,0.035930250,1
extreme_060,Extreme,Serial-MRV,1,1,0.241346875,1
extreme_060,Extreme,Serial-MRV,1,2,0.239568500,1
extreme_060,Extreme,Serial-MRV,1,3,0.244702250,1
extreme_060,Extreme,Serial-MRV,1,4,0.240280500,1
extreme_060,Extreme,Serial-MRV,1,5,0.243152291,1
extreme_060,Extreme,BranchBound,1,1,0.032828583,1
extreme_060,Extreme,BranchBound,1,2,0.032935167,1
extreme_060,Extreme,BranchBound,1,3,0.033186375,1
extreme_060,Extreme,BranchBound,1,4,0.033337958,1
extreme_060,Extreme,BranchBound,1,5,0.033335834,1
extreme_060,Extreme,BranchBoundMRV,1,1,0.313871500,1
extreme_060,Extreme,BranchBoundMRV,1,2,0.310772125,1
extreme_060,Extreme,BranchBoundMRV,1,3,0.314968667,1
extreme_060,Extreme,BranchBoundMRV,1,4,0.310675333,1
extreme_060,Extreme,BranchBoundMRV,1,5,0.310359417,1
extreme_060,Extreme,OpenMP,4,1,0.002297163,1
extreme_060,Extreme,OpenMP,4,2,0.002253056,1
extreme_060,Extreme,OpenMP,4,3,0.002236128,1
extreme_060,Extreme,OpenMP,4,4,0.002243042,1
extreme_060,Extreme,OpenMP,4,5,0.002218008,1
extreme_060,Extreme,OpenMP,8,1,0.006963015,1
extreme_060,Extreme,OpenMP,8,2,0.002279043,1
extreme_060,Extreme,OpenMP,8,3,0.002255917,1
extreme_060,Extreme,OpenMP,8,4,0.005140781,1
extreme_060,Extreme,OpenMP,8,5,0.005728006,1
extreme_060,Extreme,OpenMP,16,1,0.021838188,1
extreme_060,Extreme,OpenMP,16,2,0.010864019,1
extreme_060,Extreme,OpenMP,16,3,0.051174164,1
extreme_060,Extreme,OpenMP,16,4,0.023202181,1
extreme_060,Extreme,OpenMP,16,5,0.031476974,1
extreme_060,Extreme,OMP-BranchBoundMRV,4,1,0.003400087,1
extreme_060,Extreme,OMP-BranchBoundMRV,4,2,0.003375053,1
extreme_060,Extreme,OMP-BranchBoundMRV,4,3,0.003356934,1
extreme_060,Extreme,OMP-BranchBoundMRV,4,4,0.003381014,1
extreme_060,Extreme,OMP-BranchBoundMRV,4,5,0.003473997,1
extreme_060,Extreme,OMP-BranchBoundMRV,8,1,0.003412962,1
extreme_060,Extreme,OMP-BranchBoundMRV,8,2,0.003399134,1
extreme_060,Extreme,OMP-BranchBoundMRV,8,3,0.008066177,1
extreme_060,Extreme,OMP-BranchBoundMRV,8,4,0.003458023,1
extreme_060,Extreme,OMP-BranchBoundMRV,8,5,0.003413916,1
extreme_060,Extreme,OMP-BranchBoundMRV,16,1,0.027503967,1
extreme_060,Extreme,OMP-BranchBoundMRV,16,2,0.029684067,1
extreme_060,Extreme,OMP-BranchBoundMRV,16,3,0.020675182,1
extreme_060,Extreme,OMP-BranchBoundMRV,16,4,0.056081057,1
extreme_060,Extreme,OMP-BranchBoundMRV,16,5,0.016494036,1
extreme_061,Extreme,Serial,1,1,0.090159833,1
extreme_061,Extreme,Serial,1,2,0.088818625,1
extreme_061,Extreme,Serial,1,3,0.088763666,1
extreme_061,Extreme,Serial,1,4,0.088772084,1
extreme_061,Extreme,Serial,1,5,0.088617833,1
extreme_061,Extreme,Serial-MRV,1,1,0.082605583,1
extreme_061,Extreme,Serial-MRV,1,2,0.082716583,1
extreme_061,Extreme,Serial-MRV,1,3,0.083374000,1
extreme_061,Extreme,Serial-MRV,1,4,0.083695916,1
extreme_061,Extreme,Serial-MRV,1,5,0.083929375,1
extreme_061,Extreme,BranchBound,1,1,0.081327667,1
extreme_061,Extreme,BranchBound,1,2,0.080817125,1
extreme_061,Extreme,BranchBound,1,3,0.081058208,1
extreme_061,Extreme,BranchBound,1,4,0.080797208,1
extreme_061,Extreme,BranchBound,1,5,0.080630333,1
extreme_061,Extreme,BranchBoundMRV,1,1,0.102944250,1
extreme_061,Extreme,BranchBoundMRV,1,2,0.102991125,1
extreme_061,Extreme,BranchBoundMRV,1,3,0.103250333,1
extreme_061,Extreme,BranchBoundMRV,1,4,0.104984500,1
extreme_061,Extreme,BranchBoundMRV,1,5,0.104608625,1
extreme_061,Extreme,OpenMP,4,1,0.014338017,1
extreme_061,Extreme,OpenMP,4,2,0.014307022,1
extreme_061,Extreme,OpenMP,4,3,0.014235973,1
extreme_061,Extreme,OpenMP,4,4,0.014240980,1
extreme_061,Extreme,OpenMP,4,5,0.014578819,1
extreme_061,Extreme,OpenMP,8,1,0.021216869,1
extreme_061,Extreme,OpenMP,8,2,0.022048950,1
extreme_061,Extreme,OpenMP,8,3,0.020038843,1
extreme_061,Extreme,OpenMP,8,4,0.021981955,1
extreme_061,Extreme,OpenMP,8,5,0.014472008,1
extreme_061,Extreme,OpenMP,16,1,0.084176064,1
extreme_061,Extreme,OpenMP,16,2,0.093161821,1
extreme_061,Extreme,OpenMP,16,3,0.067234039,1
extreme_061,Extreme,OpenMP,16,4,0.065997839,1
extreme_061,Extreme,OpenMP,16,5,0.080657959,1
extreme_061,Extreme,OMP-BranchBoundMRV,4,1,0.018299103,1
extreme_061,Extreme,OMP-BranchBoundMRV,4,2,0.018287182,1
extreme_061,Extreme,OMP-BranchBoundMRV,4,3,0.018290997,1
extreme_061,Extreme,OMP-BranchBoundMRV,4,4,0.018252850,1
extreme_061,Extreme,OMP-BranchBoundMRV,4,5,0.018290997,1
extreme_061,Extreme,OMP-BranchBoundMRV,8,1,0.029472113,1
extreme_061,Extreme,OMP-BranchBoundMRV,8,2,0.033668995,1
extreme_061,Extreme,OMP-BranchBoundMRV,8,3,0.024095058,1
extreme_061,Extreme,OMP-BranchBoundMRV,8,4,0.044389963,1
extreme_061,Extreme,OMP-BranchBoundMRV,8,5,0.033191919,1
extreme_061,Extreme,OMP-BranchBoundMRV,16,1,0.193415165,1
extreme_061,Extreme,OMP-BranchBoundMRV,16,2,0.066104174,1
extreme_061,Extreme,OMP-BranchBoundMRV,16,3,0.124056101,1
extreme_061,Extreme,OMP-BranchBoundMRV,16,4,0.065322161,1
extreme_061,Extreme,OMP-BranchBoundMRV,16,5,0.082224131,1
extreme_062,Extreme,Serial,1,1,0.045790333,1
extreme_062,Extreme,Serial,1,2,0.045519292,1
extreme_062,Extreme,Serial,1,3,0.045540667,1
extreme_062,Extreme,Serial,1,4,0.045636375,1
extreme_062,Extreme,Serial,1,5,0.045894458,1
extreme_062,Extreme,Serial-MRV,1,1,0.095207583,1
extreme_062,Extreme,Serial-MRV,1,2,0.094803375,1
extreme_062,Extreme,Serial-MRV,1,3,0.095257834,1
extreme_062,Extreme,Serial-MRV,1,4,0.094529209,1
extreme_062,Extreme,Serial-MRV,1,5,0.094374583,1
extreme_062,Extreme,BranchBound,1,1,0.041780500,1
extreme_062,Extreme,BranchBound,1,2,0.041631333,1
extreme_062,Extreme,BranchBound,1,3,0.041789833,1
extreme_062,Extreme,BranchBound,1,4,0.041675417,1
extreme_062,Extreme,BranchBound,1,5,0.041943958,1
extreme_062,Extreme,BranchBoundMRV,1,1,0.118507125,1
extreme_062,Extreme,BranchBoundMRV,1,2,0.118641833,1
extreme_062,Extreme,BranchBoundMRV,1,3,0.118355000,1
extreme_062,Extreme,BranchBoundMRV,1,4,0.118055750,1
extreme_062,Extreme,BranchBoundMRV,1,5,0.117994458,1
extreme_062,Extreme,OpenMP,4,1,0.018893957,1
extreme_062,Extreme,OpenMP,4,2,0.018817186,1
extreme_062,Extreme,OpenMP,4,3,0.016159058,1
extreme_062,Extreme,OpenMP,4,4,0.018851042,1
extreme_062,Extreme,OpenMP,4,5,0.016121149,1
extreme_062,Extreme,OpenMP,8,1,0.027915001,1
extreme_062,Extreme,OpenMP,8,2,0.023159981,1
extreme_062,Extreme,OpenMP,8,3,0.038031816,1
extreme_062,Extreme,OpenMP,8,4,0.030355930,1
extreme_062,Extreme,OpenMP,8,5,0.025462866,1
extreme_062,Extreme,OpenMP,16,1,0.107785940,1
extreme_062,Extreme,OpenMP,16,2,0.048548937,1
extreme_062,Extreme,OpenMP,16,3,0.100402832,1
extreme_062,Extreme,OpenMP,16,4,0.093600988,1
extreme_062,Extreme,OpenMP,16,5,0.114347935,1
extreme_062,Extreme,OMP-BranchBoundMRV,4,1,0.024430037,1
extreme_062,Extreme,OMP-BranchBoundMRV,4,2,0.024312019,1
extreme_062,Extreme,OMP-BranchBoundMRV,4,3,0.024268150,1
extreme_062,Extreme,OMP-BranchBoundMRV,4,4,0.024317026,1
extreme_062,Extreme,OMP-BranchBoundMRV,4,5,0.024302006,1
extreme_062,Extreme,OMP-BranchBoundMRV,8,1,0.020612001,1
extreme_062,Extreme,OMP-BranchBoundMRV,8,2,0.026922941,1
extreme_062,Extreme,OMP-BranchBoundMRV,8,3,0.027667999,1
extreme_062,Extreme,OMP-BranchBoundMRV,8,4,0.027117014,1
extreme_062,Extreme,OMP-BranchBoundMRV,8,5,0.035513163,1
extreme_062,Extreme,OMP-BranchBoundMRV,16,1,0.105808973,1
extreme_062,Extreme,OMP-BranchBoundMRV,16,2,0.071842194,1
extreme_062,Extreme,OMP-BranchBoundMRV,16,3,0.089323997,1
extreme_062,Extreme,OMP-BranchBoundMRV,16,4,0.078631878,1
extreme_062,Extreme,OMP-BranchBoundMRV,16,5,0.077229023,1
extreme_063,Extreme,Serial,1,1,0.016605500,1
extreme_063,Extreme,Serial,1,2,0.016542458,1
extreme_063,Extreme,Serial,1,3,0.016627292,1
extreme_063,Extreme,Serial,1,4,0.016680333,1
extreme_063,Extreme,Serial,1,5,0.016545917,1
extreme_063,Extreme,Serial-MRV,1,1,0.097984292,1
extreme_063,Extreme,Serial-MRV,1,2,0.098158167,1
extreme_063,Extreme,Serial-MRV,1,3,0.097935792,1
extreme_063,Extreme,Serial-MRV,1,4,0.096609250,1
extreme_063,Extreme,Serial-MRV,1,5,0.096813334,1
extreme_063,Extreme,BranchBound,1,1,0.014342750,1
extreme_063,Extreme,BranchBound,1,2,0.014159250,1
extreme_063,Extreme,BranchBound,1,3,0.014186416,1
extreme_063,Extreme,BranchBound,1,4,0.014355166,1
extreme_063,Extreme,BranchBound,1,5,0.014451708,1
extreme_063,Extreme,BranchBoundMRV,1,1,0.118394000,1
extreme_063,Extreme,BranchBoundMRV,1,2,0.118424792,1
extreme_063,Extreme,BranchBoundMRV,1,3,0.118389958,1
extreme_063,Extreme,BranchBoundMRV,1,4,0.118237125,1
extreme_063,Extreme,BranchBoundMRV,1,5,0.117839583,1
extreme_063,Extreme,OpenMP,4,1,0.022080898,1
extreme_063,Extreme,OpenMP,4,2,0.032042027,1
extreme_063,Extreme,OpenMP,4,3,0.023629904,1
extreme_063,Extreme,OpenMP,4,4,0.023652792,1
extreme_063,Extreme,OpenMP,4,5,0.032375097,1
extreme_063,Extreme,OpenMP,8,1,0.016608000,1
extreme_063,Extreme,OpenMP,8,2,0.010617971,1
extreme_063,Extreme,OpenMP,8,3,0.005715847,1
extreme_063,Extreme,OpenMP,8,4,0.004034996,1
extreme_063,Extreme,OpenMP,8,5,0.006148100,1
extreme_063,Extreme,OpenMP,16,1,0.033416986,1
extreme_063,Extreme,OpenMP,16,2,0.018932104,1
extreme_063,Extreme,OpenMP,16,3,0.043358088,1
extreme_063,Extreme,OpenMP,16,4,0.026528120,1
extreme_063,Extreme,OpenMP,16,5,0.025013924,1
extreme_063,Extreme,OMP-BranchBoundMRV,4,1,0.039212942,1
extreme_063,Extreme,OMP-BranchBoundMRV,4,2,0.039547920,1
extreme_063,Extreme,OMP-BranchBoundMRV,4,3,0.038995028,1
extreme_063,Extreme,OMP-BranchBoundMRV,4,4,0.038891077,1
extreme_063,Extreme,OMP-BranchBoundMRV,4,5,0.039256096,1
extreme_063,Extreme,OMP-BranchBoundMRV,8,1,0.007328033,1
extreme_063,Extreme,OMP-BranchBoundMRV,8,2,0.010503054,1
extreme_063,Extreme,OMP-BranchBoundMRV,8,3,0.004308939,1
extreme_063,Extreme,OMP-BranchBoundMRV,8,4,0.042397022,1
extreme_063,Extreme,OMP-BranchBoundMRV,8,5,0.020554781,1
extreme_063,Extreme,OMP-BranchBoundMRV,16,1,0.040120840,1
extreme_063,Extreme,OMP-BranchBoundMRV,16,2,0.039525032,1
extreme_063,Extreme,OMP-BranchBoundMRV,16,3,0.014585972,1
extreme_063,Extreme,OMP-BranchBoundMRV,16,4,0.034222841,1
extreme_063,Extreme,OMP-BranchBoundMRV,16,5,0.021651983,1
extreme_064,Extreme,Serial,1,1,0.010273833,1
extreme_064,Extreme,Serial,1,2,0.010184833,1
extreme_064,Extreme,Serial,1,3,0.010324583,1
extreme_064,Extreme,Serial,1,4,0.010232833,1
extreme_064,Extreme,Serial,1,5,0.010347625,1
extreme_064,Extreme,Serial-MRV,1,1,0.138505250,1
extreme_064,Extreme,Serial-MRV,1,2,0.136516125,1
extreme_064,Extreme,Serial-MRV,1,3,0.134470125,1
extreme_064,Extreme,Serial-MRV,1,4,0.133805583,1
extreme_064,Extreme,Serial-MRV,1,5,0.133706458,1
extreme_064,Extreme,BranchBound,1,1,0.008847917,1
extreme_064,Extreme,BranchBound,1,2,0.008797459,1
extreme_064,Extreme,BranchBound,1,3,0.008926000,1
extreme_064,Extreme,BranchBound,1,4,0.008877000,1
extreme_064,Extreme,BranchBound,1,5,0.008746917,1
extreme_064,Extreme,BranchBoundMRV,1,1,0.185923041,1
extreme_064,Extreme,BranchBoundMRV,1,2,0.186643959,1
extreme_064,Extreme,BranchBoundMRV,1,3,0.182333541,1
extreme_064,Extreme,BranchBoundMRV,1,4,0.182423958,1
extreme_064,Extreme,BranchBoundMRV,1,5,0.184271375,1
extreme_064,Extreme,OpenMP,4,1,0.027683020,1
extreme_064,Extreme,OpenMP,4,2,0.027467966,1
extreme_064,Extreme,OpenMP,4,3,0.027441978,1
extreme_064,Extreme,OpenMP,4,4,0.027549982,1
extreme_064,Extreme,OpenMP,4,5,0.027451992,1
extreme_064,Extreme,OpenMP,8,1,0.045590162,1
extreme_064,Extreme,OpenMP,8,2,0.049635172,1
extreme_064,Extreme,OpenMP,8,3,0.042913914,1
extreme_064,Extreme,OpenMP,8,4,0.036773920,1
extreme_064,Extreme,OpenMP,8,5,0.031744957,1
extreme_064,Extreme,OpenMP,16,1,0.190907001,1
extreme_064,Extreme,OpenMP,16,2,0.083020926,1
extreme_064,Extreme,OpenMP,16,3,0.087327003,1
extreme_064,Extreme,OpenMP,16,4,0.067569971,1
extreme_064,Extreme,OpenMP,16,5,0.104088068,1
extreme_064,Extreme,OMP-BranchBoundMRV,4,1,0.038902998,1
extreme_064,Extreme,OMP-BranchBoundMRV,4,2,0.039808035,1
extreme_064,Extreme,OMP-BranchBoundMRV,4,3,0.041121960,1
extreme_064,Extreme,OMP-BranchBoundMRV,4,4,0.040277004,1
extreme_064,Extreme,OMP-BranchBoundMRV,4,5,0.040587902,1
extreme_064,Extreme,OMP-BranchBoundMRV,8,1,0.069905996,1
extreme_064,Extreme,OMP-BranchBoundMRV,8,2,0.053682089,1
extreme_064,Extreme,OMP-BranchBoundMRV,8,3,0.067703962,1
extreme_064,Extreme,OMP-BranchBoundMRV,8,4,0.063539028,1
extreme_064,Extreme,OMP-BranchBoundMRV,8,5,0.050467968,1
extreme_064,Extreme,OMP-BranchBoundMRV,16,1,0.218250990,1
extreme_064,Extreme,OMP-BranchBoundMRV,16,2,0.176626921,1
extreme_064,Extreme,OMP-BranchBoundMRV,16,3,0.126507044,1
extreme_064,Extreme,OMP-BranchBoundMRV,16,4,0.124810934,1
extreme_064,Extreme,OMP-BranchBoundMRV,16,5,0.136317968,1
extreme_065,Extreme,Serial,1,1,0.074737833,1
extreme_065,Extreme,Serial,1,2,0.074330250,1
extreme_065,Extreme,Serial,1,3,0.075681333,1
extreme_065,Extreme,Serial,1,4,0.074054375,1
extreme_065,Extreme,Serial,1,5,0.073916917,1
extreme_065,Extreme,Serial-MRV,1,1,0.101154667,1
extreme_065,Extreme,Serial-MRV,1,2,0.101843084,1
extreme_065,Extreme,Serial-MRV,1,3,0.102086208,1
extreme_065,Extreme,Serial-MRV,1,4,0.114269917,1
extreme_065,Extreme,Serial-MRV,1,5,0.106291375,1
extreme_065,Extreme,BranchBound,1,1,0.065128458,1
extreme_065,Extreme,BranchBound,1,2,0.065567791,1
extreme_065,Extreme,BranchBound,1,3,0.065048834,1
extreme_065,Extreme,BranchBound,1,4,0.065204833,1
extreme_065,Extreme,BranchBound,1,5,0.065581792,1
extreme_065,Extreme,BranchBoundMRV,1,1,0.138541667,1
extreme_065,Extreme,BranchBoundMRV,1,2,0.140090834,1
extreme_065,Extreme,BranchBoundMRV,1,3,0.138146708,1
extreme_065,Extreme,BranchBoundMRV,1,4,0.140643416,1
extreme_065,Extreme,BranchBoundMRV,1,5,0.141122459,1
extreme_065,Extreme,OpenMP,4,1,0.002702951,1
extreme_065,Extreme,OpenMP,4,2,0.002627134,1
extreme_065,Extreme,OpenMP,4,3,0.002624035,1
extreme_065,Extreme,OpenMP,4,4,0.002621889,1
extreme_065,Extreme,OpenMP,4,5,0.002620935,1
extreme_065,Extreme,OpenMP,8,1,0.002900124,1
extreme_065,Extreme,OpenMP,8,2,0.001474142,1
extreme_065,Extreme,OpenMP,8,3,0.003420115,1
extreme_065,Extreme,OpenMP,8,4,0.001456976,1
extreme_065,Extreme,OpenMP,8,5,0.004810095,1
extreme_065,Extreme,OpenMP,16,1,0.017826796,1
extreme_065,Extreme,OpenMP,16,2,0.044105053,1
extreme_065,Extreme,OpenMP,16,3,0.040431023,1
extreme_065,Extreme,OpenMP,16,4,0.024258137,1
extreme_065,Extreme,OpenMP,16,5,0.026268005,1
extreme_065,Extreme,OMP-BranchBoundMRV,4,1,0.006939173,1
extreme_065,Extreme,OMP-BranchBoundMRV,4,2,0.007722139,1
extreme_065,Extreme,OMP-BranchBoundMRV,4,3,0.004070044,1
extreme_065,Extreme,OMP-BranchBoundMRV,4,4,0.004148006,1
extreme_065,Extreme,OMP-BranchBoundMRV,4,5,0.007801056,1
extreme_065,Extreme,OMP-BranchBoundMRV,8,1,0.011697054,1
extreme_065,Extreme,OMP-BranchBoundMRV,8,2,0.005749941,1
extreme_065,Extreme,OMP-BranchBoundMRV,8,3,0.010290861,1
extreme_065,Extreme,OMP-BranchBoundMRV,8,4,0.010117054,1
extreme_065,Extreme,OMP-BranchBoundMRV,8,5,0.009722948,1
extreme_065,Extreme,OMP-BranchBoundMRV,16,1,0.084147930,1
extreme_065,Extreme,OMP-BranchBoundMRV,16,2,0.082743883,1
extreme_065,Extreme,OMP-BranchBoundMRV,16,3,0.032330990,1
extreme_065,Extreme,OMP-BranchBoundMRV,16,4,0.043300867,1
extreme_065,Extreme,OMP-BranchBoundMRV,16,5,0.031013966,1
extreme_066,Extreme,Serial,1,1,0.028192833,1
extreme_066,Extreme,Serial,1,2,0.028106834,1
extreme_066,Extreme,Serial,1,3,0.027939958,1
extreme_066,Extreme,Serial,1,4,0.028124666,1
extreme_066,Extreme,Serial,1,5,0.027927833,1
extreme_066,Extreme,Serial-MRV,1,1,0.088068708,1
extreme_066,Extreme,Serial-MRV,1,2,0.087737625,1
extreme_066,Extreme,Serial-MRV,1,3,0.087403417,1
extreme_066,Extreme,Serial-MRV,1,4,0.087217959,1
extreme_066,Extreme,Serial-MRV,1,5,0.087851000,1
extreme_066,Extreme,BranchBound,1,1,0.025359875,1
extreme_066,Extreme,BranchBound,1,2,0.025405667,1
extreme_066,Extreme,BranchBound,1,3,0.025252708,1
extreme_066,Extreme,BranchBound,1,4,0.025302333,1
extreme_066,Extreme,BranchBound,1,5,0.025129875,1
extreme_066,Extreme,BranchBoundMRV,1,1,0.110951958,1
extreme_066,Extreme,BranchBoundMRV,1,2,0.110572167,1
extreme_066,Extreme,BranchBoundMRV,1,3,0.111347459,1
extreme_066,Extreme,BranchBoundMRV,1,4,0.110584416,1
extreme_066,Extreme,BranchBoundMRV,1,5,0.110358042,1
extreme_066,Extreme,OpenMP,4,1,0.042627096,1
extreme_066,Extreme,OpenMP,4,2,0.036644936,1
extreme_066,Extreme,OpenMP,4,3,0.037067890,1
extreme_066,Extreme,OpenMP,4,4,0.036743164,1
extreme_066,Extreme,OpenMP,4,5,0.036807060,1
extreme_066,Extreme,OpenMP,8,1,0.048825026,1
extreme_066,Extreme,OpenMP,8,2,0.049313068,1
extreme_066,Extreme,OpenMP,8,3,0.045572996,1
extreme_066,Extreme,OpenMP,8,4,0.049671888,1
extreme_066,Extreme,OpenMP,8,5,0.043525934,1
extreme_066,Extreme,OpenMP,16,1,0.126188040,1
extreme_066,Extreme,OpenMP,16,2,0.203445196,1
extreme_066,Extreme,OpenMP,16,3,0.123854160,1
extreme_066,Extreme,OpenMP,16,4,0.119222164,1
extreme_066,Extreme,OpenMP,16,5,0.109821081,1
extreme_066,Extreme,OMP-BranchBoundMRV,4,1,0.047557116,1
extreme_066,Extreme,OMP-BranchBoundMRV,4,2,0.048199177,1
extreme_066,Extreme,OMP-BranchBoundMRV,4,3,0.047846079,1
extreme_066,Extreme,OMP-BranchBoundMRV,4,4,0.048720121,1
extreme_066,Extreme,OMP-BranchBoundMRV,4,5,0.048907995,1
extreme_066,Extreme,OMP-BranchBoundMRV,8,1,0.070007801,1
extreme_066,Extreme,OMP-BranchBoundMRV,8,2,0.054832935,1
extreme_066,Extreme,OMP-BranchBoundMRV,8,3,0.097333908,1
extreme_066,Extreme,OMP-BranchBoundMRV,8,4,0.072484970,1
extreme_066,Extreme,OMP-BranchBoundMRV,8,5,0.109352827,1
extreme_066,Extreme,OMP-BranchBoundMRV,16,1,0.280586958,1
extreme_066,Extreme,OMP-BranchBoundMRV,16,2,0.177623034,1
extreme_066,Extreme,OMP-BranchBoundMRV,16,3,0.121003151,1
extreme_066,Extreme,OMP-BranchBoundMRV,16,4,0.131939173,1
extreme_066,Extreme,OMP-BranchBoundMRV,16,5,0.138001919,1
extreme_067,Extreme,Serial,1,1,0.065544000,1
extreme_067,Extreme,Serial,1,2,0.064909250,1
extreme_067,Extreme,Serial,1,3,0.065041000,1
extreme_067,Extreme,Serial,1,4,0.065086291,1
extreme_067,Extreme,Serial,1,5,0.064950625,1
extreme_067,Extreme,Serial-MRV,1,1,0.122866542,1
extreme_067,Extreme,Serial-MRV,1,2,0.185039542,1
extreme_067,Extreme,Serial-MRV,1,3,0.119083875,1
extreme_067,Extreme,Serial-MRV,1,4,0.103617583,1
extreme_067,Extreme,Serial-MRV,1,5,0.103721958,1
extreme_067,Extreme,BranchBound,1,1,0.057402458,1
extreme_067,Extreme,BranchBound,1,2,0.057737792,1
extreme_067,Extreme,BranchBound,1,3,0.057440791,1
extreme_067,Extreme,BranchBound,1,4,0.057706458,1
extreme_067,Extreme,BranchBound,1,5,0.057959791,1
extreme_067,Extreme,BranchBoundMRV,1,1,0.139763666,1
extreme_067,Extreme,BranchBoundMRV,1,2,0.139534458,1
extreme_067,Extreme,BranchBoundMRV,1,3,0.143228833,1
extreme_067,Extreme,BranchBoundMRV,1,4,0.141371750,1
extreme_067,Extreme,BranchBoundMRV,1,5,0.140680333,1
extreme_067,Extreme,OpenMP,4,1,0.035637856,1
extreme_067,Extreme,OpenMP,4,2,0.035569906,1
extreme_067,Extreme,OpenMP,4,3,0.035509109,1
extreme_067,Extreme,OpenMP,4,4,0.035695076,1
extreme_067,Extreme,OpenMP,4,5,0.036130190,1
extreme_067,Extreme,OpenMP,8,1,0.051193953,1
extreme_067,Extreme,OpenMP,8,2,0.039792061,1
extreme_067,Extreme,OpenMP,8,3,0.043191910,1
extreme_067,Extreme,OpenMP,8,4,0.056722879,1
extreme_067,Extreme,OpenMP,8,5,0.042718887,1
extreme_067,Extreme,OpenMP,16,1,0.142237902,1
extreme_067,Extreme,OpenMP,16,2,0.150996923,1
extreme_067,Extreme,OpenMP,16,3,0.086334944,1
extreme_067,Extreme,OpenMP,16,4,0.085383892,1
extreme_067,Extreme,OpenMP,16,5,0.118739843,1
extreme_067,Extreme,OMP-BranchBoundMRV,4,1,0.048310995,1
extreme_067,Extreme,OMP-BranchBoundMRV,4,2,0.049618006,1
extreme_067,Extreme,OMP-BranchBoundMRV,4,3,0.049604893,1
extreme_067,Extreme,OMP-BranchBoundMRV,4,4,0.048924923,1
extreme_067,Extreme,OMP-BranchBoundMRV,4,5,0.051712990,1
extreme_067,Extreme,OMP-BranchBoundMRV,8,1,0.078379154,1
extreme_067,Extreme,OMP-BranchBoundMRV,8,2,0.068218946,1
extreme_067,Extreme,OMP-BranchBoundMRV,8,3,0.078557968,1
extreme_067,Extreme,OMP-BranchBoundMRV,8,4,0.072563887,1
extreme_067,Extreme,OMP-BranchBoundMRV,8,5,0.060199976,1
extreme_067,Extreme,OMP-BranchBoundMRV,16,1,0.174535036,1
extreme_067,Extreme,OMP-BranchBoundMRV,16,2,0.169783115,1
extreme_067,Extreme,OMP-BranchBoundMRV,16,3,0.170279026,1
extreme_067,Extreme,OMP-BranchBoundMRV,16,4,0.134356022,1
extreme_067,Extreme,OMP-BranchBoundMRV,16,5,0.143810034,1
extreme_068,Extreme,Serial,1,1,0.027151000,1
extreme_068,Extreme,Serial,1,2,0.025646042,1
extreme_068,Extreme,Serial,1,3,0.025522125,1
extreme_068,Extreme,Serial,1,4,0.025556833,1
extreme_068,Extreme,Serial,1,5,0.025603958,1
extreme_068,Extreme,Serial-MRV,1,1,0.084822000,1
extreme_068,Extreme,Serial-MRV,1,2,0.084554458,1
extreme_068,Extreme,Serial-MRV,1,3,0.085071375,1
extreme_068,Extreme,Serial-MRV,1,4,0.085501834,1
extreme_068,Extreme,Serial-MRV,1,5,0.085411125,1
extreme_068,Extreme,BranchBound,1,1,0.023366375,1
extreme_068,Extreme,BranchBound,1,2,0.023275500,1
extreme_068,Extreme,BranchBound,1,3,0.023439250,1
extreme_068,Extreme,BranchBound,1,4,0.023300875,1
extreme_068,Extreme,BranchBound,1,5,0.023492542,1
extreme_068,Extreme,BranchBoundMRV,1,1,0.102806333,1
extreme_068,Extreme,BranchBoundMRV,1,2,0.102572375,1
extreme_068,Extreme,BranchBoundMRV,1,3,0.102432250,1
extreme_068,Extreme,BranchBoundMRV,1,4,0.102631458,1
extreme_068,Extreme,BranchBoundMRV,1,5,0.102904000,1
extreme_068,Extreme,OpenMP,4,1,0.018044949,1
extreme_068,Extreme,OpenMP,4,2,0.018095016,1
extreme_068,Extreme,OpenMP,4,3,0.018008947,1
extreme_068,Extreme,OpenMP,4,4,0.018026114,1
extreme_068,Extreme,OpenMP,4,5,0.018165112,1
extreme_068,Extreme,OpenMP,8,1,0.029731989,1
extreme_068,Extreme,OpenMP,8,2,0.033161163,1
extreme_068,Extreme,OpenMP,8,3,0.026363850,1
extreme_068,Extreme,OpenMP,8,4,0.018491030,1
extreme_068,Extreme,OpenMP,8,5,0.031351089,1
extreme_068,Extreme,OpenMP,16,1,0.131778002,1
extreme_068,Extreme,OpenMP,16,2,0.051567078,1
extreme_068,Extreme,OpenMP,16,3,0.082399845,1
extreme_068,Extreme,OpenMP,16,4,0.065132141,1
extreme_068,Extreme,OpenMP,16,5,0.061374903,1
extreme_068,Extreme,OMP-BranchBoundMRV,4,1,0.021834135,1
extreme_068,Extreme,OMP-BranchBoundMRV,4,2,0.021874189,1
extreme_068,Extreme,OMP-BranchBoundMRV,4,3,0.022058010,1
extreme_068,Extreme,OMP-BranchBoundMRV,4,4,0.022001028,1
extreme_068,Extreme,OMP-BranchBoundMRV,4,5,0.021920919,1
extreme_068,Extreme,OMP-BranchBoundMRV,8,1,0.062054873,1
extreme_068,Extreme,OMP-BranchBoundMRV,8,2,0.034674168,1
extreme_068,Extreme,OMP-BranchBoundMRV,8,3,0.050880909,1
extreme_068,Extreme,OMP-BranchBoundMRV,8,4,0.033921957,1
extreme_068,Extreme,OMP-BranchBoundMRV,8,5,0.028213024,1
extreme_068,Extreme,OMP-BranchBoundMRV,16,1,0.092686176,1
extreme_068,Extreme,OMP-BranchBoundMRV,16,2,0.130190134,1
extreme_068,Extreme,OMP-BranchBoundMRV,16,3,0.096333027,1
extreme_068,Extreme,OMP-BranchBoundMRV,16,4,0.104523897,1
extreme_068,Extreme,OMP-BranchBoundMRV,16,5,0.091751099,1
extreme_069,Extreme,Serial,1,1,0.018908166,1
extreme_069,Extreme,Serial,1,2,0.018867334,1
extreme_069,Extreme,Serial,1,3,0.018318958,1
extreme_069,Extreme,Serial,1,4,0.018093209,1
extreme_069,Extreme,Serial,1,5,0.018120625,1
extreme_069,Extreme,Serial-MRV,1,1,0.081843000,1
extreme_069,Extreme,Serial-MRV,1,2,0.082200083,1
extreme_069,Extreme,Serial-MRV,1,3,0.081540250,1
extreme_069,Extreme,Serial-MRV,1,4,0.081975625,1
extreme_069,Extreme,Serial-MRV,1,5,0.081932917,1
extreme_069,Extreme,BranchBound,1,1,0.015599833,1
extreme_069,Extreme,BranchBound,1,2,0.015583083,1
extreme_069,Extreme,BranchBound,1,3,0.015680708,1
extreme_069,Extreme,BranchBound,1,4,0.015507583,1
extreme_069,Extreme,BranchBound,1,5,0.015581250,1
extreme_069,Extreme,BranchBoundMRV,1,1,0.112697708,1
extreme_069,Extreme,BranchBoundMRV,1,2,0.110349291,1
extreme_069,Extreme,BranchBoundMRV,1,3,0.109707083,1
extreme_069,Extreme,BranchBoundMRV,1,4,0.109661834,1
extreme_069,Extreme,BranchBoundMRV,1,5,0.110090750,1
extreme_069,Extreme,OpenMP,4,1,0.052677870,1
extreme_069,Extreme,OpenMP,4,2,0.046324968,1
extreme_069,Extreme,OpenMP,4,3,0.030678034,1
extreme_069,Extreme,OpenMP,4,4,0.040832996,1
extreme_069,Extreme,OpenMP,4,5,0.037249804,1
extreme_069,Extreme,OpenMP,8,1,0.049263000,1
extreme_069,Extreme,OpenMP,8,2,0.046674967,1
extreme_069,Extreme,OpenMP,8,3,0.044660807,1
extreme_069,Extreme,OpenMP,8,4,0.042032957,1
extreme_069,Extreme,OpenMP,8,5,0.088654995,1
extreme_069,Extreme,OpenMP,16,1,0.103605986,1
extreme_069,Extreme,OpenMP,16,2,0.101229906,1
extreme_069,Extreme,OpenMP,16,3,0.118674040,1
extreme_069,Extreme,OpenMP,16,4,0.092478037,1
extreme_069,Extreme,OpenMP,16,5,0.093719006,1
extreme_069,Extreme,OMP-BranchBoundMRV,4,1,0.051565886,1
extreme_069,Extreme,OMP-BranchBoundMRV,4,2,0.052372932,1
extreme_069,Extreme,OMP-BranchBoundMRV,4,3,0.052746058,1
extreme_069,Extreme,OMP-BranchBoundMRV,4,4,0.052092075,1
extreme_069,Extreme,OMP-BranchBoundMRV,4,5,0.053763151,1
extreme_069,Extreme,OMP-BranchBoundMRV,8,1,0.067927122,1
extreme_069,Extreme,OMP-BranchBoundMRV,8,2,0.051480055,1
extreme_069,Extreme,OMP-BranchBoundMRV,8,3,0.054343939,1
extreme_069,Extreme,OMP-BranchBoundMRV,8,4,0.057640076,1
extreme_069,Extreme,OMP-BranchBoundMRV,8,5,0.054887056,1
extreme_069,Extreme,OMP-BranchBoundMRV,16,1,0.103483915,1
extreme_069,Extreme,OMP-BranchBoundMRV,16,2,0.137399912,1
extreme_069,Extreme,OMP-BranchBoundMRV,16,3,0.149085999,1
extreme_069,Extreme,OMP-BranchBoundMRV,16,4,0.109984159,1
extreme_069,Extreme,OMP-BranchBoundMRV,16,5,0.176514864,1
extreme_070,Extreme,Serial,1,1,0.101981167,1
extreme_070,Extreme,Serial,1,2,0.100513500,1
extreme_070,Extreme,Serial,1,3,0.102900416,1
extreme_070,Extreme,Serial,1,4,0.100934458,1
extreme_070,Extreme,Serial,1,5,0.102123042,1
extreme_070,Extreme,Serial-MRV,1,1,0.112513333,1
extreme_070,Extreme,Serial-MRV,1,2,0.113671167,1
extreme_070,Extreme,Serial-MRV,1,3,0.113126208,1
extreme_070,Extreme,Serial-MRV,1,4,0.112188166,1
extreme_070,Extreme,Serial-MRV,1,5,0.112123125,1
extreme_070,Extreme,BranchBound,1,1,0.090415166,1
extreme_070,Extreme,BranchBound,1,2,0.091728084,1
extreme_070,Extreme,BranchBound,1,3,0.092976125,1
extreme_070,Extreme,BranchBound,1,4,0.090534875,1
extreme_070,Extreme,BranchBound,1,5,0.090442583,1
extreme_070,Extreme,BranchBoundMRV,1,1,0.137952417,1
extreme_070,Extreme,BranchBoundMRV,1,2,0.140547292,1
extreme_070,Extreme,BranchBoundMRV,1,3,0.138067833,1
extreme_070,Extreme,BranchBoundMRV,1,4,0.137790500,1
extreme_070,Extreme,BranchBoundMRV,1,5,0.137795083,1
extreme_070,Extreme,OpenMP,4,1,0.043894053,1
extreme_070,Extreme,OpenMP,4,2,0.043825150,1
extreme_070,Extreme,OpenMP,4,3,0.063868046,1
extreme_070,Extreme,OpenMP,4,4,0.029184103,1
extreme_070,Extreme,OpenMP,4,5,0.030294180,1
extreme_070,Extreme,OpenMP,8,1,0.040647984,1
extreme_070,Extreme,OpenMP,8,2,0.035414934,1
extreme_070,Extreme,OpenMP,8,3,0.044627905,1
extreme_070,Extreme,OpenMP,8,4,0.041378975,1
extreme_070,Extreme,OpenMP,8,5,0.065451145,1
extreme_070,Extreme,OpenMP,16,1,0.113235950,1
extreme_070,Extreme,OpenMP,16,2,0.101996899,1
extreme_070,Extreme,OpenMP,16,3,0.082831144,1
extreme_070,Extreme,OpenMP,16,4,0.118800879,1
extreme_070,Extreme,OpenMP,16,5,0.105989933,1
extreme_070,Extreme,OMP-BranchBoundMRV,4,1,0.082326889,1
extreme_070,Extreme,OMP-BranchBoundMRV,4,2,0.057358027,1
extreme_070,Extreme,OMP-BranchBoundMRV,4,3,0.055155993,1
extreme_070,Extreme,OMP-BranchBoundMRV,4,4,0.057001829,1
extreme_070,Extreme,OMP-BranchBoundMRV,4,5,0.054249048,1
extreme_070,Extreme,OMP-BranchBoundMRV,8,1,0.063547134,1
extreme_070,Extreme,OMP-BranchBoundMRV,8,2,0.055155039,1
extreme_070,Extreme,OMP-BranchBoundMRV,8,3,0.041916132,1
extreme_070,Extreme,OMP-BranchBoundMRV,8,4,0.048110962,1
extreme_070,Extreme,OMP-BranchBoundMRV,8,5,0.066118956,1
extreme_070,Extreme,OMP-BranchBoundMRV,16,1,0.119899988,1
extreme_070,Extreme,OMP-BranchBoundMRV,16,2,0.116872787,1
extreme_070,Extreme,OMP-BranchBoundMRV,16,3,0.145981073,1
extreme_070,Extreme,OMP-BranchBoundMRV,16,4,0.109305859,1
extreme_070,Extreme,OMP-BranchBoundMRV,16,5,0.140277863,1
extreme_071,Extreme,Serial,1,1,0.031025917,1
extreme_071,Extreme,Serial,1,2,0.030201875,1
extreme_071,Extreme,Serial,1,3,0.029907708,1
extreme_071,Extreme,Serial,1,4,0.029478250,1
extreme_071,Extreme,Serial,1,5,0.029518084,1
extreme_071,Extreme,Serial-MRV,1,1,0.244641959,1
extreme_071,Extreme,Serial-MRV,1,2,0.240030500,1
extreme_071,Extreme,Serial-MRV,1,3,0.239862875,1
extreme_071,Extreme,Serial-MRV,1,4,0.239536333,1
extreme_071,Extreme,Serial-MRV,1,5,0.240019500,1
extreme_071,Extreme,BranchBound,1,1,0.025870291,1
extreme_071,Extreme,BranchBound,1,2,0.026036250,1
extreme_071,Extreme,BranchBound,1,3,0.026128333,1
extreme_071,Extreme,BranchBound,1,4,0.025711917,1
extreme_071,Extreme,BranchBound,1,5,0.025812875,1
extreme_071,Extreme,BranchBoundMRV,1,1,0.304435417,1
extreme_071,Extreme,BranchBoundMRV,1,2,0.299395083,1
extreme_071,Extreme,BranchBoundMRV,1,3,0.299736959,1
extreme_071,Extreme,BranchBoundMRV,1,4,0.300089541,1
extreme_071,Extreme,BranchBoundMRV,1,5,0.301507000,1
extreme_071,Extreme,OpenMP,4,1,0.060166121,1
extreme_071,Extreme,OpenMP,4,2,0.060062885,1
extreme_071,Extreme,OpenMP,4,3,0.061420202,1
extreme_071,Extreme,OpenMP,4,4,0.063292980,1
extreme_071,Extreme,OpenMP,4,5,0.060245037,1
extreme_071,Extreme,OpenMP,8,1,0.080833912,1
extreme_071,Extreme,OpenMP,8,2,0.113645077,1
extreme_071,Extreme,OpenMP,8,3,0.088417053,1
extreme_071,Extreme,OpenMP,8,4,0.094156027,1
extreme_071,Extreme,OpenMP,8,5,0.078924179,1
extreme_071,Extreme,OpenMP,16,1,0.285912991,1
extreme_071,Extreme,OpenMP,16,2,0.174362183,1
extreme_071,Extreme,OpenMP,16,3,0.214284897,1
extreme_071,Extreme,OpenMP,16,4,0.235638142,1
extreme_071,Extreme,OpenMP,16,5,0.256842136,1
extreme_071,Extreme,OMP-BranchBoundMRV,4,1,0.077696085,1
extreme_071,Extreme,OMP-BranchBoundMRV,4,2,0.079149008,1
extreme_071,Extreme,OMP-BranchBoundMRV,4,3,0.087013006,1
extreme_071,Extreme,OMP-BranchBoundMRV,4,4,0.082904816,1
extreme_071,Extreme,OMP-BranchBoundMRV,4,5,0.082796097,1
extreme_071,Extreme,OMP-BranchBoundMRV,8,1,0.125898123,1
extreme_071,Extreme,OMP-BranchBoundMRV,8,2,0.115710974,1
extreme_071,Extreme,OMP-BranchBoundMRV,8,3,0.109948874,1
extreme_071,Extreme,OMP-BranchBoundMRV,8,4,0.103098869,1
extreme_071,Extreme,OMP-BranchBoundMRV,8,5,0.122409821,1
extreme_071,Extreme,OMP-BranchBoundMRV,16,1,0.315709829,1
extreme_071,Extreme,OMP-BranchBoundMRV,16,2,0.176016092,1
extreme_071,Extreme,OMP-BranchBoundMRV,16,3,0.205372095,1
extreme_071,Extreme,OMP-BranchBoundMRV,16,4,0.218167067,1
extreme_071,Extreme,OMP-BranchBoundMRV,16,5,0.215991974,1
extreme_072,Extreme,Serial,1,1,0.010364750,1
extreme_072,Extreme,Serial,1,2,0.010345875,1
extreme_072,Extreme,Serial,1,3,0.010041750,1
extreme_072,Extreme,Serial,1,4,0.009899125,1
extreme_072,Extreme,Serial,1,5,0.010029458,1
extreme_072,Extreme,Serial-MRV,1,1,0.115550166,1
extreme_072,Extreme,Serial-MRV,1,2,0.116536667,1
extreme_072,Extreme,Serial-MRV,1,3,0.113052834,1
extreme_072,Extreme,Serial-MRV,1,4,0.112339417,1
extreme_072,Extreme,Serial-MRV,1,5,0.115387292,1
extreme_072,Extreme,BranchBound,1,1,0.007921291,1
extreme_072,Extreme,BranchBound,1,2,0.007882750,1
extreme_072,Extreme,BranchBound,1,3,0.007882667,1
extreme_072,Extreme,BranchBound,1,4,0.007909834,1
extreme_072,Extreme,BranchBound,1,5,0.007844375,1
extreme_072,Extreme,BranchBoundMRV,1,1,0.145939375,1
extreme_072,Extreme,BranchBoundMRV,1,2,0.149689792,1
extreme_072,Extreme,BranchBoundMRV,1,3,0.144956709,1
extreme_072,Extreme,BranchBoundMRV,1,4,0.144844708,1
extreme_072,Extreme,BranchBoundMRV,1,5,0.147851292,1
extreme_072,Extreme,OpenMP,4,1,0.034694910,1
extreme_072,Extreme,OpenMP,4,2,0.033893108,1
extreme_072,Extreme,OpenMP,4,3,0.033910036,1
extreme_072,Extreme,OpenMP,4,4,0.038277864,1
extreme_072,Extreme,OpenMP,4,5,0.034575939,1
extreme_072,Extreme,OpenMP,8,1,0.046447992,1
extreme_072,Extreme,OpenMP,8,2,0.036325932,1
extreme_072,Extreme,OpenMP,8,3,0.036311150,1
extreme_072,Extreme,OpenMP,8,4,0.054188967,1
extreme_072,Extreme,OpenMP,8,5,0.055102825,1
extreme_072,Extreme,OpenMP,16,1,0.202683926,1
extreme_072,Extreme,OpenMP,16,2,0.124705076,1
extreme_072,Extreme,OpenMP,16,3,0.129342079,1
extreme_072,Extreme,OpenMP,16,4,0.125041008,1
extreme_072,Extreme,OpenMP,16,5,0.122282982,1
extreme_072,Extreme,OMP-BranchBoundMRV,4,1,0.049424887,1
extreme_072,Extreme,OMP-BranchBoundMRV,4,2,0.046009064,1
extreme_072,Extreme,OMP-BranchBoundMRV,4,3,0.050173998,1
extreme_072,Extreme,OMP-BranchBoundMRV,4,4,0.048781872,1
extreme_072,Extreme,OMP-BranchBoundMRV,4,5,0.047328949,1
extreme_072,Extreme,OMP-BranchBoundMRV,8,1,0.062424183,1
extreme_072,Extreme,OMP-BranchBoundMRV,8,2,0.072584152,1
extreme_072,Extreme,OMP-BranchBoundMRV,8,3,0.058388948,1
extreme_072,Extreme,OMP-BranchBoundMRV,8,4,0.073410988,1
extreme_072,Extreme,OMP-BranchBoundMRV,8,5,0.100219011,1
extreme_072,Extreme,OMP-BranchBoundMRV,16,1,0.069586992,1
extreme_072,Extreme,OMP-BranchBoundMRV,16,2,0.128101110,1
extreme_072,Extreme,OMP-BranchBoundMRV,16,3,0.128429890,1
extreme_072,Extreme,OMP-BranchBoundMRV,16,4,0.143031120,1
extreme_072,Extreme,OMP-BranchBoundMRV,16,5,0.178405046,1
extreme_073,Extreme,Serial,1,1,0.003959833,1
extreme_073,Extreme,Serial,1,2,0.004005208,1
extreme_073,Extreme,Serial,1,3,0.003893166,1
extreme_073,Extreme,Serial,1,4,0.003945834,1
extreme_073,Extreme,Serial,1,5,0.003751167,1
extreme_073,Extreme,Serial-MRV,1,1,0.138514291,1
extreme_073,Extreme,Serial-MRV,1,2,0.138295041,1
extreme_073,Extreme,Serial-MRV,1,3,0.135961875,1
extreme_073,Extreme,Serial-MRV,1,4,0.137570167,1
extreme_073,Extreme,Serial-MRV,1,5,0.138710041,1
extreme_073,Extreme,BranchBound,1,1,0.003256833,1
extreme_073,Extreme,BranchBound,1,2,0.003368708,1
extreme_073,Extreme,BranchBound,1,3,0.003265459,1
extreme_073,Extreme,BranchBound,1,4,0.003236667,1
extreme_073,Extreme,BranchBound,1,5,0.003154084,1
extreme_073,Extreme,BranchBoundMRV,1,1,0.184060042,1
extreme_073,Extreme,BranchBoundMRV,1,2,0.172108000,1
extreme_073,Extreme,BranchBoundMRV,1,3,0.175814459,1
extreme_073,Extreme,BranchBoundMRV,1,4,0.174285208,1
extreme_073,Extreme,BranchBoundMRV,1,5,0.174129500,1
extreme_073,Extreme,OpenMP,4,1,0.033887863,1
extreme_073,Extreme,OpenMP,4,2,0.033359051,1
extreme_073,Extreme,OpenMP,4,3,0.048765898,1
extreme_073,Extreme,OpenMP,4,4,0.046231031,1
extreme_073,Extreme,OpenMP,4,5,0.042680979,1
extreme_073,Extreme,OpenMP,8,1,0.054022789,1
extreme_073,Extreme,OpenMP,8,2,0.051335096,1
extreme_073,Extreme,OpenMP,8,3,0.055759907,1
extreme_073,Extreme,OpenMP,8,4,0.034729958,1
extreme_073,Extreme,OpenMP,8,5,0.066458941,1
extreme_073,Extreme,OpenMP,16,1,0.120953083,1
extreme_073,Extreme,OpenMP,16,2,0.154218912,1
extreme_073,Extreme,OpenMP,16,3,0.123511076,1
extreme_073,Extreme,OpenMP,16,4,0.102536917,1
extreme_073,Extreme,OpenMP,16,5,0.101378202,1
extreme_073,Extreme,OMP-BranchBoundMRV,4,1,0.042037010,1
extreme_073,Extreme,OMP-BranchBoundMRV,4,2,0.042433023,1
extreme_073,Extreme,OMP-BranchBoundMRV,4,3,0.042411089,1
extreme_073,Extreme,OMP-BranchBoundMRV,4,4,0.042318106,1
extreme_073,Extreme,OMP-BranchBoundMRV,4,5,0.042487144,1
extreme_073,Extreme,OMP-BranchBoundMRV,8,1,0.055727005,1
extreme_073,Extreme,OMP-BranchBoundMRV,8,2,0.066151857,1
extreme_073,Extreme,OMP-BranchBoundMRV,8,3,0.091633797,1
extreme_073,Extreme,OMP-BranchBoundMRV,8,4,0.072864056,1
extreme_073,Extreme,OMP-BranchBoundMRV,8,5,0.060127020,1
extreme_073,Extreme,OMP-BranchBoundMRV,16,1,0.095779896,1
extreme_073,Extreme,OMP-BranchBoundMRV,16,2,0.116426945,1
extreme_073,Extreme,OMP-BranchBoundMRV,16,3,0.161432981,1
extreme_073,Extreme,OMP-BranchBoundMRV,16,4,0.170780897,1
extreme_073,Extreme,OMP-BranchBoundMRV,16,5,0.146999121,1
extreme_074,Extreme,Serial,1,1,0.065919084,1
extreme_074,Extreme,Serial,1,2,0.062755500,1
extreme_074,Extreme,Serial,1,3,0.069268041,1
extreme_074,Extreme,Serial,1,4,0.068747834,1
extreme_074,Extreme,Serial,1,5,0.064581333,1
extreme_074,Extreme,Serial-MRV,1,1,0.092141917,1
extreme_074,Extreme,Serial-MRV,1,2,0.091190917,1
extreme_074,Extreme,Serial-MRV,1,3,0.091657250,1
extreme_074,Extreme,Serial-MRV,1,4,0.093865000,1
extreme_074,Extreme,Serial-MRV,1,5,0.091236709,1
extreme_074,Extreme,BranchBound,1,1,0.062595125,1
extreme_074,Extreme,BranchBound,1,2,0.059549750,1
extreme_074,Extreme,BranchBound,1,3,0.059481083,1
extreme_074,Extreme,BranchBound,1,4,0.057138917,1
extreme_074,Extreme,BranchBound,1,5,0.057580875,1
extreme_074,Extreme,BranchBoundMRV,1,1,0.233339750,1
extreme_074,Extreme,BranchBoundMRV,1,2,0.128850791,1
extreme_074,Extreme,BranchBoundMRV,1,3,0.130897750,1
extreme_074,Extreme,BranchBoundMRV,1,4,0.121069958,1
extreme_074,Extreme,BranchBoundMRV,1,5,0.119143334,1
extreme_074,Extreme,OpenMP,4,1,0.012511969,1
extreme_074,Extreme,OpenMP,4,2,0.012950897,1
extreme_074,Extreme,OpenMP,4,3,0.015422106,1
extreme_074,Extreme,OpenMP,4,4,0.012041092,1
extreme_074,Extreme,OpenMP,4,5,0.012179136,1
extreme_074,Extreme,OpenMP,8,1,0.018010855,1
extreme_074,Extreme,OpenMP,8,2,0.014845848,1
extreme_074,Extreme,OpenMP,8,3,0.023368120,1
extreme_074,Extreme,OpenMP,8,4,0.018342972,1
extreme_074,Extreme,OpenMP,8,5,0.017928123,1
extreme_074,Extreme,OpenMP,16,1,0.028851986,1
extreme_074,Extreme,OpenMP,16,2,0.036608934,1
extreme_074,Extreme,OpenMP,16,3,0.046736002,1
extreme_074,Extreme,OpenMP,16,4,0.077143192,1
extreme_074,Extreme,OpenMP,16,5,0.061363935,1
extreme_074,Extreme,OMP-BranchBoundMRV,4,1,0.016604900,1
extreme_074,Extreme,OMP-BranchBoundMRV,4,2,0.016482830,1
extreme_074,Extreme,OMP-BranchBoundMRV,4,3,0.016330004,1
extreme_074,Extreme,OMP-BranchBoundMRV,4,4,0.016629934,1
extreme_074,Extreme,OMP-BranchBoundMRV,4,5,0.018156767,1
extreme_074,Extreme,OMP-BranchBoundMRV,8,1,0.022552967,1
extreme_074,Extreme,OMP-BranchBoundMRV,8,2,0.032716036,1
extreme_074,Extreme,OMP-BranchBoundMRV,8,3,0.017310143,1
extreme_074,Extreme,OMP-BranchBoundMRV,8,4,0.031442165,1
extreme_074,Extreme,OMP-BranchBoundMRV,8,5,0.024168968,1
extreme_074,Extreme,OMP-BranchBoundMRV,16,1,0.161194086,1
extreme_074,Extreme,OMP-BranchBoundMRV,16,2,0.092458963,1
extreme_074,Extreme,OMP-BranchBoundMRV,16,3,0.058984041,1
extreme_074,Extreme,OMP-BranchBoundMRV,16,4,0.036842108,1
extreme_074,Extreme,OMP-BranchBoundMRV,16,5,0.076459885,1
extreme_075,Extreme,Serial,1,1,0.057570250,1
extreme_075,Extreme,Serial,1,2,0.055857750,1
extreme_075,Extreme,Serial,1,3,0.054548833,1
extreme_075,Extreme,Serial,1,4,0.054065417,1
extreme_075,Extreme,Serial,1,5,0.053885208,1
extreme_075,Extreme,Serial-MRV,1,1,0.112509958,1
extreme_075,Extreme,Serial-MRV,1,2,0.114399334,1
extreme_075,Extreme,Serial-MRV,1,3,0.111092583,1
extreme_075,Extreme,Serial-MRV,1,4,0.110700583,1
extreme_075,Extreme,Serial-MRV,1,5,0.110904292,1
extreme_075,Extreme,BranchBound,1,1,0.044231667,1
extreme_075,Extreme,BranchBound,1,2,0.044239917,1
extreme_075,Extreme,BranchBound,1,3,0.044556792,1
extreme_075,Extreme,BranchBound,1,4,0.048188292,1
extreme_075,Extreme,BranchBound,1,5,0.046767292,1
extreme_075,Extreme,BranchBoundMRV,1,1,0.144194625,1
extreme_075,Extreme,BranchBoundMRV,1,2,0.145546500,1
extreme_075,Extreme,BranchBoundMRV,1,3,0.142851875,1
extreme_075,Extreme,BranchBoundMRV,1,4,0.144596167,1
extreme_075,Extreme,BranchBoundMRV,1,5,0.143061542,1
extreme_075,Extreme,OpenMP,4,1,0.013394117,1
extreme_075,Extreme,OpenMP,4,2,0.013390064,1
extreme_075,Extreme,OpenMP,4,3,0.013385057,1
extreme_075,Extreme,OpenMP,4,4,0.013345957,1
extreme_075,Extreme,OpenMP,4,5,0.014055014,1
extreme_075,Extreme,OpenMP,8,1,0.024786949,1
extreme_075,Extreme,OpenMP,8,2,0.014526129,1
extreme_075,Extreme,OpenMP,8,3,0.025829077,1
extreme_075,Extreme,OpenMP,8,4,0.020603180,1
extreme_075,Extreme,OpenMP,8,5,0.032727957,1
extreme_075,Extreme,OpenMP,16,1,0.054809093,1
extreme_075,Extreme,OpenMP,16,2,0.080028057,1
extreme_075,Extreme,OpenMP,16,3,0.054539919,1
extreme_075,Extreme,OpenMP,16,4,0.053121090,1
extreme_075,Extreme,OpenMP,16,5,0.078633070,1
extreme_075,Extreme,OMP-BranchBoundMRV,4,1,0.048099041,1
extreme_075,Extreme,OMP-BranchBoundMRV,4,2,0.019366026,1
extreme_075,Extreme,OMP-BranchBoundMRV,4,3,0.017200947,1
extreme_075,Extreme,OMP-BranchBoundMRV,4,4,0.017462015,1
extreme_075,Extreme,OMP-BranchBoundMRV,4,5,0.017441988,1
extreme_075,Extreme,OMP-BranchBoundMRV,8,1,0.024157047,1
extreme_075,Extreme,OMP-BranchBoundMRV,8,2,0.017951965,1
extreme_075,Extreme,OMP-BranchBoundMRV,8,3,0.027189016,1
extreme_075,Extreme,OMP-BranchBoundMRV,8,4,0.049432039,1
extreme_075,Extreme,OMP-BranchBoundMRV,8,5,0.023505926,1
extreme_075,Extreme,OMP-BranchBoundMRV,16,1,0.119616032,1
extreme_075,Extreme,OMP-BranchBoundMRV,16,2,0.082741976,1
extreme_075,Extreme,OMP-BranchBoundMRV,16,3,0.121928930,1
extreme_075,Extreme,OMP-BranchBoundMRV,16,4,0.061780930,1
extreme_075,Extreme,OMP-BranchBoundMRV,16,5,0.093726158,1
extreme_076,Extreme,Serial,1,1,0.061227292,1
extreme_076,Extreme,Serial,1,2,0.058725417,1
extreme_076,Extreme,Serial,1,3,0.058571708,1
extreme_076,Extreme,Serial,1,4,0.061552209,1
extreme_076,Extreme,Serial,1,5,0.061939291,1
extreme_076,Extreme,Serial-MRV,1,1,0.160489000,1
extreme_076,Extreme,Serial-MRV,1,2,0.155043834,1
extreme_076,Extreme,Serial-MRV,1,3,0.158522375,1
extreme_076,Extreme,Serial-MRV,1,4,0.160829958,1
extreme_076,Extreme,Serial-MRV,1,5,0.160954667,1
extreme_076,Extreme,BranchBound,1,1,0.054012500,1
extreme_076,Extreme,BranchBound,1,2,0.054282167,1
extreme_076,Extreme,BranchBound,1,3,0.054245750,1
extreme_076,Extreme,BranchBound,1,4,0.053263750,1
extreme_076,Extreme,BranchBound,1,5,0.054302750,1
extreme_076,Extreme,BranchBoundMRV,1,1,0.206731209,1
extreme_076,Extreme,BranchBoundMRV,1,2,0.209561166,1
extreme_076,Extreme,BranchBoundMRV,1,3,0.209542125,1
extreme_076,Extreme,BranchBoundMRV,1,4,0.208288834,1
extreme_076,Extreme,BranchBoundMRV,1,5,0.209972375,1
extreme_076,Extreme,OpenMP,4,1,0.022902012,1
extreme_076,Extreme,OpenMP,4,2,0.021225929,1
extreme_076,Extreme,OpenMP,4,3,0.021605015,1
extreme_076,Extreme,OpenMP,4,4,0.021835089,1
extreme_076,Extreme,OpenMP,4,5,0.022048950,1
extreme_076,Extreme,OpenMP,8,1,0.038770914,1
extreme_076,Extreme,OpenMP,8,2,0.032330990,1
extreme_076,Extreme,OpenMP,8,3,0.027235031,1
extreme_076,Extreme,OpenMP,8,4,0.040361881,1
extreme_076,Extreme,OpenMP,8,5,0.039330006,1
extreme_076,Extreme,OpenMP,16,1,0.090059042,1
extreme_076,Extreme,OpenMP,16,2,0.111812830,1
extreme_076,Extreme,OpenMP,16,3,0.097641230,1
extreme_076,Extreme,OpenMP,16,4,0.102674007,1
extreme_076,Extreme,OpenMP,16,5,0.061301947,1
extreme_076,Extreme,OMP-BranchBoundMRV,4,1,0.079522848,1
extreme_076,Extreme,OMP-BranchBoundMRV,4,2,0.077322960,1
extreme_076,Extreme,OMP-BranchBoundMRV,4,3,0.078572035,1
extreme_076,Extreme,OMP-BranchBoundMRV,4,4,0.076657057,1
extreme_076,Extreme,OMP-BranchBoundMRV,4,5,0.081361055,1
extreme_076,Extreme,OMP-BranchBoundMRV,8,1,0.051903963,1
extreme_076,Extreme,OMP-BranchBoundMRV,8,2,0.038303137,1
extreme_076,Extreme,OMP-BranchBoundMRV,8,3,0.035360098,1
extreme_076,Extreme,OMP-BranchBoundMRV,8,4,0.045356035,1
extreme_076,Extreme,OMP-BranchBoundMRV,8,5,0.038034916,1
extreme_076,Extreme,OMP-BranchBoundMRV,16,1,0.137006044,1
extreme_076,Extreme,OMP-BranchBoundMRV,16,2,0.110297918,1
extreme_076,Extreme,OMP-BranchBoundMRV,16,3,0.158195019,1
extreme_076,Extreme,OMP-BranchBoundMRV,16,4,0.090116978,1
extreme_076,Extreme,OMP-BranchBoundMRV,16,5,0.124104023,1
extreme_077,Extreme,Serial,1,1,0.047589917,1
extreme_077,Extreme,Serial,1,2,0.046614875,1
extreme_077,Extreme,Serial,1,3,0.045685042,1
extreme_077,Extreme,Serial,1,4,0.045899541,1
extreme_077,Extreme,Serial,1,5,0.045942500,1
extreme_077,Extreme,Serial-MRV,1,1,0.111638417,1
extreme_077,Extreme,Serial-MRV,1,2,0.109064208,1
extreme_077,Extreme,Serial-MRV,1,3,0.107448083,1
extreme_077,Extreme,Serial-MRV,1,4,0.108128750,1
extreme_077,Extreme,Serial-MRV,1,5,0.110667583,1
extreme_077,Extreme,BranchBound,1,1,0.039782959,1
extreme_077,Extreme,BranchBound,1,2,0.039950250,1
extreme_077,Extreme,BranchBound,1,3,0.040555042,1
extreme_077,Extreme,BranchBound,1,4,0.040384000,1
extreme_077,Extreme,BranchBound,1,5,0.043189375,1
extreme_077,Extreme,BranchBoundMRV,1,1,0.142745250,1
extreme_077,Extreme,BranchBoundMRV,1,2,0.138933125,1
extreme_077,Extreme,BranchBoundMRV,1,3,0.140176500,1
extreme_077,Extreme,BranchBoundMRV,1,4,0.144966000,1
extreme_077,Extreme,BranchBoundMRV,1,5,0.143588792,1
extreme_077,Extreme,OpenMP,4,1,0.018991947,1
extreme_077,Extreme,OpenMP,4,2,0.018857956,1
extreme_077,Extreme,OpenMP,4,3,0.018831015,1
extreme_077,Extreme,OpenMP,4,4,0.018769026,1
extreme_077,Extreme,OpenMP,4,5,0.020452976,1
extreme_077,Extreme,OpenMP,8,1,0.026322842,1
extreme_077,Extreme,OpenMP,8,2,0.019373894,1
extreme_077,Extreme,OpenMP,8,3,0.031453848,1
extreme_077,Extreme,OpenMP,8,4,0.037133932,1
extreme_077,Extreme,OpenMP,8,5,0.028146982,1
extreme_077,Extreme,OpenMP,16,1,0.046093941,1
extreme_077,Extreme,OpenMP,16,2,0.100499868,1
extreme_077,Extreme,OpenMP,16,3,0.056041956,1
extreme_077,Extreme,OpenMP,16,4,0.049954891,1
extreme_077,Extreme,OpenMP,16,5,0.066483974,1
extreme_077,Extreme,OMP-BranchBoundMRV,4,1,0.025822878,1
extreme_077,Extreme,OMP-BranchBoundMRV,4,2,0.027027845,1
extreme_077,Extreme,OMP-BranchBoundMRV,4,3,0.026306868,1
extreme_077,Extreme,OMP-BranchBoundMRV,4,4,0.026155949,1
extreme_077,Extreme,OMP-BranchBoundMRV,4,5,0.026187181,1
extreme_077,Extreme,OMP-BranchBoundMRV,8,1,0.042831182,1
extreme_077,Extreme,OMP-BranchBoundMRV,8,2,0.032618999,1
extreme_077,Extreme,OMP-BranchBoundMRV,8,3,0.033507109,1
extreme_077,Extreme,OMP-BranchBoundMRV,8,4,0.041381836,1
extreme_077,Extreme,OMP-BranchBoundMRV,8,5,0.035412073,1
extreme_077,Extreme,OMP-BranchBoundMRV,16,1,0.111732960,1
extreme_077,Extreme,OMP-BranchBoundMRV,16,2,0.059274912,1
extreme_077,Extreme,OMP-BranchBoundMRV,16,3,0.117675066,1
extreme_077,Extreme,OMP-BranchBoundMRV,16,4,0.102293015,1
extreme_077,Extreme,OMP-BranchBoundMRV,16,5,0.088236094,1
extreme_078,Extreme,Serial,1,1,0.020229708,1
extreme_078,Extreme,Serial,1,2,0.020145042,1
extreme_078,Extreme,Serial,1,3,0.020111417,1
extreme_078,Extreme,Serial,1,4,0.019939000,1
extreme_078,Extreme,Serial,1,5,0.019748958,1
extreme_078,Extreme,Serial-MRV,1,1,0.103059709,1
extreme_078,Extreme,Serial-MRV,1,2,0.107491542,1
extreme_078,Extreme,Serial-MRV,1,3,0.103616333,1
extreme_078,Extreme,Serial-MRV,1,4,0.103187875,1
extreme_078,Extreme,Serial-MRV,1,5,0.103179334,1
extreme_078,Extreme,BranchBound,1,1,0.017047500,1
extreme_078,Extreme,BranchBound,1,2,0.016967667,1
extreme_078,Extreme,BranchBound,1,3,0.017024792,1
extreme_078,Extreme,BranchBound,1,4,0.016978500,1
extreme_078,Extreme,BranchBound,1,5,0.016945583,1
extreme_078,Extreme,BranchBoundMRV,1,1,0.130860791,1
extreme_078,Extreme,BranchBoundMRV,1,2,0.134002375,1
extreme_078,Extreme,BranchBoundMRV,1,3,0.129970250,1
extreme_078,Extreme,BranchBoundMRV,1,4,0.129890000,1
extreme_078,Extreme,BranchBoundMRV,1,5,0.130079458,1
extreme_078,Extreme,OpenMP,4,1,0.003216982,1
extreme_078,Extreme,OpenMP,4,2,0.003134966,1
extreme_078,Extreme,OpenMP,4,3,0.003130198,1
extreme_078,Extreme,OpenMP,4,4,0.003177881,1
extreme_078,Extreme,OpenMP,4,5,0.003116846,1
extreme_078,Extreme,OpenMP,8,1,0.004322052,1
extreme_078,Extreme,OpenMP,8,2,0.003139019,1
extreme_078,Extreme,OpenMP,8,3,0.003087997,1
extreme_078,Extreme,OpenMP,8,4,0.007071018,1
extreme_078,Extreme,OpenMP,8,5,0.007016182,1
extreme_078,Extreme,OpenMP,16,1,0.032799959,1
extreme_078,Extreme,OpenMP,16,2,0.043488026,1
extreme_078,Extreme,OpenMP,16,3,0.056915998,1
extreme_078,Extreme,OpenMP,16,4,0.029736042,1
extreme_078,Extreme,OpenMP,16,5,0.022843122,1
extreme_078,Extreme,OMP-BranchBoundMRV,4,1,0.007561922,1
extreme_078,Extreme,OMP-BranchBoundMRV,4,2,0.004298925,1
extreme_078,Extreme,OMP-BranchBoundMRV,4,3,0.004726887,1
extreme_078,Extreme,OMP-BranchBoundMRV,4,4,0.004442930,1
extreme_078,Extreme,OMP-BranchBoundMRV,4,5,0.004317999,1
extreme_078,Extreme,OMP-BranchBoundMRV,8,1,0.008428097,1
extreme_078,Extreme,OMP-BranchBoundMRV,8,2,0.004338980,1
extreme_078,Extreme,OMP-BranchBoundMRV,8,3,0.009377003,1
extreme_078,Extreme,OMP-BranchBoundMRV,8,4,0.004377127,1
extreme_078,Extreme,OMP-BranchBoundMRV,8,5,0.006421804,1
extreme_078,Extreme,OMP-BranchBoundMRV,16,1,0.028798103,1
extreme_078,Extreme,OMP-BranchBoundMRV,16,2,0.022950888,1
extreme_078,Extreme,OMP-BranchBoundMRV,16,3,0.031539917,1
extreme_078,Extreme,OMP-BranchBoundMRV,16,4,0.075206041,1
extreme_078,Extreme,OMP-BranchBoundMRV,16,5,0.039339066,1
extreme_079,Extreme,Serial,1,1,0.077946583,1
extreme_079,Extreme,Serial,1,2,0.076018667,1
extreme_079,Extreme,Serial,1,3,0.076805291,1
extreme_079,Extreme,Serial,1,4,0.075537416,1
extreme_079,Extreme,Serial,1,5,0.074962125,1
extreme_079,Extreme,Serial-MRV,1,1,0.090301666,1
extreme_079,Extreme,Serial-MRV,1,2,0.089821000,1
extreme_079,Extreme,Serial-MRV,1,3,0.113908583,1
extreme_079,Extreme,Serial-MRV,1,4,0.092404833,1
extreme_079,Extreme,Serial-MRV,1,5,0.095614084,1
extreme_079,Extreme,BranchBound,1,1,0.076817208,1
extreme_079,Extreme,BranchBound,1,2,0.078163125,1
extreme_079,Extreme,BranchBound,1,3,0.081369166,1
extreme_079,Extreme,BranchBound,1,4,0.075007125,1
extreme_079,Extreme,BranchBound,1,5,0.075362958,1
extreme_079,Extreme,BranchBoundMRV,1,1,0.131783375,1
extreme_079,Extreme,BranchBoundMRV,1,2,0.118001458,1
extreme_079,Extreme,BranchBoundMRV,1,3,0.115668833,1
extreme_079,Extreme,BranchBoundMRV,1,4,0.115578250,1
extreme_079,Extreme,BranchBoundMRV,1,5,0.117488459,1
extreme_079,Extreme,OpenMP,4,1,0.058345079,1
extreme_079,Extreme,OpenMP,4,2,0.057983875,1
extreme_079,Extreme,OpenMP,4,3,0.058059931,1
extreme_079,Extreme,OpenMP,4,4,0.060032845,1
extreme_079,Extreme,OpenMP,4,5,0.065408945,1
extreme_079,Extreme,OpenMP,8,1,0.105723143,1
extreme_079,Extreme,OpenMP,8,2,0.084904194,1
extreme_079,Extreme,OpenMP,8,3,0.082162857,1
extreme_079,Extreme,OpenMP,8,4,0.085052967,1
extreme_079,Extreme,OpenMP,8,5,0.093097925,1
extreme_079,Extreme,OpenMP,16,1,0.134912968,1
extreme_079,Extreme,OpenMP,16,2,0.117168188,1
extreme_079,Extreme,OpenMP,16,3,0.192908049,1
extreme_079,Extreme,OpenMP,16,4,0.203004837,1
extreme_079,Extreme,OpenMP,16,5,0.189968109,1
extreme_079,Extreme,OMP-BranchBoundMRV,4,1,0.079904079,1
extreme_079,Extreme,OMP-BranchBoundMRV,4,2,0.084296942,1
extreme_079,Extreme,OMP-BranchBoundMRV,4,3,0.083296061,1
extreme_079,Extreme,OMP-BranchBoundMRV,4,4,0.080544949,1
extreme_079,Extreme,OMP-BranchBoundMRV,4,5,0.093172789,1
extreme_079,Extreme,OMP-BranchBoundMRV,8,1,0.160444975,1
extreme_079,Extreme,OMP-BranchBoundMRV,8,2,0.123297930,1
extreme_079,Extreme,OMP-BranchBoundMRV,8,3,0.199447870,1
extreme_079,Extreme,OMP-BranchBoundMRV,8,4,0.105958939,1
extreme_079,Extreme,OMP-BranchBoundMRV,8,5,0.125469923,1
extreme_079,Extreme,OMP-BranchBoundMRV,16,1,0.140015125,1
extreme_079,Extreme,OMP-BranchBoundMRV,16,2,0.198857069,1
extreme_079,Extreme,OMP-BranchBoundMRV,16,3,0.244176865,1
extreme_079,Extreme,OMP-BranchBoundMRV,16,4,0.244394064,1
extreme_079,Extreme,OMP-BranchBoundMRV,16,5,0.344027042,1
extreme_080,Extreme,Serial,1,1,0.119606625,1
extreme_080,Extreme,Serial,1,2,0.112457875,1
extreme_080,Extreme,Serial,1,3,0.110131834,1
extreme_080,Extreme,Serial,1,4,0.112717958,1
extreme_080,Extreme,Serial,1,5,0.110114750,1
extreme_080,Extreme,Serial-MRV,1,1,0.096749084,1
extreme_080,Extreme,Serial-MRV,1,2,0.097474708,1
extreme_080,Extreme,Serial-MRV,1,3,0.098374083,1
extreme_080,Extreme,Serial-MRV,1,4,0.097609542,1
extreme_080,Extreme,Serial-MRV,1,5,0.096434167,1
extreme_080,Extreme,BranchBound,1,1,0.089793791,1
extreme_080,Extreme,BranchBound,1,2,0.089719791,1
extreme_080,Extreme,BranchBound,1,3,0.089976458,1
extreme_080,Extreme,BranchBound,1,4,0.089842125,1
extreme_080,Extreme,BranchBound,1,5,0.089766292,1
extreme_080,Extreme,BranchBoundMRV,1,1,0.123888417,1
extreme_080,Extreme,BranchBoundMRV,1,2,0.124022958,1
extreme_080,Extreme,BranchBoundMRV,1,3,0.124853541,1
extreme_080,Extreme,BranchBoundMRV,1,4,0.126899541,1
extreme_080,Extreme,BranchBoundMRV,1,5,0.126710042,1
extreme_080,Extreme,OpenMP,4,1,0.012181997,1
extreme_080,Extreme,OpenMP,4,2,0.013671875,1
extreme_080,Extreme,OpenMP,4,3,0.012482882,1
extreme_080,Extreme,OpenMP,4,4,0.011986971,1
extreme_080,Extreme,OpenMP,4,5,0.012022972,1
extreme_080,Extreme,OpenMP,8,1,0.016613960,1
extreme_080,Extreme,OpenMP,8,2,0.013491869,1
extreme_080,Extreme,OpenMP,8,3,0.020790815,1
extreme_080,Extreme,OpenMP,8,4,0.013648033,1
extreme_080,Extreme,OpenMP,8,5,0.014112949,1
extreme_080,Extreme,OpenMP,16,1,0.134562969,1
extreme_080,Extreme,OpenMP,16,2,0.040754795,1
extreme_080,Extreme,OpenMP,16,3,0.045623064,1
extreme_080,Extreme,OpenMP,16,4,0.077323914,1
extreme_080,Extreme,OpenMP,16,5,0.025361061,1
extreme_080,Extreme,OMP-BranchBoundMRV,4,1,0.016058922,1
extreme_080,Extreme,OMP-BranchBoundMRV,4,2,0.015625954,1
extreme_080,Extreme,OMP-BranchBoundMRV,4,3,0.015790939,1
extreme_080,Extreme,OMP-BranchBoundMRV,4,4,0.016185999,1
extreme_080,Extreme,OMP-BranchBoundMRV,4,5,0.018423080,1
extreme_080,Extreme,OMP-BranchBoundMRV,8,1,0.058131933,1
extreme_080,Extreme,OMP-BranchBoundMRV,8,2,0.018262148,1
extreme_080,Extreme,OMP-BranchBoundMRV,8,3,0.026512146,1
extreme_080,Extreme,OMP-BranchBoundMRV,8,4,0.022951841,1
extreme_080,Extreme,OMP-BranchBoundMRV,8,5,0.022056818,1
extreme_080,Extreme,OMP-BranchBoundMRV,16,1,0.081525803,1
extreme_080,Extreme,OMP-BranchBoundMRV,16,2,0.084316969,1
extreme_080,Extreme,OMP-BranchBoundMRV,16,3,0.047552824,1
extreme_080,Extreme,OMP-BranchBoundMRV,16,4,0.039942026,1
extreme_080,Extreme,OMP-BranchBoundMRV,16,5,0.110695839,1
extreme_081,Extreme,Serial,1,1,0.832796208,1
extreme_081,Extreme,Serial,1,2,0.800259125,1
extreme_081,Extreme,Serial,1,3,0.789912500,1
extreme_081,Extreme,Serial,1,4,0.802527375,1
extreme_081,Extreme,Serial,1,5,0.778337750,1
extreme_081,Extreme,Serial-MRV,1,1,0.090906000,1
extreme_081,Extreme,Serial-MRV,1,2,0.090723583,1
extreme_081,Extreme,Serial-MRV,1,3,0.093918125,1
extreme_081,Extreme,Serial-MRV,1,4,0.093177666,1
extreme_081,Extreme,Serial-MRV,1,5,0.097140917,1
extreme_081,Extreme,BranchBound,1,1,0.781566833,1
extreme_081,Extreme,BranchBound,1,2,0.802478792,1
extreme_081,Extreme,BranchBound,1,3,0.817614542,1
extreme_081,Extreme,BranchBound,1,4,0.741883792,1
extreme_081,Extreme,BranchBound,1,5,0.724973792,1
extreme_081,Extreme,BranchBoundMRV,1,1,0.120563292,1
extreme_081,Extreme,BranchBoundMRV,1,2,0.120408708,1
extreme_081,Extreme,BranchBoundMRV,1,3,0.119890042,1
extreme_081,Extreme,BranchBoundMRV,1,4,0.119819500,1
extreme_081,Extreme,BranchBoundMRV,1,5,0.124402833,1
extreme_081,Extreme,OpenMP,4,1,0.095964909,1
extreme_081,Extreme,OpenMP,4,2,0.095739841,1
extreme_081,Extreme,OpenMP,4,3,0.096014023,1
extreme_081,Extreme,OpenMP,4,4,0.096489906,1
extreme_081,Extreme,OpenMP,4,5,0.095851898,1
extreme_081,Extreme,OpenMP,8,1,0.334444046,1
extreme_081,Extreme,OpenMP,8,2,0.237921000,1
extreme_081,Extreme,OpenMP,8,3,0.177067041,1
extreme_081,Extreme,OpenMP,8,4,0.158933878,1
extreme_081,Extreme,OpenMP,8,5,0.131313086,1
extreme_081,Extreme,OpenMP,16,1,0.292635918,1
extreme_081,Extreme,OpenMP,16,2,0.304795980,1
extreme_081,Extreme,OpenMP,16,3,0.346044064,1
extreme_081,Extreme,OpenMP,16,4,0.250653982,1
extreme_081,Extreme,OpenMP,16,5,0.320618868,1
extreme_081,Extreme,OMP-BranchBoundMRV,4,1,0.137197018,1
extreme_081,Extreme,OMP-BranchBoundMRV,4,2,0.137347937,1
extreme_081,Extreme,OMP-BranchBoundMRV,4,3,0.139857054,1
extreme_081,Extreme,OMP-BranchBoundMRV,4,4,0.148524046,1
extreme_081,Extreme,OMP-BranchBoundMRV,4,5,0.160784006,1
extreme_081,Extreme,OMP-BranchBoundMRV,8,1,0.212389946,1
extreme_081,Extreme,OMP-BranchBoundMRV,8,2,0.200973988,1
extreme_081,Extreme,OMP-BranchBoundMRV,8,3,0.195235014,1
extreme_081,Extreme,OMP-BranchBoundMRV,8,4,0.180615902,1
extreme_081,Extreme,OMP-BranchBoundMRV,8,5,0.165183067,1
extreme_081,Extreme,OMP-BranchBoundMRV,16,1,0.333040953,1
extreme_081,Extreme,OMP-BranchBoundMRV,16,2,0.412930965,1
extreme_081,Extreme,OMP-BranchBoundMRV,16,3,0.418403149,1
extreme_081,Extreme,OMP-BranchBoundMRV,16,4,0.397884846,1
extreme_081,Extreme,OMP-BranchBoundMRV,16,5,0.385481119,1
extreme_082,Extreme,Serial,1,1,0.019750375,1
extreme_082,Extreme,Serial,1,2,0.019302750,1
extreme_082,Extreme,Serial,1,3,0.018786459,1
extreme_082,Extreme,Serial,1,4,0.018299458,1
extreme_082,Extreme,Serial,1,5,0.018181584,1
extreme_082,Extreme,Serial-MRV,1,1,0.085834333,1
extreme_082,Extreme,Serial-MRV,1,2,0.084988166,1
extreme_082,Extreme,Serial-MRV,1,3,0.084424125,1
extreme_082,Extreme,Serial-MRV,1,4,0.085538750,1
extreme_082,Extreme,Serial-MRV,1,5,0.087688791,1
extreme_082,Extreme,BranchBound,1,1,0.017651750,1
extreme_082,Extreme,BranchBound,1,2,0.017921833,1
extreme_082,Extreme,BranchBound,1,3,0.018859292,1
extreme_082,Extreme,BranchBound,1,4,0.017451750,1
extreme_082,Extreme,BranchBound,1,5,0.017446916,1
extreme_082,Extreme,BranchBoundMRV,1,1,0.108331875,1
extreme_082,Extreme,BranchBoundMRV,1,2,0.107269500,1
extreme_082,Extreme,BranchBoundMRV,1,3,0.106381084,1
extreme_082,Extreme,BranchBoundMRV,1,4,0.108951750,1
extreme_082,Extreme,BranchBoundMRV,1,5,0.106721833,1
extreme_082,Extreme,OpenMP,4,1,0.013584852,1
extreme_082,Extreme,OpenMP,4,2,0.013597012,1
extreme_082,Extreme,OpenMP,4,3,0.013692856,1
extreme_082,Extreme,OpenMP,4,4,0.013575792,1
extreme_082,Extreme,OpenMP,4,5,0.014018059,1
extreme_082,Extreme,OpenMP,8,1,0.017904043,1
extreme_082,Extreme,OpenMP,8,2,0.025846004,1
extreme_082,Extreme,OpenMP,8,3,0.021676064,1
extreme_082,Extreme,OpenMP,8,4,0.020030022,1
extreme_082,Extreme,OpenMP,8,5,0.019860983,1
extreme_082,Extreme,OpenMP,16,1,0.135779142,1
extreme_082,Extreme,OpenMP,16,2,0.045073986,1
extreme_082,Extreme,OpenMP,16,3,0.054053068,1
extreme_082,Extreme,OpenMP,16,4,0.068166018,1
extreme_082,Extreme,OpenMP,16,5,0.074801207,1
extreme_082,Extreme,OMP-BranchBoundMRV,4,1,0.019346952,1
extreme_082,Extreme,OMP-BranchBoundMRV,4,2,0.017956018,1
extreme_082,Extreme,OMP-BranchBoundMRV,4,3,0.019600868,1
extreme_082,Extreme,OMP-BranchBoundMRV,4,4,0.018882990,1
extreme_082,Extreme,OMP-BranchBoundMRV,4,5,0.018124819,1
extreme_082,Extreme,OMP-BranchBoundMRV,8,1,0.051449060,1
extreme_082,Extreme,OMP-BranchBoundMRV,8,2,0.030042171,1
extreme_082,Extreme,OMP-BranchBoundMRV,8,3,0.024461031,1
extreme_082,Extreme,OMP-BranchBoundMRV,8,4,0.030451059,1
extreme_082,Extreme,OMP-BranchBoundMRV,8,5,0.023743153,1
extreme_082,Extreme,OMP-BranchBoundMRV,16,1,0.054780960,1
extreme_082,Extreme,OMP-BranchBoundMRV,16,2,0.083849907,1
extreme_082,Extreme,OMP-BranchBoundMRV,16,3,0.099000931,1
extreme_082,Extreme,OMP-BranchBoundMRV,16,4,0.087259054,1
extreme_082,Extreme,OMP-BranchBoundMRV,16,5,0.089695930,1
extreme_083,Extreme,Serial,1,1,0.054069041,1
extreme_083,Extreme,Serial,1,2,0.052302625,1
extreme_083,Extreme,Serial,1,3,0.051374125,1
extreme_083,Extreme,Serial,1,4,0.052011042,1
extreme_083,Extreme,Serial,1,5,0.051647917,1
extreme_083,Extreme,Serial-MRV,1,1,0.172005542,1
extreme_083,Extreme,Serial-MRV,1,2,0.169660833,1
extreme_083,Extreme,Serial-MRV,1,3,0.167189708,1
extreme_083,Extreme,Serial-MRV,1,4,0.167637292,1
extreme_083,Extreme,Serial-MRV,1,5,0.172766125,1
extreme_083,Extreme,BranchBound,1,1,0.046408459,1
extreme_083,Extreme,BranchBound,1,2,0.045732750,1
extreme_083,Extreme,BranchBound,1,3,0.045878042,1
extreme_083,Extreme,BranchBound,1,4,0.045848875,1
extreme_083,Extreme,BranchBound,1,5,0.046021750,1
extreme_083,Extreme,BranchBoundMRV,1,1,0.218151833,1
extreme_083,Extreme,BranchBoundMRV,1,2,0.216318417,1
extreme_083,Extreme,BranchBoundMRV,1,3,0.214767584,1
extreme_083,Extreme,BranchBoundMRV,1,4,0.214853959,1
extreme_083,Extreme,BranchBoundMRV,1,5,0.214247625,1
extreme_083,Extreme,OpenMP,4,1,0.004143000,1
extreme_083,Extreme,OpenMP,4,2,0.004097939,1
extreme_083,Extreme,OpenMP,4,3,0.004114866,1
extreme_083,Extreme,OpenMP,4,4,0.004212856,1
extreme_083,Extreme,OpenMP,4,5,0.004097939,1
extreme_083,Extreme,OpenMP,8,1,0.009927988,1
extreme_083,Extreme,OpenMP,8,2,0.004203081,1
extreme_083,Extreme,OpenMP,8,3,0.009753942,1
extreme_083,Extreme,OpenMP,8,4,0.007472992,1
extreme_083,Extreme,OpenMP,8,5,0.009749174,1
extreme_083,Extreme,OpenMP,16,1,0.020857811,1
extreme_083,Extreme,OpenMP,16,2,0.025423050,1
extreme_083,Extreme,OpenMP,16,3,0.028206825,1
extreme_083,Extreme,OpenMP,16,4,0.043413877,1
extreme_083,Extreme,OpenMP,16,5,0.100169897,1
extreme_083,Extreme,OMP-BranchBoundMRV,4,1,0.008539200,1
extreme_083,Extreme,OMP-BranchBoundMRV,4,2,0.009114027,1
extreme_083,Extreme,OMP-BranchBoundMRV,4,3,0.005977869,1
extreme_083,Extreme,OMP-BranchBoundMRV,4,4,0.006510019,1
extreme_083,Extreme,OMP-BranchBoundMRV,4,5,0.005996943,1
extreme_083,Extreme,OMP-BranchBoundMRV,8,1,0.007540941,1
extreme_083,Extreme,OMP-BranchBoundMRV,8,2,0.010130882,1
extreme_083,Extreme,OMP-BranchBoundMRV,8,3,0.005855799,1
extreme_083,Extreme,OMP-BranchBoundMRV,8,4,0.011831999,1
extreme_083,Extreme,OMP-BranchBoundMRV,8,5,0.006333113,1
extreme_083,Extreme,OMP-BranchBoundMRV,16,1,0.033478975,1
extreme_083,Extreme,OMP-BranchBoundMRV,16,2,0.022348881,1
extreme_083,Extreme,OMP-BranchBoundMRV,16,3,0.042273998,1
extreme_083,Extreme,OMP-BranchBoundMRV,16,4,0.044129848,1
extreme_083,Extreme,OMP-BranchBoundMRV,16,5,0.046664953,1
extreme_084,Extreme,Serial,1,1,0.009587416,1
extreme_084,Extreme,Serial,1,2,0.009548083,1
extreme_084,Extreme,Serial,1,3,0.009543792,1
extreme_084,Extreme,Serial,1,4,0.009469125,1
extreme_084,Extreme,Serial,1,5,0.009528458,1
extreme_084,Extreme,Serial-MRV,1,1,0.115132000,1
extreme_084,Extreme,Serial-MRV,1,2,0.115300167,1
extreme_084,Extreme,Serial-MRV,1,3,0.115311834,1
extreme_084,Extreme,Serial-MRV,1,4,0.115864958,1
extreme_084,Extreme,Serial-MRV,1,5,0.115274000,1
extreme_084,Extreme,BranchBound,1,1,0.008509041,1
extreme_084,Extreme,BranchBound,1,2,0.008307458,1
extreme_084,Extreme,BranchBound,1,3,0.008333833,1
extreme_084,Extreme,BranchBound,1,4,0.008284250,1
extreme_084,Extreme,BranchBound,1,5,0.008294209,1
extreme_084,Extreme,BranchBoundMRV,1,1,0.151993792,1
extreme_084,Extreme,BranchBoundMRV,1,2,0.151648667,1
extreme_084,Extreme,BranchBoundMRV,1,3,0.159493333,1
extreme_084,Extreme,BranchBoundMRV,1,4,0.157091542,1
extreme_084,Extreme,BranchBoundMRV,1,5,0.154764334,1
extreme_084,Extreme,OpenMP,4,1,0.008442879,1
extreme_084,Extreme,OpenMP,4,2,0.009751797,1
extreme_084,Extreme,OpenMP,4,3,0.011023045,1
extreme_084,Extreme,OpenMP,4,4,0.008914232,1
extreme_084,Extreme,OpenMP,4,5,0.010177135,1
extreme_084,Extreme,OpenMP,8,1,0.019599915,1
extreme_084,Extreme,OpenMP,8,2,0.011387110,1
extreme_084,Extreme,OpenMP,8,3,0.017804861,1
extreme_084,Extreme,OpenMP,8,4,0.015139103,1
extreme_084,Extreme,OpenMP,8,5,0.015964985,1
extreme_084,Extreme,OpenMP,16,1,0.090971947,1
extreme_084,Extreme,OpenMP,16,2,0.063958168,1
extreme_084,Extreme,OpenMP,16,3,0.034266949,1
extreme_084,Extreme,OpenMP,16,4,0.106477976,1
extreme_084,Extreme,OpenMP,16,5,0.036684990,1
extreme_084,Extreme,OMP-BranchBoundMRV,4,1,0.011121988,1
extreme_084,Extreme,OMP-BranchBoundMRV,4,2,0.011118889,1
extreme_084,Extreme,OMP-BranchBoundMRV,4,3,0.011085987,1
extreme_084,Extreme,OMP-BranchBoundMRV,4,4,0.011078119,1
extreme_084,Extreme,OMP-BranchBoundMRV,4,5,0.011073112,1
extreme_084,Extreme,OMP-BranchBoundMRV,8,1,0.015048981,1
extreme_084,Extreme,OMP-BranchBoundMRV,8,2,0.017695904,1
extreme_084,Extreme,OMP-BranchBoundMRV,8,3,0.015326977,1
extreme_084,Extreme,OMP-BranchBoundMRV,8,4,0.021805048,1
extreme_084,Extreme,OMP-BranchBoundMRV,8,5,0.028485060,1
extreme_084,Extreme,OMP-BranchBoundMRV,16,1,0.036967993,1
extreme_084,Extreme,OMP-BranchBoundMRV,16,2,0.045876980,1
extreme_084,Extreme,OMP-BranchBoundMRV,16,3,0.118510962,1
extreme_084,Extreme,OMP-BranchBoundMRV,16,4,0.093280792,1
extreme_084,Extreme,OMP-BranchBoundMRV,16,5,0.116168022,1
extreme_085,Extreme,Serial,1,1,0.004564500,1
extreme_085,Extreme,Serial,1,2,0.004255875,1
extreme_085,Extreme,Serial,1,3,0.004209167,1
extreme_085,Extreme,Serial,1,4,0.003991208,1
extreme_085,Extreme,Serial,1,5,0.004078500,1
extreme_085,Extreme,Serial-MRV,1,1,0.081988125,1
extreme_085,Extreme,Serial-MRV,1,2,0.080870458,1
extreme_085,Extreme,Serial-MRV,1,3,0.079291750,1
extreme_085,Extreme,Serial-MRV,1,4,0.079480333,1
extreme_085,Extreme,Serial-MRV,1,5,0.079344334,1
extreme_085,Extreme,BranchBound,1,1,0.003304417,1
extreme_085,Extreme,BranchBound,1,2,0.003271542,1
extreme_085,Extreme,BranchBound,1,3,0.003295000,1
extreme_085,Extreme,BranchBound,1,4,0.003357083,1
extreme_085,Extreme,BranchBound,1,5,0.003288458,1
extreme_085,Extreme,BranchBoundMRV,1,1,0.104475625,1
extreme_085,Extreme,BranchBoundMRV,1,2,0.110471833,1
extreme_085,Extreme,BranchBoundMRV,1,3,0.108124166,1
extreme_085,Extreme,BranchBoundMRV,1,4,0.106459834,1
extreme_085,Extreme,BranchBoundMRV,1,5,0.104873333,1
extreme_085,Extreme,OpenMP,4,1,0.012427092,1
extreme_085,Extreme,OpenMP,4,2,0.012377024,1
extreme_085,Extreme,OpenMP,4,3,0.012374163,1
extreme_085,Extreme,OpenMP,4,4,0.012391090,1
extreme_085,Extreme,OpenMP,4,5,0.012377024,1
extreme_085,Extreme,OpenMP,8,1,0.018522024,1
extreme_085,Extreme,OpenMP,8,2,0.021428823,1
extreme_085,Extreme,OpenMP,8,3,0.017159939,1
extreme_085,Extreme,OpenMP,8,4,0.033777952,1
extreme_085,Extreme,OpenMP,8,5,0.026526928,1
extreme_085,Extreme,OpenMP,16,1,0.082792997,1
extreme_085,Extreme,OpenMP,16,2,0.035437107,1
extreme_085,Extreme,OpenMP,16,3,0.053901911,1
extreme_085,Extreme,OpenMP,16,4,0.074730873,1
extreme_085,Extreme,OpenMP,16,5,0.069204092,1
extreme_085,Extreme,OMP-BranchBoundMRV,4,1,0.016427994,1
extreme_085,Extreme,OMP-BranchBoundMRV,4,2,0.016467810,1
extreme_085,Extreme,OMP-BranchBoundMRV,4,3,0.016309977,1
extreme_085,Extreme,OMP-BranchBoundMRV,4,4,0.016360998,1
extreme_085,Extreme,OMP-BranchBoundMRV,4,5,0.016381979,1
extreme_085,Extreme,OMP-BranchBoundMRV,8,1,0.018551826,1
extreme_085,Extreme,OMP-BranchBoundMRV,8,2,0.039866924,1
extreme_085,Extreme,OMP-BranchBoundMRV,8,3,0.025336027,1
extreme_085,Extreme,OMP-BranchBoundMRV,8,4,0.025484800,1
extreme_085,Extreme,OMP-BranchBoundMRV,8,5,0.023504972,1
extreme_085,Extreme,OMP-BranchBoundMRV,16,1,0.100363016,1
extreme_085,Extreme,OMP-BranchBoundMRV,16,2,0.090022087,1
extreme_085,Extreme,OMP-BranchBoundMRV,16,3,0.061763048,1
extreme_085,Extreme,OMP-BranchBoundMRV,16,4,0.086184025,1
extreme_085,Extreme,OMP-BranchBoundMRV,16,5,0.081562996,1
extreme_086,Extreme,Serial,1,1,0.091496792,1
extreme_086,Extreme,Serial,1,2,0.089293500,1
extreme_086,Extreme,Serial,1,3,0.094301541,1
extreme_086,Extreme,Serial,1,4,0.093787417,1
extreme_086,Extreme,Serial,1,5,0.090112291,1
extreme_086,Extreme,Serial-MRV,1,1,0.143932750,1
extreme_086,Extreme,Serial-MRV,1,2,0.145383708,1
extreme_086,Extreme,Serial-MRV,1,3,0.145110083,1
extreme_086,Extreme,Serial-MRV,1,4,0.143357667,1
extreme_086,Extreme,Serial-MRV,1,5,0.143487500,1
extreme_086,Extreme,BranchBound,1,1,0.074597583,1
extreme_086,Extreme,BranchBound,1,2,0.074621042,1
extreme_086,Extreme,BranchBound,1,3,0.074915750,1
extreme_086,Extreme,BranchBound,1,4,0.074698750,1
extreme_086,Extreme,BranchBound,1,5,0.074674625,1
extreme_086,Extreme,BranchBoundMRV,1,1,0.181871083,1
extreme_086,Extreme,BranchBoundMRV,1,2,0.181729334,1
extreme_086,Extreme,BranchBoundMRV,1,3,0.181423375,1
extreme_086,Extreme,BranchBoundMRV,1,4,0.181623291,1
extreme_086,Extreme,BranchBoundMRV,1,5,0.181736208,1
extreme_086,Extreme,OpenMP,4,1,0.011159897,1
extreme_086,Extreme,OpenMP,4,2,0.011168957,1
extreme_086,Extreme,OpenMP,4,3,0.011108875,1
extreme_086,Extreme,OpenMP,4,4,0.011107922,1
extreme_086,Extreme,OpenMP,4,5,0.011114120,1
extreme_086,Extreme,OpenMP,8,1,0.013220072,1
extreme_086,Extreme,OpenMP,8,2,0.023644924,1
extreme_086,Extreme,OpenMP,8,3,0.025481939,1
extreme_086,Extreme,OpenMP,8,4,0.016963959,1
extreme_086,Extreme,OpenMP,8,5,0.022185802,1
extreme_086,Extreme,OpenMP,16,1,0.125630140,1
extreme_086,Extreme,OpenMP,16,2,0.087186813,1
extreme_086,Extreme,OpenMP,16,3,0.061563015,1
extreme_086,Extreme,OpenMP,16,4,0.095515013,1
extreme_086,Extreme,OpenMP,16,5,0.059935093,1
extreme_086,Extreme,OMP-BranchBoundMRV,4,1,0.014108181,1
extreme_086,Extreme,OMP-BranchBoundMRV,4,2,0.014117002,1
extreme_086,Extreme,OMP-BranchBoundMRV,4,3,0.014142990,1
extreme_086,Extreme,OMP-BranchBoundMRV,4,4,0.014111042,1
extreme_086,Extreme,OMP-BranchBoundMRV,4,5,0.014098167,1
extreme_086,Extreme,OMP-BranchBoundMRV,8,1,0.036924124,1
extreme_086,Extreme,OMP-BranchBoundMRV,8,2,0.014090061,1
extreme_086,Extreme,OMP-BranchBoundMRV,8,3,0.020064116,1
extreme_086,Extreme,OMP-BranchBoundMRV,8,4,0.019784212,1
extreme_086,Extreme,OMP-BranchBoundMRV,8,5,0.019788980,1
extreme_086,Extreme,OMP-BranchBoundMRV,16,1,0.220351934,1
extreme_086,Extreme,OMP-BranchBoundMRV,16,2,0.111254930,1
extreme_086,Extreme,OMP-BranchBoundMRV,16,3,0.055269003,1
extreme_086,Extreme,OMP-BranchBoundMRV,16,4,0.044658184,1
extreme_086,Extreme,OMP-BranchBoundMRV,16,5,0.080974102,1
extreme_087,Extreme,Serial,1,1,0.049278166,1
extreme_087,Extreme,Serial,1,2,0.048945334,1
extreme_087,Extreme,Serial,1,3,0.048633583,1
extreme_087,Extreme,Serial,1,4,0.048568584,1
extreme_087,Extreme,Serial,1,5,0.048683875,1
extreme_087,Extreme,Serial-MRV,1,1,0.076029167,1
extreme_087,Extreme,Serial-MRV,1,2,0.075689334,1
extreme_087,Extreme,Serial-MRV,1,3,0.075808208,1
extreme_087,Extreme,Serial-MRV,1,4,0.075249292,1
extreme_087,Extreme,Serial-MRV,1,5,0.076401083,1
extreme_087,Extreme,BranchBound,1,1,0.043842417,1
extreme_087,Extreme,BranchBound,1,2,0.043867084,1
extreme_087,Extreme,BranchBound,1,3,0.043988000,1
extreme_087,Extreme,BranchBound,1,4,0.043250000,1
extreme_087,Extreme,BranchBound,1,5,0.043574375,1
extreme_087,Extreme,BranchBoundMRV,1,1,0.100693958,1
extreme_087,Extreme,BranchBoundMRV,1,2,0.099766167,1
extreme_087,Extreme,BranchBoundMRV,1,3,0.099607791,1
extreme_087,Extreme,BranchBoundMRV,1,4,0.099290666,1
extreme_087,Extreme,BranchBoundMRV,1,5,0.101089542,1
extreme_087,Extreme,OpenMP,4,1,0.007806778,1
extreme_087,Extreme,OpenMP,4,2,0.005702019,1
extreme_087,Extreme,OpenMP,4,3,0.005634069,1
extreme_087,Extreme,OpenMP,4,4,0.005784988,1
extreme_087,Extreme,OpenMP,4,5,0.008129120,1
extreme_087,Extreme,OpenMP,8,1,0.005694866,1
extreme_087,Extreme,OpenMP,8,2,0.018260956,1
extreme_087,Extreme,OpenMP,8,3,0.016418934,1
extreme_087,Extreme,OpenMP,8,4,0.012718916,1
extreme_087,Extreme,OpenMP,8,5,0.008319855,1
extreme_087,Extreme,OpenMP,16,1,0.033620119,1
extreme_087,Extreme,OpenMP,16,2,0.054903030,1
extreme_087,Extreme,OpenMP,16,3,0.123023987,1
extreme_087,Extreme,OpenMP,16,4,0.034295082,1
extreme_087,Extreme,OpenMP,16,5,0.022230148,1
extreme_087,Extreme,OMP-BranchBoundMRV,4,1,0.007653952,1
extreme_087,Extreme,OMP-BranchBoundMRV,4,2,0.007839918,1
extreme_087,Extreme,OMP-BranchBoundMRV,4,3,0.007661819,1
extreme_087,Extreme,OMP-BranchBoundMRV,4,4,0.007638931,1
extreme_087,Extreme,OMP-BranchBoundMRV,4,5,0.007638216,1
extreme_087,Extreme,OMP-BranchBoundMRV,8,1,0.007673025,1
extreme_087,Extreme,OMP-BranchBoundMRV,8,2,0.007678032,1
extreme_087,Extreme,OMP-BranchBoundMRV,8,3,0.007675886,1
extreme_087,Extreme,OMP-BranchBoundMRV,8,4,0.013545036,1
extreme_087,Extreme,OMP-BranchBoundMRV,8,5,0.013421059,1
extreme_087,Extreme,OMP-BranchBoundMRV,16,1,0.069449902,1
extreme_087,Extreme,OMP-BranchBoundMRV,16,2,0.062543154,1
extreme_087,Extreme,OMP-BranchBoundMRV,16,3,0.092947006,1
extreme_087,Extreme,OMP-BranchBoundMRV,16,4,0.104726076,1
extreme_087,Extreme,OMP-BranchBoundMRV,16,5,0.072005033,1
extreme_088,Extreme,Serial,1,1,0.539775417,1
extreme_088,Extreme,Serial,1,2,0.541440042,1
extreme_088,Extreme,Serial,1,3,0.552382292,1
extreme_088,Extreme,Serial,1,4,0.539766875,1
extreme_088,Extreme,Serial,1,5,0.547797000,1
extreme_088,Extreme,Serial-MRV,1,1,0.139682792,1
extreme_088,Extreme,Serial-MRV,1,2,0.140870125,1
extreme_088,Extreme,Serial-MRV,1,3,0.140485750,1
extreme_088,Extreme,Serial-MRV,1,4,0.142584000,1
extreme_088,Extreme,Serial-MRV,1,5,0.144758292,1
extreme_088,Extreme,BranchBound,1,1,0.488630292,1
extreme_088,Extreme,BranchBound,1,2,0.477132208,1
extreme_088,Extreme,BranchBound,1,3,0.477999958,1
extreme_088,Extreme,BranchBound,1,4,0.477519375,1
extreme_088,Extreme,BranchBound,1,5,0.479607125,1
extreme_088,Extreme,BranchBoundMRV,1,1,0.237745042,1
extreme_088,Extreme,BranchBoundMRV,1,2,0.186269125,1
extreme_088,Extreme,BranchBoundMRV,1,3,0.184492958,1
extreme_088,Extreme,BranchBoundMRV,1,4,0.186111958,1
extreme_088,Extreme,BranchBoundMRV,1,5,0.193407500,1
extreme_088,Extreme,OpenMP,4,1,0.013137102,1
extreme_088,Extreme,OpenMP,4,2,0.016514063,1
extreme_088,Extreme,OpenMP,4,3,0.012953997,1
extreme_088,Extreme,OpenMP,4,4,0.011392117,1
extreme_088,Extreme,OpenMP,4,5,0.011591911,1
extreme_088,Extreme,OpenMP,8,1,0.017357111,1
extreme_088,Extreme,OpenMP,8,2,0.016371012,1
extreme_088,Extreme,OpenMP,8,3,0.010679007,1
extreme_088,Extreme,OpenMP,8,4,0.022763968,1
extreme_088,Extreme,OpenMP,8,5,0.029650927,1
extreme_088,Extreme,OpenMP,16,1,0.064866066,1
extreme_088,Extreme,OpenMP,16,2,0.085026026,1
extreme_088,Extreme,OpenMP,16,3,0.126229048,1
extreme_088,Extreme,OpenMP,16,4,0.068777084,1
extreme_088,Extreme,OpenMP,16,5,0.038709164,1
extreme_088,Extreme,OMP-BranchBoundMRV,4,1,0.014899015,1
extreme_088,Extreme,OMP-BranchBoundMRV,4,2,0.014600992,1
extreme_088,Extreme,OMP-BranchBoundMRV,4,3,0.014788866,1
extreme_088,Extreme,OMP-BranchBoundMRV,4,4,0.014263868,1
extreme_088,Extreme,OMP-BranchBoundMRV,4,5,0.014522076,1
extreme_088,Extreme,OMP-BranchBoundMRV,8,1,0.027436018,1
extreme_088,Extreme,OMP-BranchBoundMRV,8,2,0.019119024,1
extreme_088,Extreme,OMP-BranchBoundMRV,8,3,0.027903080,1
extreme_088,Extreme,OMP-BranchBoundMRV,8,4,0.054977894,1
extreme_088,Extreme,OMP-BranchBoundMRV,8,5,0.016736984,1
extreme_088,Extreme,OMP-BranchBoundMRV,16,1,0.079222918,1
extreme_088,Extreme,OMP-BranchBoundMRV,16,2,0.059751034,1
extreme_088,Extreme,OMP-BranchBoundMRV,16,3,0.042663097,1
extreme_088,Extreme,OMP-BranchBoundMRV,16,4,0.046386957,1
extreme_088,Extreme,OMP-BranchBoundMRV,16,5,0.100950003,1
extreme_089,Extreme,Serial,1,1,0.032253625,1
extreme_089,Extreme,Serial,1,2,0.031665208,1
extreme_089,Extreme,Serial,1,3,0.032821166,1
extreme_089,Extreme,Serial,1,4,0.031923625,1
extreme_089,Extreme,Serial,1,5,0.031765417,1
extreme_089,Extreme,Serial-MRV,1,1,0.116186167,1
extreme_089,Extreme,Serial-MRV,1,2,0.115010917,1
extreme_089,Extreme,Serial-MRV,1,3,0.117467625,1
extreme_089,Extreme,Serial-MRV,1,4,0.127840958,1
extreme_089,Extreme,Serial-MRV,1,5,0.124326292,1
extreme_089,Extreme,BranchBound,1,1,0.027247875,1
extreme_089,Extreme,BranchBound,1,2,0.026617958,1
extreme_089,Extreme,BranchBound,1,3,0.026478959,1
extreme_089,Extreme,BranchBound,1,4,0.026305500,1
extreme_089,Extreme,BranchBound,1,5,0.026435042,1
extreme_089,Extreme,BranchBoundMRV,1,1,0.144425250,1
extreme_089,Extreme,BranchBoundMRV,1,2,0.144261500,1
extreme_089,Extreme,BranchBoundMRV,1,3,0.144508000,1
extreme_089,Extreme,BranchBoundMRV,1,4,0.145711791,1
extreme_089,Extreme,BranchBoundMRV,1,5,0.144609750,1
extreme_089,Extreme,OpenMP,4,1,0.030229092,1
extreme_089,Extreme,OpenMP,4,2,0.030197144,1
extreme_089,Extreme,OpenMP,4,3,0.030200005,1
extreme_089,Extreme,OpenMP,4,4,0.030210018,1
extreme_089,Extreme,OpenMP,4,5,0.030207157,1
extreme_089,Extreme,OpenMP,8,1,0.052259922,1
extreme_089,Extreme,OpenMP,8,2,0.052068949,1
extreme_089,Extreme,OpenMP,8,3,0.047755003,1
extreme_089,Extreme,OpenMP,8,4,0.045908928,1
extreme_089,Extreme,OpenMP,8,5,0.055683136,1
extreme_089,Extreme,OpenMP,16,1,0.251741886,1
extreme_089,Extreme,OpenMP,16,2,0.188160896,1
extreme_089,Extreme,OpenMP,16,3,0.126842022,1
extreme_089,Extreme,OpenMP,16,4,0.112045050,1
extreme_089,Extreme,OpenMP,16,5,0.157682896,1
extreme_089,Extreme,OMP-BranchBoundMRV,4,1,0.063740969,1
extreme_089,Extreme,OMP-BranchBoundMRV,4,2,0.063939095,1
extreme_089,Extreme,OMP-BranchBoundMRV,4,3,0.064811945,1
extreme_089,Extreme,OMP-BranchBoundMRV,4,4,0.067115784,1
extreme_089,Extreme,OMP-BranchBoundMRV,4,5,0.064730167,1
extreme_089,Extreme,OMP-BranchBoundMRV,8,1,0.076132774,1
extreme_089,Extreme,OMP-BranchBoundMRV,8,2,0.068059921,1
extreme_089,Extreme,OMP-BranchBoundMRV,8,3,0.047269106,1
extreme_089,Extreme,OMP-BranchBoundMRV,8,4,0.075294971,1
extreme_089,Extreme,OMP-BranchBoundMRV,8,5,0.060371161,1
extreme_089,Extreme,OMP-BranchBoundMRV,16,1,0.255662918,1
extreme_089,Extreme,OMP-BranchBoundMRV,16,2,0.200538158,1
extreme_089,Extreme,OMP-BranchBoundMRV,16,3,0.218081951,1
extreme_089,Extreme,OMP-BranchBoundMRV,16,4,0.152202129,1
extreme_089,Extreme,OMP-BranchBoundMRV,16,5,0.185527802,1
extreme_090,Extreme,Serial,1,1,0.073844083,1
extreme_090,Extreme,Serial,1,2,0.070313208,1
extreme_090,Extreme,Serial,1,3,0.070184625,1
extreme_090,Extreme,Serial,1,4,0.070192708,1
extreme_090,Extreme,Serial,1,5,0.070330500,1
extreme_090,Extreme,Serial-MRV,1,1,0.097711500,1
extreme_090,Extreme,Serial-MRV,1,2,0.095212667,1
extreme_090,Extreme,Serial-MRV,1,3,0.100231250,1
extreme_090,Extreme,Serial-MRV,1,4,0.097117375,1
extreme_090,Extreme,Serial-MRV,1,5,0.095663708,1
extreme_090,Extreme,BranchBound,1,1,0.063698459,1
extreme_090,Extreme,BranchBound,1,2,0.063630584,1
extreme_090,Extreme,BranchBound,1,3,0.063847375,1
extreme_090,Extreme,BranchBound,1,4,0.063992666,1
extreme_090,Extreme,BranchBound,1,5,0.066760583,1
extreme_090,Extreme,BranchBoundMRV,1,1,0.120567125,1
extreme_090,Extreme,BranchBoundMRV,1,2,0.119530208,1
extreme_090,Extreme,BranchBoundMRV,1,3,0.120001333,1
extreme_090,Extreme,BranchBoundMRV,1,4,0.121947416,1
extreme_090,Extreme,BranchBoundMRV,1,5,0.150656458,1
extreme_090,Extreme,OpenMP,4,1,0.024329185,1
extreme_090,Extreme,OpenMP,4,2,0.023859024,1
extreme_090,Extreme,OpenMP,4,3,0.024117947,1
extreme_090,Extreme,OpenMP,4,4,0.023540020,1
extreme_090,Extreme,OpenMP,4,5,0.023468971,1
extreme_090,Extreme,OpenMP,8,1,0.037691832,1
extreme_090,Extreme,OpenMP,8,2,0.020347118,1
extreme_090,Extreme,OpenMP,8,3,0.009577990,1
extreme_090,Extreme,OpenMP,8,4,0.015649080,1
extreme_090,Extreme,OpenMP,8,5,0.018006086,1
extreme_090,Extreme,OpenMP,16,1,0.045313120,1
extreme_090,Extreme,OpenMP,16,2,0.066840887,1
extreme_090,Extreme,OpenMP,16,3,0.037477970,1
extreme_090,Extreme,OpenMP,16,4,0.040626049,1
extreme_090,Extreme,OpenMP,16,5,0.081166983,1
extreme_090,Extreme,OMP-BranchBoundMRV,4,1,0.044173956,1
extreme_090,Extreme,OMP-BranchBoundMRV,4,2,0.046461105,1
extreme_090,Extreme,OMP-BranchBoundMRV,4,3,0.043637991,1
extreme_090,Extreme,OMP-BranchBoundMRV,4,4,0.061582804,1
extreme_090,Extreme,OMP-BranchBoundMRV,4,5,0.061011076,1
extreme_090,Extreme,OMP-BranchBoundMRV,8,1,0.043937922,1
extreme_090,Extreme,OMP-BranchBoundMRV,8,2,0.047565937,1
extreme_090,Extreme,OMP-BranchBoundMRV,8,3,0.035135031,1
extreme_090,Extreme,OMP-BranchBoundMRV,8,4,0.096309900,1
extreme_090,Extreme,OMP-BranchBoundMRV,8,5,0.047177076,1
extreme_090,Extreme,OMP-BranchBoundMRV,16,1,0.042255878,1
extreme_090,Extreme,OMP-BranchBoundMRV,16,2,0.042171001,1
extreme_090,Extreme,OMP-BranchBoundMRV,16,3,0.071665049,1
extreme_090,Extreme,OMP-BranchBoundMRV,16,4,0.109441996,1
extreme_090,Extreme,OMP-BranchBoundMRV,16,5,0.075666904,1
extreme_091,Extreme,Serial,1,1,0.082257292,1
extreme_091,Extreme,Serial,1,2,0.080384000,1
extreme_091,Extreme,Serial,1,3,0.079570375,1
extreme_091,Extreme,Serial,1,4,0.092831458,1
extreme_091,Extreme,Serial,1,5,0.202163500,1
extreme_091,Extreme,Serial-MRV,1,1,0.170143333,1
extreme_091,Extreme,Serial-MRV,1,2,0.140815625,1
extreme_091,Extreme,Serial-MRV,1,3,0.106416709,1
extreme_091,Extreme,Serial-MRV,1,4,0.108013959,1
extreme_091,Extreme,Serial-MRV,1,5,0.105245167,1
extreme_091,Extreme,BranchBound,1,1,0.072899500,1
extreme_091,Extreme,BranchBound,1,2,0.070261459,1
extreme_091,Extreme,BranchBound,1,3,0.069528875,1
extreme_091,Extreme,BranchBound,1,4,0.069453875,1
extreme_091,Extreme,BranchBound,1,5,0.069513750,1
extreme_091,Extreme,BranchBoundMRV,1,1,0.134154709,1
extreme_091,Extreme,BranchBoundMRV,1,2,0.157895583,1
extreme_091,Extreme,BranchBoundMRV,1,3,0.137912000,1
extreme_091,Extreme,BranchBoundMRV,1,4,0.131595625,1
extreme_091,Extreme,BranchBoundMRV,1,5,0.140736666,1
extreme_091,Extreme,OpenMP,4,1,0.002239943,1
extreme_091,Extreme,OpenMP,4,2,0.002481937,1
extreme_091,Extreme,OpenMP,4,3,0.002176046,1
extreme_091,Extreme,OpenMP,4,4,0.002166033,1
extreme_091,Extreme,OpenMP,4,5,0.002192974,1
extreme_091,Extreme,OpenMP,8,1,0.004404068,1
extreme_091,Extreme,OpenMP,8,2,0.002390146,1
extreme_091,Extreme,OpenMP,8,3,0.007352114,1
extreme_091,Extreme,OpenMP,8,4,0.004846811,1
extreme_091,Extreme,OpenMP,8,5,0.005126953,1
extreme_091,Extreme,OpenMP,16,1,0.014186144,1
extreme_091,Extreme,OpenMP,16,2,0.018480062,1
extreme_091,Extreme,OpenMP,16,3,0.032191992,1
extreme_091,Extreme,OpenMP,16,4,0.031178951,1
extreme_091,Extreme,OpenMP,16,5,0.017468929,1
extreme_091,Extreme,OMP-BranchBoundMRV,4,1,0.004338980,1
extreme_091,Extreme,OMP-BranchBoundMRV,4,2,0.004924059,1
extreme_091,Extreme,OMP-BranchBoundMRV,4,3,0.003453970,1
extreme_091,Extreme,OMP-BranchBoundMRV,4,4,0.003720045,1
extreme_091,Extreme,OMP-BranchBoundMRV,4,5,0.003961086,1
extreme_091,Extreme,OMP-BranchBoundMRV,8,1,0.010584116,1
extreme_091,Extreme,OMP-BranchBoundMRV,8,2,0.004756212,1
extreme_091,Extreme,OMP-BranchBoundMRV,8,3,0.007219076,1
extreme_091,Extreme,OMP-BranchBoundMRV,8,4,0.004022837,1
extreme_091,Extreme,OMP-BranchBoundMRV,8,5,0.010344982,1
extreme_091,Extreme,OMP-BranchBoundMRV,16,1,0.010626793,1
extreme_091,Extreme,OMP-BranchBoundMRV,16,2,0.022929907,1
extreme_091,Extreme,OMP-BranchBoundMRV,16,3,0.020047903,1
extreme_091,Extreme,OMP-BranchBoundMRV,16,4,0.033218145,1
extreme_091,Extreme,OMP-BranchBoundMRV,16,5,0.059339046,1
extreme_092,Extreme,Serial,1,1,0.030032375,1
extreme_092,Extreme,Serial,1,2,0.027782625,1
extreme_092,Extreme,Serial,1,3,0.019584833,1
extreme_092,Extreme,Serial,1,4,0.020393875,1
extreme_092,Extreme,Serial,1,5,0.019245125,1
extreme_092,Extreme,Serial-MRV,1,1,0.116704875,1
extreme_092,Extreme,Serial-MRV,1,2,0.117815292,1
extreme_092,Extreme,Serial-MRV,1,3,0.116823167,1
extreme_092,Extreme,Serial-MRV,1,4,0.134149625,1
extreme_092,Extreme,Serial-MRV,1,5,0.121965375,1
extreme_092,Extreme,BranchBound,1,1,0.019754416,1
extreme_092,Extreme,BranchBound,1,2,0.016985917,1
extreme_092,Extreme,BranchBound,1,3,0.017185375,1
extreme_092,Extreme,BranchBound,1,4,0.016900958,1
extreme_092,Extreme,BranchBound,1,5,0.016877917,1
extreme_092,Extreme,BranchBoundMRV,1,1,0.152564500,1
extreme_092,Extreme,BranchBoundMRV,1,2,0.185757833,1
extreme_092,Extreme,BranchBoundMRV,1,3,0.163355625,1
extreme_092,Extreme,BranchBoundMRV,1,4,0.156071125,1
extreme_092,Extreme,BranchBoundMRV,1,5,0.150030459,1
extreme_092,Extreme,OpenMP,4,1,0.017155170,1
extreme_092,Extreme,OpenMP,4,2,0.017281055,1
extreme_092,Extreme,OpenMP,4,3,0.017215014,1
extreme_092,Extreme,OpenMP,4,4,0.017215967,1
extreme_092,Extreme,OpenMP,4,5,0.017323971,1
extreme_092,Extreme,OpenMP,8,1,0.023631811,1
extreme_092,Extreme,OpenMP,8,2,0.023694992,1
extreme_092,Extreme,OpenMP,8,3,0.029576063,1
extreme_092,Extreme,OpenMP,8,4,0.017139196,1
extreme_092,Extreme,OpenMP,8,5,0.024081945,1
extreme_092,Extreme,OpenMP,16,1,0.104470015,1
extreme_092,Extreme,OpenMP,16,2,0.067067862,1
extreme_092,Extreme,OpenMP,16,3,0.045000076,1
extreme_092,Extreme,OpenMP,16,4,0.082082987,1
extreme_092,Extreme,OpenMP,16,5,0.082302809,1
extreme_092,Extreme,OMP-BranchBoundMRV,4,1,0.033145905,1
extreme_092,Extreme,OMP-BranchBoundMRV,4,2,0.039632082,1
extreme_092,Extreme,OMP-BranchBoundMRV,4,3,0.023324013,1
extreme_092,Extreme,OMP-BranchBoundMRV,4,4,0.023530006,1
extreme_092,Extreme,OMP-BranchBoundMRV,4,5,0.023874998,1
extreme_092,Extreme,OMP-BranchBoundMRV,8,1,0.069530010,1
extreme_092,Extreme,OMP-BranchBoundMRV,8,2,0.047122002,1
extreme_092,Extreme,OMP-BranchBoundMRV,8,3,0.034691811,1
extreme_092,Extreme,OMP-BranchBoundMRV,8,4,0.041136026,1
extreme_092,Extreme,OMP-BranchBoundMRV,8,5,0.039440870,1
extreme_092,Extreme,OMP-BranchBoundMRV,16,1,0.228355169,1
extreme_092,Extreme,OMP-BranchBoundMRV,16,2,0.101404905,1
extreme_092,Extreme,OMP-BranchBoundMRV,16,3,0.074955940,1
extreme_092,Extreme,OMP-BranchBoundMRV,16,4,0.101713896,1
extreme_092,Extreme,OMP-BranchBoundMRV,16,5,0.120737076,1
extreme_093,Extreme,Serial,1,1,0.099875292,1
extreme_093,Extreme,Serial,1,2,0.095081458,1
extreme_093,Extreme,Serial,1,3,0.093691292,1
extreme_093,Extreme,Serial,1,4,0.095053125,1
extreme_093,Extreme,Serial,1,5,0.094766458,1
extreme_093,Extreme,Serial-MRV,1,1,0.113554250,1
extreme_093,Extreme,Serial-MRV,1,2,0.111498583,1
extreme_093,Extreme,Serial-MRV,1,3,0.111144500,1
extreme_093,Extreme,Serial-MRV,1,4,0.110881292,1
extreme_093,Extreme,Serial-MRV,1,5,0.119118958,1
extreme_093,Extreme,BranchBound,1,1,0.090888041,1
extreme_093,Extreme,BranchBound,1,2,0.085388959,1
extreme_093,Extreme,BranchBound,1,3,0.082837375,1
extreme_093,Extreme,BranchBound,1,4,0.082642541,1
extreme_093,Extreme,BranchBound,1,5,0.082479708,1
extreme_093,Extreme,BranchBoundMRV,1,1,0.148854666,1
extreme_093,Extreme,BranchBoundMRV,1,2,0.149888792,1
extreme_093,Extreme,BranchBoundMRV,1,3,0.150040458,1
extreme_093,Extreme,BranchBoundMRV,1,4,0.149073709,1
extreme_093,Extreme,BranchBoundMRV,1,5,0.148916625,1
extreme_093,Extreme,OpenMP,4,1,0.025019884,1
extreme_093,Extreme,OpenMP,4,2,0.025455952,1
extreme_093,Extreme,OpenMP,4,3,0.024966002,1
extreme_093,Extreme,OpenMP,4,4,0.025229931,1
extreme_093,Extreme,OpenMP,4,5,0.061740875,1
extreme_093,Extreme,OpenMP,8,1,0.054510117,1
extreme_093,Extreme,OpenMP,8,2,0.050880194,1
extreme_093,Extreme,OpenMP,8,3,0.035439014,1
extreme_093,Extreme,OpenMP,8,4,0.029525995,1
extreme_093,Extreme,OpenMP,8,5,0.042830944,1
extreme_093,Extreme,OpenMP,16,1,0.192806005,1
extreme_093,Extreme,OpenMP,16,2,0.089917898,1
extreme_093,Extreme,OpenMP,16,3,0.100830078,1
extreme_093,Extreme,OpenMP,16,4,0.115648031,1
extreme_093,Extreme,OpenMP,16,5,0.123816013,1
extreme_093,Extreme,OMP-BranchBoundMRV,4,1,0.048072815,1
extreme_093,Extreme,OMP-BranchBoundMRV,4,2,0.041985035,1
extreme_093,Extreme,OMP-BranchBoundMRV,4,3,0.038621902,1
extreme_093,Extreme,OMP-BranchBoundMRV,4,4,0.036423922,1
extreme_093,Extreme,OMP-BranchBoundMRV,4,5,0.036221981,1
extreme_093,Extreme,OMP-BranchBoundMRV,8,1,0.062350988,1
extreme_093,Extreme,OMP-BranchBoundMRV,8,2,0.090476990,1
extreme_093,Extreme,OMP-BranchBoundMRV,8,3,0.061351061,1
extreme_093,Extreme,OMP-BranchBoundMRV,8,4,0.078398943,1
extreme_093,Extreme,OMP-BranchBoundMRV,8,5,0.042253017,1
extreme_093,Extreme,OMP-BranchBoundMRV,16,1,0.200063944,1
extreme_093,Extreme,OMP-BranchBoundMRV,16,2,0.117959976,1
extreme_093,Extreme,OMP-BranchBoundMRV,16,3,0.147715092,1
extreme_093,Extreme,OMP-BranchBoundMRV,16,4,0.143668890,1
extreme_093,Extreme,OMP-BranchBoundMRV,16,5,0.125880003,1
extreme_094,Extreme,Serial,1,1,0.012197666,1
extreme_094,Extreme,Serial,1,2,0.011670042,1
extreme_094,Extreme,Serial,1,3,0.012098125,1
extreme_094,Extreme,Serial,1,4,0.011813583,1
extreme_094,Extreme,Serial,1,5,0.011497959,1
extreme_094,Extreme,Serial-MRV,1,1,0.103052583,1
extreme_094,Extreme,Serial-MRV,1,2,0.099325208,1
extreme_094,Extreme,Serial-MRV,1,3,0.099089167,1
extreme_094,Extreme,Serial-MRV,1,4,0.101776167,1
extreme_094,Extreme,Serial-MRV,1,5,0.102497125,1
extreme_094,Extreme,BranchBound,1,1,0.010389458,1
extreme_094,Extreme,BranchBound,1,2,0.010161500,1
extreme_094,Extreme,BranchBound,1,3,0.010099000,1
extreme_094,Extreme,BranchBound,1,4,0.010178417,1
extreme_094,Extreme,BranchBound,1,5,0.010090750,1
extreme_094,Extreme,BranchBoundMRV,1,1,0.131203958,1
extreme_094,Extreme,BranchBoundMRV,1,2,0.132194917,1
extreme_094,Extreme,BranchBoundMRV,1,3,0.129366666,1
extreme_094,Extreme,BranchBoundMRV,1,4,0.129318958,1
extreme_094,Extreme,BranchBoundMRV,1,5,0.129224708,1
extreme_094,Extreme,OpenMP,4,1,0.008560896,1
extreme_094,Extreme,OpenMP,4,2,0.008482933,1
extreme_094,Extreme,OpenMP,4,3,0.008450985,1
extreme_094,Extreme,OpenMP,4,4,0.008463860,1
extreme_094,Extreme,OpenMP,4,5,0.008443832,1
extreme_094,Extreme,OpenMP,8,1,0.001356840,1
extreme_094,Extreme,OpenMP,8,2,0.002824068,1
extreme_094,Extreme,OpenMP,8,3,0.001298904,1
extreme_094,Extreme,OpenMP,8,4,0.003618956,1
extreme_094,Extreme,OpenMP,8,5,0.019740105,1
extreme_094,Extreme,OpenMP,16,1,0.026657104,1
extreme_094,Extreme,OpenMP,16,2,0.030118227,1
extreme_094,Extreme,OpenMP,16,3,0.023565054,1
extreme_094,Extreme,OpenMP,16,4,0.040404081,1
extreme_094,Extreme,OpenMP,16,5,0.023175955,1
extreme_094,Extreme,OMP-BranchBoundMRV,4,1,0.012039900,1
extreme_094,Extreme,OMP-BranchBoundMRV,4,2,0.011889935,1
extreme_094,Extreme,OMP-BranchBoundMRV,4,3,0.011812925,1
extreme_094,Extreme,OMP-BranchBoundMRV,4,4,0.011803150,1
extreme_094,Extreme,OMP-BranchBoundMRV,4,5,0.011784077,1
extreme_094,Extreme,OMP-BranchBoundMRV,8,1,0.025693178,1
extreme_094,Extreme,OMP-BranchBoundMRV,8,2,0.002087116,1
extreme_094,Extreme,OMP-BranchBoundMRV,8,3,0.009505987,1
extreme_094,Extreme,OMP-BranchBoundMRV,8,4,0.018148899,1
extreme_094,Extreme,OMP-BranchBoundMRV,8,5,0.010217905,1
extreme_094,Extreme,OMP-BranchBoundMRV,16,1,0.035393953,1
extreme_094,Extreme,OMP-BranchBoundMRV,16,2,0.047507048,1
extreme_094,Extreme,OMP-BranchBoundMRV,16,3,0.057563066,1
extreme_094,Extreme,OMP-BranchBoundMRV,16,4,0.030920029,1
extreme_094,Extreme,OMP-BranchBoundMRV,16,5,0.021322012,1
extreme_095,Extreme,Serial,1,1,0.116007625,1
extreme_095,Extreme,Serial,1,2,0.114766125,1
extreme_095,Extreme,Serial,1,3,0.114022333,1
extreme_095,Extreme,Serial,1,4,0.113839708,1
extreme_095,Extreme,Serial,1,5,0.114750083,1
extreme_095,Extreme,Serial-MRV,1,1,0.163258375,1
extreme_095,Extreme,Serial-MRV,1,2,0.161773416,1
extreme_095,Extreme,Serial-MRV,1,3,0.161634166,1
extreme_095,Extreme,Serial-MRV,1,4,0.161499208,1
extreme_095,Extreme,Serial-MRV,1,5,0.163508792,1
extreme_095,Extreme,BranchBound,1,1,0.102228209,1
extreme_095,Extreme,BranchBound,1,2,0.101352709,1
extreme_095,Extreme,BranchBound,1,3,0.100742125,1
extreme_095,Extreme,BranchBound,1,4,0.100805917,1
extreme_095,Extreme,BranchBound,1,5,0.101024292,1
extreme_095,Extreme,BranchBoundMRV,1,1,0.228539791,1
extreme_095,Extreme,BranchBoundMRV,1,2,0.229040375,1
extreme_095,Extreme,BranchBoundMRV,1,3,0.225985583,1
extreme_095,Extreme,BranchBoundMRV,1,4,0.228489250,1
extreme_095,Extreme,BranchBoundMRV,1,5,0.226893459,1
extreme_095,Extreme,OpenMP,4,1,0.001598835,1
extreme_095,Extreme,OpenMP,4,2,0.001547098,1
extreme_095,Extreme,OpenMP,4,3,0.001559973,1
extreme_095,Extreme,OpenMP,4,4,0.001543045,1
extreme_095,Extreme,OpenMP,4,5,0.001558065,1
extreme_095,Extreme,OpenMP,8,1,0.001632214,1
extreme_095,Extreme,OpenMP,8,2,0.001590967,1
extreme_095,Extreme,OpenMP,8,3,0.001586199,1
extreme_095,Extreme,OpenMP,8,4,0.001589060,1
extreme_095,Extreme,OpenMP,8,5,0.001630068,1
extreme_095,Extreme,OpenMP,16,1,0.020493031,1
extreme_095,Extreme,OpenMP,16,2,0.029314041,1
extreme_095,Extreme,OpenMP,16,3,0.020789146,1
extreme_095,Extreme,OpenMP,16,4,0.032793045,1
extreme_095,Extreme,OpenMP,16,5,0.046193838,1
extreme_095,Extreme,OMP-BranchBoundMRV,4,1,0.002368927,1
extreme_095,Extreme,OMP-BranchBoundMRV,4,2,0.002347946,1
extreme_095,Extreme,OMP-BranchBoundMRV,4,3,0.002542019,1
extreme_095,Extreme,OMP-BranchBoundMRV,4,4,0.002460003,1
extreme_095,Extreme,OMP-BranchBoundMRV,4,5,0.002766848,1
extreme_095,Extreme,OMP-BranchBoundMRV,8,1,0.002362967,1
extreme_095,Extreme,OMP-BranchBoundMRV,8,2,0.002359152,1
extreme_095,Extreme,OMP-BranchBoundMRV,8,3,0.003274918,1
extreme_095,Extreme,OMP-BranchBoundMRV,8,4,0.002350807,1
extreme_095,Extreme,OMP-BranchBoundMRV,8,5,0.005573034,1
extreme_095,Extreme,OMP-BranchBoundMRV,16,1,0.015018940,1
extreme_095,Extreme,OMP-BranchBoundMRV,16,2,0.024528980,1
extreme_095,Extreme,OMP-BranchBoundMRV,16,3,0.023041964,1
extreme_095,Extreme,OMP-BranchBoundMRV,16,4,0.034532785,1
extreme_095,Extreme,OMP-BranchBoundMRV,16,5,0.014997005,1
extreme_096,Extreme,Serial,1,1,0.316882833,1
extreme_096,Extreme,Serial,1,2,0.335044125,1
extreme_096,Extreme,Serial,1,3,0.321864166,1
extreme_096,Extreme,Serial,1,4,0.321102916,1
extreme_096,Extreme,Serial,1,5,0.390033875,1
extreme_096,Extreme,Serial-MRV,1,1,0.565785833,1
extreme_096,Extreme,Serial-MRV,1,2,0.237285458,1
extreme_096,Extreme,Serial-MRV,1,3,0.229854625,1
extreme_096,Extreme,Serial-MRV,1,4,0.229875709,1
extreme_096,Extreme,Serial-MRV,1,5,0.228430250,1
extreme_096,Extreme,BranchBound,1,1,0.266215125,1
extreme_096,Extreme,BranchBound,1,2,0.273463334,1
extreme_096,Extreme,BranchBound,1,3,0.266169667,1
extreme_096,Extreme,BranchBound,1,4,0.295815459,1
extreme_096,Extreme,BranchBound,1,5,0.324291833,1
extreme_096,Extreme,BranchBoundMRV,1,1,0.296290166,1
extreme_096,Extreme,BranchBoundMRV,1,2,0.305958958,1
extreme_096,Extreme,BranchBoundMRV,1,3,0.298300375,1
extreme_096,Extreme,BranchBoundMRV,1,4,0.292818750,1
extreme_096,Extreme,BranchBoundMRV,1,5,0.291529708,1
extreme_096,Extreme,OpenMP,4,1,0.069693089,1
extreme_096,Extreme,OpenMP,4,2,0.069866896,1
extreme_096,Extreme,OpenMP,4,3,0.071801901,1
extreme_096,Extreme,OpenMP,4,4,0.070976973,1
extreme_096,Extreme,OpenMP,4,5,0.070676088,1
extreme_096,Extreme,OpenMP,8,1,0.095588923,1
extreme_096,Extreme,OpenMP,8,2,0.119358063,1
extreme_096,Extreme,OpenMP,8,3,0.097887039,1
extreme_096,Extreme,OpenMP,8,4,0.104244947,1
extreme_096,Extreme,OpenMP,8,5,0.100885868,1
extreme_096,Extreme,OpenMP,16,1,0.222825050,1
extreme_096,Extreme,OpenMP,16,2,0.209233046,1
extreme_096,Extreme,OpenMP,16,3,0.198938131,1
extreme_096,Extreme,OpenMP,16,4,0.211650848,1
extreme_096,Extreme,OpenMP,16,5,0.228089809,1
extreme_096,Extreme,OMP-BranchBoundMRV,4,1,0.093611956,1
extreme_096,Extreme,OMP-BranchBoundMRV,4,2,0.132054090,1
extreme_096,Extreme,OMP-BranchBoundMRV,4,3,0.099528074,1
extreme_096,Extreme,OMP-BranchBoundMRV,4,4,0.095926046,1
extreme_096,Extreme,OMP-BranchBoundMRV,4,5,0.095344067,1
extreme_096,Extreme,OMP-BranchBoundMRV,8,1,0.132684946,1
extreme_096,Extreme,OMP-BranchBoundMRV,8,2,0.143845081,1
extreme_096,Extreme,OMP-BranchBoundMRV,8,3,0.123145819,1
extreme_096,Extreme,OMP-BranchBoundMRV,8,4,0.138442993,1
extreme_096,Extreme,OMP-BranchBoundMRV,8,5,0.146484852,1
extreme_096,Extreme,OMP-BranchBoundMRV,16,1,0.335966110,1
extreme_096,Extreme,OMP-BranchBoundMRV,16,2,0.394722939,1
extreme_096,Extreme,OMP-BranchBoundMRV,16,3,0.276802063,1
extreme_096,Extreme,OMP-BranchBoundMRV,16,4,0.240710020,1
extreme_096,Extreme,OMP-BranchBoundMRV,16,5,0.252648830,1
extreme_097,Extreme,Serial,1,1,0.067480875,1
extreme_097,Extreme,Serial,1,2,0.064870583,1
extreme_097,Extreme,Serial,1,3,0.063899166,1
extreme_097,Extreme,Serial,1,4,0.063891417,1
extreme_097,Extreme,Serial,1,5,0.063793167,1
extreme_097,Extreme,Serial-MRV,1,1,0.146893750,1
extreme_097,Extreme,Serial-MRV,1,2,0.149533041,1
extreme_097,Extreme,Serial-MRV,1,3,0.144712750,1
extreme_097,Extreme,Serial-MRV,1,4,0.150922292,1
extreme_097,Extreme,Serial-MRV,1,5,0.145002250,1
extreme_097,Extreme,BranchBound,1,1,0.057405917,1
extreme_097,Extreme,BranchBound,1,2,0.056672917,1
extreme_097,Extreme,BranchBound,1,3,0.056829000,1
extreme_097,Extreme,BranchBound,1,4,0.057090958,1
extreme_097,Extreme,BranchBound,1,5,0.057623708,1
extreme_097,Extreme,BranchBoundMRV,1,1,0.175720833,1
extreme_097,Extreme,BranchBoundMRV,1,2,0.186354833,1
extreme_097,Extreme,BranchBoundMRV,1,3,0.180397667,1
extreme_097,Extreme,BranchBoundMRV,1,4,0.175547083,1
extreme_097,Extreme,BranchBoundMRV,1,5,0.174757584,1
extreme_097,Extreme,OpenMP,4,1,0.161422014,1
extreme_097,Extreme,OpenMP,4,2,0.158221006,1
extreme_097,Extreme,OpenMP,4,3,0.158989906,1
extreme_097,Extreme,OpenMP,4,4,0.159152031,1
extreme_097,Extreme,OpenMP,4,5,0.159339905,1
extreme_097,Extreme,OpenMP,8,1,0.228004932,1
extreme_097,Extreme,OpenMP,8,2,0.242836952,1
extreme_097,Extreme,OpenMP,8,3,0.197036982,1
extreme_097,Extreme,OpenMP,8,4,0.224794149,1
extreme_097,Extreme,OpenMP,8,5,0.233921051,1
extreme_097,Extreme,OpenMP,16,1,0.529240131,1
extreme_097,Extreme,OpenMP,16,2,0.527412891,1
extreme_097,Extreme,OpenMP,16,3,0.479115963,1
extreme_097,Extreme,OpenMP,16,4,0.404597044,1
extreme_097,Extreme,OpenMP,16,5,0.424634933,1
extreme_097,Extreme,OMP-BranchBoundMRV,4,1,0.200413942,1
extreme_097,Extreme,OMP-BranchBoundMRV,4,2,0.203082800,1
extreme_097,Extreme,OMP-BranchBoundMRV,4,3,0.206372023,1
extreme_097,Extreme,OMP-BranchBoundMRV,4,4,0.205078125,1
extreme_097,Extreme,OMP-BranchBoundMRV,4,5,0.207518816,1
extreme_097,Extreme,OMP-BranchBoundMRV,8,1,0.269233942,1
extreme_097,Extreme,OMP-BranchBoundMRV,8,2,0.235582113,1
extreme_097,Extreme,OMP-BranchBoundMRV,8,3,0.269064188,1
extreme_097,Extreme,OMP-BranchBoundMRV,8,4,0.275674105,1
extreme_097,Extreme,OMP-BranchBoundMRV,8,5,0.275305986,1
extreme_097,Extreme,OMP-BranchBoundMRV,16,1,0.632664919,1
extreme_097,Extreme,OMP-BranchBoundMRV,16,2,0.509416819,1
extreme_097,Extreme,OMP-BranchBoundMRV,16,3,0.582355976,1
extreme_097,Extreme,OMP-BranchBoundMRV,16,4,0.599025011,1
extreme_097,Extreme,OMP-BranchBoundMRV,16,5,0.516062021,1
extreme_098,Extreme,Serial,1,1,0.043630333,1
extreme_098,Extreme,Serial,1,2,0.042357875,1
extreme_098,Extreme,Serial,1,3,0.042654958,1
extreme_098,Extreme,Serial,1,4,0.042438709,1
extreme_098,Extreme,Serial,1,5,0.040718083,1
extreme_098,Extreme,Serial-MRV,1,1,0.088223375,1
extreme_098,Extreme,Serial-MRV,1,2,0.087622541,1
extreme_098,Extreme,Serial-MRV,1,3,0.089454750,1
extreme_098,Extreme,Serial-MRV,1,4,0.087992792,1
extreme_098,Extreme,Serial-MRV,1,5,0.087575625,1
extreme_098,Extreme,BranchBound,1,1,0.035947250,1
extreme_098,Extreme,BranchBound,1,2,0.036435458,1
extreme_098,Extreme,BranchBound,1,3,0.036652125,1
extreme_098,Extreme,BranchBound,1,4,0.036949542,1
extreme_098,Extreme,BranchBound,1,5,0.036951000,1
extreme_098,Extreme,BranchBoundMRV,1,1,0.116742833,1
extreme_098,Extreme,BranchBoundMRV,1,2,0.117328417,1
extreme_098,Extreme,BranchBoundMRV,1,3,0.117478416,1
extreme_098,Extreme,BranchBoundMRV,1,4,0.114793583,1
extreme_098,Extreme,BranchBoundMRV,1,5,0.115178250,1
extreme_098,Extreme,OpenMP,4,1,0.001888990,1
extreme_098,Extreme,OpenMP,4,2,0.001863956,1
extreme_098,Extreme,OpenMP,4,3,0.001990080,1
extreme_098,Extreme,OpenMP,4,4,0.001865149,1
extreme_098,Extreme,OpenMP,4,5,0.001869202,1
extreme_098,Extreme,OpenMP,8,1,0.011445045,1
extreme_098,Extreme,OpenMP,8,2,0.009084940,1
extreme_098,Extreme,OpenMP,8,3,0.006402016,1
extreme_098,Extreme,OpenMP,8,4,0.002429962,1
extreme_098,Extreme,OpenMP,8,5,0.003637075,1
extreme_098,Extreme,OpenMP,16,1,0.007094145,1
extreme_098,Extreme,OpenMP,16,2,0.004153967,1
extreme_098,Extreme,OpenMP,16,3,0.017035007,1
extreme_098,Extreme,OpenMP,16,4,0.015998125,1
extreme_098,Extreme,OpenMP,16,5,0.021253109,1
extreme_098,Extreme,OMP-BranchBoundMRV,4,1,0.002716064,1
extreme_098,Extreme,OMP-BranchBoundMRV,4,2,0.002529144,1
extreme_098,Extreme,OMP-BranchBoundMRV,4,3,0.002468109,1
extreme_098,Extreme,OMP-BranchBoundMRV,4,4,0.002466202,1
extreme_098,Extreme,OMP-BranchBoundMRV,4,5,0.002665043,1
extreme_098,Extreme,OMP-BranchBoundMRV,8,1,0.004380941,1
extreme_098,Extreme,OMP-BranchBoundMRV,8,2,0.002674103,1
extreme_098,Extreme,OMP-BranchBoundMRV,8,3,0.005483866,1
extreme_098,Extreme,OMP-BranchBoundMRV,8,4,0.002518892,1
extreme_098,Extreme,OMP-BranchBoundMRV,8,5,0.004689932,1
extreme_098,Extreme,OMP-BranchBoundMRV,16,1,0.020495892,1
extreme_098,Extreme,OMP-BranchBoundMRV,16,2,0.051244020,1
extreme_098,Extreme,OMP-BranchBoundMRV,16,3,0.026269913,1
extreme_098,Extreme,OMP-BranchBoundMRV,16,4,0.024759054,1
extreme_098,Extreme,OMP-BranchBoundMRV,16,5,0.020569086,1
extreme_099,Extreme,Serial,1,1,0.008981916,1
extreme_099,Extreme,Serial,1,2,0.009110292,1
extreme_099,Extreme,Serial,1,3,0.009352125,1
extreme_099,Extreme,Serial,1,4,0.008983875,1
extreme_099,Extreme,Serial,1,5,0.009519833,1
extreme_099,Extreme,Serial-MRV,1,1,0.194676833,1
extreme_099,Extreme,Serial-MRV,1,2,0.191222459,1
extreme_099,Extreme,Serial-MRV,1,3,0.190982000,1
extreme_099,Extreme,Serial-MRV,1,4,0.200530959,1
extreme_099,Extreme,Serial-MRV,1,5,0.186316417,1
extreme_099,Extreme,BranchBound,1,1,0.007530292,1
extreme_099,Extreme,BranchBound,1,2,0.007658541,1
extreme_099,Extreme,BranchBound,1,3,0.007526125,1
extreme_099,Extreme,BranchBound,1,4,0.007975709,1
extreme_099,Extreme,BranchBound,1,5,0.007988000,1
extreme_099,Extreme,BranchBoundMRV,1,1,0.231821708,1
extreme_099,Extreme,BranchBoundMRV,1,2,0.230394083,1
extreme_099,Extreme,BranchBoundMRV,1,3,0.230174000,1
extreme_099,Extreme,BranchBoundMRV,1,4,0.229203875,1
extreme_099,Extreme,BranchBoundMRV,1,5,0.240259625,1
extreme_099,Extreme,OpenMP,4,1,0.013356209,1
extreme_099,Extreme,OpenMP,4,2,0.013372183,1
extreme_099,Extreme,OpenMP,4,3,0.013220072,1
extreme_099,Extreme,OpenMP,4,4,0.013253212,1
extreme_099,Extreme,OpenMP,4,5,0.013331890,1
extreme_099,Extreme,OpenMP,8,1,0.019068003,1
extreme_099,Extreme,OpenMP,8,2,0.030068874,1
extreme_099,Extreme,OpenMP,8,3,0.030217886,1
extreme_099,Extreme,OpenMP,8,4,0.030078888,1
extreme_099,Extreme,OpenMP,8,5,0.045935869,1
extreme_099,Extreme,OpenMP,16,1,0.042095900,1
extreme_099,Extreme,OpenMP,16,2,0.037380934,1
extreme_099,Extreme,OpenMP,16,3,0.055078983,1
extreme_099,Extreme,OpenMP,16,4,0.060256004,1
extreme_099,Extreme,OpenMP,16,5,0.051883936,1
extreme_099,Extreme,OMP-BranchBoundMRV,4,1,0.024153948,1
extreme_099,Extreme,OMP-BranchBoundMRV,4,2,0.018542051,1
extreme_099,Extreme,OMP-BranchBoundMRV,4,3,0.018479109,1
extreme_099,Extreme,OMP-BranchBoundMRV,4,4,0.017866135,1
extreme_099,Extreme,OMP-BranchBoundMRV,4,5,0.018771172,1
extreme_099,Extreme,OMP-BranchBoundMRV,8,1,0.024624109,1
extreme_099,Extreme,OMP-BranchBoundMRV,8,2,0.021095037,1
extreme_099,Extreme,OMP-BranchBoundMRV,8,3,0.041538000,1
extreme_099,Extreme,OMP-BranchBoundMRV,8,4,0.029262066,1
extreme_099,Extreme,OMP-BranchBoundMRV,8,5,0.034073114,1
extreme_099,Extreme,OMP-BranchBoundMRV,16,1,0.133924007,1
extreme_099,Extreme,OMP-BranchBoundMRV,16,2,0.082941055,1
extreme_099,Extreme,OMP-BranchBoundMRV,16,3,0.117326975,1
extreme_099,Extreme,OMP-BranchBoundMRV,16,4,0.066663027,1
extreme_099,Extreme,OMP-BranchBoundMRV,16,5,0.081442833,1
extreme_100,Extreme,Serial,1,1,0.005447917,1
extreme_100,Extreme,Serial,1,2,0.005550209,1
extreme_100,Extreme,Serial,1,3,0.005761375,1
extreme_100,Extreme,Serial,1,4,0.005449291,1
extreme_100,Extreme,Serial,1,5,0.005307042,1
extreme_100,Extreme,Serial-MRV,1,1,0.097023000,1
extreme_100,Extreme,Serial-MRV,1,2,0.085843792,1
extreme_100,Extreme,Serial-MRV,1,3,0.083583666,1
extreme_100,Extreme,Serial-MRV,1,4,0.083157792,1
extreme_100,Extreme,Serial-MRV,1,5,0.082327125,1
extreme_100,Extreme,BranchBound,1,1,0.004504333,1
extreme_100,Extreme,BranchBound,1,2,0.004476792,1
extreme_100,Extreme,BranchBound,1,3,0.004493833,1
extreme_100,Extreme,BranchBound,1,4,0.004470042,1
extreme_100,Extreme,BranchBound,1,5,0.004472792,1
extreme_100,Extreme,BranchBoundMRV,1,1,0.104741458,1
extreme_100,Extreme,BranchBoundMRV,1,2,0.102053792,1
extreme_100,Extreme,BranchBoundMRV,1,3,0.101725708,1
extreme_100,Extreme,BranchBoundMRV,1,4,0.102964625,1
extreme_100,Extreme,BranchBoundMRV,1,5,0.104092875,1
extreme_100,Extreme,OpenMP,4,1,0.001173973,1
extreme_100,Extreme,OpenMP,4,2,0.001142979,1
extreme_100,Extreme,OpenMP,4,3,0.001148939,1
extreme_100,Extreme,OpenMP,4,4,0.001142025,1
extreme_100,Extreme,OpenMP,4,5,0.001146078,1
extreme_100,Extreme,OpenMP,8,1,0.001166821,1
extreme_100,Extreme,OpenMP,8,2,0.002519846,1
extreme_100,Extreme,OpenMP,8,3,0.001175880,1
extreme_100,Extreme,OpenMP,8,4,0.003119946,1
extreme_100,Extreme,OpenMP,8,5,0.002420902,1
extreme_100,Extreme,OpenMP,16,1,0.013607979,1
extreme_100,Extreme,OpenMP,16,2,0.010426998,1
extreme_100,Extreme,OpenMP,16,3,0.004781008,1
extreme_100,Extreme,OpenMP,16,4,0.035619020,1
extreme_100,Extreme,OpenMP,16,5,0.021445990,1
extreme_100,Extreme,OMP-BranchBoundMRV,4,1,0.001603842,1
extreme_100,Extreme,OMP-BranchBoundMRV,4,2,0.001580000,1
extreme_100,Extreme,OMP-BranchBoundMRV,4,3,0.001599073,1
extreme_100,Extreme,OMP-BranchBoundMRV,4,4,0.001594067,1
extreme_100,Extreme,OMP-BranchBoundMRV,4,5,0.001716137,1
extreme_100,Extreme,OMP-BranchBoundMRV,8,1,0.001854181,1
extreme_100,Extreme,OMP-BranchBoundMRV,8,2,0.002771139,1
extreme_100,Extreme,OMP-BranchBoundMRV,8,3,0.001607895,1
extreme_100,Extreme,OMP-BranchBoundMRV,8,4,0.001605988,1
extreme_100,Extreme,OMP-BranchBoundMRV,8,5,0.001671076,1
extreme_100,Extreme,OMP-BranchBoundMRV,16,1,0.009189844,1
extreme_100,Extreme,OMP-BranchBoundMRV,16,2,0.021276951,1
extreme_100,Extreme,OMP-BranchBoundMRV,16,3,0.005025148,1
extreme_100,Extreme,OMP-BranchBoundMRV,16,4,0.026559114,1
extreme_100,Extreme,OMP-BranchBoundMRV,16,5,0.012843132,1
