Board_ID,Difficulty,Algorithm,Threads,Rep,Time_s,Nodes,Correct
easy_001,Easy,Serial,1,1,0.002943667,5573,1
easy_001,Easy,Serial,1,2,0.002846542,5573,1
easy_001,Easy,Serial,1,3,0.002917583,5573,1
easy_001,Easy,Serial,1,4,0.002944042,5573,1
easy_001,Easy,Serial,1,5,0.002864250,5573,1
easy_001,Easy,Serial-MRV,1,1,0.000670333,51,1
easy_001,Easy,Serial-MRV,1,2,0.000680250,51,1
easy_001,Easy,Serial-MRV,1,3,0.000678250,51,1
easy_001,Easy,Serial-MRV,1,4,0.000669666,51,1
easy_001,Easy,Serial-MRV,1,5,0.000662792,51,1
easy_001,Easy,BranchBound,1,1,0.002306459,5573,1
easy_001,Easy,BranchBound,1,2,0.002295000,5573,1
easy_001,Easy,BranchBound,1,3,0.002241834,5573,1
easy_001,Easy,BranchBound,1,4,0.002268458,5573,1
easy_001,Easy,BranchBound,1,5,0.002271000,5573,1
easy_001,Easy,BranchBoundMRV,1,1,0.001007250,51,1
easy_001,Easy,BranchBoundMRV,1,2,0.001011125,51,1
easy_001,Easy,BranchBoundMRV,1,3,0.001035208,51,1
easy_001,Easy,BranchBoundMRV,1,4,0.001000750,51,1
easy_001,Easy,BranchBoundMRV,1,5,0.001003791,51,1
easy_001,Easy,OpenMP,4,1,0.000849009,51,1
easy_001,Easy,OpenMP,4,2,0.000725985,51,1
easy_001,Easy,OpenMP,4,3,0.000722885,51,1
easy_001,Easy,OpenMP,4,4,0.000717878,51,1
easy_001,Easy,OpenMP,4,5,0.000708818,51,1
easy_001,Easy,OpenMP,8,1,0.000797033,51,1
easy_001,Easy,OpenMP,8,2,0.000729084,51,1
easy_001,Easy,OpenMP,8,3,0.000823021,51,1
easy_001,Easy,OpenMP,8,4,0.000746012,51,1
easy_001,Easy,OpenMP,8,5,0.001496077,51,1
easy_001,Easy,OpenMP,16,1,0.015823841,51,1
easy_001,Easy,OpenMP,16,2,0.026926994,51,1
easy_001,Easy,OpenMP,16,3,0.022294998,51,1
easy_001,Easy,OpenMP,16,4,0.040360928,51,1
easy_001,Easy,OpenMP,16,5,0.031829834,51,1
easy_001,Easy,OMP-BranchBoundMRV,4,1,0.001090050,51,1
easy_001,Easy,OMP-BranchBoundMRV,4,2,0.001089096,51,1
easy_001,Easy,OMP-BranchBoundMRV,4,3,0.001078129,51,1
easy_001,Easy,OMP-BranchBoundMRV,4,4,0.001080990,51,1
easy_001,Easy,OMP-BranchBoundMRV,4,5,0.001075983,51,1
easy_001,Easy,OMP-BranchBoundMRV,8,1,0.001303196,51,1
easy_001,Easy,OMP-BranchBoundMRV,8,2,0.001389980,51,1
easy_001,Easy,OMP-BranchBoundMRV,8,3,0.001102924,51,1
easy_001,Easy,OMP-BranchBoundMRV,8,4,0.001106977,51,1
easy_001,Easy,OMP-BranchBoundMRV,8,5,0.001116991,51,1
easy_001,Easy,OMP-BranchBoundMRV,16,1,0.028065920,51,1
easy_001,Easy,OMP-BranchBoundMRV,16,2,0.026247978,51,1
easy_001,Easy,OMP-BranchBoundMRV,16,3,0.023180008,51,1
easy_001,Easy,OMP-BranchBoundMRV,16,4,0.010938168,51,1
easy_001,Easy,OMP-BranchBoundMRV,16,5,0.009237051,51,1
easy_002,Easy,Serial,1,1,0.001631709,3442,1
easy_002,Easy,Serial,1,2,0.001651042,3442,1
easy_002,Easy,Serial,1,3,0.001634500,3442,1
easy_002,Easy,Serial,1,4,0.001708209,3442,1
easy_002,Easy,Serial,1,5,0.001632750,3442,1
easy_002,Easy,Serial-MRV,1,1,0.000723625,53,1
easy_002,Easy,Serial-MRV,1,2,0.000727917,53,1
easy_002,Easy,Serial-MRV,1,3,0.000815334,53,1
easy_002,Easy,Serial-MRV,1,4,0.000709042,53,1
easy_002,Easy,Serial-MRV,1,5,0.000743500,53,1
easy_002,Easy,BranchBound,1,1,0.001491000,3442,1
easy_002,Easy,BranchBound,1,2,0.001453250,3442,1
easy_002,Easy,BranchBound,1,3,0.001363916,3442,1
easy_002,Easy,BranchBound,1,4,0.001353500,3442,1
easy_002,Easy,BranchBound,1,5,0.001352291,3442,1
easy_002,Easy,BranchBoundMRV,1,1,0.000959708,53,1
easy_002,Easy,BranchBoundMRV,1,2,0.000944375,53,1
easy_002,Easy,BranchBoundMRV,1,3,0.000996000,53,1
easy_002,Easy,BranchBoundMRV,1,4,0.000994208,53,1
easy_002,Easy,BranchBoundMRV,1,5,0.000975333,53,1
easy_002,Easy,OpenMP,4,1,0.000787973,53,1
easy_002,Easy,OpenMP,4,2,0.000765085,53,1
easy_002,Easy,OpenMP,4,3,0.000764847,53,1
easy_002,Easy,OpenMP,4,4,0.000760794,53,1
easy_002,Easy,OpenMP,4,5,0.000760078,53,1
easy_002,Easy,OpenMP,8,1,0.001162052,53,1
easy_002,Easy,OpenMP,8,2,0.001767874,53,1
easy_002,Easy,OpenMP,8,3,0.000958920,53,1
easy_002,Easy,OpenMP,8,4,0.000769138,53,1
easy_002,Easy,OpenMP,8,5,0.001723051,53,1
easy_002,Easy,OpenMP,16,1,0.019901991,53,1
easy_002,Easy,OpenMP,16,2,0.030112028,53,1
easy_002,Easy,OpenMP,16,3,0.010869980,53,1
easy_002,Easy,OpenMP,16,4,0.010207176,53,1
easy_002,Easy,OpenMP,16,5,0.017549992,53,1
easy_002,Easy,OMP-BranchBoundMRV,4,1,0.001096964,53,1
easy_002,Easy,OMP-BranchBoundMRV,4,2,0.001023054,53,1
easy_002,Easy,OMP-BranchBoundMRV,4,3,0.001024008,53,1
easy_002,Easy,OMP-BranchBoundMRV,4,4,0.001009941,53,1
easy_002,Easy,OMP-BranchBoundMRV,4,5,0.001011848,53,1
easy_002,Easy,OMP-BranchBoundMRV,8,1,0.001021147,53,1
easy_002,Easy,OMP-BranchBoundMRV,8,2,0.001095057,53,1
easy_002,Easy,OMP-BranchBoundMRV,8,3,0.001024961,53,1
easy_002,Easy,OMP-BranchBoundMRV,8,4,0.001029015,53,1
easy_002,Easy,OMP-BranchBoundMRV,8,5,0.001009941,53,1
easy_002,Easy,OMP-BranchBoundMRV,16,1,0.037256002,53,1
easy_002,Easy,OMP-BranchBoundMRV,16,2,0.030392885,53,1
easy_002,Easy,OMP-BranchBoundMRV,16,3,0.029206991,53,1
easy_002,Easy,OMP-BranchBoundMRV,16,4,0.007994175,53,1
easy_002,Easy,OMP-BranchBoundMRV,16,5,0.011036158,53,1
easy_003,Easy,Serial,1,1,0.014457750,28736,1
easy_003,Easy,Serial,1,2,0.014344875,28736,1
easy_003,Easy,Serial,1,3,0.014352917,28736,1
easy_003,Easy,Serial,1,4,0.014399042,28736,1
easy_003,Easy,Serial,1,5,0.013616500,28736,1
easy_003,Easy,Serial-MRV,1,1,0.001097459,70,1
easy_003,Easy,Serial-MRV,1,2,0.001103125,70,1
easy_003,Easy,Serial-MRV,1,3,0.001085375,70,1
easy_003,Easy,Serial-MRV,1,4,0.001067041,70,1
easy_003,Easy,Serial-MRV,1,5,0.001059083,70,1
easy_003,Easy,BranchBound,1,1,0.012179375,28736,1
easy_003,Easy,BranchBound,1,2,0.012093583,28736,1
easy_003,Easy,BranchBound,1,3,0.012227084,28736,1
easy_003,Easy,BranchBound,1,4,0.012140375,28736,1
easy_003,Easy,BranchBound,1,5,0.012161834,28736,1
easy_003,Easy,BranchBoundMRV,1,1,0.001548084,70,1
easy_003,Easy,BranchBoundMRV,1,2,0.001684125,70,1
easy_003,Easy,BranchBoundMRV,1,3,0.001522667,70,1
easy_003,Easy,BranchBoundMRV,1,4,0.001519875,70,1
easy_003,Easy,BranchBoundMRV,1,5,0.001515167,70,1
easy_003,Easy,OpenMP,4,1,0.001248837,196,1
easy_003,Easy,OpenMP,4,2,0.001212835,196,1
easy_003,Easy,OpenMP,4,3,0.001206875,196,1
easy_003,Easy,OpenMP,4,4,0.001205921,196,1
easy_003,Easy,OpenMP,4,5,0.001206160,196,1
easy_003,Easy,OpenMP,8,1,0.001207829,195,1
easy_003,Easy,OpenMP,8,2,0.001157045,169,1
easy_003,Easy,OpenMP,8,3,0.001213074,174,1
easy_003,Easy,OpenMP,8,4,0.002632141,192,1
easy_003,Easy,OpenMP,8,5,0.001173019,158,1
easy_003,Easy,OpenMP,16,1,0.015990019,281,1
easy_003,Easy,OpenMP,16,2,0.038116932,348,1
easy_003,Easy,OpenMP,16,3,0.016912937,287,1
easy_003,Easy,OpenMP,16,4,0.032034159,158,1
easy_003,Easy,OpenMP,16,5,0.003713131,176,1
easy_003,Easy,OMP-BranchBoundMRV,4,1,0.002582073,218,1
easy_003,Easy,OMP-BranchBoundMRV,4,2,0.002494097,213,1
easy_003,Easy,OMP-BranchBoundMRV,4,3,0.002717972,237,1
easy_003,Easy,OMP-BranchBoundMRV,4,4,0.001765013,177,1
easy_003,Easy,OMP-BranchBoundMRV,4,5,0.002286911,132,1
easy_003,Easy,OMP-BranchBoundMRV,8,1,0.013406992,223,1
easy_003,Easy,OMP-BranchBoundMRV,8,2,0.006954908,209,1
easy_003,Easy,OMP-BranchBoundMRV,8,3,0.010447979,143,1
easy_003,Easy,OMP-BranchBoundMRV,8,4,0.010656834,135,1
easy_003,Easy,OMP-BranchBoundMRV,8,5,0.010112047,130,1
easy_003,Easy,OMP-BranchBoundMRV,16,1,0.023458004,348,1
easy_003,Easy,OMP-BranchBoundMRV,16,2,0.092259884,348,1
easy_003,Easy,OMP-BranchBoundMRV,16,3,0.040254116,315,1
easy_003,Easy,OMP-BranchBoundMRV,16,4,0.019754887,348,1
easy_003,Easy,OMP-BranchBoundMRV,16,5,0.009041071,348,1
easy_004,Easy,Serial,1,1,0.001385750,2500,1
easy_004,Easy,Serial,1,2,0.001307708,2500,1
easy_004,Easy,Serial,1,3,0.001357667,2500,1
easy_004,Easy,Serial,1,4,0.001322083,2500,1
easy_004,Easy,Serial,1,5,0.001270000,2500,1
easy_004,Easy,Serial-MRV,1,1,0.000809417,53,1
easy_004,Easy,Serial-MRV,1,2,0.000744875,53,1
easy_004,Easy,Serial-MRV,1,3,0.000804375,53,1
easy_004,Easy,Serial-MRV,1,4,0.000751583,53,1
easy_004,Easy,Serial-MRV,1,5,0.000766750,53,1
easy_004,Easy,BranchBound,1,1,0.001145791,2500,1
easy_004,Easy,BranchBound,1,2,0.001132625,2500,1
easy_004,Easy,BranchBound,1,3,0.001100792,2500,1
easy_004,Easy,BranchBound,1,4,0.001138500,2500,1
easy_004,Easy,BranchBound,1,5,0.001089750,2500,1
easy_004,Easy,BranchBoundMRV,1,1,0.001142250,53,1
easy_004,Easy,BranchBoundMRV,1,2,0.001092375,53,1
easy_004,Easy,BranchBoundMRV,1,3,0.001120417,53,1
easy_004,Easy,BranchBoundMRV,1,4,0.001120208,53,1
easy_004,Easy,BranchBoundMRV,1,5,0.001060750,53,1
easy_004,Easy,OpenMP,4,1,0.000808001,53,1
easy_004,Easy,OpenMP,4,2,0.000788927,53,1
easy_004,Easy,OpenMP,4,3,0.000885963,53,1
easy_004,Easy,OpenMP,4,4,0.000824213,53,1
easy_004,Easy,OpenMP,4,5,0.000800133,53,1
easy_004,Easy,OpenMP,8,1,0.017853022,53,1
easy_004,Easy,OpenMP,8,2,0.001765013,53,1
easy_004,Easy,OpenMP,8,3,0.001434088,53,1
easy_004,Easy,OpenMP,8,4,0.001184940,53,1
easy_004,Easy,OpenMP,8,5,0.000859976,53,1
easy_004,Easy,OpenMP,16,1,0.012121201,53,1
easy_004,Easy,OpenMP,16,2,0.010386944,53,1
easy_004,Easy,OpenMP,16,3,0.050451040,53,1
easy_004,Easy,OpenMP,16,4,0.027100086,53,1
easy_004,Easy,OpenMP,16,5,0.028159142,53,1
easy_004,Easy,OMP-BranchBoundMRV,4,1,0.001155853,53,1
easy_004,Easy,OMP-BranchBoundMRV,4,2,0.001130819,53,1
easy_004,Easy,OMP-BranchBoundMRV,4,3,0.001122952,53,1
easy_004,Easy,OMP-BranchBoundMRV,4,4,0.001116991,53,1
easy_004,Easy,OMP-BranchBoundMRV,4,5,0.001145840,53,1
easy_004,Easy,OMP-BranchBoundMRV,8,1,0.001135111,53,1
easy_004,Easy,OMP-BranchBoundMRV,8,2,0.001120090,53,1
easy_004,Easy,OMP-BranchBoundMRV,8,3,0.001111984,53,1
easy_004,Easy,OMP-BranchBoundMRV,8,4,0.001118898,53,1
easy_004,Easy,OMP-BranchBoundMRV,8,5,0.001115799,53,1
easy_004,Easy,OMP-BranchBoundMRV,16,1,0.014029980,53,1
easy_004,Easy,OMP-BranchBoundMRV,16,2,0.026293039,53,1
easy_004,Easy,OMP-BranchBoundMRV,16,3,0.035198927,53,1
easy_004,Easy,OMP-BranchBoundMRV,16,4,0.032387972,53,1
easy_004,Easy,OMP-BranchBoundMRV,16,5,0.010102987,53,1
easy_005,Easy,Serial,1,1,0.000266292,554,1
easy_005,Easy,Serial,1,2,0.000257750,554,1
easy_005,Easy,Serial,1,3,0.000255625,554,1
easy_005,Easy,Serial,1,4,0.000255083,554,1
easy_005,Easy,Serial,1,5,0.000359792,554,1
easy_005,Easy,Serial-MRV,1,1,0.001058750,71,1
easy_005,Easy,Serial-MRV,1,2,0.000989583,71,1
easy_005,Easy,Serial-MRV,1,3,0.001069875,71,1
easy_005,Easy,Serial-MRV,1,4,0.000975416,71,1
easy_005,Easy,Serial-MRV,1,5,0.000964583,71,1
easy_005,Easy,BranchBound,1,1,0.000243292,554,1
easy_005,Easy,BranchBound,1,2,0.000237750,554,1
easy_005,Easy,BranchBound,1,3,0.000237416,554,1
easy_005,Easy,BranchBound,1,4,0.000237292,554,1
easy_005,Easy,BranchBound,1,5,0.000237959,554,1
easy_005,Easy,BranchBoundMRV,1,1,0.001171875,71,1
easy_005,Easy,BranchBoundMRV,1,2,0.001191541,71,1
easy_005,Easy,BranchBoundMRV,1,3,0.001178250,71,1
easy_005,Easy,BranchBoundMRV,1,4,0.001203792,71,1
easy_005,Easy,BranchBoundMRV,1,5,0.001199334,71,1
easy_005,Easy,OpenMP,4,1,0.001049042,71,1
easy_005,Easy,OpenMP,4,2,0.001030922,71,1
easy_005,Easy,OpenMP,4,3,0.001033068,71,1
easy_005,Easy,OpenMP,4,4,0.001034975,71,1
easy_005,Easy,OpenMP,4,5,0.001419067,71,1
easy_005,Easy,OpenMP,8,1,0.001061916,71,1
easy_005,Easy,OpenMP,8,2,0.002060890,71,1
easy_005,Easy,OpenMP,8,3,0.004637003,71,1
easy_005,Easy,OpenMP,8,4,0.001037121,71,1
easy_005,Easy,OpenMP,8,5,0.002396107,71,1
easy_005,Easy,OpenMP,16,1,0.020672083,71,1
easy_005,Easy,OpenMP,16,2,0.030555964,71,1
easy_005,Easy,OpenMP,16,3,0.018874884,71,1
easy_005,Easy,OpenMP,16,4,0.020573139,71,1
easy_005,Easy,OpenMP,16,5,0.071191072,71,1
easy_005,Easy,OMP-BranchBoundMRV,4,1,0.001269102,71,1
easy_005,Easy,OMP-BranchBoundMRV,4,2,0.001265049,71,1
easy_005,Easy,OMP-BranchBoundMRV,4,3,0.001253128,71,1
easy_005,Easy,OMP-BranchBoundMRV,4,4,0.001241922,71,1
easy_005,Easy,OMP-BranchBoundMRV,4,5,0.001250029,71,1
easy_005,Easy,OMP-BranchBoundMRV,8,1,0.001267195,71,1
easy_005,Easy,OMP-BranchBoundMRV,8,2,0.001307011,71,1
easy_005,Easy,OMP-BranchBoundMRV,8,3,0.001263142,71,1
easy_005,Easy,OMP-BranchBoundMRV,8,4,0.001238108,71,1
easy_005,Easy,OMP-BranchBoundMRV,8,5,0.001848936,71,1
easy_005,Easy,OMP-BranchBoundMRV,16,1,0.024265051,71,1
easy_005,Easy,OMP-BranchBoundMRV,16,2,0.021304131,71,1
easy_005,Easy,OMP-BranchBoundMRV,16,3,0.018144846,71,1
easy_005,Easy,OMP-BranchBoundMRV,16,4,0.017104864,71,1
easy_005,Easy,OMP-BranchBoundMRV,16,5,0.063741922,71,1
easy_006,Easy,Serial,1,1,0.000894209,1806,1
easy_006,Easy,Serial,1,2,0.000877708,1806,1
easy_006,Easy,Serial,1,3,0.000867208,1806,1
easy_006,Easy,Serial,1,4,0.000867542,1806,1
easy_006,Easy,Serial,1,5,0.000866667,1806,1
easy_006,Easy,Serial-MRV,1,1,0.001074792,77,1
easy_006,Easy,Serial-MRV,1,2,0.001052083,77,1
easy_006,Easy,Serial-MRV,1,3,0.001050542,77,1
easy_006,Easy,Serial-MRV,1,4,0.001048625,77,1
easy_006,Easy,Serial-MRV,1,5,0.001060917,77,1
easy_006,Easy,BranchBound,1,1,0.000792667,1806,1
easy_006,Easy,BranchBound,1,2,0.000739375,1806,1
easy_006,Easy,BranchBound,1,3,0.000738834,1806,1
easy_006,Easy,BranchBound,1,4,0.000738750,1806,1
easy_006,Easy,BranchBound,1,5,0.000738583,1806,1
easy_006,Easy,BranchBoundMRV,1,1,0.001437750,77,1
easy_006,Easy,BranchBoundMRV,1,2,0.001414916,77,1
easy_006,Easy,BranchBoundMRV,1,3,0.001410875,77,1
easy_006,Easy,BranchBoundMRV,1,4,0.001418666,77,1
easy_006,Easy,BranchBoundMRV,1,5,0.001423125,77,1
easy_006,Easy,OpenMP,4,1,0.001148939,77,1
easy_006,Easy,OpenMP,4,2,0.001132965,77,1
easy_006,Easy,OpenMP,4,3,0.001137972,77,1
easy_006,Easy,OpenMP,4,4,0.001132965,77,1
easy_006,Easy,OpenMP,4,5,0.001134872,77,1
easy_006,Easy,OpenMP,8,1,0.001146078,77,1
easy_006,Easy,OpenMP,8,2,0.003450155,77,1
easy_006,Easy,OpenMP,8,3,0.010145903,77,1
easy_006,Easy,OpenMP,8,4,0.010547161,77,1
easy_006,Easy,OpenMP,8,5,0.010416985,77,1
easy_006,Easy,OpenMP,16,1,0.044463158,77,1
easy_006,Easy,OpenMP,16,2,0.027959108,77,1
easy_006,Easy,OpenMP,16,3,0.026517868,77,1
easy_006,Easy,OpenMP,16,4,0.028294086,77,1
easy_006,Easy,OpenMP,16,5,0.030939102,77,1
easy_006,Easy,OMP-BranchBoundMRV,4,1,0.001513958,77,1
easy_006,Easy,OMP-BranchBoundMRV,4,2,0.001505136,77,1
easy_006,Easy,OMP-BranchBoundMRV,4,3,0.001508951,77,1
easy_006,Easy,OMP-BranchBoundMRV,4,4,0.001502991,77,1
easy_006,Easy,OMP-BranchBoundMRV,4,5,0.001500130,77,1
easy_006,Easy,OMP-BranchBoundMRV,8,1,0.001517057,77,1
easy_006,Easy,OMP-BranchBoundMRV,8,2,0.003472090,77,1
easy_006,Easy,OMP-BranchBoundMRV,8,3,0.003690958,77,1
easy_006,Easy,OMP-BranchBoundMRV,8,4,0.001523972,77,1
easy_006,Easy,OMP-BranchBoundMRV,8,5,0.003618956,77,1
easy_006,Easy,OMP-BranchBoundMRV,16,1,0.032953978,77,1
easy_006,Easy,OMP-BranchBoundMRV,16,2,0.026157141,77,1
easy_006,Easy,OMP-BranchBoundMRV,16,3,0.034007072,77,1
easy_006,Easy,OMP-BranchBoundMRV,16,4,0.023347855,77,1
easy_006,Easy,OMP-BranchBoundMRV,16,5,0.043960094,77,1
easy_007,Easy,Serial,1,1,0.002706583,5553,1
easy_007,Easy,Serial,1,2,0.002710459,5553,1
easy_007,Easy,Serial,1,3,0.002648875,5553,1
easy_007,Easy,Serial,1,4,0.002680500,5553,1
easy_007,Easy,Serial,1,5,0.002702208,5553,1
easy_007,Easy,Serial-MRV,1,1,0.000664834,51,1
easy_007,Easy,Serial-MRV,1,2,0.000666583,51,1
easy_007,Easy,Serial-MRV,1,3,0.000770958,51,1
easy_007,Easy,Serial-MRV,1,4,0.000755792,51,1
easy_007,Easy,Serial-MRV,1,5,0.000657458,51,1
easy_007,Easy,BranchBound,1,1,0.002649500,5553,1
easy_007,Easy,BranchBound,1,2,0.002567042,5553,1
easy_007,Easy,BranchBound,1,3,0.002542292,5553,1
easy_007,Easy,BranchBound,1,4,0.002524792,5553,1
easy_007,Easy,BranchBound,1,5,0.002558000,5553,1
easy_007,Easy,BranchBoundMRV,1,1,0.000908375,51,1
easy_007,Easy,BranchBoundMRV,1,2,0.000901750,51,1
easy_007,Easy,BranchBoundMRV,1,3,0.001100042,51,1
easy_007,Easy,BranchBoundMRV,1,4,0.000922208,51,1
easy_007,Easy,BranchBoundMRV,1,5,0.001007041,51,1
easy_007,Easy,OpenMP,4,1,0.000741005,51,1
easy_007,Easy,OpenMP,4,2,0.000719070,51,1
easy_007,Easy,OpenMP,4,3,0.000720978,51,1
easy_007,Easy,OpenMP,4,4,0.000715971,51,1
easy_007,Easy,OpenMP,4,5,0.000715017,51,1
easy_007,Easy,OpenMP,8,1,0.003561020,51,1
easy_007,Easy,OpenMP,8,2,0.000730991,51,1
easy_007,Easy,OpenMP,8,3,0.000717163,51,1
easy_007,Easy,OpenMP,8,4,0.000720024,51,1
easy_007,Easy,OpenMP,8,5,0.000713110,51,1
easy_007,Easy,OpenMP,16,1,0.071650982,51,1
easy_007,Easy,OpenMP,16,2,0.023128033,51,1
easy_007,Easy,OpenMP,16,3,0.041811943,51,1
easy_007,Easy,OpenMP,16,4,0.028569937,51,1
easy_007,Easy,OpenMP,16,5,0.026619911,51,1
easy_007,Easy,OMP-BranchBoundMRV,4,1,0.000977039,51,1
easy_007,Easy,OMP-BranchBoundMRV,4,2,0.000974894,51,1
easy_007,Easy,OMP-BranchBoundMRV,4,3,0.000973940,51,1
easy_007,Easy,OMP-BranchBoundMRV,4,4,0.000988007,51,1
easy_007,Easy,OMP-BranchBoundMRV,4,5,0.000968933,51,1
easy_007,Easy,OMP-BranchBoundMRV,8,1,0.003762960,51,1
easy_007,Easy,OMP-BranchBoundMRV,8,2,0.000977993,51,1
easy_007,Easy,OMP-BranchBoundMRV,8,3,0.001268864,51,1
easy_007,Easy,OMP-BranchBoundMRV,8,4,0.007705927,51,1
easy_007,Easy,OMP-BranchBoundMRV,8,5,0.001776934,51,1
easy_007,Easy,OMP-BranchBoundMRV,16,1,0.024379015,51,1
easy_007,Easy,OMP-BranchBoundMRV,16,2,0.060034990,51,1
easy_007,Easy,OMP-BranchBoundMRV,16,3,0.018523932,51,1
easy_007,Easy,OMP-BranchBoundMRV,16,4,0.043589830,51,1
easy_007,Easy,OMP-BranchBoundMRV,16,5,0.011255026,51,1
easy_008,Easy,Serial,1,1,0.000157625,70,1
easy_008,Easy,Serial,1,2,0.000028792,70,1
easy_008,Easy,Serial,1,3,0.000028292,70,1
easy_008,Easy,Serial,1,4,0.000028208,70,1
easy_008,Easy,Serial,1,5,0.000027500,70,1
easy_008,Easy,Serial-MRV,1,1,0.000618625,47,1
easy_008,Easy,Serial-MRV,1,2,0.000535041,47,1
easy_008,Easy,Serial-MRV,1,3,0.000518542,47,1
easy_008,Easy,Serial-MRV,1,4,0.000512542,47,1
easy_008,Easy,Serial-MRV,1,5,0.000512500,47,1
easy_008,Easy,BranchBound,1,1,0.000028083,70,1
easy_008,Easy,BranchBound,1,2,0.000025167,70,1
easy_008,Easy,BranchBound,1,3,0.000025417,70,1
easy_008,Easy,BranchBound,1,4,0.000023917,70,1
easy_008,Easy,BranchBound,1,5,0.000023917,70,1
easy_008,Easy,BranchBoundMRV,1,1,0.000715084,47,1
easy_008,Easy,BranchBoundMRV,1,2,0.000708625,47,1
easy_008,Easy,BranchBoundMRV,1,3,0.000707875,47,1
easy_008,Easy,BranchBoundMRV,1,4,0.000707542,47,1
easy_008,Easy,BranchBoundMRV,1,5,0.000722875,47,1
easy_008,Easy,OpenMP,4,1,0.000579119,47,1
easy_008,Easy,OpenMP,4,2,0.000563860,47,1
easy_008,Easy,OpenMP,4,3,0.000563145,47,1
easy_008,Easy,OpenMP,4,4,0.000566006,47,1
easy_008,Easy,OpenMP,4,5,0.000556946,47,1
easy_008,Easy,OpenMP,8,1,0.000604868,47,1
easy_008,Easy,OpenMP,8,2,0.001150846,47,1
easy_008,Easy,OpenMP,8,3,0.000566006,47,1
easy_008,Easy,OpenMP,8,4,0.000576019,47,1
easy_008,Easy,OpenMP,8,5,0.000573874,47,1
easy_008,Easy,OpenMP,16,1,0.012104988,47,1
easy_008,Easy,OpenMP,16,2,0.010028124,47,1
easy_008,Easy,OpenMP,16,3,0.017960072,47,1
easy_008,Easy,OpenMP,16,4,0.026067019,47,1
easy_008,Easy,OpenMP,16,5,0.033042192,47,1
easy_008,Easy,OMP-BranchBoundMRV,4,1,0.000792027,47,1
easy_008,Easy,OMP-BranchBoundMRV,4,2,0.000771999,47,1
easy_008,Easy,OMP-BranchBoundMRV,4,3,0.000769138,47,1
easy_008,Easy,OMP-BranchBoundMRV,4,4,0.000769138,47,1
easy_008,Easy,OMP-BranchBoundMRV,4,5,0.000761986,47,1
easy_008,Easy,OMP-BranchBoundMRV,8,1,0.005109072,47,1
easy_008,Easy,OMP-BranchBoundMRV,8,2,0.000766039,47,1
easy_008,Easy,OMP-BranchBoundMRV,8,3,0.000766039,47,1
easy_008,Easy,OMP-BranchBoundMRV,8,4,0.000977993,47,1
easy_008,Easy,OMP-BranchBoundMRV,8,5,0.000766039,47,1
easy_008,Easy,OMP-BranchBoundMRV,16,1,0.021336079,47,1
easy_008,Easy,OMP-BranchBoundMRV,16,2,0.016643047,47,1
easy_008,Easy,OMP-BranchBoundMRV,16,3,0.033170938,47,1
easy_008,Easy,OMP-BranchBoundMRV,16,4,0.050062180,47,1
easy_008,Easy,OMP-BranchBoundMRV,16,5,0.044749022,47,1
easy_009,Easy,Serial,1,1,0.000131334,221,1
easy_009,Easy,Serial,1,2,0.000095542,221,1
easy_009,Easy,Serial,1,3,0.000095166,221,1
easy_009,Easy,Serial,1,4,0.000109417,221,1
easy_009,Easy,Serial,1,5,0.000095167,221,1
easy_009,Easy,Serial-MRV,1,1,0.000530000,50,1
easy_009,Easy,Serial-MRV,1,2,0.000525333,50,1
easy_009,Easy,Serial-MRV,1,3,0.000524000,50,1
easy_009,Easy,Serial-MRV,1,4,0.000524417,50,1
easy_009,Easy,Serial-MRV,1,5,0.000523875,50,1
easy_009,Easy,BranchBound,1,1,0.000088209,221,1
easy_009,Easy,BranchBound,1,2,0.000083542,221,1
easy_009,Easy,BranchBound,1,3,0.000083125,221,1
easy_009,Easy,BranchBound,1,4,0.000082875,221,1
easy_009,Easy,BranchBound,1,5,0.000082792,221,1
easy_009,Easy,BranchBoundMRV,1,1,0.000610250,50,1
easy_009,Easy,BranchBoundMRV,1,2,0.000604459,50,1
easy_009,Easy,BranchBoundMRV,1,3,0.000645875,50,1
easy_009,Easy,BranchBoundMRV,1,4,0.000618000,50,1
easy_009,Easy,BranchBoundMRV,1,5,0.000605167,50,1
easy_009,Easy,OpenMP,4,1,0.000589848,50,1
easy_009,Easy,OpenMP,4,2,0.000568867,50,1
easy_009,Easy,OpenMP,4,3,0.000571012,50,1
easy_009,Easy,OpenMP,4,4,0.000571012,50,1
easy_009,Easy,OpenMP,4,5,0.000576973,50,1
easy_009,Easy,OpenMP,8,1,0.004715919,50,1
easy_009,Easy,OpenMP,8,2,0.000599146,50,1
easy_009,Easy,OpenMP,8,3,0.000567198,50,1
easy_009,Easy,OpenMP,8,4,0.003913879,50,1
easy_009,Easy,OpenMP,8,5,0.002055168,50,1
easy_009,Easy,OpenMP,16,1,0.036011219,50,1
easy_009,Easy,OpenMP,16,2,0.031481981,50,1
easy_009,Easy,OpenMP,16,3,0.012511969,50,1
easy_009,Easy,OpenMP,16,4,0.020543098,50,1
easy_009,Easy,OpenMP,16,5,0.020290136,50,1
easy_009,Easy,OMP-BranchBoundMRV,4,1,0.000691891,50,1
easy_009,Easy,OMP-BranchBoundMRV,4,2,0.000658989,50,1
easy_009,Easy,OMP-BranchBoundMRV,4,3,0.000653982,50,1
easy_009,Easy,OMP-BranchBoundMRV,4,4,0.000656128,50,1
easy_009,Easy,OMP-BranchBoundMRV,4,5,0.000653028,50,1
easy_009,Easy,OMP-BranchBoundMRV,8,1,0.000675201,50,1
easy_009,Easy,OMP-BranchBoundMRV,8,2,0.008548021,50,1
easy_009,Easy,OMP-BranchBoundMRV,8,3,0.000682831,50,1
easy_009,Easy,OMP-BranchBoundMRV,8,4,0.002090931,50,1
easy_009,Easy,OMP-BranchBoundMRV,8,5,0.001487017,50,1
easy_009,Easy,OMP-BranchBoundMRV,16,1,0.024034023,50,1
easy_009,Easy,OMP-BranchBoundMRV,16,2,0.019210815,50,1
easy_009,Easy,OMP-BranchBoundMRV,16,3,0.027166843,50,1
easy_009,Easy,OMP-BranchBoundMRV,16,4,0.029403925,50,1
easy_009,Easy,OMP-BranchBoundMRV,16,5,0.044534922,50,1
easy_010,Easy,Serial,1,1,0.000087042,78,1
easy_010,Easy,Serial,1,2,0.000059833,78,1
easy_010,Easy,Serial,1,3,0.000032834,78,1
easy_010,Easy,Serial,1,4,0.000032042,78,1
easy_010,Easy,Serial,1,5,0.000031875,78,1
easy_010,Easy,Serial-MRV,1,1,0.000476583,44,1
easy_010,Easy,Serial-MRV,1,2,0.000470500,44,1
easy_010,Easy,Serial-MRV,1,3,0.000486291,44,1
easy_010,Easy,Serial-MRV,1,4,0.000470750,44,1
easy_010,Easy,Serial-MRV,1,5,0.000469292,44,1
easy_010,Easy,BranchBound,1,1,0.000033542,78,1
easy_010,Easy,BranchBound,1,2,0.000029375,78,1
easy_010,Easy,BranchBound,1,3,0.000029000,78,1
easy_010,Easy,BranchBound,1,4,0.000028958,78,1
easy_010,Easy,BranchBound,1,5,0.000028667,78,1
easy_010,Easy,BranchBoundMRV,1,1,0.000523667,44,1
easy_010,Easy,BranchBoundMRV,1,2,0.000519125,44,1
easy_010,Easy,BranchBoundMRV,1,3,0.000555000,44,1
easy_010,Easy,BranchBoundMRV,1,4,0.000517917,44,1
easy_010,Easy,BranchBoundMRV,1,5,0.000530166,44,1
easy_010,Easy,OpenMP,4,1,0.000718117,44,1
easy_010,Easy,OpenMP,4,2,0.000519037,44,1
easy_010,Easy,OpenMP,4,3,0.000514984,44,1
easy_010,Easy,OpenMP,4,4,0.000513077,44,1
easy_010,Easy,OpenMP,4,5,0.000512123,44,1
easy_010,Easy,OpenMP,8,1,0.000541925,44,1
easy_010,Easy,OpenMP,8,2,0.000514984,44,1
easy_010,Easy,OpenMP,8,3,0.000518084,44,1
easy_010,Easy,OpenMP,8,4,0.001543045,44,1
easy_010,Easy,OpenMP,8,5,0.001515150,44,1
easy_010,Easy,OpenMP,16,1,0.037720919,44,1
easy_010,Easy,OpenMP,16,2,0.017870188,44,1
easy_010,Easy,OpenMP,16,3,0.023869991,44,1
easy_010,Easy,OpenMP,16,4,0.028939009,44,1
easy_010,Easy,OpenMP,16,5,0.030215025,44,1
easy_010,Easy,OMP-BranchBoundMRV,4,1,0.000565052,44,1
easy_010,Easy,OMP-BranchBoundMRV,4,2,0.000560045,44,1
easy_010,Easy,OMP-BranchBoundMRV,4,3,0.000567913,44,1
easy_010,Easy,OMP-BranchBoundMRV,4,4,0.000556946,44,1
easy_010,Easy,OMP-BranchBoundMRV,4,5,0.000557184,44,1
easy_010,Easy,OMP-BranchBoundMRV,8,1,0.007150888,44,1
easy_010,Easy,OMP-BranchBoundMRV,8,2,0.000577927,44,1
easy_010,Easy,OMP-BranchBoundMRV,8,3,0.000572920,44,1
easy_010,Easy,OMP-BranchBoundMRV,8,4,0.000573158,44,1
easy_010,Easy,OMP-BranchBoundMRV,8,5,0.000566959,44,1
easy_010,Easy,OMP-BranchBoundMRV,16,1,0.020462990,44,1
easy_010,Easy,OMP-BranchBoundMRV,16,2,0.028631926,44,1
easy_010,Easy,OMP-BranchBoundMRV,16,3,0.019576788,44,1
easy_010,Easy,OMP-BranchBoundMRV,16,4,0.026932955,44,1
easy_010,Easy,OMP-BranchBoundMRV,16,5,0.024549961,44,1
easy_011,Easy,Serial,1,1,0.000300833,595,1
easy_011,Easy,Serial,1,2,0.000251500,595,1
easy_011,Easy,Serial,1,3,0.000251208,595,1
easy_011,Easy,Serial,1,4,0.000250833,595,1
easy_011,Easy,Serial,1,5,0.000250750,595,1
easy_011,Easy,Serial-MRV,1,1,0.000806375,64,1
easy_011,Easy,Serial-MRV,1,2,0.000799667,64,1
easy_011,Easy,Serial-MRV,1,3,0.000789000,64,1
easy_011,Easy,Serial-MRV,1,4,0.000794708,64,1
easy_011,Easy,Serial-MRV,1,5,0.000951333,64,1
easy_011,Easy,BranchBound,1,1,0.000233750,595,1
easy_011,Easy,BranchBound,1,2,0.000227750,595,1
easy_011,Easy,BranchBound,1,3,0.000228209,595,1
easy_011,Easy,BranchBound,1,4,0.000227083,595,1
easy_011,Easy,BranchBound,1,5,0.000227958,595,1
easy_011,Easy,BranchBoundMRV,1,1,0.001027250,64,1
easy_011,Easy,BranchBoundMRV,1,2,0.001012416,64,1
easy_011,Easy,BranchBoundMRV,1,3,0.001006125,64,1
easy_011,Easy,BranchBoundMRV,1,4,0.001007500,64,1
easy_011,Easy,BranchBoundMRV,1,5,0.001005083,64,1
easy_011,Easy,OpenMP,4,1,0.000914097,64,1
easy_011,Easy,OpenMP,4,2,0.000859022,64,1
easy_011,Easy,OpenMP,4,3,0.000858068,64,1
easy_011,Easy,OpenMP,4,4,0.000857830,64,1
easy_011,Easy,OpenMP,4,5,0.000856876,64,1
easy_011,Easy,OpenMP,8,1,0.000861883,64,1
easy_011,Easy,OpenMP,8,2,0.000852108,64,1
easy_011,Easy,OpenMP,8,3,0.000869989,64,1
easy_011,Easy,OpenMP,8,4,0.000867844,64,1
easy_011,Easy,OpenMP,8,5,0.002432823,64,1
easy_011,Easy,OpenMP,16,1,0.022110939,64,1
easy_011,Easy,OpenMP,16,2,0.026870012,64,1
easy_011,Easy,OpenMP,16,3,0.035490036,64,1
easy_011,Easy,OpenMP,16,4,0.024939060,64,1
easy_011,Easy,OpenMP,16,5,0.035564899,64,1
easy_011,Easy,OMP-BranchBoundMRV,4,1,0.001089096,64,1
easy_011,Easy,OMP-BranchBoundMRV,4,2,0.001075029,64,1
easy_011,Easy,OMP-BranchBoundMRV,4,3,0.001080990,64,1
easy_011,Easy,OMP-BranchBoundMRV,4,4,0.001077890,64,1
easy_011,Easy,OMP-BranchBoundMRV,4,5,0.001076937,64,1
easy_011,Easy,OMP-BranchBoundMRV,8,1,0.001095057,64,1
easy_011,Easy,OMP-BranchBoundMRV,8,2,0.001128912,64,1
easy_011,Easy,OMP-BranchBoundMRV,8,3,0.001219034,64,1
easy_011,Easy,OMP-BranchBoundMRV,8,4,0.001091003,64,1
easy_011,Easy,OMP-BranchBoundMRV,8,5,0.001072884,64,1
easy_011,Easy,OMP-BranchBoundMRV,16,1,0.009763002,64,1
easy_011,Easy,OMP-BranchBoundMRV,16,2,0.023304939,64,1
easy_011,Easy,OMP-BranchBoundMRV,16,3,0.035236120,64,1
easy_011,Easy,OMP-BranchBoundMRV,16,4,0.031416178,64,1
easy_011,Easy,OMP-BranchBoundMRV,16,5,0.018513203,64,1
easy_012,Easy,Serial,1,1,0.001764042,3356,1
easy_012,Easy,Serial,1,2,0.001740125,3356,1
easy_012,Easy,Serial,1,3,0.001800417,3356,1
easy_012,Easy,Serial,1,4,0.001735166,3356,1
easy_012,Easy,Serial,1,5,0.001743208,3356,1
easy_012,Easy,Serial-MRV,1,1,0.000743750,53,1
easy_012,Easy,Serial-MRV,1,2,0.000737750,53,1
easy_012,Easy,Serial-MRV,1,3,0.000732333,53,1
easy_012,Easy,Serial-MRV,1,4,0.000738792,53,1
easy_012,Easy,Serial-MRV,1,5,0.000808292,53,1
easy_012,Easy,BranchBound,1,1,0.001359542,3356,1
easy_012,Easy,BranchBound,1,2,0.001355917,3356,1
easy_012,Easy,BranchBound,1,3,0.001464500,3356,1
easy_012,Easy,BranchBound,1,4,0.001355958,3356,1
easy_012,Easy,BranchBound,1,5,0.001355292,3356,1
easy_012,Easy,BranchBoundMRV,1,1,0.000959166,53,1
easy_012,Easy,BranchBoundMRV,1,2,0.000941500,53,1
easy_012,Easy,BranchBoundMRV,1,3,0.000975375,53,1
easy_012,Easy,BranchBoundMRV,1,4,0.000947083,53,1
easy_012,Easy,BranchBoundMRV,1,5,0.000934292,53,1
easy_012,Easy,OpenMP,4,1,0.000811100,53,1
easy_012,Easy,OpenMP,4,2,0.000794172,53,1
easy_012,Easy,OpenMP,4,3,0.000791073,53,1
easy_012,Easy,OpenMP,4,4,0.000789165,53,1
easy_012,Easy,OpenMP,4,5,0.000791073,53,1
easy_012,Easy,OpenMP,8,1,0.006470919,53,1
easy_012,Easy,OpenMP,8,2,0.000803947,53,1
easy_012,Easy,OpenMP,8,3,0.000782013,53,1
easy_012,Easy,OpenMP,8,4,0.001976013,53,1
easy_012,Easy,OpenMP,8,5,0.000790119,53,1
easy_012,Easy,OpenMP,16,1,0.049130917,53,1
easy_012,Easy,OpenMP,16,2,0.018981934,53,1
easy_012,Easy,OpenMP,16,3,0.040885925,53,1
easy_012,Easy,OpenMP,16,4,0.018615961,53,1
easy_012,Easy,OpenMP,16,5,0.020385981,53,1
easy_012,Easy,OMP-BranchBoundMRV,4,1,0.001147985,53,1
easy_012,Easy,OMP-BranchBoundMRV,4,2,0.001008987,53,1
easy_012,Easy,OMP-BranchBoundMRV,4,3,0.001010180,53,1
easy_012,Easy,OMP-BranchBoundMRV,4,4,0.001058102,53,1
easy_012,Easy,OMP-BranchBoundMRV,4,5,0.001000881,53,1
easy_012,Easy,OMP-BranchBoundMRV,8,1,0.001019001,53,1
easy_012,Easy,OMP-BranchBoundMRV,8,2,0.001008987,53,1
easy_012,Easy,OMP-BranchBoundMRV,8,3,0.002305984,53,1
easy_012,Easy,OMP-BranchBoundMRV,8,4,0.001009941,53,1
easy_012,Easy,OMP-BranchBoundMRV,8,5,0.001001835,53,1
easy_012,Easy,OMP-BranchBoundMRV,16,1,0.004606009,53,1
easy_012,Easy,OMP-BranchBoundMRV,16,2,0.037368059,53,1
easy_012,Easy,OMP-BranchBoundMRV,16,3,0.011869907,53,1
easy_012,Easy,OMP-BranchBoundMRV,16,4,0.037779093,53,1
easy_012,Easy,OMP-BranchBoundMRV,16,5,0.012701035,53,1
easy_013,Easy,Serial,1,1,0.009317834,22344,1
easy_013,Easy,Serial,1,2,0.009272208,22344,1
easy_013,Easy,Serial,1,3,0.009316083,22344,1
easy_013,Easy,Serial,1,4,0.009282333,22344,1
easy_013,Easy,Serial,1,5,0.009310833,22344,1
easy_013,Easy,Serial-MRV,1,1,0.000697417,52,1
easy_013,Easy,Serial-MRV,1,2,0.000713166,52,1
easy_013,Easy,Serial-MRV,1,3,0.000788667,52,1
easy_013,Easy,Serial-MRV,1,4,0.000702125,52,1
easy_013,Easy,Serial-MRV,1,5,0.000690917,52,1
easy_013,Easy,BranchBound,1,1,0.008575958,22344,1
easy_013,Easy,BranchBound,1,2,0.008606250,22344,1
easy_013,Easy,BranchBound,1,3,0.008718250,22344,1
easy_013,Easy,BranchBound,1,4,0.008617292,22344,1
easy_013,Easy,BranchBound,1,5,0.009129458,22344,1
easy_013,Easy,BranchBoundMRV,1,1,0.001123375,52,1
easy_013,Easy,BranchBoundMRV,1,2,0.001089334,52,1
easy_013,Easy,BranchBoundMRV,1,3,0.001088375,52,1
easy_013,Easy,BranchBoundMRV,1,4,0.001089917,52,1
easy_013,Easy,BranchBoundMRV,1,5,0.001088125,52,1
easy_013,Easy,OpenMP,4,1,0.000771999,52,1
easy_013,Easy,OpenMP,4,2,0.000750065,52,1
easy_013,Easy,OpenMP,4,3,0.000755072,52,1
easy_013,Easy,OpenMP,4,4,0.000750065,52,1
easy_013,Easy,OpenMP,4,5,0.000750065,52,1
easy_013,Easy,OpenMP,8,1,0.000780821,52,1
easy_013,Easy,OpenMP,8,2,0.000925064,52,1
easy_013,Easy,OpenMP,8,3,0.001713991,52,1
easy_013,Easy,OpenMP,8,4,0.001422882,52,1
easy_013,Easy,OpenMP,8,5,0.006089926,52,1
easy_013,Easy,OpenMP,16,1,0.007467985,52,1
easy_013,Easy,OpenMP,16,2,0.024332047,52,1
easy_013,Easy,OpenMP,16,3,0.013198853,52,1
easy_013,Easy,OpenMP,16,4,0.003417969,52,1
easy_013,Easy,OpenMP,16,5,0.017462969,52,1
easy_013,Easy,OMP-BranchBoundMRV,4,1,0.001357079,52,1
easy_013,Easy,OMP-BranchBoundMRV,4,2,0.001194000,52,1
easy_013,Easy,OMP-BranchBoundMRV,4,3,0.001182079,52,1
easy_013,Easy,OMP-BranchBoundMRV,4,4,0.001166105,52,1
easy_013,Easy,OMP-BranchBoundMRV,4,5,0.001173019,52,1
easy_013,Easy,OMP-BranchBoundMRV,8,1,0.001175165,52,1
easy_013,Easy,OMP-BranchBoundMRV,8,2,0.004958153,52,1
easy_013,Easy,OMP-BranchBoundMRV,8,3,0.001183033,52,1
easy_013,Easy,OMP-BranchBoundMRV,8,4,0.001162052,52,1
easy_013,Easy,OMP-BranchBoundMRV,8,5,0.001160860,52,1
easy_013,Easy,OMP-BranchBoundMRV,16,1,0.083507061,52,1
easy_013,Easy,OMP-BranchBoundMRV,16,2,0.032955885,52,1
easy_013,Easy,OMP-BranchBoundMRV,16,3,0.009474993,52,1
easy_013,Easy,OMP-BranchBoundMRV,16,4,0.015807152,52,1
easy_013,Easy,OMP-BranchBoundMRV,16,5,0.032274008,52,1
easy_014,Easy,Serial,1,1,0.010581500,24248,1
easy_014,Easy,Serial,1,2,0.010284959,24248,1
easy_014,Easy,Serial,1,3,0.010202750,24248,1
easy_014,Easy,Serial,1,4,0.010526292,24248,1
easy_014,Easy,Serial,1,5,0.010360666,24248,1
easy_014,Easy,Serial-MRV,1,1,0.000827500,56,1
easy_014,Easy,Serial-MRV,1,2,0.000803709,56,1
easy_014,Easy,Serial-MRV,1,3,0.000839167,56,1
easy_014,Easy,Serial-MRV,1,4,0.000827708,56,1
easy_014,Easy,Serial-MRV,1,5,0.000860583,56,1
easy_014,Easy,BranchBound,1,1,0.009864209,24248,1
easy_014,Easy,BranchBound,1,2,0.010101875,24248,1
easy_014,Easy,BranchBound,1,3,0.009808250,24248,1
easy_014,Easy,BranchBound,1,4,0.009895375,24248,1
easy_014,Easy,BranchBound,1,5,0.009903542,24248,1
easy_014,Easy,BranchBoundMRV,1,1,0.001137709,56,1
easy_014,Easy,BranchBoundMRV,1,2,0.001132166,56,1
easy_014,Easy,BranchBoundMRV,1,3,0.001130333,56,1
easy_014,Easy,BranchBoundMRV,1,4,0.001139125,56,1
easy_014,Easy,BranchBoundMRV,1,5,0.001130292,56,1
easy_014,Easy,OpenMP,4,1,0.000899076,56,1
easy_014,Easy,OpenMP,4,2,0.000877142,56,1
easy_014,Easy,OpenMP,4,3,0.000869036,56,1
easy_014,Easy,OpenMP,4,4,0.000866175,56,1
easy_014,Easy,OpenMP,4,5,0.000869036,56,1
easy_014,Easy,OpenMP,8,1,0.001115084,56,1
easy_014,Easy,OpenMP,8,2,0.005826950,56,1
easy_014,Easy,OpenMP,8,3,0.002243996,56,1
easy_014,Easy,OpenMP,8,4,0.001384020,56,1
easy_014,Easy,OpenMP,8,5,0.000897884,56,1
easy_014,Easy,OpenMP,16,1,0.006850004,56,1
easy_014,Easy,OpenMP,16,2,0.017096996,56,1
easy_014,Easy,OpenMP,16,3,0.109390020,56,1
easy_014,Easy,OpenMP,16,4,0.032454967,56,1
easy_014,Easy,OpenMP,16,5,0.016373873,56,1
easy_014,Easy,OMP-BranchBoundMRV,4,1,0.001286030,56,1
easy_014,Easy,OMP-BranchBoundMRV,4,2,0.001222134,56,1
easy_014,Easy,OMP-BranchBoundMRV,4,3,0.001214981,56,1
easy_014,Easy,OMP-BranchBoundMRV,4,4,0.001217842,56,1
easy_014,Easy,OMP-BranchBoundMRV,4,5,0.001214027,56,1
easy_014,Easy,OMP-BranchBoundMRV,8,1,0.002810001,56,1
easy_014,Easy,OMP-BranchBoundMRV,8,2,0.001209974,56,1
easy_014,Easy,OMP-BranchBoundMRV,8,3,0.002664804,56,1
easy_014,Easy,OMP-BranchBoundMRV,8,4,0.001391888,56,1
easy_014,Easy,OMP-BranchBoundMRV,8,5,0.002104044,56,1
easy_014,Easy,OMP-BranchBoundMRV,16,1,0.017951012,56,1
easy_014,Easy,OMP-BranchBoundMRV,16,2,0.036943197,56,1
easy_014,Easy,OMP-BranchBoundMRV,16,3,0.005722046,56,1
easy_014,Easy,OMP-BranchBoundMRV,16,4,0.047410965,56,1
easy_014,Easy,OMP-BranchBoundMRV,16,5,0.016957998,56,1
easy_015,Easy,Serial,1,1,0.000939792,1702,1
easy_015,Easy,Serial,1,2,0.000837292,1702,1
easy_015,Easy,Serial,1,3,0.000923666,1702,1
easy_015,Easy,Serial,1,4,0.000796209,1702,1
easy_015,Easy,Serial,1,5,0.000796291,1702,1
easy_015,Easy,Serial-MRV,1,1,0.000621334,50,1
easy_015,Easy,Serial-MRV,1,2,0.000615875,50,1
easy_015,Easy,Serial-MRV,1,3,0.000615584,50,1
easy_015,Easy,Serial-MRV,1,4,0.000615416,50,1
easy_015,Easy,Serial-MRV,1,5,0.000615208,50,1
easy_015,Easy,BranchBound,1,1,0.000875459,1702,1
easy_015,Easy,BranchBound,1,2,0.000837334,1702,1
easy_015,Easy,BranchBound,1,3,0.000811250,1702,1
easy_015,Easy,BranchBound,1,4,0.000812708,1702,1
easy_015,Easy,BranchBound,1,5,0.000810750,1702,1
easy_015,Easy,BranchBoundMRV,1,1,0.000840500,50,1
easy_015,Easy,BranchBoundMRV,1,2,0.000818709,50,1
easy_015,Easy,BranchBoundMRV,1,3,0.000815084,50,1
easy_015,Easy,BranchBoundMRV,1,4,0.000815500,50,1
easy_015,Easy,BranchBoundMRV,1,5,0.000816417,50,1
easy_015,Easy,OpenMP,4,1,0.000691175,50,1
easy_015,Easy,OpenMP,4,2,0.000767946,50,1
easy_015,Easy,OpenMP,4,3,0.000773907,50,1
easy_015,Easy,OpenMP,4,4,0.000671864,50,1
easy_015,Easy,OpenMP,4,5,0.000845909,50,1
easy_015,Easy,OpenMP,8,1,0.001801014,50,1
easy_015,Easy,OpenMP,8,2,0.000665903,50,1
easy_015,Easy,OpenMP,8,3,0.000667095,50,1
easy_015,Easy,OpenMP,8,4,0.000663996,50,1
easy_015,Easy,OpenMP,8,5,0.000673056,50,1
easy_015,Easy,OpenMP,16,1,0.009462833,50,1
easy_015,Easy,OpenMP,16,2,0.016689062,50,1
easy_015,Easy,OpenMP,16,3,0.018409014,50,1
easy_015,Easy,OpenMP,16,4,0.022718191,50,1
easy_015,Easy,OpenMP,16,5,0.017245054,50,1
easy_015,Easy,OMP-BranchBoundMRV,4,1,0.000929832,50,1
easy_015,Easy,OMP-BranchBoundMRV,4,2,0.000894070,50,1
easy_015,Easy,OMP-BranchBoundMRV,4,3,0.000890970,50,1
easy_015,Easy,OMP-BranchBoundMRV,4,4,0.000877142,50,1
easy_015,Easy,OMP-BranchBoundMRV,4,5,0.000877142,50,1
easy_015,Easy,OMP-BranchBoundMRV,8,1,0.000895977,50,1
easy_015,Easy,OMP-BranchBoundMRV,8,2,0.000923157,50,1
easy_015,Easy,OMP-BranchBoundMRV,8,3,0.001219034,50,1
easy_015,Easy,OMP-BranchBoundMRV,8,4,0.000913143,50,1
easy_015,Easy,OMP-BranchBoundMRV,8,5,0.000885010,50,1
easy_015,Easy,OMP-BranchBoundMRV,16,1,0.028729916,50,1
easy_015,Easy,OMP-BranchBoundMRV,16,2,0.035085917,50,1
easy_015,Easy,OMP-BranchBoundMRV,16,3,0.017958879,50,1
easy_015,Easy,OMP-BranchBoundMRV,16,4,0.011412859,50,1
easy_015,Easy,OMP-BranchBoundMRV,16,5,0.005982876,50,1
easy_016,Easy,Serial,1,1,0.000031916,76,1
easy_016,Easy,Serial,1,2,0.000030708,76,1
easy_016,Easy,Serial,1,3,0.000030542,76,1
easy_016,Easy,Serial,1,4,0.000030666,76,1
easy_016,Easy,Serial,1,5,0.000035084,76,1
easy_016,Easy,Serial-MRV,1,1,0.000562875,44,1
easy_016,Easy,Serial-MRV,1,2,0.000468667,44,1
easy_016,Easy,Serial-MRV,1,3,0.000476042,44,1
easy_016,Easy,Serial-MRV,1,4,0.000561000,44,1
easy_016,Easy,Serial-MRV,1,5,0.000485250,44,1
easy_016,Easy,BranchBound,1,1,0.000030166,76,1
easy_016,Easy,BranchBound,1,2,0.000026959,76,1
easy_016,Easy,BranchBound,1,3,0.000026125,76,1
easy_016,Easy,BranchBound,1,4,0.000026041,76,1
easy_016,Easy,BranchBound,1,5,0.000026000,76,1
easy_016,Easy,BranchBoundMRV,1,1,0.000494209,44,1
easy_016,Easy,BranchBoundMRV,1,2,0.000485625,44,1
easy_016,Easy,BranchBoundMRV,1,3,0.000491666,44,1
easy_016,Easy,BranchBoundMRV,1,4,0.000495125,44,1
easy_016,Easy,BranchBoundMRV,1,5,0.000502375,44,1
easy_016,Easy,OpenMP,4,1,0.000530005,44,1
easy_016,Easy,OpenMP,4,2,0.000516891,44,1
easy_016,Easy,OpenMP,4,3,0.000516891,44,1
easy_016,Easy,OpenMP,4,4,0.000514984,44,1
easy_016,Easy,OpenMP,4,5,0.000515938,44,1
easy_016,Easy,OpenMP,8,1,0.000524044,44,1
easy_016,Easy,OpenMP,8,2,0.000910044,44,1
easy_016,Easy,OpenMP,8,3,0.000638008,44,1
easy_016,Easy,OpenMP,8,4,0.000971079,44,1
easy_016,Easy,OpenMP,8,5,0.000520945,44,1
easy_016,Easy,OpenMP,16,1,0.015842915,44,1
easy_016,Easy,OpenMP,16,2,0.005023003,44,1
easy_016,Easy,OpenMP,16,3,0.031067133,44,1
easy_016,Easy,OpenMP,16,4,0.005201101,44,1
easy_016,Easy,OpenMP,16,5,0.010065079,44,1
easy_016,Easy,OMP-BranchBoundMRV,4,1,0.000538111,44,1
easy_016,Easy,OMP-BranchBoundMRV,4,2,0.000540972,44,1
easy_016,Easy,OMP-BranchBoundMRV,4,3,0.000538826,44,1
easy_016,Easy,OMP-BranchBoundMRV,4,4,0.000528812,44,1
easy_016,Easy,OMP-BranchBoundMRV,4,5,0.000526905,44,1
easy_016,Easy,OMP-BranchBoundMRV,8,1,0.000541925,44,1
easy_016,Easy,OMP-BranchBoundMRV,8,2,0.000564098,44,1
easy_016,Easy,OMP-BranchBoundMRV,8,3,0.001422167,44,1
easy_016,Easy,OMP-BranchBoundMRV,8,4,0.002118111,44,1
easy_016,Easy,OMP-BranchBoundMRV,8,5,0.002421141,44,1
easy_016,Easy,OMP-BranchBoundMRV,16,1,0.018260956,44,1
easy_016,Easy,OMP-BranchBoundMRV,16,2,0.007519960,44,1
easy_016,Easy,OMP-BranchBoundMRV,16,3,0.027126789,44,1
easy_016,Easy,OMP-BranchBoundMRV,16,4,0.038399935,44,1
easy_016,Easy,OMP-BranchBoundMRV,16,5,0.005388975,44,1
easy_017,Easy,Serial,1,1,0.002763458,5568,1
easy_017,Easy,Serial,1,2,0.002813583,5568,1
easy_017,Easy,Serial,1,3,0.002726041,5568,1
easy_017,Easy,Serial,1,4,0.002748666,5568,1
easy_017,Easy,Serial,1,5,0.002711459,5568,1
easy_017,Easy,Serial-MRV,1,1,0.000964625,59,1
easy_017,Easy,Serial-MRV,1,2,0.000924375,59,1
easy_017,Easy,Serial-MRV,1,3,0.000923292,59,1
easy_017,Easy,Serial-MRV,1,4,0.000855917,59,1
easy_017,Easy,Serial-MRV,1,5,0.000843500,59,1
easy_017,Easy,BranchBound,1,1,0.002501583,5568,1
easy_017,Easy,BranchBound,1,2,0.002451458,5568,1
easy_017,Easy,BranchBound,1,3,0.002487291,5568,1
easy_017,Easy,BranchBound,1,4,0.002454250,5568,1
easy_017,Easy,BranchBound,1,5,0.002525417,5568,1
easy_017,Easy,BranchBoundMRV,1,1,0.001177292,59,1
easy_017,Easy,BranchBoundMRV,1,2,0.001141625,59,1
easy_017,Easy,BranchBoundMRV,1,3,0.001063625,59,1
easy_017,Easy,BranchBoundMRV,1,4,0.001069583,59,1
easy_017,Easy,BranchBoundMRV,1,5,0.001084083,59,1
easy_017,Easy,OpenMP,4,1,0.000921011,59,1
easy_017,Easy,OpenMP,4,2,0.000910997,59,1
easy_017,Easy,OpenMP,4,3,0.000910997,59,1
easy_017,Easy,OpenMP,4,4,0.000919104,59,1
easy_017,Easy,OpenMP,4,5,0.000918150,59,1
easy_017,Easy,OpenMP,8,1,0.000924110,59,1
easy_017,Easy,OpenMP,8,2,0.000923872,59,1
easy_017,Easy,OpenMP,8,3,0.000918150,59,1
easy_017,Easy,OpenMP,8,4,0.000900030,59,1
easy_017,Easy,OpenMP,8,5,0.000986814,59,1
easy_017,Easy,OpenMP,16,1,0.018393040,59,1
easy_017,Easy,OpenMP,16,2,0.017125845,59,1
easy_017,Easy,OpenMP,16,3,0.066176891,59,1
easy_017,Easy,OpenMP,16,4,0.018220901,59,1
easy_017,Easy,OpenMP,16,5,0.028934002,59,1
easy_017,Easy,OMP-BranchBoundMRV,4,1,0.001116037,59,1
easy_017,Easy,OMP-BranchBoundMRV,4,2,0.001096010,59,1
easy_017,Easy,OMP-BranchBoundMRV,4,3,0.001584053,59,1
easy_017,Easy,OMP-BranchBoundMRV,4,4,0.001100063,59,1
easy_017,Easy,OMP-BranchBoundMRV,4,5,0.001204014,59,1
easy_017,Easy,OMP-BranchBoundMRV,8,1,0.002234936,59,1
easy_017,Easy,OMP-BranchBoundMRV,8,2,0.001273870,59,1
easy_017,Easy,OMP-BranchBoundMRV,8,3,0.002400875,59,1
easy_017,Easy,OMP-BranchBoundMRV,8,4,0.004333019,59,1
easy_017,Easy,OMP-BranchBoundMRV,8,5,0.001856089,59,1
easy_017,Easy,OMP-BranchBoundMRV,16,1,0.021733999,59,1
easy_017,Easy,OMP-BranchBoundMRV,16,2,0.020540953,59,1
easy_017,Easy,OMP-BranchBoundMRV,16,3,0.026160002,59,1
easy_017,Easy,OMP-BranchBoundMRV,16,4,0.005759001,59,1
easy_017,Easy,OMP-BranchBoundMRV,16,5,0.011349916,59,1
easy_018,Easy,Serial,1,1,0.000314916,580,1
easy_018,Easy,Serial,1,2,0.000265292,580,1
easy_018,Easy,Serial,1,3,0.000264542,580,1
easy_018,Easy,Serial,1,4,0.000264250,580,1
easy_018,Easy,Serial,1,5,0.000319125,580,1
easy_018,Easy,Serial-MRV,1,1,0.001389000,90,1
easy_018,Easy,Serial-MRV,1,2,0.001383667,90,1
easy_018,Easy,Serial-MRV,1,3,0.001229709,90,1
easy_018,Easy,Serial-MRV,1,4,0.001257833,90,1
easy_018,Easy,Serial-MRV,1,5,0.001295708,90,1
easy_018,Easy,BranchBound,1,1,0.000245750,580,1
easy_018,Easy,BranchBound,1,2,0.000230084,580,1
easy_018,Easy,BranchBound,1,3,0.000243875,580,1
easy_018,Easy,BranchBound,1,4,0.000258042,580,1
easy_018,Easy,BranchBound,1,5,0.000229916,580,1
easy_018,Easy,BranchBoundMRV,1,1,0.001773208,90,1
easy_018,Easy,BranchBoundMRV,1,2,0.001755875,90,1
easy_018,Easy,BranchBoundMRV,1,3,0.001724083,90,1
easy_018,Easy,BranchBoundMRV,1,4,0.001918916,90,1
easy_018,Easy,BranchBoundMRV,1,5,0.001853125,90,1
easy_018,Easy,OpenMP,4,1,0.000670910,85,1
easy_018,Easy,OpenMP,4,2,0.000657082,85,1
easy_018,Easy,OpenMP,4,3,0.000662088,85,1
easy_018,Easy,OpenMP,4,4,0.000656128,85,1
easy_018,Easy,OpenMP,4,5,0.000684977,85,1
easy_018,Easy,OpenMP,8,1,0.001482010,87,1
easy_018,Easy,OpenMP,8,2,0.001415014,92,1
easy_018,Easy,OpenMP,8,3,0.001530886,92,1
easy_018,Easy,OpenMP,8,4,0.000665903,85,1
easy_018,Easy,OpenMP,8,5,0.000679016,85,1
easy_018,Easy,OpenMP,16,1,0.018171072,92,1
easy_018,Easy,OpenMP,16,2,0.003968000,88,1
easy_018,Easy,OpenMP,16,3,0.048760891,92,1
easy_018,Easy,OpenMP,16,4,0.017148972,92,1
easy_018,Easy,OpenMP,16,5,0.016639948,82,1
easy_018,Easy,OMP-BranchBoundMRV,4,1,0.001143932,76,1
easy_018,Easy,OMP-BranchBoundMRV,4,2,0.001597166,92,1
easy_018,Easy,OMP-BranchBoundMRV,4,3,0.001988173,92,1
easy_018,Easy,OMP-BranchBoundMRV,4,4,0.000932932,86,1
easy_018,Easy,OMP-BranchBoundMRV,4,5,0.000961065,87,1
easy_018,Easy,OMP-BranchBoundMRV,8,1,0.009574175,86,1
easy_018,Easy,OMP-BranchBoundMRV,8,2,0.009994984,63,1
easy_018,Easy,OMP-BranchBoundMRV,8,3,0.011594057,87,1
easy_018,Easy,OMP-BranchBoundMRV,8,4,0.002187014,86,1
easy_018,Easy,OMP-BranchBoundMRV,8,5,0.001391888,92,1
easy_018,Easy,OMP-BranchBoundMRV,16,1,0.024745941,61,1
easy_018,Easy,OMP-BranchBoundMRV,16,2,0.031603098,80,1
easy_018,Easy,OMP-BranchBoundMRV,16,3,0.010868073,86,1
easy_018,Easy,OMP-BranchBoundMRV,16,4,0.037289858,92,1
easy_018,Easy,OMP-BranchBoundMRV,16,5,0.019891024,87,1
easy_019,Easy,Serial,1,1,0.000574709,1112,1
easy_019,Easy,Serial,1,2,0.000590666,1112,1
easy_019,Easy,Serial,1,3,0.000586458,1112,1
easy_019,Easy,Serial,1,4,0.000509042,1112,1
easy_019,Easy,Serial,1,5,0.000525791,1112,1
easy_019,Easy,Serial-MRV,1,1,0.001230459,79,1
easy_019,Easy,Serial-MRV,1,2,0.001144625,79,1
easy_019,Easy,Serial-MRV,1,3,0.001145625,79,1
easy_019,Easy,Serial-MRV,1,4,0.001148625,79,1
easy_019,Easy,Serial-MRV,1,5,0.001148292,79,1
easy_019,Easy,BranchBound,1,1,0.000447000,1112,1
easy_019,Easy,BranchBound,1,2,0.000461625,1112,1
easy_019,Easy,BranchBound,1,3,0.000474334,1112,1
easy_019,Easy,BranchBound,1,4,0.000442042,1112,1
easy_019,Easy,BranchBound,1,5,0.000574208,1112,1
easy_019,Easy,BranchBoundMRV,1,1,0.001480042,79,1
easy_019,Easy,BranchBoundMRV,1,2,0.001487250,79,1
easy_019,Easy,BranchBoundMRV,1,3,0.001472833,79,1
easy_019,Easy,BranchBoundMRV,1,4,0.001453584,79,1
easy_019,Easy,BranchBoundMRV,1,5,0.001678708,79,1
easy_019,Easy,OpenMP,4,1,0.001288891,79,1
easy_019,Easy,OpenMP,4,2,0.001235962,79,1
easy_019,Easy,OpenMP,4,3,0.001227140,79,1
easy_019,Easy,OpenMP,4,4,0.001226902,79,1
easy_019,Easy,OpenMP,4,5,0.001227856,79,1
easy_019,Easy,OpenMP,8,1,0.001238108,79,1
easy_019,Easy,OpenMP,8,2,0.001219988,79,1
easy_019,Easy,OpenMP,8,3,0.006193161,79,1
easy_019,Easy,OpenMP,8,4,0.001295090,79,1
easy_019,Easy,OpenMP,8,5,0.003763199,79,1
easy_019,Easy,OpenMP,16,1,0.021752119,79,1
easy_019,Easy,OpenMP,16,2,0.034074068,79,1
easy_019,Easy,OpenMP,16,3,0.016043901,79,1
easy_019,Easy,OpenMP,16,4,0.072936058,79,1
easy_019,Easy,OpenMP,16,5,0.062534094,79,1
easy_019,Easy,OMP-BranchBoundMRV,4,1,0.001569033,79,1
easy_019,Easy,OMP-BranchBoundMRV,4,2,0.001557112,79,1
easy_019,Easy,OMP-BranchBoundMRV,4,3,0.001629829,79,1
easy_019,Easy,OMP-BranchBoundMRV,4,4,0.001626968,79,1
easy_019,Easy,OMP-BranchBoundMRV,4,5,0.001772881,79,1
easy_019,Easy,OMP-BranchBoundMRV,8,1,0.001568794,79,1
easy_019,Easy,OMP-BranchBoundMRV,8,2,0.001549006,79,1
easy_019,Easy,OMP-BranchBoundMRV,8,3,0.001708984,79,1
easy_019,Easy,OMP-BranchBoundMRV,8,4,0.001566887,79,1
easy_019,Easy,OMP-BranchBoundMRV,8,5,0.001554012,79,1
easy_019,Easy,OMP-BranchBoundMRV,16,1,0.019523144,79,1
easy_019,Easy,OMP-BranchBoundMRV,16,2,0.010069847,79,1
easy_019,Easy,OMP-BranchBoundMRV,16,3,0.034038067,79,1
easy_019,Easy,OMP-BranchBoundMRV,16,4,0.007273197,79,1
easy_019,Easy,OMP-BranchBoundMRV,16,5,0.010499001,79,1
easy_020,Easy,Serial,1,1,0.000076500,169,1
easy_020,Easy,Serial,1,2,0.000071334,169,1
easy_020,Easy,Serial,1,3,0.000067625,169,1
easy_020,Easy,Serial,1,4,0.000067458,169,1
easy_020,Easy,Serial,1,5,0.000067417,169,1
easy_020,Easy,Serial-MRV,1,1,0.000472416,44,1
easy_020,Easy,Serial-MRV,1,2,0.000502000,44,1
easy_020,Easy,Serial-MRV,1,3,0.000463125,44,1
easy_020,Easy,Serial-MRV,1,4,0.000463250,44,1
easy_020,Easy,Serial-MRV,1,5,0.000470500,44,1
easy_020,Easy,BranchBound,1,1,0.000075333,169,1
easy_020,Easy,BranchBound,1,2,0.000064000,169,1
easy_020,Easy,BranchBound,1,3,0.000063541,169,1
easy_020,Easy,BranchBound,1,4,0.000070709,169,1
easy_020,Easy,BranchBound,1,5,0.000063375,169,1
easy_020,Easy,BranchBoundMRV,1,1,0.000536375,44,1
easy_020,Easy,BranchBoundMRV,1,2,0.000526833,44,1
easy_020,Easy,BranchBoundMRV,1,3,0.000539959,44,1
easy_020,Easy,BranchBoundMRV,1,4,0.000570292,44,1
easy_020,Easy,BranchBoundMRV,1,5,0.000546583,44,1
easy_020,Easy,OpenMP,4,1,0.000524998,44,1
easy_020,Easy,OpenMP,4,2,0.000640154,44,1
easy_020,Easy,OpenMP,4,3,0.000759125,44,1
easy_020,Easy,OpenMP,4,4,0.000510931,44,1
easy_020,Easy,OpenMP,4,5,0.000519991,44,1
easy_020,Easy,OpenMP,8,1,0.002274990,44,1
easy_020,Easy,OpenMP,8,2,0.000514984,44,1
easy_020,Easy,OpenMP,8,3,0.000532866,44,1
easy_020,Easy,OpenMP,8,4,0.000534058,44,1
easy_020,Easy,OpenMP,8,5,0.000526905,44,1
easy_020,Easy,OpenMP,16,1,0.026447058,44,1
easy_020,Easy,OpenMP,16,2,0.027587891,44,1
easy_020,Easy,OpenMP,16,3,0.022367954,44,1
easy_020,Easy,OpenMP,16,4,0.022370100,44,1
easy_020,Easy,OpenMP,16,5,0.030356169,44,1
easy_020,Easy,OMP-BranchBoundMRV,4,1,0.000587940,44,1
easy_020,Easy,OMP-BranchBoundMRV,4,2,0.000581026,44,1
easy_020,Easy,OMP-BranchBoundMRV,4,3,0.000576973,44,1
easy_020,Easy,OMP-BranchBoundMRV,4,4,0.000568867,44,1
easy_020,Easy,OMP-BranchBoundMRV,4,5,0.000566959,44,1
easy_020,Easy,OMP-BranchBoundMRV,8,1,0.000598907,44,1
easy_020,Easy,OMP-BranchBoundMRV,8,2,0.003304958,44,1
easy_020,Easy,OMP-BranchBoundMRV,8,3,0.003623962,44,1
easy_020,Easy,OMP-BranchBoundMRV,8,4,0.000607014,44,1
easy_020,Easy,OMP-BranchBoundMRV,8,5,0.000575066,44,1
easy_020,Easy,OMP-BranchBoundMRV,16,1,0.049186945,44,1
easy_020,Easy,OMP-BranchBoundMRV,16,2,0.019400835,44,1
easy_020,Easy,OMP-BranchBoundMRV,16,3,0.017038107,44,1
easy_020,Easy,OMP-BranchBoundMRV,16,4,0.030569077,44,1
easy_020,Easy,OMP-BranchBoundMRV,16,5,0.036498070,44,1
easy_021,Easy,Serial,1,1,0.000081916,183,1
easy_021,Easy,Serial,1,2,0.000077292,183,1
easy_021,Easy,Serial,1,3,0.000076417,183,1
easy_021,Easy,Serial,1,4,0.000086958,183,1
easy_021,Easy,Serial,1,5,0.000076083,183,1
easy_021,Easy,Serial-MRV,1,1,0.000659917,48,1
easy_021,Easy,Serial-MRV,1,2,0.000583917,48,1
easy_021,Easy,Serial-MRV,1,3,0.000687583,48,1
easy_021,Easy,Serial-MRV,1,4,0.000629042,48,1
easy_021,Easy,Serial-MRV,1,5,0.000581209,48,1
easy_021,Easy,BranchBound,1,1,0.000070666,183,1
easy_021,Easy,BranchBound,1,2,0.000066083,183,1
easy_021,Easy,BranchBound,1,3,0.000072916,183,1
easy_021,Easy,BranchBound,1,4,0.000078500,183,1
easy_021,Easy,BranchBound,1,5,0.000069958,183,1
easy_021,Easy,BranchBoundMRV,1,1,0.000824083,48,1
easy_021,Easy,BranchBoundMRV,1,2,0.000771750,48,1
easy_021,Easy,BranchBoundMRV,1,3,0.000777875,48,1
easy_021,Easy,BranchBoundMRV,1,4,0.000781000,48,1
easy_021,Easy,BranchBoundMRV,1,5,0.000769833,48,1
easy_021,Easy,OpenMP,4,1,0.000663996,48,1
easy_021,Easy,OpenMP,4,2,0.000636101,48,1
easy_021,Easy,OpenMP,4,3,0.000639200,48,1
easy_021,Easy,OpenMP,4,4,0.000633955,48,1
easy_021,Easy,OpenMP,4,5,0.000631094,48,1
easy_021,Easy,OpenMP,8,1,0.000645876,48,1
easy_021,Easy,OpenMP,8,2,0.000644922,48,1
easy_021,Easy,OpenMP,8,3,0.002209902,48,1
easy_021,Easy,OpenMP,8,4,0.001490116,48,1
easy_021,Easy,OpenMP,8,5,0.001149178,48,1
easy_021,Easy,OpenMP,16,1,0.023205996,48,1
easy_021,Easy,OpenMP,16,2,0.036525011,48,1
easy_021,Easy,OpenMP,16,3,0.009839058,48,1
easy_021,Easy,OpenMP,16,4,0.027477980,48,1
easy_021,Easy,OpenMP,16,5,0.012557983,48,1
easy_021,Easy,OMP-BranchBoundMRV,4,1,0.000841856,48,1
easy_021,Easy,OMP-BranchBoundMRV,4,2,0.000831842,48,1
easy_021,Easy,OMP-BranchBoundMRV,4,3,0.000833988,48,1
easy_021,Easy,OMP-BranchBoundMRV,4,4,0.000838995,48,1
easy_021,Easy,OMP-BranchBoundMRV,4,5,0.000824928,48,1
easy_021,Easy,OMP-BranchBoundMRV,8,1,0.002696991,48,1
easy_021,Easy,OMP-BranchBoundMRV,8,2,0.003319979,48,1
easy_021,Easy,OMP-BranchBoundMRV,8,3,0.000850916,48,1
easy_021,Easy,OMP-BranchBoundMRV,8,4,0.000875950,48,1
easy_021,Easy,OMP-BranchBoundMRV,8,5,0.000837803,48,1
easy_021,Easy,OMP-BranchBoundMRV,16,1,0.038980007,48,1
easy_021,Easy,OMP-BranchBoundMRV,16,2,0.003843069,48,1
easy_021,Easy,OMP-BranchBoundMRV,16,3,0.016955137,48,1
easy_021,Easy,OMP-BranchBoundMRV,16,4,0.019147873,48,1
easy_021,Easy,OMP-BranchBoundMRV,16,5,0.021361828,48,1
easy_022,Easy,Serial,1,1,0.000866542,1575,1
easy_022,Easy,Serial,1,2,0.000834875,1575,1
easy_022,Easy,Serial,1,3,0.000777875,1575,1
easy_022,Easy,Serial,1,4,0.000777292,1575,1
easy_022,Easy,Serial,1,5,0.000777792,1575,1
easy_022,Easy,Serial-MRV,1,1,0.000961750,79,1
easy_022,Easy,Serial-MRV,1,2,0.000957000,79,1
easy_022,Easy,Serial-MRV,1,3,0.000961250,79,1
easy_022,Easy,Serial-MRV,1,4,0.000961375,79,1
easy_022,Easy,Serial-MRV,1,5,0.000975083,79,1
easy_022,Easy,BranchBound,1,1,0.000666417,1575,1
easy_022,Easy,BranchBound,1,2,0.000631333,1575,1
easy_022,Easy,BranchBound,1,3,0.000636916,1575,1
easy_022,Easy,BranchBound,1,4,0.000651791,1575,1
easy_022,Easy,BranchBound,1,5,0.000685292,1575,1
easy_022,Easy,BranchBoundMRV,1,1,0.001402375,79,1
easy_022,Easy,BranchBoundMRV,1,2,0.001394208,79,1
easy_022,Easy,BranchBoundMRV,1,3,0.001320250,79,1
easy_022,Easy,BranchBoundMRV,1,4,0.001313042,79,1
easy_022,Easy,BranchBoundMRV,1,5,0.001350166,79,1
easy_022,Easy,OpenMP,4,1,0.001052141,79,1
easy_022,Easy,OpenMP,4,2,0.001035929,79,1
easy_022,Easy,OpenMP,4,3,0.001036882,79,1
easy_022,Easy,OpenMP,4,4,0.001031876,79,1
easy_022,Easy,OpenMP,4,5,0.001030922,79,1
easy_022,Easy,OpenMP,8,1,0.002412081,79,1
easy_022,Easy,OpenMP,8,2,0.002498865,79,1
easy_022,Easy,OpenMP,8,3,0.002023935,79,1
easy_022,Easy,OpenMP,8,4,0.001078844,79,1
easy_022,Easy,OpenMP,8,5,0.001102924,79,1
easy_022,Easy,OpenMP,16,1,0.029718876,79,1
easy_022,Easy,OpenMP,16,2,0.032997131,79,1
easy_022,Easy,OpenMP,16,3,0.011819124,79,1
easy_022,Easy,OpenMP,16,4,0.023252010,79,1
easy_022,Easy,OpenMP,16,5,0.016119957,79,1
easy_022,Easy,OMP-BranchBoundMRV,4,1,0.001554966,79,1
easy_022,Easy,OMP-BranchBoundMRV,4,2,0.001420021,79,1
easy_022,Easy,OMP-BranchBoundMRV,4,3,0.001626968,79,1
easy_022,Easy,OMP-BranchBoundMRV,4,4,0.001463890,79,1
easy_022,Easy,OMP-BranchBoundMRV,4,5,0.001712084,79,1
easy_022,Easy,OMP-BranchBoundMRV,8,1,0.001443863,79,1
easy_022,Easy,OMP-BranchBoundMRV,8,2,0.001422882,79,1
easy_022,Easy,OMP-BranchBoundMRV,8,3,0.001520872,79,1
easy_022,Easy,OMP-BranchBoundMRV,8,4,0.002033949,79,1
easy_022,Easy,OMP-BranchBoundMRV,8,5,0.002930164,79,1
easy_022,Easy,OMP-BranchBoundMRV,16,1,0.011168957,79,1
easy_022,Easy,OMP-BranchBoundMRV,16,2,0.005714893,79,1
easy_022,Easy,OMP-BranchBoundMRV,16,3,0.027626991,79,1
easy_022,Easy,OMP-BranchBoundMRV,16,4,0.050454855,79,1
easy_022,Easy,OMP-BranchBoundMRV,16,5,0.046217918,79,1
easy_023,Easy,Serial,1,1,0.002272000,5027,1
easy_023,Easy,Serial,1,2,0.002138542,5027,1
easy_023,Easy,Serial,1,3,0.002154000,5027,1
easy_023,Easy,Serial,1,4,0.002215291,5027,1
easy_023,Easy,Serial,1,5,0.002139917,5027,1
easy_023,Easy,Serial-MRV,1,1,0.000795792,55,1
easy_023,Easy,Serial-MRV,1,2,0.000812625,55,1
easy_023,Easy,Serial-MRV,1,3,0.000791584,55,1
easy_023,Easy,Serial-MRV,1,4,0.000794833,55,1
easy_023,Easy,Serial-MRV,1,5,0.000788625,55,1
easy_023,Easy,BranchBound,1,1,0.001983000,5027,1
easy_023,Easy,BranchBound,1,2,0.001954583,5027,1
easy_023,Easy,BranchBound,1,3,0.001946041,5027,1
easy_023,Easy,BranchBound,1,4,0.001954667,5027,1
easy_023,Easy,BranchBound,1,5,0.002086959,5027,1
easy_023,Easy,BranchBoundMRV,1,1,0.001052209,55,1
easy_023,Easy,BranchBoundMRV,1,2,0.001072875,55,1
easy_023,Easy,BranchBoundMRV,1,3,0.001035917,55,1
easy_023,Easy,BranchBoundMRV,1,4,0.001035792,55,1
easy_023,Easy,BranchBoundMRV,1,5,0.001057833,55,1
easy_023,Easy,OpenMP,4,1,0.000865936,55,1
easy_023,Easy,OpenMP,4,2,0.000852108,55,1
easy_023,Easy,OpenMP,4,3,0.000862122,55,1
easy_023,Easy,OpenMP,4,4,0.000848055,55,1
easy_023,Easy,OpenMP,4,5,0.000851154,55,1
easy_023,Easy,OpenMP,8,1,0.000868082,55,1
easy_023,Easy,OpenMP,8,2,0.000863075,55,1
easy_023,Easy,OpenMP,8,3,0.000842810,55,1
easy_023,Easy,OpenMP,8,4,0.000850916,55,1
easy_023,Easy,OpenMP,8,5,0.001313925,55,1
easy_023,Easy,OpenMP,16,1,0.038546801,55,1
easy_023,Easy,OpenMP,16,2,0.020992994,55,1
easy_023,Easy,OpenMP,16,3,0.004906893,55,1
easy_023,Easy,OpenMP,16,4,0.009295940,55,1
easy_023,Easy,OpenMP,16,5,0.020191908,55,1
easy_023,Easy,OMP-BranchBoundMRV,4,1,0.001188993,55,1
easy_023,Easy,OMP-BranchBoundMRV,4,2,0.001246929,55,1
easy_023,Easy,OMP-BranchBoundMRV,4,3,0.001426935,55,1
easy_023,Easy,OMP-BranchBoundMRV,4,4,0.001123190,55,1
easy_023,Easy,OMP-BranchBoundMRV,4,5,0.001399994,55,1
easy_023,Easy,OMP-BranchBoundMRV,8,1,0.001860142,55,1
easy_023,Easy,OMP-BranchBoundMRV,8,2,0.001317978,55,1
easy_023,Easy,OMP-BranchBoundMRV,8,3,0.001924038,55,1
easy_023,Easy,OMP-BranchBoundMRV,8,4,0.002017975,55,1
easy_023,Easy,OMP-BranchBoundMRV,8,5,0.001171112,55,1
easy_023,Easy,OMP-BranchBoundMRV,16,1,0.014227867,55,1
easy_023,Easy,OMP-BranchBoundMRV,16,2,0.024477005,55,1
easy_023,Easy,OMP-BranchBoundMRV,16,3,0.023483992,55,1
easy_023,Easy,OMP-BranchBoundMRV,16,4,0.009989023,55,1
easy_023,Easy,OMP-BranchBoundMRV,16,5,0.017192125,55,1
easy_024,Easy,Serial,1,1,0.008595875,16636,1
easy_024,Easy,Serial,1,2,0.008311666,16636,1
easy_024,Easy,Serial,1,3,0.008140792,16636,1
easy_024,Easy,Serial,1,4,0.008313334,16636,1
easy_024,Easy,Serial,1,5,0.008244959,16636,1
easy_024,Easy,Serial-MRV,1,1,0.001063458,67,1
easy_024,Easy,Serial-MRV,1,2,0.000991416,67,1
easy_024,Easy,Serial-MRV,1,3,0.000988667,67,1
easy_024,Easy,Serial-MRV,1,4,0.000985333,67,1
easy_024,Easy,Serial-MRV,1,5,0.001002750,67,1
easy_024,Easy,BranchBound,1,1,0.007515292,16636,1
easy_024,Easy,BranchBound,1,2,0.007298334,16636,1
easy_024,Easy,BranchBound,1,3,0.007408541,16636,1
easy_024,Easy,BranchBound,1,4,0.007267209,16636,1
easy_024,Easy,BranchBound,1,5,0.007234166,16636,1
easy_024,Easy,BranchBoundMRV,1,1,0.001459375,67,1
easy_024,Easy,BranchBoundMRV,1,2,0.001421417,67,1
easy_024,Easy,BranchBoundMRV,1,3,0.001413250,67,1
easy_024,Easy,BranchBoundMRV,1,4,0.001411167,67,1
easy_024,Easy,BranchBoundMRV,1,5,0.001456166,67,1
easy_024,Easy,OpenMP,4,1,0.001108170,67,1
easy_024,Easy,OpenMP,4,2,0.001073122,67,1
easy_024,Easy,OpenMP,4,3,0.001070976,67,1
easy_024,Easy,OpenMP,4,4,0.001068115,67,1
easy_024,Easy,OpenMP,4,5,0.001074076,67,1
easy_024,Easy,OpenMP,8,1,0.001085997,67,1
easy_024,Easy,OpenMP,8,2,0.001122952,67,1
easy_024,Easy,OpenMP,8,3,0.001062870,67,1
easy_024,Easy,OpenMP,8,4,0.001083136,67,1
easy_024,Easy,OpenMP,8,5,0.001250029,67,1
easy_024,Easy,OpenMP,16,1,0.013664007,67,1
easy_024,Easy,OpenMP,16,2,0.020357847,67,1
easy_024,Easy,OpenMP,16,3,0.013056993,67,1
easy_024,Easy,OpenMP,16,4,0.030746937,67,1
easy_024,Easy,OpenMP,16,5,0.045836926,67,1
easy_024,Easy,OMP-BranchBoundMRV,4,1,0.001538992,67,1
easy_024,Easy,OMP-BranchBoundMRV,4,2,0.001540184,67,1
easy_024,Easy,OMP-BranchBoundMRV,4,3,0.001516104,67,1
easy_024,Easy,OMP-BranchBoundMRV,4,4,0.001512051,67,1
easy_024,Easy,OMP-BranchBoundMRV,4,5,0.001600027,67,1
easy_024,Easy,OMP-BranchBoundMRV,8,1,0.006062984,67,1
easy_024,Easy,OMP-BranchBoundMRV,8,2,0.001518011,67,1
easy_024,Easy,OMP-BranchBoundMRV,8,3,0.001528978,67,1
easy_024,Easy,OMP-BranchBoundMRV,8,4,0.002897024,67,1
easy_024,Easy,OMP-BranchBoundMRV,8,5,0.001522064,67,1
easy_024,Easy,OMP-BranchBoundMRV,16,1,0.020354033,67,1
easy_024,Easy,OMP-BranchBoundMRV,16,2,0.036886930,67,1
easy_024,Easy,OMP-BranchBoundMRV,16,3,0.022747040,67,1
easy_024,Easy,OMP-BranchBoundMRV,16,4,0.014360905,67,1
easy_024,Easy,OMP-BranchBoundMRV,16,5,0.006236076,67,1
easy_025,Easy,Serial,1,1,0.006905125,11857,1
easy_025,Easy,Serial,1,2,0.006658375,11857,1
easy_025,Easy,Serial,1,3,0.006751875,11857,1
easy_025,Easy,Serial,1,4,0.006627375,11857,1
easy_025,Easy,Serial,1,5,0.006597875,11857,1
easy_025,Easy,Serial-MRV,1,1,0.001703917,88,1
easy_025,Easy,Serial-MRV,1,2,0.001613667,88,1
easy_025,Easy,Serial-MRV,1,3,0.001705541,88,1
easy_025,Easy,Serial-MRV,1,4,0.001594375,88,1
easy_025,Easy,Serial-MRV,1,5,0.001469750,88,1
easy_025,Easy,BranchBound,1,1,0.005700541,11857,1
easy_025,Easy,BranchBound,1,2,0.005795459,11857,1
easy_025,Easy,BranchBound,1,3,0.005803250,11857,1
easy_025,Easy,BranchBound,1,4,0.005379958,11857,1
easy_025,Easy,BranchBound,1,5,0.005372292,11857,1
easy_025,Easy,BranchBoundMRV,1,1,0.002242208,88,1
easy_025,Easy,BranchBoundMRV,1,2,0.002106375,88,1
easy_025,Easy,BranchBoundMRV,1,3,0.002047375,88,1
easy_025,Easy,BranchBoundMRV,1,4,0.002068791,88,1
easy_025,Easy,BranchBoundMRV,1,5,0.002091375,88,1
easy_025,Easy,OpenMP,4,1,0.001014948,88,1
easy_025,Easy,OpenMP,4,2,0.000988960,88,1
easy_025,Easy,OpenMP,4,3,0.000986099,88,1
easy_025,Easy,OpenMP,4,4,0.000986099,88,1
easy_025,Easy,OpenMP,4,5,0.001027107,88,1
easy_025,Easy,OpenMP,8,1,0.002209187,88,1
easy_025,Easy,OpenMP,8,2,0.000998974,88,1
easy_025,Easy,OpenMP,8,3,0.003623962,84,1
easy_025,Easy,OpenMP,8,4,0.002195120,88,1
easy_025,Easy,OpenMP,8,5,0.002259970,88,1
easy_025,Easy,OpenMP,16,1,0.030585051,88,1
easy_025,Easy,OpenMP,16,2,0.017349005,86,1
easy_025,Easy,OpenMP,16,3,0.027922869,88,1
easy_025,Easy,OpenMP,16,4,0.080566883,88,1
easy_025,Easy,OpenMP,16,5,0.017187834,87,1
easy_025,Easy,OMP-BranchBoundMRV,4,1,0.001678944,88,1
easy_025,Easy,OMP-BranchBoundMRV,4,2,0.001568794,88,1
easy_025,Easy,OMP-BranchBoundMRV,4,3,0.001516104,88,1
easy_025,Easy,OMP-BranchBoundMRV,4,4,0.001720190,88,1
easy_025,Easy,OMP-BranchBoundMRV,4,5,0.001532078,88,1
easy_025,Easy,OMP-BranchBoundMRV,8,1,0.003530979,88,1
easy_025,Easy,OMP-BranchBoundMRV,8,2,0.001739979,75,1
easy_025,Easy,OMP-BranchBoundMRV,8,3,0.005481958,88,1
easy_025,Easy,OMP-BranchBoundMRV,8,4,0.004390955,88,1
easy_025,Easy,OMP-BranchBoundMRV,8,5,0.007714987,88,1
easy_025,Easy,OMP-BranchBoundMRV,16,1,0.039818048,88,1
easy_025,Easy,OMP-BranchBoundMRV,16,2,0.116805077,88,1
easy_025,Easy,OMP-BranchBoundMRV,16,3,0.028192997,86,1
easy_025,Easy,OMP-BranchBoundMRV,16,4,0.012984991,88,1
easy_025,Easy,OMP-BranchBoundMRV,16,5,0.019885063,88,1
easy_026,Easy,Serial,1,1,0.000818584,1601,1
easy_026,Easy,Serial,1,2,0.000713042,1601,1
easy_026,Easy,Serial,1,3,0.000760542,1601,1
easy_026,Easy,Serial,1,4,0.000808250,1601,1
easy_026,Easy,Serial,1,5,0.000727917,1601,1
easy_026,Easy,Serial-MRV,1,1,0.001042625,56,1
easy_026,Easy,Serial-MRV,1,2,0.000878167,56,1
easy_026,Easy,Serial-MRV,1,3,0.000989750,56,1
easy_026,Easy,Serial-MRV,1,4,0.000909583,56,1
easy_026,Easy,Serial-MRV,1,5,0.001038416,56,1
easy_026,Easy,BranchBound,1,1,0.000637667,1601,1
easy_026,Easy,BranchBound,1,2,0.000691125,1601,1
easy_026,Easy,BranchBound,1,3,0.000696250,1601,1
easy_026,Easy,BranchBound,1,4,0.000635916,1601,1
easy_026,Easy,BranchBound,1,5,0.000724292,1601,1
easy_026,Easy,BranchBoundMRV,1,1,0.001139375,56,1
easy_026,Easy,BranchBoundMRV,1,2,0.001070750,56,1
easy_026,Easy,BranchBoundMRV,1,3,0.001161292,56,1
easy_026,Easy,BranchBoundMRV,1,4,0.001139833,56,1
easy_026,Easy,BranchBoundMRV,1,5,0.001065125,56,1
easy_026,Easy,OpenMP,4,1,0.001334906,56,1
easy_026,Easy,OpenMP,4,2,0.000962019,56,1
easy_026,Easy,OpenMP,4,3,0.001074076,56,1
easy_026,Easy,OpenMP,4,4,0.000972033,56,1
easy_026,Easy,OpenMP,4,5,0.001044035,56,1
easy_026,Easy,OpenMP,8,1,0.011098146,56,1
easy_026,Easy,OpenMP,8,2,0.013210058,56,1
easy_026,Easy,OpenMP,8,3,0.001249075,56,1
easy_026,Easy,OpenMP,8,4,0.002490044,56,1
easy_026,Easy,OpenMP,8,5,0.002572060,56,1
easy_026,Easy,OpenMP,16,1,0.033197880,56,1
easy_026,Easy,OpenMP,16,2,0.023798943,56,1
easy_026,Easy,OpenMP,16,3,0.022009134,56,1
easy_026,Easy,OpenMP,16,4,0.018594027,56,1
easy_026,Easy,OpenMP,16,5,0.022428989,56,1
easy_026,Easy,OMP-BranchBoundMRV,4,1,0.001119852,56,1
easy_026,Easy,OMP-BranchBoundMRV,4,2,0.001126051,56,1
easy_026,Easy,OMP-BranchBoundMRV,4,3,0.001198053,56,1
easy_026,Easy,OMP-BranchBoundMRV,4,4,0.001119852,56,1
easy_026,Easy,OMP-BranchBoundMRV,4,5,0.001124859,56,1
easy_026,Easy,OMP-BranchBoundMRV,8,1,0.001125097,56,1
easy_026,Easy,OMP-BranchBoundMRV,8,2,0.003488064,56,1
easy_026,Easy,OMP-BranchBoundMRV,8,3,0.001128912,56,1
easy_026,Easy,OMP-BranchBoundMRV,8,4,0.001116991,56,1
easy_026,Easy,OMP-BranchBoundMRV,8,5,0.002509832,56,1
easy_026,Easy,OMP-BranchBoundMRV,16,1,0.012390852,56,1
easy_026,Easy,OMP-BranchBoundMRV,16,2,0.007069826,56,1
easy_026,Easy,OMP-BranchBoundMRV,16,3,0.007039070,56,1
easy_026,Easy,OMP-BranchBoundMRV,16,4,0.013712168,56,1
easy_026,Easy,OMP-BranchBoundMRV,16,5,0.013091087,56,1
easy_027,Easy,Serial,1,1,0.000865625,1685,1
easy_027,Easy,Serial,1,2,0.000826583,1685,1
easy_027,Easy,Serial,1,3,0.000795500,1685,1
easy_027,Easy,Serial,1,4,0.000799958,1685,1
easy_027,Easy,Serial,1,5,0.000793083,1685,1
easy_027,Easy,Serial-MRV,1,1,0.000828917,53,1
easy_027,Easy,Serial-MRV,1,2,0.000769125,53,1
easy_027,Easy,Serial-MRV,1,3,0.000779917,53,1
easy_027,Easy,Serial-MRV,1,4,0.000829958,53,1
easy_027,Easy,Serial-MRV,1,5,0.000815583,53,1
easy_027,Easy,BranchBound,1,1,0.000686125,1685,1
easy_027,Easy,BranchBound,1,2,0.000695333,1685,1
easy_027,Easy,BranchBound,1,3,0.000665375,1685,1
easy_027,Easy,BranchBound,1,4,0.000681458,1685,1
easy_027,Easy,BranchBound,1,5,0.000677333,1685,1
easy_027,Easy,BranchBoundMRV,1,1,0.001035292,53,1
easy_027,Easy,BranchBoundMRV,1,2,0.000935500,53,1
easy_027,Easy,BranchBoundMRV,1,3,0.000960959,53,1
easy_027,Easy,BranchBoundMRV,1,4,0.001063333,53,1
easy_027,Easy,BranchBoundMRV,1,5,0.001083542,53,1
easy_027,Easy,OpenMP,4,1,0.000823021,53,1
easy_027,Easy,OpenMP,4,2,0.000799894,53,1
easy_027,Easy,OpenMP,4,3,0.000849009,53,1
easy_027,Easy,OpenMP,4,4,0.000845909,53,1
easy_027,Easy,OpenMP,4,5,0.000902891,53,1
easy_027,Easy,OpenMP,8,1,0.000839949,53,1
easy_027,Easy,OpenMP,8,2,0.000838995,53,1
easy_027,Easy,OpenMP,8,3,0.002523899,53,1
easy_027,Easy,OpenMP,8,4,0.001497984,53,1
easy_027,Easy,OpenMP,8,5,0.000873089,53,1
easy_027,Easy,OpenMP,16,1,0.010221004,53,1
easy_027,Easy,OpenMP,16,2,0.009853840,53,1
easy_027,Easy,OpenMP,16,3,0.010411978,53,1
easy_027,Easy,OpenMP,16,4,0.002549887,53,1
easy_027,Easy,OpenMP,16,5,0.042866945,53,1
easy_027,Easy,OMP-BranchBoundMRV,4,1,0.001012087,53,1
easy_027,Easy,OMP-BranchBoundMRV,4,2,0.000987053,53,1
easy_027,Easy,OMP-BranchBoundMRV,4,3,0.000980139,53,1
easy_027,Easy,OMP-BranchBoundMRV,4,4,0.001037121,53,1
easy_027,Easy,OMP-BranchBoundMRV,4,5,0.000975132,53,1
easy_027,Easy,OMP-BranchBoundMRV,8,1,0.002865791,53,1
easy_027,Easy,OMP-BranchBoundMRV,8,2,0.001060009,53,1
easy_027,Easy,OMP-BranchBoundMRV,8,3,0.002179146,53,1
easy_027,Easy,OMP-BranchBoundMRV,8,4,0.001013994,53,1
easy_027,Easy,OMP-BranchBoundMRV,8,5,0.001031876,53,1
easy_027,Easy,OMP-BranchBoundMRV,16,1,0.021148920,53,1
easy_027,Easy,OMP-BranchBoundMRV,16,2,0.020875931,53,1
easy_027,Easy,OMP-BranchBoundMRV,16,3,0.017223120,53,1
easy_027,Easy,OMP-BranchBoundMRV,16,4,0.017545938,53,1
easy_027,Easy,OMP-BranchBoundMRV,16,5,0.022804976,53,1
easy_028,Easy,Serial,1,1,0.000192625,371,1
easy_028,Easy,Serial,1,2,0.000210625,371,1
easy_028,Easy,Serial,1,3,0.000193292,371,1
easy_028,Easy,Serial,1,4,0.000179083,371,1
easy_028,Easy,Serial,1,5,0.000173125,371,1
easy_028,Easy,Serial-MRV,1,1,0.001120834,69,1
easy_028,Easy,Serial-MRV,1,2,0.001168083,69,1
easy_028,Easy,Serial-MRV,1,3,0.001116375,69,1
easy_028,Easy,Serial-MRV,1,4,0.001180875,69,1
easy_028,Easy,Serial-MRV,1,5,0.001074125,69,1
easy_028,Easy,BranchBound,1,1,0.000196708,371,1
easy_028,Easy,BranchBound,1,2,0.000162292,371,1
easy_028,Easy,BranchBound,1,3,0.000140375,371,1
easy_028,Easy,BranchBound,1,4,0.000139875,371,1
easy_028,Easy,BranchBound,1,5,0.000140042,371,1
easy_028,Easy,BranchBoundMRV,1,1,0.001540583,69,1
easy_028,Easy,BranchBoundMRV,1,2,0.001376708,69,1
easy_028,Easy,BranchBoundMRV,1,3,0.001386834,69,1
easy_028,Easy,BranchBoundMRV,1,4,0.001460042,69,1
easy_028,Easy,BranchBoundMRV,1,5,0.001365708,69,1
easy_028,Easy,OpenMP,4,1,0.001283884,76,1
easy_028,Easy,OpenMP,4,2,0.001158953,76,1
easy_028,Easy,OpenMP,4,3,0.001113892,76,1
easy_028,Easy,OpenMP,4,4,0.001153946,76,1
easy_028,Easy,OpenMP,4,5,0.001181841,76,1
easy_028,Easy,OpenMP,8,1,0.001142025,76,1
easy_028,Easy,OpenMP,8,2,0.002959967,76,1
easy_028,Easy,OpenMP,8,3,0.001358032,76,1
easy_028,Easy,OpenMP,8,4,0.001464128,76,1
easy_028,Easy,OpenMP,8,5,0.001955032,76,1
easy_028,Easy,OpenMP,16,1,0.033967018,76,1
easy_028,Easy,OpenMP,16,2,0.005472898,76,1
easy_028,Easy,OpenMP,16,3,0.010045052,76,1
easy_028,Easy,OpenMP,16,4,0.017954111,76,1
easy_028,Easy,OpenMP,16,5,0.010973215,76,1
easy_028,Easy,OMP-BranchBoundMRV,4,1,0.001386166,76,1
easy_028,Easy,OMP-BranchBoundMRV,4,2,0.001384020,76,1
easy_028,Easy,OMP-BranchBoundMRV,4,3,0.001381159,76,1
easy_028,Easy,OMP-BranchBoundMRV,4,4,0.001379013,76,1
easy_028,Easy,OMP-BranchBoundMRV,4,5,0.001383066,76,1
easy_028,Easy,OMP-BranchBoundMRV,8,1,0.001410961,76,1
easy_028,Easy,OMP-BranchBoundMRV,8,2,0.003212929,76,1
easy_028,Easy,OMP-BranchBoundMRV,8,3,0.003286123,76,1
easy_028,Easy,OMP-BranchBoundMRV,8,4,0.002129078,76,1
easy_028,Easy,OMP-BranchBoundMRV,8,5,0.003316164,76,1
easy_028,Easy,OMP-BranchBoundMRV,16,1,0.037460089,76,1
easy_028,Easy,OMP-BranchBoundMRV,16,2,0.057912111,76,1
easy_028,Easy,OMP-BranchBoundMRV,16,3,0.012228966,76,1
easy_028,Easy,OMP-BranchBoundMRV,16,4,0.012665987,76,1
easy_028,Easy,OMP-BranchBoundMRV,16,5,0.007436037,76,1
easy_029,Easy,Serial,1,1,0.000492375,946,1
easy_029,Easy,Serial,1,2,0.000494459,946,1
easy_029,Easy,Serial,1,3,0.000543750,946,1
easy_029,Easy,Serial,1,4,0.000550958,946,1
easy_029,Easy,Serial,1,5,0.000494583,946,1
easy_029,Easy,Serial-MRV,1,1,0.000899833,61,1
easy_029,Easy,Serial-MRV,1,2,0.000790083,61,1
easy_029,Easy,Serial-MRV,1,3,0.000772416,61,1
easy_029,Easy,Serial-MRV,1,4,0.000803042,61,1
easy_029,Easy,Serial-MRV,1,5,0.000827084,61,1
easy_029,Easy,BranchBound,1,1,0.000419750,946,1
easy_029,Easy,BranchBound,1,2,0.000494125,946,1
easy_029,Easy,BranchBound,1,3,0.000463500,946,1
easy_029,Easy,BranchBound,1,4,0.000437500,946,1
easy_029,Easy,BranchBound,1,5,0.000468667,946,1
easy_029,Easy,BranchBoundMRV,1,1,0.001057041,61,1
easy_029,Easy,BranchBoundMRV,1,2,0.001044000,61,1
easy_029,Easy,BranchBoundMRV,1,3,0.001035000,61,1
easy_029,Easy,BranchBoundMRV,1,4,0.000977917,61,1
easy_029,Easy,BranchBoundMRV,1,5,0.001008666,61,1
easy_029,Easy,OpenMP,4,1,0.000841141,61,1
easy_029,Easy,OpenMP,4,2,0.000932932,61,1
easy_029,Easy,OpenMP,4,3,0.000841856,61,1
easy_029,Easy,OpenMP,4,4,0.000952959,61,1
easy_029,Easy,OpenMP,4,5,0.000832081,61,1
easy_029,Easy,OpenMP,8,1,0.009899139,61,1
easy_029,Easy,OpenMP,8,2,0.005152941,61,1
easy_029,Easy,OpenMP,8,3,0.006971121,61,1
easy_029,Easy,OpenMP,8,4,0.001851797,61,1
easy_029,Easy,OpenMP,8,5,0.000875950,61,1
easy_029,Easy,OpenMP,16,1,0.013864040,61,1
easy_029,Easy,OpenMP,16,2,0.012329102,61,1
easy_029,Easy,OpenMP,16,3,0.034298897,61,1
easy_029,Easy,OpenMP,16,4,0.015496969,61,1
easy_029,Easy,OpenMP,16,5,0.033210993,61,1
easy_029,Easy,OMP-BranchBoundMRV,4,1,0.001027107,61,1
easy_029,Easy,OMP-BranchBoundMRV,4,2,0.001024008,61,1
easy_029,Easy,OMP-BranchBoundMRV,4,3,0.001065016,61,1
easy_029,Easy,OMP-BranchBoundMRV,4,4,0.001035929,61,1
easy_029,Easy,OMP-BranchBoundMRV,4,5,0.001110792,61,1
easy_029,Easy,OMP-BranchBoundMRV,8,1,0.001014948,61,1
easy_029,Easy,OMP-BranchBoundMRV,8,2,0.001020193,61,1
easy_029,Easy,OMP-BranchBoundMRV,8,3,0.001027107,61,1
easy_029,Easy,OMP-BranchBoundMRV,8,4,0.001024008,61,1
easy_029,Easy,OMP-BranchBoundMRV,8,5,0.001013994,61,1
easy_029,Easy,OMP-BranchBoundMRV,16,1,0.020673990,61,1
easy_029,Easy,OMP-BranchBoundMRV,16,2,0.013530016,61,1
easy_029,Easy,OMP-BranchBoundMRV,16,3,0.033801794,61,1
easy_029,Easy,OMP-BranchBoundMRV,16,4,0.012158155,61,1
easy_029,Easy,OMP-BranchBoundMRV,16,5,0.005395174,61,1
easy_030,Easy,Serial,1,1,0.000356292,465,1
easy_030,Easy,Serial,1,2,0.000221875,465,1
easy_030,Easy,Serial,1,3,0.000220833,465,1
easy_030,Easy,Serial,1,4,0.000220625,465,1
easy_030,Easy,Serial,1,5,0.000223708,465,1
easy_030,Easy,Serial-MRV,1,1,0.000668292,49,1
easy_030,Easy,Serial-MRV,1,2,0.000719750,49,1
easy_030,Easy,Serial-MRV,1,3,0.000614750,49,1
easy_030,Easy,Serial-MRV,1,4,0.000673583,49,1
easy_030,Easy,Serial-MRV,1,5,0.000648250,49,1
easy_030,Easy,BranchBound,1,1,0.000187000,465,1
easy_030,Easy,BranchBound,1,2,0.000184584,465,1
easy_030,Easy,BranchBound,1,3,0.000182416,465,1
easy_030,Easy,BranchBound,1,4,0.000182125,465,1
easy_030,Easy,BranchBound,1,5,0.000193125,465,1
easy_030,Easy,BranchBoundMRV,1,1,0.000841958,49,1
easy_030,Easy,BranchBoundMRV,1,2,0.000755500,49,1
easy_030,Easy,BranchBoundMRV,1,3,0.000840125,49,1
easy_030,Easy,BranchBoundMRV,1,4,0.000753125,49,1
easy_030,Easy,BranchBoundMRV,1,5,0.000730208,49,1
easy_030,Easy,OpenMP,4,1,0.000667810,49,1
easy_030,Easy,OpenMP,4,2,0.000680923,49,1
easy_030,Easy,OpenMP,4,3,0.000652790,49,1
easy_030,Easy,OpenMP,4,4,0.000658989,49,1
easy_030,Easy,OpenMP,4,5,0.000658035,49,1
easy_030,Easy,OpenMP,8,1,0.001877069,49,1
easy_030,Easy,OpenMP,8,2,0.001140118,49,1
easy_030,Easy,OpenMP,8,3,0.000707150,49,1
easy_030,Easy,OpenMP,8,4,0.001613855,49,1
easy_030,Easy,OpenMP,8,5,0.001135826,49,1
easy_030,Easy,OpenMP,16,1,0.008975029,49,1
easy_030,Easy,OpenMP,16,2,0.006190062,49,1
easy_030,Easy,OpenMP,16,3,0.009140015,49,1
easy_030,Easy,OpenMP,16,4,0.003985167,49,1
easy_030,Easy,OpenMP,16,5,0.020648956,49,1
easy_030,Easy,OMP-BranchBoundMRV,4,1,0.000820875,49,1
easy_030,Easy,OMP-BranchBoundMRV,4,2,0.000844002,49,1
easy_030,Easy,OMP-BranchBoundMRV,4,3,0.000787020,49,1
easy_030,Easy,OMP-BranchBoundMRV,4,4,0.000787973,49,1
easy_030,Easy,OMP-BranchBoundMRV,4,5,0.000788927,49,1
easy_030,Easy,OMP-BranchBoundMRV,8,1,0.001600027,49,1
easy_030,Easy,OMP-BranchBoundMRV,8,2,0.000787020,49,1
easy_030,Easy,OMP-BranchBoundMRV,8,3,0.000793934,49,1
easy_030,Easy,OMP-BranchBoundMRV,8,4,0.001718998,49,1
easy_030,Easy,OMP-BranchBoundMRV,8,5,0.000811100,49,1
easy_030,Easy,OMP-BranchBoundMRV,16,1,0.024830103,49,1
easy_030,Easy,OMP-BranchBoundMRV,16,2,0.024675131,49,1
easy_030,Easy,OMP-BranchBoundMRV,16,3,0.040326118,49,1
easy_030,Easy,OMP-BranchBoundMRV,16,4,0.022757053,49,1
easy_030,Easy,OMP-BranchBoundMRV,16,5,0.027491093,49,1
easy_031,Easy,Serial,1,1,0.000034084,68,1
easy_031,Easy,Serial,1,2,0.000027333,68,1
easy_031,Easy,Serial,1,3,0.000026834,68,1
easy_031,Easy,Serial,1,4,0.000024459,68,1
easy_031,Easy,Serial,1,5,0.000023959,68,1
easy_031,Easy,Serial-MRV,1,1,0.000539250,45,1
easy_031,Easy,Serial-MRV,1,2,0.000623458,45,1
easy_031,Easy,Serial-MRV,1,3,0.000520166,45,1
easy_031,Easy,Serial-MRV,1,4,0.000490875,45,1
easy_031,Easy,Serial-MRV,1,5,0.000490917,45,1
easy_031,Easy,BranchBound,1,1,0.000026458,68,1
easy_031,Easy,BranchBound,1,2,0.000028792,68,1
easy_031,Easy,BranchBound,1,3,0.000023458,68,1
easy_031,Easy,BranchBound,1,4,0.000029000,68,1
easy_031,Easy,BranchBound,1,5,0.000031500,68,1
easy_031,Easy,BranchBoundMRV,1,1,0.000572709,45,1
easy_031,Easy,BranchBoundMRV,1,2,0.000539417,45,1
easy_031,Easy,BranchBoundMRV,1,3,0.000507458,45,1
easy_031,Easy,BranchBoundMRV,1,4,0.000637250,45,1
easy_031,Easy,BranchBoundMRV,1,5,0.000563584,45,1
easy_031,Easy,OpenMP,4,1,0.000555992,45,1
easy_031,Easy,OpenMP,4,2,0.000547886,45,1
easy_031,Easy,OpenMP,4,3,0.000536919,45,1
easy_031,Easy,OpenMP,4,4,0.000533104,45,1
easy_031,Easy,OpenMP,4,5,0.000538111,45,1
easy_031,Easy,OpenMP,8,1,0.000629902,45,1
easy_031,Easy,OpenMP,8,2,0.000556946,45,1
easy_031,Easy,OpenMP,8,3,0.001178026,45,1
easy_031,Easy,OpenMP,8,4,0.001216888,45,1
easy_031,Easy,OpenMP,8,5,0.001439810,45,1
easy_031,Easy,OpenMP,16,1,0.005384922,45,1
easy_031,Easy,OpenMP,16,2,0.014528990,45,1
easy_031,Easy,OpenMP,16,3,0.011604071,45,1
easy_031,Easy,OpenMP,16,4,0.021436930,45,1
easy_031,Easy,OpenMP,16,5,0.014994860,45,1
easy_031,Easy,OMP-BranchBoundMRV,4,1,0.000591040,45,1
easy_031,Easy,OMP-BranchBoundMRV,4,2,0.000693798,45,1
easy_031,Easy,OMP-BranchBoundMRV,4,3,0.000618935,45,1
easy_031,Easy,OMP-BranchBoundMRV,4,4,0.000584126,45,1
easy_031,Easy,OMP-BranchBoundMRV,4,5,0.000562906,45,1
easy_031,Easy,OMP-BranchBoundMRV,8,1,0.000571966,45,1
easy_031,Easy,OMP-BranchBoundMRV,8,2,0.001580000,45,1
easy_031,Easy,OMP-BranchBoundMRV,8,3,0.000608921,45,1
easy_031,Easy,OMP-BranchBoundMRV,8,4,0.000660896,45,1
easy_031,Easy,OMP-BranchBoundMRV,8,5,0.000907898,45,1
easy_031,Easy,OMP-BranchBoundMRV,16,1,0.010084867,45,1
easy_031,Easy,OMP-BranchBoundMRV,16,2,0.019810915,45,1
easy_031,Easy,OMP-BranchBoundMRV,16,3,0.035002947,45,1
easy_031,Easy,OMP-BranchBoundMRV,16,4,0.015415907,45,1
easy_031,Easy,OMP-BranchBoundMRV,16,5,0.004670858,45,1
easy_032,Easy,Serial,1,1,0.000964791,1952,1
easy_032,Easy,Serial,1,2,0.001059791,1952,1
easy_032,Easy,Serial,1,3,0.001045625,1952,1
easy_032,Easy,Serial,1,4,0.000953875,1952,1
easy_032,Easy,Serial,1,5,0.001043958,1952,1
easy_032,Easy,Serial-MRV,1,1,0.000815208,59,1
easy_032,Easy,Serial-MRV,1,2,0.000832375,59,1
easy_032,Easy,Serial-MRV,1,3,0.000887958,59,1
easy_032,Easy,Serial-MRV,1,4,0.001182583,59,1
easy_032,Easy,Serial-MRV,1,5,0.000911917,59,1
easy_032,Easy,BranchBound,1,1,0.000876500,1952,1
easy_032,Easy,BranchBound,1,2,0.000876042,1952,1
easy_032,Easy,BranchBound,1,3,0.000924459,1952,1
easy_032,Easy,BranchBound,1,4,0.000875791,1952,1
easy_032,Easy,BranchBound,1,5,0.000995166,1952,1
easy_032,Easy,BranchBoundMRV,1,1,0.001173375,59,1
easy_032,Easy,BranchBoundMRV,1,2,0.001296791,59,1
easy_032,Easy,BranchBoundMRV,1,3,0.001120167,59,1
easy_032,Easy,BranchBoundMRV,1,4,0.001092750,59,1
easy_032,Easy,BranchBoundMRV,1,5,0.001045625,59,1
easy_032,Easy,OpenMP,4,1,0.000864983,59,1
easy_032,Easy,OpenMP,4,2,0.000849962,59,1
easy_032,Easy,OpenMP,4,3,0.000846863,59,1
easy_032,Easy,OpenMP,4,4,0.000846863,59,1
easy_032,Easy,OpenMP,4,5,0.000841856,59,1
easy_032,Easy,OpenMP,8,1,0.000852823,59,1
easy_032,Easy,OpenMP,8,2,0.004581928,59,1
easy_032,Easy,OpenMP,8,3,0.000962019,59,1
easy_032,Easy,OpenMP,8,4,0.000998020,59,1
easy_032,Easy,OpenMP,8,5,0.000852108,59,1
easy_032,Easy,OpenMP,16,1,0.027815104,59,1
easy_032,Easy,OpenMP,16,2,0.036656857,59,1
easy_032,Easy,OpenMP,16,3,0.028619051,59,1
easy_032,Easy,OpenMP,16,4,0.028157949,59,1
easy_032,Easy,OpenMP,16,5,0.040266991,59,1
easy_032,Easy,OMP-BranchBoundMRV,4,1,0.001214981,59,1
easy_032,Easy,OMP-BranchBoundMRV,4,2,0.001131058,59,1
easy_032,Easy,OMP-BranchBoundMRV,4,3,0.001123905,59,1
easy_032,Easy,OMP-BranchBoundMRV,4,4,0.001118898,59,1
easy_032,Easy,OMP-BranchBoundMRV,4,5,0.001122952,59,1
easy_032,Easy,OMP-BranchBoundMRV,8,1,0.009825945,59,1
easy_032,Easy,OMP-BranchBoundMRV,8,2,0.009923935,59,1
easy_032,Easy,OMP-BranchBoundMRV,8,3,0.002393007,59,1
easy_032,Easy,OMP-BranchBoundMRV,8,4,0.006002188,59,1
easy_032,Easy,OMP-BranchBoundMRV,8,5,0.001270056,59,1
easy_032,Easy,OMP-BranchBoundMRV,16,1,0.018196106,59,1
easy_032,Easy,OMP-BranchBoundMRV,16,2,0.011474133,59,1
easy_032,Easy,OMP-BranchBoundMRV,16,3,0.016476154,59,1
easy_032,Easy,OMP-BranchBoundMRV,16,4,0.007534027,59,1
easy_032,Easy,OMP-BranchBoundMRV,16,5,0.028398991,59,1
easy_033,Easy,Serial,1,1,0.000440541,521,1
easy_033,Easy,Serial,1,2,0.000249834,521,1
easy_033,Easy,Serial,1,3,0.000242625,521,1
easy_033,Easy,Serial,1,4,0.000276334,521,1
easy_033,Easy,Serial,1,5,0.000248333,521,1
easy_033,Easy,Serial-MRV,1,1,0.000853125,53,1
easy_033,Easy,Serial-MRV,1,2,0.000761084,53,1
easy_033,Easy,Serial-MRV,1,3,0.000805916,53,1
easy_033,Easy,Serial-MRV,1,4,0.000759459,53,1
easy_033,Easy,Serial-MRV,1,5,0.000720916,53,1
easy_033,Easy,BranchBound,1,1,0.000202291,521,1
easy_033,Easy,BranchBound,1,2,0.000196417,521,1
easy_033,Easy,BranchBound,1,3,0.000196125,521,1
easy_033,Easy,BranchBound,1,4,0.000226750,521,1
easy_033,Easy,BranchBound,1,5,0.000226875,521,1
easy_033,Easy,BranchBoundMRV,1,1,0.001172333,53,1
easy_033,Easy,BranchBoundMRV,1,2,0.001122958,53,1
easy_033,Easy,BranchBoundMRV,1,3,0.001105417,53,1
easy_033,Easy,BranchBoundMRV,1,4,0.001199458,53,1
easy_033,Easy,BranchBoundMRV,1,5,0.001126875,53,1
easy_033,Easy,OpenMP,4,1,0.000844002,53,1
easy_033,Easy,OpenMP,4,2,0.000803947,53,1
easy_033,Easy,OpenMP,4,3,0.000803947,53,1
easy_033,Easy,OpenMP,4,4,0.000810862,53,1
easy_033,Easy,OpenMP,4,5,0.001060009,53,1
easy_033,Easy,OpenMP,8,1,0.000833035,53,1
easy_033,Easy,OpenMP,8,2,0.000784159,53,1
easy_033,Easy,OpenMP,8,3,0.000879049,53,1
easy_033,Easy,OpenMP,8,4,0.001616955,53,1
easy_033,Easy,OpenMP,8,5,0.000788927,53,1
easy_033,Easy,OpenMP,16,1,0.022495985,53,1
easy_033,Easy,OpenMP,16,2,0.020091057,53,1
easy_033,Easy,OpenMP,16,3,0.015558958,53,1
easy_033,Easy,OpenMP,16,4,0.045106888,53,1
easy_033,Easy,OpenMP,16,5,0.040099144,53,1
easy_033,Easy,OMP-BranchBoundMRV,4,1,0.001173973,53,1
easy_033,Easy,OMP-BranchBoundMRV,4,2,0.001188040,53,1
easy_033,Easy,OMP-BranchBoundMRV,4,3,0.001169920,53,1
easy_033,Easy,OMP-BranchBoundMRV,4,4,0.001167059,53,1
easy_033,Easy,OMP-BranchBoundMRV,4,5,0.001168966,53,1
easy_033,Easy,OMP-BranchBoundMRV,8,1,0.001247168,53,1
easy_033,Easy,OMP-BranchBoundMRV,8,2,0.001178980,53,1
easy_033,Easy,OMP-BranchBoundMRV,8,3,0.001194954,53,1
easy_033,Easy,OMP-BranchBoundMRV,8,4,0.001404047,53,1
easy_033,Easy,OMP-BranchBoundMRV,8,5,0.001166105,53,1
easy_033,Easy,OMP-BranchBoundMRV,16,1,0.038224936,53,1
easy_033,Easy,OMP-BranchBoundMRV,16,2,0.021200895,53,1
easy_033,Easy,OMP-BranchBoundMRV,16,3,0.007457018,53,1
easy_033,Easy,OMP-BranchBoundMRV,16,4,0.011497974,53,1
easy_033,Easy,OMP-BranchBoundMRV,16,5,0.009164810,53,1
easy_034,Easy,Serial,1,1,0.000202291,373,1
easy_034,Easy,Serial,1,2,0.000199667,373,1
easy_034,Easy,Serial,1,3,0.000179250,373,1
easy_034,Easy,Serial,1,4,0.000177584,373,1
easy_034,Easy,Serial,1,5,0.000177333,373,1
easy_034,Easy,Serial-MRV,1,1,0.000493958,44,1
easy_034,Easy,Serial-MRV,1,2,0.000491792,44,1
easy_034,Easy,Serial-MRV,1,3,0.000567667,44,1
easy_034,Easy,Serial-MRV,1,4,0.004655292,44,1
easy_034,Easy,Serial-MRV,1,5,0.006949750,44,1
easy_034,Easy,BranchBound,1,1,0.000417958,373,1
easy_034,Easy,BranchBound,1,2,0.000187958,373,1
easy_034,Easy,BranchBound,1,3,0.003374042,373,1
easy_034,Easy,BranchBound,1,4,0.000269500,373,1
easy_034,Easy,BranchBound,1,5,0.000737375,373,1
easy_034,Easy,BranchBoundMRV,1,1,0.001133667,44,1
easy_034,Easy,BranchBoundMRV,1,2,0.000712292,44,1
easy_034,Easy,BranchBoundMRV,1,3,0.000740292,44,1
easy_034,Easy,BranchBoundMRV,1,4,0.000717917,44,1
easy_034,Easy,BranchBoundMRV,1,5,0.000796542,44,1
easy_034,Easy,OpenMP,4,1,0.000958204,44,1
easy_034,Easy,OpenMP,4,2,0.000562906,44,1
easy_034,Easy,OpenMP,4,3,0.000679970,44,1
easy_034,Easy,OpenMP,4,4,0.000615120,44,1
easy_034,Easy,OpenMP,4,5,0.000722885,44,1
easy_034,Easy,OpenMP,8,1,0.008423090,44,1
easy_034,Easy,OpenMP,8,2,0.003028870,44,1
easy_034,Easy,OpenMP,8,3,0.004055977,44,1
easy_034,Easy,OpenMP,8,4,0.000954866,44,1
easy_034,Easy,OpenMP,8,5,0.000564098,44,1
easy_034,Easy,OpenMP,16,1,0.014420986,44,1
easy_034,Easy,OpenMP,16,2,0.036976814,44,1
easy_034,Easy,OpenMP,16,3,0.083315849,44,1
easy_034,Easy,OpenMP,16,4,0.025618076,44,1
easy_034,Easy,OpenMP,16,5,0.033746004,44,1
easy_034,Easy,OMP-BranchBoundMRV,4,1,0.000816107,44,1
easy_034,Easy,OMP-BranchBoundMRV,4,2,0.000843048,44,1
easy_034,Easy,OMP-BranchBoundMRV,4,3,0.000886202,44,1
easy_034,Easy,OMP-BranchBoundMRV,4,4,0.000756979,44,1
easy_034,Easy,OMP-BranchBoundMRV,4,5,0.000849962,44,1
easy_034,Easy,OMP-BranchBoundMRV,8,1,0.010062933,44,1
easy_034,Easy,OMP-BranchBoundMRV,8,2,0.030050993,44,1
easy_034,Easy,OMP-BranchBoundMRV,8,3,0.009119987,44,1
easy_034,Easy,OMP-BranchBoundMRV,8,4,0.001266956,44,1
easy_034,Easy,OMP-BranchBoundMRV,8,5,0.000861883,44,1
easy_034,Easy,OMP-BranchBoundMRV,16,1,0.010519028,44,1
easy_034,Easy,OMP-BranchBoundMRV,16,2,0.005155087,44,1
easy_034,Easy,OMP-BranchBoundMRV,16,3,0.010566950,44,1
easy_034,Easy,OMP-BranchBoundMRV,16,4,0.039229870,44,1
easy_034,Easy,OMP-BranchBoundMRV,16,5,0.006124973,44,1
easy_035,Easy,Serial,1,1,0.000179375,204,1
easy_035,Easy,Serial,1,2,0.000098917,204,1
easy_035,Easy,Serial,1,3,0.000117667,204,1
easy_035,Easy,Serial,1,4,0.000110083,204,1
easy_035,Easy,Serial,1,5,0.000092750,204,1
easy_035,Easy,Serial-MRV,1,1,0.000831500,53,1
easy_035,Easy,Serial-MRV,1,2,0.000835792,53,1
easy_035,Easy,Serial-MRV,1,3,0.000787917,53,1
easy_035,Easy,Serial-MRV,1,4,0.000770250,53,1
easy_035,Easy,Serial-MRV,1,5,0.000770375,53,1
easy_035,Easy,BranchBound,1,1,0.000094333,204,1
easy_035,Easy,BranchBound,1,2,0.000086000,204,1
easy_035,Easy,BranchBound,1,3,0.000085667,204,1
easy_035,Easy,BranchBound,1,4,0.000087000,204,1
easy_035,Easy,BranchBound,1,5,0.000085833,204,1
easy_035,Easy,BranchBoundMRV,1,1,0.001080209,53,1
easy_035,Easy,BranchBoundMRV,1,2,0.001044041,53,1
easy_035,Easy,BranchBoundMRV,1,3,0.001039792,53,1
easy_035,Easy,BranchBoundMRV,1,4,0.001122458,53,1
easy_035,Easy,BranchBoundMRV,1,5,0.001064417,53,1
easy_035,Easy,OpenMP,4,1,0.000813007,53,1
easy_035,Easy,OpenMP,4,2,0.000802040,53,1
easy_035,Easy,OpenMP,4,3,0.000792980,53,1
easy_035,Easy,OpenMP,4,4,0.000796080,53,1
easy_035,Easy,OpenMP,4,5,0.000792980,53,1
easy_035,Easy,OpenMP,8,1,0.000811100,53,1
easy_035,Easy,OpenMP,8,2,0.000792027,53,1
easy_035,Easy,OpenMP,8,3,0.001800060,53,1
easy_035,Easy,OpenMP,8,4,0.001636028,53,1
easy_035,Easy,OpenMP,8,5,0.000824928,53,1
easy_035,Easy,OpenMP,16,1,0.026544094,53,1
easy_035,Easy,OpenMP,16,2,0.020129919,53,1
easy_035,Easy,OpenMP,16,3,0.031195879,53,1
easy_035,Easy,OpenMP,16,4,0.014937878,53,1
easy_035,Easy,OpenMP,16,5,0.012945890,53,1
easy_035,Easy,OMP-BranchBoundMRV,4,1,0.001329899,53,1
easy_035,Easy,OMP-BranchBoundMRV,4,2,0.001228094,53,1
easy_035,Easy,OMP-BranchBoundMRV,4,3,0.001170874,53,1
easy_035,Easy,OMP-BranchBoundMRV,4,4,0.001137972,53,1
easy_035,Easy,OMP-BranchBoundMRV,4,5,0.001136065,53,1
easy_035,Easy,OMP-BranchBoundMRV,8,1,0.011626005,53,1
easy_035,Easy,OMP-BranchBoundMRV,8,2,0.012351036,53,1
easy_035,Easy,OMP-BranchBoundMRV,8,3,0.007009983,53,1
easy_035,Easy,OMP-BranchBoundMRV,8,4,0.001147985,53,1
easy_035,Easy,OMP-BranchBoundMRV,8,5,0.001119137,53,1
easy_035,Easy,OMP-BranchBoundMRV,16,1,0.034759998,53,1
easy_035,Easy,OMP-BranchBoundMRV,16,2,0.039170027,53,1
easy_035,Easy,OMP-BranchBoundMRV,16,3,0.029783964,53,1
easy_035,Easy,OMP-BranchBoundMRV,16,4,0.033262968,53,1
easy_035,Easy,OMP-BranchBoundMRV,16,5,0.035742044,53,1
easy_036,Easy,Serial,1,1,0.001957000,4004,1
easy_036,Easy,Serial,1,2,0.002991834,4004,1
easy_036,Easy,Serial,1,3,0.001973708,4004,1
easy_036,Easy,Serial,1,4,0.003977875,4004,1
easy_036,Easy,Serial,1,5,0.002295459,4004,1
easy_036,Easy,Serial-MRV,1,1,0.002876500,89,1
easy_036,Easy,Serial-MRV,1,2,0.003406334,89,1
easy_036,Easy,Serial-MRV,1,3,0.001529958,89,1
easy_036,Easy,Serial-MRV,1,4,0.003543875,89,1
easy_036,Easy,Serial-MRV,1,5,0.004781417,89,1
easy_036,Easy,BranchBound,1,1,0.002164625,4004,1
easy_036,Easy,BranchBound,1,2,0.008467292,4004,1
easy_036,Easy,BranchBound,1,3,0.005245833,4004,1
easy_036,Easy,BranchBound,1,4,0.010146000,4004,1
easy_036,Easy,BranchBound,1,5,0.012045750,4004,1
easy_036,Easy,BranchBoundMRV,1,1,0.002646542,89,1
easy_036,Easy,BranchBoundMRV,1,2,0.004197291,89,1
easy_036,Easy,BranchBoundMRV,1,3,0.012362459,89,1
easy_036,Easy,BranchBoundMRV,1,4,0.006108666,89,1
easy_036,Easy,BranchBoundMRV,1,5,0.007026500,89,1
easy_036,Easy,OpenMP,4,1,0.028682947,89,1
easy_036,Easy,OpenMP,4,2,0.002099037,89,1
easy_036,Easy,OpenMP,4,3,0.004823923,89,1
easy_036,Easy,OpenMP,4,4,0.019365788,89,1
easy_036,Easy,OpenMP,4,5,0.005035162,89,1
easy_036,Easy,OpenMP,8,1,0.014792919,89,1
easy_036,Easy,OpenMP,8,2,0.113219023,89,1
easy_036,Easy,OpenMP,8,3,0.025009155,89,1
easy_036,Easy,OpenMP,8,4,0.014807940,89,1
easy_036,Easy,OpenMP,8,5,0.013826847,89,1
easy_036,Easy,OpenMP,16,1,0.026522875,89,1
easy_036,Easy,OpenMP,16,2,0.017937899,89,1
easy_036,Easy,OpenMP,16,3,0.011031151,89,1
easy_036,Easy,OpenMP,16,4,0.014635801,89,1
easy_036,Easy,OpenMP,16,5,0.011562109,89,1
easy_036,Easy,OMP-BranchBoundMRV,4,1,0.001955986,89,1
easy_036,Easy,OMP-BranchBoundMRV,4,2,0.002573013,89,1
easy_036,Easy,OMP-BranchBoundMRV,4,3,0.001997948,89,1
easy_036,Easy,OMP-BranchBoundMRV,4,4,0.001956940,89,1
easy_036,Easy,OMP-BranchBoundMRV,4,5,0.002187014,89,1
easy_036,Easy,OMP-BranchBoundMRV,8,1,0.003842115,89,1
easy_036,Easy,OMP-BranchBoundMRV,8,2,0.003124952,89,1
easy_036,Easy,OMP-BranchBoundMRV,8,3,0.001959085,89,1
easy_036,Easy,OMP-BranchBoundMRV,8,4,0.001850843,89,1
easy_036,Easy,OMP-BranchBoundMRV,8,5,0.004787922,89,1
easy_036,Easy,OMP-BranchBoundMRV,16,1,0.011073112,89,1
easy_036,Easy,OMP-BranchBoundMRV,16,2,0.016180038,89,1
easy_036,Easy,OMP-BranchBoundMRV,16,3,0.011412144,89,1
easy_036,Easy,OMP-BranchBoundMRV,16,4,0.006070852,89,1
easy_036,Easy,OMP-BranchBoundMRV,16,5,0.005808830,89,1
easy_037,Easy,Serial,1,1,0.001833500,3906,1
easy_037,Easy,Serial,1,2,0.001868375,3906,1
easy_037,Easy,Serial,1,3,0.001941250,3906,1
easy_037,Easy,Serial,1,4,0.001788084,3906,1
easy_037,Easy,Serial,1,5,0.002012208,3906,1
easy_037,Easy,Serial-MRV,1,1,0.000734125,52,1
easy_037,Easy,Serial-MRV,1,2,0.000749542,52,1
easy_037,Easy,Serial-MRV,1,3,0.000733750,52,1
easy_037,Easy,Serial-MRV,1,4,0.000724250,52,1
easy_037,Easy,Serial-MRV,1,5,0.000822791,52,1
easy_037,Easy,BranchBound,1,1,0.001722000,3906,1
easy_037,Easy,BranchBound,1,2,0.001578875,3906,1
easy_037,Easy,BranchBound,1,3,0.001638208,3906,1
easy_037,Easy,BranchBound,1,4,0.001577417,3906,1
easy_037,Easy,BranchBound,1,5,0.001602791,3906,1
easy_037,Easy,BranchBoundMRV,1,1,0.001115000,52,1
easy_037,Easy,BranchBoundMRV,1,2,0.001079292,52,1
easy_037,Easy,BranchBoundMRV,1,3,0.001088833,52,1
easy_037,Easy,BranchBoundMRV,1,4,0.001112500,52,1
easy_037,Easy,BranchBoundMRV,1,5,0.001215292,52,1
easy_037,Easy,OpenMP,4,1,0.000828981,52,1
easy_037,Easy,OpenMP,4,2,0.000794888,52,1
easy_037,Easy,OpenMP,4,3,0.000742912,52,1
easy_037,Easy,OpenMP,4,4,0.000785828,52,1
easy_037,Easy,OpenMP,4,5,0.000789881,52,1
easy_037,Easy,OpenMP,8,1,0.000825882,52,1
easy_037,Easy,OpenMP,8,2,0.002437830,52,1
easy_037,Easy,OpenMP,8,3,0.001660824,52,1
easy_037,Easy,OpenMP,8,4,0.002020121,52,1
easy_037,Easy,OpenMP,8,5,0.001688957,52,1
easy_037,Easy,OpenMP,16,1,0.020663023,52,1
easy_037,Easy,OpenMP,16,2,0.019476175,52,1
easy_037,Easy,OpenMP,16,3,0.025825024,52,1
easy_037,Easy,OpenMP,16,4,0.015590906,52,1
easy_037,Easy,OpenMP,16,5,0.035530806,52,1
easy_037,Easy,OMP-BranchBoundMRV,4,1,0.001168013,52,1
easy_037,Easy,OMP-BranchBoundMRV,4,2,0.001143932,52,1
easy_037,Easy,OMP-BranchBoundMRV,4,3,0.001148939,52,1
easy_037,Easy,OMP-BranchBoundMRV,4,4,0.001142025,52,1
easy_037,Easy,OMP-BranchBoundMRV,4,5,0.001136065,52,1
easy_037,Easy,OMP-BranchBoundMRV,8,1,0.001269102,52,1
easy_037,Easy,OMP-BranchBoundMRV,8,2,0.001141071,52,1
easy_037,Easy,OMP-BranchBoundMRV,8,3,0.001404047,52,1
easy_037,Easy,OMP-BranchBoundMRV,8,4,0.001147032,52,1
easy_037,Easy,OMP-BranchBoundMRV,8,5,0.001138926,52,1
easy_037,Easy,OMP-BranchBoundMRV,16,1,0.049072027,52,1
easy_037,Easy,OMP-BranchBoundMRV,16,2,0.007754087,52,1
easy_037,Easy,OMP-BranchBoundMRV,16,3,0.009366989,52,1
easy_037,Easy,OMP-BranchBoundMRV,16,4,0.011888027,52,1
easy_037,Easy,OMP-BranchBoundMRV,16,5,0.009852886,52,1
easy_038,Easy,Serial,1,1,0.000698750,998,1
easy_038,Easy,Serial,1,2,0.000480584,998,1
easy_038,Easy,Serial,1,3,0.000540833,998,1
easy_038,Easy,Serial,1,4,0.000528875,998,1
easy_038,Easy,Serial,1,5,0.000499459,998,1
easy_038,Easy,Serial-MRV,1,1,0.000719667,49,1
easy_038,Easy,Serial-MRV,1,2,0.000615875,49,1
easy_038,Easy,Serial-MRV,1,3,0.000612167,49,1
easy_038,Easy,Serial-MRV,1,4,0.000596458,49,1
easy_038,Easy,Serial-MRV,1,5,0.000597208,49,1
easy_038,Easy,BranchBound,1,1,0.000434084,998,1
easy_038,Easy,BranchBound,1,2,0.000435500,998,1
easy_038,Easy,BranchBound,1,3,0.000420542,998,1
easy_038,Easy,BranchBound,1,4,0.000417125,998,1
easy_038,Easy,BranchBound,1,5,0.000421375,998,1
easy_038,Easy,BranchBoundMRV,1,1,0.000835291,49,1
easy_038,Easy,BranchBoundMRV,1,2,0.000842583,49,1
easy_038,Easy,BranchBoundMRV,1,3,0.001560292,49,1
easy_038,Easy,BranchBoundMRV,1,4,0.001099500,49,1
easy_038,Easy,BranchBoundMRV,1,5,0.000933334,49,1
easy_038,Easy,OpenMP,4,1,0.001521826,49,1
easy_038,Easy,OpenMP,4,2,0.000710011,49,1
easy_038,Easy,OpenMP,4,3,0.000638008,49,1
easy_038,Easy,OpenMP,4,4,0.000627041,49,1
easy_038,Easy,OpenMP,4,5,0.000631094,49,1
easy_038,Easy,OpenMP,8,1,0.001651049,49,1
easy_038,Easy,OpenMP,8,2,0.000726938,49,1
easy_038,Easy,OpenMP,8,3,0.001101971,49,1
easy_038,Easy,OpenMP,8,4,0.000633001,49,1
easy_038,Easy,OpenMP,8,5,0.000632048,49,1
easy_038,Easy,OpenMP,16,1,0.007266998,49,1
easy_038,Easy,OpenMP,16,2,0.019582987,49,1
easy_038,Easy,OpenMP,16,3,0.026836872,49,1
easy_038,Easy,OpenMP,16,4,0.053313971,49,1
easy_038,Easy,OpenMP,16,5,0.021506071,49,1
easy_038,Easy,OMP-BranchBoundMRV,4,1,0.000879765,49,1
easy_038,Easy,OMP-BranchBoundMRV,4,2,0.000874043,49,1
easy_038,Easy,OMP-BranchBoundMRV,4,3,0.000869989,49,1
easy_038,Easy,OMP-BranchBoundMRV,4,4,0.000880957,49,1
easy_038,Easy,OMP-BranchBoundMRV,4,5,0.000878096,49,1
easy_038,Easy,OMP-BranchBoundMRV,8,1,0.006897926,49,1
easy_038,Easy,OMP-BranchBoundMRV,8,2,0.004991055,49,1
easy_038,Easy,OMP-BranchBoundMRV,8,3,0.000863075,49,1
easy_038,Easy,OMP-BranchBoundMRV,8,4,0.001065016,49,1
easy_038,Easy,OMP-BranchBoundMRV,8,5,0.001626968,49,1
easy_038,Easy,OMP-BranchBoundMRV,16,1,0.053395987,49,1
easy_038,Easy,OMP-BranchBoundMRV,16,2,0.028146982,49,1
easy_038,Easy,OMP-BranchBoundMRV,16,3,0.005129099,49,1
easy_038,Easy,OMP-BranchBoundMRV,16,4,0.020292997,49,1
easy_038,Easy,OMP-BranchBoundMRV,16,5,0.013513088,49,1
easy_039,Easy,Serial,1,1,0.002395667,4455,1
easy_039,Easy,Serial,1,2,0.002226417,4455,1
easy_039,Easy,Serial,1,3,0.002404000,4455,1
easy_039,Easy,Serial,1,4,0.002103708,4455,1
easy_039,Easy,Serial,1,5,0.002299500,4455,1
easy_039,Easy,Serial-MRV,1,1,0.001486000,87,1
easy_039,Easy,Serial-MRV,1,2,0.001686375,87,1
easy_039,Easy,Serial-MRV,1,3,0.001841125,87,1
easy_039,Easy,Serial-MRV,1,4,0.001243584,87,1
easy_039,Easy,Serial-MRV,1,5,0.001262625,87,1
easy_039,Easy,BranchBound,1,1,0.002011417,4455,1
easy_039,Easy,BranchBound,1,2,0.003590000,4455,1
easy_039,Easy,BranchBound,1,3,0.003190750,4455,1
easy_039,Easy,BranchBound,1,4,0.005143625,4455,1
easy_039,Easy,BranchBound,1,5,0.002921375,4455,1
easy_039,Easy,BranchBoundMRV,1,1,0.002867292,87,1
easy_039,Easy,BranchBoundMRV,1,2,0.002458959,87,1
easy_039,Easy,BranchBoundMRV,1,3,0.002461667,87,1
easy_039,Easy,BranchBoundMRV,1,4,0.006054916,87,1
easy_039,Easy,BranchBoundMRV,1,5,0.002876916,87,1
easy_039,Easy,OpenMP,4,1,0.007374048,87,1
easy_039,Easy,OpenMP,4,2,0.004838943,87,1
easy_039,Easy,OpenMP,4,3,0.003498077,87,1
easy_039,Easy,OpenMP,4,4,0.004982233,87,1
easy_039,Easy,OpenMP,4,5,0.003081083,87,1
easy_039,Easy,OpenMP,8,1,0.009097815,87,1
easy_039,Easy,OpenMP,8,2,0.014128923,87,1
easy_039,Easy,OpenMP,8,3,0.011506081,87,1
easy_039,Easy,OpenMP,8,4,0.012063980,87,1
easy_039,Easy,OpenMP,8,5,0.013115168,87,1
easy_039,Easy,OpenMP,16,1,0.043164968,87,1
easy_039,Easy,OpenMP,16,2,0.018537998,87,1
easy_039,Easy,OpenMP,16,3,0.004004002,87,1
easy_039,Easy,OpenMP,16,4,0.012306929,87,1
easy_039,Easy,OpenMP,16,5,0.100737810,87,1
easy_039,Easy,OMP-BranchBoundMRV,4,1,0.015044928,87,1
easy_039,Easy,OMP-BranchBoundMRV,4,2,0.004534960,87,1
easy_039,Easy,OMP-BranchBoundMRV,4,3,0.007280111,87,1
easy_039,Easy,OMP-BranchBoundMRV,4,4,0.003581047,87,1
easy_039,Easy,OMP-BranchBoundMRV,4,5,0.004149914,87,1
easy_039,Easy,OMP-BranchBoundMRV,8,1,0.028103113,87,1
easy_039,Easy,OMP-BranchBoundMRV,8,2,0.024060965,87,1
easy_039,Easy,OMP-BranchBoundMRV,8,3,0.010966063,87,1
easy_039,Easy,OMP-BranchBoundMRV,8,4,0.007860184,87,1
easy_039,Easy,OMP-BranchBoundMRV,8,5,0.006290197,87,1
easy_039,Easy,OMP-BranchBoundMRV,16,1,0.020840883,87,1
easy_039,Easy,OMP-BranchBoundMRV,16,2,0.035986900,87,1
easy_039,Easy,OMP-BranchBoundMRV,16,3,0.038059950,87,1
easy_039,Easy,OMP-BranchBoundMRV,16,4,0.044646978,87,1
easy_039,Easy,OMP-BranchBoundMRV,16,5,0.018254042,87,1
easy_040,Easy,Serial,1,1,0.001867208,2995,1
easy_040,Easy,Serial,1,2,0.001830125,2995,1
easy_040,Easy,Serial,1,3,0.001667084,2995,1
easy_040,Easy,Serial,1,4,0.001727500,2995,1
easy_040,Easy,Serial,1,5,0.001771000,2995,1
easy_040,Easy,Serial-MRV,1,1,0.000915958,53,1
easy_040,Easy,Serial-MRV,1,2,0.001356917,53,1
easy_040,Easy,Serial-MRV,1,3,0.000809667,53,1
easy_040,Easy,Serial-MRV,1,4,0.000791125,53,1
easy_040,Easy,Serial-MRV,1,5,0.000815125,53,1
easy_040,Easy,BranchBound,1,1,0.001386000,2995,1
easy_040,Easy,BranchBound,1,2,0.001337875,2995,1
easy_040,Easy,BranchBound,1,3,0.001266625,2995,1
easy_040,Easy,BranchBound,1,4,0.001466292,2995,1
easy_040,Easy,BranchBound,1,5,0.001316166,2995,1
easy_040,Easy,BranchBoundMRV,1,1,0.001088291,53,1
easy_040,Easy,BranchBoundMRV,1,2,0.001091292,53,1
easy_040,Easy,BranchBoundMRV,1,3,0.001194333,53,1
easy_040,Easy,BranchBoundMRV,1,4,0.001105583,53,1
easy_040,Easy,BranchBoundMRV,1,5,0.001222917,53,1
easy_040,Easy,OpenMP,4,1,0.000814915,53,1
easy_040,Easy,OpenMP,4,2,0.001962900,53,1
easy_040,Easy,OpenMP,4,3,0.000787973,53,1
easy_040,Easy,OpenMP,4,4,0.001146078,53,1
easy_040,Easy,OpenMP,4,5,0.001653910,53,1
easy_040,Easy,OpenMP,8,1,0.014400005,53,1
easy_040,Easy,OpenMP,8,2,0.011970997,53,1
easy_040,Easy,OpenMP,8,3,0.011718988,53,1
easy_040,Easy,OpenMP,8,4,0.012932062,53,1
easy_040,Easy,OpenMP,8,5,0.004381895,53,1
easy_040,Easy,OpenMP,16,1,0.082702160,53,1
easy_040,Easy,OpenMP,16,2,0.014746904,53,1
easy_040,Easy,OpenMP,16,3,0.030951977,53,1
easy_040,Easy,OpenMP,16,4,0.015000105,53,1
easy_040,Easy,OpenMP,16,5,0.011099100,53,1
easy_040,Easy,OMP-BranchBoundMRV,4,1,0.002287865,53,1
easy_040,Easy,OMP-BranchBoundMRV,4,2,0.002059937,53,1
easy_040,Easy,OMP-BranchBoundMRV,4,3,0.008219957,53,1
easy_040,Easy,OMP-BranchBoundMRV,4,4,0.001739979,53,1
easy_040,Easy,OMP-BranchBoundMRV,4,5,0.005132914,53,1
easy_040,Easy,OMP-BranchBoundMRV,8,1,0.010892153,53,1
easy_040,Easy,OMP-BranchBoundMRV,8,2,0.001948118,53,1
easy_040,Easy,OMP-BranchBoundMRV,8,3,0.001698017,53,1
easy_040,Easy,OMP-BranchBoundMRV,8,4,0.006603003,53,1
easy_040,Easy,OMP-BranchBoundMRV,8,5,0.011611938,53,1
easy_040,Easy,OMP-BranchBoundMRV,16,1,0.027851105,53,1
easy_040,Easy,OMP-BranchBoundMRV,16,2,0.005896091,53,1
easy_040,Easy,OMP-BranchBoundMRV,16,3,0.008291960,53,1
easy_040,Easy,OMP-BranchBoundMRV,16,4,0.005427837,53,1
easy_040,Easy,OMP-BranchBoundMRV,16,5,0.010684013,53,1
easy_041,Easy,Serial,1,1,0.000174708,367,1
easy_041,Easy,Serial,1,2,0.000195750,367,1
easy_041,Easy,Serial,1,3,0.000388375,367,1
easy_041,Easy,Serial,1,4,0.000169667,367,1
easy_041,Easy,Serial,1,5,0.000178583,367,1
easy_041,Easy,Serial-MRV,1,1,0.006172916,53,1
easy_041,Easy,Serial-MRV,1,2,0.000744375,53,1
easy_041,Easy,Serial-MRV,1,3,0.000792750,53,1
easy_041,Easy,Serial-MRV,1,4,0.000789250,53,1
easy_041,Easy,Serial-MRV,1,5,0.000924208,53,1
easy_041,Easy,BranchBound,1,1,0.000518500,367,1
easy_041,Easy,BranchBound,1,2,0.000295584,367,1
easy_041,Easy,BranchBound,1,3,0.000156375,367,1
easy_041,Easy,BranchBound,1,4,0.000155291,367,1
easy_041,Easy,BranchBound,1,5,0.000281792,367,1
easy_041,Easy,BranchBoundMRV,1,1,0.002114084,53,1
easy_041,Easy,BranchBoundMRV,1,2,0.001178167,53,1
easy_041,Easy,BranchBoundMRV,1,3,0.000913917,53,1
easy_041,Easy,BranchBoundMRV,1,4,0.001232542,53,1
easy_041,Easy,BranchBoundMRV,1,5,0.001930167,53,1
easy_041,Easy,OpenMP,4,1,0.000872135,99,1
easy_041,Easy,OpenMP,4,2,0.000931978,76,1
easy_041,Easy,OpenMP,4,3,0.000866890,97,1
easy_041,Easy,OpenMP,4,4,0.001630783,99,1
easy_041,Easy,OpenMP,4,5,0.002530098,127,1
easy_041,Easy,OpenMP,8,1,0.012349129,127,1
easy_041,Easy,OpenMP,8,2,0.002534866,127,1
easy_041,Easy,OpenMP,8,3,0.001228094,75,1
easy_041,Easy,OpenMP,8,4,0.005064011,66,1
easy_041,Easy,OpenMP,8,5,0.023266077,66,1
easy_041,Easy,OpenMP,16,1,0.020785093,123,1
easy_041,Easy,OpenMP,16,2,0.005679846,73,1
easy_041,Easy,OpenMP,16,3,0.005670071,57,1
easy_041,Easy,OpenMP,16,4,0.004814148,98,1
easy_041,Easy,OpenMP,16,5,0.010491848,59,1
easy_041,Easy,OMP-BranchBoundMRV,4,1,0.000957966,64,1
easy_041,Easy,OMP-BranchBoundMRV,4,2,0.002048969,127,1
easy_041,Easy,OMP-BranchBoundMRV,4,3,0.001551867,105,1
easy_041,Easy,OMP-BranchBoundMRV,4,4,0.001077890,100,1
easy_041,Easy,OMP-BranchBoundMRV,4,5,0.001188993,73,1
easy_041,Easy,OMP-BranchBoundMRV,8,1,0.002763987,127,1
easy_041,Easy,OMP-BranchBoundMRV,8,2,0.001976013,96,1
easy_041,Easy,OMP-BranchBoundMRV,8,3,0.002035856,127,1
easy_041,Easy,OMP-BranchBoundMRV,8,4,0.001258850,89,1
easy_041,Easy,OMP-BranchBoundMRV,8,5,0.001168966,96,1
easy_041,Easy,OMP-BranchBoundMRV,16,1,0.008371115,127,1
easy_041,Easy,OMP-BranchBoundMRV,16,2,0.007521868,64,1
easy_041,Easy,OMP-BranchBoundMRV,16,3,0.018885851,96,1
easy_041,Easy,OMP-BranchBoundMRV,16,4,0.005103111,99,1
easy_041,Easy,OMP-BranchBoundMRV,16,5,0.007066965,64,1
easy_042,Easy,Serial,1,1,0.001647958,3317,1
easy_042,Easy,Serial,1,2,0.001775459,3317,1
easy_042,Easy,Serial,1,3,0.001839958,3317,1
easy_042,Easy,Serial,1,4,0.001683375,3317,1
easy_042,Easy,Serial,1,5,0.001757625,3317,1
easy_042,Easy,Serial-MRV,1,1,0.001179417,68,1
easy_042,Easy,Serial-MRV,1,2,0.001177750,68,1
easy_042,Easy,Serial-MRV,1,3,0.001227125,68,1
easy_042,Easy,Serial-MRV,1,4,0.001202125,68,1
easy_042,Easy,Serial-MRV,1,5,0.001250833,68,1
easy_042,Easy,BranchBound,1,1,0.001571500,3317,1
easy_042,Easy,BranchBound,1,2,0.001488833,3317,1
easy_042,Easy,BranchBound,1,3,0.001430417,3317,1
easy_042,Easy,BranchBound,1,4,0.001413792,3317,1
easy_042,Easy,BranchBound,1,5,0.001527042,3317,1
easy_042,Easy,BranchBoundMRV,1,1,0.001582584,68,1
easy_042,Easy,BranchBoundMRV,1,2,0.001586959,68,1
easy_042,Easy,BranchBoundMRV,1,3,0.001591208,68,1
easy_042,Easy,BranchBoundMRV,1,4,0.001584334,68,1
easy_042,Easy,BranchBoundMRV,1,5,0.001505125,68,1
easy_042,Easy,OpenMP,4,1,0.000945091,103,1
easy_042,Easy,OpenMP,4,2,0.000843048,94,1
easy_042,Easy,OpenMP,4,3,0.000874043,82,1
easy_042,Easy,OpenMP,4,4,0.000841856,97,1
easy_042,Easy,OpenMP,4,5,0.000831127,97,1
easy_042,Easy,OpenMP,8,1,0.003757000,124,1
easy_042,Easy,OpenMP,8,2,0.016027927,124,1
easy_042,Easy,OpenMP,8,3,0.018538952,104,1
easy_042,Easy,OpenMP,8,4,0.017089128,103,1
easy_042,Easy,OpenMP,8,5,0.003126860,69,1
easy_042,Easy,OpenMP,16,1,0.015969992,99,1
easy_042,Easy,OpenMP,16,2,0.037516832,124,1
easy_042,Easy,OpenMP,16,3,0.015634060,69,1
easy_042,Easy,OpenMP,16,4,0.064575195,69,1
easy_042,Easy,OpenMP,16,5,0.012773037,74,1
easy_042,Easy,OMP-BranchBoundMRV,4,1,0.006325006,72,1
easy_042,Easy,OMP-BranchBoundMRV,4,2,0.001250029,100,1
easy_042,Easy,OMP-BranchBoundMRV,4,3,0.001220942,104,1
easy_042,Easy,OMP-BranchBoundMRV,4,4,0.001219034,105,1
easy_042,Easy,OMP-BranchBoundMRV,4,5,0.001240015,100,1
easy_042,Easy,OMP-BranchBoundMRV,8,1,0.010229111,72,1
easy_042,Easy,OMP-BranchBoundMRV,8,2,0.027210951,102,1
easy_042,Easy,OMP-BranchBoundMRV,8,3,0.023683071,108,1
easy_042,Easy,OMP-BranchBoundMRV,8,4,0.014407158,105,1
easy_042,Easy,OMP-BranchBoundMRV,8,5,0.010708094,124,1
easy_042,Easy,OMP-BranchBoundMRV,16,1,0.022709131,97,1
easy_042,Easy,OMP-BranchBoundMRV,16,2,0.006229877,124,1
easy_042,Easy,OMP-BranchBoundMRV,16,3,0.008441925,92,1
easy_042,Easy,OMP-BranchBoundMRV,16,4,0.016616106,83,1
easy_042,Easy,OMP-BranchBoundMRV,16,5,0.024022818,82,1
easy_043,Easy,Serial,1,1,0.008440958,15642,1
easy_043,Easy,Serial,1,2,0.008427708,15642,1
easy_043,Easy,Serial,1,3,0.008424000,15642,1
easy_043,Easy,Serial,1,4,0.008445708,15642,1
easy_043,Easy,Serial,1,5,0.008436417,15642,1
easy_043,Easy,Serial-MRV,1,1,0.000802083,54,1
easy_043,Easy,Serial-MRV,1,2,0.000800958,54,1
easy_043,Easy,Serial-MRV,1,3,0.000801458,54,1
easy_043,Easy,Serial-MRV,1,4,0.000797958,54,1
easy_043,Easy,Serial-MRV,1,5,0.000797708,54,1
easy_043,Easy,BranchBound,1,1,0.007132125,15642,1
easy_043,Easy,BranchBound,1,2,0.006857833,15642,1
easy_043,Easy,BranchBound,1,3,0.006721084,15642,1
easy_043,Easy,BranchBound,1,4,0.007042542,15642,1
easy_043,Easy,BranchBound,1,5,0.014063167,15642,1
easy_043,Easy,BranchBoundMRV,1,1,0.001033208,54,1
easy_043,Easy,BranchBoundMRV,1,2,0.001115792,54,1
easy_043,Easy,BranchBoundMRV,1,3,0.002010292,54,1
easy_043,Easy,BranchBoundMRV,1,4,0.002261833,54,1
easy_043,Easy,BranchBoundMRV,1,5,0.002516167,54,1
easy_043,Easy,OpenMP,4,1,0.002254009,54,1
easy_043,Easy,OpenMP,4,2,0.001734972,54,1
easy_043,Easy,OpenMP,4,3,0.001567125,54,1
easy_043,Easy,OpenMP,4,4,0.000828981,54,1
easy_043,Easy,OpenMP,4,5,0.000826120,54,1
easy_043,Easy,OpenMP,8,1,0.023169041,54,1
easy_043,Easy,OpenMP,8,2,0.057049990,54,1
easy_043,Easy,OpenMP,8,3,0.017685890,54,1
easy_043,Easy,OpenMP,8,4,0.068948984,54,1
easy_043,Easy,OpenMP,8,5,0.000896215,54,1
easy_043,Easy,OpenMP,16,1,0.008875847,54,1
easy_043,Easy,OpenMP,16,2,0.054972887,54,1
easy_043,Easy,OpenMP,16,3,0.030169010,54,1
easy_043,Easy,OpenMP,16,4,0.011080027,54,1
easy_043,Easy,OpenMP,16,5,0.037739038,54,1
easy_043,Easy,OMP-BranchBoundMRV,4,1,0.014557123,54,1
easy_043,Easy,OMP-BranchBoundMRV,4,2,0.013934135,54,1
easy_043,Easy,OMP-BranchBoundMRV,4,3,0.001344919,54,1
easy_043,Easy,OMP-BranchBoundMRV,4,4,0.002000093,54,1
easy_043,Easy,OMP-BranchBoundMRV,4,5,0.004610777,54,1
easy_043,Easy,OMP-BranchBoundMRV,8,1,0.032624960,54,1
easy_043,Easy,OMP-BranchBoundMRV,8,2,0.003072977,54,1
easy_043,Easy,OMP-BranchBoundMRV,8,3,0.009772062,54,1
easy_043,Easy,OMP-BranchBoundMRV,8,4,0.009667873,54,1
easy_043,Easy,OMP-BranchBoundMRV,8,5,0.005632162,54,1
easy_043,Easy,OMP-BranchBoundMRV,16,1,0.008867979,54,1
easy_043,Easy,OMP-BranchBoundMRV,16,2,0.017109156,54,1
easy_043,Easy,OMP-BranchBoundMRV,16,3,0.026000023,54,1
easy_043,Easy,OMP-BranchBoundMRV,16,4,0.013424158,54,1
easy_043,Easy,OMP-BranchBoundMRV,16,5,0.048110008,54,1
easy_044,Easy,Serial,1,1,0.001541792,488,1
easy_044,Easy,Serial,1,2,0.000644334,488,1
easy_044,Easy,Serial,1,3,0.000320708,488,1
easy_044,Easy,Serial,1,4,0.000350958,488,1
easy_044,Easy,Serial,1,5,0.000286791,488,1
easy_044,Easy,Serial-MRV,1,1,0.000592250,48,1
easy_044,Easy,Serial-MRV,1,2,0.000732917,48,1
easy_044,Easy,Serial-MRV,1,3,0.000886709,48,1
easy_044,Easy,Serial-MRV,1,4,0.000777708,48,1
easy_044,Easy,Serial-MRV,1,5,0.001030708,48,1
easy_044,Easy,BranchBound,1,1,0.000220416,488,1
easy_044,Easy,BranchBound,1,2,0.001199959,488,1
easy_044,Easy,BranchBound,1,3,0.000443292,488,1
easy_044,Easy,BranchBound,1,4,0.000342875,488,1
easy_044,Easy,BranchBound,1,5,0.000538208,488,1
easy_044,Easy,BranchBoundMRV,1,1,0.001089041,48,1
easy_044,Easy,BranchBoundMRV,1,2,0.009632916,48,1
easy_044,Easy,BranchBoundMRV,1,3,0.001172000,48,1
easy_044,Easy,BranchBoundMRV,1,4,0.001693708,48,1
easy_044,Easy,BranchBoundMRV,1,5,0.001337208,48,1
easy_044,Easy,OpenMP,4,1,0.001268864,48,1
easy_044,Easy,OpenMP,4,2,0.000977993,48,1
easy_044,Easy,OpenMP,4,3,0.000885010,48,1
easy_044,Easy,OpenMP,4,4,0.001489878,48,1
easy_044,Easy,OpenMP,4,5,0.001209974,48,1
easy_044,Easy,OpenMP,8,1,0.019271135,48,1
easy_044,Easy,OpenMP,8,2,0.007028103,48,1
easy_044,Easy,OpenMP,8,3,0.004797935,48,1
easy_044,Easy,OpenMP,8,4,0.000875950,48,1
easy_044,Easy,OpenMP,8,5,0.015154123,48,1
easy_044,Easy,OpenMP,16,1,0.010546207,48,1
easy_044,Easy,OpenMP,16,2,0.009847164,48,1
easy_044,Easy,OpenMP,16,3,0.016947031,48,1
easy_044,Easy,OpenMP,16,4,0.021198034,48,1
easy_044,Easy,OpenMP,16,5,0.009897947,48,1
easy_044,Easy,OMP-BranchBoundMRV,4,1,0.000962019,48,1
easy_044,Easy,OMP-BranchBoundMRV,4,2,0.001030922,48,1
easy_044,Easy,OMP-BranchBoundMRV,4,3,0.000971079,48,1
easy_044,Easy,OMP-BranchBoundMRV,4,4,0.000988960,48,1
easy_044,Easy,OMP-BranchBoundMRV,4,5,0.000877142,48,1
easy_044,Easy,OMP-BranchBoundMRV,8,1,0.004313946,48,1
easy_044,Easy,OMP-BranchBoundMRV,8,2,0.014546871,48,1
easy_044,Easy,OMP-BranchBoundMRV,8,3,0.019960165,48,1
easy_044,Easy,OMP-BranchBoundMRV,8,4,0.000865936,48,1
easy_044,Easy,OMP-BranchBoundMRV,8,5,0.004966974,48,1
easy_044,Easy,OMP-BranchBoundMRV,16,1,0.028393984,48,1
easy_044,Easy,OMP-BranchBoundMRV,16,2,0.014671087,48,1
easy_044,Easy,OMP-BranchBoundMRV,16,3,0.014244080,48,1
easy_044,Easy,OMP-BranchBoundMRV,16,4,0.019905090,48,1
easy_044,Easy,OMP-BranchBoundMRV,16,5,0.007924795,48,1
easy_045,Easy,Serial,1,1,0.001690667,3266,1
easy_045,Easy,Serial,1,2,0.001578750,3266,1
easy_045,Easy,Serial,1,3,0.001596125,3266,1
easy_045,Easy,Serial,1,4,0.001594833,3266,1
easy_045,Easy,Serial,1,5,0.001748417,3266,1
easy_045,Easy,Serial-MRV,1,1,0.000822041,55,1
easy_045,Easy,Serial-MRV,1,2,0.000790583,55,1
easy_045,Easy,Serial-MRV,1,3,0.000919542,55,1
easy_045,Easy,Serial-MRV,1,4,0.000876125,55,1
easy_045,Easy,Serial-MRV,1,5,0.000822833,55,1
easy_045,Easy,BranchBound,1,1,0.001444750,3266,1
easy_045,Easy,BranchBound,1,2,0.001525292,3266,1
easy_045,Easy,BranchBound,1,3,0.001421458,3266,1
easy_045,Easy,BranchBound,1,4,0.001547500,3266,1
easy_045,Easy,BranchBound,1,5,0.001472875,3266,1
easy_045,Easy,BranchBoundMRV,1,1,0.001032458,55,1
easy_045,Easy,BranchBoundMRV,1,2,0.001039417,55,1
easy_045,Easy,BranchBoundMRV,1,3,0.001059083,55,1
easy_045,Easy,BranchBoundMRV,1,4,0.001067167,55,1
easy_045,Easy,BranchBoundMRV,1,5,0.001101084,55,1
easy_045,Easy,OpenMP,4,1,0.001080036,55,1
easy_045,Easy,OpenMP,4,2,0.000854969,55,1
easy_045,Easy,OpenMP,4,3,0.000838995,55,1
easy_045,Easy,OpenMP,4,4,0.000836134,55,1
easy_045,Easy,OpenMP,4,5,0.000831127,55,1
easy_045,Easy,OpenMP,8,1,0.010940790,55,1
easy_045,Easy,OpenMP,8,2,0.000902891,55,1
easy_045,Easy,OpenMP,8,3,0.000892878,55,1
easy_045,Easy,OpenMP,8,4,0.004231215,55,1
easy_045,Easy,OpenMP,8,5,0.001861095,55,1
easy_045,Easy,OpenMP,16,1,0.043696880,55,1
easy_045,Easy,OpenMP,16,2,0.011852980,55,1
easy_045,Easy,OpenMP,16,3,0.009608030,55,1
easy_045,Easy,OpenMP,16,4,0.008879185,55,1
easy_045,Easy,OpenMP,16,5,0.011420012,55,1
easy_045,Easy,OMP-BranchBoundMRV,4,1,0.001247883,55,1
easy_045,Easy,OMP-BranchBoundMRV,4,2,0.001486778,55,1
easy_045,Easy,OMP-BranchBoundMRV,4,3,0.001298904,55,1
easy_045,Easy,OMP-BranchBoundMRV,4,4,0.001204967,55,1
easy_045,Easy,OMP-BranchBoundMRV,4,5,0.001205921,55,1
easy_045,Easy,OMP-BranchBoundMRV,8,1,0.001865864,55,1
easy_045,Easy,OMP-BranchBoundMRV,8,2,0.002419949,55,1
easy_045,Easy,OMP-BranchBoundMRV,8,3,0.001104116,55,1
easy_045,Easy,OMP-BranchBoundMRV,8,4,0.002724171,55,1
easy_045,Easy,OMP-BranchBoundMRV,8,5,0.001395941,55,1
easy_045,Easy,OMP-BranchBoundMRV,16,1,0.020416975,55,1
easy_045,Easy,OMP-BranchBoundMRV,16,2,0.011044979,55,1
easy_045,Easy,OMP-BranchBoundMRV,16,3,0.042411804,55,1
easy_045,Easy,OMP-BranchBoundMRV,16,4,0.032615185,55,1
easy_045,Easy,OMP-BranchBoundMRV,16,5,0.032586098,55,1
easy_046,Easy,Serial,1,1,0.000545084,1097,1
easy_046,Easy,Serial,1,2,0.000535833,1097,1
easy_046,Easy,Serial,1,3,0.000534500,1097,1
easy_046,Easy,Serial,1,4,0.000533625,1097,1
easy_046,Easy,Serial,1,5,0.000533417,1097,1
easy_046,Easy,Serial-MRV,1,1,0.000680250,51,1
easy_046,Easy,Serial-MRV,1,2,0.000673584,51,1
easy_046,Easy,Serial-MRV,1,3,0.000673375,51,1
easy_046,Easy,Serial-MRV,1,4,0.000673500,51,1
easy_046,Easy,Serial-MRV,1,5,0.000748209,51,1
easy_046,Easy,BranchBound,1,1,0.000485042,1097,1
easy_046,Easy,BranchBound,1,2,0.000475958,1097,1
easy_046,Easy,BranchBound,1,3,0.000475041,1097,1
easy_046,Easy,BranchBound,1,4,0.000477125,1097,1
easy_046,Easy,BranchBound,1,5,0.000475417,1097,1
easy_046,Easy,BranchBoundMRV,1,1,0.000841042,51,1
easy_046,Easy,BranchBoundMRV,1,2,0.000834708,51,1
easy_046,Easy,BranchBoundMRV,1,3,0.000831583,51,1
easy_046,Easy,BranchBoundMRV,1,4,0.000854834,51,1
easy_046,Easy,BranchBoundMRV,1,5,0.000831417,51,1
easy_046,Easy,OpenMP,4,1,0.000754118,51,1
easy_046,Easy,OpenMP,4,2,0.000735998,51,1
easy_046,Easy,OpenMP,4,3,0.000728846,51,1
easy_046,Easy,OpenMP,4,4,0.000732899,51,1
easy_046,Easy,OpenMP,4,5,0.000731945,51,1
easy_046,Easy,OpenMP,8,1,0.009193897,51,1
easy_046,Easy,OpenMP,8,2,0.018337011,51,1
easy_046,Easy,OpenMP,8,3,0.003757000,51,1
easy_046,Easy,OpenMP,8,4,0.004922867,51,1
easy_046,Easy,OpenMP,8,5,0.001926899,51,1
easy_046,Easy,OpenMP,16,1,0.007080793,51,1
easy_046,Easy,OpenMP,16,2,0.006169081,51,1
easy_046,Easy,OpenMP,16,3,0.013264894,51,1
easy_046,Easy,OpenMP,16,4,0.007140875,51,1
easy_046,Easy,OpenMP,16,5,0.014599085,51,1
easy_046,Easy,OMP-BranchBoundMRV,4,1,0.002118111,51,1
easy_046,Easy,OMP-BranchBoundMRV,4,2,0.000993967,51,1
easy_046,Easy,OMP-BranchBoundMRV,4,3,0.002674103,51,1
easy_046,Easy,OMP-BranchBoundMRV,4,4,0.007261992,51,1
easy_046,Easy,OMP-BranchBoundMRV,4,5,0.006191015,51,1
easy_046,Easy,OMP-BranchBoundMRV,8,1,0.015390873,51,1
easy_046,Easy,OMP-BranchBoundMRV,8,2,0.006597996,51,1
easy_046,Easy,OMP-BranchBoundMRV,8,3,0.003582954,51,1
easy_046,Easy,OMP-BranchBoundMRV,8,4,0.014320135,51,1
easy_046,Easy,OMP-BranchBoundMRV,8,5,0.018401861,51,1
easy_046,Easy,OMP-BranchBoundMRV,16,1,0.019636869,51,1
easy_046,Easy,OMP-BranchBoundMRV,16,2,0.021234035,51,1
easy_046,Easy,OMP-BranchBoundMRV,16,3,0.022289038,51,1
easy_046,Easy,OMP-BranchBoundMRV,16,4,0.046445131,51,1
easy_046,Easy,OMP-BranchBoundMRV,16,5,0.008337975,51,1
easy_047,Easy,Serial,1,1,0.000200500,168,1
easy_047,Easy,Serial,1,2,0.000239458,168,1
easy_047,Easy,Serial,1,3,0.000077791,168,1
easy_047,Easy,Serial,1,4,0.000077250,168,1
easy_047,Easy,Serial,1,5,0.000076083,168,1
easy_047,Easy,Serial-MRV,1,1,0.001277917,48,1
easy_047,Easy,Serial-MRV,1,2,0.001073542,48,1
easy_047,Easy,Serial-MRV,1,3,0.001110583,48,1
easy_047,Easy,Serial-MRV,1,4,0.000591250,48,1
easy_047,Easy,Serial-MRV,1,5,0.000977292,48,1
easy_047,Easy,BranchBound,1,1,0.000071375,168,1
easy_047,Easy,BranchBound,1,2,0.000223041,168,1
easy_047,Easy,BranchBound,1,3,0.000081583,168,1
easy_047,Easy,BranchBound,1,4,0.000071042,168,1
easy_047,Easy,BranchBound,1,5,0.000069583,168,1
easy_047,Easy,BranchBoundMRV,1,1,0.001964625,48,1
easy_047,Easy,BranchBoundMRV,1,2,0.006220250,48,1
easy_047,Easy,BranchBoundMRV,1,3,0.001325084,48,1
easy_047,Easy,BranchBoundMRV,1,4,0.006224625,48,1
easy_047,Easy,BranchBoundMRV,1,5,0.001998416,48,1
easy_047,Easy,OpenMP,4,1,0.004652977,48,1
easy_047,Easy,OpenMP,4,2,0.000616074,48,1
easy_047,Easy,OpenMP,4,3,0.003300905,48,1
easy_047,Easy,OpenMP,4,4,0.001872063,48,1
easy_047,Easy,OpenMP,4,5,0.002142906,48,1
easy_047,Easy,OpenMP,8,1,0.012090921,48,1
easy_047,Easy,OpenMP,8,2,0.003013134,48,1
easy_047,Easy,OpenMP,8,3,0.001871109,48,1
easy_047,Easy,OpenMP,8,4,0.000633001,48,1
easy_047,Easy,OpenMP,8,5,0.001446962,48,1
easy_047,Easy,OpenMP,16,1,0.014698982,48,1
easy_047,Easy,OpenMP,16,2,0.006204128,48,1
easy_047,Easy,OpenMP,16,3,0.008244038,48,1
easy_047,Easy,OpenMP,16,4,0.010473013,48,1
easy_047,Easy,OpenMP,16,5,0.014225960,48,1
easy_047,Easy,OMP-BranchBoundMRV,4,1,0.000876904,48,1
easy_047,Easy,OMP-BranchBoundMRV,4,2,0.000827074,48,1
easy_047,Easy,OMP-BranchBoundMRV,4,3,0.000823975,48,1
easy_047,Easy,OMP-BranchBoundMRV,4,4,0.000818014,48,1
easy_047,Easy,OMP-BranchBoundMRV,4,5,0.000823021,48,1
easy_047,Easy,OMP-BranchBoundMRV,8,1,0.001178980,48,1
easy_047,Easy,OMP-BranchBoundMRV,8,2,0.001620054,48,1
easy_047,Easy,OMP-BranchBoundMRV,8,3,0.000967979,48,1
easy_047,Easy,OMP-BranchBoundMRV,8,4,0.003866911,48,1
easy_047,Easy,OMP-BranchBoundMRV,8,5,0.001675129,48,1
easy_047,Easy,OMP-BranchBoundMRV,16,1,0.033173084,48,1
easy_047,Easy,OMP-BranchBoundMRV,16,2,0.044770002,48,1
easy_047,Easy,OMP-BranchBoundMRV,16,3,0.009955168,48,1
easy_047,Easy,OMP-BranchBoundMRV,16,4,0.006416798,48,1
easy_047,Easy,OMP-BranchBoundMRV,16,5,0.006802082,48,1
easy_048,Easy,Serial,1,1,0.211629500,416222,1
easy_048,Easy,Serial,1,2,0.204845875,416222,1
easy_048,Easy,Serial,1,3,0.214014292,416222,1
easy_048,Easy,Serial,1,4,0.211278709,416222,1
easy_048,Easy,Serial,1,5,0.203916292,416222,1
easy_048,Easy,Serial-MRV,1,1,0.001181458,72,1
easy_048,Easy,Serial-MRV,1,2,0.001172417,72,1
easy_048,Easy,Serial-MRV,1,3,0.001159250,72,1
easy_048,Easy,Serial-MRV,1,4,0.001162417,72,1
easy_048,Easy,Serial-MRV,1,5,0.001202666,72,1
easy_048,Easy,BranchBound,1,1,0.192514709,416222,1
easy_048,Easy,BranchBound,1,2,0.187785250,416222,1
easy_048,Easy,BranchBound,1,3,0.182750167,416222,1
easy_048,Easy,BranchBound,1,4,0.310652500,416222,1
easy_048,Easy,BranchBound,1,5,0.354855459,416222,1
easy_048,Easy,BranchBoundMRV,1,1,0.001861000,72,1
easy_048,Easy,BranchBoundMRV,1,2,0.001832167,72,1
easy_048,Easy,BranchBoundMRV,1,3,0.001965792,72,1
easy_048,Easy,BranchBoundMRV,1,4,0.001879834,72,1
easy_048,Easy,BranchBoundMRV,1,5,0.001832125,72,1
easy_048,Easy,OpenMP,4,1,0.005563974,72,1
easy_048,Easy,OpenMP,4,2,0.003051996,72,1
easy_048,Easy,OpenMP,4,3,0.001324177,72,1
easy_048,Easy,OpenMP,4,4,0.003320932,72,1
easy_048,Easy,OpenMP,4,5,0.002487898,72,1
easy_048,Easy,OpenMP,8,1,0.010864019,72,1
easy_048,Easy,OpenMP,8,2,0.010168076,72,1
easy_048,Easy,OpenMP,8,3,0.010674953,72,1
easy_048,Easy,OpenMP,8,4,0.004673004,72,1
easy_048,Easy,OpenMP,8,5,0.003087044,72,1
easy_048,Easy,OpenMP,16,1,0.009333134,72,1
easy_048,Easy,OpenMP,16,2,0.010797024,72,1
easy_048,Easy,OpenMP,16,3,0.011801958,72,1
easy_048,Easy,OpenMP,16,4,0.016115189,72,1
easy_048,Easy,OpenMP,16,5,0.010127068,72,1
easy_048,Easy,OMP-BranchBoundMRV,4,1,0.003183126,72,1
easy_048,Easy,OMP-BranchBoundMRV,4,2,0.002500057,72,1
easy_048,Easy,OMP-BranchBoundMRV,4,3,0.003829002,72,1
easy_048,Easy,OMP-BranchBoundMRV,4,4,0.002474070,72,1
easy_048,Easy,OMP-BranchBoundMRV,4,5,0.002115965,72,1
easy_048,Easy,OMP-BranchBoundMRV,8,1,0.011795044,72,1
easy_048,Easy,OMP-BranchBoundMRV,8,2,0.008409977,72,1
easy_048,Easy,OMP-BranchBoundMRV,8,3,0.009376049,72,1
easy_048,Easy,OMP-BranchBoundMRV,8,4,0.015866041,72,1
easy_048,Easy,OMP-BranchBoundMRV,8,5,0.006608963,72,1
easy_048,Easy,OMP-BranchBoundMRV,16,1,0.006103992,72,1
easy_048,Easy,OMP-BranchBoundMRV,16,2,0.005470037,72,1
easy_048,Easy,OMP-BranchBoundMRV,16,3,0.012125969,72,1
easy_048,Easy,OMP-BranchBoundMRV,16,4,0.005378962,72,1
easy_048,Easy,OMP-BranchBoundMRV,16,5,0.011995077,72,1
easy_049,Easy,Serial,1,1,0.002740334,3589,1
easy_049,Easy,Serial,1,2,0.001988000,3589,1
easy_049,Easy,Serial,1,3,0.004187417,3589,1
easy_049,Easy,Serial,1,4,0.003701458,3589,1
easy_049,Easy,Serial,1,5,0.002923042,3589,1
easy_049,Easy,Serial-MRV,1,1,0.001025125,55,1
easy_049,Easy,Serial-MRV,1,2,0.005188792,55,1
easy_049,Easy,Serial-MRV,1,3,0.002078958,55,1
easy_049,Easy,Serial-MRV,1,4,0.001200291,55,1
easy_049,Easy,Serial-MRV,1,5,0.000770125,55,1
easy_049,Easy,BranchBound,1,1,0.002434000,3589,1
easy_049,Easy,BranchBound,1,2,0.003039875,3589,1
easy_049,Easy,BranchBound,1,3,0.005806834,3589,1
easy_049,Easy,BranchBound,1,4,0.008007500,3589,1
easy_049,Easy,BranchBound,1,5,0.003999959,3589,1
easy_049,Easy,BranchBoundMRV,1,1,0.004793459,55,1
easy_049,Easy,BranchBoundMRV,1,2,0.006038334,55,1
easy_049,Easy,BranchBoundMRV,1,3,0.003030292,55,1
easy_049,Easy,BranchBoundMRV,1,4,0.004283292,55,1
easy_049,Easy,BranchBoundMRV,1,5,0.004298167,55,1
easy_049,Easy,OpenMP,4,1,0.012958050,55,1
easy_049,Easy,OpenMP,4,2,0.001541853,55,1
easy_049,Easy,OpenMP,4,3,0.000962019,55,1
easy_049,Easy,OpenMP,4,4,0.005835056,55,1
easy_049,Easy,OpenMP,4,5,0.002686024,55,1
easy_049,Easy,OpenMP,8,1,0.030357838,55,1
easy_049,Easy,OpenMP,8,2,0.009333134,55,1
easy_049,Easy,OpenMP,8,3,0.010659933,55,1
easy_049,Easy,OpenMP,8,4,0.005824089,55,1
easy_049,Easy,OpenMP,8,5,0.010765076,55,1
easy_049,Easy,OpenMP,16,1,0.041623831,55,1
easy_049,Easy,OpenMP,16,2,0.014770985,55,1
easy_049,Easy,OpenMP,16,3,0.011863947,55,1
easy_049,Easy,OpenMP,16,4,0.014293194,55,1
easy_049,Easy,OpenMP,16,5,0.032882929,55,1
easy_049,Easy,OMP-BranchBoundMRV,4,1,0.008036137,55,1
easy_049,Easy,OMP-BranchBoundMRV,4,2,0.002215147,55,1
easy_049,Easy,OMP-BranchBoundMRV,4,3,0.001092911,55,1
easy_049,Easy,OMP-BranchBoundMRV,4,4,0.002107143,55,1
easy_049,Easy,OMP-BranchBoundMRV,4,5,0.002125025,55,1
easy_049,Easy,OMP-BranchBoundMRV,8,1,0.022202969,55,1
easy_049,Easy,OMP-BranchBoundMRV,8,2,0.001168966,55,1
easy_049,Easy,OMP-BranchBoundMRV,8,3,0.001888990,55,1
easy_049,Easy,OMP-BranchBoundMRV,8,4,0.001101971,55,1
easy_049,Easy,OMP-BranchBoundMRV,8,5,0.007044077,55,1
easy_049,Easy,OMP-BranchBoundMRV,16,1,0.009680986,55,1
easy_049,Easy,OMP-BranchBoundMRV,16,2,0.032220125,55,1
easy_049,Easy,OMP-BranchBoundMRV,16,3,0.007105827,55,1
easy_049,Easy,OMP-BranchBoundMRV,16,4,0.005491018,55,1
easy_049,Easy,OMP-BranchBoundMRV,16,5,0.006006956,55,1
easy_050,Easy,Serial,1,1,0.000191458,355,1
easy_050,Easy,Serial,1,2,0.000212291,355,1
easy_050,Easy,Serial,1,3,0.000177500,355,1
easy_050,Easy,Serial,1,4,0.000176708,355,1
easy_050,Easy,Serial,1,5,0.000177000,355,1
easy_050,Easy,Serial-MRV,1,1,0.000631208,49,1
easy_050,Easy,Serial-MRV,1,2,0.000625917,49,1
easy_050,Easy,Serial-MRV,1,3,0.000638625,49,1
easy_050,Easy,Serial-MRV,1,4,0.000627167,49,1
easy_050,Easy,Serial-MRV,1,5,0.000632084,49,1
easy_050,Easy,BranchBound,1,1,0.000148375,355,1
easy_050,Easy,BranchBound,1,2,0.000136792,355,1
easy_050,Easy,BranchBound,1,3,0.000135083,355,1
easy_050,Easy,BranchBound,1,4,0.000134916,355,1
easy_050,Easy,BranchBound,1,5,0.000134625,355,1
easy_050,Easy,BranchBoundMRV,1,1,0.000851292,49,1
easy_050,Easy,BranchBoundMRV,1,2,0.000859458,49,1
easy_050,Easy,BranchBoundMRV,1,3,0.000845166,49,1
easy_050,Easy,BranchBoundMRV,1,4,0.000920792,49,1
easy_050,Easy,BranchBoundMRV,1,5,0.000875375,49,1
easy_050,Easy,OpenMP,4,1,0.000697851,49,1
easy_050,Easy,OpenMP,4,2,0.000698805,49,1
easy_050,Easy,OpenMP,4,3,0.000802994,49,1
easy_050,Easy,OpenMP,4,4,0.000684023,49,1
easy_050,Easy,OpenMP,4,5,0.000676870,49,1
easy_050,Easy,OpenMP,8,1,0.000692844,49,1
easy_050,Easy,OpenMP,8,2,0.000680923,49,1
easy_050,Easy,OpenMP,8,3,0.000904083,49,1
easy_050,Easy,OpenMP,8,4,0.005519867,49,1
easy_050,Easy,OpenMP,8,5,0.000682831,49,1
easy_050,Easy,OpenMP,16,1,0.046650887,49,1
easy_050,Easy,OpenMP,16,2,0.011997938,49,1
easy_050,Easy,OpenMP,16,3,0.010697126,49,1
easy_050,Easy,OpenMP,16,4,0.003275156,49,1
easy_050,Easy,OpenMP,16,5,0.017019987,49,1
easy_050,Easy,OMP-BranchBoundMRV,4,1,0.000941038,49,1
easy_050,Easy,OMP-BranchBoundMRV,4,2,0.000981092,49,1
easy_050,Easy,OMP-BranchBoundMRV,4,3,0.000919819,49,1
easy_050,Easy,OMP-BranchBoundMRV,4,4,0.001026869,49,1
easy_050,Easy,OMP-BranchBoundMRV,4,5,0.000921011,49,1
easy_050,Easy,OMP-BranchBoundMRV,8,1,0.002726078,49,1
easy_050,Easy,OMP-BranchBoundMRV,8,2,0.001657963,49,1
easy_050,Easy,OMP-BranchBoundMRV,8,3,0.000985146,49,1
easy_050,Easy,OMP-BranchBoundMRV,8,4,0.001377106,49,1
easy_050,Easy,OMP-BranchBoundMRV,8,5,0.001873016,49,1
easy_050,Easy,OMP-BranchBoundMRV,16,1,0.011702061,49,1
easy_050,Easy,OMP-BranchBoundMRV,16,2,0.014142036,49,1
easy_050,Easy,OMP-BranchBoundMRV,16,3,0.009807110,49,1
easy_050,Easy,OMP-BranchBoundMRV,16,4,0.012456894,49,1
easy_050,Easy,OMP-BranchBoundMRV,16,5,0.011437178,49,1
easy_051,Easy,Serial,1,1,0.000051125,104,1
easy_051,Easy,Serial,1,2,0.000049958,104,1
easy_051,Easy,Serial,1,3,0.000049459,104,1
easy_051,Easy,Serial,1,4,0.000093041,104,1
easy_051,Easy,Serial,1,5,0.000052083,104,1
easy_051,Easy,Serial-MRV,1,1,0.000511459,45,1
easy_051,Easy,Serial-MRV,1,2,0.000651833,45,1
easy_051,Easy,Serial-MRV,1,3,0.000560084,45,1
easy_051,Easy,Serial-MRV,1,4,0.000621042,45,1
easy_051,Easy,Serial-MRV,1,5,0.000537792,45,1
easy_051,Easy,BranchBound,1,1,0.000044209,104,1
easy_051,Easy,BranchBound,1,2,0.000041209,104,1
easy_051,Easy,BranchBound,1,3,0.000039208,104,1
easy_051,Easy,BranchBound,1,4,0.000043625,104,1
easy_051,Easy,BranchBound,1,5,0.000041667,104,1
easy_051,Easy,BranchBoundMRV,1,1,0.000698833,45,1
easy_051,Easy,BranchBoundMRV,1,2,0.000732958,45,1
easy_051,Easy,BranchBoundMRV,1,3,0.000687875,45,1
easy_051,Easy,BranchBoundMRV,1,4,0.000746375,45,1
easy_051,Easy,BranchBoundMRV,1,5,0.000697125,45,1
easy_051,Easy,OpenMP,4,1,0.000633955,45,1
easy_051,Easy,OpenMP,4,2,0.000583172,45,1
easy_051,Easy,OpenMP,4,3,0.000607967,45,1
easy_051,Easy,OpenMP,4,4,0.000567913,45,1
easy_051,Easy,OpenMP,4,5,0.000540972,45,1
easy_051,Easy,OpenMP,8,1,0.001438141,45,1
easy_051,Easy,OpenMP,8,2,0.000558138,45,1
easy_051,Easy,OpenMP,8,3,0.000554085,45,1
easy_051,Easy,OpenMP,8,4,0.002358198,45,1
easy_051,Easy,OpenMP,8,5,0.000772953,45,1
easy_051,Easy,OpenMP,16,1,0.004950047,45,1
easy_051,Easy,OpenMP,16,2,0.010766983,45,1
easy_051,Easy,OpenMP,16,3,0.004034996,45,1
easy_051,Easy,OpenMP,16,4,0.011616945,45,1
easy_051,Easy,OpenMP,16,5,0.006284952,45,1
easy_051,Easy,OMP-BranchBoundMRV,4,1,0.001046181,45,1
easy_051,Easy,OMP-BranchBoundMRV,4,2,0.000931025,45,1
easy_051,Easy,OMP-BranchBoundMRV,4,3,0.000872850,45,1
easy_051,Easy,OMP-BranchBoundMRV,4,4,0.000714064,45,1
easy_051,Easy,OMP-BranchBoundMRV,4,5,0.000783920,45,1
easy_051,Easy,OMP-BranchBoundMRV,8,1,0.017930031,45,1
easy_051,Easy,OMP-BranchBoundMRV,8,2,0.016728878,45,1
easy_051,Easy,OMP-BranchBoundMRV,8,3,0.016304016,45,1
easy_051,Easy,OMP-BranchBoundMRV,8,4,0.002660036,45,1
easy_051,Easy,OMP-BranchBoundMRV,8,5,0.001635790,45,1
easy_051,Easy,OMP-BranchBoundMRV,16,1,0.028484106,45,1
easy_051,Easy,OMP-BranchBoundMRV,16,2,0.032037020,45,1
easy_051,Easy,OMP-BranchBoundMRV,16,3,0.009048939,45,1
easy_051,Easy,OMP-BranchBoundMRV,16,4,0.003325939,45,1
easy_051,Easy,OMP-BranchBoundMRV,16,5,0.004165888,45,1
easy_052,Easy,Serial,1,1,0.000913208,845,1
easy_052,Easy,Serial,1,2,0.000550167,845,1
easy_052,Easy,Serial,1,3,0.000420500,845,1
easy_052,Easy,Serial,1,4,0.000414250,845,1
easy_052,Easy,Serial,1,5,0.000426042,845,1
easy_052,Easy,Serial-MRV,1,1,0.000454250,44,1
easy_052,Easy,Serial-MRV,1,2,0.000498250,44,1
easy_052,Easy,Serial-MRV,1,3,0.000539875,44,1
easy_052,Easy,Serial-MRV,1,4,0.000451375,44,1
easy_052,Easy,Serial-MRV,1,5,0.000447792,44,1
easy_052,Easy,BranchBound,1,1,0.000345958,845,1
easy_052,Easy,BranchBound,1,2,0.000335750,845,1
easy_052,Easy,BranchBound,1,3,0.000334125,845,1
easy_052,Easy,BranchBound,1,4,0.000334584,845,1
easy_052,Easy,BranchBound,1,5,0.000357875,845,1
easy_052,Easy,BranchBoundMRV,1,1,0.000758875,44,1
easy_052,Easy,BranchBoundMRV,1,2,0.000802292,44,1
easy_052,Easy,BranchBoundMRV,1,3,0.000736375,44,1
easy_052,Easy,BranchBoundMRV,1,4,0.000664750,44,1
easy_052,Easy,BranchBoundMRV,1,5,0.000654084,44,1
easy_052,Easy,OpenMP,4,1,0.000511885,44,1
easy_052,Easy,OpenMP,4,2,0.000667095,44,1
easy_052,Easy,OpenMP,4,3,0.000504017,44,1
easy_052,Easy,OpenMP,4,4,0.000604153,44,1
easy_052,Easy,OpenMP,4,5,0.000669003,44,1
easy_052,Easy,OpenMP,8,1,0.001103163,44,1
easy_052,Easy,OpenMP,8,2,0.001452923,44,1
easy_052,Easy,OpenMP,8,3,0.002259016,44,1
easy_052,Easy,OpenMP,8,4,0.000501871,44,1
easy_052,Easy,OpenMP,8,5,0.000996828,44,1
easy_052,Easy,OpenMP,16,1,0.004326820,44,1
easy_052,Easy,OpenMP,16,2,0.006531000,44,1
easy_052,Easy,OpenMP,16,3,0.009819031,44,1
easy_052,Easy,OpenMP,16,4,0.016860962,44,1
easy_052,Easy,OpenMP,16,5,0.016433001,44,1
easy_052,Easy,OMP-BranchBoundMRV,4,1,0.000926971,44,1
easy_052,Easy,OMP-BranchBoundMRV,4,2,0.000714064,44,1
easy_052,Easy,OMP-BranchBoundMRV,4,3,0.000715017,44,1
easy_052,Easy,OMP-BranchBoundMRV,4,4,0.000710964,44,1
easy_052,Easy,OMP-BranchBoundMRV,4,5,0.000709057,44,1
easy_052,Easy,OMP-BranchBoundMRV,8,1,0.001351118,44,1
easy_052,Easy,OMP-BranchBoundMRV,8,2,0.002022028,44,1
easy_052,Easy,OMP-BranchBoundMRV,8,3,0.001019955,44,1
easy_052,Easy,OMP-BranchBoundMRV,8,4,0.000718117,44,1
easy_052,Easy,OMP-BranchBoundMRV,8,5,0.001770020,44,1
easy_052,Easy,OMP-BranchBoundMRV,16,1,0.006875038,44,1
easy_052,Easy,OMP-BranchBoundMRV,16,2,0.012441158,44,1
easy_052,Easy,OMP-BranchBoundMRV,16,3,0.006401062,44,1
easy_052,Easy,OMP-BranchBoundMRV,16,4,0.022994041,44,1
easy_052,Easy,OMP-BranchBoundMRV,16,5,0.009601831,44,1
easy_053,Easy,Serial,1,1,0.000270584,252,1
easy_053,Easy,Serial,1,2,0.000129875,252,1
easy_053,Easy,Serial,1,3,0.000128667,252,1
easy_053,Easy,Serial,1,4,0.000128459,252,1
easy_053,Easy,Serial,1,5,0.000128541,252,1
easy_053,Easy,Serial-MRV,1,1,0.000787500,51,1
easy_053,Easy,Serial-MRV,1,2,0.000935500,51,1
easy_053,Easy,Serial-MRV,1,3,0.000829042,51,1
easy_053,Easy,Serial-MRV,1,4,0.000811792,51,1
easy_053,Easy,Serial-MRV,1,5,0.000693125,51,1
easy_053,Easy,BranchBound,1,1,0.000116500,252,1
easy_053,Easy,BranchBound,1,2,0.000111209,252,1
easy_053,Easy,BranchBound,1,3,0.000175875,252,1
easy_053,Easy,BranchBound,1,4,0.000118458,252,1
easy_053,Easy,BranchBound,1,5,0.000121208,252,1
easy_053,Easy,BranchBoundMRV,1,1,0.000794333,51,1
easy_053,Easy,BranchBoundMRV,1,2,0.000837375,51,1
easy_053,Easy,BranchBoundMRV,1,3,0.000901167,51,1
easy_053,Easy,BranchBoundMRV,1,4,0.000966250,51,1
easy_053,Easy,BranchBoundMRV,1,5,0.000942042,51,1
easy_053,Easy,OpenMP,4,1,0.000910997,51,1
easy_053,Easy,OpenMP,4,2,0.000755072,51,1
easy_053,Easy,OpenMP,4,3,0.000802040,51,1
easy_053,Easy,OpenMP,4,4,0.000717878,51,1
easy_053,Easy,OpenMP,4,5,0.000721216,51,1
easy_053,Easy,OpenMP,8,1,0.003866911,51,1
easy_053,Easy,OpenMP,8,2,0.001601934,51,1
easy_053,Easy,OpenMP,8,3,0.000742912,51,1
easy_053,Easy,OpenMP,8,4,0.006922007,51,1
easy_053,Easy,OpenMP,8,5,0.000884056,51,1
easy_053,Easy,OpenMP,16,1,0.010684013,51,1
easy_053,Easy,OpenMP,16,2,0.016412020,51,1
easy_053,Easy,OpenMP,16,3,0.017410040,51,1
easy_053,Easy,OpenMP,16,4,0.029161930,51,1
easy_053,Easy,OpenMP,16,5,0.061239004,51,1
easy_053,Easy,OMP-BranchBoundMRV,4,1,0.001158953,51,1
easy_053,Easy,OMP-BranchBoundMRV,4,2,0.001375914,51,1
easy_053,Easy,OMP-BranchBoundMRV,4,3,0.002248049,51,1
easy_053,Easy,OMP-BranchBoundMRV,4,4,0.000998020,51,1
easy_053,Easy,OMP-BranchBoundMRV,4,5,0.001238108,51,1
easy_053,Easy,OMP-BranchBoundMRV,8,1,0.016873837,51,1
easy_053,Easy,OMP-BranchBoundMRV,8,2,0.011799097,51,1
easy_053,Easy,OMP-BranchBoundMRV,8,3,0.024406910,51,1
easy_053,Easy,OMP-BranchBoundMRV,8,4,0.013199091,51,1
easy_053,Easy,OMP-BranchBoundMRV,8,5,0.020756960,51,1
easy_053,Easy,OMP-BranchBoundMRV,16,1,0.013591051,51,1
easy_053,Easy,OMP-BranchBoundMRV,16,2,0.006927013,51,1
easy_053,Easy,OMP-BranchBoundMRV,16,3,0.006923914,51,1
easy_053,Easy,OMP-BranchBoundMRV,16,4,0.008688927,51,1
easy_053,Easy,OMP-BranchBoundMRV,16,5,0.009955168,51,1
easy_054,Easy,Serial,1,1,0.000937250,1584,1
easy_054,Easy,Serial,1,2,0.001142583,1584,1
easy_054,Easy,Serial,1,3,0.001208083,1584,1
easy_054,Easy,Serial,1,4,0.001304250,1584,1
easy_054,Easy,Serial,1,5,0.001017584,1584,1
easy_054,Easy,Serial-MRV,1,1,0.001329417,53,1
easy_054,Easy,Serial-MRV,1,2,0.001584250,53,1
easy_054,Easy,Serial-MRV,1,3,0.001612625,53,1
easy_054,Easy,Serial-MRV,1,4,0.002148666,53,1
easy_054,Easy,Serial-MRV,1,5,0.001829250,53,1
easy_054,Easy,BranchBound,1,1,0.001882125,1584,1
easy_054,Easy,BranchBound,1,2,0.001651834,1584,1
easy_054,Easy,BranchBound,1,3,0.002051291,1584,1
easy_054,Easy,BranchBound,1,4,0.001391084,1584,1
easy_054,Easy,BranchBound,1,5,0.001019042,1584,1
easy_054,Easy,BranchBoundMRV,1,1,0.001168459,53,1
easy_054,Easy,BranchBoundMRV,1,2,0.000985583,53,1
easy_054,Easy,BranchBoundMRV,1,3,0.002085833,53,1
easy_054,Easy,BranchBoundMRV,1,4,0.001835791,53,1
easy_054,Easy,BranchBoundMRV,1,5,0.001957500,53,1
easy_054,Easy,OpenMP,4,1,0.001877069,53,1
easy_054,Easy,OpenMP,4,2,0.000944853,53,1
easy_054,Easy,OpenMP,4,3,0.002084970,53,1
easy_054,Easy,OpenMP,4,4,0.002856016,53,1
easy_054,Easy,OpenMP,4,5,0.006893873,53,1
easy_054,Easy,OpenMP,8,1,0.003844976,53,1
easy_054,Easy,OpenMP,8,2,0.009818077,53,1
easy_054,Easy,OpenMP,8,3,0.004595995,53,1
easy_054,Easy,OpenMP,8,4,0.011557102,53,1
easy_054,Easy,OpenMP,8,5,0.005414009,53,1
easy_054,Easy,OpenMP,16,1,0.005728006,53,1
easy_054,Easy,OpenMP,16,2,0.017891884,53,1
easy_054,Easy,OpenMP,16,3,0.008606911,53,1
easy_054,Easy,OpenMP,16,4,0.006754875,53,1
easy_054,Easy,OpenMP,16,5,0.007670879,53,1
easy_054,Easy,OMP-BranchBoundMRV,4,1,0.001245975,53,1
easy_054,Easy,OMP-BranchBoundMRV,4,2,0.000968218,53,1
easy_054,Easy,OMP-BranchBoundMRV,4,3,0.000976086,53,1
easy_054,Easy,OMP-BranchBoundMRV,4,4,0.000981092,53,1
easy_054,Easy,OMP-BranchBoundMRV,4,5,0.000947952,53,1
easy_054,Easy,OMP-BranchBoundMRV,8,1,0.001173019,53,1
easy_054,Easy,OMP-BranchBoundMRV,8,2,0.000923872,53,1
easy_054,Easy,OMP-BranchBoundMRV,8,3,0.000916958,53,1
easy_054,Easy,OMP-BranchBoundMRV,8,4,0.002557993,53,1
easy_054,Easy,OMP-BranchBoundMRV,8,5,0.000968933,53,1
easy_054,Easy,OMP-BranchBoundMRV,16,1,0.019481897,53,1
easy_054,Easy,OMP-BranchBoundMRV,16,2,0.022884846,53,1
easy_054,Easy,OMP-BranchBoundMRV,16,3,0.012707949,53,1
easy_054,Easy,OMP-BranchBoundMRV,16,4,0.039757013,53,1
easy_054,Easy,OMP-BranchBoundMRV,16,5,0.010010958,53,1
easy_055,Easy,Serial,1,1,0.009628542,18312,1
easy_055,Easy,Serial,1,2,0.009179875,18312,1
easy_055,Easy,Serial,1,3,0.009327959,18312,1
easy_055,Easy,Serial,1,4,0.009091083,18312,1
easy_055,Easy,Serial,1,5,0.009621458,18312,1
easy_055,Easy,Serial-MRV,1,1,0.000883958,56,1
easy_055,Easy,Serial-MRV,1,2,0.000782792,56,1
easy_055,Easy,Serial-MRV,1,3,0.000783375,56,1
easy_055,Easy,Serial-MRV,1,4,0.000830125,56,1
easy_055,Easy,Serial-MRV,1,5,0.000862000,56,1
easy_055,Easy,BranchBound,1,1,0.008622250,18312,1
easy_055,Easy,BranchBound,1,2,0.008239583,18312,1
easy_055,Easy,BranchBound,1,3,0.008340417,18312,1
easy_055,Easy,BranchBound,1,4,0.008233959,18312,1
easy_055,Easy,BranchBound,1,5,0.008451833,18312,1
easy_055,Easy,BranchBoundMRV,1,1,0.001401625,56,1
easy_055,Easy,BranchBoundMRV,1,2,0.001211459,56,1
easy_055,Easy,BranchBoundMRV,1,3,0.001193250,56,1
easy_055,Easy,BranchBoundMRV,1,4,0.001167958,56,1
easy_055,Easy,BranchBoundMRV,1,5,0.001248667,56,1
easy_055,Easy,OpenMP,4,1,0.000909090,56,1
easy_055,Easy,OpenMP,4,2,0.000855207,56,1
easy_055,Easy,OpenMP,4,3,0.000954151,56,1
easy_055,Easy,OpenMP,4,4,0.000963926,56,1
easy_055,Easy,OpenMP,4,5,0.000864029,56,1
easy_055,Easy,OpenMP,8,1,0.000869989,56,1
easy_055,Easy,OpenMP,8,2,0.000955820,56,1
easy_055,Easy,OpenMP,8,3,0.000891924,56,1
easy_055,Easy,OpenMP,8,4,0.000909805,56,1
easy_055,Easy,OpenMP,8,5,0.000872850,56,1
easy_055,Easy,OpenMP,16,1,0.017076969,56,1
easy_055,Easy,OpenMP,16,2,0.008211136,56,1
easy_055,Easy,OpenMP,16,3,0.010269165,56,1
easy_055,Easy,OpenMP,16,4,0.020976067,56,1
easy_055,Easy,OpenMP,16,5,0.002152920,56,1
easy_055,Easy,OMP-BranchBoundMRV,4,1,0.001278877,56,1
easy_055,Easy,OMP-BranchBoundMRV,4,2,0.001285076,56,1
easy_055,Easy,OMP-BranchBoundMRV,4,3,0.001362085,56,1
easy_055,Easy,OMP-BranchBoundMRV,4,4,0.001248121,56,1
easy_055,Easy,OMP-BranchBoundMRV,4,5,0.001268148,56,1
easy_055,Easy,OMP-BranchBoundMRV,8,1,0.002099991,56,1
easy_055,Easy,OMP-BranchBoundMRV,8,2,0.002388000,56,1
easy_055,Easy,OMP-BranchBoundMRV,8,3,0.001335144,56,1
easy_055,Easy,OMP-BranchBoundMRV,8,4,0.001281023,56,1
easy_055,Easy,OMP-BranchBoundMRV,8,5,0.001251936,56,1
easy_055,Easy,OMP-BranchBoundMRV,16,1,0.003583908,56,1
easy_055,Easy,OMP-BranchBoundMRV,16,2,0.022232056,56,1
easy_055,Easy,OMP-BranchBoundMRV,16,3,0.011177063,56,1
easy_055,Easy,OMP-BranchBoundMRV,16,4,0.013944864,56,1
easy_055,Easy,OMP-BranchBoundMRV,16,5,0.020401001,56,1
easy_056,Easy,Serial,1,1,0.099848916,190388,1
easy_056,Easy,Serial,1,2,0.095357667,190388,1
easy_056,Easy,Serial,1,3,0.096133875,190388,1
easy_056,Easy,Serial,1,4,0.096278416,190388,1
easy_056,Easy,Serial,1,5,0.095589166,190388,1
easy_056,Easy,Serial-MRV,1,1,0.000695208,52,1
easy_056,Easy,Serial-MRV,1,2,0.000675417,52,1
easy_056,Easy,Serial-MRV,1,3,0.000674417,52,1
easy_056,Easy,Serial-MRV,1,4,0.000695833,52,1
easy_056,Easy,Serial-MRV,1,5,0.000673834,52,1
easy_056,Easy,BranchBound,1,1,0.077546792,190388,1
easy_056,Easy,BranchBound,1,2,0.075880458,190388,1
easy_056,Easy,BranchBound,1,3,0.130988708,190388,1
easy_056,Easy,BranchBound,1,4,0.091763250,190388,1
easy_056,Easy,BranchBound,1,5,0.077246167,190388,1
easy_056,Easy,BranchBoundMRV,1,1,0.001031792,52,1
easy_056,Easy,BranchBoundMRV,1,2,0.001030250,52,1
easy_056,Easy,BranchBoundMRV,1,3,0.001019084,52,1
easy_056,Easy,BranchBoundMRV,1,4,0.001018667,52,1
easy_056,Easy,BranchBoundMRV,1,5,0.001018458,52,1
easy_056,Easy,OpenMP,4,1,0.000760794,52,1
easy_056,Easy,OpenMP,4,2,0.000746012,52,1
easy_056,Easy,OpenMP,4,3,0.000738144,52,1
easy_056,Easy,OpenMP,4,4,0.000735044,52,1
easy_056,Easy,OpenMP,4,5,0.000731945,52,1
easy_056,Easy,OpenMP,8,1,0.000765085,52,1
easy_056,Easy,OpenMP,8,2,0.000753164,52,1
easy_056,Easy,OpenMP,8,3,0.001657963,52,1
easy_056,Easy,OpenMP,8,4,0.001612902,52,1
easy_056,Easy,OpenMP,8,5,0.000741005,52,1
easy_056,Easy,OpenMP,16,1,0.023649931,52,1
easy_056,Easy,OpenMP,16,2,0.034026146,52,1
easy_056,Easy,OpenMP,16,3,0.017261028,52,1
easy_056,Easy,OpenMP,16,4,0.037334919,52,1
easy_056,Easy,OpenMP,16,5,0.027916908,52,1
easy_056,Easy,OMP-BranchBoundMRV,4,1,0.001116037,52,1
easy_056,Easy,OMP-BranchBoundMRV,4,2,0.001115084,52,1
easy_056,Easy,OMP-BranchBoundMRV,4,3,0.001107216,52,1
easy_056,Easy,OMP-BranchBoundMRV,4,4,0.001095057,52,1
easy_056,Easy,OMP-BranchBoundMRV,4,5,0.001094103,52,1
easy_056,Easy,OMP-BranchBoundMRV,8,1,0.001108170,52,1
easy_056,Easy,OMP-BranchBoundMRV,8,2,0.001183987,52,1
easy_056,Easy,OMP-BranchBoundMRV,8,3,0.003795862,52,1
easy_056,Easy,OMP-BranchBoundMRV,8,4,0.001343966,52,1
easy_056,Easy,OMP-BranchBoundMRV,8,5,0.001117229,52,1
easy_056,Easy,OMP-BranchBoundMRV,16,1,0.023516893,52,1
easy_056,Easy,OMP-BranchBoundMRV,16,2,0.045537949,52,1
easy_056,Easy,OMP-BranchBoundMRV,16,3,0.010939121,52,1
easy_056,Easy,OMP-BranchBoundMRV,16,4,0.007509947,52,1
easy_056,Easy,OMP-BranchBoundMRV,16,5,0.011322021,52,1
easy_057,Easy,Serial,1,1,0.005767292,11770,1
easy_057,Easy,Serial,1,2,0.005861709,11770,1
easy_057,Easy,Serial,1,3,0.005968875,11770,1
easy_057,Easy,Serial,1,4,0.005605375,11770,1
easy_057,Easy,Serial,1,5,0.005780792,11770,1
easy_057,Easy,Serial-MRV,1,1,0.000679542,51,1
easy_057,Easy,Serial-MRV,1,2,0.000672083,51,1
easy_057,Easy,Serial-MRV,1,3,0.000734250,51,1
easy_057,Easy,Serial-MRV,1,4,0.001041417,51,1
easy_057,Easy,Serial-MRV,1,5,0.000734625,51,1
easy_057,Easy,BranchBound,1,1,0.005135625,11770,1
easy_057,Easy,BranchBound,1,2,0.005109625,11770,1
easy_057,Easy,BranchBound,1,3,0.005025833,11770,1
easy_057,Easy,BranchBound,1,4,0.005062292,11770,1
easy_057,Easy,BranchBound,1,5,0.004940708,11770,1
easy_057,Easy,BranchBoundMRV,1,1,0.001052458,51,1
easy_057,Easy,BranchBoundMRV,1,2,0.000986875,51,1
easy_057,Easy,BranchBoundMRV,1,3,0.000970625,51,1
easy_057,Easy,BranchBoundMRV,1,4,0.000977917,51,1
easy_057,Easy,BranchBoundMRV,1,5,0.000983417,51,1
easy_057,Easy,OpenMP,4,1,0.000895023,51,1
easy_057,Easy,OpenMP,4,2,0.000742912,51,1
easy_057,Easy,OpenMP,4,3,0.000735044,51,1
easy_057,Easy,OpenMP,4,4,0.000729084,51,1
easy_057,Easy,OpenMP,4,5,0.000745058,51,1
easy_057,Easy,OpenMP,8,1,0.001162052,51,1
easy_057,Easy,OpenMP,8,2,0.001646996,51,1
easy_057,Easy,OpenMP,8,3,0.001172066,51,1
easy_057,Easy,OpenMP,8,4,0.002701998,51,1
easy_057,Easy,OpenMP,8,5,0.001274109,51,1
easy_057,Easy,OpenMP,16,1,0.016142845,51,1
easy_057,Easy,OpenMP,16,2,0.030292034,51,1
easy_057,Easy,OpenMP,16,3,0.025723219,51,1
easy_057,Easy,OpenMP,16,4,0.033432961,51,1
easy_057,Easy,OpenMP,16,5,0.038229942,51,1
easy_057,Easy,OMP-BranchBoundMRV,4,1,0.001125813,51,1
easy_057,Easy,OMP-BranchBoundMRV,4,2,0.001053095,51,1
easy_057,Easy,OMP-BranchBoundMRV,4,3,0.001049042,51,1
easy_057,Easy,OMP-BranchBoundMRV,4,4,0.001051188,51,1
easy_057,Easy,OMP-BranchBoundMRV,4,5,0.001236916,51,1
easy_057,Easy,OMP-BranchBoundMRV,8,1,0.001648188,51,1
easy_057,Easy,OMP-BranchBoundMRV,8,2,0.001276970,51,1
easy_057,Easy,OMP-BranchBoundMRV,8,3,0.001766920,51,1
easy_057,Easy,OMP-BranchBoundMRV,8,4,0.001196861,51,1
easy_057,Easy,OMP-BranchBoundMRV,8,5,0.002250910,51,1
easy_057,Easy,OMP-BranchBoundMRV,16,1,0.033562899,51,1
easy_057,Easy,OMP-BranchBoundMRV,16,2,0.045878887,51,1
easy_057,Easy,OMP-BranchBoundMRV,16,3,0.021676064,51,1
easy_057,Easy,OMP-BranchBoundMRV,16,4,0.017665863,51,1
easy_057,Easy,OMP-BranchBoundMRV,16,5,0.050237894,51,1
easy_058,Easy,Serial,1,1,0.000130500,226,1
easy_058,Easy,Serial,1,2,0.000097667,226,1
easy_058,Easy,Serial,1,3,0.000096375,226,1
easy_058,Easy,Serial,1,4,0.000096208,226,1
easy_058,Easy,Serial,1,5,0.000095959,226,1
easy_058,Easy,Serial-MRV,1,1,0.000450291,44,1
easy_058,Easy,Serial-MRV,1,2,0.000450125,44,1
easy_058,Easy,Serial-MRV,1,3,0.000444708,44,1
easy_058,Easy,Serial-MRV,1,4,0.000443542,44,1
easy_058,Easy,Serial-MRV,1,5,0.000499083,44,1
easy_058,Easy,BranchBound,1,1,0.000090041,226,1
easy_058,Easy,BranchBound,1,2,0.000084500,226,1
easy_058,Easy,BranchBound,1,3,0.000084458,226,1
easy_058,Easy,BranchBound,1,4,0.000084167,226,1
easy_058,Easy,BranchBound,1,5,0.000084000,226,1
easy_058,Easy,BranchBoundMRV,1,1,0.000577833,44,1
easy_058,Easy,BranchBoundMRV,1,2,0.000571875,44,1
easy_058,Easy,BranchBoundMRV,1,3,0.000571416,44,1
easy_058,Easy,BranchBoundMRV,1,4,0.000580667,44,1
easy_058,Easy,BranchBoundMRV,1,5,0.000570542,44,1
easy_058,Easy,OpenMP,4,1,0.000506163,44,1
easy_058,Easy,OpenMP,4,2,0.000488043,44,1
easy_058,Easy,OpenMP,4,3,0.000484943,44,1
easy_058,Easy,OpenMP,4,4,0.000484943,44,1
easy_058,Easy,OpenMP,4,5,0.000488043,44,1
easy_058,Easy,OpenMP,8,1,0.000508070,44,1
easy_058,Easy,OpenMP,8,2,0.000658035,44,1
easy_058,Easy,OpenMP,8,3,0.000513077,44,1
easy_058,Easy,OpenMP,8,4,0.000494957,44,1
easy_058,Easy,OpenMP,8,5,0.000538111,44,1
easy_058,Easy,OpenMP,16,1,0.032500982,44,1
easy_058,Easy,OpenMP,16,2,0.033527136,44,1
easy_058,Easy,OpenMP,16,3,0.045708895,44,1
easy_058,Easy,OpenMP,16,4,0.050952911,44,1
easy_058,Easy,OpenMP,16,5,0.018264055,44,1
easy_058,Easy,OMP-BranchBoundMRV,4,1,0.000799179,44,1
easy_058,Easy,OMP-BranchBoundMRV,4,2,0.000625849,44,1
easy_058,Easy,OMP-BranchBoundMRV,4,3,0.000691891,44,1
easy_058,Easy,OMP-BranchBoundMRV,4,4,0.000693798,44,1
easy_058,Easy,OMP-BranchBoundMRV,4,5,0.001453876,44,1
easy_058,Easy,OMP-BranchBoundMRV,8,1,0.005992174,44,1
easy_058,Easy,OMP-BranchBoundMRV,8,2,0.002243042,44,1
easy_058,Easy,OMP-BranchBoundMRV,8,3,0.000796080,44,1
easy_058,Easy,OMP-BranchBoundMRV,8,4,0.001077175,44,1
easy_058,Easy,OMP-BranchBoundMRV,8,5,0.001179934,44,1
easy_058,Easy,OMP-BranchBoundMRV,16,1,0.005056858,44,1
easy_058,Easy,OMP-BranchBoundMRV,16,2,0.032042027,44,1
easy_058,Easy,OMP-BranchBoundMRV,16,3,0.017449856,44,1
easy_058,Easy,OMP-BranchBoundMRV,16,4,0.011412144,44,1
easy_058,Easy,OMP-BranchBoundMRV,16,5,0.019617081,44,1
easy_059,Easy,Serial,1,1,0.000551167,1345,1
easy_059,Easy,Serial,1,2,0.000536500,1345,1
easy_059,Easy,Serial,1,3,0.000571666,1345,1
easy_059,Easy,Serial,1,4,0.000571666,1345,1
easy_059,Easy,Serial,1,5,0.000603167,1345,1
easy_059,Easy,Serial-MRV,1,1,0.000789042,54,1
easy_059,Easy,Serial-MRV,1,2,0.000777292,54,1
easy_059,Easy,Serial-MRV,1,3,0.000776125,54,1
easy_059,Easy,Serial-MRV,1,4,0.000855417,54,1
easy_059,Easy,Serial-MRV,1,5,0.000779917,54,1
easy_059,Easy,BranchBound,1,1,0.000573667,1345,1
easy_059,Easy,BranchBound,1,2,0.000548333,1345,1
easy_059,Easy,BranchBound,1,3,0.000549833,1345,1
easy_059,Easy,BranchBound,1,4,0.000547833,1345,1
easy_059,Easy,BranchBound,1,5,0.000569125,1345,1
easy_059,Easy,BranchBoundMRV,1,1,0.001068750,54,1
easy_059,Easy,BranchBoundMRV,1,2,0.001048500,54,1
easy_059,Easy,BranchBoundMRV,1,3,0.000978000,54,1
easy_059,Easy,BranchBoundMRV,1,4,0.000977708,54,1
easy_059,Easy,BranchBoundMRV,1,5,0.000977750,54,1
easy_059,Easy,OpenMP,4,1,0.000860929,54,1
easy_059,Easy,OpenMP,4,2,0.000844955,54,1
easy_059,Easy,OpenMP,4,3,0.000845194,54,1
easy_059,Easy,OpenMP,4,4,0.001197100,54,1
easy_059,Easy,OpenMP,4,5,0.000849009,54,1
easy_059,Easy,OpenMP,8,1,0.000872850,54,1
easy_059,Easy,OpenMP,8,2,0.000891924,54,1
easy_059,Easy,OpenMP,8,3,0.001003981,54,1
easy_059,Easy,OpenMP,8,4,0.000845909,54,1
easy_059,Easy,OpenMP,8,5,0.000847816,54,1
easy_059,Easy,OpenMP,16,1,0.011770964,54,1
easy_059,Easy,OpenMP,16,2,0.004843950,54,1
easy_059,Easy,OpenMP,16,3,0.015970945,54,1
easy_059,Easy,OpenMP,16,4,0.003571033,54,1
easy_059,Easy,OpenMP,16,5,0.012792110,54,1
easy_059,Easy,OMP-BranchBoundMRV,4,1,0.001074076,54,1
easy_059,Easy,OMP-BranchBoundMRV,4,2,0.001066923,54,1
easy_059,Easy,OMP-BranchBoundMRV,4,3,0.001075029,54,1
easy_059,Easy,OMP-BranchBoundMRV,4,4,0.001085043,54,1
easy_059,Easy,OMP-BranchBoundMRV,4,5,0.001132965,54,1
easy_059,Easy,OMP-BranchBoundMRV,8,1,0.003189087,54,1
easy_059,Easy,OMP-BranchBoundMRV,8,2,0.002421856,54,1
easy_059,Easy,OMP-BranchBoundMRV,8,3,0.001489878,54,1
easy_059,Easy,OMP-BranchBoundMRV,8,4,0.001086950,54,1
easy_059,Easy,OMP-BranchBoundMRV,8,5,0.001056910,54,1
easy_059,Easy,OMP-BranchBoundMRV,16,1,0.006783009,54,1
easy_059,Easy,OMP-BranchBoundMRV,16,2,0.021262169,54,1
easy_059,Easy,OMP-BranchBoundMRV,16,3,0.009836912,54,1
easy_059,Easy,OMP-BranchBoundMRV,16,4,0.009112120,54,1
easy_059,Easy,OMP-BranchBoundMRV,16,5,0.007138968,54,1
easy_060,Easy,Serial,1,1,0.001130583,2039,1
easy_060,Easy,Serial,1,2,0.001057917,2039,1
easy_060,Easy,Serial,1,3,0.001026834,2039,1
easy_060,Easy,Serial,1,4,0.001361291,2039,1
easy_060,Easy,Serial,1,5,0.001011083,2039,1
easy_060,Easy,Serial-MRV,1,1,0.000792125,54,1
easy_060,Easy,Serial-MRV,1,2,0.000760041,54,1
easy_060,Easy,Serial-MRV,1,3,0.000888083,54,1
easy_060,Easy,Serial-MRV,1,4,0.000754959,54,1
easy_060,Easy,Serial-MRV,1,5,0.000840875,54,1
easy_060,Easy,BranchBound,1,1,0.001136583,2039,1
easy_060,Easy,BranchBound,1,2,0.000945375,2039,1
easy_060,Easy,BranchBound,1,3,0.000979250,2039,1
easy_060,Easy,BranchBound,1,4,0.001042417,2039,1
easy_060,Easy,BranchBound,1,5,0.000865917,2039,1
easy_060,Easy,BranchBoundMRV,1,1,0.001046042,54,1
easy_060,Easy,BranchBoundMRV,1,2,0.001105833,54,1
easy_060,Easy,BranchBoundMRV,1,3,0.001083000,54,1
easy_060,Easy,BranchBoundMRV,1,4,0.001011333,54,1
easy_060,Easy,BranchBoundMRV,1,5,0.001609500,54,1
easy_060,Easy,OpenMP,4,1,0.000838995,58,1
easy_060,Easy,OpenMP,4,2,0.000826120,58,1
easy_060,Easy,OpenMP,4,3,0.000814915,58,1
easy_060,Easy,OpenMP,4,4,0.000889063,58,1
easy_060,Easy,OpenMP,4,5,0.000894785,58,1
easy_060,Easy,OpenMP,8,1,0.003459930,58,1
easy_060,Easy,OpenMP,8,2,0.001216888,58,1
easy_060,Easy,OpenMP,8,3,0.001716137,58,1
easy_060,Easy,OpenMP,8,4,0.001162052,58,1
easy_060,Easy,OpenMP,8,5,0.000814915,58,1
easy_060,Easy,OpenMP,16,1,0.013329029,58,1
easy_060,Easy,OpenMP,16,2,0.004019022,58,1
easy_060,Easy,OpenMP,16,3,0.011312962,58,1
easy_060,Easy,OpenMP,16,4,0.005021095,58,1
easy_060,Easy,OpenMP,16,5,0.016237974,58,1
easy_060,Easy,OMP-BranchBoundMRV,4,1,0.001147985,58,1
easy_060,Easy,OMP-BranchBoundMRV,4,2,0.001120090,58,1
easy_060,Easy,OMP-BranchBoundMRV,4,3,0.001078844,58,1
easy_060,Easy,OMP-BranchBoundMRV,4,4,0.001070023,58,1
easy_060,Easy,OMP-BranchBoundMRV,4,5,0.001070023,58,1
easy_060,Easy,OMP-BranchBoundMRV,8,1,0.001073837,58,1
easy_060,Easy,OMP-BranchBoundMRV,8,2,0.001301050,58,1
easy_060,Easy,OMP-BranchBoundMRV,8,3,0.001065016,58,1
easy_060,Easy,OMP-BranchBoundMRV,8,4,0.001178980,58,1
easy_060,Easy,OMP-BranchBoundMRV,8,5,0.001091003,58,1
easy_060,Easy,OMP-BranchBoundMRV,16,1,0.026858091,58,1
easy_060,Easy,OMP-BranchBoundMRV,16,2,0.024383068,58,1
easy_060,Easy,OMP-BranchBoundMRV,16,3,0.021981955,58,1
easy_060,Easy,OMP-BranchBoundMRV,16,4,0.060993910,58,1
easy_060,Easy,OMP-BranchBoundMRV,16,5,0.039214849,58,1
easy_061,Easy,Serial,1,1,0.000022000,55,1
easy_061,Easy,Serial,1,2,0.000021375,55,1
easy_061,Easy,Serial,1,3,0.000021083,55,1
easy_061,Easy,Serial,1,4,0.000020917,55,1
easy_061,Easy,Serial,1,5,0.000021000,55,1
easy_061,Easy,Serial-MRV,1,1,0.000539042,44,1
easy_061,Easy,Serial-MRV,1,2,0.000468625,44,1
easy_061,Easy,Serial-MRV,1,3,0.000530708,44,1
easy_061,Easy,Serial-MRV,1,4,0.000465250,44,1
easy_061,Easy,Serial-MRV,1,5,0.000464792,44,1
easy_061,Easy,BranchBound,1,1,0.000021875,55,1
easy_061,Easy,BranchBound,1,2,0.000019542,55,1
easy_061,Easy,BranchBound,1,3,0.000018542,55,1
easy_061,Easy,BranchBound,1,4,0.000018333,55,1
easy_061,Easy,BranchBound,1,5,0.000018417,55,1
easy_061,Easy,BranchBoundMRV,1,1,0.000518167,44,1
easy_061,Easy,BranchBoundMRV,1,2,0.000533709,44,1
easy_061,Easy,BranchBoundMRV,1,3,0.000472958,44,1
easy_061,Easy,BranchBoundMRV,1,4,0.000476541,44,1
easy_061,Easy,BranchBoundMRV,1,5,0.000497792,44,1
easy_061,Easy,OpenMP,4,1,0.001036882,44,1
easy_061,Easy,OpenMP,4,2,0.000602961,44,1
easy_061,Easy,OpenMP,4,3,0.000726223,44,1
easy_061,Easy,OpenMP,4,4,0.001491070,44,1
easy_061,Easy,OpenMP,4,5,0.002127886,44,1
easy_061,Easy,OpenMP,8,1,0.016911030,44,1
easy_061,Easy,OpenMP,8,2,0.003517866,44,1
easy_061,Easy,OpenMP,8,3,0.007601976,44,1
easy_061,Easy,OpenMP,8,4,0.014869928,44,1
easy_061,Easy,OpenMP,8,5,0.049127102,44,1
easy_061,Easy,OpenMP,16,1,0.009076834,44,1
easy_061,Easy,OpenMP,16,2,0.006309986,44,1
easy_061,Easy,OpenMP,16,3,0.008655071,44,1
easy_061,Easy,OpenMP,16,4,0.006708145,44,1
easy_061,Easy,OpenMP,16,5,0.013060093,44,1
easy_061,Easy,OMP-BranchBoundMRV,4,1,0.000812054,44,1
easy_061,Easy,OMP-BranchBoundMRV,4,2,0.004532099,44,1
easy_061,Easy,OMP-BranchBoundMRV,4,3,0.001194000,44,1
easy_061,Easy,OMP-BranchBoundMRV,4,4,0.002228975,44,1
easy_061,Easy,OMP-BranchBoundMRV,4,5,0.000884056,44,1
easy_061,Easy,OMP-BranchBoundMRV,8,1,0.010070086,44,1
easy_061,Easy,OMP-BranchBoundMRV,8,2,0.001855135,44,1
easy_061,Easy,OMP-BranchBoundMRV,8,3,0.005184174,44,1
easy_061,Easy,OMP-BranchBoundMRV,8,4,0.008645058,44,1
easy_061,Easy,OMP-BranchBoundMRV,8,5,0.008550882,44,1
easy_061,Easy,OMP-BranchBoundMRV,16,1,0.008900166,44,1
easy_061,Easy,OMP-BranchBoundMRV,16,2,0.006309986,44,1
easy_061,Easy,OMP-BranchBoundMRV,16,3,0.013221025,44,1
easy_061,Easy,OMP-BranchBoundMRV,16,4,0.006164074,44,1
easy_061,Easy,OMP-BranchBoundMRV,16,5,0.011559010,44,1
easy_062,Easy,Serial,1,1,0.001237458,2326,1
easy_062,Easy,Serial,1,2,0.001660541,2326,1
easy_062,Easy,Serial,1,3,0.002489667,2326,1
easy_062,Easy,Serial,1,4,0.001873334,2326,1
easy_062,Easy,Serial,1,5,0.002769334,2326,1
easy_062,Easy,Serial-MRV,1,1,0.004630625,97,1
easy_062,Easy,Serial-MRV,1,2,0.003589917,97,1
easy_062,Easy,Serial-MRV,1,3,0.002926500,97,1
easy_062,Easy,Serial-MRV,1,4,0.002757791,97,1
easy_062,Easy,Serial-MRV,1,5,0.001900334,97,1
easy_062,Easy,BranchBound,1,1,0.001917458,2326,1
easy_062,Easy,BranchBound,1,2,0.001336125,2326,1
easy_062,Easy,BranchBound,1,3,0.002311666,2326,1
easy_062,Easy,BranchBound,1,4,0.001402166,2326,1
easy_062,Easy,BranchBound,1,5,0.001242208,2326,1
easy_062,Easy,BranchBoundMRV,1,1,0.003184000,97,1
easy_062,Easy,BranchBoundMRV,1,2,0.004821458,97,1
easy_062,Easy,BranchBoundMRV,1,3,0.002526417,97,1
easy_062,Easy,BranchBoundMRV,1,4,0.003403333,97,1
easy_062,Easy,BranchBoundMRV,1,5,0.003143250,97,1
easy_062,Easy,OpenMP,4,1,0.004704952,97,1
easy_062,Easy,OpenMP,4,2,0.002008915,97,1
easy_062,Easy,OpenMP,4,3,0.002266169,97,1
easy_062,Easy,OpenMP,4,4,0.001552105,97,1
easy_062,Easy,OpenMP,4,5,0.001471043,97,1
easy_062,Easy,OpenMP,8,1,0.009027004,97,1
easy_062,Easy,OpenMP,8,2,0.003322840,97,1
easy_062,Easy,OpenMP,8,3,0.001476049,97,1
easy_062,Easy,OpenMP,8,4,0.007750034,97,1
easy_062,Easy,OpenMP,8,5,0.002497911,97,1
easy_062,Easy,OpenMP,16,1,0.015516043,97,1
easy_062,Easy,OpenMP,16,2,0.032591105,97,1
easy_062,Easy,OpenMP,16,3,0.045728922,97,1
easy_062,Easy,OpenMP,16,4,0.016762018,97,1
easy_062,Easy,OpenMP,16,5,0.028358221,97,1
easy_062,Easy,OMP-BranchBoundMRV,4,1,0.002118111,97,1
easy_062,Easy,OMP-BranchBoundMRV,4,2,0.002116203,97,1
easy_062,Easy,OMP-BranchBoundMRV,4,3,0.002092123,97,1
easy_062,Easy,OMP-BranchBoundMRV,4,4,0.002157211,97,1
easy_062,Easy,OMP-BranchBoundMRV,4,5,0.002932072,97,1
easy_062,Easy,OMP-BranchBoundMRV,8,1,0.003367186,97,1
easy_062,Easy,OMP-BranchBoundMRV,8,2,0.008544922,97,1
easy_062,Easy,OMP-BranchBoundMRV,8,3,0.004914045,97,1
easy_062,Easy,OMP-BranchBoundMRV,8,4,0.003360987,97,1
easy_062,Easy,OMP-BranchBoundMRV,8,5,0.008420944,97,1
easy_062,Easy,OMP-BranchBoundMRV,16,1,0.022531986,97,1
easy_062,Easy,OMP-BranchBoundMRV,16,2,0.073615074,97,1
easy_062,Easy,OMP-BranchBoundMRV,16,3,0.049561024,97,1
easy_062,Easy,OMP-BranchBoundMRV,16,4,0.064299822,97,1
easy_062,Easy,OMP-BranchBoundMRV,16,5,0.032138109,97,1
easy_063,Easy,Serial,1,1,0.357492167,707417,1
easy_063,Easy,Serial,1,2,0.363381250,707417,1
easy_063,Easy,Serial,1,3,0.353021084,707417,1
easy_063,Easy,Serial,1,4,0.354217541,707417,1
easy_063,Easy,Serial,1,5,0.357886292,707417,1
easy_063,Easy,Serial-MRV,1,1,0.000904958,56,1
easy_063,Easy,Serial-MRV,1,2,0.000896333,56,1
easy_063,Easy,Serial-MRV,1,3,0.000895417,56,1
easy_063,Easy,Serial-MRV,1,4,0.000907750,56,1
easy_063,Easy,Serial-MRV,1,5,0.000902333,56,1
easy_063,Easy,BranchBound,1,1,0.308498708,707417,1
easy_063,Easy,BranchBound,1,2,0.291374208,707417,1
easy_063,Easy,BranchBound,1,3,0.287551083,707417,1
easy_063,Easy,BranchBound,1,4,0.288363167,707417,1
easy_063,Easy,BranchBound,1,5,0.290751834,707417,1
easy_063,Easy,BranchBoundMRV,1,1,0.001390166,56,1
easy_063,Easy,BranchBoundMRV,1,2,0.001334042,56,1
easy_063,Easy,BranchBoundMRV,1,3,0.001341167,56,1
easy_063,Easy,BranchBoundMRV,1,4,0.001328416,56,1
easy_063,Easy,BranchBoundMRV,1,5,0.001321834,56,1
easy_063,Easy,OpenMP,4,1,0.000936985,56,1
easy_063,Easy,OpenMP,4,2,0.000924110,56,1
easy_063,Easy,OpenMP,4,3,0.000915051,56,1
easy_063,Easy,OpenMP,4,4,0.000910044,56,1
easy_063,Easy,OpenMP,4,5,0.000911951,56,1
easy_063,Easy,OpenMP,8,1,0.000979900,56,1
easy_063,Easy,OpenMP,8,2,0.000916958,56,1
easy_063,Easy,OpenMP,8,3,0.002110004,56,1
easy_063,Easy,OpenMP,8,4,0.000969172,56,1
easy_063,Easy,OpenMP,8,5,0.000931025,56,1
easy_063,Easy,OpenMP,16,1,0.021358967,56,1
easy_063,Easy,OpenMP,16,2,0.022329092,56,1
easy_063,Easy,OpenMP,16,3,0.016739845,56,1
easy_063,Easy,OpenMP,16,4,0.023806095,56,1
easy_063,Easy,OpenMP,16,5,0.017309189,56,1
easy_063,Easy,OMP-BranchBoundMRV,4,1,0.001471043,56,1
easy_063,Easy,OMP-BranchBoundMRV,4,2,0.001426935,56,1
easy_063,Easy,OMP-BranchBoundMRV,4,3,0.001432180,56,1
easy_063,Easy,OMP-BranchBoundMRV,4,4,0.001415968,56,1
easy_063,Easy,OMP-BranchBoundMRV,4,5,0.001420975,56,1
easy_063,Easy,OMP-BranchBoundMRV,8,1,0.004591942,56,1
easy_063,Easy,OMP-BranchBoundMRV,8,2,0.001456022,56,1
easy_063,Easy,OMP-BranchBoundMRV,8,3,0.001451015,56,1
easy_063,Easy,OMP-BranchBoundMRV,8,4,0.001551151,56,1
easy_063,Easy,OMP-BranchBoundMRV,8,5,0.001436949,56,1
easy_063,Easy,OMP-BranchBoundMRV,16,1,0.030662060,56,1
easy_063,Easy,OMP-BranchBoundMRV,16,2,0.063556910,56,1
easy_063,Easy,OMP-BranchBoundMRV,16,3,0.030822992,56,1
easy_063,Easy,OMP-BranchBoundMRV,16,4,0.014368057,56,1
easy_063,Easy,OMP-BranchBoundMRV,16,5,0.026282072,56,1
easy_064,Easy,Serial,1,1,0.000210875,174,1
easy_064,Easy,Serial,1,2,0.000101792,174,1
easy_064,Easy,Serial,1,3,0.000091833,174,1
easy_064,Easy,Serial,1,4,0.000082291,174,1
easy_064,Easy,Serial,1,5,0.000081708,174,1
easy_064,Easy,Serial-MRV,1,1,0.000603167,49,1
easy_064,Easy,Serial-MRV,1,2,0.000614125,49,1
easy_064,Easy,Serial-MRV,1,3,0.000624542,49,1
easy_064,Easy,Serial-MRV,1,4,0.000693750,49,1
easy_064,Easy,Serial-MRV,1,5,0.000604583,49,1
easy_064,Easy,BranchBound,1,1,0.000081000,174,1
easy_064,Easy,BranchBound,1,2,0.000082791,174,1
easy_064,Easy,BranchBound,1,3,0.000069958,174,1
easy_064,Easy,BranchBound,1,4,0.000086500,174,1
easy_064,Easy,BranchBound,1,5,0.000069625,174,1
easy_064,Easy,BranchBoundMRV,1,1,0.000707250,49,1
easy_064,Easy,BranchBoundMRV,1,2,0.000681958,49,1
easy_064,Easy,BranchBoundMRV,1,3,0.000680666,49,1
easy_064,Easy,BranchBoundMRV,1,4,0.000680167,49,1
easy_064,Easy,BranchBoundMRV,1,5,0.000696250,49,1
easy_064,Easy,OpenMP,4,1,0.000643015,49,1
easy_064,Easy,OpenMP,4,2,0.000649929,49,1
easy_064,Easy,OpenMP,4,3,0.000634909,49,1
easy_064,Easy,OpenMP,4,4,0.000635862,49,1
easy_064,Easy,OpenMP,4,5,0.000639915,49,1
easy_064,Easy,OpenMP,8,1,0.003089905,49,1
easy_064,Easy,OpenMP,8,2,0.004294872,49,1
easy_064,Easy,OpenMP,8,3,0.002503157,49,1
easy_064,Easy,OpenMP,8,4,0.001424074,49,1
easy_064,Easy,OpenMP,8,5,0.007133961,49,1
easy_064,Easy,OpenMP,16,1,0.068764925,49,1
easy_064,Easy,OpenMP,16,2,0.039250851,49,1
easy_064,Easy,OpenMP,16,3,0.040441990,49,1
easy_064,Easy,OpenMP,16,4,0.025362015,49,1
easy_064,Easy,OpenMP,16,5,0.026568890,49,1
easy_064,Easy,OMP-BranchBoundMRV,4,1,0.001089096,49,1
easy_064,Easy,OMP-BranchBoundMRV,4,2,0.000766039,49,1
easy_064,Easy,OMP-BranchBoundMRV,4,3,0.000739813,49,1
easy_064,Easy,OMP-BranchBoundMRV,4,4,0.000741959,49,1
easy_064,Easy,OMP-BranchBoundMRV,4,5,0.000739098,49,1
easy_064,Easy,OMP-BranchBoundMRV,8,1,0.006314039,49,1
easy_064,Easy,OMP-BranchBoundMRV,8,2,0.000762939,49,1
easy_064,Easy,OMP-BranchBoundMRV,8,3,0.000802040,49,1
easy_064,Easy,OMP-BranchBoundMRV,8,4,0.003158092,49,1
easy_064,Easy,OMP-BranchBoundMRV,8,5,0.001285076,49,1
easy_064,Easy,OMP-BranchBoundMRV,16,1,0.028861046,49,1
easy_064,Easy,OMP-BranchBoundMRV,16,2,0.013332129,49,1
easy_064,Easy,OMP-BranchBoundMRV,16,3,0.015259981,49,1
easy_064,Easy,OMP-BranchBoundMRV,16,4,0.030938148,49,1
easy_064,Easy,OMP-BranchBoundMRV,16,5,0.032212973,49,1
easy_065,Easy,Serial,1,1,0.000100583,173,1
easy_065,Easy,Serial,1,2,0.000080500,173,1
easy_065,Easy,Serial,1,3,0.000080333,173,1
easy_065,Easy,Serial,1,4,0.000079958,173,1
easy_065,Easy,Serial,1,5,0.000079958,173,1
easy_065,Easy,Serial-MRV,1,1,0.000421625,41,1
easy_065,Easy,Serial-MRV,1,2,0.000392833,41,1
easy_065,Easy,Serial-MRV,1,3,0.000392083,41,1
easy_065,Easy,Serial-MRV,1,4,0.000392125,41,1
easy_065,Easy,Serial-MRV,1,5,0.000391750,41,1
easy_065,Easy,BranchBound,1,1,0.000075709,173,1
easy_065,Easy,BranchBound,1,2,0.000070500,173,1
easy_065,Easy,BranchBound,1,3,0.000069958,173,1
easy_065,Easy,BranchBound,1,4,0.000069917,173,1
easy_065,Easy,BranchBound,1,5,0.000069833,173,1
easy_065,Easy,BranchBoundMRV,1,1,0.000478000,41,1
easy_065,Easy,BranchBoundMRV,1,2,0.000462792,41,1
easy_065,Easy,BranchBoundMRV,1,3,0.000461333,41,1
easy_065,Easy,BranchBoundMRV,1,4,0.000461458,41,1
easy_065,Easy,BranchBoundMRV,1,5,0.000460834,41,1
easy_065,Easy,OpenMP,4,1,0.000437975,41,1
easy_065,Easy,OpenMP,4,2,0.000437021,41,1
easy_065,Easy,OpenMP,4,3,0.000430107,41,1
easy_065,Easy,OpenMP,4,4,0.000437975,41,1
easy_065,Easy,OpenMP,4,5,0.000436068,41,1
easy_065,Easy,OpenMP,8,1,0.004254103,41,1
easy_065,Easy,OpenMP,8,2,0.000524998,41,1
easy_065,Easy,OpenMP,8,3,0.000957012,41,1
easy_065,Easy,OpenMP,8,4,0.004076958,41,1
easy_065,Easy,OpenMP,8,5,0.001989841,41,1
easy_065,Easy,OpenMP,16,1,0.044015169,41,1
easy_065,Easy,OpenMP,16,2,0.027859211,41,1
easy_065,Easy,OpenMP,16,3,0.023950100,41,1
easy_065,Easy,OpenMP,16,4,0.025764227,41,1
easy_065,Easy,OpenMP,16,5,0.009780169,41,1
easy_065,Easy,OMP-BranchBoundMRV,4,1,0.000527143,41,1
easy_065,Easy,OMP-BranchBoundMRV,4,2,0.000594139,41,1
easy_065,Easy,OMP-BranchBoundMRV,4,3,0.000509024,41,1
easy_065,Easy,OMP-BranchBoundMRV,4,4,0.000502825,41,1
easy_065,Easy,OMP-BranchBoundMRV,4,5,0.000530005,41,1
easy_065,Easy,OMP-BranchBoundMRV,8,1,0.001109123,41,1
easy_065,Easy,OMP-BranchBoundMRV,8,2,0.001296997,41,1
easy_065,Easy,OMP-BranchBoundMRV,8,3,0.000900030,41,1
easy_065,Easy,OMP-BranchBoundMRV,8,4,0.000499964,41,1
easy_065,Easy,OMP-BranchBoundMRV,8,5,0.000618935,41,1
easy_065,Easy,OMP-BranchBoundMRV,16,1,0.016637087,41,1
easy_065,Easy,OMP-BranchBoundMRV,16,2,0.027770042,41,1
easy_065,Easy,OMP-BranchBoundMRV,16,3,0.036756992,41,1
easy_065,Easy,OMP-BranchBoundMRV,16,4,0.033205032,41,1
easy_065,Easy,OMP-BranchBoundMRV,16,5,0.030390978,41,1
easy_066,Easy,Serial,1,1,0.000637292,1386,1
easy_066,Easy,Serial,1,2,0.000622208,1386,1
easy_066,Easy,Serial,1,3,0.000622333,1386,1
easy_066,Easy,Serial,1,4,0.000621542,1386,1
easy_066,Easy,Serial,1,5,0.000621875,1386,1
easy_066,Easy,Serial-MRV,1,1,0.000462291,44,1
easy_066,Easy,Serial-MRV,1,2,0.000456792,44,1
easy_066,Easy,Serial-MRV,1,3,0.000456333,44,1
easy_066,Easy,Serial-MRV,1,4,0.000456750,44,1
easy_066,Easy,Serial-MRV,1,5,0.000456917,44,1
easy_066,Easy,BranchBound,1,1,0.000558917,1386,1
easy_066,Easy,BranchBound,1,2,0.000542500,1386,1
easy_066,Easy,BranchBound,1,3,0.000542792,1386,1
easy_066,Easy,BranchBound,1,4,0.000542875,1386,1
easy_066,Easy,BranchBound,1,5,0.000542375,1386,1
easy_066,Easy,BranchBoundMRV,1,1,0.000671208,44,1
easy_066,Easy,BranchBoundMRV,1,2,0.000665042,44,1
easy_066,Easy,BranchBoundMRV,1,3,0.000680791,44,1
easy_066,Easy,BranchBoundMRV,1,4,0.000664084,44,1
easy_066,Easy,BranchBoundMRV,1,5,0.000664083,44,1
easy_066,Easy,OpenMP,4,1,0.000519037,44,1
easy_066,Easy,OpenMP,4,2,0.000512123,44,1
easy_066,Easy,OpenMP,4,3,0.000503063,44,1
easy_066,Easy,OpenMP,4,4,0.000504017,44,1
easy_066,Easy,OpenMP,4,5,0.000504017,44,1
easy_066,Easy,OpenMP,8,1,0.000542164,44,1
easy_066,Easy,OpenMP,8,2,0.005434036,44,1
easy_066,Easy,OpenMP,8,3,0.000509977,44,1
easy_066,Easy,OpenMP,8,4,0.000562906,44,1
easy_066,Easy,OpenMP,8,5,0.002861023,44,1
easy_066,Easy,OpenMP,16,1,0.045122862,44,1
easy_066,Easy,OpenMP,16,2,0.016288996,44,1
easy_066,Easy,OpenMP,16,3,0.012938023,44,1
easy_066,Easy,OpenMP,16,4,0.015625000,44,1
easy_066,Easy,OpenMP,16,5,0.009531975,44,1
easy_066,Easy,OMP-BranchBoundMRV,4,1,0.000802994,44,1
easy_066,Easy,OMP-BranchBoundMRV,4,2,0.000756025,44,1
easy_066,Easy,OMP-BranchBoundMRV,4,3,0.000757933,44,1
easy_066,Easy,OMP-BranchBoundMRV,4,4,0.000867844,44,1
easy_066,Easy,OMP-BranchBoundMRV,4,5,0.000719786,44,1
easy_066,Easy,OMP-BranchBoundMRV,8,1,0.001200914,44,1
easy_066,Easy,OMP-BranchBoundMRV,8,2,0.000757933,44,1
easy_066,Easy,OMP-BranchBoundMRV,8,3,0.000730991,44,1
easy_066,Easy,OMP-BranchBoundMRV,8,4,0.000742912,44,1
easy_066,Easy,OMP-BranchBoundMRV,8,5,0.003526926,44,1
easy_066,Easy,OMP-BranchBoundMRV,16,1,0.028167009,44,1
easy_066,Easy,OMP-BranchBoundMRV,16,2,0.033865929,44,1
easy_066,Easy,OMP-BranchBoundMRV,16,3,0.056216955,44,1
easy_066,Easy,OMP-BranchBoundMRV,16,4,0.024487019,44,1
easy_066,Easy,OMP-BranchBoundMRV,16,5,0.019424915,44,1
easy_067,Easy,Serial,1,1,0.025388000,53245,1
easy_067,Easy,Serial,1,2,0.026607417,53245,1
easy_067,Easy,Serial,1,3,0.026038125,53245,1
easy_067,Easy,Serial,1,4,0.026852250,53245,1
easy_067,Easy,Serial,1,5,0.025988375,53245,1
easy_067,Easy,Serial-MRV,1,1,0.000838333,53,1
easy_067,Easy,Serial-MRV,1,2,0.000863875,53,1
easy_067,Easy,Serial-MRV,1,3,0.000864625,53,1
easy_067,Easy,Serial-MRV,1,4,0.001036000,53,1
easy_067,Easy,Serial-MRV,1,5,0.000811125,53,1
easy_067,Easy,BranchBound,1,1,0.022079542,53245,1
easy_067,Easy,BranchBound,1,2,0.021733917,53245,1
easy_067,Easy,BranchBound,1,3,0.021339542,53245,1
easy_067,Easy,BranchBound,1,4,0.022079125,53245,1
easy_067,Easy,BranchBound,1,5,0.022316542,53245,1
easy_067,Easy,BranchBoundMRV,1,1,0.001072458,53,1
easy_067,Easy,BranchBoundMRV,1,2,0.001126084,53,1
easy_067,Easy,BranchBoundMRV,1,3,0.001081125,53,1
easy_067,Easy,BranchBoundMRV,1,4,0.001107500,53,1
easy_067,Easy,BranchBoundMRV,1,5,0.001065125,53,1
easy_067,Easy,OpenMP,4,1,0.000797033,53,1
easy_067,Easy,OpenMP,4,2,0.000787973,53,1
easy_067,Easy,OpenMP,4,3,0.000782967,53,1
easy_067,Easy,OpenMP,4,4,0.000779867,53,1
easy_067,Easy,OpenMP,4,5,0.000813007,53,1
easy_067,Easy,OpenMP,8,1,0.000847101,53,1
easy_067,Easy,OpenMP,8,2,0.001735926,53,1
easy_067,Easy,OpenMP,8,3,0.002210855,53,1
easy_067,Easy,OpenMP,8,4,0.001323938,53,1
easy_067,Easy,OpenMP,8,5,0.000953913,53,1
easy_067,Easy,OpenMP,16,1,0.013104916,53,1
easy_067,Easy,OpenMP,16,2,0.006255150,53,1
easy_067,Easy,OpenMP,16,3,0.027961969,53,1
easy_067,Easy,OpenMP,16,4,0.018333912,53,1
easy_067,Easy,OpenMP,16,5,0.064728022,53,1
easy_067,Easy,OMP-BranchBoundMRV,4,1,0.001301050,53,1
easy_067,Easy,OMP-BranchBoundMRV,4,2,0.001190186,53,1
easy_067,Easy,OMP-BranchBoundMRV,4,3,0.001124144,53,1
easy_067,Easy,OMP-BranchBoundMRV,4,4,0.001132965,53,1
easy_067,Easy,OMP-BranchBoundMRV,4,5,0.001214027,53,1
easy_067,Easy,OMP-BranchBoundMRV,8,1,0.006823063,53,1
easy_067,Easy,OMP-BranchBoundMRV,8,2,0.002395153,53,1
easy_067,Easy,OMP-BranchBoundMRV,8,3,0.003204107,53,1
easy_067,Easy,OMP-BranchBoundMRV,8,4,0.004676104,53,1
easy_067,Easy,OMP-BranchBoundMRV,8,5,0.006673813,53,1
easy_067,Easy,OMP-BranchBoundMRV,16,1,0.028177977,53,1
easy_067,Easy,OMP-BranchBoundMRV,16,2,0.038723946,53,1
easy_067,Easy,OMP-BranchBoundMRV,16,3,0.033694983,53,1
easy_067,Easy,OMP-BranchBoundMRV,16,4,0.050090075,53,1
easy_067,Easy,OMP-BranchBoundMRV,16,5,0.023710012,53,1
easy_068,Easy,Serial,1,1,0.000182625,415,1
easy_068,Easy,Serial,1,2,0.000171667,415,1
easy_068,Easy,Serial,1,3,0.000171708,415,1
easy_068,Easy,Serial,1,4,0.000171083,415,1
easy_068,Easy,Serial,1,5,0.000174667,415,1
easy_068,Easy,Serial-MRV,1,1,0.000788708,61,1
easy_068,Easy,Serial-MRV,1,2,0.000762125,61,1
easy_068,Easy,Serial-MRV,1,3,0.000761917,61,1
easy_068,Easy,Serial-MRV,1,4,0.000863666,61,1
easy_068,Easy,Serial-MRV,1,5,0.000788708,61,1
easy_068,Easy,BranchBound,1,1,0.000162125,415,1
easy_068,Easy,BranchBound,1,2,0.000155583,415,1
easy_068,Easy,BranchBound,1,3,0.000159959,415,1
easy_068,Easy,BranchBound,1,4,0.000177417,415,1
easy_068,Easy,BranchBound,1,5,0.000163916,415,1
easy_068,Easy,BranchBoundMRV,1,1,0.001019084,61,1
easy_068,Easy,BranchBoundMRV,1,2,0.001067667,61,1
easy_068,Easy,BranchBoundMRV,1,3,0.001113209,61,1
easy_068,Easy,BranchBoundMRV,1,4,0.001067292,61,1
easy_068,Easy,BranchBoundMRV,1,5,0.001013167,61,1
easy_068,Easy,OpenMP,4,1,0.000539064,63,1
easy_068,Easy,OpenMP,4,2,0.000615835,63,1
easy_068,Easy,OpenMP,4,3,0.000511885,63,1
easy_068,Easy,OpenMP,4,4,0.000509977,63,1
easy_068,Easy,OpenMP,4,5,0.000542164,63,1
easy_068,Easy,OpenMP,8,1,0.000964880,63,1
easy_068,Easy,OpenMP,8,2,0.000880003,63,1
easy_068,Easy,OpenMP,8,3,0.000685215,63,1
easy_068,Easy,OpenMP,8,4,0.000519991,63,1
easy_068,Easy,OpenMP,8,5,0.000524044,63,1
easy_068,Easy,OpenMP,16,1,0.020112038,63,1
easy_068,Easy,OpenMP,16,2,0.026865959,62,1
easy_068,Easy,OpenMP,16,3,0.021589994,62,1
easy_068,Easy,OpenMP,16,4,0.014541864,63,1
easy_068,Easy,OpenMP,16,5,0.030107975,63,1
easy_068,Easy,OMP-BranchBoundMRV,4,1,0.000700951,63,1
easy_068,Easy,OMP-BranchBoundMRV,4,2,0.000694036,63,1
easy_068,Easy,OMP-BranchBoundMRV,4,3,0.000697851,63,1
easy_068,Easy,OMP-BranchBoundMRV,4,4,0.000685930,63,1
easy_068,Easy,OMP-BranchBoundMRV,4,5,0.000682831,63,1
easy_068,Easy,OMP-BranchBoundMRV,8,1,0.000967026,63,1
easy_068,Easy,OMP-BranchBoundMRV,8,2,0.002645016,63,1
easy_068,Easy,OMP-BranchBoundMRV,8,3,0.003967047,63,1
easy_068,Easy,OMP-BranchBoundMRV,8,4,0.000692844,63,1
easy_068,Easy,OMP-BranchBoundMRV,8,5,0.000682831,63,1
easy_068,Easy,OMP-BranchBoundMRV,16,1,0.023091078,63,1
easy_068,Easy,OMP-BranchBoundMRV,16,2,0.049254179,63,1
easy_068,Easy,OMP-BranchBoundMRV,16,3,0.020584106,63,1
easy_068,Easy,OMP-BranchBoundMRV,16,4,0.020979881,63,1
easy_068,Easy,OMP-BranchBoundMRV,16,5,0.021042109,63,1
easy_069,Easy,Serial,1,1,0.000477084,1078,1
easy_069,Easy,Serial,1,2,0.000501916,1078,1
easy_069,Easy,Serial,1,3,0.000504833,1078,1
easy_069,Easy,Serial,1,4,0.000532250,1078,1
easy_069,Easy,Serial,1,5,0.000459250,1078,1
easy_069,Easy,Serial-MRV,1,1,0.000538833,45,1
easy_069,Easy,Serial-MRV,1,2,0.000499291,45,1
easy_069,Easy,Serial-MRV,1,3,0.000498792,45,1
easy_069,Easy,Serial-MRV,1,4,0.000506750,45,1
easy_069,Easy,Serial-MRV,1,5,0.000559250,45,1
easy_069,Easy,BranchBound,1,1,0.000534458,1078,1
easy_069,Easy,BranchBound,1,2,0.000428917,1078,1
easy_069,Easy,BranchBound,1,3,0.000426000,1078,1
easy_069,Easy,BranchBound,1,4,0.000459417,1078,1
easy_069,Easy,BranchBound,1,5,0.000427166,1078,1
easy_069,Easy,BranchBoundMRV,1,1,0.000597542,45,1
easy_069,Easy,BranchBoundMRV,1,2,0.000591917,45,1
easy_069,Easy,BranchBoundMRV,1,3,0.000633625,45,1
easy_069,Easy,BranchBoundMRV,1,4,0.000692750,45,1
easy_069,Easy,BranchBoundMRV,1,5,0.000592375,45,1
easy_069,Easy,OpenMP,4,1,0.000570059,45,1
easy_069,Easy,OpenMP,4,2,0.000547886,45,1
easy_069,Easy,OpenMP,4,3,0.000550985,45,1
easy_069,Easy,OpenMP,4,4,0.000560045,45,1
easy_069,Easy,OpenMP,4,5,0.000620127,45,1
easy_069,Easy,OpenMP,8,1,0.000612020,45,1
easy_069,Easy,OpenMP,8,2,0.000589848,45,1
easy_069,Easy,OpenMP,8,3,0.000573874,45,1
easy_069,Easy,OpenMP,8,4,0.004240036,45,1
easy_069,Easy,OpenMP,8,5,0.002517939,45,1
easy_069,Easy,OpenMP,16,1,0.070569038,45,1
easy_069,Easy,OpenMP,16,2,0.057055950,45,1
easy_069,Easy,OpenMP,16,3,0.030839920,45,1
easy_069,Easy,OpenMP,16,4,0.034200907,45,1
easy_069,Easy,OpenMP,16,5,0.019794941,45,1
easy_069,Easy,OMP-BranchBoundMRV,4,1,0.000685930,45,1
easy_069,Easy,OMP-BranchBoundMRV,4,2,0.000648022,45,1
easy_069,Easy,OMP-BranchBoundMRV,4,3,0.000696182,45,1
easy_069,Easy,OMP-BranchBoundMRV,4,4,0.000643969,45,1
easy_069,Easy,OMP-BranchBoundMRV,4,5,0.000638008,45,1
easy_069,Easy,OMP-BranchBoundMRV,8,1,0.000654936,45,1
easy_069,Easy,OMP-BranchBoundMRV,8,2,0.000873089,45,1
easy_069,Easy,OMP-BranchBoundMRV,8,3,0.000654936,45,1
easy_069,Easy,OMP-BranchBoundMRV,8,4,0.000693798,45,1
easy_069,Easy,OMP-BranchBoundMRV,8,5,0.001152992,45,1
easy_069,Easy,OMP-BranchBoundMRV,16,1,0.017312050,45,1
easy_069,Easy,OMP-BranchBoundMRV,16,2,0.009308100,45,1
easy_069,Easy,OMP-BranchBoundMRV,16,3,0.014975071,45,1
easy_069,Easy,OMP-BranchBoundMRV,16,4,0.012526035,45,1
easy_069,Easy,OMP-BranchBoundMRV,16,5,0.006613970,45,1
easy_070,Easy,Serial,1,1,0.000035291,77,1
easy_070,Easy,Serial,1,2,0.000050417,77,1
easy_070,Easy,Serial,1,3,0.000035834,77,1
easy_070,Easy,Serial,1,4,0.000037042,77,1
easy_070,Easy,Serial,1,5,0.000033167,77,1
easy_070,Easy,Serial-MRV,1,1,0.000476291,44,1
easy_070,Easy,Serial-MRV,1,2,0.000461917,44,1
easy_070,Easy,Serial-MRV,1,3,0.000470334,44,1
easy_070,Easy,Serial-MRV,1,4,0.000489458,44,1
easy_070,Easy,Serial-MRV,1,5,0.000499625,44,1
easy_070,Easy,BranchBound,1,1,0.000032208,77,1
easy_070,Easy,BranchBound,1,2,0.000028625,77,1
easy_070,Easy,BranchBound,1,3,0.000027500,77,1
easy_070,Easy,BranchBound,1,4,0.000027542,77,1
easy_070,Easy,BranchBound,1,5,0.000032375,77,1
easy_070,Easy,BranchBoundMRV,1,1,0.000502583,44,1
easy_070,Easy,BranchBoundMRV,1,2,0.000484542,44,1
easy_070,Easy,BranchBoundMRV,1,3,0.000483791,44,1
easy_070,Easy,BranchBoundMRV,1,4,0.000497167,44,1
easy_070,Easy,BranchBoundMRV,1,5,0.000483583,44,1
easy_070,Easy,OpenMP,4,1,0.000522852,44,1
easy_070,Easy,OpenMP,4,2,0.000508070,44,1
easy_070,Easy,OpenMP,4,3,0.000604868,44,1
easy_070,Easy,OpenMP,4,4,0.000509024,44,1
easy_070,Easy,OpenMP,4,5,0.000548124,44,1
easy_070,Easy,OpenMP,8,1,0.001114845,44,1
easy_070,Easy,OpenMP,8,2,0.001236916,44,1
easy_070,Easy,OpenMP,8,3,0.001893997,44,1
easy_070,Easy,OpenMP,8,4,0.000972986,44,1
easy_070,Easy,OpenMP,8,5,0.000519037,44,1
easy_070,Easy,OpenMP,16,1,0.045237064,44,1
easy_070,Easy,OpenMP,16,2,0.035695076,44,1
easy_070,Easy,OpenMP,16,3,0.073765993,44,1
easy_070,Easy,OpenMP,16,4,0.022353888,44,1
easy_070,Easy,OpenMP,16,5,0.012628078,44,1
easy_070,Easy,OMP-BranchBoundMRV,4,1,0.000598907,44,1
easy_070,Easy,OMP-BranchBoundMRV,4,2,0.000539780,44,1
easy_070,Easy,OMP-BranchBoundMRV,4,3,0.000545979,44,1
easy_070,Easy,OMP-BranchBoundMRV,4,4,0.000533104,44,1
easy_070,Easy,OMP-BranchBoundMRV,4,5,0.000528097,44,1
easy_070,Easy,OMP-BranchBoundMRV,8,1,0.001795053,44,1
easy_070,Easy,OMP-BranchBoundMRV,8,2,0.001016855,44,1
easy_070,Easy,OMP-BranchBoundMRV,8,3,0.000639915,44,1
easy_070,Easy,OMP-BranchBoundMRV,8,4,0.001190901,44,1
easy_070,Easy,OMP-BranchBoundMRV,8,5,0.000532866,44,1
easy_070,Easy,OMP-BranchBoundMRV,16,1,0.012173891,44,1
easy_070,Easy,OMP-BranchBoundMRV,16,2,0.010284901,44,1
easy_070,Easy,OMP-BranchBoundMRV,16,3,0.006252050,44,1
easy_070,Easy,OMP-BranchBoundMRV,16,4,0.010208130,44,1
easy_070,Easy,OMP-BranchBoundMRV,16,5,0.018124104,44,1
easy_071,Easy,Serial,1,1,0.000168959,318,1
easy_071,Easy,Serial,1,2,0.000156917,318,1
easy_071,Easy,Serial,1,3,0.000156625,318,1
easy_071,Easy,Serial,1,4,0.000156416,318,1
easy_071,Easy,Serial,1,5,0.000157292,318,1
easy_071,Easy,Serial-MRV,1,1,0.000737667,53,1
easy_071,Easy,Serial-MRV,1,2,0.000732500,53,1
easy_071,Easy,Serial-MRV,1,3,0.000732000,53,1
easy_071,Easy,Serial-MRV,1,4,0.000732000,53,1
easy_071,Easy,Serial-MRV,1,5,0.000731666,53,1
easy_071,Easy,BranchBound,1,1,0.000150667,318,1
easy_071,Easy,BranchBound,1,2,0.000169375,318,1
easy_071,Easy,BranchBound,1,3,0.000140583,318,1
easy_071,Easy,BranchBound,1,4,0.000157000,318,1
easy_071,Easy,BranchBound,1,5,0.000216083,318,1
easy_071,Easy,BranchBoundMRV,1,1,0.001016958,53,1
easy_071,Easy,BranchBoundMRV,1,2,0.000944416,53,1
easy_071,Easy,BranchBoundMRV,1,3,0.000972791,53,1
easy_071,Easy,BranchBoundMRV,1,4,0.000957916,53,1
easy_071,Easy,BranchBoundMRV,1,5,0.000953292,53,1
easy_071,Easy,OpenMP,4,1,0.000812054,53,1
easy_071,Easy,OpenMP,4,2,0.000798941,53,1
easy_071,Easy,OpenMP,4,3,0.000802040,53,1
easy_071,Easy,OpenMP,4,4,0.001423836,53,1
easy_071,Easy,OpenMP,4,5,0.000828981,53,1
easy_071,Easy,OpenMP,8,1,0.000808001,53,1
easy_071,Easy,OpenMP,8,2,0.000802994,53,1
easy_071,Easy,OpenMP,8,3,0.000823975,53,1
easy_071,Easy,OpenMP,8,4,0.000824213,53,1
easy_071,Easy,OpenMP,8,5,0.001610041,53,1
easy_071,Easy,OpenMP,16,1,0.023382187,53,1
easy_071,Easy,OpenMP,16,2,0.025828838,53,1
easy_071,Easy,OpenMP,16,3,0.023748875,53,1
easy_071,Easy,OpenMP,16,4,0.016865969,53,1
easy_071,Easy,OpenMP,16,5,0.016176939,53,1
easy_071,Easy,OMP-BranchBoundMRV,4,1,0.001019955,53,1
easy_071,Easy,OMP-BranchBoundMRV,4,2,0.001008987,53,1
easy_071,Easy,OMP-BranchBoundMRV,4,3,0.001008034,53,1
easy_071,Easy,OMP-BranchBoundMRV,4,4,0.001067877,53,1
easy_071,Easy,OMP-BranchBoundMRV,4,5,0.001009226,53,1
easy_071,Easy,OMP-BranchBoundMRV,8,1,0.001363039,53,1
easy_071,Easy,OMP-BranchBoundMRV,8,2,0.001022100,53,1
easy_071,Easy,OMP-BranchBoundMRV,8,3,0.001028061,53,1
easy_071,Easy,OMP-BranchBoundMRV,8,4,0.001029015,53,1
easy_071,Easy,OMP-BranchBoundMRV,8,5,0.001042843,53,1
easy_071,Easy,OMP-BranchBoundMRV,16,1,0.015425920,53,1
easy_071,Easy,OMP-BranchBoundMRV,16,2,0.012254953,53,1
easy_071,Easy,OMP-BranchBoundMRV,16,3,0.009454012,53,1
easy_071,Easy,OMP-BranchBoundMRV,16,4,0.006129026,53,1
easy_071,Easy,OMP-BranchBoundMRV,16,5,0.045163870,53,1
easy_072,Easy,Serial,1,1,0.000482917,682,1
easy_072,Easy,Serial,1,2,0.000399416,682,1
easy_072,Easy,Serial,1,3,0.000350375,682,1
easy_072,Easy,Serial,1,4,0.000331459,682,1
easy_072,Easy,Serial,1,5,0.000382791,682,1
easy_072,Easy,Serial-MRV,1,1,0.000971292,53,1
easy_072,Easy,Serial-MRV,1,2,0.000782916,53,1
easy_072,Easy,Serial-MRV,1,3,0.000706375,53,1
easy_072,Easy,Serial-MRV,1,4,0.000741083,53,1
easy_072,Easy,Serial-MRV,1,5,0.000685458,53,1
easy_072,Easy,BranchBound,1,1,0.000292625,682,1
easy_072,Easy,BranchBound,1,2,0.000286916,682,1
easy_072,Easy,BranchBound,1,3,0.000314625,682,1
easy_072,Easy,BranchBound,1,4,0.000317625,682,1
easy_072,Easy,BranchBound,1,5,0.000346084,682,1
easy_072,Easy,BranchBoundMRV,1,1,0.000932000,53,1
easy_072,Easy,BranchBoundMRV,1,2,0.000873875,53,1
easy_072,Easy,BranchBoundMRV,1,3,0.000875625,53,1
easy_072,Easy,BranchBoundMRV,1,4,0.000914667,53,1
easy_072,Easy,BranchBoundMRV,1,5,0.000927250,53,1
easy_072,Easy,OpenMP,4,1,0.000863075,53,1
easy_072,Easy,OpenMP,4,2,0.001004934,53,1
easy_072,Easy,OpenMP,4,3,0.000869989,53,1
easy_072,Easy,OpenMP,4,4,0.000764847,53,1
easy_072,Easy,OpenMP,4,5,0.000749826,53,1
easy_072,Easy,OpenMP,8,1,0.001351118,53,1
easy_072,Easy,OpenMP,8,2,0.000755072,53,1
easy_072,Easy,OpenMP,8,3,0.001224041,53,1
easy_072,Easy,OpenMP,8,4,0.000757933,53,1
easy_072,Easy,OpenMP,8,5,0.002011061,53,1
easy_072,Easy,OpenMP,16,1,0.008059025,53,1
easy_072,Easy,OpenMP,16,2,0.021095037,53,1
easy_072,Easy,OpenMP,16,3,0.026911020,53,1
easy_072,Easy,OpenMP,16,4,0.016464233,53,1
easy_072,Easy,OpenMP,16,5,0.055761099,53,1
easy_072,Easy,OMP-BranchBoundMRV,4,1,0.000947952,53,1
easy_072,Easy,OMP-BranchBoundMRV,4,2,0.000936985,53,1
easy_072,Easy,OMP-BranchBoundMRV,4,3,0.000929117,53,1
easy_072,Easy,OMP-BranchBoundMRV,4,4,0.000933170,53,1
easy_072,Easy,OMP-BranchBoundMRV,4,5,0.000926018,53,1
easy_072,Easy,OMP-BranchBoundMRV,8,1,0.001015902,53,1
easy_072,Easy,OMP-BranchBoundMRV,8,2,0.000926971,53,1
easy_072,Easy,OMP-BranchBoundMRV,8,3,0.001000881,53,1
easy_072,Easy,OMP-BranchBoundMRV,8,4,0.001252174,53,1
easy_072,Easy,OMP-BranchBoundMRV,8,5,0.001076937,53,1
easy_072,Easy,OMP-BranchBoundMRV,16,1,0.047472000,53,1
easy_072,Easy,OMP-BranchBoundMRV,16,2,0.028787136,53,1
easy_072,Easy,OMP-BranchBoundMRV,16,3,0.042401791,53,1
easy_072,Easy,OMP-BranchBoundMRV,16,4,0.072757006,53,1
easy_072,Easy,OMP-BranchBoundMRV,16,5,0.025599003,53,1
easy_073,Easy,Serial,1,1,0.002348125,4635,1
easy_073,Easy,Serial,1,2,0.002236375,4635,1
easy_073,Easy,Serial,1,3,0.002176875,4635,1
easy_073,Easy,Serial,1,4,0.002195375,4635,1
easy_073,Easy,Serial,1,5,0.002188791,4635,1
easy_073,Easy,Serial-MRV,1,1,0.000712083,53,1
easy_073,Easy,Serial-MRV,1,2,0.000759875,53,1
easy_073,Easy,Serial-MRV,1,3,0.000706333,53,1
easy_073,Easy,Serial-MRV,1,4,0.000711542,53,1
easy_073,Easy,Serial-MRV,1,5,0.000718833,53,1
easy_073,Easy,BranchBound,1,1,0.001837042,4635,1
easy_073,Easy,BranchBound,1,2,0.001869917,4635,1
easy_073,Easy,BranchBound,1,3,0.001826000,4635,1
easy_073,Easy,BranchBound,1,4,0.001799083,4635,1
easy_073,Easy,BranchBound,1,5,0.001801000,4635,1
easy_073,Easy,BranchBoundMRV,1,1,0.001018042,53,1
easy_073,Easy,BranchBoundMRV,1,2,0.000975750,53,1
easy_073,Easy,BranchBoundMRV,1,3,0.000997167,53,1
easy_073,Easy,BranchBoundMRV,1,4,0.000981958,53,1
easy_073,Easy,BranchBoundMRV,1,5,0.000975166,53,1
easy_073,Easy,OpenMP,4,1,0.000787973,56,1
easy_073,Easy,OpenMP,4,2,0.000769138,56,1
easy_073,Easy,OpenMP,4,3,0.000770092,56,1
easy_073,Easy,OpenMP,4,4,0.000764132,56,1
easy_073,Easy,OpenMP,4,5,0.000770092,56,1
easy_073,Easy,OpenMP,8,1,0.000777960,56,1
easy_073,Easy,OpenMP,8,2,0.000786066,56,1
easy_073,Easy,OpenMP,8,3,0.000987053,56,1
easy_073,Easy,OpenMP,8,4,0.000863075,56,1
easy_073,Easy,OpenMP,8,5,0.000773907,56,1
easy_073,Easy,OpenMP,16,1,0.026088953,56,1
easy_073,Easy,OpenMP,16,2,0.012840986,56,1
easy_073,Easy,OpenMP,16,3,0.013099909,56,1
easy_073,Easy,OpenMP,16,4,0.040055037,56,1
easy_073,Easy,OpenMP,16,5,0.030389071,56,1
easy_073,Easy,OMP-BranchBoundMRV,4,1,0.001062870,56,1
easy_073,Easy,OMP-BranchBoundMRV,4,2,0.001055956,56,1
easy_073,Easy,OMP-BranchBoundMRV,4,3,0.001049995,56,1
easy_073,Easy,OMP-BranchBoundMRV,4,4,0.001048088,56,1
easy_073,Easy,OMP-BranchBoundMRV,4,5,0.001044035,56,1
easy_073,Easy,OMP-BranchBoundMRV,8,1,0.001065016,56,1
easy_073,Easy,OMP-BranchBoundMRV,8,2,0.001403093,56,1
easy_073,Easy,OMP-BranchBoundMRV,8,3,0.001043081,56,1
easy_073,Easy,OMP-BranchBoundMRV,8,4,0.002345085,56,1
easy_073,Easy,OMP-BranchBoundMRV,8,5,0.001062870,56,1
easy_073,Easy,OMP-BranchBoundMRV,16,1,0.020239115,56,1
easy_073,Easy,OMP-BranchBoundMRV,16,2,0.013195038,56,1
easy_073,Easy,OMP-BranchBoundMRV,16,3,0.018679857,56,1
easy_073,Easy,OMP-BranchBoundMRV,16,4,0.014451981,56,1
easy_073,Easy,OMP-BranchBoundMRV,16,5,0.012320995,56,1
easy_074,Easy,Serial,1,1,0.004031583,8304,1
easy_074,Easy,Serial,1,2,0.003857041,8304,1
easy_074,Easy,Serial,1,3,0.003814417,8304,1
easy_074,Easy,Serial,1,4,0.003912834,8304,1
easy_074,Easy,Serial,1,5,0.003912417,8304,1
easy_074,Easy,Serial-MRV,1,1,0.000786250,59,1
easy_074,Easy,Serial-MRV,1,2,0.000776166,59,1
easy_074,Easy,Serial-MRV,1,3,0.000783041,59,1
easy_074,Easy,Serial-MRV,1,4,0.000890541,59,1
easy_074,Easy,Serial-MRV,1,5,0.000812750,59,1
easy_074,Easy,BranchBound,1,1,0.003439875,8304,1
easy_074,Easy,BranchBound,1,2,0.003355000,8304,1
easy_074,Easy,BranchBound,1,3,0.003324334,8304,1
easy_074,Easy,BranchBound,1,4,0.003476125,8304,1
easy_074,Easy,BranchBound,1,5,0.003628542,8304,1
easy_074,Easy,BranchBoundMRV,1,1,0.001229292,59,1
easy_074,Easy,BranchBoundMRV,1,2,0.001273833,59,1
easy_074,Easy,BranchBoundMRV,1,3,0.001188458,59,1
easy_074,Easy,BranchBoundMRV,1,4,0.001182667,59,1
easy_074,Easy,BranchBoundMRV,1,5,0.001262750,59,1
easy_074,Easy,OpenMP,4,1,0.000916958,59,1
easy_074,Easy,OpenMP,4,2,0.000874043,59,1
easy_074,Easy,OpenMP,4,3,0.000847816,59,1
easy_074,Easy,OpenMP,4,4,0.000860929,59,1
easy_074,Easy,OpenMP,4,5,0.000900030,59,1
easy_074,Easy,OpenMP,8,1,0.003005981,59,1
easy_074,Easy,OpenMP,8,2,0.000858068,59,1
easy_074,Easy,OpenMP,8,3,0.000887871,59,1
easy_074,Easy,OpenMP,8,4,0.000910997,59,1
easy_074,Easy,OpenMP,8,5,0.004482031,59,1
easy_074,Easy,OpenMP,16,1,0.013103008,59,1
easy_074,Easy,OpenMP,16,2,0.022528887,59,1
easy_074,Easy,OpenMP,16,3,0.010400057,59,1
easy_074,Easy,OpenMP,16,4,0.017669916,59,1
easy_074,Easy,OpenMP,16,5,0.025171041,59,1
easy_074,Easy,OMP-BranchBoundMRV,4,1,0.001301050,59,1
easy_074,Easy,OMP-BranchBoundMRV,4,2,0.001252890,59,1
easy_074,Easy,OMP-BranchBoundMRV,4,3,0.001240015,59,1
easy_074,Easy,OMP-BranchBoundMRV,4,4,0.001239061,59,1
easy_074,Easy,OMP-BranchBoundMRV,4,5,0.001237154,59,1
easy_074,Easy,OMP-BranchBoundMRV,8,1,0.001398087,59,1
easy_074,Easy,OMP-BranchBoundMRV,8,2,0.001631021,59,1
easy_074,Easy,OMP-BranchBoundMRV,8,3,0.001258850,59,1
easy_074,Easy,OMP-BranchBoundMRV,8,4,0.002732992,59,1
easy_074,Easy,OMP-BranchBoundMRV,8,5,0.001244068,59,1
easy_074,Easy,OMP-BranchBoundMRV,16,1,0.012871027,59,1
easy_074,Easy,OMP-BranchBoundMRV,16,2,0.020816088,59,1
easy_074,Easy,OMP-BranchBoundMRV,16,3,0.023243904,59,1
easy_074,Easy,OMP-BranchBoundMRV,16,4,0.037858009,59,1
easy_074,Easy,OMP-BranchBoundMRV,16,5,0.006962061,59,1
easy_075,Easy,Serial,1,1,0.000037917,79,1
easy_075,Easy,Serial,1,2,0.000034833,79,1
easy_075,Easy,Serial,1,3,0.000034417,79,1
easy_075,Easy,Serial,1,4,0.000034333,79,1
easy_075,Easy,Serial,1,5,0.000034250,79,1
easy_075,Easy,Serial-MRV,1,1,0.000494625,41,1
easy_075,Easy,Serial-MRV,1,2,0.000417792,41,1
easy_075,Easy,Serial-MRV,1,3,0.000391750,41,1
easy_075,Easy,Serial-MRV,1,4,0.000394958,41,1
easy_075,Easy,Serial-MRV,1,5,0.000417375,41,1
easy_075,Easy,BranchBound,1,1,0.000033750,79,1
easy_075,Easy,BranchBound,1,2,0.000030291,79,1
easy_075,Easy,BranchBound,1,3,0.000029167,79,1
easy_075,Easy,BranchBound,1,4,0.000029000,79,1
easy_075,Easy,BranchBound,1,5,0.000029042,79,1
easy_075,Easy,BranchBoundMRV,1,1,0.000543000,41,1
easy_075,Easy,BranchBoundMRV,1,2,0.000539083,41,1
easy_075,Easy,BranchBoundMRV,1,3,0.000559875,41,1
easy_075,Easy,BranchBoundMRV,1,4,0.000648000,41,1
easy_075,Easy,BranchBoundMRV,1,5,0.000541209,41,1
easy_075,Easy,OpenMP,4,1,0.000463009,41,1
easy_075,Easy,OpenMP,4,2,0.000448942,41,1
easy_075,Easy,OpenMP,4,3,0.000445127,41,1
easy_075,Easy,OpenMP,4,4,0.000428915,41,1
easy_075,Easy,OpenMP,4,5,0.000427008,41,1
easy_075,Easy,OpenMP,8,1,0.002007008,41,1
easy_075,Easy,OpenMP,8,2,0.002233028,41,1
easy_075,Easy,OpenMP,8,3,0.010924816,41,1
easy_075,Easy,OpenMP,8,4,0.004191160,41,1
easy_075,Easy,OpenMP,8,5,0.005834103,41,1
easy_075,Easy,OpenMP,16,1,0.017226934,41,1
easy_075,Easy,OpenMP,16,2,0.009508133,41,1
easy_075,Easy,OpenMP,16,3,0.014300108,41,1
easy_075,Easy,OpenMP,16,4,0.010228872,41,1
easy_075,Easy,OpenMP,16,5,0.021818161,41,1
easy_075,Easy,OMP-BranchBoundMRV,4,1,0.000587940,41,1
easy_075,Easy,OMP-BranchBoundMRV,4,2,0.000590086,41,1
easy_075,Easy,OMP-BranchBoundMRV,4,3,0.000581980,41,1
easy_075,Easy,OMP-BranchBoundMRV,4,4,0.000580072,41,1
easy_075,Easy,OMP-BranchBoundMRV,4,5,0.000581980,41,1
easy_075,Easy,OMP-BranchBoundMRV,8,1,0.011101961,41,1
easy_075,Easy,OMP-BranchBoundMRV,8,2,0.002546072,41,1
easy_075,Easy,OMP-BranchBoundMRV,8,3,0.003612041,41,1
easy_075,Easy,OMP-BranchBoundMRV,8,4,0.000605106,41,1
easy_075,Easy,OMP-BranchBoundMRV,8,5,0.000591040,41,1
easy_075,Easy,OMP-BranchBoundMRV,16,1,0.013450146,41,1
easy_075,Easy,OMP-BranchBoundMRV,16,2,0.020009995,41,1
easy_075,Easy,OMP-BranchBoundMRV,16,3,0.053181171,41,1
easy_075,Easy,OMP-BranchBoundMRV,16,4,0.024090052,41,1
easy_075,Easy,OMP-BranchBoundMRV,16,5,0.026329994,41,1
easy_076,Easy,Serial,1,1,0.000178167,343,1
easy_076,Easy,Serial,1,2,0.000177417,343,1
easy_076,Easy,Serial,1,3,0.000141792,343,1
easy_076,Easy,Serial,1,4,0.000141292,343,1
easy_076,Easy,Serial,1,5,0.000147416,343,1
easy_076,Easy,Serial-MRV,1,1,0.000718916,49,1
easy_076,Easy,Serial-MRV,1,2,0.000584500,49,1
easy_076,Easy,Serial-MRV,1,3,0.000568250,49,1
easy_076,Easy,Serial-MRV,1,4,0.000568667,49,1
easy_076,Easy,Serial-MRV,1,5,0.000612042,49,1
easy_076,Easy,BranchBound,1,1,0.000123250,343,1
easy_076,Easy,BranchBound,1,2,0.000175833,343,1
easy_076,Easy,BranchBound,1,3,0.000148541,343,1
easy_076,Easy,BranchBound,1,4,0.000137500,343,1
easy_076,Easy,BranchBound,1,5,0.000125750,343,1
easy_076,Easy,BranchBoundMRV,1,1,0.000812791,49,1
easy_076,Easy,BranchBoundMRV,1,2,0.000830250,49,1
easy_076,Easy,BranchBoundMRV,1,3,0.000856792,49,1
easy_076,Easy,BranchBoundMRV,1,4,0.000834500,49,1
easy_076,Easy,BranchBoundMRV,1,5,0.000833167,49,1
easy_076,Easy,OpenMP,4,1,0.000735998,49,1
easy_076,Easy,OpenMP,4,2,0.000801802,49,1
easy_076,Easy,OpenMP,4,3,0.000639915,49,1
easy_076,Easy,OpenMP,4,4,0.000622988,49,1
easy_076,Easy,OpenMP,4,5,0.000662088,49,1
easy_076,Easy,OpenMP,8,1,0.001214027,49,1
easy_076,Easy,OpenMP,8,2,0.001513004,49,1
easy_076,Easy,OpenMP,8,3,0.000871897,49,1
easy_076,Easy,OpenMP,8,4,0.001562119,49,1
easy_076,Easy,OpenMP,8,5,0.000638962,49,1
easy_076,Easy,OpenMP,16,1,0.016053915,49,1
easy_076,Easy,OpenMP,16,2,0.006514072,49,1
easy_076,Easy,OpenMP,16,3,0.003883123,49,1
easy_076,Easy,OpenMP,16,4,0.002098083,49,1
easy_076,Easy,OpenMP,16,5,0.002507925,49,1
easy_076,Easy,OMP-BranchBoundMRV,4,1,0.000828981,49,1
easy_076,Easy,OMP-BranchBoundMRV,4,2,0.000814915,49,1
easy_076,Easy,OMP-BranchBoundMRV,4,3,0.000840187,49,1
easy_076,Easy,OMP-BranchBoundMRV,4,4,0.000864983,49,1
easy_076,Easy,OMP-BranchBoundMRV,4,5,0.000850916,49,1
easy_076,Easy,OMP-BranchBoundMRV,8,1,0.000823975,49,1
easy_076,Easy,OMP-BranchBoundMRV,8,2,0.000810146,49,1
easy_076,Easy,OMP-BranchBoundMRV,8,3,0.000799894,49,1
easy_076,Easy,OMP-BranchBoundMRV,8,4,0.000802040,49,1
easy_076,Easy,OMP-BranchBoundMRV,8,5,0.000822067,49,1
easy_076,Easy,OMP-BranchBoundMRV,16,1,0.003833055,49,1
easy_076,Easy,OMP-BranchBoundMRV,16,2,0.011221170,49,1
easy_076,Easy,OMP-BranchBoundMRV,16,3,0.013032198,49,1
easy_076,Easy,OMP-BranchBoundMRV,16,4,0.019804001,49,1
easy_076,Easy,OMP-BranchBoundMRV,16,5,0.011142015,49,1
easy_077,Easy,Serial,1,1,0.000065292,129,1
easy_077,Easy,Serial,1,2,0.000064166,129,1
easy_077,Easy,Serial,1,3,0.000063833,129,1
easy_077,Easy,Serial,1,4,0.000063667,129,1
easy_077,Easy,Serial,1,5,0.000064209,129,1
easy_077,Easy,Serial-MRV,1,1,0.000494333,45,1
easy_077,Easy,Serial-MRV,1,2,0.000481875,45,1
easy_077,Easy,Serial-MRV,1,3,0.000480625,45,1
easy_077,Easy,Serial-MRV,1,4,0.000671917,45,1
easy_077,Easy,Serial-MRV,1,5,0.000520250,45,1
easy_077,Easy,BranchBound,1,1,0.000058792,129,1
easy_077,Easy,BranchBound,1,2,0.000057583,129,1
easy_077,Easy,BranchBound,1,3,0.000063334,129,1
easy_077,Easy,BranchBound,1,4,0.000051250,129,1
easy_077,Easy,BranchBound,1,5,0.000050625,129,1
easy_077,Easy,BranchBoundMRV,1,1,0.000639708,45,1
easy_077,Easy,BranchBoundMRV,1,2,0.000650042,45,1
easy_077,Easy,BranchBoundMRV,1,3,0.000615375,45,1
easy_077,Easy,BranchBoundMRV,1,4,0.000640250,45,1
easy_077,Easy,BranchBoundMRV,1,5,0.000610083,45,1
easy_077,Easy,OpenMP,4,1,0.000544786,45,1
easy_077,Easy,OpenMP,4,2,0.000537872,45,1
easy_077,Easy,OpenMP,4,3,0.000539064,45,1
easy_077,Easy,OpenMP,4,4,0.000541925,45,1
easy_077,Easy,OpenMP,4,5,0.000524998,45,1
easy_077,Easy,OpenMP,8,1,0.001531839,45,1
easy_077,Easy,OpenMP,8,2,0.001057863,45,1
easy_077,Easy,OpenMP,8,3,0.000532866,45,1
easy_077,Easy,OpenMP,8,4,0.011040926,45,1
easy_077,Easy,OpenMP,8,5,0.000686884,45,1
easy_077,Easy,OpenMP,16,1,0.009588003,45,1
easy_077,Easy,OpenMP,16,2,0.012412071,45,1
easy_077,Easy,OpenMP,16,3,0.017261028,45,1
easy_077,Easy,OpenMP,16,4,0.012746096,45,1
easy_077,Easy,OpenMP,16,5,0.032948971,45,1
easy_077,Easy,OMP-BranchBoundMRV,4,1,0.000762939,45,1
easy_077,Easy,OMP-BranchBoundMRV,4,2,0.000706911,45,1
easy_077,Easy,OMP-BranchBoundMRV,4,3,0.000679016,45,1
easy_077,Easy,OMP-BranchBoundMRV,4,4,0.000673056,45,1
easy_077,Easy,OMP-BranchBoundMRV,4,5,0.000867128,45,1
easy_077,Easy,OMP-BranchBoundMRV,8,1,0.001438856,45,1
easy_077,Easy,OMP-BranchBoundMRV,8,2,0.001482964,45,1
easy_077,Easy,OMP-BranchBoundMRV,8,3,0.001645088,45,1
easy_077,Easy,OMP-BranchBoundMRV,8,4,0.000832081,45,1
easy_077,Easy,OMP-BranchBoundMRV,8,5,0.000957966,45,1
easy_077,Easy,OMP-BranchBoundMRV,16,1,0.008443832,45,1
easy_077,Easy,OMP-BranchBoundMRV,16,2,0.005398035,45,1
easy_077,Easy,OMP-BranchBoundMRV,16,3,0.012434006,45,1
easy_077,Easy,OMP-BranchBoundMRV,16,4,0.005173922,45,1
easy_077,Easy,OMP-BranchBoundMRV,16,5,0.006409883,45,1
easy_078,Easy,Serial,1,1,0.000085625,181,1
easy_078,Easy,Serial,1,2,0.000086834,181,1
easy_078,Easy,Serial,1,3,0.000076291,181,1
easy_078,Easy,Serial,1,4,0.000076084,181,1
easy_078,Easy,Serial,1,5,0.000091083,181,1
easy_078,Easy,Serial-MRV,1,1,0.000514834,44,1
easy_078,Easy,Serial-MRV,1,2,0.000560541,44,1
easy_078,Easy,Serial-MRV,1,3,0.000485250,44,1
easy_078,Easy,Serial-MRV,1,4,0.000509792,44,1
easy_078,Easy,Serial-MRV,1,5,0.000478000,44,1
easy_078,Easy,BranchBound,1,1,0.000075875,181,1
easy_078,Easy,BranchBound,1,2,0.000075666,181,1
easy_078,Easy,BranchBound,1,3,0.000126875,181,1
easy_078,Easy,BranchBound,1,4,0.000073917,181,1
easy_078,Easy,BranchBound,1,5,0.000072083,181,1
easy_078,Easy,BranchBoundMRV,1,1,0.000668959,44,1
easy_078,Easy,BranchBoundMRV,1,2,0.000586458,44,1
easy_078,Easy,BranchBoundMRV,1,3,0.000626458,44,1
easy_078,Easy,BranchBoundMRV,1,4,0.000646459,44,1
easy_078,Easy,BranchBoundMRV,1,5,0.000564500,44,1
easy_078,Easy,OpenMP,4,1,0.001153946,44,1
easy_078,Easy,OpenMP,4,2,0.000531912,44,1
easy_078,Easy,OpenMP,4,3,0.000542164,44,1
easy_078,Easy,OpenMP,4,4,0.000627995,44,1
easy_078,Easy,OpenMP,4,5,0.000509977,44,1
easy_078,Easy,OpenMP,8,1,0.000526905,44,1
easy_078,Easy,OpenMP,8,2,0.000510216,44,1
easy_078,Easy,OpenMP,8,3,0.001163960,44,1
easy_078,Easy,OpenMP,8,4,0.000999928,44,1
easy_078,Easy,OpenMP,8,5,0.001059055,44,1
easy_078,Easy,OpenMP,16,1,0.005443811,44,1
easy_078,Easy,OpenMP,16,2,0.007769108,44,1
easy_078,Easy,OpenMP,16,3,0.008337021,44,1
easy_078,Easy,OpenMP,16,4,0.005772829,44,1
easy_078,Easy,OpenMP,16,5,0.013208151,44,1
easy_078,Easy,OMP-BranchBoundMRV,4,1,0.000643015,44,1
easy_078,Easy,OMP-BranchBoundMRV,4,2,0.000576973,44,1
easy_078,Easy,OMP-BranchBoundMRV,4,3,0.000576973,44,1
easy_078,Easy,OMP-BranchBoundMRV,4,4,0.000579119,44,1
easy_078,Easy,OMP-BranchBoundMRV,4,5,0.000710011,44,1
easy_078,Easy,OMP-BranchBoundMRV,8,1,0.000582933,44,1
easy_078,Easy,OMP-BranchBoundMRV,8,2,0.000613928,44,1
easy_078,Easy,OMP-BranchBoundMRV,8,3,0.000616074,44,1
easy_078,Easy,OMP-BranchBoundMRV,8,4,0.000622034,44,1
easy_078,Easy,OMP-BranchBoundMRV,8,5,0.000569820,44,1
easy_078,Easy,OMP-BranchBoundMRV,16,1,0.008111000,44,1
easy_078,Easy,OMP-BranchBoundMRV,16,2,0.004825830,44,1
easy_078,Easy,OMP-BranchBoundMRV,16,3,0.013924122,44,1
easy_078,Easy,OMP-BranchBoundMRV,16,4,0.038893938,44,1
easy_078,Easy,OMP-BranchBoundMRV,16,5,0.067584038,44,1
easy_079,Easy,Serial,1,1,0.000395125,819,1
easy_079,Easy,Serial,1,2,0.000382500,819,1
easy_079,Easy,Serial,1,3,0.000382125,819,1
easy_079,Easy,Serial,1,4,0.000387500,819,1
easy_079,Easy,Serial,1,5,0.000420709,819,1
easy_079,Easy,Serial-MRV,1,1,0.001446209,87,1
easy_079,Easy,Serial-MRV,1,2,0.001455667,87,1
easy_079,Easy,Serial-MRV,1,3,0.001506042,87,1
easy_079,Easy,Serial-MRV,1,4,0.001436833,87,1
easy_079,Easy,Serial-MRV,1,5,0.001399833,87,1
easy_079,Easy,BranchBound,1,1,0.000366709,819,1
easy_079,Easy,BranchBound,1,2,0.000378958,819,1
easy_079,Easy,BranchBound,1,3,0.000446709,819,1
easy_079,Easy,BranchBound,1,4,0.000351667,819,1
easy_079,Easy,BranchBound,1,5,0.000348083,819,1
easy_079,Easy,BranchBoundMRV,1,1,0.001828292,87,1
easy_079,Easy,BranchBoundMRV,1,2,0.002070958,87,1
easy_079,Easy,BranchBoundMRV,1,3,0.001934834,87,1
easy_079,Easy,BranchBoundMRV,1,4,0.001981000,87,1
easy_079,Easy,BranchBoundMRV,1,5,0.001881708,87,1
easy_079,Easy,OpenMP,4,1,0.001473904,126,1
easy_079,Easy,OpenMP,4,2,0.000890017,126,1
easy_079,Easy,OpenMP,4,3,0.000972986,126,1
easy_079,Easy,OpenMP,4,4,0.001015902,126,1
easy_079,Easy,OpenMP,4,5,0.001194954,126,1
easy_079,Easy,OpenMP,8,1,0.001641035,119,1
easy_079,Easy,OpenMP,8,2,0.002479792,126,1
easy_079,Easy,OpenMP,8,3,0.000900984,114,1
easy_079,Easy,OpenMP,8,4,0.001533031,118,1
easy_079,Easy,OpenMP,8,5,0.002862215,113,1
easy_079,Easy,OpenMP,16,1,0.040925026,116,1
easy_079,Easy,OpenMP,16,2,0.025680065,126,1
easy_079,Easy,OpenMP,16,3,0.023508072,126,1
easy_079,Easy,OpenMP,16,4,0.088825941,126,1
easy_079,Easy,OpenMP,16,5,0.012189150,126,1
easy_079,Easy,OMP-BranchBoundMRV,4,1,0.001701117,126,1
easy_079,Easy,OMP-BranchBoundMRV,4,2,0.002059937,126,1
easy_079,Easy,OMP-BranchBoundMRV,4,3,0.001916885,126,1
easy_079,Easy,OMP-BranchBoundMRV,4,4,0.002049923,126,1
easy_079,Easy,OMP-BranchBoundMRV,4,5,0.001886845,126,1
easy_079,Easy,OMP-BranchBoundMRV,8,1,0.002278090,126,1
easy_079,Easy,OMP-BranchBoundMRV,8,2,0.004014969,126,1
easy_079,Easy,OMP-BranchBoundMRV,8,3,0.013502121,126,1
easy_079,Easy,OMP-BranchBoundMRV,8,4,0.021045923,126,1
easy_079,Easy,OMP-BranchBoundMRV,8,5,0.006923914,126,1
easy_079,Easy,OMP-BranchBoundMRV,16,1,0.036321878,126,1
easy_079,Easy,OMP-BranchBoundMRV,16,2,0.023668051,102,1
easy_079,Easy,OMP-BranchBoundMRV,16,3,0.013020992,123,1
easy_079,Easy,OMP-BranchBoundMRV,16,4,0.008836031,91,1
easy_079,Easy,OMP-BranchBoundMRV,16,5,0.021728992,126,1
easy_080,Easy,Serial,1,1,0.006077917,1475,1
easy_080,Easy,Serial,1,2,0.003103125,1475,1
easy_080,Easy,Serial,1,3,0.000875375,1475,1
easy_080,Easy,Serial,1,4,0.001249125,1475,1
easy_080,Easy,Serial,1,5,0.001816958,1475,1
easy_080,Easy,Serial-MRV,1,1,0.001900916,58,1
easy_080,Easy,Serial-MRV,1,2,0.001178834,58,1
easy_080,Easy,Serial-MRV,1,3,0.001235792,58,1
easy_080,Easy,Serial-MRV,1,4,0.000938583,58,1
easy_080,Easy,Serial-MRV,1,5,0.001297167,58,1
easy_080,Easy,BranchBound,1,1,0.001027792,1475,1
easy_080,Easy,BranchBound,1,2,0.001221958,1475,1
easy_080,Easy,BranchBound,1,3,0.001356167,1475,1
easy_080,Easy,BranchBound,1,4,0.001717250,1475,1
easy_080,Easy,BranchBound,1,5,0.002177917,1475,1
easy_080,Easy,BranchBoundMRV,1,1,0.001932250,58,1
easy_080,Easy,BranchBoundMRV,1,2,0.002861208,58,1
easy_080,Easy,BranchBoundMRV,1,3,0.001396750,58,1
easy_080,Easy,BranchBoundMRV,1,4,0.001696125,58,1
easy_080,Easy,BranchBoundMRV,1,5,0.001975250,58,1
easy_080,Easy,OpenMP,4,1,0.003201008,58,1
easy_080,Easy,OpenMP,4,2,0.002643108,58,1
easy_080,Easy,OpenMP,4,3,0.006055117,58,1
easy_080,Easy,OpenMP,4,4,0.001932859,58,1
easy_080,Easy,OpenMP,4,5,0.002600908,58,1
easy_080,Easy,OpenMP,8,1,0.019538879,58,1
easy_080,Easy,OpenMP,8,2,0.023869991,58,1
easy_080,Easy,OpenMP,8,3,0.004538059,58,1
easy_080,Easy,OpenMP,8,4,0.027721167,58,1
easy_080,Easy,OpenMP,8,5,0.009258032,58,1
easy_080,Easy,OpenMP,16,1,0.080416918,58,1
easy_080,Easy,OpenMP,16,2,0.044385910,58,1
easy_080,Easy,OpenMP,16,3,0.014644861,58,1
easy_080,Easy,OpenMP,16,4,0.031897068,58,1
easy_080,Easy,OpenMP,16,5,0.020727158,58,1
easy_080,Easy,OMP-BranchBoundMRV,4,1,0.001347065,58,1
easy_080,Easy,OMP-BranchBoundMRV,4,2,0.001315117,58,1
easy_080,Easy,OMP-BranchBoundMRV,4,3,0.001286030,58,1
easy_080,Easy,OMP-BranchBoundMRV,4,4,0.001363993,58,1
easy_080,Easy,OMP-BranchBoundMRV,4,5,0.001280069,58,1
easy_080,Easy,OMP-BranchBoundMRV,8,1,0.003024101,58,1
easy_080,Easy,OMP-BranchBoundMRV,8,2,0.001682043,58,1
easy_080,Easy,OMP-BranchBoundMRV,8,3,0.001370907,58,1
easy_080,Easy,OMP-BranchBoundMRV,8,4,0.002398014,58,1
easy_080,Easy,OMP-BranchBoundMRV,8,5,0.001463890,58,1
easy_080,Easy,OMP-BranchBoundMRV,16,1,0.013926029,58,1
easy_080,Easy,OMP-BranchBoundMRV,16,2,0.072514057,58,1
easy_080,Easy,OMP-BranchBoundMRV,16,3,0.027014971,58,1
easy_080,Easy,OMP-BranchBoundMRV,16,4,0.038256168,58,1
easy_080,Easy,OMP-BranchBoundMRV,16,5,0.004606009,58,1
easy_081,Easy,Serial,1,1,0.000245083,444,1
easy_081,Easy,Serial,1,2,0.000226209,444,1
easy_081,Easy,Serial,1,3,0.000226458,444,1
easy_081,Easy,Serial,1,4,0.000226250,444,1
easy_081,Easy,Serial,1,5,0.000226417,444,1
easy_081,Easy,Serial-MRV,1,1,0.000760917,53,1
easy_081,Easy,Serial-MRV,1,2,0.000781041,53,1
easy_081,Easy,Serial-MRV,1,3,0.000759417,53,1
easy_081,Easy,Serial-MRV,1,4,0.000747917,53,1
easy_081,Easy,Serial-MRV,1,5,0.000749834,53,1
easy_081,Easy,BranchBound,1,1,0.000188250,444,1
easy_081,Easy,BranchBound,1,2,0.000182250,444,1
easy_081,Easy,BranchBound,1,3,0.000181375,444,1
easy_081,Easy,BranchBound,1,4,0.000187833,444,1
easy_081,Easy,BranchBound,1,5,0.000190875,444,1
easy_081,Easy,BranchBoundMRV,1,1,0.001131875,53,1
easy_081,Easy,BranchBoundMRV,1,2,0.001001292,53,1
easy_081,Easy,BranchBoundMRV,1,3,0.001041292,53,1
easy_081,Easy,BranchBoundMRV,1,4,0.001036417,53,1
easy_081,Easy,BranchBoundMRV,1,5,0.000997833,53,1
easy_081,Easy,OpenMP,4,1,0.000810862,53,1
easy_081,Easy,OpenMP,4,2,0.001386881,53,1
easy_081,Easy,OpenMP,4,3,0.001366854,53,1
easy_081,Easy,OpenMP,4,4,0.001538038,53,1
easy_081,Easy,OpenMP,4,5,0.001224995,53,1
easy_081,Easy,OpenMP,8,1,0.000798941,53,1
easy_081,Easy,OpenMP,8,2,0.000800848,53,1
easy_081,Easy,OpenMP,8,3,0.001657963,53,1
easy_081,Easy,OpenMP,8,4,0.004835844,53,1
easy_081,Easy,OpenMP,8,5,0.004163027,53,1
easy_081,Easy,OpenMP,16,1,0.008016109,53,1
easy_081,Easy,OpenMP,16,2,0.007053852,53,1
easy_081,Easy,OpenMP,16,3,0.022151947,53,1
easy_081,Easy,OpenMP,16,4,0.003867149,53,1
easy_081,Easy,OpenMP,16,5,0.005146980,53,1
easy_081,Easy,OMP-BranchBoundMRV,4,1,0.001186132,53,1
easy_081,Easy,OMP-BranchBoundMRV,4,2,0.001120090,53,1
easy_081,Easy,OMP-BranchBoundMRV,4,3,0.001077175,53,1
easy_081,Easy,OMP-BranchBoundMRV,4,4,0.001048088,53,1
easy_081,Easy,OMP-BranchBoundMRV,4,5,0.001101017,53,1
easy_081,Easy,OMP-BranchBoundMRV,8,1,0.010580063,53,1
easy_081,Easy,OMP-BranchBoundMRV,8,2,0.003317118,53,1
easy_081,Easy,OMP-BranchBoundMRV,8,3,0.002424002,53,1
easy_081,Easy,OMP-BranchBoundMRV,8,4,0.002410889,53,1
easy_081,Easy,OMP-BranchBoundMRV,8,5,0.001159906,53,1
easy_081,Easy,OMP-BranchBoundMRV,16,1,0.005228996,53,1
easy_081,Easy,OMP-BranchBoundMRV,16,2,0.004518986,53,1
easy_081,Easy,OMP-BranchBoundMRV,16,3,0.005499125,53,1
easy_081,Easy,OMP-BranchBoundMRV,16,4,0.006448030,53,1
easy_081,Easy,OMP-BranchBoundMRV,16,5,0.007749081,53,1
easy_082,Easy,Serial,1,1,0.000247584,293,1
easy_082,Easy,Serial,1,2,0.000140084,293,1
easy_082,Easy,Serial,1,3,0.000141167,293,1
easy_082,Easy,Serial,1,4,0.000134584,293,1
easy_082,Easy,Serial,1,5,0.000141458,293,1
easy_082,Easy,Serial-MRV,1,1,0.000539542,44,1
easy_082,Easy,Serial-MRV,1,2,0.000517917,44,1
easy_082,Easy,Serial-MRV,1,3,0.000512625,44,1
easy_082,Easy,Serial-MRV,1,4,0.000480583,44,1
easy_082,Easy,Serial-MRV,1,5,0.000468375,44,1
easy_082,Easy,BranchBound,1,1,0.000117459,293,1
easy_082,Easy,BranchBound,1,2,0.000112375,293,1
easy_082,Easy,BranchBound,1,3,0.000112125,293,1
easy_082,Easy,BranchBound,1,4,0.000112125,293,1
easy_082,Easy,BranchBound,1,5,0.000118167,293,1
easy_082,Easy,BranchBoundMRV,1,1,0.000603666,44,1
easy_082,Easy,BranchBoundMRV,1,2,0.000586875,44,1
easy_082,Easy,BranchBoundMRV,1,3,0.000590875,44,1
easy_082,Easy,BranchBoundMRV,1,4,0.000613542,44,1
easy_082,Easy,BranchBoundMRV,1,5,0.000671792,44,1
easy_082,Easy,OpenMP,4,1,0.000513077,44,1
easy_082,Easy,OpenMP,4,2,0.000508070,44,1
easy_082,Easy,OpenMP,4,3,0.000549078,44,1
easy_082,Easy,OpenMP,4,4,0.001000166,44,1
easy_082,Easy,OpenMP,4,5,0.001163006,44,1
easy_082,Easy,OpenMP,8,1,0.001172066,44,1
easy_082,Easy,OpenMP,8,2,0.000512123,44,1
easy_082,Easy,OpenMP,8,3,0.000508785,44,1
easy_082,Easy,OpenMP,8,4,0.000545025,44,1
easy_082,Easy,OpenMP,8,5,0.000698090,44,1
easy_082,Easy,OpenMP,16,1,0.011203051,44,1
easy_082,Easy,OpenMP,16,2,0.032160044,44,1
easy_082,Easy,OpenMP,16,3,0.016809940,44,1
easy_082,Easy,OpenMP,16,4,0.008573055,44,1
easy_082,Easy,OpenMP,16,5,0.039835930,44,1
easy_082,Easy,OMP-BranchBoundMRV,4,1,0.000652075,44,1
easy_082,Easy,OMP-BranchBoundMRV,4,2,0.000640154,44,1
easy_082,Easy,OMP-BranchBoundMRV,4,3,0.000642061,44,1
easy_082,Easy,OMP-BranchBoundMRV,4,4,0.000636101,44,1
easy_082,Easy,OMP-BranchBoundMRV,4,5,0.000636101,44,1
easy_082,Easy,OMP-BranchBoundMRV,8,1,0.000655890,44,1
easy_082,Easy,OMP-BranchBoundMRV,8,2,0.004270077,44,1
easy_082,Easy,OMP-BranchBoundMRV,8,3,0.000643015,44,1
easy_082,Easy,OMP-BranchBoundMRV,8,4,0.000644922,44,1
easy_082,Easy,OMP-BranchBoundMRV,8,5,0.000666857,44,1
easy_082,Easy,OMP-BranchBoundMRV,16,1,0.022281170,44,1
easy_082,Easy,OMP-BranchBoundMRV,16,2,0.033344030,44,1
easy_082,Easy,OMP-BranchBoundMRV,16,3,0.010236979,44,1
easy_082,Easy,OMP-BranchBoundMRV,16,4,0.014758110,44,1
easy_082,Easy,OMP-BranchBoundMRV,16,5,0.009516001,44,1
medium_001,Medium,Serial,1,1,0.008609500,17189,1
medium_001,Medium,Serial,1,2,0.008487125,17189,1
medium_001,Medium,Serial,1,3,0.008832583,17189,1
medium_001,Medium,Serial,1,4,0.008255500,17189,1
medium_001,Medium,Serial,1,5,0.008328333,17189,1
medium_001,Medium,Serial-MRV,1,1,0.006821125,433,1
medium_001,Medium,Serial-MRV,1,2,0.006818708,433,1
medium_001,Medium,Serial-MRV,1,3,0.006804167,433,1
medium_001,Medium,Serial-MRV,1,4,0.006883917,433,1
medium_001,Medium,Serial-MRV,1,5,0.006962917,433,1
medium_001,Medium,BranchBound,1,1,0.006853792,17189,1
medium_001,Medium,BranchBound,1,2,0.007095417,17189,1
medium_001,Medium,BranchBound,1,3,0.006843625,17189,1
medium_001,Medium,BranchBound,1,4,0.006853750,17189,1
medium_001,Medium,BranchBound,1,5,0.006812542,17189,1
medium_001,Medium,BranchBoundMRV,1,1,0.008922375,433,1
medium_001,Medium,BranchBoundMRV,1,2,0.008871167,433,1
medium_001,Medium,BranchBoundMRV,1,3,0.009714167,433,1
medium_001,Medium,BranchBoundMRV,1,4,0.009048084,433,1
medium_001,Medium,BranchBoundMRV,1,5,0.008956833,433,1
medium_001,Medium,OpenMP,4,1,0.007313967,433,1
medium_001,Medium,OpenMP,4,2,0.007308960,433,1
medium_001,Medium,OpenMP,4,3,0.007298946,433,1
medium_001,Medium,OpenMP,4,4,0.007430077,433,1
medium_001,Medium,OpenMP,4,5,0.007259846,433,1
medium_001,Medium,OpenMP,8,1,0.007312059,433,1
medium_001,Medium,OpenMP,8,2,0.014214993,433,1
medium_001,Medium,OpenMP,8,3,0.008985043,433,1
medium_001,Medium,OpenMP,8,4,0.013297081,433,1
medium_001,Medium,OpenMP,8,5,0.007599115,433,1
medium_001,Medium,OpenMP,16,1,0.030475855,433,1
medium_001,Medium,OpenMP,16,2,0.011265993,433,1
medium_001,Medium,OpenMP,16,3,0.116500854,433,1
medium_001,Medium,OpenMP,16,4,0.044611931,433,1
medium_001,Medium,OpenMP,16,5,0.030019999,433,1
medium_001,Medium,OMP-BranchBoundMRV,4,1,0.010383129,433,1
medium_001,Medium,OMP-BranchBoundMRV,4,2,0.010179996,433,1
medium_001,Medium,OMP-BranchBoundMRV,4,3,0.009601116,433,1
medium_001,Medium,OMP-BranchBoundMRV,4,4,0.009389877,433,1
medium_001,Medium,OMP-BranchBoundMRV,4,5,0.009478807,433,1
medium_001,Medium,OMP-BranchBoundMRV,8,1,0.023190975,433,1
medium_001,Medium,OMP-BranchBoundMRV,8,2,0.009454966,433,1
medium_001,Medium,OMP-BranchBoundMRV,8,3,0.011731863,433,1
medium_001,Medium,OMP-BranchBoundMRV,8,4,0.009454966,433,1
medium_001,Medium,OMP-BranchBoundMRV,8,5,0.009377003,433,1
medium_001,Medium,OMP-BranchBoundMRV,16,1,0.044101000,433,1
medium_001,Medium,OMP-BranchBoundMRV,16,2,0.011711836,433,1
medium_001,Medium,OMP-BranchBoundMRV,16,3,0.021785975,433,1
medium_001,Medium,OMP-BranchBoundMRV,16,4,0.032505035,433,1
medium_001,Medium,OMP-BranchBoundMRV,16,5,0.041830778,433,1
medium_002,Medium,Serial,1,1,0.047041750,90298,1
medium_002,Medium,Serial,1,2,0.044885541,90298,1
medium_002,Medium,Serial,1,3,0.045140125,90298,1
medium_002,Medium,Serial,1,4,0.044710917,90298,1
medium_002,Medium,Serial,1,5,0.046406500,90298,1
medium_002,Medium,Serial-MRV,1,1,0.004958875,328,1
medium_002,Medium,Serial-MRV,1,2,0.004903500,328,1
medium_002,Medium,Serial-MRV,1,3,0.005027834,328,1
medium_002,Medium,Serial-MRV,1,4,0.004819916,328,1
medium_002,Medium,Serial-MRV,1,5,0.004752708,328,1
medium_002,Medium,BranchBound,1,1,0.039485250,90298,1
medium_002,Medium,BranchBound,1,2,0.039509750,90298,1
medium_002,Medium,BranchBound,1,3,0.039444083,90298,1
medium_002,Medium,BranchBound,1,4,0.039506583,90298,1
medium_002,Medium,BranchBound,1,5,0.040542917,90298,1
medium_002,Medium,BranchBoundMRV,1,1,0.006681458,328,1
medium_002,Medium,BranchBoundMRV,1,2,0.006605334,328,1
medium_002,Medium,BranchBoundMRV,1,3,0.006507042,328,1
medium_002,Medium,BranchBoundMRV,1,4,0.006735416,328,1
medium_002,Medium,BranchBoundMRV,1,5,0.006558167,328,1
medium_002,Medium,OpenMP,4,1,0.005162954,328,1
medium_002,Medium,OpenMP,4,2,0.005182028,328,1
medium_002,Medium,OpenMP,4,3,0.005088091,328,1
medium_002,Medium,OpenMP,4,4,0.005244970,328,1
medium_002,Medium,OpenMP,4,5,0.005308867,328,1
medium_002,Medium,OpenMP,8,1,0.005044937,328,1
medium_002,Medium,OpenMP,8,2,0.011879921,328,1
medium_002,Medium,OpenMP,8,3,0.010867834,328,1
medium_002,Medium,OpenMP,8,4,0.011219978,328,1
medium_002,Medium,OpenMP,8,5,0.005033016,328,1
medium_002,Medium,OpenMP,16,1,0.010077000,328,1
medium_002,Medium,OpenMP,16,2,0.028029203,328,1
medium_002,Medium,OpenMP,16,3,0.036914110,328,1
medium_002,Medium,OpenMP,16,4,0.044895887,328,1
medium_002,Medium,OpenMP,16,5,0.017765045,328,1
medium_002,Medium,OMP-BranchBoundMRV,4,1,0.007563114,328,1
medium_002,Medium,OMP-BranchBoundMRV,4,2,0.007209063,328,1
medium_002,Medium,OMP-BranchBoundMRV,4,3,0.006859064,328,1
medium_002,Medium,OMP-BranchBoundMRV,4,4,0.007177830,328,1
medium_002,Medium,OMP-BranchBoundMRV,4,5,0.006810904,328,1
medium_002,Medium,OMP-BranchBoundMRV,8,1,0.006806135,328,1
medium_002,Medium,OMP-BranchBoundMRV,8,2,0.010210037,328,1
medium_002,Medium,OMP-BranchBoundMRV,8,3,0.012317896,328,1
medium_002,Medium,OMP-BranchBoundMRV,8,4,0.008951902,328,1
medium_002,Medium,OMP-BranchBoundMRV,8,5,0.013264894,328,1
medium_002,Medium,OMP-BranchBoundMRV,16,1,0.088525057,328,1
medium_002,Medium,OMP-BranchBoundMRV,16,2,0.050994873,328,1
medium_002,Medium,OMP-BranchBoundMRV,16,3,0.035485029,328,1
medium_002,Medium,OMP-BranchBoundMRV,16,4,0.011013031,328,1
medium_002,Medium,OMP-BranchBoundMRV,16,5,0.028142929,328,1
medium_003,Medium,Serial,1,1,0.021908083,44506,1
medium_003,Medium,Serial,1,2,0.021581417,44506,1
medium_003,Medium,Serial,1,3,0.021876458,44506,1
medium_003,Medium,Serial,1,4,0.021785500,44506,1
medium_003,Medium,Serial,1,5,0.021627000,44506,1
medium_003,Medium,Serial-MRV,1,1,0.010725916,663,1
medium_003,Medium,Serial-MRV,1,2,0.010767208,663,1
medium_003,Medium,Serial-MRV,1,3,0.010853792,663,1
medium_003,Medium,Serial-MRV,1,4,0.010753041,663,1
medium_003,Medium,Serial-MRV,1,5,0.010804416,663,1
medium_003,Medium,BranchBound,1,1,0.018670125,44506,1
medium_003,Medium,BranchBound,1,2,0.018662042,44506,1
medium_003,Medium,BranchBound,1,3,0.019680041,44506,1
medium_003,Medium,BranchBound,1,4,0.019556541,44506,1
medium_003,Medium,BranchBound,1,5,0.019593083,44506,1
medium_003,Medium,BranchBoundMRV,1,1,0.016213125,663,1
medium_003,Medium,BranchBoundMRV,1,2,0.016046458,663,1
medium_003,Medium,BranchBoundMRV,1,3,0.015774792,663,1
medium_003,Medium,BranchBoundMRV,1,4,0.015006209,663,1
medium_003,Medium,BranchBoundMRV,1,5,0.014942041,663,1
medium_003,Medium,OpenMP,4,1,0.003083944,511,1
medium_003,Medium,OpenMP,4,2,0.003005028,508,1
medium_003,Medium,OpenMP,4,3,0.003030062,512,1
medium_003,Medium,OpenMP,4,4,0.002996922,523,1
medium_003,Medium,OpenMP,4,5,0.003000975,508,1
medium_003,Medium,OpenMP,8,1,0.007453918,636,1
medium_003,Medium,OpenMP,8,2,0.007055998,853,1
medium_003,Medium,OpenMP,8,3,0.007184029,815,1
medium_003,Medium,OpenMP,8,4,0.003262997,568,1
medium_003,Medium,OpenMP,8,5,0.003037930,480,1
medium_003,Medium,OpenMP,16,1,0.018154144,932,1
medium_003,Medium,OpenMP,16,2,0.014328003,411,1
medium_003,Medium,OpenMP,16,3,0.055914164,401,1
medium_003,Medium,OpenMP,16,4,0.034561157,489,1
medium_003,Medium,OpenMP,16,5,0.023566961,386,1
medium_003,Medium,OMP-BranchBoundMRV,4,1,0.004296064,587,1
medium_003,Medium,OMP-BranchBoundMRV,4,2,0.004182100,579,1
medium_003,Medium,OMP-BranchBoundMRV,4,3,0.004245043,577,1
medium_003,Medium,OMP-BranchBoundMRV,4,4,0.004268885,579,1
medium_003,Medium,OMP-BranchBoundMRV,4,5,0.004266024,572,1
medium_003,Medium,OMP-BranchBoundMRV,8,1,0.005485058,530,1
medium_003,Medium,OMP-BranchBoundMRV,8,2,0.008917093,736,1
medium_003,Medium,OMP-BranchBoundMRV,8,3,0.004250050,464,1
medium_003,Medium,OMP-BranchBoundMRV,8,4,0.009765148,849,1
medium_003,Medium,OMP-BranchBoundMRV,8,5,0.004237890,412,1
medium_003,Medium,OMP-BranchBoundMRV,16,1,0.024957895,893,1
medium_003,Medium,OMP-BranchBoundMRV,16,2,0.021577835,506,1
medium_003,Medium,OMP-BranchBoundMRV,16,3,0.017569065,511,1
medium_003,Medium,OMP-BranchBoundMRV,16,4,0.039184093,491,1
medium_003,Medium,OMP-BranchBoundMRV,16,5,0.038661957,724,1
medium_004,Medium,Serial,1,1,0.006816125,14343,1
medium_004,Medium,Serial,1,2,0.007202250,14343,1
medium_004,Medium,Serial,1,3,0.007146833,14343,1
medium_004,Medium,Serial,1,4,0.007180834,14343,1
medium_004,Medium,Serial,1,5,0.007180417,14343,1
medium_004,Medium,Serial-MRV,1,1,0.003002250,203,1
medium_004,Medium,Serial-MRV,1,2,0.003077458,203,1
medium_004,Medium,Serial-MRV,1,3,0.003195542,203,1
medium_004,Medium,Serial-MRV,1,4,0.003031125,203,1
medium_004,Medium,Serial-MRV,1,5,0.003019375,203,1
medium_004,Medium,BranchBound,1,1,0.006570833,14343,1
medium_004,Medium,BranchBound,1,2,0.006731375,14343,1
medium_004,Medium,BranchBound,1,3,0.006493875,14343,1
medium_004,Medium,BranchBound,1,4,0.006635125,14343,1
medium_004,Medium,BranchBound,1,5,0.006631208,14343,1
medium_004,Medium,BranchBoundMRV,1,1,0.004083167,203,1
medium_004,Medium,BranchBoundMRV,1,2,0.004155291,203,1
medium_004,Medium,BranchBoundMRV,1,3,0.004123458,203,1
medium_004,Medium,BranchBoundMRV,1,4,0.004027000,203,1
medium_004,Medium,BranchBoundMRV,1,5,0.003972458,203,1
medium_004,Medium,OpenMP,4,1,0.003321171,203,1
medium_004,Medium,OpenMP,4,2,0.003309965,203,1
medium_004,Medium,OpenMP,4,3,0.003127813,203,1
medium_004,Medium,OpenMP,4,4,0.003103018,203,1
medium_004,Medium,OpenMP,4,5,0.003086090,203,1
medium_004,Medium,OpenMP,8,1,0.003093958,203,1
medium_004,Medium,OpenMP,8,2,0.010236979,203,1
medium_004,Medium,OpenMP,8,3,0.003120899,203,1
medium_004,Medium,OpenMP,8,4,0.003162861,203,1
medium_004,Medium,OpenMP,8,5,0.003152847,203,1
medium_004,Medium,OpenMP,16,1,0.027738094,203,1
medium_004,Medium,OpenMP,16,2,0.039464951,203,1
medium_004,Medium,OpenMP,16,3,0.057318211,203,1
medium_004,Medium,OpenMP,16,4,0.013552904,203,1
medium_004,Medium,OpenMP,16,5,0.030082941,203,1
medium_004,Medium,OMP-BranchBoundMRV,4,1,0.009186029,203,1
medium_004,Medium,OMP-BranchBoundMRV,4,2,0.005047083,203,1
medium_004,Medium,OMP-BranchBoundMRV,4,3,0.006485939,203,1
medium_004,Medium,OMP-BranchBoundMRV,4,4,0.005423069,203,1
medium_004,Medium,OMP-BranchBoundMRV,4,5,0.008397102,203,1
medium_004,Medium,OMP-BranchBoundMRV,8,1,0.022967815,203,1
medium_004,Medium,OMP-BranchBoundMRV,8,2,0.014390945,203,1
medium_004,Medium,OMP-BranchBoundMRV,8,3,0.010802984,203,1
medium_004,Medium,OMP-BranchBoundMRV,8,4,0.010377884,203,1
medium_004,Medium,OMP-BranchBoundMRV,8,5,0.005089998,203,1
medium_004,Medium,OMP-BranchBoundMRV,16,1,0.111058950,203,1
medium_004,Medium,OMP-BranchBoundMRV,16,2,0.021100044,203,1
medium_004,Medium,OMP-BranchBoundMRV,16,3,0.033982038,203,1
medium_004,Medium,OMP-BranchBoundMRV,16,4,0.009038925,203,1
medium_004,Medium,OMP-BranchBoundMRV,16,5,0.027177095,203,1
medium_005,Medium,Serial,1,1,0.027819042,51784,1
medium_005,Medium,Serial,1,2,0.027304667,51784,1
medium_005,Medium,Serial,1,3,0.027623583,51784,1
medium_005,Medium,Serial,1,4,0.027465250,51784,1
medium_005,Medium,Serial,1,5,0.028591584,51784,1
medium_005,Medium,Serial-MRV,1,1,0.011164792,303,1
medium_005,Medium,Serial-MRV,1,2,0.010624708,303,1
medium_005,Medium,Serial-MRV,1,3,0.010570791,303,1
medium_005,Medium,Serial-MRV,1,4,0.006396125,303,1
medium_005,Medium,Serial-MRV,1,5,0.006301542,303,1
medium_005,Medium,BranchBound,1,1,0.023325042,51784,1
medium_005,Medium,BranchBound,1,2,0.024307584,51784,1
medium_005,Medium,BranchBound,1,3,0.023653208,51784,1
medium_005,Medium,BranchBound,1,4,0.023602084,51784,1
medium_005,Medium,BranchBound,1,5,0.023760000,51784,1
medium_005,Medium,BranchBoundMRV,1,1,0.007940250,303,1
medium_005,Medium,BranchBoundMRV,1,2,0.007655625,303,1
medium_005,Medium,BranchBoundMRV,1,3,0.007594500,303,1
medium_005,Medium,BranchBoundMRV,1,4,0.007456208,303,1
medium_005,Medium,BranchBoundMRV,1,5,0.007433708,303,1
medium_005,Medium,OpenMP,4,1,0.005470037,624,1
medium_005,Medium,OpenMP,4,2,0.005383015,624,1
medium_005,Medium,OpenMP,4,3,0.005384922,624,1
medium_005,Medium,OpenMP,4,4,0.005379915,624,1
medium_005,Medium,OpenMP,4,5,0.005502939,624,1
medium_005,Medium,OpenMP,8,1,0.005436897,440,1
medium_005,Medium,OpenMP,8,2,0.005432844,624,1
medium_005,Medium,OpenMP,8,3,0.011157990,624,1
medium_005,Medium,OpenMP,8,4,0.005412817,624,1
medium_005,Medium,OpenMP,8,5,0.005442858,438,1
medium_005,Medium,OpenMP,16,1,0.026504040,440,1
medium_005,Medium,OpenMP,16,2,0.020807028,623,1
medium_005,Medium,OpenMP,16,3,0.030761003,396,1
medium_005,Medium,OpenMP,16,4,0.054963112,421,1
medium_005,Medium,OpenMP,16,5,0.020022869,517,1
medium_005,Medium,OMP-BranchBoundMRV,4,1,0.007987976,618,1
medium_005,Medium,OMP-BranchBoundMRV,4,2,0.007966995,607,1
medium_005,Medium,OMP-BranchBoundMRV,4,3,0.008749008,624,1
medium_005,Medium,OMP-BranchBoundMRV,4,4,0.008018017,614,1
medium_005,Medium,OMP-BranchBoundMRV,4,5,0.008708000,624,1
medium_005,Medium,OMP-BranchBoundMRV,8,1,0.011132002,532,1
medium_005,Medium,OMP-BranchBoundMRV,8,2,0.008756161,624,1
medium_005,Medium,OMP-BranchBoundMRV,8,3,0.007936954,624,1
medium_005,Medium,OMP-BranchBoundMRV,8,4,0.008028030,624,1
medium_005,Medium,OMP-BranchBoundMRV,8,5,0.007942915,442,1
medium_005,Medium,OMP-BranchBoundMRV,16,1,0.047127008,624,1
medium_005,Medium,OMP-BranchBoundMRV,16,2,0.008129835,624,1
medium_005,Medium,OMP-BranchBoundMRV,16,3,0.020205021,624,1
medium_005,Medium,OMP-BranchBoundMRV,16,4,0.014633179,441,1
medium_005,Medium,OMP-BranchBoundMRV,16,5,0.048763990,439,1
medium_006,Medium,Serial,1,1,0.006319916,12315,1
medium_006,Medium,Serial,1,2,0.006225333,12315,1
medium_006,Medium,Serial,1,3,0.006227750,12315,1
medium_006,Medium,Serial,1,4,0.006224166,12315,1
medium_006,Medium,Serial,1,5,0.006405958,12315,1
medium_006,Medium,Serial-MRV,1,1,0.006246708,285,1
medium_006,Medium,Serial-MRV,1,2,0.006226542,285,1
medium_006,Medium,Serial-MRV,1,3,0.006190459,285,1
medium_006,Medium,Serial-MRV,1,4,0.006240833,285,1
medium_006,Medium,Serial-MRV,1,5,0.006253584,285,1
medium_006,Medium,BranchBound,1,1,0.005726833,12315,1
medium_006,Medium,BranchBound,1,2,0.005643750,12315,1
medium_006,Medium,BranchBound,1,3,0.005903584,12315,1
medium_006,Medium,BranchBound,1,4,0.005834791,12315,1
medium_006,Medium,BranchBound,1,5,0.005506917,12315,1
medium_006,Medium,BranchBoundMRV,1,1,0.007861667,285,1
medium_006,Medium,BranchBoundMRV,1,2,0.007771292,285,1
medium_006,Medium,BranchBoundMRV,1,3,0.007776041,285,1
medium_006,Medium,BranchBoundMRV,1,4,0.007830750,285,1
medium_006,Medium,BranchBoundMRV,1,5,0.007703584,285,1
medium_006,Medium,OpenMP,4,1,0.003506184,285,1
medium_006,Medium,OpenMP,4,2,0.003480911,285,1
medium_006,Medium,OpenMP,4,3,0.003509998,285,1
medium_006,Medium,OpenMP,4,4,0.003567934,285,1
medium_006,Medium,OpenMP,4,5,0.003480911,285,1
medium_006,Medium,OpenMP,8,1,0.003937960,285,1
medium_006,Medium,OpenMP,8,2,0.008069038,285,1
medium_006,Medium,OpenMP,8,3,0.008127928,285,1
medium_006,Medium,OpenMP,8,4,0.003698826,224,1
medium_006,Medium,OpenMP,8,5,0.007976055,285,1
medium_006,Medium,OpenMP,16,1,0.030205011,285,1
medium_006,Medium,OpenMP,16,2,0.042222977,285,1
medium_006,Medium,OpenMP,16,3,0.051367044,285,1
medium_006,Medium,OpenMP,16,4,0.007221222,285,1
medium_006,Medium,OpenMP,16,5,0.008033991,285,1
medium_006,Medium,OMP-BranchBoundMRV,4,1,0.004492044,285,1
medium_006,Medium,OMP-BranchBoundMRV,4,2,0.004591942,273,1
medium_006,Medium,OMP-BranchBoundMRV,4,3,0.004652977,285,1
medium_006,Medium,OMP-BranchBoundMRV,4,4,0.004557133,285,1
medium_006,Medium,OMP-BranchBoundMRV,4,5,0.004501104,285,1
medium_006,Medium,OMP-BranchBoundMRV,8,1,0.004566908,217,1
medium_006,Medium,OMP-BranchBoundMRV,8,2,0.004506826,220,1
medium_006,Medium,OMP-BranchBoundMRV,8,3,0.004946947,285,1
medium_006,Medium,OMP-BranchBoundMRV,8,4,0.004532099,216,1
medium_006,Medium,OMP-BranchBoundMRV,8,5,0.004485846,220,1
medium_006,Medium,OMP-BranchBoundMRV,16,1,0.045155048,248,1
medium_006,Medium,OMP-BranchBoundMRV,16,2,0.135022163,285,1
medium_006,Medium,OMP-BranchBoundMRV,16,3,0.022922039,217,1
medium_006,Medium,OMP-BranchBoundMRV,16,4,0.006994009,285,1
medium_006,Medium,OMP-BranchBoundMRV,16,5,0.024487019,243,1
medium_007,Medium,Serial,1,1,0.004904291,9724,1
medium_007,Medium,Serial,1,2,0.004759750,9724,1
medium_007,Medium,Serial,1,3,0.004823083,9724,1
medium_007,Medium,Serial,1,4,0.004771250,9724,1
medium_007,Medium,Serial,1,5,0.004957417,9724,1
medium_007,Medium,Serial-MRV,1,1,0.007314625,488,1
medium_007,Medium,Serial-MRV,1,2,0.007375416,488,1
medium_007,Medium,Serial-MRV,1,3,0.007352875,488,1
medium_007,Medium,Serial-MRV,1,4,0.007315416,488,1
medium_007,Medium,Serial-MRV,1,5,0.007260917,488,1
medium_007,Medium,BranchBound,1,1,0.004243000,9724,1
medium_007,Medium,BranchBound,1,2,0.004314292,9724,1
medium_007,Medium,BranchBound,1,3,0.004268875,9724,1
medium_007,Medium,BranchBound,1,4,0.004234334,9724,1
medium_007,Medium,BranchBound,1,5,0.004246667,9724,1
medium_007,Medium,BranchBoundMRV,1,1,0.009735458,488,1
medium_007,Medium,BranchBoundMRV,1,2,0.009811250,488,1
medium_007,Medium,BranchBoundMRV,1,3,0.009810166,488,1
medium_007,Medium,BranchBoundMRV,1,4,0.009783500,488,1
medium_007,Medium,BranchBoundMRV,1,5,0.009720542,488,1
medium_007,Medium,OpenMP,4,1,0.007791042,488,1
medium_007,Medium,OpenMP,4,2,0.007757902,488,1
medium_007,Medium,OpenMP,4,3,0.007756948,488,1
medium_007,Medium,OpenMP,4,4,0.007816076,488,1
medium_007,Medium,OpenMP,4,5,0.007761002,488,1
medium_007,Medium,OpenMP,8,1,0.007775068,488,1
medium_007,Medium,OpenMP,8,2,0.014467001,488,1
medium_007,Medium,OpenMP,8,3,0.007767916,488,1
medium_007,Medium,OpenMP,8,4,0.007868052,488,1
medium_007,Medium,OpenMP,8,5,0.021139860,488,1
medium_007,Medium,OpenMP,16,1,0.042865038,488,1
medium_007,Medium,OpenMP,16,2,0.082832098,488,1
medium_007,Medium,OpenMP,16,3,0.013083935,488,1
medium_007,Medium,OpenMP,16,4,0.075725079,488,1
medium_007,Medium,OpenMP,16,5,0.037586927,488,1
medium_007,Medium,OMP-BranchBoundMRV,4,1,0.010291815,488,1
medium_007,Medium,OMP-BranchBoundMRV,4,2,0.010287046,488,1
medium_007,Medium,OMP-BranchBoundMRV,4,3,0.010267973,488,1
medium_007,Medium,OMP-BranchBoundMRV,4,4,0.010288000,488,1
medium_007,Medium,OMP-BranchBoundMRV,4,5,0.010271072,488,1
medium_007,Medium,OMP-BranchBoundMRV,8,1,0.010571957,488,1
medium_007,Medium,OMP-BranchBoundMRV,8,2,0.013419867,488,1
medium_007,Medium,OMP-BranchBoundMRV,8,3,0.010290146,488,1
medium_007,Medium,OMP-BranchBoundMRV,8,4,0.010263920,488,1
medium_007,Medium,OMP-BranchBoundMRV,8,5,0.016247988,488,1
medium_007,Medium,OMP-BranchBoundMRV,16,1,0.105598927,488,1
medium_007,Medium,OMP-BranchBoundMRV,16,2,0.041943073,488,1
medium_007,Medium,OMP-BranchBoundMRV,16,3,0.061484814,488,1
medium_007,Medium,OMP-BranchBoundMRV,16,4,0.065207005,488,1
medium_007,Medium,OMP-BranchBoundMRV,16,5,0.123580933,488,1
medium_008,Medium,Serial,1,1,0.006765042,13163,1
medium_008,Medium,Serial,1,2,0.006707166,13163,1
medium_008,Medium,Serial,1,3,0.006678625,13163,1
medium_008,Medium,Serial,1,4,0.006727958,13163,1
medium_008,Medium,Serial,1,5,0.006798833,13163,1
medium_008,Medium,Serial-MRV,1,1,0.003533292,221,1
medium_008,Medium,Serial-MRV,1,2,0.003524875,221,1
medium_008,Medium,Serial-MRV,1,3,0.003549709,221,1
medium_008,Medium,Serial-MRV,1,4,0.003511500,221,1
medium_008,Medium,Serial-MRV,1,5,0.003569625,221,1
medium_008,Medium,BranchBound,1,1,0.005370584,13163,1
medium_008,Medium,BranchBound,1,2,0.005330417,13163,1
medium_008,Medium,BranchBound,1,3,0.005313875,13163,1
medium_008,Medium,BranchBound,1,4,0.005338292,13163,1
medium_008,Medium,BranchBound,1,5,0.005397042,13163,1
medium_008,Medium,BranchBoundMRV,1,1,0.004322750,221,1
medium_008,Medium,BranchBoundMRV,1,2,0.004348250,221,1
medium_008,Medium,BranchBoundMRV,1,3,0.004328209,221,1
medium_008,Medium,BranchBoundMRV,1,4,0.004304042,221,1
medium_008,Medium,BranchBoundMRV,1,5,0.004318000,221,1
medium_008,Medium,OpenMP,4,1,0.002848864,221,1
medium_008,Medium,OpenMP,4,2,0.002837181,221,1
medium_008,Medium,OpenMP,4,3,0.002825022,221,1
medium_008,Medium,OpenMP,4,4,0.002823114,221,1
medium_008,Medium,OpenMP,4,5,0.002820015,221,1
medium_008,Medium,OpenMP,8,1,0.007175922,221,1
medium_008,Medium,OpenMP,8,2,0.006849051,221,1
medium_008,Medium,OpenMP,8,3,0.006739140,221,1
medium_008,Medium,OpenMP,8,4,0.002825975,221,1
medium_008,Medium,OpenMP,8,5,0.007484913,221,1
medium_008,Medium,OpenMP,16,1,0.043001890,216,1
medium_008,Medium,OpenMP,16,2,0.037698984,221,1
medium_008,Medium,OpenMP,16,3,0.007368088,221,1
medium_008,Medium,OpenMP,16,4,0.010117054,221,1
medium_008,Medium,OpenMP,16,5,0.014843941,221,1
medium_008,Medium,OMP-BranchBoundMRV,4,1,0.003904819,221,1
medium_008,Medium,OMP-BranchBoundMRV,4,2,0.003551006,221,1
medium_008,Medium,OMP-BranchBoundMRV,4,3,0.003629923,221,1
medium_008,Medium,OMP-BranchBoundMRV,4,4,0.003652096,221,1
medium_008,Medium,OMP-BranchBoundMRV,4,5,0.003591061,221,1
medium_008,Medium,OMP-BranchBoundMRV,8,1,0.005285025,221,1
medium_008,Medium,OMP-BranchBoundMRV,8,2,0.006505013,221,1
medium_008,Medium,OMP-BranchBoundMRV,8,3,0.003540039,221,1
medium_008,Medium,OMP-BranchBoundMRV,8,4,0.006282091,221,1
medium_008,Medium,OMP-BranchBoundMRV,8,5,0.005156994,221,1
medium_008,Medium,OMP-BranchBoundMRV,16,1,0.020337105,221,1
medium_008,Medium,OMP-BranchBoundMRV,16,2,0.070753098,221,1
medium_008,Medium,OMP-BranchBoundMRV,16,3,0.061650038,217,1
medium_008,Medium,OMP-BranchBoundMRV,16,4,0.024878979,221,1
medium_008,Medium,OMP-BranchBoundMRV,16,5,0.010787964,221,1
medium_009,Medium,Serial,1,1,0.004369750,8461,1
medium_009,Medium,Serial,1,2,0.004206000,8461,1
medium_009,Medium,Serial,1,3,0.004384000,8461,1
medium_009,Medium,Serial,1,4,0.004367167,8461,1
medium_009,Medium,Serial,1,5,0.004336917,8461,1
medium_009,Medium,Serial-MRV,1,1,0.009150917,546,1
medium_009,Medium,Serial-MRV,1,2,0.009342000,546,1
medium_009,Medium,Serial-MRV,1,3,0.009302042,546,1
medium_009,Medium,Serial-MRV,1,4,0.009289625,546,1
medium_009,Medium,Serial-MRV,1,5,0.009323958,546,1
medium_009,Medium,BranchBound,1,1,0.003457042,8461,1
medium_009,Medium,BranchBound,1,2,0.003345500,8461,1
medium_009,Medium,BranchBound,1,3,0.003371750,8461,1
medium_009,Medium,BranchBound,1,4,0.003317833,8461,1
medium_009,Medium,BranchBound,1,5,0.003347334,8461,1
medium_009,Medium,BranchBoundMRV,1,1,0.012250167,546,1
medium_009,Medium,BranchBoundMRV,1,2,0.012025209,546,1
medium_009,Medium,BranchBoundMRV,1,3,0.012040459,546,1
medium_009,Medium,BranchBoundMRV,1,4,0.012024334,546,1
medium_009,Medium,BranchBoundMRV,1,5,0.012007333,546,1
medium_009,Medium,OpenMP,4,1,0.003819942,757,1
medium_009,Medium,OpenMP,4,2,0.003825903,758,1
medium_009,Medium,OpenMP,4,3,0.003807783,758,1
medium_009,Medium,OpenMP,4,4,0.003794909,758,1
medium_009,Medium,OpenMP,4,5,0.003814936,759,1
medium_009,Medium,OpenMP,8,1,0.011028051,176,1
medium_009,Medium,OpenMP,8,2,0.002089977,546,1
medium_009,Medium,OpenMP,8,3,0.000890970,158,1
medium_009,Medium,OpenMP,8,4,0.002004147,360,1
medium_009,Medium,OpenMP,8,5,0.001909971,435,1
medium_009,Medium,OpenMP,16,1,0.040956020,430,1
medium_009,Medium,OpenMP,16,2,0.011476040,163,1
medium_009,Medium,OpenMP,16,3,0.017165184,681,1
medium_009,Medium,OpenMP,16,4,0.016295195,373,1
medium_009,Medium,OpenMP,16,5,0.011724949,451,1
medium_009,Medium,OMP-BranchBoundMRV,4,1,0.005578995,782,1
medium_009,Medium,OMP-BranchBoundMRV,4,2,0.005779028,787,1
medium_009,Medium,OMP-BranchBoundMRV,4,3,0.005322933,765,1
medium_009,Medium,OMP-BranchBoundMRV,4,4,0.005435944,772,1
medium_009,Medium,OMP-BranchBoundMRV,4,5,0.006228924,746,1
medium_009,Medium,OMP-BranchBoundMRV,8,1,0.002758980,406,1
medium_009,Medium,OMP-BranchBoundMRV,8,2,0.002797842,464,1
medium_009,Medium,OMP-BranchBoundMRV,8,3,0.002811909,411,1
medium_009,Medium,OMP-BranchBoundMRV,8,4,0.002544880,335,1
medium_009,Medium,OMP-BranchBoundMRV,8,5,0.002668142,380,1
medium_009,Medium,OMP-BranchBoundMRV,16,1,0.005461931,231,1
medium_009,Medium,OMP-BranchBoundMRV,16,2,0.006460905,204,1
medium_009,Medium,OMP-BranchBoundMRV,16,3,0.017410994,373,1
medium_009,Medium,OMP-BranchBoundMRV,16,4,0.081379175,191,1
medium_009,Medium,OMP-BranchBoundMRV,16,5,0.042250156,462,1
medium_010,Medium,Serial,1,1,0.001111791,2270,1
medium_010,Medium,Serial,1,2,0.001104625,2270,1
medium_010,Medium,Serial,1,3,0.001119959,2270,1
medium_010,Medium,Serial,1,4,0.001101500,2270,1
medium_010,Medium,Serial,1,5,0.001101250,2270,1
medium_010,Medium,Serial-MRV,1,1,0.006446250,384,1
medium_010,Medium,Serial-MRV,1,2,0.006374333,384,1
medium_010,Medium,Serial-MRV,1,3,0.006326541,384,1
medium_010,Medium,Serial-MRV,1,4,0.006347125,384,1
medium_010,Medium,Serial-MRV,1,5,0.006368917,384,1
medium_010,Medium,BranchBound,1,1,0.001052625,2270,1
medium_010,Medium,BranchBound,1,2,0.001033375,2270,1
medium_010,Medium,BranchBound,1,3,0.000978542,2270,1
medium_010,Medium,BranchBound,1,4,0.001079583,2270,1
medium_010,Medium,BranchBound,1,5,0.000979583,2270,1
medium_010,Medium,BranchBoundMRV,1,1,0.007873916,384,1
medium_010,Medium,BranchBoundMRV,1,2,0.007955542,384,1
medium_010,Medium,BranchBoundMRV,1,3,0.008023083,384,1
medium_010,Medium,BranchBoundMRV,1,4,0.008013500,384,1
medium_010,Medium,BranchBoundMRV,1,5,0.008124125,384,1
medium_010,Medium,OpenMP,4,1,0.005673170,497,1
medium_010,Medium,OpenMP,4,2,0.005543947,497,1
medium_010,Medium,OpenMP,4,3,0.005805016,497,1
medium_010,Medium,OpenMP,4,4,0.005717993,497,1
medium_010,Medium,OpenMP,4,5,0.005627871,497,1
medium_010,Medium,OpenMP,8,1,0.005433083,497,1
medium_010,Medium,OpenMP,8,2,0.005994081,483,1
medium_010,Medium,OpenMP,8,3,0.012609005,497,1
medium_010,Medium,OpenMP,8,4,0.005435944,497,1
medium_010,Medium,OpenMP,8,5,0.005471945,497,1
medium_010,Medium,OpenMP,16,1,0.055553198,497,1
medium_010,Medium,OpenMP,16,2,0.047713995,469,1
medium_010,Medium,OpenMP,16,3,0.024417877,478,1
medium_010,Medium,OpenMP,16,4,0.021553040,497,1
medium_010,Medium,OpenMP,16,5,0.013330221,497,1
medium_010,Medium,OMP-BranchBoundMRV,4,1,0.007016897,497,1
medium_010,Medium,OMP-BranchBoundMRV,4,2,0.007145882,497,1
medium_010,Medium,OMP-BranchBoundMRV,4,3,0.006927013,497,1
medium_010,Medium,OMP-BranchBoundMRV,4,4,0.006900072,497,1
medium_010,Medium,OMP-BranchBoundMRV,4,5,0.006924152,497,1
medium_010,Medium,OMP-BranchBoundMRV,8,1,0.007490873,497,1
medium_010,Medium,OMP-BranchBoundMRV,8,2,0.013092041,497,1
medium_010,Medium,OMP-BranchBoundMRV,8,3,0.006848097,497,1
medium_010,Medium,OMP-BranchBoundMRV,8,4,0.006830931,497,1
medium_010,Medium,OMP-BranchBoundMRV,8,5,0.006835938,497,1
medium_010,Medium,OMP-BranchBoundMRV,16,1,0.082715034,497,1
medium_010,Medium,OMP-BranchBoundMRV,16,2,0.020179033,497,1
medium_010,Medium,OMP-BranchBoundMRV,16,3,0.032868862,497,1
medium_010,Medium,OMP-BranchBoundMRV,16,4,0.016362906,444,1
medium_010,Medium,OMP-BranchBoundMRV,16,5,0.039454937,497,1
medium_011,Medium,Serial,1,1,0.175551833,338054,1
medium_011,Medium,Serial,1,2,0.175453250,338054,1
medium_011,Medium,Serial,1,3,0.173180917,338054,1
medium_011,Medium,Serial,1,4,0.172930500,338054,1
medium_011,Medium,Serial,1,5,0.175112541,338054,1
medium_011,Medium,Serial-MRV,1,1,0.009450292,538,1
medium_011,Medium,Serial-MRV,1,2,0.009478083,538,1
medium_011,Medium,Serial-MRV,1,3,0.009448625,538,1
medium_011,Medium,Serial-MRV,1,4,0.009384167,538,1
medium_011,Medium,Serial-MRV,1,5,0.009457792,538,1
medium_011,Medium,BranchBound,1,1,0.154397167,338054,1
medium_011,Medium,BranchBound,1,2,0.160842292,338054,1
medium_011,Medium,BranchBound,1,3,0.156602041,338054,1
medium_011,Medium,BranchBound,1,4,0.154125750,338054,1
medium_011,Medium,BranchBound,1,5,0.154175125,338054,1
medium_011,Medium,BranchBoundMRV,1,1,0.013498042,538,1
medium_011,Medium,BranchBoundMRV,1,2,0.013469750,538,1
medium_011,Medium,BranchBoundMRV,1,3,0.013452708,538,1
medium_011,Medium,BranchBoundMRV,1,4,0.013492917,538,1
medium_011,Medium,BranchBoundMRV,1,5,0.013576917,538,1
medium_011,Medium,OpenMP,4,1,0.001388073,186,1
medium_011,Medium,OpenMP,4,2,0.001208067,171,1
medium_011,Medium,OpenMP,4,3,0.001158953,170,1
medium_011,Medium,OpenMP,4,4,0.001159906,170,1
medium_011,Medium,OpenMP,4,5,0.001148939,169,1
medium_011,Medium,OpenMP,8,1,0.003919125,116,1
medium_011,Medium,OpenMP,8,2,0.002668142,177,1
medium_011,Medium,OpenMP,8,3,0.001250029,140,1
medium_011,Medium,OpenMP,8,4,0.001199007,139,1
medium_011,Medium,OpenMP,8,5,0.002436161,235,1
medium_011,Medium,OpenMP,16,1,0.008128166,137,1
medium_011,Medium,OpenMP,16,2,0.016232014,176,1
medium_011,Medium,OpenMP,16,3,0.016112089,170,1
medium_011,Medium,OpenMP,16,4,0.023387909,170,1
medium_011,Medium,OpenMP,16,5,0.022258043,146,1
medium_011,Medium,OMP-BranchBoundMRV,4,1,0.001811981,175,1
medium_011,Medium,OMP-BranchBoundMRV,4,2,0.001796961,173,1
medium_011,Medium,OMP-BranchBoundMRV,4,3,0.001796961,175,1
medium_011,Medium,OMP-BranchBoundMRV,4,4,0.001798153,175,1
medium_011,Medium,OMP-BranchBoundMRV,4,5,0.001791000,174,1
medium_011,Medium,OMP-BranchBoundMRV,8,1,0.002006054,142,1
medium_011,Medium,OMP-BranchBoundMRV,8,2,0.003984928,178,1
medium_011,Medium,OMP-BranchBoundMRV,8,3,0.001843929,139,1
medium_011,Medium,OMP-BranchBoundMRV,8,4,0.001846790,142,1
medium_011,Medium,OMP-BranchBoundMRV,8,5,0.005427837,302,1
medium_011,Medium,OMP-BranchBoundMRV,16,1,0.038012028,235,1
medium_011,Medium,OMP-BranchBoundMRV,16,2,0.018741846,135,1
medium_011,Medium,OMP-BranchBoundMRV,16,3,0.010368109,211,1
medium_011,Medium,OMP-BranchBoundMRV,16,4,0.011675119,146,1
medium_011,Medium,OMP-BranchBoundMRV,16,5,0.008573055,167,1
medium_012,Medium,Serial,1,1,0.001266417,2408,1
medium_012,Medium,Serial,1,2,0.001256625,2408,1
medium_012,Medium,Serial,1,3,0.001215166,2408,1
medium_012,Medium,Serial,1,4,0.001213209,2408,1
medium_012,Medium,Serial,1,5,0.001234750,2408,1
medium_012,Medium,Serial-MRV,1,1,0.003753083,220,1
medium_012,Medium,Serial-MRV,1,2,0.003690459,220,1
medium_012,Medium,Serial-MRV,1,3,0.003723417,220,1
medium_012,Medium,Serial-MRV,1,4,0.003845208,220,1
medium_012,Medium,Serial-MRV,1,5,0.003602208,220,1
medium_012,Medium,BranchBound,1,1,0.001085750,2408,1
medium_012,Medium,BranchBound,1,2,0.000994750,2408,1
medium_012,Medium,BranchBound,1,3,0.000994458,2408,1
medium_012,Medium,BranchBound,1,4,0.001031292,2408,1
medium_012,Medium,BranchBound,1,5,0.000994083,2408,1
medium_012,Medium,BranchBoundMRV,1,1,0.004864000,220,1
medium_012,Medium,BranchBoundMRV,1,2,0.004845125,220,1
medium_012,Medium,BranchBoundMRV,1,3,0.004899292,220,1
medium_012,Medium,BranchBoundMRV,1,4,0.004853625,220,1
medium_012,Medium,BranchBoundMRV,1,5,0.004922916,220,1
medium_012,Medium,OpenMP,4,1,0.000802994,106,1
medium_012,Medium,OpenMP,4,2,0.000801086,107,1
medium_012,Medium,OpenMP,4,3,0.000782967,106,1
medium_012,Medium,OpenMP,4,4,0.000793934,107,1
medium_012,Medium,OpenMP,4,5,0.000805140,107,1
medium_012,Medium,OpenMP,8,1,0.001848936,171,1
medium_012,Medium,OpenMP,8,2,0.006391048,114,1
medium_012,Medium,OpenMP,8,3,0.000855923,96,1
medium_012,Medium,OpenMP,8,4,0.002797127,124,1
medium_012,Medium,OpenMP,8,5,0.001780033,162,1
medium_012,Medium,OpenMP,16,1,0.019125938,104,1
medium_012,Medium,OpenMP,16,2,0.088070869,220,1
medium_012,Medium,OpenMP,16,3,0.025892973,101,1
medium_012,Medium,OpenMP,16,4,0.032314062,220,1
medium_012,Medium,OpenMP,16,5,0.006611824,86,1
medium_012,Medium,OMP-BranchBoundMRV,4,1,0.001425982,114,1
medium_012,Medium,OMP-BranchBoundMRV,4,2,0.001291990,109,1
medium_012,Medium,OMP-BranchBoundMRV,4,3,0.001572132,123,1
medium_012,Medium,OMP-BranchBoundMRV,4,4,0.001315117,114,1
medium_012,Medium,OMP-BranchBoundMRV,4,5,0.001525164,116,1
medium_012,Medium,OMP-BranchBoundMRV,8,1,0.003432989,152,1
medium_012,Medium,OMP-BranchBoundMRV,8,2,0.001597881,97,1
medium_012,Medium,OMP-BranchBoundMRV,8,3,0.001438141,104,1
medium_012,Medium,OMP-BranchBoundMRV,8,4,0.003530979,191,1
medium_012,Medium,OMP-BranchBoundMRV,8,5,0.001372814,91,1
medium_012,Medium,OMP-BranchBoundMRV,16,1,0.012965918,74,1
medium_012,Medium,OMP-BranchBoundMRV,16,2,0.024443865,215,1
medium_012,Medium,OMP-BranchBoundMRV,16,3,0.007995129,79,1
medium_012,Medium,OMP-BranchBoundMRV,16,4,0.018929005,175,1
medium_012,Medium,OMP-BranchBoundMRV,16,5,0.052382946,82,1
medium_013,Medium,Serial,1,1,0.006239500,13265,1
medium_013,Medium,Serial,1,2,0.006231750,13265,1
medium_013,Medium,Serial,1,3,0.006191458,13265,1
medium_013,Medium,Serial,1,4,0.006313583,13265,1
medium_013,Medium,Serial,1,5,0.006305167,13265,1
medium_013,Medium,Serial-MRV,1,1,0.003042875,212,1
medium_013,Medium,Serial-MRV,1,2,0.003096875,212,1
medium_013,Medium,Serial-MRV,1,3,0.003125417,212,1
medium_013,Medium,Serial-MRV,1,4,0.003040500,212,1
medium_013,Medium,Serial-MRV,1,5,0.003094000,212,1
medium_013,Medium,BranchBound,1,1,0.005150291,13265,1
medium_013,Medium,BranchBound,1,2,0.005144541,13265,1
medium_013,Medium,BranchBound,1,3,0.006191375,13265,1
medium_013,Medium,BranchBound,1,4,0.006653709,13265,1
medium_013,Medium,BranchBound,1,5,0.006431667,13265,1
medium_013,Medium,BranchBoundMRV,1,1,0.004212875,212,1
medium_013,Medium,BranchBoundMRV,1,2,0.004165166,212,1
medium_013,Medium,BranchBoundMRV,1,3,0.004418666,212,1
medium_013,Medium,BranchBoundMRV,1,4,0.004255417,212,1
medium_013,Medium,BranchBoundMRV,1,5,0.004265292,212,1
medium_013,Medium,OpenMP,4,1,0.046972036,212,1
medium_013,Medium,OpenMP,4,2,0.014371157,212,1
medium_013,Medium,OpenMP,4,3,0.003722906,212,1
medium_013,Medium,OpenMP,4,4,0.003850937,212,1
medium_013,Medium,OpenMP,4,5,0.003324032,212,1
medium_013,Medium,OpenMP,8,1,0.010105848,212,1
medium_013,Medium,OpenMP,8,2,0.010064125,212,1
medium_013,Medium,OpenMP,8,3,0.005769014,212,1
medium_013,Medium,OpenMP,8,4,0.004691124,212,1
medium_013,Medium,OpenMP,8,5,0.007682085,212,1
medium_013,Medium,OpenMP,16,1,0.006485939,212,1
medium_013,Medium,OpenMP,16,2,0.019468069,212,1
medium_013,Medium,OpenMP,16,3,0.060545921,212,1
medium_013,Medium,OpenMP,16,4,0.028795004,212,1
medium_013,Medium,OpenMP,16,5,0.012027025,212,1
medium_013,Medium,OMP-BranchBoundMRV,4,1,0.004467010,212,1
medium_013,Medium,OMP-BranchBoundMRV,4,2,0.004326105,212,1
medium_013,Medium,OMP-BranchBoundMRV,4,3,0.004647970,212,1
medium_013,Medium,OMP-BranchBoundMRV,4,4,0.004436016,212,1
medium_013,Medium,OMP-BranchBoundMRV,4,5,0.004402161,212,1
medium_013,Medium,OMP-BranchBoundMRV,8,1,0.008612156,212,1
medium_013,Medium,OMP-BranchBoundMRV,8,2,0.008582115,212,1
medium_013,Medium,OMP-BranchBoundMRV,8,3,0.004382133,212,1
medium_013,Medium,OMP-BranchBoundMRV,8,4,0.006652117,212,1
medium_013,Medium,OMP-BranchBoundMRV,8,5,0.004549980,212,1
medium_013,Medium,OMP-BranchBoundMRV,16,1,0.015300989,212,1
medium_013,Medium,OMP-BranchBoundMRV,16,2,0.017768145,212,1
medium_013,Medium,OMP-BranchBoundMRV,16,3,0.031701088,212,1
medium_013,Medium,OMP-BranchBoundMRV,16,4,0.022296906,212,1
medium_013,Medium,OMP-BranchBoundMRV,16,5,0.039042950,212,1
medium_014,Medium,Serial,1,1,0.007853959,16533,1
medium_014,Medium,Serial,1,2,0.007913334,16533,1
medium_014,Medium,Serial,1,3,0.008158750,16533,1
medium_014,Medium,Serial,1,4,0.008316916,16533,1
medium_014,Medium,Serial,1,5,0.008341375,16533,1
medium_014,Medium,Serial-MRV,1,1,0.006352834,347,1
medium_014,Medium,Serial-MRV,1,2,0.006179667,347,1
medium_014,Medium,Serial-MRV,1,3,0.006267209,347,1
medium_014,Medium,Serial-MRV,1,4,0.006197333,347,1
medium_014,Medium,Serial-MRV,1,5,0.006355459,347,1
medium_014,Medium,BranchBound,1,1,0.007266083,16533,1
medium_014,Medium,BranchBound,1,2,0.007314500,16533,1
medium_014,Medium,BranchBound,1,3,0.007222125,16533,1
medium_014,Medium,BranchBound,1,4,0.007135708,16533,1
medium_014,Medium,BranchBound,1,5,0.007310333,16533,1
medium_014,Medium,BranchBoundMRV,1,1,0.008669792,347,1
medium_014,Medium,BranchBoundMRV,1,2,0.008726583,347,1
medium_014,Medium,BranchBoundMRV,1,3,0.008344667,347,1
medium_014,Medium,BranchBoundMRV,1,4,0.008405625,347,1
medium_014,Medium,BranchBoundMRV,1,5,0.008388584,347,1
medium_014,Medium,OpenMP,4,1,0.002460957,273,1
medium_014,Medium,OpenMP,4,2,0.002429962,273,1
medium_014,Medium,OpenMP,4,3,0.002478123,275,1
medium_014,Medium,OpenMP,4,4,0.002412081,272,1
medium_014,Medium,OpenMP,4,5,0.002511024,277,1
medium_014,Medium,OpenMP,8,1,0.004582167,195,1
medium_014,Medium,OpenMP,8,2,0.002500772,273,1
medium_014,Medium,OpenMP,8,3,0.002436876,273,1
medium_014,Medium,OpenMP,8,4,0.002541065,239,1
medium_014,Medium,OpenMP,8,5,0.008548975,362,1
medium_014,Medium,OpenMP,16,1,0.021647930,273,1
medium_014,Medium,OpenMP,16,2,0.064460993,169,1
medium_014,Medium,OpenMP,16,3,0.008056879,272,1
medium_014,Medium,OpenMP,16,4,0.024494886,362,1
medium_014,Medium,OpenMP,16,5,0.023972988,362,1
medium_014,Medium,OMP-BranchBoundMRV,4,1,0.003585100,275,1
medium_014,Medium,OMP-BranchBoundMRV,4,2,0.003606081,279,1
medium_014,Medium,OMP-BranchBoundMRV,4,3,0.003546000,279,1
medium_014,Medium,OMP-BranchBoundMRV,4,4,0.003703833,284,1
medium_014,Medium,OMP-BranchBoundMRV,4,5,0.003772020,276,1
medium_014,Medium,OMP-BranchBoundMRV,8,1,0.003634930,233,1
medium_014,Medium,OMP-BranchBoundMRV,8,2,0.006363153,249,1
medium_014,Medium,OMP-BranchBoundMRV,8,3,0.003578186,281,1
medium_014,Medium,OMP-BranchBoundMRV,8,4,0.004285097,295,1
medium_014,Medium,OMP-BranchBoundMRV,8,5,0.008896112,362,1
medium_014,Medium,OMP-BranchBoundMRV,16,1,0.020084143,281,1
medium_014,Medium,OMP-BranchBoundMRV,16,2,0.019874096,194,1
medium_014,Medium,OMP-BranchBoundMRV,16,3,0.012423038,281,1
medium_014,Medium,OMP-BranchBoundMRV,16,4,0.020634890,362,1
medium_014,Medium,OMP-BranchBoundMRV,16,5,0.018395901,362,1
medium_015,Medium,Serial,1,1,0.009335042,17977,1
medium_015,Medium,Serial,1,2,0.009274834,17977,1
medium_015,Medium,Serial,1,3,0.009208458,17977,1
medium_015,Medium,Serial,1,4,0.009578041,17977,1
medium_015,Medium,Serial,1,5,0.009400375,17977,1
medium_015,Medium,Serial-MRV,1,1,0.003643667,245,1
medium_015,Medium,Serial-MRV,1,2,0.003698250,245,1
medium_015,Medium,Serial-MRV,1,3,0.003726375,245,1
medium_015,Medium,Serial-MRV,1,4,0.003658375,245,1
medium_015,Medium,Serial-MRV,1,5,0.003690042,245,1
medium_015,Medium,BranchBound,1,1,0.007934750,17977,1
medium_015,Medium,BranchBound,1,2,0.007850333,17977,1
medium_015,Medium,BranchBound,1,3,0.007722458,17977,1
medium_015,Medium,BranchBound,1,4,0.007719916,17977,1
medium_015,Medium,BranchBound,1,5,0.007793500,17977,1
medium_015,Medium,BranchBoundMRV,1,1,0.005056917,245,1
medium_015,Medium,BranchBoundMRV,1,2,0.004947250,245,1
medium_015,Medium,BranchBoundMRV,1,3,0.005058125,245,1
medium_015,Medium,BranchBoundMRV,1,4,0.004994709,245,1
medium_015,Medium,BranchBoundMRV,1,5,0.005063833,245,1
medium_015,Medium,OpenMP,4,1,0.001333952,271,1
medium_015,Medium,OpenMP,4,2,0.001610994,310,1
medium_015,Medium,OpenMP,4,3,0.001547098,308,1
medium_015,Medium,OpenMP,4,4,0.001482010,296,1
medium_015,Medium,OpenMP,4,5,0.001348972,262,1
medium_015,Medium,OpenMP,8,1,0.003003120,384,1
medium_015,Medium,OpenMP,8,2,0.001788139,167,1
medium_015,Medium,OpenMP,8,3,0.002032042,269,1
medium_015,Medium,OpenMP,8,4,0.001453876,242,1
medium_015,Medium,OpenMP,8,5,0.002985001,317,1
medium_015,Medium,OpenMP,16,1,0.017552137,241,1
medium_015,Medium,OpenMP,16,2,0.019791126,425,1
medium_015,Medium,OpenMP,16,3,0.021545887,383,1
medium_015,Medium,OpenMP,16,4,0.018651962,385,1
medium_015,Medium,OpenMP,16,5,0.042956829,236,1
medium_015,Medium,OMP-BranchBoundMRV,4,1,0.003912926,425,1
medium_015,Medium,OMP-BranchBoundMRV,4,2,0.002465963,382,1
medium_015,Medium,OMP-BranchBoundMRV,4,3,0.002079010,311,1
medium_015,Medium,OMP-BranchBoundMRV,4,4,0.002419949,367,1
medium_015,Medium,OMP-BranchBoundMRV,4,5,0.004034042,425,1
medium_015,Medium,OMP-BranchBoundMRV,8,1,0.004511833,412,1
medium_015,Medium,OMP-BranchBoundMRV,8,2,0.003361940,350,1
medium_015,Medium,OMP-BranchBoundMRV,8,3,0.003533840,425,1
medium_015,Medium,OMP-BranchBoundMRV,8,4,0.002390862,323,1
medium_015,Medium,OMP-BranchBoundMRV,8,5,0.004248142,368,1
medium_015,Medium,OMP-BranchBoundMRV,16,1,0.017063856,425,1
medium_015,Medium,OMP-BranchBoundMRV,16,2,0.021421909,221,1
medium_015,Medium,OMP-BranchBoundMRV,16,3,0.007779121,141,1
medium_015,Medium,OMP-BranchBoundMRV,16,4,0.021032095,413,1
medium_015,Medium,OMP-BranchBoundMRV,16,5,0.045710087,425,1
medium_016,Medium,Serial,1,1,0.003782334,7735,1
medium_016,Medium,Serial,1,2,0.003790708,7735,1
medium_016,Medium,Serial,1,3,0.003916750,7735,1
medium_016,Medium,Serial,1,4,0.003827625,7735,1
medium_016,Medium,Serial,1,5,0.003780417,7735,1
medium_016,Medium,Serial-MRV,1,1,0.004130625,223,1
medium_016,Medium,Serial-MRV,1,2,0.004096375,223,1
medium_016,Medium,Serial-MRV,1,3,0.004081750,223,1
medium_016,Medium,Serial-MRV,1,4,0.004292750,223,1
medium_016,Medium,Serial-MRV,1,5,0.004145833,223,1
medium_016,Medium,BranchBound,1,1,0.003403250,7735,1
medium_016,Medium,BranchBound,1,2,0.003341667,7735,1
medium_016,Medium,BranchBound,1,3,0.003315084,7735,1
medium_016,Medium,BranchBound,1,4,0.003308666,7735,1
medium_016,Medium,BranchBound,1,5,0.003357084,7735,1
medium_016,Medium,BranchBoundMRV,1,1,0.006006375,223,1
medium_016,Medium,BranchBoundMRV,1,2,0.006105292,223,1
medium_016,Medium,BranchBoundMRV,1,3,0.005872542,223,1
medium_016,Medium,BranchBoundMRV,1,4,0.006105417,223,1
medium_016,Medium,BranchBoundMRV,1,5,0.005774792,223,1
medium_016,Medium,OpenMP,4,1,0.004688025,435,1
medium_016,Medium,OpenMP,4,2,0.004487038,431,1
medium_016,Medium,OpenMP,4,3,0.004628897,449,1
medium_016,Medium,OpenMP,4,4,0.004498959,428,1
medium_016,Medium,OpenMP,4,5,0.004578114,442,1
medium_016,Medium,OpenMP,8,1,0.004410982,305,1
medium_016,Medium,OpenMP,8,2,0.008257866,455,1
medium_016,Medium,OpenMP,8,3,0.006350040,379,1
medium_016,Medium,OpenMP,8,4,0.010385990,455,1
medium_016,Medium,OpenMP,8,5,0.005399942,346,1
medium_016,Medium,OpenMP,16,1,0.011276007,443,1
medium_016,Medium,OpenMP,16,2,0.019289970,255,1
medium_016,Medium,OpenMP,16,3,0.034941196,455,1
medium_016,Medium,OpenMP,16,4,0.081221104,441,1
medium_016,Medium,OpenMP,16,5,0.021783113,252,1
medium_016,Medium,OMP-BranchBoundMRV,4,1,0.006021976,439,1
medium_016,Medium,OMP-BranchBoundMRV,4,2,0.006335020,449,1
medium_016,Medium,OMP-BranchBoundMRV,4,3,0.006159067,430,1
medium_016,Medium,OMP-BranchBoundMRV,4,4,0.006001949,442,1
medium_016,Medium,OMP-BranchBoundMRV,4,5,0.006247044,438,1
medium_016,Medium,OMP-BranchBoundMRV,8,1,0.006168127,317,1
medium_016,Medium,OMP-BranchBoundMRV,8,2,0.006074190,443,1
medium_016,Medium,OMP-BranchBoundMRV,8,3,0.010118008,455,1
medium_016,Medium,OMP-BranchBoundMRV,8,4,0.006031990,394,1
medium_016,Medium,OMP-BranchBoundMRV,8,5,0.011818886,455,1
medium_016,Medium,OMP-BranchBoundMRV,16,1,0.009535074,432,1
medium_016,Medium,OMP-BranchBoundMRV,16,2,0.047848940,455,1
medium_016,Medium,OMP-BranchBoundMRV,16,3,0.043550968,445,1
medium_016,Medium,OMP-BranchBoundMRV,16,4,0.050484896,310,1
medium_016,Medium,OMP-BranchBoundMRV,16,5,0.013255119,225,1
medium_017,Medium,Serial,1,1,0.003014792,6824,1
medium_017,Medium,Serial,1,2,0.003086250,6824,1
medium_017,Medium,Serial,1,3,0.003091583,6824,1
medium_017,Medium,Serial,1,4,0.003167458,6824,1
medium_017,Medium,Serial,1,5,0.003165791,6824,1
medium_017,Medium,Serial-MRV,1,1,0.003539542,207,1
medium_017,Medium,Serial-MRV,1,2,0.003426209,207,1
medium_017,Medium,Serial-MRV,1,3,0.003534917,207,1
medium_017,Medium,Serial-MRV,1,4,0.003714375,207,1
medium_017,Medium,Serial-MRV,1,5,0.003594125,207,1
medium_017,Medium,BranchBound,1,1,0.002757583,6824,1
medium_017,Medium,BranchBound,1,2,0.002671583,6824,1
medium_017,Medium,BranchBound,1,3,0.002784708,6824,1
medium_017,Medium,BranchBound,1,4,0.002790584,6824,1
medium_017,Medium,BranchBound,1,5,0.002822375,6824,1
medium_017,Medium,BranchBoundMRV,1,1,0.004470083,207,1
medium_017,Medium,BranchBoundMRV,1,2,0.004436875,207,1
medium_017,Medium,BranchBoundMRV,1,3,0.004447417,207,1
medium_017,Medium,BranchBoundMRV,1,4,0.004434500,207,1
medium_017,Medium,BranchBoundMRV,1,5,0.004422333,207,1
medium_017,Medium,OpenMP,4,1,0.003592014,398,1
medium_017,Medium,OpenMP,4,2,0.003639936,398,1
medium_017,Medium,OpenMP,4,3,0.003612995,398,1
medium_017,Medium,OpenMP,4,4,0.003592014,398,1
medium_017,Medium,OpenMP,4,5,0.003580093,398,1
medium_017,Medium,OpenMP,8,1,0.004788876,283,1
medium_017,Medium,OpenMP,8,2,0.003635883,398,1
medium_017,Medium,OpenMP,8,3,0.003707886,398,1
medium_017,Medium,OpenMP,8,4,0.003612041,398,1
medium_017,Medium,OpenMP,8,5,0.010553122,398,1
medium_017,Medium,OpenMP,16,1,0.031630039,398,1
medium_017,Medium,OpenMP,16,2,0.020145893,285,1
medium_017,Medium,OpenMP,16,3,0.059466839,398,1
medium_017,Medium,OpenMP,16,4,0.013468981,398,1
medium_017,Medium,OpenMP,16,5,0.008490801,307,1
medium_017,Medium,OMP-BranchBoundMRV,4,1,0.004549980,398,1
medium_017,Medium,OMP-BranchBoundMRV,4,2,0.005040169,398,1
medium_017,Medium,OMP-BranchBoundMRV,4,3,0.004558086,386,1
medium_017,Medium,OMP-BranchBoundMRV,4,4,0.005183935,398,1
medium_017,Medium,OMP-BranchBoundMRV,4,5,0.004520893,395,1
medium_017,Medium,OMP-BranchBoundMRV,8,1,0.005366087,398,1
medium_017,Medium,OMP-BranchBoundMRV,8,2,0.008322954,398,1
medium_017,Medium,OMP-BranchBoundMRV,8,3,0.006328106,398,1
medium_017,Medium,OMP-BranchBoundMRV,8,4,0.007156849,331,1
medium_017,Medium,OMP-BranchBoundMRV,8,5,0.004665136,323,1
medium_017,Medium,OMP-BranchBoundMRV,16,1,0.036103964,398,1
medium_017,Medium,OMP-BranchBoundMRV,16,2,0.030400038,384,1
medium_017,Medium,OMP-BranchBoundMRV,16,3,0.030950069,398,1
medium_017,Medium,OMP-BranchBoundMRV,16,4,0.032375097,398,1
medium_017,Medium,OMP-BranchBoundMRV,16,5,0.022945166,265,1
medium_018,Medium,Serial,1,1,0.008033083,15663,1
medium_018,Medium,Serial,1,2,0.008253667,15663,1
medium_018,Medium,Serial,1,3,0.008261541,15663,1
medium_018,Medium,Serial,1,4,0.008199666,15663,1
medium_018,Medium,Serial,1,5,0.008107125,15663,1
medium_018,Medium,Serial-MRV,1,1,0.015070042,956,1
medium_018,Medium,Serial-MRV,1,2,0.015138041,956,1
medium_018,Medium,Serial-MRV,1,3,0.014933916,956,1
medium_018,Medium,Serial-MRV,1,4,0.014844542,956,1
medium_018,Medium,Serial-MRV,1,5,0.014319500,956,1
medium_018,Medium,BranchBound,1,1,0.007111417,15663,1
medium_018,Medium,BranchBound,1,2,0.006925667,15663,1
medium_018,Medium,BranchBound,1,3,0.006962292,15663,1
medium_018,Medium,BranchBound,1,4,0.006919541,15663,1
medium_018,Medium,BranchBound,1,5,0.006951459,15663,1
medium_018,Medium,BranchBoundMRV,1,1,0.019383708,956,1
medium_018,Medium,BranchBoundMRV,1,2,0.019378334,956,1
medium_018,Medium,BranchBoundMRV,1,3,0.020057084,956,1
medium_018,Medium,BranchBoundMRV,1,4,0.020227833,956,1
medium_018,Medium,BranchBoundMRV,1,5,0.020319917,956,1
medium_018,Medium,OpenMP,4,1,0.008442879,956,1
medium_018,Medium,OpenMP,4,2,0.008642912,956,1
medium_018,Medium,OpenMP,4,3,0.008472204,956,1
medium_018,Medium,OpenMP,4,4,0.008318901,956,1
medium_018,Medium,OpenMP,4,5,0.008263111,956,1
medium_018,Medium,OpenMP,8,1,0.015728951,956,1
medium_018,Medium,OpenMP,8,2,0.008034945,956,1
medium_018,Medium,OpenMP,8,3,0.012470007,956,1
medium_018,Medium,OpenMP,8,4,0.016680956,956,1
medium_018,Medium,OpenMP,8,5,0.008191824,956,1
medium_018,Medium,OpenMP,16,1,0.043519020,956,1
medium_018,Medium,OpenMP,16,2,0.075098038,751,1
medium_018,Medium,OpenMP,16,3,0.031005859,941,1
medium_018,Medium,OpenMP,16,4,0.031705856,956,1
medium_018,Medium,OpenMP,16,5,0.032157898,831,1
medium_018,Medium,OMP-BranchBoundMRV,4,1,0.010447025,956,1
medium_018,Medium,OMP-BranchBoundMRV,4,2,0.010393143,956,1
medium_018,Medium,OMP-BranchBoundMRV,4,3,0.010402918,956,1
medium_018,Medium,OMP-BranchBoundMRV,4,4,0.010386944,956,1
medium_018,Medium,OMP-BranchBoundMRV,4,5,0.010390997,956,1
medium_018,Medium,OMP-BranchBoundMRV,8,1,0.016289949,956,1
medium_018,Medium,OMP-BranchBoundMRV,8,2,0.018572807,956,1
medium_018,Medium,OMP-BranchBoundMRV,8,3,0.011178970,956,1
medium_018,Medium,OMP-BranchBoundMRV,8,4,0.010416031,956,1
medium_018,Medium,OMP-BranchBoundMRV,8,5,0.010802031,694,1
medium_018,Medium,OMP-BranchBoundMRV,16,1,0.141690969,834,1
medium_018,Medium,OMP-BranchBoundMRV,16,2,0.032972813,698,1
medium_018,Medium,OMP-BranchBoundMRV,16,3,0.010546923,662,1
medium_018,Medium,OMP-BranchBoundMRV,16,4,0.046929121,766,1
medium_018,Medium,OMP-BranchBoundMRV,16,5,0.063434839,956,1
medium_019,Medium,Serial,1,1,0.000705583,1446,1
medium_019,Medium,Serial,1,2,0.000684416,1446,1
medium_019,Medium,Serial,1,3,0.000686667,1446,1
medium_019,Medium,Serial,1,4,0.000682791,1446,1
medium_019,Medium,Serial,1,5,0.000683625,1446,1
medium_019,Medium,Serial-MRV,1,1,0.016068417,919,1
medium_019,Medium,Serial-MRV,1,2,0.016234416,919,1
medium_019,Medium,Serial-MRV,1,3,0.016190167,919,1
medium_019,Medium,Serial-MRV,1,4,0.016210125,919,1
medium_019,Medium,Serial-MRV,1,5,0.016231667,919,1
medium_019,Medium,BranchBound,1,1,0.000604875,1446,1
medium_019,Medium,BranchBound,1,2,0.000595041,1446,1
medium_019,Medium,BranchBound,1,3,0.000594708,1446,1
medium_019,Medium,BranchBound,1,4,0.000594459,1446,1
medium_019,Medium,BranchBound,1,5,0.000598833,1446,1
medium_019,Medium,BranchBoundMRV,1,1,0.020442167,919,1
medium_019,Medium,BranchBoundMRV,1,2,0.020442625,919,1
medium_019,Medium,BranchBoundMRV,1,3,0.020453042,919,1
medium_019,Medium,BranchBoundMRV,1,4,0.020367459,919,1
medium_019,Medium,BranchBoundMRV,1,5,0.020525333,919,1
medium_019,Medium,OpenMP,4,1,0.003324032,514,1
medium_019,Medium,OpenMP,4,2,0.003584146,548,1
medium_019,Medium,OpenMP,4,3,0.003304005,517,1
medium_019,Medium,OpenMP,4,4,0.003290892,516,1
medium_019,Medium,OpenMP,4,5,0.003463984,470,1
medium_019,Medium,OpenMP,8,1,0.003383160,422,1
medium_019,Medium,OpenMP,8,2,0.003340006,421,1
medium_019,Medium,OpenMP,8,3,0.004374027,520,1
medium_019,Medium,OpenMP,8,4,0.006841183,768,1
medium_019,Medium,OpenMP,8,5,0.006056070,715,1
medium_019,Medium,OpenMP,16,1,0.126724958,919,1
medium_019,Medium,OpenMP,16,2,0.050377846,567,1
medium_019,Medium,OpenMP,16,3,0.013777018,549,1
medium_019,Medium,OpenMP,16,4,0.020057917,837,1
medium_019,Medium,OpenMP,16,5,0.049387932,919,1
medium_019,Medium,OMP-BranchBoundMRV,4,1,0.004391909,505,1
medium_019,Medium,OMP-BranchBoundMRV,4,2,0.004348993,500,1
medium_019,Medium,OMP-BranchBoundMRV,4,3,0.004251003,520,1
medium_019,Medium,OMP-BranchBoundMRV,4,4,0.004313946,524,1
medium_019,Medium,OMP-BranchBoundMRV,4,5,0.004259109,519,1
medium_019,Medium,OMP-BranchBoundMRV,8,1,0.010370016,674,1
medium_019,Medium,OMP-BranchBoundMRV,8,2,0.004337788,637,1
medium_019,Medium,OMP-BranchBoundMRV,8,3,0.004291058,411,1
medium_019,Medium,OMP-BranchBoundMRV,8,4,0.005001068,448,1
medium_019,Medium,OMP-BranchBoundMRV,8,5,0.004364967,525,1
medium_019,Medium,OMP-BranchBoundMRV,16,1,0.064636946,413,1
medium_019,Medium,OMP-BranchBoundMRV,16,2,0.041017056,526,1
medium_019,Medium,OMP-BranchBoundMRV,16,3,0.021325827,642,1
medium_019,Medium,OMP-BranchBoundMRV,16,4,0.026922941,523,1
medium_019,Medium,OMP-BranchBoundMRV,16,5,0.031587839,770,1
medium_020,Medium,Serial,1,1,0.001654916,2917,1
medium_020,Medium,Serial,1,2,0.001481708,2917,1
medium_020,Medium,Serial,1,3,0.001565375,2917,1
medium_020,Medium,Serial,1,4,0.001518125,2917,1
medium_020,Medium,Serial,1,5,0.001480917,2917,1
medium_020,Medium,Serial-MRV,1,1,0.004478042,280,1
medium_020,Medium,Serial-MRV,1,2,0.004261916,280,1
medium_020,Medium,Serial-MRV,1,3,0.004420209,280,1
medium_020,Medium,Serial-MRV,1,4,0.004301125,280,1
medium_020,Medium,Serial-MRV,1,5,0.004295208,280,1
medium_020,Medium,BranchBound,1,1,0.001321917,2917,1
medium_020,Medium,BranchBound,1,2,0.001276500,2917,1
medium_020,Medium,BranchBound,1,3,0.001406750,2917,1
medium_020,Medium,BranchBound,1,4,0.001334583,2917,1
medium_020,Medium,BranchBound,1,5,0.001275875,2917,1
medium_020,Medium,BranchBoundMRV,1,1,0.005322708,280,1
medium_020,Medium,BranchBoundMRV,1,2,0.005305375,280,1
medium_020,Medium,BranchBoundMRV,1,3,0.005258542,280,1
medium_020,Medium,BranchBoundMRV,1,4,0.005457667,280,1
medium_020,Medium,BranchBoundMRV,1,5,0.005392667,280,1
medium_020,Medium,OpenMP,4,1,0.004681110,280,1
medium_020,Medium,OpenMP,4,2,0.004595995,280,1
medium_020,Medium,OpenMP,4,3,0.004446983,280,1
medium_020,Medium,OpenMP,4,4,0.004435062,280,1
medium_020,Medium,OpenMP,4,5,0.004441023,280,1
medium_020,Medium,OpenMP,8,1,0.004429817,280,1
medium_020,Medium,OpenMP,8,2,0.004638910,280,1
medium_020,Medium,OpenMP,8,3,0.005940914,280,1
medium_020,Medium,OpenMP,8,4,0.004420042,280,1
medium_020,Medium,OpenMP,8,5,0.012825012,280,1
medium_020,Medium,OpenMP,16,1,0.030147791,280,1
medium_020,Medium,OpenMP,16,2,0.021847010,280,1
medium_020,Medium,OpenMP,16,3,0.031698942,280,1
medium_020,Medium,OpenMP,16,4,0.023374796,280,1
medium_020,Medium,OpenMP,16,5,0.040579081,280,1
medium_020,Medium,OMP-BranchBoundMRV,4,1,0.005527973,280,1
medium_020,Medium,OMP-BranchBoundMRV,4,2,0.005946875,280,1
medium_020,Medium,OMP-BranchBoundMRV,4,3,0.005589008,280,1
medium_020,Medium,OMP-BranchBoundMRV,4,4,0.005464077,280,1
medium_020,Medium,OMP-BranchBoundMRV,4,5,0.005480051,280,1
medium_020,Medium,OMP-BranchBoundMRV,8,1,0.006039143,280,1
medium_020,Medium,OMP-BranchBoundMRV,8,2,0.010967016,280,1
medium_020,Medium,OMP-BranchBoundMRV,8,3,0.010972977,280,1
medium_020,Medium,OMP-BranchBoundMRV,8,4,0.005421877,280,1
medium_020,Medium,OMP-BranchBoundMRV,8,5,0.005500078,280,1
medium_020,Medium,OMP-BranchBoundMRV,16,1,0.078047991,280,1
medium_020,Medium,OMP-BranchBoundMRV,16,2,0.034091949,280,1
medium_020,Medium,OMP-BranchBoundMRV,16,3,0.041910887,280,1
medium_020,Medium,OMP-BranchBoundMRV,16,4,0.022222042,280,1
medium_020,Medium,OMP-BranchBoundMRV,16,5,0.025012016,280,1
medium_021,Medium,Serial,1,1,0.002629917,5224,1
medium_021,Medium,Serial,1,2,0.002543167,5224,1
medium_021,Medium,Serial,1,3,0.002593000,5224,1
medium_021,Medium,Serial,1,4,0.002634167,5224,1
medium_021,Medium,Serial,1,5,0.002666250,5224,1
medium_021,Medium,Serial-MRV,1,1,0.003615792,209,1
medium_021,Medium,Serial-MRV,1,2,0.003616958,209,1
medium_021,Medium,Serial-MRV,1,3,0.003607334,209,1
medium_021,Medium,Serial-MRV,1,4,0.003748875,209,1
medium_021,Medium,Serial-MRV,1,5,0.003700500,209,1
medium_021,Medium,BranchBound,1,1,0.002356417,5224,1
medium_021,Medium,BranchBound,1,2,0.002362458,5224,1
medium_021,Medium,BranchBound,1,3,0.002287917,5224,1
medium_021,Medium,BranchBound,1,4,0.002302917,5224,1
medium_021,Medium,BranchBound,1,5,0.002219792,5224,1
medium_021,Medium,BranchBoundMRV,1,1,0.004659792,209,1
medium_021,Medium,BranchBoundMRV,1,2,0.004725625,209,1
medium_021,Medium,BranchBoundMRV,1,3,0.004592042,209,1
medium_021,Medium,BranchBoundMRV,1,4,0.004579334,209,1
medium_021,Medium,BranchBoundMRV,1,5,0.004588041,209,1
medium_021,Medium,OpenMP,4,1,0.001413822,173,1
medium_021,Medium,OpenMP,4,2,0.000819921,125,1
medium_021,Medium,OpenMP,4,3,0.000827074,133,1
medium_021,Medium,OpenMP,4,4,0.001053095,159,1
medium_021,Medium,OpenMP,4,5,0.000823975,135,1
medium_021,Medium,OpenMP,8,1,0.003268003,86,1
medium_021,Medium,OpenMP,8,2,0.001841068,187,1
medium_021,Medium,OpenMP,8,3,0.000843048,124,1
medium_021,Medium,OpenMP,8,4,0.001805067,209,1
medium_021,Medium,OpenMP,8,5,0.000849009,123,1
medium_021,Medium,OpenMP,16,1,0.120316982,187,1
medium_021,Medium,OpenMP,16,2,0.022556067,209,1
medium_021,Medium,OpenMP,16,3,0.027265072,115,1
medium_021,Medium,OpenMP,16,4,0.005630970,152,1
medium_021,Medium,OpenMP,16,5,0.009882927,159,1
medium_021,Medium,OMP-BranchBoundMRV,4,1,0.001116991,135,1
medium_021,Medium,OMP-BranchBoundMRV,4,2,0.001240015,162,1
medium_021,Medium,OMP-BranchBoundMRV,4,3,0.001221895,144,1
medium_021,Medium,OMP-BranchBoundMRV,4,4,0.001506090,165,1
medium_021,Medium,OMP-BranchBoundMRV,4,5,0.001195192,157,1
medium_021,Medium,OMP-BranchBoundMRV,8,1,0.001717091,128,1
medium_021,Medium,OMP-BranchBoundMRV,8,2,0.001657009,155,1
medium_021,Medium,OMP-BranchBoundMRV,8,3,0.001134872,130,1
medium_021,Medium,OMP-BranchBoundMRV,8,4,0.001549959,154,1
medium_021,Medium,OMP-BranchBoundMRV,8,5,0.001835108,151,1
medium_021,Medium,OMP-BranchBoundMRV,16,1,0.014516830,209,1
medium_021,Medium,OMP-BranchBoundMRV,16,2,0.026122093,209,1
medium_021,Medium,OMP-BranchBoundMRV,16,3,0.028349876,136,1
medium_021,Medium,OMP-BranchBoundMRV,16,4,0.029294968,155,1
medium_021,Medium,OMP-BranchBoundMRV,16,5,0.030278921,152,1
medium_022,Medium,Serial,1,1,0.016000250,30945,1
medium_022,Medium,Serial,1,2,0.015907458,30945,1
medium_022,Medium,Serial,1,3,0.015956958,30945,1
medium_022,Medium,Serial,1,4,0.016444125,30945,1
medium_022,Medium,Serial,1,5,0.016863000,30945,1
medium_022,Medium,Serial-MRV,1,1,0.006315667,411,1
medium_022,Medium,Serial-MRV,1,2,0.006408417,411,1
medium_022,Medium,Serial-MRV,1,3,0.006337500,411,1
medium_022,Medium,Serial-MRV,1,4,0.006439500,411,1
medium_022,Medium,Serial-MRV,1,5,0.006431333,411,1
medium_022,Medium,BranchBound,1,1,0.013159500,30945,1
medium_022,Medium,BranchBound,1,2,0.013169542,30945,1
medium_022,Medium,BranchBound,1,3,0.013235750,30945,1
medium_022,Medium,BranchBound,1,4,0.013025375,30945,1
medium_022,Medium,BranchBound,1,5,0.012641208,30945,1
medium_022,Medium,BranchBoundMRV,1,1,0.008101000,411,1
medium_022,Medium,BranchBoundMRV,1,2,0.007938417,411,1
medium_022,Medium,BranchBoundMRV,1,3,0.007963583,411,1
medium_022,Medium,BranchBoundMRV,1,4,0.008124667,411,1
medium_022,Medium,BranchBoundMRV,1,5,0.007970500,411,1
medium_022,Medium,OpenMP,4,1,0.006458998,411,1
medium_022,Medium,OpenMP,4,2,0.006438971,411,1
medium_022,Medium,OpenMP,4,3,0.006483078,411,1
medium_022,Medium,OpenMP,4,4,0.006417036,411,1
medium_022,Medium,OpenMP,4,5,0.006488085,411,1
medium_022,Medium,OpenMP,8,1,0.006456137,411,1
medium_022,Medium,OpenMP,8,2,0.006412983,411,1
medium_022,Medium,OpenMP,8,3,0.006433010,411,1
medium_022,Medium,OpenMP,8,4,0.012279034,411,1
medium_022,Medium,OpenMP,8,5,0.012454987,411,1
medium_022,Medium,OpenMP,16,1,0.008108854,411,1
medium_022,Medium,OpenMP,16,2,0.041105986,411,1
medium_022,Medium,OpenMP,16,3,0.024276018,411,1
medium_022,Medium,OpenMP,16,4,0.019160986,411,1
medium_022,Medium,OpenMP,16,5,0.065376997,411,1
medium_022,Medium,OMP-BranchBoundMRV,4,1,0.008477926,411,1
medium_022,Medium,OMP-BranchBoundMRV,4,2,0.008460045,411,1
medium_022,Medium,OMP-BranchBoundMRV,4,3,0.008453131,411,1
medium_022,Medium,OMP-BranchBoundMRV,4,4,0.008449078,411,1
medium_022,Medium,OMP-BranchBoundMRV,4,5,0.008448124,411,1
medium_022,Medium,OMP-BranchBoundMRV,8,1,0.013784170,411,1
medium_022,Medium,OMP-BranchBoundMRV,8,2,0.020207882,411,1
medium_022,Medium,OMP-BranchBoundMRV,8,3,0.010157824,411,1
medium_022,Medium,OMP-BranchBoundMRV,8,4,0.023340940,411,1
medium_022,Medium,OMP-BranchBoundMRV,8,5,0.010656118,411,1
medium_022,Medium,OMP-BranchBoundMRV,16,1,0.041952133,411,1
medium_022,Medium,OMP-BranchBoundMRV,16,2,0.037348032,411,1
medium_022,Medium,OMP-BranchBoundMRV,16,3,0.016677141,411,1
medium_022,Medium,OMP-BranchBoundMRV,16,4,0.068685770,411,1
medium_022,Medium,OMP-BranchBoundMRV,16,5,0.060579062,411,1
medium_023,Medium,Serial,1,1,0.000610792,1171,1
medium_023,Medium,Serial,1,2,0.000597750,1171,1
medium_023,Medium,Serial,1,3,0.000635334,1171,1
medium_023,Medium,Serial,1,4,0.000597292,1171,1
medium_023,Medium,Serial,1,5,0.000583209,1171,1
medium_023,Medium,Serial-MRV,1,1,0.010343041,656,1
medium_023,Medium,Serial-MRV,1,2,0.010356709,656,1
medium_023,Medium,Serial-MRV,1,3,0.009951958,656,1
medium_023,Medium,Serial-MRV,1,4,0.009783292,656,1
medium_023,Medium,Serial-MRV,1,5,0.009928459,656,1
medium_023,Medium,BranchBound,1,1,0.000524750,1171,1
medium_023,Medium,BranchBound,1,2,0.000494666,1171,1
medium_023,Medium,BranchBound,1,3,0.000494083,1171,1
medium_023,Medium,BranchBound,1,4,0.000494083,1171,1
medium_023,Medium,BranchBound,1,5,0.000497750,1171,1
medium_023,Medium,BranchBoundMRV,1,1,0.012377875,656,1
medium_023,Medium,BranchBoundMRV,1,2,0.012489458,656,1
medium_023,Medium,BranchBoundMRV,1,3,0.012313750,656,1
medium_023,Medium,BranchBoundMRV,1,4,0.012418666,656,1
medium_023,Medium,BranchBoundMRV,1,5,0.012410958,656,1
medium_023,Medium,OpenMP,4,1,0.010586023,1079,1
medium_023,Medium,OpenMP,4,2,0.010378122,1079,1
medium_023,Medium,OpenMP,4,3,0.010411024,1079,1
medium_023,Medium,OpenMP,4,4,0.010368824,1079,1
medium_023,Medium,OpenMP,4,5,0.010524035,1079,1
medium_023,Medium,OpenMP,8,1,0.010418177,1079,1
medium_023,Medium,OpenMP,8,2,0.010699987,1079,1
medium_023,Medium,OpenMP,8,3,0.016289949,1079,1
medium_023,Medium,OpenMP,8,4,0.013820887,1079,1
medium_023,Medium,OpenMP,8,5,0.013395071,1079,1
medium_023,Medium,OpenMP,16,1,0.023881912,950,1
medium_023,Medium,OpenMP,16,2,0.036242008,1079,1
medium_023,Medium,OpenMP,16,3,0.021146059,1079,1
medium_023,Medium,OpenMP,16,4,0.044548988,1079,1
medium_023,Medium,OpenMP,16,5,0.052500963,1079,1
medium_023,Medium,OMP-BranchBoundMRV,4,1,0.013170958,1079,1
medium_023,Medium,OMP-BranchBoundMRV,4,2,0.013078213,1079,1
medium_023,Medium,OMP-BranchBoundMRV,4,3,0.013296127,1079,1
medium_023,Medium,OMP-BranchBoundMRV,4,4,0.013401031,1079,1
medium_023,Medium,OMP-BranchBoundMRV,4,5,0.013348103,1079,1
medium_023,Medium,OMP-BranchBoundMRV,8,1,0.018234015,1079,1
medium_023,Medium,OMP-BranchBoundMRV,8,2,0.024329901,1079,1
medium_023,Medium,OMP-BranchBoundMRV,8,3,0.017601967,1079,1
medium_023,Medium,OMP-BranchBoundMRV,8,4,0.014783859,1079,1
medium_023,Medium,OMP-BranchBoundMRV,8,5,0.023202896,1079,1
medium_023,Medium,OMP-BranchBoundMRV,16,1,0.037011147,1079,1
medium_023,Medium,OMP-BranchBoundMRV,16,2,0.020199060,747,1
medium_023,Medium,OMP-BranchBoundMRV,16,3,0.072722912,1079,1
medium_023,Medium,OMP-BranchBoundMRV,16,4,0.069587946,1079,1
medium_023,Medium,OMP-BranchBoundMRV,16,5,0.030262947,1079,1
medium_024,Medium,Serial,1,1,0.001563917,3231,1
medium_024,Medium,Serial,1,2,0.001625542,3231,1
medium_024,Medium,Serial,1,3,0.001542458,3231,1
medium_024,Medium,Serial,1,4,0.001544417,3231,1
medium_024,Medium,Serial,1,5,0.001544500,3231,1
medium_024,Medium,Serial-MRV,1,1,0.003693333,253,1
medium_024,Medium,Serial-MRV,1,2,0.003720334,253,1
medium_024,Medium,Serial-MRV,1,3,0.003706875,253,1
medium_024,Medium,Serial-MRV,1,4,0.003715292,253,1
medium_024,Medium,Serial-MRV,1,5,0.003765208,253,1
medium_024,Medium,BranchBound,1,1,0.001446833,3231,1
medium_024,Medium,BranchBound,1,2,0.001477083,3231,1
medium_024,Medium,BranchBound,1,3,0.001530541,3231,1
medium_024,Medium,BranchBound,1,4,0.001431083,3231,1
medium_024,Medium,BranchBound,1,5,0.001431000,3231,1
medium_024,Medium,BranchBoundMRV,1,1,0.004839625,253,1
medium_024,Medium,BranchBoundMRV,1,2,0.004688584,253,1
medium_024,Medium,BranchBoundMRV,1,3,0.004763459,253,1
medium_024,Medium,BranchBoundMRV,1,4,0.004767042,253,1
medium_024,Medium,BranchBoundMRV,1,5,0.004740708,253,1
medium_024,Medium,OpenMP,4,1,0.004017115,253,1
medium_024,Medium,OpenMP,4,2,0.004015923,253,1
medium_024,Medium,OpenMP,4,3,0.003983021,253,1
medium_024,Medium,OpenMP,4,4,0.003950119,253,1
medium_024,Medium,OpenMP,4,5,0.003968000,253,1
medium_024,Medium,OpenMP,8,1,0.010540009,253,1
medium_024,Medium,OpenMP,8,2,0.003949881,253,1
medium_024,Medium,OpenMP,8,3,0.004011869,253,1
medium_024,Medium,OpenMP,8,4,0.004005909,253,1
medium_024,Medium,OpenMP,8,5,0.008294106,253,1
medium_024,Medium,OpenMP,16,1,0.022927999,253,1
medium_024,Medium,OpenMP,16,2,0.013701916,253,1
medium_024,Medium,OpenMP,16,3,0.014505863,253,1
medium_024,Medium,OpenMP,16,4,0.003961086,253,1
medium_024,Medium,OpenMP,16,5,0.033246040,253,1
medium_024,Medium,OMP-BranchBoundMRV,4,1,0.005033016,253,1
medium_024,Medium,OMP-BranchBoundMRV,4,2,0.005292177,253,1
medium_024,Medium,OMP-BranchBoundMRV,4,3,0.005381107,253,1
medium_024,Medium,OMP-BranchBoundMRV,4,4,0.005656958,253,1
medium_024,Medium,OMP-BranchBoundMRV,4,5,0.005062819,253,1
medium_024,Medium,OMP-BranchBoundMRV,8,1,0.012063980,253,1
medium_024,Medium,OMP-BranchBoundMRV,8,2,0.012517929,253,1
medium_024,Medium,OMP-BranchBoundMRV,8,3,0.010701895,253,1
medium_024,Medium,OMP-BranchBoundMRV,8,4,0.012453079,253,1
medium_024,Medium,OMP-BranchBoundMRV,8,5,0.009969950,253,1
medium_024,Medium,OMP-BranchBoundMRV,16,1,0.028784990,253,1
medium_024,Medium,OMP-BranchBoundMRV,16,2,0.023792982,253,1
medium_024,Medium,OMP-BranchBoundMRV,16,3,0.047767878,253,1
medium_024,Medium,OMP-BranchBoundMRV,16,4,0.044439077,253,1
medium_024,Medium,OMP-BranchBoundMRV,16,5,0.032029152,253,1
medium_025,Medium,Serial,1,1,0.000561208,1029,1
medium_025,Medium,Serial,1,2,0.000486542,1029,1
medium_025,Medium,Serial,1,3,0.000551542,1029,1
medium_025,Medium,Serial,1,4,0.000506209,1029,1
medium_025,Medium,Serial,1,5,0.000488959,1029,1
medium_025,Medium,Serial-MRV,1,1,0.007946041,459,1
medium_025,Medium,Serial-MRV,1,2,0.008108250,459,1
medium_025,Medium,Serial-MRV,1,3,0.008024792,459,1
medium_025,Medium,Serial-MRV,1,4,0.007831708,459,1
medium_025,Medium,Serial-MRV,1,5,0.007878166,459,1
medium_025,Medium,BranchBound,1,1,0.000434709,1029,1
medium_025,Medium,BranchBound,1,2,0.000428083,1029,1
medium_025,Medium,BranchBound,1,3,0.000431208,1029,1
medium_025,Medium,BranchBound,1,4,0.000470250,1029,1
medium_025,Medium,BranchBound,1,5,0.000455125,1029,1
medium_025,Medium,BranchBoundMRV,1,1,0.010176042,459,1
medium_025,Medium,BranchBoundMRV,1,2,0.009846166,459,1
medium_025,Medium,BranchBoundMRV,1,3,0.009788209,459,1
medium_025,Medium,BranchBoundMRV,1,4,0.009675167,459,1
medium_025,Medium,BranchBoundMRV,1,5,0.009716375,459,1
medium_025,Medium,OpenMP,4,1,0.002335072,433,1
medium_025,Medium,OpenMP,4,2,0.002296925,371,1
medium_025,Medium,OpenMP,4,3,0.002287149,371,1
medium_025,Medium,OpenMP,4,4,0.002295017,372,1
medium_025,Medium,OpenMP,4,5,0.002287865,368,1
medium_025,Medium,OpenMP,8,1,0.002329111,282,1
medium_025,Medium,OpenMP,8,2,0.006456137,517,1
medium_025,Medium,OpenMP,8,3,0.002311945,362,1
medium_025,Medium,OpenMP,8,4,0.006072044,486,1
medium_025,Medium,OpenMP,8,5,0.005314112,461,1
medium_025,Medium,OpenMP,16,1,0.059548855,495,1
medium_025,Medium,OpenMP,16,2,0.023498058,392,1
medium_025,Medium,OpenMP,16,3,0.053689957,517,1
medium_025,Medium,OpenMP,16,4,0.010391951,255,1
medium_025,Medium,OpenMP,16,5,0.031288147,517,1
medium_025,Medium,OMP-BranchBoundMRV,4,1,0.002994061,441,1
medium_025,Medium,OMP-BranchBoundMRV,4,2,0.002969027,441,1
medium_025,Medium,OMP-BranchBoundMRV,4,3,0.002960920,441,1
medium_025,Medium,OMP-BranchBoundMRV,4,4,0.002961874,441,1
medium_025,Medium,OMP-BranchBoundMRV,4,5,0.002972126,441,1
medium_025,Medium,OMP-BranchBoundMRV,8,1,0.002992153,427,1
medium_025,Medium,OMP-BranchBoundMRV,8,2,0.008949995,517,1
medium_025,Medium,OMP-BranchBoundMRV,8,3,0.002990961,443,1
medium_025,Medium,OMP-BranchBoundMRV,8,4,0.005260944,517,1
medium_025,Medium,OMP-BranchBoundMRV,8,5,0.003001928,429,1
medium_025,Medium,OMP-BranchBoundMRV,16,1,0.045863867,354,1
medium_025,Medium,OMP-BranchBoundMRV,16,2,0.054179907,517,1
medium_025,Medium,OMP-BranchBoundMRV,16,3,0.050564051,443,1
medium_025,Medium,OMP-BranchBoundMRV,16,4,0.027727127,442,1
medium_025,Medium,OMP-BranchBoundMRV,16,5,0.040043831,517,1
medium_026,Medium,Serial,1,1,0.001112000,2242,1
medium_026,Medium,Serial,1,2,0.001092792,2242,1
medium_026,Medium,Serial,1,3,0.001218250,2242,1
medium_026,Medium,Serial,1,4,0.001082833,2242,1
medium_026,Medium,Serial,1,5,0.001083375,2242,1
medium_026,Medium,Serial-MRV,1,1,0.005601583,326,1
medium_026,Medium,Serial-MRV,1,2,0.005601875,326,1
medium_026,Medium,Serial-MRV,1,3,0.005527125,326,1
medium_026,Medium,Serial-MRV,1,4,0.005602458,326,1
medium_026,Medium,Serial-MRV,1,5,0.005567875,326,1
medium_026,Medium,BranchBound,1,1,0.000960583,2242,1
medium_026,Medium,BranchBound,1,2,0.001016250,2242,1
medium_026,Medium,BranchBound,1,3,0.000968916,2242,1
medium_026,Medium,BranchBound,1,4,0.000919000,2242,1
medium_026,Medium,BranchBound,1,5,0.000912916,2242,1
medium_026,Medium,BranchBoundMRV,1,1,0.007681375,326,1
medium_026,Medium,BranchBoundMRV,1,2,0.007395791,326,1
medium_026,Medium,BranchBoundMRV,1,3,0.007301000,326,1
medium_026,Medium,BranchBoundMRV,1,4,0.007227875,326,1
medium_026,Medium,BranchBoundMRV,1,5,0.007228334,326,1
medium_026,Medium,OpenMP,4,1,0.002362013,296,1
medium_026,Medium,OpenMP,4,2,0.002346992,291,1
medium_026,Medium,OpenMP,4,3,0.002480030,297,1
medium_026,Medium,OpenMP,4,4,0.002365112,292,1
medium_026,Medium,OpenMP,4,5,0.002357006,292,1
medium_026,Medium,OpenMP,8,1,0.005686045,331,1
medium_026,Medium,OpenMP,8,2,0.003290176,223,1
medium_026,Medium,OpenMP,8,3,0.005751133,299,1
medium_026,Medium,OpenMP,8,4,0.005613089,331,1
medium_026,Medium,OpenMP,8,5,0.002440929,298,1
medium_026,Medium,OpenMP,16,1,0.171023846,296,1
medium_026,Medium,OpenMP,16,2,0.025725842,331,1
medium_026,Medium,OpenMP,16,3,0.027653933,281,1
medium_026,Medium,OpenMP,16,4,0.134274006,331,1
medium_026,Medium,OpenMP,16,5,0.032893896,331,1
medium_026,Medium,OMP-BranchBoundMRV,4,1,0.003338099,304,1
medium_026,Medium,OMP-BranchBoundMRV,4,2,0.003177166,299,1
medium_026,Medium,OMP-BranchBoundMRV,4,3,0.003177166,299,1
medium_026,Medium,OMP-BranchBoundMRV,4,4,0.003175974,299,1
medium_026,Medium,OMP-BranchBoundMRV,4,5,0.003186226,299,1
medium_026,Medium,OMP-BranchBoundMRV,8,1,0.003198147,299,1
medium_026,Medium,OMP-BranchBoundMRV,8,2,0.010987997,331,1
medium_026,Medium,OMP-BranchBoundMRV,8,3,0.006427050,262,1
medium_026,Medium,OMP-BranchBoundMRV,8,4,0.007483959,331,1
medium_026,Medium,OMP-BranchBoundMRV,8,5,0.005110979,331,1
medium_026,Medium,OMP-BranchBoundMRV,16,1,0.052001953,316,1
medium_026,Medium,OMP-BranchBoundMRV,16,2,0.040164948,183,1
medium_026,Medium,OMP-BranchBoundMRV,16,3,0.044100046,297,1
medium_026,Medium,OMP-BranchBoundMRV,16,4,0.037112951,331,1
medium_026,Medium,OMP-BranchBoundMRV,16,5,0.016566038,262,1
medium_027,Medium,Serial,1,1,0.001449959,2902,1
medium_027,Medium,Serial,1,2,0.001387500,2902,1
medium_027,Medium,Serial,1,3,0.001486708,2902,1
medium_027,Medium,Serial,1,4,0.001416417,2902,1
medium_027,Medium,Serial,1,5,0.001354291,2902,1
medium_027,Medium,Serial-MRV,1,1,0.003983375,217,1
medium_027,Medium,Serial-MRV,1,2,0.004104292,217,1
medium_027,Medium,Serial-MRV,1,3,0.004031375,217,1
medium_027,Medium,Serial-MRV,1,4,0.003981084,217,1
medium_027,Medium,Serial-MRV,1,5,0.003957166,217,1
medium_027,Medium,BranchBound,1,1,0.001377292,2902,1
medium_027,Medium,BranchBound,1,2,0.001222000,2902,1
medium_027,Medium,BranchBound,1,3,0.001185208,2902,1
medium_027,Medium,BranchBound,1,4,0.001337250,2902,1
medium_027,Medium,BranchBound,1,5,0.001430709,2902,1
medium_027,Medium,BranchBoundMRV,1,1,0.005152375,217,1
medium_027,Medium,BranchBoundMRV,1,2,0.005316167,217,1
medium_027,Medium,BranchBoundMRV,1,3,0.005207333,217,1
medium_027,Medium,BranchBoundMRV,1,4,0.005206291,217,1
medium_027,Medium,BranchBoundMRV,1,5,0.005165791,217,1
medium_027,Medium,OpenMP,4,1,0.001529932,191,1
medium_027,Medium,OpenMP,4,2,0.001364946,195,1
medium_027,Medium,OpenMP,4,3,0.001414061,216,1
medium_027,Medium,OpenMP,4,4,0.001348972,204,1
medium_027,Medium,OpenMP,4,5,0.001342058,205,1
medium_027,Medium,OpenMP,8,1,0.001512766,176,1
medium_027,Medium,OpenMP,8,2,0.002861977,222,1
medium_027,Medium,OpenMP,8,3,0.001278162,169,1
medium_027,Medium,OpenMP,8,4,0.002849102,222,1
medium_027,Medium,OpenMP,8,5,0.002954006,208,1
medium_027,Medium,OpenMP,16,1,0.033172846,203,1
medium_027,Medium,OpenMP,16,2,0.016474009,209,1
medium_027,Medium,OpenMP,16,3,0.013296127,166,1
medium_027,Medium,OpenMP,16,4,0.031809092,181,1
medium_027,Medium,OpenMP,16,5,0.068143129,222,1
medium_027,Medium,OMP-BranchBoundMRV,4,1,0.002188921,222,1
medium_027,Medium,OMP-BranchBoundMRV,4,2,0.001967907,222,1
medium_027,Medium,OMP-BranchBoundMRV,4,3,0.002171040,222,1
medium_027,Medium,OMP-BranchBoundMRV,4,4,0.001929998,217,1
medium_027,Medium,OMP-BranchBoundMRV,4,5,0.002020121,211,1
medium_027,Medium,OMP-BranchBoundMRV,8,1,0.002074003,200,1
medium_027,Medium,OMP-BranchBoundMRV,8,2,0.002869129,200,1
medium_027,Medium,OMP-BranchBoundMRV,8,3,0.003940105,222,1
medium_027,Medium,OMP-BranchBoundMRV,8,4,0.003605127,222,1
medium_027,Medium,OMP-BranchBoundMRV,8,5,0.002171993,204,1
medium_027,Medium,OMP-BranchBoundMRV,16,1,0.012379885,154,1
medium_027,Medium,OMP-BranchBoundMRV,16,2,0.013325930,222,1
medium_027,Medium,OMP-BranchBoundMRV,16,3,0.028673172,222,1
medium_027,Medium,OMP-BranchBoundMRV,16,4,0.035223961,215,1
medium_027,Medium,OMP-BranchBoundMRV,16,5,0.030633926,164,1
medium_028,Medium,Serial,1,1,0.003231417,6537,1
medium_028,Medium,Serial,1,2,0.003165666,6537,1
medium_028,Medium,Serial,1,3,0.003310542,6537,1
medium_028,Medium,Serial,1,4,0.003204708,6537,1
medium_028,Medium,Serial,1,5,0.003472417,6537,1
medium_028,Medium,Serial-MRV,1,1,0.004302125,296,1
medium_028,Medium,Serial-MRV,1,2,0.004285208,296,1
medium_028,Medium,Serial-MRV,1,3,0.004237667,296,1
medium_028,Medium,Serial-MRV,1,4,0.004265167,296,1
medium_028,Medium,Serial-MRV,1,5,0.004238500,296,1
medium_028,Medium,BranchBound,1,1,0.002750667,6537,1
medium_028,Medium,BranchBound,1,2,0.002736625,6537,1
medium_028,Medium,BranchBound,1,3,0.002736416,6537,1
medium_028,Medium,BranchBound,1,4,0.002876000,6537,1
medium_028,Medium,BranchBound,1,5,0.002757709,6537,1
medium_028,Medium,BranchBoundMRV,1,1,0.005767666,296,1
medium_028,Medium,BranchBoundMRV,1,2,0.005806000,296,1
medium_028,Medium,BranchBoundMRV,1,3,0.005862041,296,1
medium_028,Medium,BranchBoundMRV,1,4,0.005818417,296,1
medium_028,Medium,BranchBoundMRV,1,5,0.005823625,296,1
medium_028,Medium,OpenMP,4,1,0.004604101,442,1
medium_028,Medium,OpenMP,4,2,0.004703045,442,1
medium_028,Medium,OpenMP,4,3,0.004842997,442,1
medium_028,Medium,OpenMP,4,4,0.004825115,442,1
medium_028,Medium,OpenMP,4,5,0.004760981,442,1
medium_028,Medium,OpenMP,8,1,0.007747173,442,1
medium_028,Medium,OpenMP,8,2,0.005450964,442,1
medium_028,Medium,OpenMP,8,3,0.004605055,440,1
medium_028,Medium,OpenMP,8,4,0.005886078,442,1
medium_028,Medium,OpenMP,8,5,0.009258986,442,1
medium_028,Medium,OpenMP,16,1,0.010313988,442,1
medium_028,Medium,OpenMP,16,2,0.007871866,442,1
medium_028,Medium,OpenMP,16,3,0.061855078,442,1
medium_028,Medium,OpenMP,16,4,0.021564960,402,1
medium_028,Medium,OpenMP,16,5,0.040632963,403,1
medium_028,Medium,OMP-BranchBoundMRV,4,1,0.005867004,442,1
medium_028,Medium,OMP-BranchBoundMRV,4,2,0.005872011,442,1
medium_028,Medium,OMP-BranchBoundMRV,4,3,0.006014109,442,1
medium_028,Medium,OMP-BranchBoundMRV,4,4,0.006738186,442,1
medium_028,Medium,OMP-BranchBoundMRV,4,5,0.005928993,442,1
medium_028,Medium,OMP-BranchBoundMRV,8,1,0.006407976,442,1
medium_028,Medium,OMP-BranchBoundMRV,8,2,0.012460947,442,1
medium_028,Medium,OMP-BranchBoundMRV,8,3,0.006831884,441,1
medium_028,Medium,OMP-BranchBoundMRV,8,4,0.008953094,442,1
medium_028,Medium,OMP-BranchBoundMRV,8,5,0.006832123,442,1
medium_028,Medium,OMP-BranchBoundMRV,16,1,0.012564182,442,1
medium_028,Medium,OMP-BranchBoundMRV,16,2,0.033212185,442,1
medium_028,Medium,OMP-BranchBoundMRV,16,3,0.020120144,438,1
medium_028,Medium,OMP-BranchBoundMRV,16,4,0.073893070,442,1
medium_028,Medium,OMP-BranchBoundMRV,16,5,0.033565044,442,1
medium_029,Medium,Serial,1,1,0.006647583,12375,1
medium_029,Medium,Serial,1,2,0.006697708,12375,1
medium_029,Medium,Serial,1,3,0.006725208,12375,1
medium_029,Medium,Serial,1,4,0.006772959,12375,1
medium_029,Medium,Serial,1,5,0.006733625,12375,1
medium_029,Medium,Serial-MRV,1,1,0.008186416,499,1
medium_029,Medium,Serial-MRV,1,2,0.007962750,499,1
medium_029,Medium,Serial-MRV,1,3,0.007984375,499,1
medium_029,Medium,Serial-MRV,1,4,0.007932416,499,1
medium_029,Medium,Serial-MRV,1,5,0.008132792,499,1
medium_029,Medium,BranchBound,1,1,0.005572625,12375,1
medium_029,Medium,BranchBound,1,2,0.005346750,12375,1
medium_029,Medium,BranchBound,1,3,0.005408917,12375,1
medium_029,Medium,BranchBound,1,4,0.005409375,12375,1
medium_029,Medium,BranchBound,1,5,0.005337083,12375,1
medium_029,Medium,BranchBoundMRV,1,1,0.010498250,499,1
medium_029,Medium,BranchBoundMRV,1,2,0.010520542,499,1
medium_029,Medium,BranchBoundMRV,1,3,0.010491792,499,1
medium_029,Medium,BranchBoundMRV,1,4,0.010541167,499,1
medium_029,Medium,BranchBoundMRV,1,5,0.010455709,499,1
medium_029,Medium,OpenMP,4,1,0.001736879,288,1
medium_029,Medium,OpenMP,4,2,0.001693964,287,1
medium_029,Medium,OpenMP,4,3,0.001693964,286,1
medium_029,Medium,OpenMP,4,4,0.001713037,374,1
medium_029,Medium,OpenMP,4,5,0.001677036,378,1
medium_029,Medium,OpenMP,8,1,0.001698971,310,1
medium_029,Medium,OpenMP,8,2,0.001698971,257,1
medium_029,Medium,OpenMP,8,3,0.004071951,582,1
medium_029,Medium,OpenMP,8,4,0.004056931,582,1
medium_029,Medium,OpenMP,8,5,0.001678944,248,1
medium_029,Medium,OpenMP,16,1,0.036841869,307,1
medium_029,Medium,OpenMP,16,2,0.017013073,280,1
medium_029,Medium,OpenMP,16,3,0.018038034,210,1
medium_029,Medium,OpenMP,16,4,0.010333061,245,1
medium_029,Medium,OpenMP,16,5,0.032083988,371,1
medium_029,Medium,OMP-BranchBoundMRV,4,1,0.002213955,367,1
medium_029,Medium,OMP-BranchBoundMRV,4,2,0.002192974,367,1
medium_029,Medium,OMP-BranchBoundMRV,4,3,0.002197027,367,1
medium_029,Medium,OMP-BranchBoundMRV,4,4,0.003300190,369,1
medium_029,Medium,OMP-BranchBoundMRV,4,5,0.005715132,554,1
medium_029,Medium,OMP-BranchBoundMRV,8,1,0.005096912,332,1
medium_029,Medium,OMP-BranchBoundMRV,8,2,0.005441904,396,1
medium_029,Medium,OMP-BranchBoundMRV,8,3,0.002303839,306,1
medium_029,Medium,OMP-BranchBoundMRV,8,4,0.006946087,427,1
medium_029,Medium,OMP-BranchBoundMRV,8,5,0.006065130,582,1
medium_029,Medium,OMP-BranchBoundMRV,16,1,0.005349874,233,1
medium_029,Medium,OMP-BranchBoundMRV,16,2,0.011929989,294,1
medium_029,Medium,OMP-BranchBoundMRV,16,3,0.006275892,251,1
medium_029,Medium,OMP-BranchBoundMRV,16,4,0.013506889,384,1
medium_029,Medium,OMP-BranchBoundMRV,16,5,0.015094042,366,1
medium_030,Medium,Serial,1,1,0.005475583,11561,1
medium_030,Medium,Serial,1,2,0.005308000,11561,1
medium_030,Medium,Serial,1,3,0.005315542,11561,1
medium_030,Medium,Serial,1,4,0.005277500,11561,1
medium_030,Medium,Serial,1,5,0.005278875,11561,1
medium_030,Medium,Serial-MRV,1,1,0.003578083,233,1
medium_030,Medium,Serial-MRV,1,2,0.003587084,233,1
medium_030,Medium,Serial-MRV,1,3,0.003504041,233,1
medium_030,Medium,Serial-MRV,1,4,0.003573458,233,1
medium_030,Medium,Serial-MRV,1,5,0.003550750,233,1
medium_030,Medium,BranchBound,1,1,0.004575041,11561,1
medium_030,Medium,BranchBound,1,2,0.004448417,11561,1
medium_030,Medium,BranchBound,1,3,0.004553000,11561,1
medium_030,Medium,BranchBound,1,4,0.004486834,11561,1
medium_030,Medium,BranchBound,1,5,0.004537583,11561,1
medium_030,Medium,BranchBoundMRV,1,1,0.004455125,233,1
medium_030,Medium,BranchBoundMRV,1,2,0.004527750,233,1
medium_030,Medium,BranchBoundMRV,1,3,0.004491292,233,1
medium_030,Medium,BranchBoundMRV,1,4,0.004441375,233,1
medium_030,Medium,BranchBoundMRV,1,5,0.004433167,233,1
medium_030,Medium,OpenMP,4,1,0.003798008,233,1
medium_030,Medium,OpenMP,4,2,0.003773928,233,1
medium_030,Medium,OpenMP,4,3,0.003766775,233,1
medium_030,Medium,OpenMP,4,4,0.003767014,233,1
medium_030,Medium,OpenMP,4,5,0.003764153,233,1
medium_030,Medium,OpenMP,8,1,0.007265091,233,1
medium_030,Medium,OpenMP,8,2,0.003830194,233,1
medium_030,Medium,OpenMP,8,3,0.007495880,233,1
medium_030,Medium,OpenMP,8,4,0.003955126,233,1
medium_030,Medium,OpenMP,8,5,0.004015923,233,1
medium_030,Medium,OpenMP,16,1,0.013794899,233,1
medium_030,Medium,OpenMP,16,2,0.013731956,233,1
medium_030,Medium,OpenMP,16,3,0.011699915,233,1
medium_030,Medium,OpenMP,16,4,0.012864828,233,1
medium_030,Medium,OpenMP,16,5,0.062358856,233,1
medium_030,Medium,OMP-BranchBoundMRV,4,1,0.004747868,233,1
medium_030,Medium,OMP-BranchBoundMRV,4,2,0.004724026,233,1
medium_030,Medium,OMP-BranchBoundMRV,4,3,0.004769087,233,1
medium_030,Medium,OMP-BranchBoundMRV,4,4,0.004724979,233,1
medium_030,Medium,OMP-BranchBoundMRV,4,5,0.004745007,233,1
medium_030,Medium,OMP-BranchBoundMRV,8,1,0.004743099,233,1
medium_030,Medium,OMP-BranchBoundMRV,8,2,0.004725933,233,1
medium_030,Medium,OMP-BranchBoundMRV,8,3,0.004933119,233,1
medium_030,Medium,OMP-BranchBoundMRV,8,4,0.004750013,233,1
medium_030,Medium,OMP-BranchBoundMRV,8,5,0.004725933,233,1
medium_030,Medium,OMP-BranchBoundMRV,16,1,0.048568010,233,1
medium_030,Medium,OMP-BranchBoundMRV,16,2,0.039365053,233,1
medium_030,Medium,OMP-BranchBoundMRV,16,3,0.013728857,233,1
medium_030,Medium,OMP-BranchBoundMRV,16,4,0.040445089,233,1
medium_030,Medium,OMP-BranchBoundMRV,16,5,0.022041082,233,1
medium_031,Medium,Serial,1,1,0.011745750,26328,1
medium_031,Medium,Serial,1,2,0.011491709,26328,1
medium_031,Medium,Serial,1,3,0.011513250,26328,1
medium_031,Medium,Serial,1,4,0.011440250,26328,1
medium_031,Medium,Serial,1,5,0.011523084,26328,1
medium_031,Medium,Serial-MRV,1,1,0.006194833,355,1
medium_031,Medium,Serial-MRV,1,2,0.006202792,355,1
medium_031,Medium,Serial-MRV,1,3,0.006244125,355,1
medium_031,Medium,Serial-MRV,1,4,0.006274958,355,1
medium_031,Medium,Serial-MRV,1,5,0.006205333,355,1
medium_031,Medium,BranchBound,1,1,0.010308542,26328,1
medium_031,Medium,BranchBound,1,2,0.010281167,26328,1
medium_031,Medium,BranchBound,1,3,0.010323417,26328,1
medium_031,Medium,BranchBound,1,4,0.010400750,26328,1
medium_031,Medium,BranchBound,1,5,0.010252917,26328,1
medium_031,Medium,BranchBoundMRV,1,1,0.009072542,355,1
medium_031,Medium,BranchBoundMRV,1,2,0.009073083,355,1
medium_031,Medium,BranchBoundMRV,1,3,0.009097917,355,1
medium_031,Medium,BranchBoundMRV,1,4,0.009058625,355,1
medium_031,Medium,BranchBoundMRV,1,5,0.009003292,355,1
medium_031,Medium,OpenMP,4,1,0.003050089,324,1
medium_031,Medium,OpenMP,4,2,0.002988100,320,1
medium_031,Medium,OpenMP,4,3,0.003030062,319,1
medium_031,Medium,OpenMP,4,4,0.002990007,322,1
medium_031,Medium,OpenMP,4,5,0.002990007,322,1
medium_031,Medium,OpenMP,8,1,0.003021955,240,1
medium_031,Medium,OpenMP,8,2,0.003087997,241,1
medium_031,Medium,OpenMP,8,3,0.003066063,239,1
medium_031,Medium,OpenMP,8,4,0.003145933,241,1
medium_031,Medium,OpenMP,8,5,0.002986908,322,1
medium_031,Medium,OpenMP,16,1,0.019840956,322,1
medium_031,Medium,OpenMP,16,2,0.031023979,338,1
medium_031,Medium,OpenMP,16,3,0.008456945,355,1
medium_031,Medium,OpenMP,16,4,0.019806862,322,1
medium_031,Medium,OpenMP,16,5,0.044965982,355,1
medium_031,Medium,OMP-BranchBoundMRV,4,1,0.004501104,326,1
medium_031,Medium,OMP-BranchBoundMRV,4,2,0.004425049,311,1
medium_031,Medium,OMP-BranchBoundMRV,4,3,0.004459858,318,1
medium_031,Medium,OMP-BranchBoundMRV,4,4,0.004477978,322,1
medium_031,Medium,OMP-BranchBoundMRV,4,5,0.004670143,314,1
medium_031,Medium,OMP-BranchBoundMRV,8,1,0.004472971,319,1
medium_031,Medium,OMP-BranchBoundMRV,8,2,0.005574942,301,1
medium_031,Medium,OMP-BranchBoundMRV,8,3,0.006206036,253,1
medium_031,Medium,OMP-BranchBoundMRV,8,4,0.005973101,297,1
medium_031,Medium,OMP-BranchBoundMRV,8,5,0.004436970,258,1
medium_031,Medium,OMP-BranchBoundMRV,16,1,0.029605150,355,1
medium_031,Medium,OMP-BranchBoundMRV,16,2,0.099004030,304,1
medium_031,Medium,OMP-BranchBoundMRV,16,3,0.021994114,181,1
medium_031,Medium,OMP-BranchBoundMRV,16,4,0.019428015,239,1
medium_031,Medium,OMP-BranchBoundMRV,16,5,0.020298958,297,1
medium_032,Medium,Serial,1,1,0.000442541,828,1
medium_032,Medium,Serial,1,2,0.000386917,828,1
medium_032,Medium,Serial,1,3,0.000387084,828,1
medium_032,Medium,Serial,1,4,0.000386667,828,1
medium_032,Medium,Serial,1,5,0.000390292,828,1
medium_032,Medium,Serial-MRV,1,1,0.005573375,312,1
medium_032,Medium,Serial-MRV,1,2,0.005530375,312,1
medium_032,Medium,Serial-MRV,1,3,0.005464167,312,1
medium_032,Medium,Serial-MRV,1,4,0.005484417,312,1
medium_032,Medium,Serial-MRV,1,5,0.005451916,312,1
medium_032,Medium,BranchBound,1,1,0.000371708,828,1
medium_032,Medium,BranchBound,1,2,0.000344166,828,1
medium_032,Medium,BranchBound,1,3,0.000403583,828,1
medium_032,Medium,BranchBound,1,4,0.000425333,828,1
medium_032,Medium,BranchBound,1,5,0.000343625,828,1
medium_032,Medium,BranchBoundMRV,1,1,0.006863250,312,1
medium_032,Medium,BranchBoundMRV,1,2,0.006830459,312,1
medium_032,Medium,BranchBoundMRV,1,3,0.006953792,312,1
medium_032,Medium,BranchBoundMRV,1,4,0.006570875,312,1
medium_032,Medium,BranchBoundMRV,1,5,0.006613625,312,1
medium_032,Medium,OpenMP,4,1,0.000795126,120,1
medium_032,Medium,OpenMP,4,2,0.000766993,120,1
medium_032,Medium,OpenMP,4,3,0.000764847,120,1
medium_032,Medium,OpenMP,4,4,0.000764847,125,1
medium_032,Medium,OpenMP,4,5,0.000766039,120,1
medium_032,Medium,OpenMP,8,1,0.001786947,289,1
medium_032,Medium,OpenMP,8,2,0.000815868,139,1
medium_032,Medium,OpenMP,8,3,0.000875950,138,1
medium_032,Medium,OpenMP,8,4,0.000838995,136,1
medium_032,Medium,OpenMP,8,5,0.001851082,297,1
medium_032,Medium,OpenMP,16,1,0.003790855,100,1
medium_032,Medium,OpenMP,16,2,0.084506989,157,1
medium_032,Medium,OpenMP,16,3,0.044710875,160,1
medium_032,Medium,OpenMP,16,4,0.028166056,360,1
medium_032,Medium,OpenMP,16,5,0.011920929,135,1
medium_032,Medium,OMP-BranchBoundMRV,4,1,0.001044989,150,1
medium_032,Medium,OMP-BranchBoundMRV,4,2,0.001014948,150,1
medium_032,Medium,OMP-BranchBoundMRV,4,3,0.001142979,150,1
medium_032,Medium,OMP-BranchBoundMRV,4,4,0.001083851,151,1
medium_032,Medium,OMP-BranchBoundMRV,4,5,0.001023054,151,1
medium_032,Medium,OMP-BranchBoundMRV,8,1,0.001127958,144,1
medium_032,Medium,OMP-BranchBoundMRV,8,2,0.001157045,143,1
medium_032,Medium,OMP-BranchBoundMRV,8,3,0.001121998,145,1
medium_032,Medium,OMP-BranchBoundMRV,8,4,0.001138926,161,1
medium_032,Medium,OMP-BranchBoundMRV,8,5,0.001101971,151,1
medium_032,Medium,OMP-BranchBoundMRV,16,1,0.011498928,80,1
medium_032,Medium,OMP-BranchBoundMRV,16,2,0.008513927,233,1
medium_032,Medium,OMP-BranchBoundMRV,16,3,0.010461092,142,1
medium_032,Medium,OMP-BranchBoundMRV,16,4,0.013699055,188,1
medium_032,Medium,OMP-BranchBoundMRV,16,5,0.035700083,133,1
medium_033,Medium,Serial,1,1,0.056316500,111998,1
medium_033,Medium,Serial,1,2,0.055928166,111998,1
medium_033,Medium,Serial,1,3,0.058665792,111998,1
medium_033,Medium,Serial,1,4,0.058361375,111998,1
medium_033,Medium,Serial,1,5,0.056524833,111998,1
medium_033,Medium,Serial-MRV,1,1,0.013252416,882,1
medium_033,Medium,Serial-MRV,1,2,0.013228167,882,1
medium_033,Medium,Serial-MRV,1,3,0.013235917,882,1
medium_033,Medium,Serial-MRV,1,4,0.013180959,882,1
medium_033,Medium,Serial-MRV,1,5,0.013125292,882,1
medium_033,Medium,BranchBound,1,1,0.047911833,111998,1
medium_033,Medium,BranchBound,1,2,0.048049583,111998,1
medium_033,Medium,BranchBound,1,3,0.048538500,111998,1
medium_033,Medium,BranchBound,1,4,0.050306625,111998,1
medium_033,Medium,BranchBound,1,5,0.049795667,111998,1
medium_033,Medium,BranchBoundMRV,1,1,0.017961541,882,1
medium_033,Medium,BranchBoundMRV,1,2,0.017994042,882,1
medium_033,Medium,BranchBoundMRV,1,3,0.017850459,882,1
medium_033,Medium,BranchBoundMRV,1,4,0.017723958,882,1
medium_033,Medium,BranchBoundMRV,1,5,0.017870167,882,1
medium_033,Medium,OpenMP,4,1,0.007380962,893,1
medium_033,Medium,OpenMP,4,2,0.007035971,893,1
medium_033,Medium,OpenMP,4,3,0.007267952,893,1
medium_033,Medium,OpenMP,4,4,0.007119179,893,1
medium_033,Medium,OpenMP,4,5,0.007018089,893,1
medium_033,Medium,OpenMP,8,1,0.017391205,893,1
medium_033,Medium,OpenMP,8,2,0.013162136,893,1
medium_033,Medium,OpenMP,8,3,0.008462191,725,1
medium_033,Medium,OpenMP,8,4,0.007874012,893,1
medium_033,Medium,OpenMP,8,5,0.007073879,893,1
medium_033,Medium,OpenMP,16,1,0.082255840,893,1
medium_033,Medium,OpenMP,16,2,0.037675858,888,1
medium_033,Medium,OpenMP,16,3,0.010828018,695,1
medium_033,Medium,OpenMP,16,4,0.026481867,757,1
medium_033,Medium,OpenMP,16,5,0.030684948,893,1
medium_033,Medium,OMP-BranchBoundMRV,4,1,0.009324074,893,1
medium_033,Medium,OMP-BranchBoundMRV,4,2,0.009715796,893,1
medium_033,Medium,OMP-BranchBoundMRV,4,3,0.009361982,893,1
medium_033,Medium,OMP-BranchBoundMRV,4,4,0.009727001,893,1
medium_033,Medium,OMP-BranchBoundMRV,4,5,0.009713888,893,1
medium_033,Medium,OMP-BranchBoundMRV,8,1,0.015723944,893,1
medium_033,Medium,OMP-BranchBoundMRV,8,2,0.009339094,662,1
medium_033,Medium,OMP-BranchBoundMRV,8,3,0.009520054,647,1
medium_033,Medium,OMP-BranchBoundMRV,8,4,0.009341002,893,1
medium_033,Medium,OMP-BranchBoundMRV,8,5,0.023292065,893,1
medium_033,Medium,OMP-BranchBoundMRV,16,1,0.064912796,893,1
medium_033,Medium,OMP-BranchBoundMRV,16,2,0.044299126,893,1
medium_033,Medium,OMP-BranchBoundMRV,16,3,0.022818089,749,1
medium_033,Medium,OMP-BranchBoundMRV,16,4,0.021523952,816,1
medium_033,Medium,OMP-BranchBoundMRV,16,5,0.019226789,607,1
medium_034,Medium,Serial,1,1,0.005982084,11496,1
medium_034,Medium,Serial,1,2,0.005841125,11496,1
medium_034,Medium,Serial,1,3,0.005776792,11496,1
medium_034,Medium,Serial,1,4,0.005636375,11496,1
medium_034,Medium,Serial,1,5,0.005613250,11496,1
medium_034,Medium,Serial-MRV,1,1,0.006119667,380,1
medium_034,Medium,Serial-MRV,1,2,0.006039417,380,1
medium_034,Medium,Serial-MRV,1,3,0.006083666,380,1
medium_034,Medium,Serial-MRV,1,4,0.005949833,380,1
medium_034,Medium,Serial-MRV,1,5,0.005960875,380,1
medium_034,Medium,BranchBound,1,1,0.004844542,11496,1
medium_034,Medium,BranchBound,1,2,0.004916042,11496,1
medium_034,Medium,BranchBound,1,3,0.004833125,11496,1
medium_034,Medium,BranchBound,1,4,0.004840250,11496,1
medium_034,Medium,BranchBound,1,5,0.004855125,11496,1
medium_034,Medium,BranchBoundMRV,1,1,0.008534875,380,1
medium_034,Medium,BranchBoundMRV,1,2,0.008490958,380,1
medium_034,Medium,BranchBoundMRV,1,3,0.008458042,380,1
medium_034,Medium,BranchBoundMRV,1,4,0.008452083,380,1
medium_034,Medium,BranchBoundMRV,1,5,0.008437875,380,1
medium_034,Medium,OpenMP,4,1,0.002161980,271,1
medium_034,Medium,OpenMP,4,2,0.002146006,270,1
medium_034,Medium,OpenMP,4,3,0.002196074,274,1
medium_034,Medium,OpenMP,4,4,0.002157927,268,1
medium_034,Medium,OpenMP,4,5,0.002146959,271,1
medium_034,Medium,OpenMP,8,1,0.003391981,274,1
medium_034,Medium,OpenMP,8,2,0.005619049,380,1
medium_034,Medium,OpenMP,8,3,0.007777929,380,1
medium_034,Medium,OpenMP,8,4,0.002161980,271,1
medium_034,Medium,OpenMP,8,5,0.008386135,271,1
medium_034,Medium,OpenMP,16,1,0.030907869,380,1
medium_034,Medium,OpenMP,16,2,0.032932997,260,1
medium_034,Medium,OpenMP,16,3,0.017435074,246,1
medium_034,Medium,OpenMP,16,4,0.010253906,316,1
medium_034,Medium,OpenMP,16,5,0.013664961,380,1
medium_034,Medium,OMP-BranchBoundMRV,4,1,0.003309011,264,1
medium_034,Medium,OMP-BranchBoundMRV,4,2,0.003174782,260,1
medium_034,Medium,OMP-BranchBoundMRV,4,3,0.003042936,267,1
medium_034,Medium,OMP-BranchBoundMRV,4,4,0.003139019,266,1
medium_034,Medium,OMP-BranchBoundMRV,4,5,0.003175974,270,1
medium_034,Medium,OMP-BranchBoundMRV,8,1,0.003617048,291,1
medium_034,Medium,OMP-BranchBoundMRV,8,2,0.003112078,191,1
medium_034,Medium,OMP-BranchBoundMRV,8,3,0.005164862,238,1
medium_034,Medium,OMP-BranchBoundMRV,8,4,0.003360033,247,1
medium_034,Medium,OMP-BranchBoundMRV,8,5,0.006948948,380,1
medium_034,Medium,OMP-BranchBoundMRV,16,1,0.008646965,265,1
medium_034,Medium,OMP-BranchBoundMRV,16,2,0.020989895,266,1
medium_034,Medium,OMP-BranchBoundMRV,16,3,0.040503025,166,1
medium_034,Medium,OMP-BranchBoundMRV,16,4,0.024826050,380,1
medium_034,Medium,OMP-BranchBoundMRV,16,5,0.034191847,380,1
medium_035,Medium,Serial,1,1,0.000376584,516,1
medium_035,Medium,Serial,1,2,0.000269458,516,1
medium_035,Medium,Serial,1,3,0.000256875,516,1
medium_035,Medium,Serial,1,4,0.000252708,516,1
medium_035,Medium,Serial,1,5,0.000252583,516,1
medium_035,Medium,Serial-MRV,1,1,0.003419125,211,1
medium_035,Medium,Serial-MRV,1,2,0.003464583,211,1
medium_035,Medium,Serial-MRV,1,3,0.003534541,211,1
medium_035,Medium,Serial-MRV,1,4,0.003445500,211,1
medium_035,Medium,Serial-MRV,1,5,0.003434000,211,1
medium_035,Medium,BranchBound,1,1,0.000213292,516,1
medium_035,Medium,BranchBound,1,2,0.000208250,516,1
medium_035,Medium,BranchBound,1,3,0.000207541,516,1
medium_035,Medium,BranchBound,1,4,0.000207375,516,1
medium_035,Medium,BranchBound,1,5,0.000207125,516,1
medium_035,Medium,BranchBoundMRV,1,1,0.004191459,211,1
medium_035,Medium,BranchBoundMRV,1,2,0.004244083,211,1
medium_035,Medium,BranchBoundMRV,1,3,0.004188750,211,1
medium_035,Medium,BranchBoundMRV,1,4,0.004198667,211,1
medium_035,Medium,BranchBoundMRV,1,5,0.004513375,211,1
medium_035,Medium,OpenMP,4,1,0.004120111,442,1
medium_035,Medium,OpenMP,4,2,0.004034996,442,1
medium_035,Medium,OpenMP,4,3,0.003728867,442,1
medium_035,Medium,OpenMP,4,4,0.003748894,442,1
medium_035,Medium,OpenMP,4,5,0.003841877,442,1
medium_035,Medium,OpenMP,8,1,0.011172056,442,1
medium_035,Medium,OpenMP,8,2,0.009870052,442,1
medium_035,Medium,OpenMP,8,3,0.005780220,414,1
medium_035,Medium,OpenMP,8,4,0.004292011,442,1
medium_035,Medium,OpenMP,8,5,0.004287958,420,1
medium_035,Medium,OpenMP,16,1,0.029269218,392,1
medium_035,Medium,OpenMP,16,2,0.016588926,442,1
medium_035,Medium,OpenMP,16,3,0.016813993,442,1
medium_035,Medium,OpenMP,16,4,0.022242069,406,1
medium_035,Medium,OpenMP,16,5,0.020123005,392,1
medium_035,Medium,OMP-BranchBoundMRV,4,1,0.004456997,442,1
medium_035,Medium,OMP-BranchBoundMRV,4,2,0.004448891,442,1
medium_035,Medium,OMP-BranchBoundMRV,4,3,0.004435062,442,1
medium_035,Medium,OMP-BranchBoundMRV,4,4,0.004477978,442,1
medium_035,Medium,OMP-BranchBoundMRV,4,5,0.004431009,442,1
medium_035,Medium,OMP-BranchBoundMRV,8,1,0.004744053,442,1
medium_035,Medium,OMP-BranchBoundMRV,8,2,0.004479170,389,1
medium_035,Medium,OMP-BranchBoundMRV,8,3,0.004475117,442,1
medium_035,Medium,OMP-BranchBoundMRV,8,4,0.010354996,442,1
medium_035,Medium,OMP-BranchBoundMRV,8,5,0.004555941,397,1
medium_035,Medium,OMP-BranchBoundMRV,16,1,0.017901182,405,1
medium_035,Medium,OMP-BranchBoundMRV,16,2,0.013868093,442,1
medium_035,Medium,OMP-BranchBoundMRV,16,3,0.021686077,442,1
medium_035,Medium,OMP-BranchBoundMRV,16,4,0.012102842,442,1
medium_035,Medium,OMP-BranchBoundMRV,16,5,0.008222103,442,1
medium_036,Medium,Serial,1,1,0.092481583,179668,1
medium_036,Medium,Serial,1,2,0.092612000,179668,1
medium_036,Medium,Serial,1,3,0.093609791,179668,1
medium_036,Medium,Serial,1,4,0.089787250,179668,1
medium_036,Medium,Serial,1,5,0.089676958,179668,1
medium_036,Medium,Serial-MRV,1,1,0.003788292,211,1
medium_036,Medium,Serial-MRV,1,2,0.003818583,211,1
medium_036,Medium,Serial-MRV,1,3,0.003841250,211,1
medium_036,Medium,Serial-MRV,1,4,0.003740584,211,1
medium_036,Medium,Serial-MRV,1,5,0.003746375,211,1
medium_036,Medium,BranchBound,1,1,0.082531708,179668,1
medium_036,Medium,BranchBound,1,2,0.082153542,179668,1
medium_036,Medium,BranchBound,1,3,0.085710875,179668,1
medium_036,Medium,BranchBound,1,4,0.083273417,179668,1
medium_036,Medium,BranchBound,1,5,0.082292125,179668,1
medium_036,Medium,BranchBoundMRV,1,1,0.005259125,211,1
medium_036,Medium,BranchBoundMRV,1,2,0.005194125,211,1
medium_036,Medium,BranchBoundMRV,1,3,0.005227209,211,1
medium_036,Medium,BranchBoundMRV,1,4,0.005255208,211,1
medium_036,Medium,BranchBoundMRV,1,5,0.005216250,211,1
medium_036,Medium,OpenMP,4,1,0.001837015,278,1
medium_036,Medium,OpenMP,4,2,0.001822948,274,1
medium_036,Medium,OpenMP,4,3,0.001813889,278,1
medium_036,Medium,OpenMP,4,4,0.001817942,278,1
medium_036,Medium,OpenMP,4,5,0.001799107,278,1
medium_036,Medium,OpenMP,8,1,0.001883030,213,1
medium_036,Medium,OpenMP,8,2,0.001850128,221,1
medium_036,Medium,OpenMP,8,3,0.003463030,276,1
medium_036,Medium,OpenMP,8,4,0.002086163,278,1
medium_036,Medium,OpenMP,8,5,0.004206181,299,1
medium_036,Medium,OpenMP,16,1,0.015808821,220,1
medium_036,Medium,OpenMP,16,2,0.018599033,299,1
medium_036,Medium,OpenMP,16,3,0.017853975,255,1
medium_036,Medium,OpenMP,16,4,0.019426823,299,1
medium_036,Medium,OpenMP,16,5,0.020375967,232,1
medium_036,Medium,OMP-BranchBoundMRV,4,1,0.002548933,279,1
medium_036,Medium,OMP-BranchBoundMRV,4,2,0.002543926,279,1
medium_036,Medium,OMP-BranchBoundMRV,4,3,0.002552986,279,1
medium_036,Medium,OMP-BranchBoundMRV,4,4,0.002541065,279,1
medium_036,Medium,OMP-BranchBoundMRV,4,5,0.002547979,279,1
medium_036,Medium,OMP-BranchBoundMRV,8,1,0.005743027,299,1
medium_036,Medium,OMP-BranchBoundMRV,8,2,0.002623796,222,1
medium_036,Medium,OMP-BranchBoundMRV,8,3,0.002574921,275,1
medium_036,Medium,OMP-BranchBoundMRV,8,4,0.002582788,218,1
medium_036,Medium,OMP-BranchBoundMRV,8,5,0.005831003,278,1
medium_036,Medium,OMP-BranchBoundMRV,16,1,0.064457893,299,1
medium_036,Medium,OMP-BranchBoundMRV,16,2,0.018003941,275,1
medium_036,Medium,OMP-BranchBoundMRV,16,3,0.022516966,239,1
medium_036,Medium,OMP-BranchBoundMRV,16,4,0.036273003,299,1
medium_036,Medium,OMP-BranchBoundMRV,16,5,0.017538071,222,1
medium_037,Medium,Serial,1,1,0.012224167,25258,1
medium_037,Medium,Serial,1,2,0.012253125,25258,1
medium_037,Medium,Serial,1,3,0.012149000,25258,1
medium_037,Medium,Serial,1,4,0.012163667,25258,1
medium_037,Medium,Serial,1,5,0.012168167,25258,1
medium_037,Medium,Serial-MRV,1,1,0.004534625,242,1
medium_037,Medium,Serial-MRV,1,2,0.004448000,242,1
medium_037,Medium,Serial-MRV,1,3,0.004579958,242,1
medium_037,Medium,Serial-MRV,1,4,0.004460458,242,1
medium_037,Medium,Serial-MRV,1,5,0.004469417,242,1
medium_037,Medium,BranchBound,1,1,0.010776000,25258,1
medium_037,Medium,BranchBound,1,2,0.010690417,25258,1
medium_037,Medium,BranchBound,1,3,0.010761125,25258,1
medium_037,Medium,BranchBound,1,4,0.010660917,25258,1
medium_037,Medium,BranchBound,1,5,0.010700833,25258,1
medium_037,Medium,BranchBoundMRV,1,1,0.005532583,242,1
medium_037,Medium,BranchBoundMRV,1,2,0.005545208,242,1
medium_037,Medium,BranchBoundMRV,1,3,0.005521375,242,1
medium_037,Medium,BranchBoundMRV,1,4,0.005542291,242,1
medium_037,Medium,BranchBoundMRV,1,5,0.005620792,242,1
medium_037,Medium,OpenMP,4,1,0.004760981,242,1
medium_037,Medium,OpenMP,4,2,0.004800797,242,1
medium_037,Medium,OpenMP,4,3,0.004768848,242,1
medium_037,Medium,OpenMP,4,4,0.004874945,242,1
medium_037,Medium,OpenMP,4,5,0.004727840,242,1
medium_037,Medium,OpenMP,8,1,0.004913092,242,1
medium_037,Medium,OpenMP,8,2,0.004762888,242,1
medium_037,Medium,OpenMP,8,3,0.004732847,242,1
medium_037,Medium,OpenMP,8,4,0.004740000,242,1
medium_037,Medium,OpenMP,8,5,0.011525154,242,1
medium_037,Medium,OpenMP,16,1,0.025481939,242,1
medium_037,Medium,OpenMP,16,2,0.018572092,242,1
medium_037,Medium,OpenMP,16,3,0.011615992,242,1
medium_037,Medium,OpenMP,16,4,0.016618013,242,1
medium_037,Medium,OpenMP,16,5,0.141201973,242,1
medium_037,Medium,OMP-BranchBoundMRV,4,1,0.005970001,242,1
medium_037,Medium,OMP-BranchBoundMRV,4,2,0.005946159,242,1
medium_037,Medium,OMP-BranchBoundMRV,4,3,0.006493092,242,1
medium_037,Medium,OMP-BranchBoundMRV,4,4,0.005985975,242,1
medium_037,Medium,OMP-BranchBoundMRV,4,5,0.006035089,242,1
medium_037,Medium,OMP-BranchBoundMRV,8,1,0.018051147,242,1
medium_037,Medium,OMP-BranchBoundMRV,8,2,0.005982161,242,1
medium_037,Medium,OMP-BranchBoundMRV,8,3,0.005871058,242,1
medium_037,Medium,OMP-BranchBoundMRV,8,4,0.005879164,242,1
medium_037,Medium,OMP-BranchBoundMRV,8,5,0.014833927,242,1
medium_037,Medium,OMP-BranchBoundMRV,16,1,0.101381063,242,1
medium_037,Medium,OMP-BranchBoundMRV,16,2,0.020592213,242,1
medium_037,Medium,OMP-BranchBoundMRV,16,3,0.036331177,242,1
medium_037,Medium,OMP-BranchBoundMRV,16,4,0.030381203,242,1
medium_037,Medium,OMP-BranchBoundMRV,16,5,0.026189089,242,1
medium_038,Medium,Serial,1,1,0.000513916,961,1
medium_038,Medium,Serial,1,2,0.000454166,961,1
medium_038,Medium,Serial,1,3,0.000474042,961,1
medium_038,Medium,Serial,1,4,0.000470250,961,1
medium_038,Medium,Serial,1,5,0.000452959,961,1
medium_038,Medium,Serial-MRV,1,1,0.012887542,790,1
medium_038,Medium,Serial-MRV,1,2,0.012415208,790,1
medium_038,Medium,Serial-MRV,1,3,0.012417125,790,1
medium_038,Medium,Serial-MRV,1,4,0.012455417,790,1
medium_038,Medium,Serial-MRV,1,5,0.012542959,790,1
medium_038,Medium,BranchBound,1,1,0.000407583,961,1
medium_038,Medium,BranchBound,1,2,0.000405000,961,1
medium_038,Medium,BranchBound,1,3,0.000401083,961,1
medium_038,Medium,BranchBound,1,4,0.000403750,961,1
medium_038,Medium,BranchBound,1,5,0.000400500,961,1
medium_038,Medium,BranchBoundMRV,1,1,0.016060042,790,1
medium_038,Medium,BranchBoundMRV,1,2,0.015968375,790,1
medium_038,Medium,BranchBoundMRV,1,3,0.016101292,790,1
medium_038,Medium,BranchBoundMRV,1,4,0.016066792,790,1
medium_038,Medium,BranchBoundMRV,1,5,0.016019875,790,1
medium_038,Medium,OpenMP,4,1,0.001746178,280,1
medium_038,Medium,OpenMP,4,2,0.001729965,279,1
medium_038,Medium,OpenMP,4,3,0.001755953,381,1
medium_038,Medium,OpenMP,4,4,0.001724005,280,1
medium_038,Medium,OpenMP,4,5,0.001724958,280,1
medium_038,Medium,OpenMP,8,1,0.004115105,540,1
medium_038,Medium,OpenMP,8,2,0.002420902,215,1
medium_038,Medium,OpenMP,8,3,0.001735926,331,1
medium_038,Medium,OpenMP,8,4,0.003985882,532,1
medium_038,Medium,OpenMP,8,5,0.001776934,279,1
medium_038,Medium,OpenMP,16,1,0.018681049,273,1
medium_038,Medium,OpenMP,16,2,0.068321943,275,1
medium_038,Medium,OpenMP,16,3,0.016040802,337,1
medium_038,Medium,OpenMP,16,4,0.035207987,300,1
medium_038,Medium,OpenMP,16,5,0.054668903,444,1
medium_038,Medium,OMP-BranchBoundMRV,4,1,0.002374172,298,1
medium_038,Medium,OMP-BranchBoundMRV,4,2,0.002382040,387,1
medium_038,Medium,OMP-BranchBoundMRV,4,3,0.002357960,387,1
medium_038,Medium,OMP-BranchBoundMRV,4,4,0.002402067,392,1
medium_038,Medium,OMP-BranchBoundMRV,4,5,0.002372026,389,1
medium_038,Medium,OMP-BranchBoundMRV,8,1,0.005678892,596,1
medium_038,Medium,OMP-BranchBoundMRV,8,2,0.002393007,206,1
medium_038,Medium,OMP-BranchBoundMRV,8,3,0.005840063,643,1
medium_038,Medium,OMP-BranchBoundMRV,8,4,0.005465031,545,1
medium_038,Medium,OMP-BranchBoundMRV,8,5,0.005536795,555,1
medium_038,Medium,OMP-BranchBoundMRV,16,1,0.021476984,572,1
medium_038,Medium,OMP-BranchBoundMRV,16,2,0.051090956,219,1
medium_038,Medium,OMP-BranchBoundMRV,16,3,0.031571865,728,1
medium_038,Medium,OMP-BranchBoundMRV,16,4,0.043416023,564,1
medium_038,Medium,OMP-BranchBoundMRV,16,5,0.036093950,276,1
medium_039,Medium,Serial,1,1,0.001589917,3314,1
medium_039,Medium,Serial,1,2,0.001683042,3314,1
medium_039,Medium,Serial,1,3,0.001669166,3314,1
medium_039,Medium,Serial,1,4,0.001570459,3314,1
medium_039,Medium,Serial,1,5,0.001682958,3314,1
medium_039,Medium,Serial-MRV,1,1,0.006947375,345,1
medium_039,Medium,Serial-MRV,1,2,0.007144000,345,1
medium_039,Medium,Serial-MRV,1,3,0.006869167,345,1
medium_039,Medium,Serial-MRV,1,4,0.007035500,345,1
medium_039,Medium,Serial-MRV,1,5,0.007077750,345,1
medium_039,Medium,BranchBound,1,1,0.001410292,3314,1
medium_039,Medium,BranchBound,1,2,0.001342417,3314,1
medium_039,Medium,BranchBound,1,3,0.001484125,3314,1
medium_039,Medium,BranchBound,1,4,0.001419583,3314,1
medium_039,Medium,BranchBound,1,5,0.001339292,3314,1
medium_039,Medium,BranchBoundMRV,1,1,0.008971083,345,1
medium_039,Medium,BranchBoundMRV,1,2,0.008699250,345,1
medium_039,Medium,BranchBoundMRV,1,3,0.008946250,345,1
medium_039,Medium,BranchBoundMRV,1,4,0.008753250,345,1
medium_039,Medium,BranchBoundMRV,1,5,0.008412541,345,1
medium_039,Medium,OpenMP,4,1,0.001917124,276,1
medium_039,Medium,OpenMP,4,2,0.001899958,276,1
medium_039,Medium,OpenMP,4,3,0.001896858,276,1
medium_039,Medium,OpenMP,4,4,0.001883984,275,1
medium_039,Medium,OpenMP,4,5,0.001948118,277,1
medium_039,Medium,OpenMP,8,1,0.004600048,345,1
medium_039,Medium,OpenMP,8,2,0.005805016,266,1
medium_039,Medium,OpenMP,8,3,0.003881931,299,1
medium_039,Medium,OpenMP,8,4,0.001962185,196,1
medium_039,Medium,OpenMP,8,5,0.006304979,172,1
medium_039,Medium,OpenMP,16,1,0.127073050,241,1
medium_039,Medium,OpenMP,16,2,0.019070148,345,1
medium_039,Medium,OpenMP,16,3,0.030413866,345,1
medium_039,Medium,OpenMP,16,4,0.017204046,249,1
medium_039,Medium,OpenMP,16,5,0.013633966,345,1
medium_039,Medium,OMP-BranchBoundMRV,4,1,0.002482891,295,1
medium_039,Medium,OMP-BranchBoundMRV,4,2,0.002522945,295,1
medium_039,Medium,OMP-BranchBoundMRV,4,3,0.002461910,298,1
medium_039,Medium,OMP-BranchBoundMRV,4,4,0.002496958,301,1
medium_039,Medium,OMP-BranchBoundMRV,4,5,0.002464056,298,1
medium_039,Medium,OMP-BranchBoundMRV,8,1,0.002614021,248,1
medium_039,Medium,OMP-BranchBoundMRV,8,2,0.005963802,319,1
medium_039,Medium,OMP-BranchBoundMRV,8,3,0.005923986,321,1
medium_039,Medium,OMP-BranchBoundMRV,8,4,0.005913019,324,1
medium_039,Medium,OMP-BranchBoundMRV,8,5,0.006290913,345,1
medium_039,Medium,OMP-BranchBoundMRV,16,1,0.013797045,246,1
medium_039,Medium,OMP-BranchBoundMRV,16,2,0.016591787,189,1
medium_039,Medium,OMP-BranchBoundMRV,16,3,0.016778946,196,1
medium_039,Medium,OMP-BranchBoundMRV,16,4,0.012956142,247,1
medium_039,Medium,OMP-BranchBoundMRV,16,5,0.030235052,345,1
medium_040,Medium,Serial,1,1,0.029953792,60491,1
medium_040,Medium,Serial,1,2,0.030158875,60491,1
medium_040,Medium,Serial,1,3,0.030862084,60491,1
medium_040,Medium,Serial,1,4,0.031427000,60491,1
medium_040,Medium,Serial,1,5,0.031345875,60491,1
medium_040,Medium,Serial-MRV,1,1,0.003429167,216,1
medium_040,Medium,Serial-MRV,1,2,0.003463625,216,1
medium_040,Medium,Serial-MRV,1,3,0.003497542,216,1
medium_040,Medium,Serial-MRV,1,4,0.003378125,216,1
medium_040,Medium,Serial-MRV,1,5,0.003359125,216,1
medium_040,Medium,BranchBound,1,1,0.026525334,60491,1
medium_040,Medium,BranchBound,1,2,0.025600375,60491,1
medium_040,Medium,BranchBound,1,3,0.025697750,60491,1
medium_040,Medium,BranchBound,1,4,0.025692000,60491,1
medium_040,Medium,BranchBound,1,5,0.025553625,60491,1
medium_040,Medium,BranchBoundMRV,1,1,0.004465291,216,1
medium_040,Medium,BranchBoundMRV,1,2,0.004400000,216,1
medium_040,Medium,BranchBoundMRV,1,3,0.004430583,216,1
medium_040,Medium,BranchBoundMRV,1,4,0.004386125,216,1
medium_040,Medium,BranchBoundMRV,1,5,0.004376334,216,1
medium_040,Medium,OpenMP,4,1,0.003550053,216,1
medium_040,Medium,OpenMP,4,2,0.003523827,216,1
medium_040,Medium,OpenMP,4,3,0.003515959,216,1
medium_040,Medium,OpenMP,4,4,0.003520012,216,1
medium_040,Medium,OpenMP,4,5,0.003515959,216,1
medium_040,Medium,OpenMP,8,1,0.003535986,216,1
medium_040,Medium,OpenMP,8,2,0.003509998,216,1
medium_040,Medium,OpenMP,8,3,0.003526926,216,1
medium_040,Medium,OpenMP,8,4,0.003526926,216,1
medium_040,Medium,OpenMP,8,5,0.003588915,216,1
medium_040,Medium,OpenMP,16,1,0.015691996,216,1
medium_040,Medium,OpenMP,16,2,0.040200949,216,1
medium_040,Medium,OpenMP,16,3,0.007831812,216,1
medium_040,Medium,OpenMP,16,4,0.008970976,216,1
medium_040,Medium,OpenMP,16,5,0.039125919,216,1
medium_040,Medium,OMP-BranchBoundMRV,4,1,0.005123138,216,1
medium_040,Medium,OMP-BranchBoundMRV,4,2,0.004654169,216,1
medium_040,Medium,OMP-BranchBoundMRV,4,3,0.004658937,216,1
medium_040,Medium,OMP-BranchBoundMRV,4,4,0.004663944,216,1
medium_040,Medium,OMP-BranchBoundMRV,4,5,0.004899979,216,1
medium_040,Medium,OMP-BranchBoundMRV,8,1,0.004717112,216,1
medium_040,Medium,OMP-BranchBoundMRV,8,2,0.004661083,216,1
medium_040,Medium,OMP-BranchBoundMRV,8,3,0.008434772,216,1
medium_040,Medium,OMP-BranchBoundMRV,8,4,0.004662991,216,1
medium_040,Medium,OMP-BranchBoundMRV,8,5,0.004662037,216,1
medium_040,Medium,OMP-BranchBoundMRV,16,1,0.057933092,216,1
medium_040,Medium,OMP-BranchBoundMRV,16,2,0.023445845,216,1
medium_040,Medium,OMP-BranchBoundMRV,16,3,0.024994850,216,1
medium_040,Medium,OMP-BranchBoundMRV,16,4,0.024787903,216,1
medium_040,Medium,OMP-BranchBoundMRV,16,5,0.021332979,216,1
medium_041,Medium,Serial,1,1,0.013217333,22214,1
medium_041,Medium,Serial,1,2,0.013012125,22214,1
medium_041,Medium,Serial,1,3,0.013243167,22214,1
medium_041,Medium,Serial,1,4,0.013065459,22214,1
medium_041,Medium,Serial,1,5,0.013149041,22214,1
medium_041,Medium,Serial-MRV,1,1,0.003716125,209,1
medium_041,Medium,Serial-MRV,1,2,0.003683375,209,1
medium_041,Medium,Serial-MRV,1,3,0.003700708,209,1
medium_041,Medium,Serial-MRV,1,4,0.003729208,209,1
medium_041,Medium,Serial-MRV,1,5,0.003712917,209,1
medium_041,Medium,BranchBound,1,1,0.010855708,22214,1
medium_041,Medium,BranchBound,1,2,0.010713917,22214,1
medium_041,Medium,BranchBound,1,3,0.010497209,22214,1
medium_041,Medium,BranchBound,1,4,0.010418125,22214,1
medium_041,Medium,BranchBound,1,5,0.010441000,22214,1
medium_041,Medium,BranchBoundMRV,1,1,0.004624416,209,1
medium_041,Medium,BranchBoundMRV,1,2,0.004631334,209,1
medium_041,Medium,BranchBoundMRV,1,3,0.004627917,209,1
medium_041,Medium,BranchBoundMRV,1,4,0.004621917,209,1
medium_041,Medium,BranchBoundMRV,1,5,0.004643833,209,1
medium_041,Medium,OpenMP,4,1,0.001275063,148,1
medium_041,Medium,OpenMP,4,2,0.001234055,146,1
medium_041,Medium,OpenMP,4,3,0.001236916,144,1
medium_041,Medium,OpenMP,4,4,0.001228094,147,1
medium_041,Medium,OpenMP,4,5,0.001227140,147,1
medium_041,Medium,OpenMP,8,1,0.001271963,148,1
medium_041,Medium,OpenMP,8,2,0.001250982,143,1
medium_041,Medium,OpenMP,8,3,0.001241922,144,1
medium_041,Medium,OpenMP,8,4,0.001358986,100,1
medium_041,Medium,OpenMP,8,5,0.001241922,144,1
medium_041,Medium,OpenMP,16,1,0.021198988,100,1
medium_041,Medium,OpenMP,16,2,0.020342112,100,1
medium_041,Medium,OpenMP,16,3,0.067744970,112,1
medium_041,Medium,OpenMP,16,4,0.031655073,209,1
medium_041,Medium,OpenMP,16,5,0.004437923,73,1
medium_041,Medium,OMP-BranchBoundMRV,4,1,0.001636982,142,1
medium_041,Medium,OMP-BranchBoundMRV,4,2,0.001636982,142,1
medium_041,Medium,OMP-BranchBoundMRV,4,3,0.001687050,146,1
medium_041,Medium,OMP-BranchBoundMRV,4,4,0.001821995,148,1
medium_041,Medium,OMP-BranchBoundMRV,4,5,0.001636028,140,1
medium_041,Medium,OMP-BranchBoundMRV,8,1,0.004595041,196,1
medium_041,Medium,OMP-BranchBoundMRV,8,2,0.003937960,142,1
medium_041,Medium,OMP-BranchBoundMRV,8,3,0.003190994,199,1
medium_041,Medium,OMP-BranchBoundMRV,8,4,0.004855871,209,1
medium_041,Medium,OMP-BranchBoundMRV,8,5,0.003690004,209,1
medium_041,Medium,OMP-BranchBoundMRV,16,1,0.035991907,100,1
medium_041,Medium,OMP-BranchBoundMRV,16,2,0.118731976,87,1
medium_041,Medium,OMP-BranchBoundMRV,16,3,0.030890942,98,1
medium_041,Medium,OMP-BranchBoundMRV,16,4,0.024657965,209,1
medium_041,Medium,OMP-BranchBoundMRV,16,5,0.016814947,209,1
medium_042,Medium,Serial,1,1,0.000946166,1841,1
medium_042,Medium,Serial,1,2,0.000905584,1841,1
medium_042,Medium,Serial,1,3,0.000922834,1841,1
medium_042,Medium,Serial,1,4,0.001000334,1841,1
medium_042,Medium,Serial,1,5,0.000933292,1841,1
medium_042,Medium,Serial-MRV,1,1,0.004734666,288,1
medium_042,Medium,Serial-MRV,1,2,0.004692458,288,1
medium_042,Medium,Serial-MRV,1,3,0.004793833,288,1
medium_042,Medium,Serial-MRV,1,4,0.004761208,288,1
medium_042,Medium,Serial-MRV,1,5,0.004725375,288,1
medium_042,Medium,BranchBound,1,1,0.000821917,1841,1
medium_042,Medium,BranchBound,1,2,0.000766416,1841,1
medium_042,Medium,BranchBound,1,3,0.000778792,1841,1
medium_042,Medium,BranchBound,1,4,0.000884416,1841,1
medium_042,Medium,BranchBound,1,5,0.000766041,1841,1
medium_042,Medium,BranchBoundMRV,1,1,0.006192000,288,1
medium_042,Medium,BranchBoundMRV,1,2,0.006331833,288,1
medium_042,Medium,BranchBoundMRV,1,3,0.006173875,288,1
medium_042,Medium,BranchBoundMRV,1,4,0.005919125,288,1
medium_042,Medium,BranchBoundMRV,1,5,0.005925833,288,1
medium_042,Medium,OpenMP,4,1,0.004853964,458,1
medium_042,Medium,OpenMP,4,2,0.004827023,458,1
medium_042,Medium,OpenMP,4,3,0.004859924,458,1
medium_042,Medium,OpenMP,4,4,0.004814863,458,1
medium_042,Medium,OpenMP,4,5,0.004827976,458,1
medium_042,Medium,OpenMP,8,1,0.007627964,458,1
medium_042,Medium,OpenMP,8,2,0.004843235,387,1
medium_042,Medium,OpenMP,8,3,0.004930973,458,1
medium_042,Medium,OpenMP,8,4,0.005013943,458,1
medium_042,Medium,OpenMP,8,5,0.004938126,394,1
medium_042,Medium,OpenMP,16,1,0.103768110,458,1
medium_042,Medium,OpenMP,16,2,0.034764051,350,1
medium_042,Medium,OpenMP,16,3,0.022087097,371,1
medium_042,Medium,OpenMP,16,4,0.017499208,458,1
medium_042,Medium,OpenMP,16,5,0.034050941,458,1
medium_042,Medium,OMP-BranchBoundMRV,4,1,0.006227016,458,1
medium_042,Medium,OMP-BranchBoundMRV,4,2,0.006212950,458,1
medium_042,Medium,OMP-BranchBoundMRV,4,3,0.006209135,458,1
medium_042,Medium,OMP-BranchBoundMRV,4,4,0.006210089,458,1
medium_042,Medium,OMP-BranchBoundMRV,4,5,0.006215096,458,1
medium_042,Medium,OMP-BranchBoundMRV,8,1,0.013369083,458,1
medium_042,Medium,OMP-BranchBoundMRV,8,2,0.010671854,458,1
medium_042,Medium,OMP-BranchBoundMRV,8,3,0.006211042,458,1
medium_042,Medium,OMP-BranchBoundMRV,8,4,0.014805794,458,1
medium_042,Medium,OMP-BranchBoundMRV,8,5,0.006211996,458,1
medium_042,Medium,OMP-BranchBoundMRV,16,1,0.032169104,458,1
medium_042,Medium,OMP-BranchBoundMRV,16,2,0.047852993,458,1
medium_042,Medium,OMP-BranchBoundMRV,16,3,0.035382032,458,1
medium_042,Medium,OMP-BranchBoundMRV,16,4,0.066372156,458,1
medium_042,Medium,OMP-BranchBoundMRV,16,5,0.066478014,458,1
medium_043,Medium,Serial,1,1,0.007529125,14373,1
medium_043,Medium,Serial,1,2,0.007267208,14373,1
medium_043,Medium,Serial,1,3,0.007294500,14373,1
medium_043,Medium,Serial,1,4,0.007247125,14373,1
medium_043,Medium,Serial,1,5,0.007213625,14373,1
medium_043,Medium,Serial-MRV,1,1,0.007786750,481,1
medium_043,Medium,Serial-MRV,1,2,0.007901666,481,1
medium_043,Medium,Serial-MRV,1,3,0.007807541,481,1
medium_043,Medium,Serial-MRV,1,4,0.007835458,481,1
medium_043,Medium,Serial-MRV,1,5,0.007788041,481,1
medium_043,Medium,BranchBound,1,1,0.006110709,14373,1
medium_043,Medium,BranchBound,1,2,0.005920041,14373,1
medium_043,Medium,BranchBound,1,3,0.005914500,14373,1
medium_043,Medium,BranchBound,1,4,0.005998667,14373,1
medium_043,Medium,BranchBound,1,5,0.005931209,14373,1
medium_043,Medium,BranchBoundMRV,1,1,0.010084750,481,1
medium_043,Medium,BranchBoundMRV,1,2,0.010108709,481,1
medium_043,Medium,BranchBoundMRV,1,3,0.010067583,481,1
medium_043,Medium,BranchBoundMRV,1,4,0.010132708,481,1
medium_043,Medium,BranchBoundMRV,1,5,0.010050500,481,1
medium_043,Medium,OpenMP,4,1,0.001764059,369,1
medium_043,Medium,OpenMP,4,2,0.001722097,365,1
medium_043,Medium,OpenMP,4,3,0.001717091,365,1
medium_043,Medium,OpenMP,4,4,0.001718044,361,1
medium_043,Medium,OpenMP,4,5,0.001714945,366,1
medium_043,Medium,OpenMP,8,1,0.005084991,456,1
medium_043,Medium,OpenMP,8,2,0.002813101,520,1
medium_043,Medium,OpenMP,8,3,0.001254082,213,1
medium_043,Medium,OpenMP,8,4,0.001240969,251,1
medium_043,Medium,OpenMP,8,5,0.001270056,291,1
medium_043,Medium,OpenMP,16,1,0.008144855,604,1
medium_043,Medium,OpenMP,16,2,0.028278828,249,1
medium_043,Medium,OpenMP,16,3,0.031544924,518,1
medium_043,Medium,OpenMP,16,4,0.048008919,416,1
medium_043,Medium,OpenMP,16,5,0.025592089,185,1
medium_043,Medium,OMP-BranchBoundMRV,4,1,0.001780987,262,1
medium_043,Medium,OMP-BranchBoundMRV,4,2,0.001916885,272,1
medium_043,Medium,OMP-BranchBoundMRV,4,3,0.001734972,260,1
medium_043,Medium,OMP-BranchBoundMRV,4,4,0.002002001,300,1
medium_043,Medium,OMP-BranchBoundMRV,4,5,0.001708031,252,1
medium_043,Medium,OMP-BranchBoundMRV,8,1,0.002873182,335,1
medium_043,Medium,OMP-BranchBoundMRV,8,2,0.003831148,527,1
medium_043,Medium,OMP-BranchBoundMRV,8,3,0.005800962,197,1
medium_043,Medium,OMP-BranchBoundMRV,8,4,0.006600142,266,1
medium_043,Medium,OMP-BranchBoundMRV,8,5,0.004006147,467,1
medium_043,Medium,OMP-BranchBoundMRV,16,1,0.055782080,235,1
medium_043,Medium,OMP-BranchBoundMRV,16,2,0.033723831,224,1
medium_043,Medium,OMP-BranchBoundMRV,16,3,0.039452076,204,1
medium_043,Medium,OMP-BranchBoundMRV,16,4,0.035068035,615,1
medium_043,Medium,OMP-BranchBoundMRV,16,5,0.024056911,257,1
medium_044,Medium,Serial,1,1,0.000632708,1325,1
medium_044,Medium,Serial,1,2,0.000625125,1325,1
medium_044,Medium,Serial,1,3,0.000632875,1325,1
medium_044,Medium,Serial,1,4,0.000620083,1325,1
medium_044,Medium,Serial,1,5,0.000652041,1325,1
medium_044,Medium,Serial-MRV,1,1,0.007278250,389,1
medium_044,Medium,Serial-MRV,1,2,0.007332166,389,1
medium_044,Medium,Serial-MRV,1,3,0.007204625,389,1
medium_044,Medium,Serial-MRV,1,4,0.007233584,389,1
medium_044,Medium,Serial-MRV,1,5,0.007137750,389,1
medium_044,Medium,BranchBound,1,1,0.000635083,1325,1
medium_044,Medium,BranchBound,1,2,0.000543958,1325,1
medium_044,Medium,BranchBound,1,3,0.000563250,1325,1
medium_044,Medium,BranchBound,1,4,0.000581166,1325,1
medium_044,Medium,BranchBound,1,5,0.000549750,1325,1
medium_044,Medium,BranchBoundMRV,1,1,0.009631959,389,1
medium_044,Medium,BranchBoundMRV,1,2,0.009823208,389,1
medium_044,Medium,BranchBoundMRV,1,3,0.009721625,389,1
medium_044,Medium,BranchBoundMRV,1,4,0.009640583,389,1
medium_044,Medium,BranchBoundMRV,1,5,0.009378292,389,1
medium_044,Medium,OpenMP,4,1,0.002884865,352,1
medium_044,Medium,OpenMP,4,2,0.002974033,349,1
medium_044,Medium,OpenMP,4,3,0.002886057,351,1
medium_044,Medium,OpenMP,4,4,0.002856016,350,1
medium_044,Medium,OpenMP,4,5,0.002851009,351,1
medium_044,Medium,OpenMP,8,1,0.005184889,322,1
medium_044,Medium,OpenMP,8,2,0.005173922,325,1
medium_044,Medium,OpenMP,8,3,0.007113934,324,1
medium_044,Medium,OpenMP,8,4,0.006532907,394,1
medium_044,Medium,OpenMP,8,5,0.013152838,394,1
medium_044,Medium,OpenMP,16,1,0.023509026,394,1
medium_044,Medium,OpenMP,16,2,0.015202045,278,1
medium_044,Medium,OpenMP,16,3,0.022042036,394,1
medium_044,Medium,OpenMP,16,4,0.022480965,344,1
medium_044,Medium,OpenMP,16,5,0.047838926,349,1
medium_044,Medium,OMP-BranchBoundMRV,4,1,0.004057884,359,1
medium_044,Medium,OMP-BranchBoundMRV,4,2,0.004011869,355,1
medium_044,Medium,OMP-BranchBoundMRV,4,3,0.004245043,370,1
medium_044,Medium,OMP-BranchBoundMRV,4,4,0.003893137,355,1
medium_044,Medium,OMP-BranchBoundMRV,4,5,0.004187107,363,1
medium_044,Medium,OMP-BranchBoundMRV,8,1,0.005378962,338,1
medium_044,Medium,OMP-BranchBoundMRV,8,2,0.003906965,278,1
medium_044,Medium,OMP-BranchBoundMRV,8,3,0.004238129,373,1
medium_044,Medium,OMP-BranchBoundMRV,8,4,0.004646063,391,1
medium_044,Medium,OMP-BranchBoundMRV,8,5,0.006690979,394,1
medium_044,Medium,OMP-BranchBoundMRV,16,1,0.064728022,352,1
medium_044,Medium,OMP-BranchBoundMRV,16,2,0.044449091,275,1
medium_044,Medium,OMP-BranchBoundMRV,16,3,0.048328876,394,1
medium_044,Medium,OMP-BranchBoundMRV,16,4,0.021849871,271,1
medium_044,Medium,OMP-BranchBoundMRV,16,5,0.031307936,394,1
medium_045,Medium,Serial,1,1,0.004643667,9510,1
medium_045,Medium,Serial,1,2,0.004722666,9510,1
medium_045,Medium,Serial,1,3,0.004642917,9510,1
medium_045,Medium,Serial,1,4,0.005336667,9510,1
medium_045,Medium,Serial,1,5,0.004807166,9510,1
medium_045,Medium,Serial-MRV,1,1,0.004402125,274,1
medium_045,Medium,Serial-MRV,1,2,0.004720125,274,1
medium_045,Medium,Serial-MRV,1,3,0.004610750,274,1
medium_045,Medium,Serial-MRV,1,4,0.004427833,274,1
medium_045,Medium,Serial-MRV,1,5,0.004459667,274,1
medium_045,Medium,BranchBound,1,1,0.004511875,9510,1
medium_045,Medium,BranchBound,1,2,0.004351167,9510,1
medium_045,Medium,BranchBound,1,3,0.004345875,9510,1
medium_045,Medium,BranchBound,1,4,0.004208959,9510,1
medium_045,Medium,BranchBound,1,5,0.004385042,9510,1
medium_045,Medium,BranchBoundMRV,1,1,0.006100542,274,1
medium_045,Medium,BranchBoundMRV,1,2,0.006237500,274,1
medium_045,Medium,BranchBoundMRV,1,3,0.006134291,274,1
medium_045,Medium,BranchBoundMRV,1,4,0.005976292,274,1
medium_045,Medium,BranchBoundMRV,1,5,0.006033375,274,1
medium_045,Medium,OpenMP,4,1,0.002306938,274,1
medium_045,Medium,OpenMP,4,2,0.002289057,274,1
medium_045,Medium,OpenMP,4,3,0.002288103,274,1
medium_045,Medium,OpenMP,4,4,0.002285004,274,1
medium_045,Medium,OpenMP,4,5,0.002281904,274,1
medium_045,Medium,OpenMP,8,1,0.002418041,237,1
medium_045,Medium,OpenMP,8,2,0.005568981,274,1
medium_045,Medium,OpenMP,8,3,0.005383968,274,1
medium_045,Medium,OpenMP,8,4,0.002422810,235,1
medium_045,Medium,OpenMP,8,5,0.005414963,274,1
medium_045,Medium,OpenMP,16,1,0.054409981,238,1
medium_045,Medium,OpenMP,16,2,0.030214071,274,1
medium_045,Medium,OpenMP,16,3,0.022163868,274,1
medium_045,Medium,OpenMP,16,4,0.059718132,182,1
medium_045,Medium,OpenMP,16,5,0.029183865,274,1
medium_045,Medium,OMP-BranchBoundMRV,4,1,0.003397942,274,1
medium_045,Medium,OMP-BranchBoundMRV,4,2,0.003347158,274,1
medium_045,Medium,OMP-BranchBoundMRV,4,3,0.003360987,274,1
medium_045,Medium,OMP-BranchBoundMRV,4,4,0.003335953,274,1
medium_045,Medium,OMP-BranchBoundMRV,4,5,0.003359795,274,1
medium_045,Medium,OMP-BranchBoundMRV,8,1,0.003519058,237,1
medium_045,Medium,OMP-BranchBoundMRV,8,2,0.008771181,274,1
medium_045,Medium,OMP-BranchBoundMRV,8,3,0.003560066,274,1
medium_045,Medium,OMP-BranchBoundMRV,8,4,0.003458977,238,1
medium_045,Medium,OMP-BranchBoundMRV,8,5,0.011041164,274,1
medium_045,Medium,OMP-BranchBoundMRV,16,1,0.064463854,274,1
medium_045,Medium,OMP-BranchBoundMRV,16,2,0.020532131,274,1
medium_045,Medium,OMP-BranchBoundMRV,16,3,0.027292967,274,1
medium_045,Medium,OMP-BranchBoundMRV,16,4,0.031524897,197,1
medium_045,Medium,OMP-BranchBoundMRV,16,5,0.036669016,274,1
medium_046,Medium,Serial,1,1,0.000204917,424,1
medium_046,Medium,Serial,1,2,0.000185750,424,1
medium_046,Medium,Serial,1,3,0.000185166,424,1
medium_046,Medium,Serial,1,4,0.000184959,424,1
medium_046,Medium,Serial,1,5,0.000188250,424,1
medium_046,Medium,Serial-MRV,1,1,0.006140667,475,1
medium_046,Medium,Serial-MRV,1,2,0.006413458,475,1
medium_046,Medium,Serial-MRV,1,3,0.006134000,475,1
medium_046,Medium,Serial-MRV,1,4,0.006248625,475,1
medium_046,Medium,Serial-MRV,1,5,0.006244292,475,1
medium_046,Medium,BranchBound,1,1,0.000184750,424,1
medium_046,Medium,BranchBound,1,2,0.000164083,424,1
medium_046,Medium,BranchBound,1,3,0.000167083,424,1
medium_046,Medium,BranchBound,1,4,0.000196750,424,1
medium_046,Medium,BranchBound,1,5,0.000180959,424,1
medium_046,Medium,BranchBoundMRV,1,1,0.008686583,475,1
medium_046,Medium,BranchBoundMRV,1,2,0.008658333,475,1
medium_046,Medium,BranchBoundMRV,1,3,0.008572209,475,1
medium_046,Medium,BranchBoundMRV,1,4,0.008482250,475,1
medium_046,Medium,BranchBoundMRV,1,5,0.008619666,475,1
medium_046,Medium,OpenMP,4,1,0.006284952,475,1
medium_046,Medium,OpenMP,4,2,0.006221056,475,1
medium_046,Medium,OpenMP,4,3,0.006180048,475,1
medium_046,Medium,OpenMP,4,4,0.006244183,475,1
medium_046,Medium,OpenMP,4,5,0.006263018,475,1
medium_046,Medium,OpenMP,8,1,0.009408951,475,1
medium_046,Medium,OpenMP,8,2,0.007520199,475,1
medium_046,Medium,OpenMP,8,3,0.006195068,475,1
medium_046,Medium,OpenMP,8,4,0.011349916,475,1
medium_046,Medium,OpenMP,8,5,0.015100002,475,1
medium_046,Medium,OpenMP,16,1,0.060621023,475,1
medium_046,Medium,OpenMP,16,2,0.062606812,475,1
medium_046,Medium,OpenMP,16,3,0.029952049,475,1
medium_046,Medium,OpenMP,16,4,0.008054972,475,1
medium_046,Medium,OpenMP,16,5,0.027657986,475,1
medium_046,Medium,OMP-BranchBoundMRV,4,1,0.008662939,475,1
medium_046,Medium,OMP-BranchBoundMRV,4,2,0.008723021,475,1
medium_046,Medium,OMP-BranchBoundMRV,4,3,0.008579016,475,1
medium_046,Medium,OMP-BranchBoundMRV,4,4,0.008607149,475,1
medium_046,Medium,OMP-BranchBoundMRV,4,5,0.008595943,475,1
medium_046,Medium,OMP-BranchBoundMRV,8,1,0.016072989,475,1
medium_046,Medium,OMP-BranchBoundMRV,8,2,0.008567095,475,1
medium_046,Medium,OMP-BranchBoundMRV,8,3,0.008589029,475,1
medium_046,Medium,OMP-BranchBoundMRV,8,4,0.008562088,475,1
medium_046,Medium,OMP-BranchBoundMRV,8,5,0.008645773,475,1
medium_046,Medium,OMP-BranchBoundMRV,16,1,0.171901941,475,1
medium_046,Medium,OMP-BranchBoundMRV,16,2,0.028040171,475,1
medium_046,Medium,OMP-BranchBoundMRV,16,3,0.046111107,475,1
medium_046,Medium,OMP-BranchBoundMRV,16,4,0.024524927,475,1
medium_046,Medium,OMP-BranchBoundMRV,16,5,0.080091953,475,1
medium_047,Medium,Serial,1,1,0.025377542,52849,1
medium_047,Medium,Serial,1,2,0.025121709,52849,1
medium_047,Medium,Serial,1,3,0.025013833,52849,1
medium_047,Medium,Serial,1,4,0.025043750,52849,1
medium_047,Medium,Serial,1,5,0.025905417,52849,1
medium_047,Medium,Serial-MRV,1,1,0.004393166,228,1
medium_047,Medium,Serial-MRV,1,2,0.004366584,228,1
medium_047,Medium,Serial-MRV,1,3,0.004994875,228,1
medium_047,Medium,Serial-MRV,1,4,0.004330042,228,1
medium_047,Medium,Serial-MRV,1,5,0.004438042,228,1
medium_047,Medium,BranchBound,1,1,0.022597584,52849,1
medium_047,Medium,BranchBound,1,2,0.022194042,52849,1
medium_047,Medium,BranchBound,1,3,0.022789458,52849,1
medium_047,Medium,BranchBound,1,4,0.023105375,52849,1
medium_047,Medium,BranchBound,1,5,0.022876667,52849,1
medium_047,Medium,BranchBoundMRV,1,1,0.006125000,228,1
medium_047,Medium,BranchBoundMRV,1,2,0.006270333,228,1
medium_047,Medium,BranchBoundMRV,1,3,0.006171583,228,1
medium_047,Medium,BranchBoundMRV,1,4,0.006254708,228,1
medium_047,Medium,BranchBoundMRV,1,5,0.006123042,228,1
medium_047,Medium,OpenMP,4,1,0.001000166,174,1
medium_047,Medium,OpenMP,4,2,0.000901937,136,1
medium_047,Medium,OpenMP,4,3,0.000833035,132,1
medium_047,Medium,OpenMP,4,4,0.000829935,133,1
medium_047,Medium,OpenMP,4,5,0.001044035,172,1
medium_047,Medium,OpenMP,8,1,0.001065969,170,1
medium_047,Medium,OpenMP,8,2,0.002255917,210,1
medium_047,Medium,OpenMP,8,3,0.001598120,224,1
medium_047,Medium,OpenMP,8,4,0.001224995,203,1
medium_047,Medium,OpenMP,8,5,0.001878977,233,1
medium_047,Medium,OpenMP,16,1,0.007339001,230,1
medium_047,Medium,OpenMP,16,2,0.006038904,162,1
medium_047,Medium,OpenMP,16,3,0.021890879,197,1
medium_047,Medium,OpenMP,16,4,0.067761898,235,1
medium_047,Medium,OpenMP,16,5,0.046279907,229,1
medium_047,Medium,OMP-BranchBoundMRV,4,1,0.001541853,190,1
medium_047,Medium,OMP-BranchBoundMRV,4,2,0.001335859,175,1
medium_047,Medium,OMP-BranchBoundMRV,4,3,0.001333952,175,1
medium_047,Medium,OMP-BranchBoundMRV,4,4,0.001336813,175,1
medium_047,Medium,OMP-BranchBoundMRV,4,5,0.001333952,175,1
medium_047,Medium,OMP-BranchBoundMRV,8,1,0.004589081,135,1
medium_047,Medium,OMP-BranchBoundMRV,8,2,0.004097939,103,1
medium_047,Medium,OMP-BranchBoundMRV,8,3,0.003104925,230,1
medium_047,Medium,OMP-BranchBoundMRV,8,4,0.001181841,134,1
medium_047,Medium,OMP-BranchBoundMRV,8,5,0.004837036,235,1
medium_047,Medium,OMP-BranchBoundMRV,16,1,0.020265102,161,1
medium_047,Medium,OMP-BranchBoundMRV,16,2,0.012362957,222,1
medium_047,Medium,OMP-BranchBoundMRV,16,3,0.010229826,162,1
medium_047,Medium,OMP-BranchBoundMRV,16,4,0.006301165,105,1
medium_047,Medium,OMP-BranchBoundMRV,16,5,0.005993128,151,1
medium_048,Medium,Serial,1,1,0.005755750,11918,1
medium_048,Medium,Serial,1,2,0.005650958,11918,1
medium_048,Medium,Serial,1,3,0.005938417,11918,1
medium_048,Medium,Serial,1,4,0.005822500,11918,1
medium_048,Medium,Serial,1,5,0.005685000,11918,1
medium_048,Medium,Serial-MRV,1,1,0.003309584,204,1
medium_048,Medium,Serial-MRV,1,2,0.003326875,204,1
medium_048,Medium,Serial-MRV,1,3,0.003162167,204,1
medium_048,Medium,Serial-MRV,1,4,0.003131083,204,1
medium_048,Medium,Serial-MRV,1,5,0.003198959,204,1
medium_048,Medium,BranchBound,1,1,0.004509000,11918,1
medium_048,Medium,BranchBound,1,2,0.004512833,11918,1
medium_048,Medium,BranchBound,1,3,0.004470500,11918,1
medium_048,Medium,BranchBound,1,4,0.004539167,11918,1
medium_048,Medium,BranchBound,1,5,0.004598000,11918,1
medium_048,Medium,BranchBoundMRV,1,1,0.004044125,204,1
medium_048,Medium,BranchBoundMRV,1,2,0.003993792,204,1
medium_048,Medium,BranchBoundMRV,1,3,0.003982667,204,1
medium_048,Medium,BranchBoundMRV,1,4,0.004033125,204,1
medium_048,Medium,BranchBoundMRV,1,5,0.004082250,204,1
medium_048,Medium,OpenMP,4,1,0.003369093,204,1
medium_048,Medium,OpenMP,4,2,0.003329992,204,1
medium_048,Medium,OpenMP,4,3,0.003333092,204,1
medium_048,Medium,OpenMP,4,4,0.003360987,204,1
medium_048,Medium,OpenMP,4,5,0.003340006,204,1
medium_048,Medium,OpenMP,8,1,0.003345013,204,1
medium_048,Medium,OpenMP,8,2,0.003369093,204,1
medium_048,Medium,OpenMP,8,3,0.003329992,204,1
medium_048,Medium,OpenMP,8,4,0.003338099,204,1
medium_048,Medium,OpenMP,8,5,0.003353119,204,1
medium_048,Medium,OpenMP,16,1,0.085433960,204,1
medium_048,Medium,OpenMP,16,2,0.087256193,204,1
medium_048,Medium,OpenMP,16,3,0.039597034,204,1
medium_048,Medium,OpenMP,16,4,0.012655973,204,1
medium_048,Medium,OpenMP,16,5,0.023066998,204,1
medium_048,Medium,OMP-BranchBoundMRV,4,1,0.004240036,204,1
medium_048,Medium,OMP-BranchBoundMRV,4,2,0.004232168,204,1
medium_048,Medium,OMP-BranchBoundMRV,4,3,0.004232883,204,1
medium_048,Medium,OMP-BranchBoundMRV,4,4,0.004250050,204,1
medium_048,Medium,OMP-BranchBoundMRV,4,5,0.004233122,204,1
medium_048,Medium,OMP-BranchBoundMRV,8,1,0.004244089,204,1
medium_048,Medium,OMP-BranchBoundMRV,8,2,0.004364967,204,1
medium_048,Medium,OMP-BranchBoundMRV,8,3,0.010138035,204,1
medium_048,Medium,OMP-BranchBoundMRV,8,4,0.004302025,204,1
medium_048,Medium,OMP-BranchBoundMRV,8,5,0.004314184,204,1
medium_048,Medium,OMP-BranchBoundMRV,16,1,0.059879065,204,1
medium_048,Medium,OMP-BranchBoundMRV,16,2,0.014734030,204,1
medium_048,Medium,OMP-BranchBoundMRV,16,3,0.040078878,204,1
medium_048,Medium,OMP-BranchBoundMRV,16,4,0.026325941,204,1
medium_048,Medium,OMP-BranchBoundMRV,16,5,0.024760962,204,1
medium_049,Medium,Serial,1,1,0.003212292,6332,1
medium_049,Medium,Serial,1,2,0.003116375,6332,1
medium_049,Medium,Serial,1,3,0.002966125,6332,1
medium_049,Medium,Serial,1,4,0.002929042,6332,1
medium_049,Medium,Serial,1,5,0.002918125,6332,1
medium_049,Medium,Serial-MRV,1,1,0.003878167,209,1
medium_049,Medium,Serial-MRV,1,2,0.003825959,209,1
medium_049,Medium,Serial-MRV,1,3,0.003822750,209,1
medium_049,Medium,Serial-MRV,1,4,0.003831500,209,1
medium_049,Medium,Serial-MRV,1,5,0.003842292,209,1
medium_049,Medium,BranchBound,1,1,0.002637417,6332,1
medium_049,Medium,BranchBound,1,2,0.002634625,6332,1
medium_049,Medium,BranchBound,1,3,0.002635667,6332,1
medium_049,Medium,BranchBound,1,4,0.002639750,6332,1
medium_049,Medium,BranchBound,1,5,0.002633209,6332,1
medium_049,Medium,BranchBoundMRV,1,1,0.004708500,209,1
medium_049,Medium,BranchBoundMRV,1,2,0.004790417,209,1
medium_049,Medium,BranchBoundMRV,1,3,0.004708417,209,1
medium_049,Medium,BranchBoundMRV,1,4,0.004705333,209,1
medium_049,Medium,BranchBoundMRV,1,5,0.004709792,209,1
medium_049,Medium,OpenMP,4,1,0.003291845,209,1
medium_049,Medium,OpenMP,4,2,0.003282070,209,1
medium_049,Medium,OpenMP,4,3,0.003272057,209,1
medium_049,Medium,OpenMP,4,4,0.003295183,209,1
medium_049,Medium,OpenMP,4,5,0.003268957,209,1
medium_049,Medium,OpenMP,8,1,0.004540920,209,1
medium_049,Medium,OpenMP,8,2,0.003319979,209,1
medium_049,Medium,OpenMP,8,3,0.003352880,209,1
medium_049,Medium,OpenMP,8,4,0.003293991,209,1
medium_049,Medium,OpenMP,8,5,0.003326178,209,1
medium_049,Medium,OpenMP,16,1,0.023747206,209,1
medium_049,Medium,OpenMP,16,2,0.035264969,209,1
medium_049,Medium,OpenMP,16,3,0.020550013,209,1
medium_049,Medium,OpenMP,16,4,0.130728006,209,1
medium_049,Medium,OpenMP,16,5,0.030413151,209,1
medium_049,Medium,OMP-BranchBoundMRV,4,1,0.004328966,209,1
medium_049,Medium,OMP-BranchBoundMRV,4,2,0.004207850,209,1
medium_049,Medium,OMP-BranchBoundMRV,4,3,0.004212856,209,1
medium_049,Medium,OMP-BranchBoundMRV,4,4,0.004055977,209,1
medium_049,Medium,OMP-BranchBoundMRV,4,5,0.004419088,209,1
medium_049,Medium,OMP-BranchBoundMRV,8,1,0.006016970,209,1
medium_049,Medium,OMP-BranchBoundMRV,8,2,0.007962942,209,1
medium_049,Medium,OMP-BranchBoundMRV,8,3,0.005265951,209,1
medium_049,Medium,OMP-BranchBoundMRV,8,4,0.006279945,209,1
medium_049,Medium,OMP-BranchBoundMRV,8,5,0.005275965,209,1
medium_049,Medium,OMP-BranchBoundMRV,16,1,0.038295984,200,1
medium_049,Medium,OMP-BranchBoundMRV,16,2,0.010410070,209,1
medium_049,Medium,OMP-BranchBoundMRV,16,3,0.091281176,209,1
medium_049,Medium,OMP-BranchBoundMRV,16,4,0.023712158,209,1
medium_049,Medium,OMP-BranchBoundMRV,16,5,0.029670000,209,1
medium_050,Medium,Serial,1,1,0.004935792,8038,1
medium_050,Medium,Serial,1,2,0.004972333,8038,1
medium_050,Medium,Serial,1,3,0.004848834,8038,1
medium_050,Medium,Serial,1,4,0.004851958,8038,1
medium_050,Medium,Serial,1,5,0.004847042,8038,1
medium_050,Medium,Serial-MRV,1,1,0.005285958,308,1
medium_050,Medium,Serial-MRV,1,2,0.005352792,308,1
medium_050,Medium,Serial-MRV,1,3,0.005296917,308,1
medium_050,Medium,Serial-MRV,1,4,0.005272458,308,1
medium_050,Medium,Serial-MRV,1,5,0.005265791,308,1
medium_050,Medium,BranchBound,1,1,0.003864875,8038,1
medium_050,Medium,BranchBound,1,2,0.004081292,8038,1
medium_050,Medium,BranchBound,1,3,0.003745000,8038,1
medium_050,Medium,BranchBound,1,4,0.003754833,8038,1
medium_050,Medium,BranchBound,1,5,0.003716334,8038,1
medium_050,Medium,BranchBoundMRV,1,1,0.006384000,308,1
medium_050,Medium,BranchBoundMRV,1,2,0.006453208,308,1
medium_050,Medium,BranchBoundMRV,1,3,0.006364416,308,1
medium_050,Medium,BranchBoundMRV,1,4,0.006379542,308,1
medium_050,Medium,BranchBoundMRV,1,5,0.006479208,308,1
medium_050,Medium,OpenMP,4,1,0.001188040,188,1
medium_050,Medium,OpenMP,4,2,0.001165867,188,1
medium_050,Medium,OpenMP,4,3,0.001157999,247,1
medium_050,Medium,OpenMP,4,4,0.001183987,187,1
medium_050,Medium,OpenMP,4,5,0.001179934,247,1
medium_050,Medium,OpenMP,8,1,0.005614042,164,1
medium_050,Medium,OpenMP,8,2,0.001199961,175,1
medium_050,Medium,OpenMP,8,3,0.003447056,226,1
medium_050,Medium,OpenMP,8,4,0.002811909,443,1
medium_050,Medium,OpenMP,8,5,0.002032995,256,1
medium_050,Medium,OpenMP,16,1,0.105653048,230,1
medium_050,Medium,OpenMP,16,2,0.013083220,176,1
medium_050,Medium,OpenMP,16,3,0.015147924,337,1
medium_050,Medium,OpenMP,16,4,0.019400120,467,1
medium_050,Medium,OpenMP,16,5,0.008527040,208,1
medium_050,Medium,OMP-BranchBoundMRV,4,1,0.001602888,255,1
medium_050,Medium,OMP-BranchBoundMRV,4,2,0.003256798,390,1
medium_050,Medium,OMP-BranchBoundMRV,4,3,0.001567841,233,1
medium_050,Medium,OMP-BranchBoundMRV,4,4,0.003185987,396,1
medium_050,Medium,OMP-BranchBoundMRV,4,5,0.001841784,276,1
medium_050,Medium,OMP-BranchBoundMRV,8,1,0.003542900,424,1
medium_050,Medium,OMP-BranchBoundMRV,8,2,0.002827168,302,1
medium_050,Medium,OMP-BranchBoundMRV,8,3,0.001561880,175,1
medium_050,Medium,OMP-BranchBoundMRV,8,4,0.001561880,210,1
medium_050,Medium,OMP-BranchBoundMRV,8,5,0.002317905,201,1
medium_050,Medium,OMP-BranchBoundMRV,16,1,0.022171021,343,1
medium_050,Medium,OMP-BranchBoundMRV,16,2,0.030677080,345,1
medium_050,Medium,OMP-BranchBoundMRV,16,3,0.022425890,438,1
medium_050,Medium,OMP-BranchBoundMRV,16,4,0.025218010,463,1
medium_050,Medium,OMP-BranchBoundMRV,16,5,0.014284134,346,1
medium_051,Medium,Serial,1,1,0.037259458,74935,1
medium_051,Medium,Serial,1,2,0.037763792,74935,1
medium_051,Medium,Serial,1,3,0.038787709,74935,1
medium_051,Medium,Serial,1,4,0.038670167,74935,1
medium_051,Medium,Serial,1,5,0.037901500,74935,1
medium_051,Medium,Serial-MRV,1,1,0.007807000,453,1
medium_051,Medium,Serial-MRV,1,2,0.007702625,453,1
medium_051,Medium,Serial-MRV,1,3,0.007790666,453,1
medium_051,Medium,Serial-MRV,1,4,0.007757875,453,1
medium_051,Medium,Serial-MRV,1,5,0.007791209,453,1
medium_051,Medium,BranchBound,1,1,0.032186541,74935,1
medium_051,Medium,BranchBound,1,2,0.032097333,74935,1
medium_051,Medium,BranchBound,1,3,0.031809291,74935,1
medium_051,Medium,BranchBound,1,4,0.032040875,74935,1
medium_051,Medium,BranchBound,1,5,0.032010000,74935,1
medium_051,Medium,BranchBoundMRV,1,1,0.010044000,453,1
medium_051,Medium,BranchBoundMRV,1,2,0.010053542,453,1
medium_051,Medium,BranchBoundMRV,1,3,0.010043791,453,1
medium_051,Medium,BranchBoundMRV,1,4,0.010728667,453,1
medium_051,Medium,BranchBoundMRV,1,5,0.010198666,453,1
medium_051,Medium,OpenMP,4,1,0.008516073,453,1
medium_051,Medium,OpenMP,4,2,0.008496046,453,1
medium_051,Medium,OpenMP,4,3,0.008294106,453,1
medium_051,Medium,OpenMP,4,4,0.008235216,453,1
medium_051,Medium,OpenMP,4,5,0.008137941,453,1
medium_051,Medium,OpenMP,8,1,0.008866072,453,1
medium_051,Medium,OpenMP,8,2,0.008289099,453,1
medium_051,Medium,OpenMP,8,3,0.010262012,453,1
medium_051,Medium,OpenMP,8,4,0.011456013,453,1
medium_051,Medium,OpenMP,8,5,0.008189917,453,1
medium_051,Medium,OpenMP,16,1,0.008442163,453,1
medium_051,Medium,OpenMP,16,2,0.024957895,453,1
medium_051,Medium,OpenMP,16,3,0.030590057,453,1
medium_051,Medium,OpenMP,16,4,0.063786030,453,1
medium_051,Medium,OpenMP,16,5,0.027690172,453,1
medium_051,Medium,OMP-BranchBoundMRV,4,1,0.010997057,453,1
medium_051,Medium,OMP-BranchBoundMRV,4,2,0.011340141,453,1
medium_051,Medium,OMP-BranchBoundMRV,4,3,0.011394024,453,1
medium_051,Medium,OMP-BranchBoundMRV,4,4,0.010910034,453,1
medium_051,Medium,OMP-BranchBoundMRV,4,5,0.010840893,453,1
medium_051,Medium,OMP-BranchBoundMRV,8,1,0.023829937,453,1
medium_051,Medium,OMP-BranchBoundMRV,8,2,0.018548965,453,1
medium_051,Medium,OMP-BranchBoundMRV,8,3,0.021171093,453,1
medium_051,Medium,OMP-BranchBoundMRV,8,4,0.027801991,453,1
medium_051,Medium,OMP-BranchBoundMRV,8,5,0.012043953,453,1
medium_051,Medium,OMP-BranchBoundMRV,16,1,0.035729885,453,1
medium_051,Medium,OMP-BranchBoundMRV,16,2,0.057149887,453,1
medium_051,Medium,OMP-BranchBoundMRV,16,3,0.054793119,453,1
medium_051,Medium,OMP-BranchBoundMRV,16,4,0.048416853,453,1
medium_051,Medium,OMP-BranchBoundMRV,16,5,0.041906834,453,1
medium_052,Medium,Serial,1,1,0.002152791,4165,1
medium_052,Medium,Serial,1,2,0.002061917,4165,1
medium_052,Medium,Serial,1,3,0.002116708,4165,1
medium_052,Medium,Serial,1,4,0.002081375,4165,1
medium_052,Medium,Serial,1,5,0.002079250,4165,1
medium_052,Medium,Serial-MRV,1,1,0.005960458,363,1
medium_052,Medium,Serial-MRV,1,2,0.005854917,363,1
medium_052,Medium,Serial-MRV,1,3,0.005837625,363,1
medium_052,Medium,Serial-MRV,1,4,0.005862917,363,1
medium_052,Medium,Serial-MRV,1,5,0.005969834,363,1
medium_052,Medium,BranchBound,1,1,0.001837125,4165,1
medium_052,Medium,BranchBound,1,2,0.001920791,4165,1
medium_052,Medium,BranchBound,1,3,0.001823666,4165,1
medium_052,Medium,BranchBound,1,4,0.001896083,4165,1
medium_052,Medium,BranchBound,1,5,0.001804291,4165,1
medium_052,Medium,BranchBoundMRV,1,1,0.008326459,363,1
medium_052,Medium,BranchBoundMRV,1,2,0.008048083,363,1
medium_052,Medium,BranchBoundMRV,1,3,0.008478667,363,1
medium_052,Medium,BranchBoundMRV,1,4,0.008145542,363,1
medium_052,Medium,BranchBoundMRV,1,5,0.008311625,363,1
medium_052,Medium,OpenMP,4,1,0.003349066,681,1
medium_052,Medium,OpenMP,4,2,0.003364801,545,1
medium_052,Medium,OpenMP,4,3,0.003211021,661,1
medium_052,Medium,OpenMP,4,4,0.004189968,509,1
medium_052,Medium,OpenMP,4,5,0.003247023,676,1
medium_052,Medium,OpenMP,8,1,0.003444910,580,1
medium_052,Medium,OpenMP,8,2,0.003972054,682,1
medium_052,Medium,OpenMP,8,3,0.003807068,562,1
medium_052,Medium,OpenMP,8,4,0.008645058,905,1
medium_052,Medium,OpenMP,8,5,0.004348993,804,1
medium_052,Medium,OpenMP,16,1,0.024666786,688,1
medium_052,Medium,OpenMP,16,2,0.030874014,558,1
medium_052,Medium,OpenMP,16,3,0.028118849,494,1
medium_052,Medium,OpenMP,16,4,0.024768114,1143,1
medium_052,Medium,OpenMP,16,5,0.013003111,632,1
medium_052,Medium,OMP-BranchBoundMRV,4,1,0.004712105,693,1
medium_052,Medium,OMP-BranchBoundMRV,4,2,0.004570007,680,1
medium_052,Medium,OMP-BranchBoundMRV,4,3,0.004377842,649,1
medium_052,Medium,OMP-BranchBoundMRV,4,4,0.004770994,689,1
medium_052,Medium,OMP-BranchBoundMRV,4,5,0.004889965,703,1
medium_052,Medium,OMP-BranchBoundMRV,8,1,0.004358053,561,1
medium_052,Medium,OMP-BranchBoundMRV,8,2,0.007081985,680,1
medium_052,Medium,OMP-BranchBoundMRV,8,3,0.004377842,503,1
medium_052,Medium,OMP-BranchBoundMRV,8,4,0.004405022,504,1
medium_052,Medium,OMP-BranchBoundMRV,8,5,0.004333019,566,1
medium_052,Medium,OMP-BranchBoundMRV,16,1,0.038099051,1026,1
medium_052,Medium,OMP-BranchBoundMRV,16,2,0.027312994,629,1
medium_052,Medium,OMP-BranchBoundMRV,16,3,0.101116896,677,1
medium_052,Medium,OMP-BranchBoundMRV,16,4,0.038100958,636,1
medium_052,Medium,OMP-BranchBoundMRV,16,5,0.060262918,591,1
medium_053,Medium,Serial,1,1,0.031691541,61811,1
medium_053,Medium,Serial,1,2,0.031732166,61811,1
medium_053,Medium,Serial,1,3,0.031619875,61811,1
medium_053,Medium,Serial,1,4,0.031783583,61811,1
medium_053,Medium,Serial,1,5,0.031721667,61811,1
medium_053,Medium,Serial-MRV,1,1,0.003801583,242,1
medium_053,Medium,Serial-MRV,1,2,0.003738042,242,1
medium_053,Medium,Serial-MRV,1,3,0.003792083,242,1
medium_053,Medium,Serial-MRV,1,4,0.003720833,242,1
medium_053,Medium,Serial-MRV,1,5,0.003761792,242,1
medium_053,Medium,BranchBound,1,1,0.028893542,61811,1
medium_053,Medium,BranchBound,1,2,0.029787584,61811,1
medium_053,Medium,BranchBound,1,3,0.030191917,61811,1
medium_053,Medium,BranchBound,1,4,0.029553000,61811,1
medium_053,Medium,BranchBound,1,5,0.029139291,61811,1
medium_053,Medium,BranchBoundMRV,1,1,0.005097292,242,1
medium_053,Medium,BranchBoundMRV,1,2,0.005079500,242,1
medium_053,Medium,BranchBoundMRV,1,3,0.005106708,242,1
medium_053,Medium,BranchBoundMRV,1,4,0.005055625,242,1
medium_053,Medium,BranchBoundMRV,1,5,0.005010958,242,1
medium_053,Medium,OpenMP,4,1,0.002284050,242,1
medium_053,Medium,OpenMP,4,2,0.002243042,242,1
medium_053,Medium,OpenMP,4,3,0.002270222,242,1
medium_053,Medium,OpenMP,4,4,0.002246141,242,1
medium_053,Medium,OpenMP,4,5,0.002255917,242,1
medium_053,Medium,OpenMP,8,1,0.005319118,242,1
medium_053,Medium,OpenMP,8,2,0.005419970,242,1
medium_053,Medium,OpenMP,8,3,0.002234936,242,1
medium_053,Medium,OpenMP,8,4,0.002251148,189,1
medium_053,Medium,OpenMP,8,5,0.005311966,242,1
medium_053,Medium,OpenMP,16,1,0.019761086,242,1
medium_053,Medium,OpenMP,16,2,0.037853956,242,1
medium_053,Medium,OpenMP,16,3,0.091519117,242,1
medium_053,Medium,OpenMP,16,4,0.033660889,242,1
medium_053,Medium,OpenMP,16,5,0.038527966,242,1
medium_053,Medium,OMP-BranchBoundMRV,4,1,0.003035069,242,1
medium_053,Medium,OMP-BranchBoundMRV,4,2,0.003023863,242,1
medium_053,Medium,OMP-BranchBoundMRV,4,3,0.003015041,242,1
medium_053,Medium,OMP-BranchBoundMRV,4,4,0.003007889,242,1
medium_053,Medium,OMP-BranchBoundMRV,4,5,0.003300905,242,1
medium_053,Medium,OMP-BranchBoundMRV,8,1,0.003739119,220,1
medium_053,Medium,OMP-BranchBoundMRV,8,2,0.010982990,242,1
medium_053,Medium,OMP-BranchBoundMRV,8,3,0.003012896,242,1
medium_053,Medium,OMP-BranchBoundMRV,8,4,0.003014803,242,1
medium_053,Medium,OMP-BranchBoundMRV,8,5,0.003010988,242,1
medium_053,Medium,OMP-BranchBoundMRV,16,1,0.072511911,242,1
medium_053,Medium,OMP-BranchBoundMRV,16,2,0.031597853,242,1
medium_053,Medium,OMP-BranchBoundMRV,16,3,0.035700083,242,1
medium_053,Medium,OMP-BranchBoundMRV,16,4,0.034433842,172,1
medium_053,Medium,OMP-BranchBoundMRV,16,5,0.010804176,149,1
medium_054,Medium,Serial,1,1,0.012440292,25583,1
medium_054,Medium,Serial,1,2,0.012425375,25583,1
medium_054,Medium,Serial,1,3,0.012215125,25583,1
medium_054,Medium,Serial,1,4,0.012226250,25583,1
medium_054,Medium,Serial,1,5,0.012221459,25583,1
medium_054,Medium,Serial-MRV,1,1,0.010979250,579,1
medium_054,Medium,Serial-MRV,1,2,0.010888875,579,1
medium_054,Medium,Serial-MRV,1,3,0.011016166,579,1
medium_054,Medium,Serial-MRV,1,4,0.010970125,579,1
medium_054,Medium,Serial-MRV,1,5,0.010975583,579,1
medium_054,Medium,BranchBound,1,1,0.010574917,25583,1
medium_054,Medium,BranchBound,1,2,0.010588959,25583,1
medium_054,Medium,BranchBound,1,3,0.010515042,25583,1
medium_054,Medium,BranchBound,1,4,0.010851917,25583,1
medium_054,Medium,BranchBound,1,5,0.011065667,25583,1
medium_054,Medium,BranchBoundMRV,1,1,0.015287917,579,1
medium_054,Medium,BranchBoundMRV,1,2,0.015067584,579,1
medium_054,Medium,BranchBoundMRV,1,3,0.015135542,579,1
medium_054,Medium,BranchBoundMRV,1,4,0.015197625,579,1
medium_054,Medium,BranchBoundMRV,1,5,0.015129959,579,1
medium_054,Medium,OpenMP,4,1,0.001327991,244,1
medium_054,Medium,OpenMP,4,2,0.001623869,292,1
medium_054,Medium,OpenMP,4,3,0.001356125,251,1
medium_054,Medium,OpenMP,4,4,0.001337051,242,1
medium_054,Medium,OpenMP,4,5,0.001461983,202,1
medium_054,Medium,OpenMP,8,1,0.001384974,263,1
medium_054,Medium,OpenMP,8,2,0.003600121,385,1
medium_054,Medium,OpenMP,8,3,0.002235889,314,1
medium_054,Medium,OpenMP,8,4,0.001339912,224,1
medium_054,Medium,OpenMP,8,5,0.003058910,333,1
medium_054,Medium,OpenMP,16,1,0.009459019,323,1
medium_054,Medium,OpenMP,16,2,0.043470144,579,1
medium_054,Medium,OpenMP,16,3,0.022791862,221,1
medium_054,Medium,OpenMP,16,4,0.014742136,221,1
medium_054,Medium,OpenMP,16,5,0.010064125,228,1
medium_054,Medium,OMP-BranchBoundMRV,4,1,0.001759052,254,1
medium_054,Medium,OMP-BranchBoundMRV,4,2,0.001765966,259,1
medium_054,Medium,OMP-BranchBoundMRV,4,3,0.001765013,259,1
medium_054,Medium,OMP-BranchBoundMRV,4,4,0.001803875,233,1
medium_054,Medium,OMP-BranchBoundMRV,4,5,0.002274990,265,1
medium_054,Medium,OMP-BranchBoundMRV,8,1,0.002018929,242,1
medium_054,Medium,OMP-BranchBoundMRV,8,2,0.001904964,200,1
medium_054,Medium,OMP-BranchBoundMRV,8,3,0.006103039,438,1
medium_054,Medium,OMP-BranchBoundMRV,8,4,0.002156973,221,1
medium_054,Medium,OMP-BranchBoundMRV,8,5,0.002418041,240,1
medium_054,Medium,OMP-BranchBoundMRV,16,1,0.008563042,229,1
medium_054,Medium,OMP-BranchBoundMRV,16,2,0.021770954,166,1
medium_054,Medium,OMP-BranchBoundMRV,16,3,0.011636019,223,1
medium_054,Medium,OMP-BranchBoundMRV,16,4,0.019938946,420,1
medium_054,Medium,OMP-BranchBoundMRV,16,5,0.008532047,282,1
medium_055,Medium,Serial,1,1,0.007731167,14637,1
medium_055,Medium,Serial,1,2,0.007590334,14637,1
medium_055,Medium,Serial,1,3,0.007175875,14637,1
medium_055,Medium,Serial,1,4,0.007267209,14637,1
medium_055,Medium,Serial,1,5,0.007198084,14637,1
medium_055,Medium,Serial-MRV,1,1,0.004580667,260,1
medium_055,Medium,Serial-MRV,1,2,0.004516125,260,1
medium_055,Medium,Serial-MRV,1,3,0.004535500,260,1
medium_055,Medium,Serial-MRV,1,4,0.004550041,260,1
medium_055,Medium,Serial-MRV,1,5,0.004514250,260,1
medium_055,Medium,BranchBound,1,1,0.006407916,14637,1
medium_055,Medium,BranchBound,1,2,0.006515333,14637,1
medium_055,Medium,BranchBound,1,3,0.006374125,14637,1
medium_055,Medium,BranchBound,1,4,0.006426583,14637,1
medium_055,Medium,BranchBound,1,5,0.006412625,14637,1
medium_055,Medium,BranchBoundMRV,1,1,0.006210833,260,1
medium_055,Medium,BranchBoundMRV,1,2,0.006149375,260,1
medium_055,Medium,BranchBoundMRV,1,3,0.006110750,260,1
medium_055,Medium,BranchBoundMRV,1,4,0.006272375,260,1
medium_055,Medium,BranchBoundMRV,1,5,0.006430084,260,1
medium_055,Medium,OpenMP,4,1,0.001548052,165,1
medium_055,Medium,OpenMP,4,2,0.001543999,153,1
medium_055,Medium,OpenMP,4,3,0.001544952,165,1
medium_055,Medium,OpenMP,4,4,0.001600981,156,1
medium_055,Medium,OpenMP,4,5,0.001595974,162,1
medium_055,Medium,OpenMP,8,1,0.001837969,132,1
medium_055,Medium,OpenMP,8,2,0.001564980,164,1
medium_055,Medium,OpenMP,8,3,0.003578186,209,1
medium_055,Medium,OpenMP,8,4,0.004569054,260,1
medium_055,Medium,OpenMP,8,5,0.002554893,186,1
medium_055,Medium,OpenMP,16,1,0.025970936,171,1
medium_055,Medium,OpenMP,16,2,0.013805866,260,1
medium_055,Medium,OpenMP,16,3,0.010936022,220,1
medium_055,Medium,OpenMP,16,4,0.007527828,122,1
medium_055,Medium,OpenMP,16,5,0.052634001,167,1
medium_055,Medium,OMP-BranchBoundMRV,4,1,0.002084017,164,1
medium_055,Medium,OMP-BranchBoundMRV,4,2,0.002084017,165,1
medium_055,Medium,OMP-BranchBoundMRV,4,3,0.002056122,164,1
medium_055,Medium,OMP-BranchBoundMRV,4,4,0.002057076,163,1
medium_055,Medium,OMP-BranchBoundMRV,4,5,0.002060175,164,1
medium_055,Medium,OMP-BranchBoundMRV,8,1,0.005013943,260,1
medium_055,Medium,OMP-BranchBoundMRV,8,2,0.006452799,164,1
medium_055,Medium,OMP-BranchBoundMRV,8,3,0.004097939,164,1
medium_055,Medium,OMP-BranchBoundMRV,8,4,0.005753040,164,1
medium_055,Medium,OMP-BranchBoundMRV,8,5,0.005963087,96,1
medium_055,Medium,OMP-BranchBoundMRV,16,1,0.007977962,260,1
medium_055,Medium,OMP-BranchBoundMRV,16,2,0.007678986,119,1
medium_055,Medium,OMP-BranchBoundMRV,16,3,0.045153141,120,1
medium_055,Medium,OMP-BranchBoundMRV,16,4,0.022990942,160,1
medium_055,Medium,OMP-BranchBoundMRV,16,5,0.018821001,260,1
medium_056,Medium,Serial,1,1,0.002583333,4236,1
medium_056,Medium,Serial,1,2,0.002352250,4236,1
medium_056,Medium,Serial,1,3,0.002334958,4236,1
medium_056,Medium,Serial,1,4,0.002114084,4236,1
medium_056,Medium,Serial,1,5,0.002344667,4236,1
medium_056,Medium,Serial-MRV,1,1,0.004089375,263,1
medium_056,Medium,Serial-MRV,1,2,0.004548500,263,1
medium_056,Medium,Serial-MRV,1,3,0.004298292,263,1
medium_056,Medium,Serial-MRV,1,4,0.004109500,263,1
medium_056,Medium,Serial-MRV,1,5,0.004205542,263,1
medium_056,Medium,BranchBound,1,1,0.002258000,4236,1
medium_056,Medium,BranchBound,1,2,0.002026625,4236,1
medium_056,Medium,BranchBound,1,3,0.002144375,4236,1
medium_056,Medium,BranchBound,1,4,0.001853500,4236,1
medium_056,Medium,BranchBound,1,5,0.001962500,4236,1
medium_056,Medium,BranchBoundMRV,1,1,0.005549042,263,1
medium_056,Medium,BranchBoundMRV,1,2,0.005612291,263,1
medium_056,Medium,BranchBoundMRV,1,3,0.005547000,263,1
medium_056,Medium,BranchBoundMRV,1,4,0.005521542,263,1
medium_056,Medium,BranchBoundMRV,1,5,0.005564083,263,1
medium_056,Medium,OpenMP,4,1,0.004382849,263,1
medium_056,Medium,OpenMP,4,2,0.004619837,263,1
medium_056,Medium,OpenMP,4,3,0.004289865,263,1
medium_056,Medium,OpenMP,4,4,0.004197121,263,1
medium_056,Medium,OpenMP,4,5,0.004251957,263,1
medium_056,Medium,OpenMP,8,1,0.004206181,263,1
medium_056,Medium,OpenMP,8,2,0.004179001,263,1
medium_056,Medium,OpenMP,8,3,0.004202127,263,1
medium_056,Medium,OpenMP,8,4,0.004193068,263,1
medium_056,Medium,OpenMP,8,5,0.010373116,263,1
medium_056,Medium,OpenMP,16,1,0.020354986,263,1
medium_056,Medium,OpenMP,16,2,0.040467024,263,1
medium_056,Medium,OpenMP,16,3,0.035209894,263,1
medium_056,Medium,OpenMP,16,4,0.023782015,263,1
medium_056,Medium,OpenMP,16,5,0.012790203,263,1
medium_056,Medium,OMP-BranchBoundMRV,4,1,0.006000996,263,1
medium_056,Medium,OMP-BranchBoundMRV,4,2,0.005664825,263,1
medium_056,Medium,OMP-BranchBoundMRV,4,3,0.005855083,263,1
medium_056,Medium,OMP-BranchBoundMRV,4,4,0.005877018,263,1
medium_056,Medium,OMP-BranchBoundMRV,4,5,0.005616903,263,1
medium_056,Medium,OMP-BranchBoundMRV,8,1,0.006202936,263,1
medium_056,Medium,OMP-BranchBoundMRV,8,2,0.006480932,263,1
medium_056,Medium,OMP-BranchBoundMRV,8,3,0.006362915,263,1
medium_056,Medium,OMP-BranchBoundMRV,8,4,0.006875038,263,1
medium_056,Medium,OMP-BranchBoundMRV,8,5,0.019011021,263,1
medium_056,Medium,OMP-BranchBoundMRV,16,1,0.021780014,263,1
medium_056,Medium,OMP-BranchBoundMRV,16,2,0.023302078,263,1
medium_056,Medium,OMP-BranchBoundMRV,16,3,0.037823200,263,1
medium_056,Medium,OMP-BranchBoundMRV,16,4,0.021018028,263,1
medium_056,Medium,OMP-BranchBoundMRV,16,5,0.031179905,263,1
medium_057,Medium,Serial,1,1,0.009020791,17342,1
medium_057,Medium,Serial,1,2,0.009015333,17342,1
medium_057,Medium,Serial,1,3,0.009131667,17342,1
medium_057,Medium,Serial,1,4,0.008955334,17342,1
medium_057,Medium,Serial,1,5,0.009018500,17342,1
medium_057,Medium,Serial-MRV,1,1,0.005778458,342,1
medium_057,Medium,Serial-MRV,1,2,0.005807708,342,1
medium_057,Medium,Serial-MRV,1,3,0.005833417,342,1
medium_057,Medium,Serial-MRV,1,4,0.005701750,342,1
medium_057,Medium,Serial-MRV,1,5,0.005754916,342,1
medium_057,Medium,BranchBound,1,1,0.007415250,17342,1
medium_057,Medium,BranchBound,1,2,0.007496708,17342,1
medium_057,Medium,BranchBound,1,3,0.007403792,17342,1
medium_057,Medium,BranchBound,1,4,0.007268083,17342,1
medium_057,Medium,BranchBound,1,5,0.007171042,17342,1
medium_057,Medium,BranchBoundMRV,1,1,0.007252417,342,1
medium_057,Medium,BranchBoundMRV,1,2,0.007327083,342,1
medium_057,Medium,BranchBoundMRV,1,3,0.007308041,342,1
medium_057,Medium,BranchBoundMRV,1,4,0.007249125,342,1
medium_057,Medium,BranchBoundMRV,1,5,0.007243375,342,1
medium_057,Medium,OpenMP,4,1,0.002559185,332,1
medium_057,Medium,OpenMP,4,2,0.002480984,327,1
medium_057,Medium,OpenMP,4,3,0.002495050,329,1
medium_057,Medium,OpenMP,4,4,0.002537966,332,1
medium_057,Medium,OpenMP,4,5,0.002477169,327,1
medium_057,Medium,OpenMP,8,1,0.002490997,342,1
medium_057,Medium,OpenMP,8,2,0.002547026,273,1
medium_057,Medium,OpenMP,8,3,0.002511024,282,1
medium_057,Medium,OpenMP,8,4,0.002535820,286,1
medium_057,Medium,OpenMP,8,5,0.009147882,342,1
medium_057,Medium,OpenMP,16,1,0.023394108,260,1
medium_057,Medium,OpenMP,16,2,0.014755964,270,1
medium_057,Medium,OpenMP,16,3,0.011307001,342,1
medium_057,Medium,OpenMP,16,4,0.004694939,292,1
medium_057,Medium,OpenMP,16,5,0.021922112,326,1
medium_057,Medium,OMP-BranchBoundMRV,4,1,0.005773067,342,1
medium_057,Medium,OMP-BranchBoundMRV,4,2,0.003303051,319,1
medium_057,Medium,OMP-BranchBoundMRV,4,3,0.003481150,321,1
medium_057,Medium,OMP-BranchBoundMRV,4,4,0.003699064,331,1
medium_057,Medium,OMP-BranchBoundMRV,4,5,0.003610134,342,1
medium_057,Medium,OMP-BranchBoundMRV,8,1,0.008885860,342,1
medium_057,Medium,OMP-BranchBoundMRV,8,2,0.007245064,342,1
medium_057,Medium,OMP-BranchBoundMRV,8,3,0.003679037,342,1
medium_057,Medium,OMP-BranchBoundMRV,8,4,0.005059004,342,1
medium_057,Medium,OMP-BranchBoundMRV,8,5,0.006262064,342,1
medium_057,Medium,OMP-BranchBoundMRV,16,1,0.012879848,264,1
medium_057,Medium,OMP-BranchBoundMRV,16,2,0.037497997,342,1
medium_057,Medium,OMP-BranchBoundMRV,16,3,0.028250933,342,1
medium_057,Medium,OMP-BranchBoundMRV,16,4,0.040127039,342,1
medium_057,Medium,OMP-BranchBoundMRV,16,5,0.034226179,281,1
medium_058,Medium,Serial,1,1,0.002827667,6183,1
medium_058,Medium,Serial,1,2,0.002860208,6183,1
medium_058,Medium,Serial,1,3,0.002890333,6183,1
medium_058,Medium,Serial,1,4,0.002783208,6183,1
medium_058,Medium,Serial,1,5,0.002886958,6183,1
medium_058,Medium,Serial-MRV,1,1,0.004973833,258,1
medium_058,Medium,Serial-MRV,1,2,0.004835542,258,1
medium_058,Medium,Serial-MRV,1,3,0.005090750,258,1
medium_058,Medium,Serial-MRV,1,4,0.004976458,258,1
medium_058,Medium,Serial-MRV,1,5,0.004731917,258,1
medium_058,Medium,BranchBound,1,1,0.002536542,6183,1
medium_058,Medium,BranchBound,1,2,0.002523083,6183,1
medium_058,Medium,BranchBound,1,3,0.002622583,6183,1
medium_058,Medium,BranchBound,1,4,0.002609791,6183,1
medium_058,Medium,BranchBound,1,5,0.002488584,6183,1
medium_058,Medium,BranchBoundMRV,1,1,0.006234584,258,1
medium_058,Medium,BranchBoundMRV,1,2,0.006059833,258,1
medium_058,Medium,BranchBoundMRV,1,3,0.006223917,258,1
medium_058,Medium,BranchBoundMRV,1,4,0.006285084,258,1
medium_058,Medium,BranchBoundMRV,1,5,0.006156792,258,1
medium_058,Medium,OpenMP,4,1,0.004888773,258,1
medium_058,Medium,OpenMP,4,2,0.005481958,258,1
medium_058,Medium,OpenMP,4,3,0.005249023,258,1
medium_058,Medium,OpenMP,4,4,0.005151033,258,1
medium_058,Medium,OpenMP,4,5,0.004761934,258,1
medium_058,Medium,OpenMP,8,1,0.005469084,258,1
medium_058,Medium,OpenMP,8,2,0.004774809,258,1
medium_058,Medium,OpenMP,8,3,0.004807949,258,1
medium_058,Medium,OpenMP,8,4,0.011367083,258,1
medium_058,Medium,OpenMP,8,5,0.007598877,258,1
medium_058,Medium,OpenMP,16,1,0.025816917,258,1
medium_058,Medium,OpenMP,16,2,0.019751072,258,1
medium_058,Medium,OpenMP,16,3,0.055625200,258,1
medium_058,Medium,OpenMP,16,4,0.011396170,258,1
medium_058,Medium,OpenMP,16,5,0.023555040,258,1
medium_058,Medium,OMP-BranchBoundMRV,4,1,0.006570101,258,1
medium_058,Medium,OMP-BranchBoundMRV,4,2,0.006240129,258,1
medium_058,Medium,OMP-BranchBoundMRV,4,3,0.006494045,258,1
medium_058,Medium,OMP-BranchBoundMRV,4,4,0.007088184,258,1
medium_058,Medium,OMP-BranchBoundMRV,4,5,0.006253004,258,1
medium_058,Medium,OMP-BranchBoundMRV,8,1,0.008212090,258,1
medium_058,Medium,OMP-BranchBoundMRV,8,2,0.006177902,258,1
medium_058,Medium,OMP-BranchBoundMRV,8,3,0.006183147,258,1
medium_058,Medium,OMP-BranchBoundMRV,8,4,0.006193876,258,1
medium_058,Medium,OMP-BranchBoundMRV,8,5,0.013721943,258,1
medium_058,Medium,OMP-BranchBoundMRV,16,1,0.024230003,258,1
medium_058,Medium,OMP-BranchBoundMRV,16,2,0.030872822,258,1
medium_058,Medium,OMP-BranchBoundMRV,16,3,0.053953886,258,1
medium_058,Medium,OMP-BranchBoundMRV,16,4,0.053356886,258,1
medium_058,Medium,OMP-BranchBoundMRV,16,5,0.031349897,258,1
medium_059,Medium,Serial,1,1,0.002417500,4767,1
medium_059,Medium,Serial,1,2,0.002474917,4767,1
medium_059,Medium,Serial,1,3,0.002334041,4767,1
medium_059,Medium,Serial,1,4,0.002513875,4767,1
medium_059,Medium,Serial,1,5,0.002346625,4767,1
medium_059,Medium,Serial-MRV,1,1,0.003846458,246,1
medium_059,Medium,Serial-MRV,1,2,0.003874000,246,1
medium_059,Medium,Serial-MRV,1,3,0.003911792,246,1
medium_059,Medium,Serial-MRV,1,4,0.003889125,246,1
medium_059,Medium,Serial-MRV,1,5,0.003882083,246,1
medium_059,Medium,BranchBound,1,1,0.002286792,4767,1
medium_059,Medium,BranchBound,1,2,0.002185500,4767,1
medium_059,Medium,BranchBound,1,3,0.002265667,4767,1
medium_059,Medium,BranchBound,1,4,0.002251000,4767,1
medium_059,Medium,BranchBound,1,5,0.002191292,4767,1
medium_059,Medium,BranchBoundMRV,1,1,0.004953083,246,1
medium_059,Medium,BranchBoundMRV,1,2,0.004898583,246,1
medium_059,Medium,BranchBoundMRV,1,3,0.004862625,246,1
medium_059,Medium,BranchBoundMRV,1,4,0.004862583,246,1
medium_059,Medium,BranchBoundMRV,1,5,0.005003875,246,1
medium_059,Medium,OpenMP,4,1,0.003966093,246,1
medium_059,Medium,OpenMP,4,2,0.003974199,246,1
medium_059,Medium,OpenMP,4,3,0.003937006,246,1
medium_059,Medium,OpenMP,4,4,0.003974199,246,1
medium_059,Medium,OpenMP,4,5,0.003948927,246,1
medium_059,Medium,OpenMP,8,1,0.003975868,246,1
medium_059,Medium,OpenMP,8,2,0.003978014,246,1
medium_059,Medium,OpenMP,8,3,0.004065990,246,1
medium_059,Medium,OpenMP,8,4,0.009704113,246,1
medium_059,Medium,OpenMP,8,5,0.004007101,246,1
medium_059,Medium,OpenMP,16,1,0.029200077,246,1
medium_059,Medium,OpenMP,16,2,0.053560019,246,1
medium_059,Medium,OpenMP,16,3,0.037384033,246,1
medium_059,Medium,OpenMP,16,4,0.040310144,246,1
medium_059,Medium,OpenMP,16,5,0.034030914,246,1
medium_059,Medium,OMP-BranchBoundMRV,4,1,0.005394936,246,1
medium_059,Medium,OMP-BranchBoundMRV,4,2,0.005265951,246,1
medium_059,Medium,OMP-BranchBoundMRV,4,3,0.005202055,246,1
medium_059,Medium,OMP-BranchBoundMRV,4,4,0.005283833,246,1
medium_059,Medium,OMP-BranchBoundMRV,4,5,0.005312920,246,1
medium_059,Medium,OMP-BranchBoundMRV,8,1,0.005164862,246,1
medium_059,Medium,OMP-BranchBoundMRV,8,2,0.014060020,246,1
medium_059,Medium,OMP-BranchBoundMRV,8,3,0.011410952,246,1
medium_059,Medium,OMP-BranchBoundMRV,8,4,0.005217075,246,1
medium_059,Medium,OMP-BranchBoundMRV,8,5,0.005167007,246,1
medium_059,Medium,OMP-BranchBoundMRV,16,1,0.099647045,246,1
medium_059,Medium,OMP-BranchBoundMRV,16,2,0.037142992,246,1
medium_059,Medium,OMP-BranchBoundMRV,16,3,0.030757904,246,1
medium_059,Medium,OMP-BranchBoundMRV,16,4,0.021857023,246,1
medium_059,Medium,OMP-BranchBoundMRV,16,5,0.034307957,246,1
medium_060,Medium,Serial,1,1,0.029298833,63634,1
medium_060,Medium,Serial,1,2,0.028877166,63634,1
medium_060,Medium,Serial,1,3,0.028875250,63634,1
medium_060,Medium,Serial,1,4,0.028930209,63634,1
medium_060,Medium,Serial,1,5,0.028793958,63634,1
medium_060,Medium,Serial-MRV,1,1,0.007397833,457,1
medium_060,Medium,Serial-MRV,1,2,0.007248083,457,1
medium_060,Medium,Serial-MRV,1,3,0.007290875,457,1
medium_060,Medium,Serial-MRV,1,4,0.007295083,457,1
medium_060,Medium,Serial-MRV,1,5,0.007275667,457,1
medium_060,Medium,BranchBound,1,1,0.026496333,63634,1
medium_060,Medium,BranchBound,1,2,0.026358042,63634,1
medium_060,Medium,BranchBound,1,3,0.026454666,63634,1
medium_060,Medium,BranchBound,1,4,0.026419167,63634,1
medium_060,Medium,BranchBound,1,5,0.026530625,63634,1
medium_060,Medium,BranchBoundMRV,1,1,0.010452834,457,1
medium_060,Medium,BranchBoundMRV,1,2,0.010314666,457,1
medium_060,Medium,BranchBoundMRV,1,3,0.010496333,457,1
medium_060,Medium,BranchBoundMRV,1,4,0.010411292,457,1
medium_060,Medium,BranchBoundMRV,1,5,0.010468334,457,1
medium_060,Medium,OpenMP,4,1,0.005925179,457,1
medium_060,Medium,OpenMP,4,2,0.005923986,457,1
medium_060,Medium,OpenMP,4,3,0.005862951,457,1
medium_060,Medium,OpenMP,4,4,0.005957127,457,1
medium_060,Medium,OpenMP,4,5,0.005901098,457,1
medium_060,Medium,OpenMP,8,1,0.008998156,457,1
medium_060,Medium,OpenMP,8,2,0.006084919,457,1
medium_060,Medium,OpenMP,8,3,0.009567976,457,1
medium_060,Medium,OpenMP,8,4,0.005964994,457,1
medium_060,Medium,OpenMP,8,5,0.005864143,457,1
medium_060,Medium,OpenMP,16,1,0.044631004,457,1
medium_060,Medium,OpenMP,16,2,0.038898945,457,1
medium_060,Medium,OpenMP,16,3,0.025071144,457,1
medium_060,Medium,OpenMP,16,4,0.017843008,457,1
medium_060,Medium,OpenMP,16,5,0.037622929,457,1
medium_060,Medium,OMP-BranchBoundMRV,4,1,0.008361816,457,1
medium_060,Medium,OMP-BranchBoundMRV,4,2,0.008605957,457,1
medium_060,Medium,OMP-BranchBoundMRV,4,3,0.008506775,457,1
medium_060,Medium,OMP-BranchBoundMRV,4,4,0.008075953,457,1
medium_060,Medium,OMP-BranchBoundMRV,4,5,0.008218050,457,1
medium_060,Medium,OMP-BranchBoundMRV,8,1,0.008105040,457,1
medium_060,Medium,OMP-BranchBoundMRV,8,2,0.013293028,457,1
medium_060,Medium,OMP-BranchBoundMRV,8,3,0.008090019,457,1
medium_060,Medium,OMP-BranchBoundMRV,8,4,0.009932041,457,1
medium_060,Medium,OMP-BranchBoundMRV,8,5,0.012093067,457,1
medium_060,Medium,OMP-BranchBoundMRV,16,1,0.114496946,457,1
medium_060,Medium,OMP-BranchBoundMRV,16,2,0.040592194,457,1
medium_060,Medium,OMP-BranchBoundMRV,16,3,0.037284851,457,1
medium_060,Medium,OMP-BranchBoundMRV,16,4,0.035571098,457,1
medium_060,Medium,OMP-BranchBoundMRV,16,5,0.040894032,457,1
medium_061,Medium,Serial,1,1,0.061010125,121352,1
medium_061,Medium,Serial,1,2,0.061182042,121352,1
medium_061,Medium,Serial,1,3,0.060473916,121352,1
medium_061,Medium,Serial,1,4,0.062328208,121352,1
medium_061,Medium,Serial,1,5,0.060642625,121352,1
medium_061,Medium,Serial-MRV,1,1,0.016022000,908,1
medium_061,Medium,Serial-MRV,1,2,0.016040791,908,1
medium_061,Medium,Serial-MRV,1,3,0.016048708,908,1
medium_061,Medium,Serial-MRV,1,4,0.016091875,908,1
medium_061,Medium,Serial-MRV,1,5,0.016114250,908,1
medium_061,Medium,BranchBound,1,1,0.050559875,121352,1
medium_061,Medium,BranchBound,1,2,0.050596500,121352,1
medium_061,Medium,BranchBound,1,3,0.051577458,121352,1
medium_061,Medium,BranchBound,1,4,0.052519500,121352,1
medium_061,Medium,BranchBound,1,5,0.051065542,121352,1
medium_061,Medium,BranchBoundMRV,1,1,0.022235125,908,1
medium_061,Medium,BranchBoundMRV,1,2,0.022330375,908,1
medium_061,Medium,BranchBoundMRV,1,3,0.022012542,908,1
medium_061,Medium,BranchBoundMRV,1,4,0.022218375,908,1
medium_061,Medium,BranchBoundMRV,1,5,0.022247041,908,1
medium_061,Medium,OpenMP,4,1,0.005351067,581,1
medium_061,Medium,OpenMP,4,2,0.005341053,576,1
medium_061,Medium,OpenMP,4,3,0.005404234,580,1
medium_061,Medium,OpenMP,4,4,0.005311966,580,1
medium_061,Medium,OpenMP,4,5,0.005362988,581,1
medium_061,Medium,OpenMP,8,1,0.005342007,582,1
medium_061,Medium,OpenMP,8,2,0.005399942,583,1
medium_061,Medium,OpenMP,8,3,0.005775928,377,1
medium_061,Medium,OpenMP,8,4,0.005425930,582,1
medium_061,Medium,OpenMP,8,5,0.005346060,581,1
medium_061,Medium,OpenMP,16,1,0.018145084,581,1
medium_061,Medium,OpenMP,16,2,0.011640072,409,1
medium_061,Medium,OpenMP,16,3,0.021363020,409,1
medium_061,Medium,OpenMP,16,4,0.010631084,582,1
medium_061,Medium,OpenMP,16,5,0.015408993,475,1
medium_061,Medium,OMP-BranchBoundMRV,4,1,0.009756804,586,1
medium_061,Medium,OMP-BranchBoundMRV,4,2,0.007556915,574,1
medium_061,Medium,OMP-BranchBoundMRV,4,3,0.007490873,545,1
medium_061,Medium,OMP-BranchBoundMRV,4,4,0.007935047,594,1
medium_061,Medium,OMP-BranchBoundMRV,4,5,0.008249998,587,1
medium_061,Medium,OMP-BranchBoundMRV,8,1,0.012878895,751,1
medium_061,Medium,OMP-BranchBoundMRV,8,2,0.009644985,559,1
medium_061,Medium,OMP-BranchBoundMRV,8,3,0.012510061,540,1
medium_061,Medium,OMP-BranchBoundMRV,8,4,0.009288073,562,1
medium_061,Medium,OMP-BranchBoundMRV,8,5,0.010312080,461,1
medium_061,Medium,OMP-BranchBoundMRV,16,1,0.062835932,908,1
medium_061,Medium,OMP-BranchBoundMRV,16,2,0.076189995,805,1
medium_061,Medium,OMP-BranchBoundMRV,16,3,0.053716898,887,1
medium_061,Medium,OMP-BranchBoundMRV,16,4,0.022135973,521,1
medium_061,Medium,OMP-BranchBoundMRV,16,5,0.041109085,908,1
medium_062,Medium,Serial,1,1,0.004348833,8814,1
medium_062,Medium,Serial,1,2,0.004408625,8814,1
medium_062,Medium,Serial,1,3,0.004262750,8814,1
medium_062,Medium,Serial,1,4,0.004290000,8814,1
medium_062,Medium,Serial,1,5,0.004278708,8814,1
medium_062,Medium,Serial-MRV,1,1,0.004749834,345,1
medium_062,Medium,Serial-MRV,1,2,0.004695125,345,1
medium_062,Medium,Serial-MRV,1,3,0.004843916,345,1
medium_062,Medium,Serial-MRV,1,4,0.004766416,345,1
medium_062,Medium,Serial-MRV,1,5,0.004692500,345,1
medium_062,Medium,BranchBound,1,1,0.003896542,8814,1
medium_062,Medium,BranchBound,1,2,0.003822417,8814,1
medium_062,Medium,BranchBound,1,3,0.003831583,8814,1
medium_062,Medium,BranchBound,1,4,0.003866167,8814,1
medium_062,Medium,BranchBound,1,5,0.003820292,8814,1
medium_062,Medium,BranchBoundMRV,1,1,0.006101042,345,1
medium_062,Medium,BranchBoundMRV,1,2,0.006160167,345,1
medium_062,Medium,BranchBoundMRV,1,3,0.006098333,345,1
medium_062,Medium,BranchBoundMRV,1,4,0.006059125,345,1
medium_062,Medium,BranchBoundMRV,1,5,0.006099541,345,1
medium_062,Medium,OpenMP,4,1,0.005034208,345,1
medium_062,Medium,OpenMP,4,2,0.005010128,345,1
medium_062,Medium,OpenMP,4,3,0.005017996,345,1
medium_062,Medium,OpenMP,4,4,0.004992962,345,1
medium_062,Medium,OpenMP,4,5,0.005017996,345,1
medium_062,Medium,OpenMP,8,1,0.010900974,345,1
medium_062,Medium,OpenMP,8,2,0.004993916,345,1
medium_062,Medium,OpenMP,8,3,0.011921167,345,1
medium_062,Medium,OpenMP,8,4,0.005038977,345,1
medium_062,Medium,OpenMP,8,5,0.005012989,345,1
medium_062,Medium,OpenMP,16,1,0.041744947,345,1
medium_062,Medium,OpenMP,16,2,0.044516087,345,1
medium_062,Medium,OpenMP,16,3,0.036242962,345,1
medium_062,Medium,OpenMP,16,4,0.020668983,345,1
medium_062,Medium,OpenMP,16,5,0.012057066,345,1
medium_062,Medium,OMP-BranchBoundMRV,4,1,0.006716967,345,1
medium_062,Medium,OMP-BranchBoundMRV,4,2,0.006486177,345,1
medium_062,Medium,OMP-BranchBoundMRV,4,3,0.006558895,345,1
medium_062,Medium,OMP-BranchBoundMRV,4,4,0.006479979,345,1
medium_062,Medium,OMP-BranchBoundMRV,4,5,0.006455183,345,1
medium_062,Medium,OMP-BranchBoundMRV,8,1,0.011593103,345,1
medium_062,Medium,OMP-BranchBoundMRV,8,2,0.012722969,345,1
medium_062,Medium,OMP-BranchBoundMRV,8,3,0.013864040,345,1
medium_062,Medium,OMP-BranchBoundMRV,8,4,0.006487131,345,1
medium_062,Medium,OMP-BranchBoundMRV,8,5,0.006462097,345,1
medium_062,Medium,OMP-BranchBoundMRV,16,1,0.020338058,345,1
medium_062,Medium,OMP-BranchBoundMRV,16,2,0.026266098,345,1
medium_062,Medium,OMP-BranchBoundMRV,16,3,0.030169964,345,1
medium_062,Medium,OMP-BranchBoundMRV,16,4,0.036934137,345,1
medium_062,Medium,OMP-BranchBoundMRV,16,5,0.019084930,345,1
medium_063,Medium,Serial,1,1,0.015714208,29220,1
medium_063,Medium,Serial,1,2,0.015677000,29220,1
medium_063,Medium,Serial,1,3,0.015465417,29220,1
medium_063,Medium,Serial,1,4,0.015511791,29220,1
medium_063,Medium,Serial,1,5,0.015432292,29220,1
medium_063,Medium,Serial-MRV,1,1,0.010292208,578,1
medium_063,Medium,Serial-MRV,1,2,0.009726459,578,1
medium_063,Medium,Serial-MRV,1,3,0.009666459,578,1
medium_063,Medium,Serial-MRV,1,4,0.009752750,578,1
medium_063,Medium,Serial-MRV,1,5,0.009646875,578,1
medium_063,Medium,BranchBound,1,1,0.012558000,29220,1
medium_063,Medium,BranchBound,1,2,0.012383125,29220,1
medium_063,Medium,BranchBound,1,3,0.012452958,29220,1
medium_063,Medium,BranchBound,1,4,0.012386084,29220,1
medium_063,Medium,BranchBound,1,5,0.012554209,29220,1
medium_063,Medium,BranchBoundMRV,1,1,0.013176292,578,1
medium_063,Medium,BranchBoundMRV,1,2,0.013649875,578,1
medium_063,Medium,BranchBoundMRV,1,3,0.013886584,578,1
medium_063,Medium,BranchBoundMRV,1,4,0.013783209,578,1
medium_063,Medium,BranchBoundMRV,1,5,0.013705083,578,1
medium_063,Medium,OpenMP,4,1,0.002307177,464,1
medium_063,Medium,OpenMP,4,2,0.002136946,464,1
medium_063,Medium,OpenMP,4,3,0.002204895,480,1
medium_063,Medium,OpenMP,4,4,0.002426863,530,1
medium_063,Medium,OpenMP,4,5,0.002168894,484,1
medium_063,Medium,OpenMP,8,1,0.002182961,411,1
medium_063,Medium,OpenMP,8,2,0.002156019,254,1
medium_063,Medium,OpenMP,8,3,0.003331900,452,1
medium_063,Medium,OpenMP,8,4,0.004894018,773,1
medium_063,Medium,OpenMP,8,5,0.003150940,451,1
medium_063,Medium,OpenMP,16,1,0.008143902,337,1
medium_063,Medium,OpenMP,16,2,0.017506838,249,1
medium_063,Medium,OpenMP,16,3,0.010373116,527,1
medium_063,Medium,OpenMP,16,4,0.012673140,407,1
medium_063,Medium,OpenMP,16,5,0.025059938,338,1
medium_063,Medium,OMP-BranchBoundMRV,4,1,0.002943993,460,1
medium_063,Medium,OMP-BranchBoundMRV,4,2,0.002883911,459,1
medium_063,Medium,OMP-BranchBoundMRV,4,3,0.002979040,473,1
medium_063,Medium,OMP-BranchBoundMRV,4,4,0.002883911,459,1
medium_063,Medium,OMP-BranchBoundMRV,4,5,0.002882004,459,1
medium_063,Medium,OMP-BranchBoundMRV,8,1,0.004312038,345,1
medium_063,Medium,OMP-BranchBoundMRV,8,2,0.002948046,324,1
medium_063,Medium,OMP-BranchBoundMRV,8,3,0.003166914,415,1
medium_063,Medium,OMP-BranchBoundMRV,8,4,0.002905846,373,1
medium_063,Medium,OMP-BranchBoundMRV,8,5,0.002894878,360,1
medium_063,Medium,OMP-BranchBoundMRV,16,1,0.088395834,648,1
medium_063,Medium,OMP-BranchBoundMRV,16,2,0.016759157,352,1
medium_063,Medium,OMP-BranchBoundMRV,16,3,0.014004946,770,1
medium_063,Medium,OMP-BranchBoundMRV,16,4,0.005835056,405,1
medium_063,Medium,OMP-BranchBoundMRV,16,5,0.011142015,775,1
medium_064,Medium,Serial,1,1,0.001395875,2704,1
medium_064,Medium,Serial,1,2,0.001301667,2704,1
medium_064,Medium,Serial,1,3,0.001416791,2704,1
medium_064,Medium,Serial,1,4,0.001337750,2704,1
medium_064,Medium,Serial,1,5,0.001269833,2704,1
medium_064,Medium,Serial-MRV,1,1,0.005788750,337,1
medium_064,Medium,Serial-MRV,1,2,0.005684209,337,1
medium_064,Medium,Serial-MRV,1,3,0.005547208,337,1
medium_064,Medium,Serial-MRV,1,4,0.005684333,337,1
medium_064,Medium,Serial-MRV,1,5,0.005812958,337,1
medium_064,Medium,BranchBound,1,1,0.001219875,2704,1
medium_064,Medium,BranchBound,1,2,0.001172583,2704,1
medium_064,Medium,BranchBound,1,3,0.001199958,2704,1
medium_064,Medium,BranchBound,1,4,0.001176375,2704,1
medium_064,Medium,BranchBound,1,5,0.001165417,2704,1
medium_064,Medium,BranchBoundMRV,1,1,0.007165042,337,1
medium_064,Medium,BranchBoundMRV,1,2,0.007147959,337,1
medium_064,Medium,BranchBoundMRV,1,3,0.007216292,337,1
medium_064,Medium,BranchBoundMRV,1,4,0.007152625,337,1
medium_064,Medium,BranchBoundMRV,1,5,0.007064750,337,1
medium_064,Medium,OpenMP,4,1,0.000986814,150,1
medium_064,Medium,OpenMP,4,2,0.000946045,151,1
medium_064,Medium,OpenMP,4,3,0.000964880,155,1
medium_064,Medium,OpenMP,4,4,0.000941992,151,1
medium_064,Medium,OpenMP,4,5,0.000964165,155,1
medium_064,Medium,OpenMP,8,1,0.001230955,169,1
medium_064,Medium,OpenMP,8,2,0.001455069,124,1
medium_064,Medium,OpenMP,8,3,0.001013041,153,1
medium_064,Medium,OpenMP,8,4,0.004032135,146,1
medium_064,Medium,OpenMP,8,5,0.002468109,123,1
medium_064,Medium,OpenMP,16,1,0.019466162,339,1
medium_064,Medium,OpenMP,16,2,0.002514124,156,1
medium_064,Medium,OpenMP,16,3,0.008922100,156,1
medium_064,Medium,OpenMP,16,4,0.020655870,153,1
medium_064,Medium,OpenMP,16,5,0.055748940,153,1
medium_064,Medium,OMP-BranchBoundMRV,4,1,0.001840115,200,1
medium_064,Medium,OMP-BranchBoundMRV,4,2,0.002086163,192,1
medium_064,Medium,OMP-BranchBoundMRV,4,3,0.001525164,163,1
medium_064,Medium,OMP-BranchBoundMRV,4,4,0.001244068,149,1
medium_064,Medium,OMP-BranchBoundMRV,4,5,0.001355886,119,1
medium_064,Medium,OMP-BranchBoundMRV,8,1,0.003235102,226,1
medium_064,Medium,OMP-BranchBoundMRV,8,2,0.003582001,179,1
medium_064,Medium,OMP-BranchBoundMRV,8,3,0.003313065,81,1
medium_064,Medium,OMP-BranchBoundMRV,8,4,0.001909018,150,1
medium_064,Medium,OMP-BranchBoundMRV,8,5,0.002295971,217,1
medium_064,Medium,OMP-BranchBoundMRV,16,1,0.050982952,339,1
medium_064,Medium,OMP-BranchBoundMRV,16,2,0.008705139,71,1
medium_064,Medium,OMP-BranchBoundMRV,16,3,0.008880138,190,1
medium_064,Medium,OMP-BranchBoundMRV,16,4,0.039935112,339,1
medium_064,Medium,OMP-BranchBoundMRV,16,5,0.042971849,258,1
medium_065,Medium,Serial,1,1,0.006852542,13545,1
medium_065,Medium,Serial,1,2,0.006806042,13545,1
medium_065,Medium,Serial,1,3,0.006814500,13545,1
medium_065,Medium,Serial,1,4,0.006807250,13545,1
medium_065,Medium,Serial,1,5,0.006914167,13545,1
medium_065,Medium,Serial-MRV,1,1,0.007935834,526,1
medium_065,Medium,Serial-MRV,1,2,0.007791209,526,1
medium_065,Medium,Serial-MRV,1,3,0.007698084,526,1
medium_065,Medium,Serial-MRV,1,4,0.007817500,526,1
medium_065,Medium,Serial-MRV,1,5,0.007616958,526,1
medium_065,Medium,BranchBound,1,1,0.006095625,13545,1
medium_065,Medium,BranchBound,1,2,0.005819333,13545,1
medium_065,Medium,BranchBound,1,3,0.005957500,13545,1
medium_065,Medium,BranchBound,1,4,0.005931041,13545,1
medium_065,Medium,BranchBound,1,5,0.005971750,13545,1
medium_065,Medium,BranchBoundMRV,1,1,0.010395542,526,1
medium_065,Medium,BranchBoundMRV,1,2,0.010334583,526,1
medium_065,Medium,BranchBoundMRV,1,3,0.010382875,526,1
medium_065,Medium,BranchBoundMRV,1,4,0.010231458,526,1
medium_065,Medium,BranchBoundMRV,1,5,0.010326584,526,1
medium_065,Medium,OpenMP,4,1,0.008095026,526,1
medium_065,Medium,OpenMP,4,2,0.007937193,526,1
medium_065,Medium,OpenMP,4,3,0.007893085,526,1
medium_065,Medium,OpenMP,4,4,0.007827997,526,1
medium_065,Medium,OpenMP,4,5,0.007813931,526,1
medium_065,Medium,OpenMP,8,1,0.007843018,526,1
medium_065,Medium,OpenMP,8,2,0.007865191,526,1
medium_065,Medium,OpenMP,8,3,0.018537998,526,1
medium_065,Medium,OpenMP,8,4,0.007824898,526,1
medium_065,Medium,OpenMP,8,5,0.007867098,526,1
medium_065,Medium,OpenMP,16,1,0.054917097,526,1
medium_065,Medium,OpenMP,16,2,0.064426184,526,1
medium_065,Medium,OpenMP,16,3,0.030717850,526,1
medium_065,Medium,OpenMP,16,4,0.028002977,526,1
medium_065,Medium,OpenMP,16,5,0.026362896,526,1
medium_065,Medium,OMP-BranchBoundMRV,4,1,0.010542870,526,1
medium_065,Medium,OMP-BranchBoundMRV,4,2,0.010776997,526,1
medium_065,Medium,OMP-BranchBoundMRV,4,3,0.010553122,526,1
medium_065,Medium,OMP-BranchBoundMRV,4,4,0.010584116,526,1
medium_065,Medium,OMP-BranchBoundMRV,4,5,0.010544062,526,1
medium_065,Medium,OMP-BranchBoundMRV,8,1,0.011366129,526,1
medium_065,Medium,OMP-BranchBoundMRV,8,2,0.011179924,526,1
medium_065,Medium,OMP-BranchBoundMRV,8,3,0.011146069,526,1
medium_065,Medium,OMP-BranchBoundMRV,8,4,0.011569977,526,1
medium_065,Medium,OMP-BranchBoundMRV,8,5,0.010560989,526,1
medium_065,Medium,OMP-BranchBoundMRV,16,1,0.043918848,526,1
medium_065,Medium,OMP-BranchBoundMRV,16,2,0.036126137,526,1
medium_065,Medium,OMP-BranchBoundMRV,16,3,0.019685030,526,1
medium_065,Medium,OMP-BranchBoundMRV,16,4,0.021436930,526,1
medium_065,Medium,OMP-BranchBoundMRV,16,5,0.028162003,526,1
medium_066,Medium,Serial,1,1,0.003401000,7037,1
medium_066,Medium,Serial,1,2,0.003234292,7037,1
medium_066,Medium,Serial,1,3,0.003188250,7037,1
medium_066,Medium,Serial,1,4,0.003267916,7037,1
medium_066,Medium,Serial,1,5,0.003242250,7037,1
medium_066,Medium,Serial-MRV,1,1,0.005284667,291,1
medium_066,Medium,Serial-MRV,1,2,0.005293333,291,1
medium_066,Medium,Serial-MRV,1,3,0.005295792,291,1
medium_066,Medium,Serial-MRV,1,4,0.005262625,291,1
medium_066,Medium,Serial-MRV,1,5,0.005317458,291,1
medium_066,Medium,BranchBound,1,1,0.002939166,7037,1
medium_066,Medium,BranchBound,1,2,0.002897208,7037,1
medium_066,Medium,BranchBound,1,3,0.002729291,7037,1
medium_066,Medium,BranchBound,1,4,0.002863584,7037,1
medium_066,Medium,BranchBound,1,5,0.002740792,7037,1
medium_066,Medium,BranchBoundMRV,1,1,0.006220250,291,1
medium_066,Medium,BranchBoundMRV,1,2,0.006125875,291,1
medium_066,Medium,BranchBoundMRV,1,3,0.006089208,291,1
medium_066,Medium,BranchBoundMRV,1,4,0.006162000,291,1
medium_066,Medium,BranchBoundMRV,1,5,0.006209750,291,1
medium_066,Medium,OpenMP,4,1,0.005399942,291,1
medium_066,Medium,OpenMP,4,2,0.005374908,291,1
medium_066,Medium,OpenMP,4,3,0.005402803,291,1
medium_066,Medium,OpenMP,4,4,0.005380869,291,1
medium_066,Medium,OpenMP,4,5,0.005378008,291,1
medium_066,Medium,OpenMP,8,1,0.005410194,291,1
medium_066,Medium,OpenMP,8,2,0.011298895,291,1
medium_066,Medium,OpenMP,8,3,0.005377054,291,1
medium_066,Medium,OpenMP,8,4,0.005372047,291,1
medium_066,Medium,OpenMP,8,5,0.005492210,291,1
medium_066,Medium,OpenMP,16,1,0.060594797,291,1
medium_066,Medium,OpenMP,16,2,0.016045094,291,1
medium_066,Medium,OpenMP,16,3,0.010581017,291,1
medium_066,Medium,OpenMP,16,4,0.009744883,291,1
medium_066,Medium,OpenMP,16,5,0.007041931,291,1
medium_066,Medium,OMP-BranchBoundMRV,4,1,0.006618977,291,1
medium_066,Medium,OMP-BranchBoundMRV,4,2,0.006676912,291,1
medium_066,Medium,OMP-BranchBoundMRV,4,3,0.006753922,291,1
medium_066,Medium,OMP-BranchBoundMRV,4,4,0.006520033,291,1
medium_066,Medium,OMP-BranchBoundMRV,4,5,0.006549835,291,1
medium_066,Medium,OMP-BranchBoundMRV,8,1,0.012602091,291,1
medium_066,Medium,OMP-BranchBoundMRV,8,2,0.010102034,291,1
medium_066,Medium,OMP-BranchBoundMRV,8,3,0.006476879,291,1
medium_066,Medium,OMP-BranchBoundMRV,8,4,0.009885073,291,1
medium_066,Medium,OMP-BranchBoundMRV,8,5,0.006479025,291,1
medium_066,Medium,OMP-BranchBoundMRV,16,1,0.020452976,291,1
medium_066,Medium,OMP-BranchBoundMRV,16,2,0.128125906,291,1
medium_066,Medium,OMP-BranchBoundMRV,16,3,0.030053854,291,1
medium_066,Medium,OMP-BranchBoundMRV,16,4,0.020474911,291,1
medium_066,Medium,OMP-BranchBoundMRV,16,5,0.081773043,291,1
medium_067,Medium,Serial,1,1,0.002877542,6028,1
medium_067,Medium,Serial,1,2,0.002702542,6028,1
medium_067,Medium,Serial,1,3,0.002708459,6028,1
medium_067,Medium,Serial,1,4,0.002737250,6028,1
medium_067,Medium,Serial,1,5,0.002723333,6028,1
medium_067,Medium,Serial-MRV,1,1,0.004003542,252,1
medium_067,Medium,Serial-MRV,1,2,0.004026791,252,1
medium_067,Medium,Serial-MRV,1,3,0.004034500,252,1
medium_067,Medium,Serial-MRV,1,4,0.004002375,252,1
medium_067,Medium,Serial-MRV,1,5,0.004035875,252,1
medium_067,Medium,BranchBound,1,1,0.002487583,6028,1
medium_067,Medium,BranchBound,1,2,0.002491500,6028,1
medium_067,Medium,BranchBound,1,3,0.002494917,6028,1
medium_067,Medium,BranchBound,1,4,0.002483917,6028,1
medium_067,Medium,BranchBound,1,5,0.002483583,6028,1
medium_067,Medium,BranchBoundMRV,1,1,0.005208958,252,1
medium_067,Medium,BranchBoundMRV,1,2,0.005207791,252,1
medium_067,Medium,BranchBoundMRV,1,3,0.005207833,252,1
medium_067,Medium,BranchBoundMRV,1,4,0.005165042,252,1
medium_067,Medium,BranchBoundMRV,1,5,0.005257709,252,1
medium_067,Medium,OpenMP,4,1,0.004284143,462,1
medium_067,Medium,OpenMP,4,2,0.004276991,463,1
medium_067,Medium,OpenMP,4,3,0.004265070,463,1
medium_067,Medium,OpenMP,4,4,0.004268169,463,1
medium_067,Medium,OpenMP,4,5,0.004271984,463,1
medium_067,Medium,OpenMP,8,1,0.004283905,463,1
medium_067,Medium,OpenMP,8,2,0.004309893,460,1
medium_067,Medium,OpenMP,8,3,0.004300833,334,1
medium_067,Medium,OpenMP,8,4,0.010660887,568,1
medium_067,Medium,OpenMP,8,5,0.010125875,568,1
medium_067,Medium,OpenMP,16,1,0.110674143,568,1
medium_067,Medium,OpenMP,16,2,0.092395067,284,1
medium_067,Medium,OpenMP,16,3,0.025041103,462,1
medium_067,Medium,OpenMP,16,4,0.060572863,568,1
medium_067,Medium,OpenMP,16,5,0.042659044,568,1
medium_067,Medium,OMP-BranchBoundMRV,4,1,0.005532980,470,1
medium_067,Medium,OMP-BranchBoundMRV,4,2,0.005520105,470,1
medium_067,Medium,OMP-BranchBoundMRV,4,3,0.005537033,470,1
medium_067,Medium,OMP-BranchBoundMRV,4,4,0.005507946,470,1
medium_067,Medium,OMP-BranchBoundMRV,4,5,0.005506039,470,1
medium_067,Medium,OMP-BranchBoundMRV,8,1,0.005544901,339,1
medium_067,Medium,OMP-BranchBoundMRV,8,2,0.007733822,346,1
medium_067,Medium,OMP-BranchBoundMRV,8,3,0.005527020,343,1
medium_067,Medium,OMP-BranchBoundMRV,8,4,0.010090113,470,1
medium_067,Medium,OMP-BranchBoundMRV,8,5,0.005517006,470,1
medium_067,Medium,OMP-BranchBoundMRV,16,1,0.124726057,344,1
medium_067,Medium,OMP-BranchBoundMRV,16,2,0.031459808,254,1
medium_067,Medium,OMP-BranchBoundMRV,16,3,0.070955038,344,1
medium_067,Medium,OMP-BranchBoundMRV,16,4,0.050227880,473,1
medium_067,Medium,OMP-BranchBoundMRV,16,5,0.050541878,469,1
medium_068,Medium,Serial,1,1,0.005035541,9454,1
medium_068,Medium,Serial,1,2,0.004796791,9454,1
medium_068,Medium,Serial,1,3,0.004809292,9454,1
medium_068,Medium,Serial,1,4,0.004820833,9454,1
medium_068,Medium,Serial,1,5,0.004818667,9454,1
medium_068,Medium,Serial-MRV,1,1,0.004591042,320,1
medium_068,Medium,Serial-MRV,1,2,0.004605917,320,1
medium_068,Medium,Serial-MRV,1,3,0.004575417,320,1
medium_068,Medium,Serial-MRV,1,4,0.004584041,320,1
medium_068,Medium,Serial-MRV,1,5,0.004590000,320,1
medium_068,Medium,BranchBound,1,1,0.003924375,9454,1
medium_068,Medium,BranchBound,1,2,0.003899875,9454,1
medium_068,Medium,BranchBound,1,3,0.003903041,9454,1
medium_068,Medium,BranchBound,1,4,0.003925875,9454,1
medium_068,Medium,BranchBound,1,5,0.003906875,9454,1
medium_068,Medium,BranchBoundMRV,1,1,0.005928458,320,1
medium_068,Medium,BranchBoundMRV,1,2,0.005936584,320,1
medium_068,Medium,BranchBoundMRV,1,3,0.005959584,320,1
medium_068,Medium,BranchBoundMRV,1,4,0.005943959,320,1
medium_068,Medium,BranchBoundMRV,1,5,0.005908667,320,1
medium_068,Medium,OpenMP,4,1,0.003042936,322,1
medium_068,Medium,OpenMP,4,2,0.003077984,322,1
medium_068,Medium,OpenMP,4,3,0.003031969,322,1
medium_068,Medium,OpenMP,4,4,0.003021002,322,1
medium_068,Medium,OpenMP,4,5,0.003031015,322,1
medium_068,Medium,OpenMP,8,1,0.003078938,285,1
medium_068,Medium,OpenMP,8,2,0.007318974,322,1
medium_068,Medium,OpenMP,8,3,0.003038168,322,1
medium_068,Medium,OpenMP,8,4,0.003035069,322,1
medium_068,Medium,OpenMP,8,5,0.003031015,322,1
medium_068,Medium,OpenMP,16,1,0.026401997,322,1
medium_068,Medium,OpenMP,16,2,0.016601086,322,1
medium_068,Medium,OpenMP,16,3,0.085247993,322,1
medium_068,Medium,OpenMP,16,4,0.120261908,225,1
medium_068,Medium,OpenMP,16,5,0.079342842,322,1
medium_068,Medium,OMP-BranchBoundMRV,4,1,0.004369020,322,1
medium_068,Medium,OMP-BranchBoundMRV,4,2,0.003937006,322,1
medium_068,Medium,OMP-BranchBoundMRV,4,3,0.003943920,322,1
medium_068,Medium,OMP-BranchBoundMRV,4,4,0.003942013,322,1
medium_068,Medium,OMP-BranchBoundMRV,4,5,0.003958941,322,1
medium_068,Medium,OMP-BranchBoundMRV,8,1,0.003954172,322,1
medium_068,Medium,OMP-BranchBoundMRV,8,2,0.009447098,322,1
medium_068,Medium,OMP-BranchBoundMRV,8,3,0.003978014,322,1
medium_068,Medium,OMP-BranchBoundMRV,8,4,0.010404825,322,1
medium_068,Medium,OMP-BranchBoundMRV,8,5,0.003958941,284,1
medium_068,Medium,OMP-BranchBoundMRV,16,1,0.092366934,289,1
medium_068,Medium,OMP-BranchBoundMRV,16,2,0.032779932,322,1
medium_068,Medium,OMP-BranchBoundMRV,16,3,0.030466080,289,1
medium_068,Medium,OMP-BranchBoundMRV,16,4,0.050755978,322,1
medium_068,Medium,OMP-BranchBoundMRV,16,5,0.060626984,322,1
medium_069,Medium,Serial,1,1,0.002698667,5282,1
medium_069,Medium,Serial,1,2,0.002492125,5282,1
medium_069,Medium,Serial,1,3,0.002480625,5282,1
medium_069,Medium,Serial,1,4,0.002498416,5282,1
medium_069,Medium,Serial,1,5,0.002478167,5282,1
medium_069,Medium,Serial-MRV,1,1,0.005958000,436,1
medium_069,Medium,Serial-MRV,1,2,0.005946583,436,1
medium_069,Medium,Serial-MRV,1,3,0.005967625,436,1
medium_069,Medium,Serial-MRV,1,4,0.005939583,436,1
medium_069,Medium,Serial-MRV,1,5,0.005940041,436,1
medium_069,Medium,BranchBound,1,1,0.002287792,5282,1
medium_069,Medium,BranchBound,1,2,0.002283750,5282,1
medium_069,Medium,BranchBound,1,3,0.002283458,5282,1
medium_069,Medium,BranchBound,1,4,0.002296458,5282,1
medium_069,Medium,BranchBound,1,5,0.002283542,5282,1
medium_069,Medium,BranchBoundMRV,1,1,0.007969000,436,1
medium_069,Medium,BranchBoundMRV,1,2,0.007877458,436,1
medium_069,Medium,BranchBoundMRV,1,3,0.007834375,436,1
medium_069,Medium,BranchBoundMRV,1,4,0.007832292,436,1
medium_069,Medium,BranchBoundMRV,1,5,0.007842583,436,1
medium_069,Medium,OpenMP,4,1,0.000994921,121,1
medium_069,Medium,OpenMP,4,2,0.000982046,121,1
medium_069,Medium,OpenMP,4,3,0.000972033,121,1
medium_069,Medium,OpenMP,4,4,0.000975847,121,1
medium_069,Medium,OpenMP,4,5,0.000981092,121,1
medium_069,Medium,OpenMP,8,1,0.002195120,203,1
medium_069,Medium,OpenMP,8,2,0.000981808,122,1
medium_069,Medium,OpenMP,8,3,0.002187014,203,1
medium_069,Medium,OpenMP,8,4,0.000972033,121,1
medium_069,Medium,OpenMP,8,5,0.001013994,121,1
medium_069,Medium,OpenMP,16,1,0.029978991,120,1
medium_069,Medium,OpenMP,16,2,0.050163031,121,1
medium_069,Medium,OpenMP,16,3,0.061984062,81,1
medium_069,Medium,OpenMP,16,4,0.021668196,204,1
medium_069,Medium,OpenMP,16,5,0.059493065,121,1
medium_069,Medium,OMP-BranchBoundMRV,4,1,0.001303911,113,1
medium_069,Medium,OMP-BranchBoundMRV,4,2,0.001294851,113,1
medium_069,Medium,OMP-BranchBoundMRV,4,3,0.001310110,115,1
medium_069,Medium,OMP-BranchBoundMRV,4,4,0.001293898,114,1
medium_069,Medium,OMP-BranchBoundMRV,4,5,0.001288891,114,1
medium_069,Medium,OMP-BranchBoundMRV,8,1,0.001312017,113,1
medium_069,Medium,OMP-BranchBoundMRV,8,2,0.004074097,255,1
medium_069,Medium,OMP-BranchBoundMRV,8,3,0.001291990,113,1
medium_069,Medium,OMP-BranchBoundMRV,8,4,0.001288891,113,1
medium_069,Medium,OMP-BranchBoundMRV,8,5,0.001288891,113,1
medium_069,Medium,OMP-BranchBoundMRV,16,1,0.052700043,113,1
medium_069,Medium,OMP-BranchBoundMRV,16,2,0.050117016,113,1
medium_069,Medium,OMP-BranchBoundMRV,16,3,0.060667992,196,1
medium_069,Medium,OMP-BranchBoundMRV,16,4,0.037437916,117,1
medium_069,Medium,OMP-BranchBoundMRV,16,5,0.055001020,198,1
medium_070,Medium,Serial,1,1,0.042318959,87678,1
medium_070,Medium,Serial,1,2,0.042183000,87678,1
medium_070,Medium,Serial,1,3,0.042117833,87678,1
medium_070,Medium,Serial,1,4,0.042276834,87678,1
medium_070,Medium,Serial,1,5,0.042291917,87678,1
medium_070,Medium,Serial-MRV,1,1,0.002640167,208,1
medium_070,Medium,Serial-MRV,1,2,0.002618792,208,1
medium_070,Medium,Serial-MRV,1,3,0.002614542,208,1
medium_070,Medium,Serial-MRV,1,4,0.002700667,208,1
medium_070,Medium,Serial-MRV,1,5,0.002659000,208,1
medium_070,Medium,BranchBound,1,1,0.036748000,87678,1
medium_070,Medium,BranchBound,1,2,0.036636916,87678,1
medium_070,Medium,BranchBound,1,3,0.036742750,87678,1
medium_070,Medium,BranchBound,1,4,0.036656959,87678,1
medium_070,Medium,BranchBound,1,5,0.036732250,87678,1
medium_070,Medium,BranchBoundMRV,1,1,0.003714417,208,1
medium_070,Medium,BranchBoundMRV,1,2,0.003698875,208,1
medium_070,Medium,BranchBoundMRV,1,3,0.003698125,208,1
medium_070,Medium,BranchBoundMRV,1,4,0.003784208,208,1
medium_070,Medium,BranchBoundMRV,1,5,0.003699791,208,1
medium_070,Medium,OpenMP,4,1,0.002827883,208,1
medium_070,Medium,OpenMP,4,2,0.002828836,208,1
medium_070,Medium,OpenMP,4,3,0.002809048,208,1
medium_070,Medium,OpenMP,4,4,0.002813101,208,1
medium_070,Medium,OpenMP,4,5,0.002840996,208,1
medium_070,Medium,OpenMP,8,1,0.002834082,208,1
medium_070,Medium,OpenMP,8,2,0.002880096,208,1
medium_070,Medium,OpenMP,8,3,0.002870083,208,1
medium_070,Medium,OpenMP,8,4,0.002822161,208,1
medium_070,Medium,OpenMP,8,5,0.002829075,208,1
medium_070,Medium,OpenMP,16,1,0.017150879,208,1
medium_070,Medium,OpenMP,16,2,0.030220032,208,1
medium_070,Medium,OpenMP,16,3,0.040210009,208,1
medium_070,Medium,OpenMP,16,4,0.062982082,208,1
medium_070,Medium,OpenMP,16,5,0.045780182,208,1
medium_070,Medium,OMP-BranchBoundMRV,4,1,0.003946066,208,1
medium_070,Medium,OMP-BranchBoundMRV,4,2,0.003957987,208,1
medium_070,Medium,OMP-BranchBoundMRV,4,3,0.003941059,208,1
medium_070,Medium,OMP-BranchBoundMRV,4,4,0.003937960,208,1
medium_070,Medium,OMP-BranchBoundMRV,4,5,0.004445076,208,1
medium_070,Medium,OMP-BranchBoundMRV,8,1,0.003952026,208,1
medium_070,Medium,OMP-BranchBoundMRV,8,2,0.005554914,208,1
medium_070,Medium,OMP-BranchBoundMRV,8,3,0.003957033,208,1
medium_070,Medium,OMP-BranchBoundMRV,8,4,0.003957987,208,1
medium_070,Medium,OMP-BranchBoundMRV,8,5,0.003983974,208,1
medium_070,Medium,OMP-BranchBoundMRV,16,1,0.041945934,208,1
medium_070,Medium,OMP-BranchBoundMRV,16,2,0.026111841,208,1
medium_070,Medium,OMP-BranchBoundMRV,16,3,0.039171934,208,1
medium_070,Medium,OMP-BranchBoundMRV,16,4,0.020226002,208,1
medium_070,Medium,OMP-BranchBoundMRV,16,5,0.052603960,208,1
medium_071,Medium,Serial,1,1,0.002878834,5261,1
medium_071,Medium,Serial,1,2,0.002668667,5261,1
medium_071,Medium,Serial,1,3,0.002738583,5261,1
medium_071,Medium,Serial,1,4,0.002675458,5261,1
medium_071,Medium,Serial,1,5,0.002684792,5261,1
medium_071,Medium,Serial-MRV,1,1,0.005919750,411,1
medium_071,Medium,Serial-MRV,1,2,0.005975750,411,1
medium_071,Medium,Serial-MRV,1,3,0.005973708,411,1
medium_071,Medium,Serial-MRV,1,4,0.005905292,411,1
medium_071,Medium,Serial-MRV,1,5,0.005917584,411,1
medium_071,Medium,BranchBound,1,1,0.002195500,5261,1
medium_071,Medium,BranchBound,1,2,0.002189500,5261,1
medium_071,Medium,BranchBound,1,3,0.002194375,5261,1
medium_071,Medium,BranchBound,1,4,0.002190334,5261,1
medium_071,Medium,BranchBound,1,5,0.002200583,5261,1
medium_071,Medium,BranchBoundMRV,1,1,0.008024458,411,1
medium_071,Medium,BranchBoundMRV,1,2,0.007940500,411,1
medium_071,Medium,BranchBoundMRV,1,3,0.007932875,411,1
medium_071,Medium,BranchBoundMRV,1,4,0.007937125,411,1
medium_071,Medium,BranchBoundMRV,1,5,0.007959500,411,1
medium_071,Medium,OpenMP,4,1,0.001795053,322,1
medium_071,Medium,OpenMP,4,2,0.001784086,320,1
medium_071,Medium,OpenMP,4,3,0.001779079,323,1
medium_071,Medium,OpenMP,4,4,0.001778126,323,1
medium_071,Medium,OpenMP,4,5,0.001768112,321,1
medium_071,Medium,OpenMP,8,1,0.004136086,518,1
medium_071,Medium,OpenMP,8,2,0.004366159,517,1
medium_071,Medium,OpenMP,8,3,0.002724886,233,1
medium_071,Medium,OpenMP,8,4,0.001835108,233,1
medium_071,Medium,OpenMP,8,5,0.004144907,472,1
medium_071,Medium,OpenMP,16,1,0.178545952,510,1
medium_071,Medium,OpenMP,16,2,0.039040089,282,1
medium_071,Medium,OpenMP,16,3,0.031354904,542,1
medium_071,Medium,OpenMP,16,4,0.040375948,494,1
medium_071,Medium,OpenMP,16,5,0.070757866,521,1
medium_071,Medium,OMP-BranchBoundMRV,4,1,0.002695084,471,1
medium_071,Medium,OMP-BranchBoundMRV,4,2,0.002591133,470,1
medium_071,Medium,OMP-BranchBoundMRV,4,3,0.002576113,471,1
medium_071,Medium,OMP-BranchBoundMRV,4,4,0.002599955,469,1
medium_071,Medium,OMP-BranchBoundMRV,4,5,0.002583027,471,1
medium_071,Medium,OMP-BranchBoundMRV,8,1,0.002619982,334,1
medium_071,Medium,OMP-BranchBoundMRV,8,2,0.005786896,497,1
medium_071,Medium,OMP-BranchBoundMRV,8,3,0.002584934,305,1
medium_071,Medium,OMP-BranchBoundMRV,8,4,0.002580166,376,1
medium_071,Medium,OMP-BranchBoundMRV,8,5,0.002609968,414,1
medium_071,Medium,OMP-BranchBoundMRV,16,1,0.046204805,302,1
medium_071,Medium,OMP-BranchBoundMRV,16,2,0.030209064,511,1
medium_071,Medium,OMP-BranchBoundMRV,16,3,0.028872967,542,1
medium_071,Medium,OMP-BranchBoundMRV,16,4,0.041318178,542,1
medium_071,Medium,OMP-BranchBoundMRV,16,5,0.060611010,517,1
medium_072,Medium,Serial,1,1,0.014855583,30449,1
medium_072,Medium,Serial,1,2,0.014801667,30449,1
medium_072,Medium,Serial,1,3,0.014837041,30449,1
medium_072,Medium,Serial,1,4,0.015098042,30449,1
medium_072,Medium,Serial,1,5,0.014980917,30449,1
medium_072,Medium,Serial-MRV,1,1,0.005601791,434,1
medium_072,Medium,Serial-MRV,1,2,0.005702625,434,1
medium_072,Medium,Serial-MRV,1,3,0.005610792,434,1
medium_072,Medium,Serial-MRV,1,4,0.005598416,434,1
medium_072,Medium,Serial-MRV,1,5,0.005645125,434,1
medium_072,Medium,BranchBound,1,1,0.012461958,30449,1
medium_072,Medium,BranchBound,1,2,0.012323250,30449,1
medium_072,Medium,BranchBound,1,3,0.012384875,30449,1
medium_072,Medium,BranchBound,1,4,0.012447208,30449,1
medium_072,Medium,BranchBound,1,5,0.012343250,30449,1
medium_072,Medium,BranchBoundMRV,1,1,0.007992042,434,1
medium_072,Medium,BranchBoundMRV,1,2,0.007969959,434,1
medium_072,Medium,BranchBoundMRV,1,3,0.007997000,434,1
medium_072,Medium,BranchBoundMRV,1,4,0.007989083,434,1
medium_072,Medium,BranchBoundMRV,1,5,0.008102542,434,1
medium_072,Medium,OpenMP,4,1,0.005973816,434,1
medium_072,Medium,OpenMP,4,2,0.005934954,434,1
medium_072,Medium,OpenMP,4,3,0.005923986,434,1
medium_072,Medium,OpenMP,4,4,0.005930901,434,1
medium_072,Medium,OpenMP,4,5,0.005921841,434,1
medium_072,Medium,OpenMP,8,1,0.005938053,434,1
medium_072,Medium,OpenMP,8,2,0.005920172,434,1
medium_072,Medium,OpenMP,8,3,0.005947113,434,1
medium_072,Medium,OpenMP,8,4,0.005949020,434,1
medium_072,Medium,OpenMP,8,5,0.005966902,434,1
medium_072,Medium,OpenMP,16,1,0.020257950,434,1
medium_072,Medium,OpenMP,16,2,0.020168066,434,1
medium_072,Medium,OpenMP,16,3,0.105990171,434,1
medium_072,Medium,OpenMP,16,4,0.069534063,434,1
medium_072,Medium,OpenMP,16,5,0.041218996,434,1
medium_072,Medium,OMP-BranchBoundMRV,4,1,0.008506060,434,1
medium_072,Medium,OMP-BranchBoundMRV,4,2,0.008577824,434,1
medium_072,Medium,OMP-BranchBoundMRV,4,3,0.008483887,434,1
medium_072,Medium,OMP-BranchBoundMRV,4,4,0.008486986,434,1
medium_072,Medium,OMP-BranchBoundMRV,4,5,0.008481026,434,1
medium_072,Medium,OMP-BranchBoundMRV,8,1,0.008502007,434,1
medium_072,Medium,OMP-BranchBoundMRV,8,2,0.008491039,434,1
medium_072,Medium,OMP-BranchBoundMRV,8,3,0.008492947,434,1
medium_072,Medium,OMP-BranchBoundMRV,8,4,0.008502007,434,1
medium_072,Medium,OMP-BranchBoundMRV,8,5,0.008491039,434,1
medium_072,Medium,OMP-BranchBoundMRV,16,1,0.030566931,434,1
medium_072,Medium,OMP-BranchBoundMRV,16,2,0.030409098,434,1
medium_072,Medium,OMP-BranchBoundMRV,16,3,0.020119190,434,1
medium_072,Medium,OMP-BranchBoundMRV,16,4,0.070351124,434,1
medium_072,Medium,OMP-BranchBoundMRV,16,5,0.050669909,434,1
medium_073,Medium,Serial,1,1,0.003343291,6884,1
medium_073,Medium,Serial,1,2,0.003223416,6884,1
medium_073,Medium,Serial,1,3,0.003253834,6884,1
medium_073,Medium,Serial,1,4,0.003282750,6884,1
medium_073,Medium,Serial,1,5,0.003231833,6884,1
medium_073,Medium,Serial-MRV,1,1,0.010437292,644,1
medium_073,Medium,Serial-MRV,1,2,0.010416834,644,1
medium_073,Medium,Serial-MRV,1,3,0.010416541,644,1
medium_073,Medium,Serial-MRV,1,4,0.010385667,644,1
medium_073,Medium,Serial-MRV,1,5,0.010508625,644,1
medium_073,Medium,BranchBound,1,1,0.002781542,6884,1
medium_073,Medium,BranchBound,1,2,0.002777417,6884,1
medium_073,Medium,BranchBound,1,3,0.002755875,6884,1
medium_073,Medium,BranchBound,1,4,0.002773542,6884,1
medium_073,Medium,BranchBound,1,5,0.002761417,6884,1
medium_073,Medium,BranchBoundMRV,1,1,0.013960000,644,1
medium_073,Medium,BranchBoundMRV,1,2,0.014000917,644,1
medium_073,Medium,BranchBoundMRV,1,3,0.013922166,644,1
medium_073,Medium,BranchBoundMRV,1,4,0.013934500,644,1
medium_073,Medium,BranchBoundMRV,1,5,0.013903417,644,1
medium_073,Medium,OpenMP,4,1,0.000945807,182,1
medium_073,Medium,OpenMP,4,2,0.000927925,183,1
medium_073,Medium,OpenMP,4,3,0.000924110,183,1
medium_073,Medium,OpenMP,4,4,0.000920057,182,1
medium_073,Medium,OpenMP,4,5,0.000925064,183,1
medium_073,Medium,OpenMP,8,1,0.002158880,392,1
medium_073,Medium,OpenMP,8,2,0.000990868,189,1
medium_073,Medium,OpenMP,8,3,0.002142906,325,1
medium_073,Medium,OpenMP,8,4,0.001006842,193,1
medium_073,Medium,OpenMP,8,5,0.002115965,454,1
medium_073,Medium,OpenMP,16,1,0.030336142,167,1
medium_073,Medium,OpenMP,16,2,0.021795034,166,1
medium_073,Medium,OpenMP,16,3,0.018690825,386,1
medium_073,Medium,OpenMP,16,4,0.021730900,182,1
medium_073,Medium,OpenMP,16,5,0.134110928,398,1
medium_073,Medium,OMP-BranchBoundMRV,4,1,0.001289129,184,1
medium_073,Medium,OMP-BranchBoundMRV,4,2,0.001267910,184,1
medium_073,Medium,OMP-BranchBoundMRV,4,3,0.001271009,184,1
medium_073,Medium,OMP-BranchBoundMRV,4,4,0.001267910,184,1
medium_073,Medium,OMP-BranchBoundMRV,4,5,0.001268864,183,1
medium_073,Medium,OMP-BranchBoundMRV,8,1,0.001308918,187,1
medium_073,Medium,OMP-BranchBoundMRV,8,2,0.002926826,336,1
medium_073,Medium,OMP-BranchBoundMRV,8,3,0.002938032,315,1
medium_073,Medium,OMP-BranchBoundMRV,8,4,0.001301050,166,1
medium_073,Medium,OMP-BranchBoundMRV,8,5,0.002749920,308,1
medium_073,Medium,OMP-BranchBoundMRV,16,1,0.022706032,186,1
medium_073,Medium,OMP-BranchBoundMRV,16,2,0.040418863,168,1
medium_073,Medium,OMP-BranchBoundMRV,16,3,0.049898863,180,1
medium_073,Medium,OMP-BranchBoundMRV,16,4,0.026813984,169,1
medium_073,Medium,OMP-BranchBoundMRV,16,5,0.040593147,309,1
medium_074,Medium,Serial,1,1,0.007644084,15575,1
medium_074,Medium,Serial,1,2,0.007605167,15575,1
medium_074,Medium,Serial,1,3,0.007668916,15575,1
medium_074,Medium,Serial,1,4,0.007619083,15575,1
medium_074,Medium,Serial,1,5,0.007627833,15575,1
medium_074,Medium,Serial-MRV,1,1,0.005824708,359,1
medium_074,Medium,Serial-MRV,1,2,0.005831208,359,1
medium_074,Medium,Serial-MRV,1,3,0.005817292,359,1
medium_074,Medium,Serial-MRV,1,4,0.005846958,359,1
medium_074,Medium,Serial-MRV,1,5,0.005814167,359,1
medium_074,Medium,BranchBound,1,1,0.006693292,15575,1
medium_074,Medium,BranchBound,1,2,0.006646000,15575,1
medium_074,Medium,BranchBound,1,3,0.006628625,15575,1
medium_074,Medium,BranchBound,1,4,0.006626959,15575,1
medium_074,Medium,BranchBound,1,5,0.006642125,15575,1
medium_074,Medium,BranchBoundMRV,1,1,0.007748209,359,1
medium_074,Medium,BranchBoundMRV,1,2,0.007710584,359,1
medium_074,Medium,BranchBoundMRV,1,3,0.007721167,359,1
medium_074,Medium,BranchBoundMRV,1,4,0.007710875,359,1
medium_074,Medium,BranchBoundMRV,1,5,0.007783750,359,1
medium_074,Medium,OpenMP,4,1,0.006223917,359,1
medium_074,Medium,OpenMP,4,2,0.006197929,359,1
medium_074,Medium,OpenMP,4,3,0.006232023,359,1
medium_074,Medium,OpenMP,4,4,0.006220102,359,1
medium_074,Medium,OpenMP,4,5,0.006206036,359,1
medium_074,Medium,OpenMP,8,1,0.006260872,359,1
medium_074,Medium,OpenMP,8,2,0.006225824,359,1
medium_074,Medium,OpenMP,8,3,0.007794857,359,1
medium_074,Medium,OpenMP,8,4,0.006236076,359,1
medium_074,Medium,OpenMP,8,5,0.006288052,359,1
medium_074,Medium,OpenMP,16,1,0.031848907,359,1
medium_074,Medium,OpenMP,16,2,0.027919054,359,1
medium_074,Medium,OpenMP,16,3,0.022172928,359,1
medium_074,Medium,OpenMP,16,4,0.020212889,359,1
medium_074,Medium,OpenMP,16,5,0.061882019,359,1
medium_074,Medium,OMP-BranchBoundMRV,4,1,0.008188009,359,1
medium_074,Medium,OMP-BranchBoundMRV,4,2,0.008182049,359,1
medium_074,Medium,OMP-BranchBoundMRV,4,3,0.008179903,359,1
medium_074,Medium,OMP-BranchBoundMRV,4,4,0.008198977,359,1
medium_074,Medium,OMP-BranchBoundMRV,4,5,0.008172989,359,1
medium_074,Medium,OMP-BranchBoundMRV,8,1,0.008175135,359,1
medium_074,Medium,OMP-BranchBoundMRV,8,2,0.020255089,359,1
medium_074,Medium,OMP-BranchBoundMRV,8,3,0.014274120,359,1
medium_074,Medium,OMP-BranchBoundMRV,8,4,0.019919872,359,1
medium_074,Medium,OMP-BranchBoundMRV,8,5,0.008187056,359,1
medium_074,Medium,OMP-BranchBoundMRV,16,1,0.054821968,359,1
medium_074,Medium,OMP-BranchBoundMRV,16,2,0.021486044,359,1
medium_074,Medium,OMP-BranchBoundMRV,16,3,0.017310858,359,1
medium_074,Medium,OMP-BranchBoundMRV,16,4,0.107987881,359,1
medium_074,Medium,OMP-BranchBoundMRV,16,5,0.031198025,359,1
medium_075,Medium,Serial,1,1,0.004408625,8996,1
medium_075,Medium,Serial,1,2,0.004302333,8996,1
medium_075,Medium,Serial,1,3,0.004316167,8996,1
medium_075,Medium,Serial,1,4,0.004307916,8996,1
medium_075,Medium,Serial,1,5,0.004298375,8996,1
medium_075,Medium,Serial-MRV,1,1,0.008355375,523,1
medium_075,Medium,Serial-MRV,1,2,0.008407625,523,1
medium_075,Medium,Serial-MRV,1,3,0.008404750,523,1
medium_075,Medium,Serial-MRV,1,4,0.008384209,523,1
medium_075,Medium,Serial-MRV,1,5,0.008345959,523,1
medium_075,Medium,BranchBound,1,1,0.004003292,8996,1
medium_075,Medium,BranchBound,1,2,0.004047667,8996,1
medium_075,Medium,BranchBound,1,3,0.003974416,8996,1
medium_075,Medium,BranchBound,1,4,0.003967125,8996,1
medium_075,Medium,BranchBound,1,5,0.003957875,8996,1
medium_075,Medium,BranchBoundMRV,1,1,0.011031750,523,1
medium_075,Medium,BranchBoundMRV,1,2,0.011167375,523,1
medium_075,Medium,BranchBoundMRV,1,3,0.011110542,523,1
medium_075,Medium,BranchBoundMRV,1,4,0.011036583,523,1
medium_075,Medium,BranchBoundMRV,1,5,0.011081750,523,1
medium_075,Medium,OpenMP,4,1,0.002287865,265,1
medium_075,Medium,OpenMP,4,2,0.002271891,266,1
medium_075,Medium,OpenMP,4,3,0.002266884,266,1
medium_075,Medium,OpenMP,4,4,0.002259970,265,1
medium_075,Medium,OpenMP,4,5,0.002283096,265,1
medium_075,Medium,OpenMP,8,1,0.002337933,189,1
medium_075,Medium,OpenMP,8,2,0.002272129,265,1
medium_075,Medium,OpenMP,8,3,0.002336979,188,1
medium_075,Medium,OpenMP,8,4,0.002331018,269,1
medium_075,Medium,OpenMP,8,5,0.002254009,265,1
medium_075,Medium,OpenMP,16,1,0.030154943,269,1
medium_075,Medium,OpenMP,16,2,0.020429850,262,1
medium_075,Medium,OpenMP,16,3,0.022273064,266,1
medium_075,Medium,OpenMP,16,4,0.042875051,266,1
medium_075,Medium,OpenMP,16,5,0.078523874,188,1
medium_075,Medium,OMP-BranchBoundMRV,4,1,0.002966881,262,1
medium_075,Medium,OMP-BranchBoundMRV,4,2,0.002912998,259,1
medium_075,Medium,OMP-BranchBoundMRV,4,3,0.002915144,257,1
medium_075,Medium,OMP-BranchBoundMRV,4,4,0.002925158,259,1
medium_075,Medium,OMP-BranchBoundMRV,4,5,0.002917051,259,1
medium_075,Medium,OMP-BranchBoundMRV,8,1,0.002929926,259,1
medium_075,Medium,OMP-BranchBoundMRV,8,2,0.002913952,185,1
medium_075,Medium,OMP-BranchBoundMRV,8,3,0.002954960,261,1
medium_075,Medium,OMP-BranchBoundMRV,8,4,0.006847858,444,1
medium_075,Medium,OMP-BranchBoundMRV,8,5,0.007364035,460,1
medium_075,Medium,OMP-BranchBoundMRV,16,1,0.024985790,185,1
medium_075,Medium,OMP-BranchBoundMRV,16,2,0.030684948,450,1
medium_075,Medium,OMP-BranchBoundMRV,16,3,0.030719995,267,1
medium_075,Medium,OMP-BranchBoundMRV,16,4,0.090492010,264,1
medium_075,Medium,OMP-BranchBoundMRV,16,5,0.050143003,257,1
medium_076,Medium,Serial,1,1,0.004693709,11195,1
medium_076,Medium,Serial,1,2,0.004606750,11195,1
medium_076,Medium,Serial,1,3,0.004800166,11195,1
medium_076,Medium,Serial,1,4,0.004603333,11195,1
medium_076,Medium,Serial,1,5,0.004640709,11195,1
medium_076,Medium,Serial-MRV,1,1,0.003799792,270,1
medium_076,Medium,Serial-MRV,1,2,0.003855250,270,1
medium_076,Medium,Serial-MRV,1,3,0.003794750,270,1
medium_076,Medium,Serial-MRV,1,4,0.003794959,270,1
medium_076,Medium,Serial-MRV,1,5,0.003838042,270,1
medium_076,Medium,BranchBound,1,1,0.004063958,11195,1
medium_076,Medium,BranchBound,1,2,0.004172375,11195,1
medium_076,Medium,BranchBound,1,3,0.004075916,11195,1
medium_076,Medium,BranchBound,1,4,0.004123500,11195,1
medium_076,Medium,BranchBound,1,5,0.004093000,11195,1
medium_076,Medium,BranchBoundMRV,1,1,0.004966292,270,1
medium_076,Medium,BranchBoundMRV,1,2,0.004910500,270,1
medium_076,Medium,BranchBoundMRV,1,3,0.004901625,270,1
medium_076,Medium,BranchBoundMRV,1,4,0.004984334,270,1
medium_076,Medium,BranchBoundMRV,1,5,0.004920750,270,1
medium_076,Medium,OpenMP,4,1,0.004087925,270,1
medium_076,Medium,OpenMP,4,2,0.004091978,270,1
medium_076,Medium,OpenMP,4,3,0.004064083,270,1
medium_076,Medium,OpenMP,4,4,0.004050016,270,1
medium_076,Medium,OpenMP,4,5,0.004068136,270,1
medium_076,Medium,OpenMP,8,1,0.004073858,270,1
medium_076,Medium,OpenMP,8,2,0.004052877,270,1
medium_076,Medium,OpenMP,8,3,0.004101992,270,1
medium_076,Medium,OpenMP,8,4,0.004065037,270,1
medium_076,Medium,OpenMP,8,5,0.004087925,270,1
medium_076,Medium,OpenMP,16,1,0.030195951,270,1
medium_076,Medium,OpenMP,16,2,0.040190935,270,1
medium_076,Medium,OpenMP,16,3,0.047495842,270,1
medium_076,Medium,OpenMP,16,4,0.088096857,270,1
medium_076,Medium,OpenMP,16,5,0.041096926,270,1
medium_076,Medium,OMP-BranchBoundMRV,4,1,0.005293846,270,1
medium_076,Medium,OMP-BranchBoundMRV,4,2,0.005233049,270,1
medium_076,Medium,OMP-BranchBoundMRV,4,3,0.005219936,270,1
medium_076,Medium,OMP-BranchBoundMRV,4,4,0.005228043,270,1
medium_076,Medium,OMP-BranchBoundMRV,4,5,0.005219936,270,1
medium_076,Medium,OMP-BranchBoundMRV,8,1,0.005228043,270,1
medium_076,Medium,OMP-BranchBoundMRV,8,2,0.005234957,270,1
medium_076,Medium,OMP-BranchBoundMRV,8,3,0.005235195,270,1
medium_076,Medium,OMP-BranchBoundMRV,8,4,0.011154890,270,1
medium_076,Medium,OMP-BranchBoundMRV,8,5,0.005235910,270,1
medium_076,Medium,OMP-BranchBoundMRV,16,1,0.068710089,270,1
medium_076,Medium,OMP-BranchBoundMRV,16,2,0.019562006,270,1
medium_076,Medium,OMP-BranchBoundMRV,16,3,0.050514936,270,1
medium_076,Medium,OMP-BranchBoundMRV,16,4,0.053110123,270,1
medium_076,Medium,OMP-BranchBoundMRV,16,5,0.050359964,270,1
medium_077,Medium,Serial,1,1,0.001954500,3561,1
medium_077,Medium,Serial,1,2,0.001882917,3561,1
medium_077,Medium,Serial,1,3,0.001882625,3561,1
medium_077,Medium,Serial,1,4,0.001880958,3561,1
medium_077,Medium,Serial,1,5,0.001959209,3561,1
medium_077,Medium,Serial-MRV,1,1,0.003224583,242,1
medium_077,Medium,Serial-MRV,1,2,0.003222000,242,1
medium_077,Medium,Serial-MRV,1,3,0.003198584,242,1
medium_077,Medium,Serial-MRV,1,4,0.003220125,242,1
medium_077,Medium,Serial-MRV,1,5,0.003207333,242,1
medium_077,Medium,BranchBound,1,1,0.001529667,3561,1
medium_077,Medium,BranchBound,1,2,0.001528875,3561,1
medium_077,Medium,BranchBound,1,3,0.001530750,3561,1
medium_077,Medium,BranchBound,1,4,0.001528458,3561,1
medium_077,Medium,BranchBound,1,5,0.001528583,3561,1
medium_077,Medium,BranchBoundMRV,1,1,0.003853083,242,1
medium_077,Medium,BranchBoundMRV,1,2,0.003837416,242,1
medium_077,Medium,BranchBoundMRV,1,3,0.003831792,242,1
medium_077,Medium,BranchBoundMRV,1,4,0.003836834,242,1
medium_077,Medium,BranchBoundMRV,1,5,0.003824916,242,1
medium_077,Medium,OpenMP,4,1,0.003457069,242,1
medium_077,Medium,OpenMP,4,2,0.003431082,242,1
medium_077,Medium,OpenMP,4,3,0.003430843,242,1
medium_077,Medium,OpenMP,4,4,0.003423929,242,1
medium_077,Medium,OpenMP,4,5,0.003480911,242,1
medium_077,Medium,OpenMP,8,1,0.003444910,242,1
medium_077,Medium,OpenMP,8,2,0.003419876,242,1
medium_077,Medium,OpenMP,8,3,0.003515005,242,1
medium_077,Medium,OpenMP,8,4,0.003425837,242,1
medium_077,Medium,OpenMP,8,5,0.003556013,242,1
medium_077,Medium,OpenMP,16,1,0.093529940,242,1
medium_077,Medium,OpenMP,16,2,0.041147947,242,1
medium_077,Medium,OpenMP,16,3,0.060780048,242,1
medium_077,Medium,OpenMP,16,4,0.044225931,242,1
medium_077,Medium,OpenMP,16,5,0.030144215,242,1
medium_077,Medium,OMP-BranchBoundMRV,4,1,0.004091978,242,1
medium_077,Medium,OMP-BranchBoundMRV,4,2,0.004102945,242,1
medium_077,Medium,OMP-BranchBoundMRV,4,3,0.004094124,242,1
medium_077,Medium,OMP-BranchBoundMRV,4,4,0.004080057,242,1
medium_077,Medium,OMP-BranchBoundMRV,4,5,0.004081964,242,1
medium_077,Medium,OMP-BranchBoundMRV,8,1,0.004110813,242,1
medium_077,Medium,OMP-BranchBoundMRV,8,2,0.009881020,242,1
medium_077,Medium,OMP-BranchBoundMRV,8,3,0.009814978,242,1
medium_077,Medium,OMP-BranchBoundMRV,8,4,0.004092932,242,1
medium_077,Medium,OMP-BranchBoundMRV,8,5,0.004083157,242,1
medium_077,Medium,OMP-BranchBoundMRV,16,1,0.050441980,242,1
medium_077,Medium,OMP-BranchBoundMRV,16,2,0.050952911,242,1
medium_077,Medium,OMP-BranchBoundMRV,16,3,0.050182104,242,1
medium_077,Medium,OMP-BranchBoundMRV,16,4,0.052934170,242,1
medium_077,Medium,OMP-BranchBoundMRV,16,5,0.054711103,242,1
medium_078,Medium,Serial,1,1,0.023877917,46264,1
medium_078,Medium,Serial,1,2,0.023699500,46264,1
medium_078,Medium,Serial,1,3,0.023807708,46264,1
medium_078,Medium,Serial,1,4,0.023604792,46264,1
medium_078,Medium,Serial,1,5,0.023747292,46264,1
medium_078,Medium,Serial-MRV,1,1,0.006358792,391,1
medium_078,Medium,Serial-MRV,1,2,0.006276375,391,1
medium_078,Medium,Serial-MRV,1,3,0.006371041,391,1
medium_078,Medium,Serial-MRV,1,4,0.006269250,391,1
medium_078,Medium,Serial-MRV,1,5,0.006261542,391,1
medium_078,Medium,BranchBound,1,1,0.018559500,46264,1
medium_078,Medium,BranchBound,1,2,0.018560708,46264,1
medium_078,Medium,BranchBound,1,3,0.018549333,46264,1
medium_078,Medium,BranchBound,1,4,0.018641709,46264,1
medium_078,Medium,BranchBound,1,5,0.018536333,46264,1
medium_078,Medium,BranchBoundMRV,1,1,0.008471250,391,1
medium_078,Medium,BranchBoundMRV,1,2,0.008432083,391,1
medium_078,Medium,BranchBoundMRV,1,3,0.008433000,391,1
medium_078,Medium,BranchBoundMRV,1,4,0.008429917,391,1
medium_078,Medium,BranchBoundMRV,1,5,0.008425958,391,1
medium_078,Medium,OpenMP,4,1,0.006716967,391,1
medium_078,Medium,OpenMP,4,2,0.006703138,391,1
medium_078,Medium,OpenMP,4,3,0.006762028,391,1
medium_078,Medium,OpenMP,4,4,0.006713867,391,1
medium_078,Medium,OpenMP,4,5,0.006675005,391,1
medium_078,Medium,OpenMP,8,1,0.006679058,391,1
medium_078,Medium,OpenMP,8,2,0.006700993,391,1
medium_078,Medium,OpenMP,8,3,0.012571096,391,1
medium_078,Medium,OpenMP,8,4,0.012528181,391,1
medium_078,Medium,OpenMP,8,5,0.012584925,391,1
medium_078,Medium,OpenMP,16,1,0.018130064,391,1
medium_078,Medium,OpenMP,16,2,0.050678015,391,1
medium_078,Medium,OpenMP,16,3,0.054569006,391,1
medium_078,Medium,OpenMP,16,4,0.071214199,391,1
medium_078,Medium,OpenMP,16,5,0.080651045,391,1
medium_078,Medium,OMP-BranchBoundMRV,4,1,0.008914948,391,1
medium_078,Medium,OMP-BranchBoundMRV,4,2,0.008935928,391,1
medium_078,Medium,OMP-BranchBoundMRV,4,3,0.008930922,391,1
medium_078,Medium,OMP-BranchBoundMRV,4,4,0.008914948,391,1
medium_078,Medium,OMP-BranchBoundMRV,4,5,0.008910894,391,1
medium_078,Medium,OMP-BranchBoundMRV,8,1,0.008920193,391,1
medium_078,Medium,OMP-BranchBoundMRV,8,2,0.008910894,391,1
medium_078,Medium,OMP-BranchBoundMRV,8,3,0.020658970,391,1
medium_078,Medium,OMP-BranchBoundMRV,8,4,0.014787912,391,1
medium_078,Medium,OMP-BranchBoundMRV,8,5,0.014851809,391,1
medium_078,Medium,OMP-BranchBoundMRV,16,1,0.162160158,391,1
medium_078,Medium,OMP-BranchBoundMRV,16,2,0.020401001,391,1
medium_078,Medium,OMP-BranchBoundMRV,16,3,0.082113028,391,1
medium_078,Medium,OMP-BranchBoundMRV,16,4,0.030802965,391,1
medium_078,Medium,OMP-BranchBoundMRV,16,5,0.038995981,391,1
medium_079,Medium,Serial,1,1,0.012232042,25077,1
medium_079,Medium,Serial,1,2,0.012369250,25077,1
medium_079,Medium,Serial,1,3,0.012110625,25077,1
medium_079,Medium,Serial,1,4,0.012157917,25077,1
medium_079,Medium,Serial,1,5,0.012139791,25077,1
medium_079,Medium,Serial-MRV,1,1,0.006963292,381,1
medium_079,Medium,Serial-MRV,1,2,0.006982375,381,1
medium_079,Medium,Serial-MRV,1,3,0.006941750,381,1
medium_079,Medium,Serial-MRV,1,4,0.006952625,381,1
medium_079,Medium,Serial-MRV,1,5,0.006930500,381,1
medium_079,Medium,BranchBound,1,1,0.010750125,25077,1
medium_079,Medium,BranchBound,1,2,0.010714250,25077,1
medium_079,Medium,BranchBound,1,3,0.010693334,25077,1
medium_079,Medium,BranchBound,1,4,0.010736041,25077,1
medium_079,Medium,BranchBound,1,5,0.010662417,25077,1
medium_079,Medium,BranchBoundMRV,1,1,0.008901459,381,1
medium_079,Medium,BranchBoundMRV,1,2,0.008898083,381,1
medium_079,Medium,BranchBoundMRV,1,3,0.008903500,381,1
medium_079,Medium,BranchBoundMRV,1,4,0.008873583,381,1
medium_079,Medium,BranchBoundMRV,1,5,0.008885667,381,1
medium_079,Medium,OpenMP,4,1,0.000881910,165,1
medium_079,Medium,OpenMP,4,2,0.000831842,161,1
medium_079,Medium,OpenMP,4,3,0.000823975,160,1
medium_079,Medium,OpenMP,4,4,0.000826120,161,1
medium_079,Medium,OpenMP,4,5,0.000831127,161,1
medium_079,Medium,OpenMP,8,1,0.000872850,166,1
medium_079,Medium,OpenMP,8,2,0.000828981,209,1
medium_079,Medium,OpenMP,8,3,0.001883984,373,1
medium_079,Medium,OpenMP,8,4,0.000859976,208,1
medium_079,Medium,OpenMP,8,5,0.001905918,351,1
medium_079,Medium,OpenMP,16,1,0.016031981,377,1
medium_079,Medium,OpenMP,16,2,0.030215979,406,1
medium_079,Medium,OpenMP,16,3,0.022543907,167,1
medium_079,Medium,OpenMP,16,4,0.021912813,354,1
medium_079,Medium,OpenMP,16,5,0.022220850,206,1
medium_079,Medium,OMP-BranchBoundMRV,4,1,0.003265858,452,1
medium_079,Medium,OMP-BranchBoundMRV,4,2,0.001181841,169,1
medium_079,Medium,OMP-BranchBoundMRV,4,3,0.001177073,169,1
medium_079,Medium,OMP-BranchBoundMRV,4,4,0.001233101,174,1
medium_079,Medium,OMP-BranchBoundMRV,4,5,0.001178026,169,1
medium_079,Medium,OMP-BranchBoundMRV,8,1,0.002742052,377,1
medium_079,Medium,OMP-BranchBoundMRV,8,2,0.002562046,350,1
medium_079,Medium,OMP-BranchBoundMRV,8,3,0.001196861,181,1
medium_079,Medium,OMP-BranchBoundMRV,8,4,0.003448009,411,1
medium_079,Medium,OMP-BranchBoundMRV,8,5,0.002578020,351,1
medium_079,Medium,OMP-BranchBoundMRV,16,1,0.031073093,209,1
medium_079,Medium,OMP-BranchBoundMRV,16,2,0.031206131,188,1
medium_079,Medium,OMP-BranchBoundMRV,16,3,0.030830860,207,1
medium_079,Medium,OMP-BranchBoundMRV,16,4,0.019956112,384,1
medium_079,Medium,OMP-BranchBoundMRV,16,5,0.101475954,425,1
medium_080,Medium,Serial,1,1,0.038558709,81018,1
medium_080,Medium,Serial,1,2,0.038451709,81018,1
medium_080,Medium,Serial,1,3,0.038530042,81018,1
medium_080,Medium,Serial,1,4,0.038363000,81018,1
medium_080,Medium,Serial,1,5,0.038357667,81018,1
medium_080,Medium,Serial-MRV,1,1,0.003930084,246,1
medium_080,Medium,Serial-MRV,1,2,0.003906459,246,1
medium_080,Medium,Serial-MRV,1,3,0.003953833,246,1
medium_080,Medium,Serial-MRV,1,4,0.003934375,246,1
medium_080,Medium,Serial-MRV,1,5,0.003917709,246,1
medium_080,Medium,BranchBound,1,1,0.034840333,81018,1
medium_080,Medium,BranchBound,1,2,0.034730375,81018,1
medium_080,Medium,BranchBound,1,3,0.034812333,81018,1
medium_080,Medium,BranchBound,1,4,0.034869875,81018,1
medium_080,Medium,BranchBound,1,5,0.034894875,81018,1
medium_080,Medium,BranchBoundMRV,1,1,0.005404167,246,1
medium_080,Medium,BranchBoundMRV,1,2,0.005404584,246,1
medium_080,Medium,BranchBoundMRV,1,3,0.005397500,246,1
medium_080,Medium,BranchBoundMRV,1,4,0.005509916,246,1
medium_080,Medium,BranchBoundMRV,1,5,0.005431208,246,1
medium_080,Medium,OpenMP,4,1,0.000808001,86,1
medium_080,Medium,OpenMP,4,2,0.000790834,86,1
medium_080,Medium,OpenMP,4,3,0.000779867,86,1
medium_080,Medium,OpenMP,4,4,0.000782967,86,1
medium_080,Medium,OpenMP,4,5,0.000787020,86,1
medium_080,Medium,OpenMP,8,1,0.000797987,86,1
medium_080,Medium,OpenMP,8,2,0.001724005,85,1
medium_080,Medium,OpenMP,8,3,0.000818014,66,1
medium_080,Medium,OpenMP,8,4,0.000848055,66,1
medium_080,Medium,OpenMP,8,5,0.001815081,83,1
medium_080,Medium,OpenMP,16,1,0.008084059,152,1
medium_080,Medium,OpenMP,16,2,0.030198812,85,1
medium_080,Medium,OpenMP,16,3,0.029739141,86,1
medium_080,Medium,OpenMP,16,4,0.023262978,85,1
medium_080,Medium,OpenMP,16,5,0.070840836,139,1
medium_080,Medium,OMP-BranchBoundMRV,4,1,0.001142025,84,1
medium_080,Medium,OMP-BranchBoundMRV,4,2,0.001135826,85,1
medium_080,Medium,OMP-BranchBoundMRV,4,3,0.001134872,85,1
medium_080,Medium,OMP-BranchBoundMRV,4,4,0.001137972,85,1
medium_080,Medium,OMP-BranchBoundMRV,4,5,0.001128912,84,1
medium_080,Medium,OMP-BranchBoundMRV,8,1,0.002515078,141,1
medium_080,Medium,OMP-BranchBoundMRV,8,2,0.001155138,85,1
medium_080,Medium,OMP-BranchBoundMRV,8,3,0.001152992,84,1
medium_080,Medium,OMP-BranchBoundMRV,8,4,0.001192808,84,1
medium_080,Medium,OMP-BranchBoundMRV,8,5,0.002519846,140,1
medium_080,Medium,OMP-BranchBoundMRV,16,1,0.062136889,85,1
medium_080,Medium,OMP-BranchBoundMRV,16,2,0.061131954,84,1
medium_080,Medium,OMP-BranchBoundMRV,16,3,0.040260792,84,1
medium_080,Medium,OMP-BranchBoundMRV,16,4,0.051116943,146,1
medium_080,Medium,OMP-BranchBoundMRV,16,5,0.053067207,84,1
medium_081,Medium,Serial,1,1,0.011882084,23273,1
medium_081,Medium,Serial,1,2,0.011717250,23273,1
medium_081,Medium,Serial,1,3,0.011817709,23273,1
medium_081,Medium,Serial,1,4,0.011834958,23273,1
medium_081,Medium,Serial,1,5,0.011809625,23273,1
medium_081,Medium,Serial-MRV,1,1,0.006082167,330,1
medium_081,Medium,Serial-MRV,1,2,0.006110250,330,1
medium_081,Medium,Serial-MRV,1,3,0.006093083,330,1
medium_081,Medium,Serial-MRV,1,4,0.006106333,330,1
medium_081,Medium,Serial-MRV,1,5,0.006083709,330,1
medium_081,Medium,BranchBound,1,1,0.009973708,23273,1
medium_081,Medium,BranchBound,1,2,0.010058041,23273,1
medium_081,Medium,BranchBound,1,3,0.010050333,23273,1
medium_081,Medium,BranchBound,1,4,0.010083833,23273,1
medium_081,Medium,BranchBound,1,5,0.009945750,23273,1
medium_081,Medium,BranchBoundMRV,1,1,0.008575167,330,1
medium_081,Medium,BranchBoundMRV,1,2,0.008637375,330,1
medium_081,Medium,BranchBoundMRV,1,3,0.008621333,330,1
medium_081,Medium,BranchBoundMRV,1,4,0.008533625,330,1
medium_081,Medium,BranchBoundMRV,1,5,0.008532167,330,1
medium_081,Medium,OpenMP,4,1,0.006473064,664,1
medium_081,Medium,OpenMP,4,2,0.006473064,665,1
medium_081,Medium,OpenMP,4,3,0.006453037,664,1
medium_081,Medium,OpenMP,4,4,0.006461859,665,1
medium_081,Medium,OpenMP,4,5,0.006461859,664,1
medium_081,Medium,OpenMP,8,1,0.006546021,463,1
medium_081,Medium,OpenMP,8,2,0.006461859,464,1
medium_081,Medium,OpenMP,8,3,0.006448984,661,1
medium_081,Medium,OpenMP,8,4,0.006469011,664,1
medium_081,Medium,OpenMP,8,5,0.012318134,669,1
medium_081,Medium,OpenMP,16,1,0.073570013,591,1
medium_081,Medium,OpenMP,16,2,0.060830116,661,1
medium_081,Medium,OpenMP,16,3,0.038528919,464,1
medium_081,Medium,OpenMP,16,4,0.057485819,458,1
medium_081,Medium,OpenMP,16,5,0.030889988,664,1
medium_081,Medium,OMP-BranchBoundMRV,4,1,0.009055853,669,1
medium_081,Medium,OMP-BranchBoundMRV,4,2,0.009061813,669,1
medium_081,Medium,OMP-BranchBoundMRV,4,3,0.009049892,669,1
medium_081,Medium,OMP-BranchBoundMRV,4,4,0.009047031,669,1
medium_081,Medium,OMP-BranchBoundMRV,4,5,0.009121895,669,1
medium_081,Medium,OMP-BranchBoundMRV,8,1,0.009117126,473,1
medium_081,Medium,OMP-BranchBoundMRV,8,2,0.014935970,669,1
medium_081,Medium,OMP-BranchBoundMRV,8,3,0.021003008,669,1
medium_081,Medium,OMP-BranchBoundMRV,8,4,0.015587091,669,1
medium_081,Medium,OMP-BranchBoundMRV,8,5,0.009055138,669,1
medium_081,Medium,OMP-BranchBoundMRV,16,1,0.174337149,669,1
medium_081,Medium,OMP-BranchBoundMRV,16,2,0.053675175,669,1
medium_081,Medium,OMP-BranchBoundMRV,16,3,0.081440926,472,1
medium_081,Medium,OMP-BranchBoundMRV,16,4,0.066229105,669,1
medium_081,Medium,OMP-BranchBoundMRV,16,5,0.022238970,669,1
medium_082,Medium,Serial,1,1,0.002748750,5406,1
medium_082,Medium,Serial,1,2,0.002670292,5406,1
medium_082,Medium,Serial,1,3,0.002682708,5406,1
medium_082,Medium,Serial,1,4,0.002682584,5406,1
medium_082,Medium,Serial,1,5,0.002703250,5406,1
medium_082,Medium,Serial-MRV,1,1,0.008892875,540,1
medium_082,Medium,Serial-MRV,1,2,0.008974708,540,1
medium_082,Medium,Serial-MRV,1,3,0.008915458,540,1
medium_082,Medium,Serial-MRV,1,4,0.008878334,540,1
medium_082,Medium,Serial-MRV,1,5,0.008881542,540,1
medium_082,Medium,BranchBound,1,1,0.002401458,5406,1
medium_082,Medium,BranchBound,1,2,0.002396125,5406,1
medium_082,Medium,BranchBound,1,3,0.002396333,5406,1
medium_082,Medium,BranchBound,1,4,0.002398834,5406,1
medium_082,Medium,BranchBound,1,5,0.002401291,5406,1
medium_082,Medium,BranchBoundMRV,1,1,0.011114708,540,1
medium_082,Medium,BranchBoundMRV,1,2,0.011131208,540,1
medium_082,Medium,BranchBoundMRV,1,3,0.011264166,540,1
medium_082,Medium,BranchBoundMRV,1,4,0.011130834,540,1
medium_082,Medium,BranchBoundMRV,1,5,0.011083167,540,1
medium_082,Medium,OpenMP,4,1,0.002204895,337,1
medium_082,Medium,OpenMP,4,2,0.002182961,337,1
medium_082,Medium,OpenMP,4,3,0.002206802,340,1
medium_082,Medium,OpenMP,4,4,0.002177954,338,1
medium_082,Medium,OpenMP,4,5,0.002187967,338,1
medium_082,Medium,OpenMP,8,1,0.005019903,540,1
medium_082,Medium,OpenMP,8,2,0.005009174,540,1
medium_082,Medium,OpenMP,8,3,0.005011082,365,1
medium_082,Medium,OpenMP,8,4,0.005084991,540,1
medium_082,Medium,OpenMP,8,5,0.004972935,364,1
medium_082,Medium,OpenMP,16,1,0.030373812,346,1
medium_082,Medium,OpenMP,16,2,0.033883095,278,1
medium_082,Medium,OpenMP,16,3,0.030159950,275,1
medium_082,Medium,OpenMP,16,4,0.131090879,540,1
medium_082,Medium,OpenMP,16,5,0.046370983,368,1
medium_082,Medium,OMP-BranchBoundMRV,4,1,0.002873898,342,1
medium_082,Medium,OMP-BranchBoundMRV,4,2,0.002851963,341,1
medium_082,Medium,OMP-BranchBoundMRV,4,3,0.002849102,341,1
medium_082,Medium,OMP-BranchBoundMRV,4,4,0.002861023,342,1
medium_082,Medium,OMP-BranchBoundMRV,4,5,0.002847195,341,1
medium_082,Medium,OMP-BranchBoundMRV,8,1,0.006843805,540,1
medium_082,Medium,OMP-BranchBoundMRV,8,2,0.006929874,540,1
medium_082,Medium,OMP-BranchBoundMRV,8,3,0.002913952,347,1
medium_082,Medium,OMP-BranchBoundMRV,8,4,0.002878189,213,1
medium_082,Medium,OMP-BranchBoundMRV,8,5,0.006642103,366,1
medium_082,Medium,OMP-BranchBoundMRV,16,1,0.081159115,540,1
medium_082,Medium,OMP-BranchBoundMRV,16,2,0.030383110,340,1
medium_082,Medium,OMP-BranchBoundMRV,16,3,0.049783945,540,1
medium_082,Medium,OMP-BranchBoundMRV,16,4,0.080446959,277,1
medium_082,Medium,OMP-BranchBoundMRV,16,5,0.040717840,281,1
medium_083,Medium,Serial,1,1,0.001915208,3849,1
medium_083,Medium,Serial,1,2,0.001886625,3849,1
medium_083,Medium,Serial,1,3,0.001879708,3849,1
medium_083,Medium,Serial,1,4,0.001892792,3849,1
medium_083,Medium,Serial,1,5,0.001916417,3849,1
medium_083,Medium,Serial-MRV,1,1,0.003812625,216,1
medium_083,Medium,Serial-MRV,1,2,0.003802208,216,1
medium_083,Medium,Serial-MRV,1,3,0.003796458,216,1
medium_083,Medium,Serial-MRV,1,4,0.003767292,216,1
medium_083,Medium,Serial-MRV,1,5,0.003777291,216,1
medium_083,Medium,BranchBound,1,1,0.001604750,3849,1
medium_083,Medium,BranchBound,1,2,0.001593917,3849,1
medium_083,Medium,BranchBound,1,3,0.001593916,3849,1
medium_083,Medium,BranchBound,1,4,0.001593959,3849,1
medium_083,Medium,BranchBound,1,5,0.001589666,3849,1
medium_083,Medium,BranchBoundMRV,1,1,0.004979708,216,1
medium_083,Medium,BranchBoundMRV,1,2,0.004995459,216,1
medium_083,Medium,BranchBoundMRV,1,3,0.004980500,216,1
medium_083,Medium,BranchBoundMRV,1,4,0.004974667,216,1
medium_083,Medium,BranchBoundMRV,1,5,0.005037959,216,1
medium_083,Medium,OpenMP,4,1,0.001340866,214,1
medium_083,Medium,OpenMP,4,2,0.001333952,215,1
medium_083,Medium,OpenMP,4,3,0.001326084,214,1
medium_083,Medium,OpenMP,4,4,0.001332045,215,1
medium_083,Medium,OpenMP,4,5,0.001332998,215,1
medium_083,Medium,OpenMP,8,1,0.001393080,188,1
medium_083,Medium,OpenMP,8,2,0.001377106,153,1
medium_083,Medium,OpenMP,8,3,0.001337051,186,1
medium_083,Medium,OpenMP,8,4,0.001361132,153,1
medium_083,Medium,OpenMP,8,5,0.001332998,186,1
medium_083,Medium,OpenMP,16,1,0.026694059,216,1
medium_083,Medium,OpenMP,16,2,0.022096157,212,1
medium_083,Medium,OpenMP,16,3,0.031683207,215,1
medium_083,Medium,OpenMP,16,4,0.042662144,186,1
medium_083,Medium,OpenMP,16,5,0.043194056,188,1
medium_083,Medium,OMP-BranchBoundMRV,4,1,0.001922131,216,1
medium_083,Medium,OMP-BranchBoundMRV,4,2,0.001915932,216,1
medium_083,Medium,OMP-BranchBoundMRV,4,3,0.001911879,216,1
medium_083,Medium,OMP-BranchBoundMRV,4,4,0.001915932,216,1
medium_083,Medium,OMP-BranchBoundMRV,4,5,0.001921892,216,1
medium_083,Medium,OMP-BranchBoundMRV,8,1,0.004566908,216,1
medium_083,Medium,OMP-BranchBoundMRV,8,2,0.004281998,216,1
medium_083,Medium,OMP-BranchBoundMRV,8,3,0.002030134,216,1
medium_083,Medium,OMP-BranchBoundMRV,8,4,0.001912117,192,1
medium_083,Medium,OMP-BranchBoundMRV,8,5,0.002072096,161,1
medium_083,Medium,OMP-BranchBoundMRV,16,1,0.039244890,192,1
medium_083,Medium,OMP-BranchBoundMRV,16,2,0.020752907,216,1
medium_083,Medium,OMP-BranchBoundMRV,16,3,0.050395012,216,1
medium_083,Medium,OMP-BranchBoundMRV,16,4,0.037776947,216,1
medium_083,Medium,OMP-BranchBoundMRV,16,5,0.030117035,215,1
medium_084,Medium,Serial,1,1,0.014844334,31853,1
medium_084,Medium,Serial,1,2,0.014860292,31853,1
medium_084,Medium,Serial,1,3,0.014903708,31853,1
medium_084,Medium,Serial,1,4,0.014752083,31853,1
medium_084,Medium,Serial,1,5,0.014836500,31853,1
medium_084,Medium,Serial-MRV,1,1,0.011867334,699,1
medium_084,Medium,Serial-MRV,1,2,0.011858583,699,1
medium_084,Medium,Serial-MRV,1,3,0.011869417,699,1
medium_084,Medium,Serial-MRV,1,4,0.011823833,699,1
medium_084,Medium,Serial-MRV,1,5,0.011833000,699,1
medium_084,Medium,BranchBound,1,1,0.012710834,31853,1
medium_084,Medium,BranchBound,1,2,0.012750209,31853,1
medium_084,Medium,BranchBound,1,3,0.012684416,31853,1
medium_084,Medium,BranchBound,1,4,0.012704458,31853,1
medium_084,Medium,BranchBound,1,5,0.012687667,31853,1
medium_084,Medium,BranchBoundMRV,1,1,0.015763667,699,1
medium_084,Medium,BranchBoundMRV,1,2,0.015621708,699,1
medium_084,Medium,BranchBoundMRV,1,3,0.015645125,699,1
medium_084,Medium,BranchBoundMRV,1,4,0.015598667,699,1
medium_084,Medium,BranchBoundMRV,1,5,0.015658625,699,1
medium_084,Medium,OpenMP,4,1,0.008085012,699,1
medium_084,Medium,OpenMP,4,2,0.008137941,699,1
medium_084,Medium,OpenMP,4,3,0.008069038,699,1
medium_084,Medium,OpenMP,4,4,0.008061171,699,1
medium_084,Medium,OpenMP,4,5,0.008059025,699,1
medium_084,Medium,OpenMP,8,1,0.014050007,699,1
medium_084,Medium,OpenMP,8,2,0.013947964,699,1
medium_084,Medium,OpenMP,8,3,0.013914108,699,1
medium_084,Medium,OpenMP,8,4,0.013949156,699,1
medium_084,Medium,OpenMP,8,5,0.016630888,681,1
medium_084,Medium,OpenMP,16,1,0.026821852,633,1
medium_084,Medium,OpenMP,16,2,0.100429058,699,1
medium_084,Medium,OpenMP,16,3,0.069087982,699,1
medium_084,Medium,OpenMP,16,4,0.031622887,699,1
medium_084,Medium,OpenMP,16,5,0.040550947,699,1
medium_084,Medium,OMP-BranchBoundMRV,4,1,0.010667086,699,1
medium_084,Medium,OMP-BranchBoundMRV,4,2,0.010597944,699,1
medium_084,Medium,OMP-BranchBoundMRV,4,3,0.010584116,699,1
medium_084,Medium,OMP-BranchBoundMRV,4,4,0.010575056,699,1
medium_084,Medium,OMP-BranchBoundMRV,4,5,0.010581970,699,1
medium_084,Medium,OMP-BranchBoundMRV,8,1,0.016668797,699,1
medium_084,Medium,OMP-BranchBoundMRV,8,2,0.016493082,699,1
medium_084,Medium,OMP-BranchBoundMRV,8,3,0.016814947,699,1
medium_084,Medium,OMP-BranchBoundMRV,8,4,0.010706902,699,1
medium_084,Medium,OMP-BranchBoundMRV,8,5,0.017107010,699,1
medium_084,Medium,OMP-BranchBoundMRV,16,1,0.080419064,699,1
medium_084,Medium,OMP-BranchBoundMRV,16,2,0.071650982,699,1
medium_084,Medium,OMP-BranchBoundMRV,16,3,0.040436029,699,1
medium_084,Medium,OMP-BranchBoundMRV,16,4,0.093448877,699,1
medium_084,Medium,OMP-BranchBoundMRV,16,5,0.071223021,570,1
medium_085,Medium,Serial,1,1,0.006526333,12984,1
medium_085,Medium,Serial,1,2,0.006411584,12984,1
medium_085,Medium,Serial,1,3,0.006443209,12984,1
medium_085,Medium,Serial,1,4,0.006389583,12984,1
medium_085,Medium,Serial,1,5,0.006359083,12984,1
medium_085,Medium,Serial-MRV,1,1,0.004098542,233,1
medium_085,Medium,Serial-MRV,1,2,0.004114792,233,1
medium_085,Medium,Serial-MRV,1,3,0.004050375,233,1
medium_085,Medium,Serial-MRV,1,4,0.004069334,233,1
medium_085,Medium,Serial-MRV,1,5,0.004060416,233,1
medium_085,Medium,BranchBound,1,1,0.005514958,12984,1
medium_085,Medium,BranchBound,1,2,0.005600750,12984,1
medium_085,Medium,BranchBound,1,3,0.005621834,12984,1
medium_085,Medium,BranchBound,1,4,0.005532084,12984,1
medium_085,Medium,BranchBound,1,5,0.005517625,12984,1
medium_085,Medium,BranchBoundMRV,1,1,0.005376708,233,1
medium_085,Medium,BranchBoundMRV,1,2,0.005308500,233,1
medium_085,Medium,BranchBoundMRV,1,3,0.005349000,233,1
medium_085,Medium,BranchBoundMRV,1,4,0.005438709,233,1
medium_085,Medium,BranchBoundMRV,1,5,0.005341167,233,1
medium_085,Medium,OpenMP,4,1,0.002697945,233,1
medium_085,Medium,OpenMP,4,2,0.002694130,233,1
medium_085,Medium,OpenMP,4,3,0.002738953,233,1
medium_085,Medium,OpenMP,4,4,0.002687931,233,1
medium_085,Medium,OpenMP,4,5,0.002698183,233,1
medium_085,Medium,OpenMP,8,1,0.006396055,233,1
medium_085,Medium,OpenMP,8,2,0.002695799,233,1
medium_085,Medium,OpenMP,8,3,0.006448030,233,1
medium_085,Medium,OpenMP,8,4,0.006390095,233,1
medium_085,Medium,OpenMP,8,5,0.002686977,233,1
medium_085,Medium,OpenMP,16,1,0.047476053,233,1
medium_085,Medium,OpenMP,16,2,0.131517887,233,1
medium_085,Medium,OpenMP,16,3,0.050183058,233,1
medium_085,Medium,OpenMP,16,4,0.040616035,233,1
medium_085,Medium,OpenMP,16,5,0.039100170,178,1
medium_085,Medium,OMP-BranchBoundMRV,4,1,0.003506899,233,1
medium_085,Medium,OMP-BranchBoundMRV,4,2,0.003504992,233,1
medium_085,Medium,OMP-BranchBoundMRV,4,3,0.003849030,233,1
medium_085,Medium,OMP-BranchBoundMRV,4,4,0.003510952,233,1
medium_085,Medium,OMP-BranchBoundMRV,4,5,0.003593922,233,1
medium_085,Medium,OMP-BranchBoundMRV,8,1,0.010602951,233,1
medium_085,Medium,OMP-BranchBoundMRV,8,2,0.006830931,233,1
medium_085,Medium,OMP-BranchBoundMRV,8,3,0.003532171,233,1
medium_085,Medium,OMP-BranchBoundMRV,8,4,0.008919001,233,1
medium_085,Medium,OMP-BranchBoundMRV,8,5,0.004385948,233,1
medium_085,Medium,OMP-BranchBoundMRV,16,1,0.013635159,233,1
medium_085,Medium,OMP-BranchBoundMRV,16,2,0.052109003,157,1
medium_085,Medium,OMP-BranchBoundMRV,16,3,0.042346001,233,1
medium_085,Medium,OMP-BranchBoundMRV,16,4,0.082598925,202,1
medium_085,Medium,OMP-BranchBoundMRV,16,5,0.040553093,233,1
medium_086,Medium,Serial,1,1,0.002255208,4168,1
medium_086,Medium,Serial,1,2,0.002034917,4168,1
medium_086,Medium,Serial,1,3,0.002061417,4168,1
medium_086,Medium,Serial,1,4,0.002088792,4168,1
medium_086,Medium,Serial,1,5,0.002077833,4168,1
medium_086,Medium,Serial-MRV,1,1,0.009137250,584,1
medium_086,Medium,Serial-MRV,1,2,0.009361500,584,1
medium_086,Medium,Serial-MRV,1,3,0.009208500,584,1
medium_086,Medium,Serial-MRV,1,4,0.008979500,584,1
medium_086,Medium,Serial-MRV,1,5,0.008928875,584,1
medium_086,Medium,BranchBound,1,1,0.001805834,4168,1
medium_086,Medium,BranchBound,1,2,0.001776791,4168,1
medium_086,Medium,BranchBound,1,3,0.001821084,4168,1
medium_086,Medium,BranchBound,1,4,0.001771833,4168,1
medium_086,Medium,BranchBound,1,5,0.001772458,4168,1
medium_086,Medium,BranchBoundMRV,1,1,0.011272583,584,1
medium_086,Medium,BranchBoundMRV,1,2,0.011339542,584,1
medium_086,Medium,BranchBoundMRV,1,3,0.011289042,584,1
medium_086,Medium,BranchBoundMRV,1,4,0.011308583,584,1
medium_086,Medium,BranchBoundMRV,1,5,0.011232333,584,1
medium_086,Medium,OpenMP,4,1,0.009798050,1172,1
medium_086,Medium,OpenMP,4,2,0.009717226,1171,1
medium_086,Medium,OpenMP,4,3,0.009721041,1172,1
medium_086,Medium,OpenMP,4,4,0.009699106,1170,1
medium_086,Medium,OpenMP,4,5,0.009653091,1169,1
medium_086,Medium,OpenMP,8,1,0.009593964,805,1
medium_086,Medium,OpenMP,8,2,0.009546995,819,1
medium_086,Medium,OpenMP,8,3,0.009538889,1157,1
medium_086,Medium,OpenMP,8,4,0.021816015,1168,1
medium_086,Medium,OpenMP,8,5,0.021796942,1275,1
medium_086,Medium,OpenMP,16,1,0.026241064,1157,1
medium_086,Medium,OpenMP,16,2,0.164120913,1186,1
medium_086,Medium,OpenMP,16,3,0.065834999,1275,1
medium_086,Medium,OpenMP,16,4,0.061360121,1165,1
medium_086,Medium,OpenMP,16,5,0.056848049,1275,1
medium_086,Medium,OMP-BranchBoundMRV,4,1,0.012021780,1168,1
medium_086,Medium,OMP-BranchBoundMRV,4,2,0.011919022,1163,1
medium_086,Medium,OMP-BranchBoundMRV,4,3,0.011909008,1167,1
medium_086,Medium,OMP-BranchBoundMRV,4,4,0.011957169,1153,1
medium_086,Medium,OMP-BranchBoundMRV,4,5,0.012134075,1158,1
medium_086,Medium,OMP-BranchBoundMRV,8,1,0.017840147,1174,1
medium_086,Medium,OMP-BranchBoundMRV,8,2,0.017724037,930,1
medium_086,Medium,OMP-BranchBoundMRV,8,3,0.014270067,1153,1
medium_086,Medium,OMP-BranchBoundMRV,8,4,0.014551878,1166,1
medium_086,Medium,OMP-BranchBoundMRV,8,5,0.013940096,953,1
medium_086,Medium,OMP-BranchBoundMRV,16,1,0.034853935,1076,1
medium_086,Medium,OMP-BranchBoundMRV,16,2,0.074607134,1275,1
medium_086,Medium,OMP-BranchBoundMRV,16,3,0.062225819,1275,1
medium_086,Medium,OMP-BranchBoundMRV,16,4,0.041697025,1153,1
medium_086,Medium,OMP-BranchBoundMRV,16,5,0.036870956,789,1
medium_087,Medium,Serial,1,1,0.010671000,22478,1
medium_087,Medium,Serial,1,2,0.010673417,22478,1
medium_087,Medium,Serial,1,3,0.010596042,22478,1
medium_087,Medium,Serial,1,4,0.010577792,22478,1
medium_087,Medium,Serial,1,5,0.010615875,22478,1
medium_087,Medium,Serial-MRV,1,1,0.005221250,354,1
medium_087,Medium,Serial-MRV,1,2,0.005268208,354,1
medium_087,Medium,Serial-MRV,1,3,0.005253458,354,1
medium_087,Medium,Serial-MRV,1,4,0.005288083,354,1
medium_087,Medium,Serial-MRV,1,5,0.005206875,354,1
medium_087,Medium,BranchBound,1,1,0.008950625,22478,1
medium_087,Medium,BranchBound,1,2,0.008876083,22478,1
medium_087,Medium,BranchBound,1,3,0.009040625,22478,1
medium_087,Medium,BranchBound,1,4,0.008874166,22478,1
medium_087,Medium,BranchBound,1,5,0.008982542,22478,1
medium_087,Medium,BranchBoundMRV,1,1,0.006659291,354,1
medium_087,Medium,BranchBoundMRV,1,2,0.006704709,354,1
medium_087,Medium,BranchBoundMRV,1,3,0.006692542,354,1
medium_087,Medium,BranchBoundMRV,1,4,0.006646667,354,1
medium_087,Medium,BranchBoundMRV,1,5,0.006672959,354,1
medium_087,Medium,OpenMP,4,1,0.005587101,361,1
medium_087,Medium,OpenMP,4,2,0.005588055,361,1
medium_087,Medium,OpenMP,4,3,0.005597830,361,1
medium_087,Medium,OpenMP,4,4,0.005573034,361,1
medium_087,Medium,OpenMP,4,5,0.005563021,361,1
medium_087,Medium,OpenMP,8,1,0.011496782,361,1
medium_087,Medium,OpenMP,8,2,0.005561829,361,1
medium_087,Medium,OpenMP,8,3,0.005559921,361,1
medium_087,Medium,OpenMP,8,4,0.005577087,361,1
medium_087,Medium,OpenMP,8,5,0.005577087,361,1
medium_087,Medium,OpenMP,16,1,0.030695200,361,1
medium_087,Medium,OpenMP,16,2,0.030370951,361,1
medium_087,Medium,OpenMP,16,3,0.088042974,361,1
medium_087,Medium,OpenMP,16,4,0.078377008,361,1
medium_087,Medium,OpenMP,16,5,0.032505035,361,1
medium_087,Medium,OMP-BranchBoundMRV,4,1,0.007062197,361,1
medium_087,Medium,OMP-BranchBoundMRV,4,2,0.007050037,361,1
medium_087,Medium,OMP-BranchBoundMRV,4,3,0.007517815,361,1
medium_087,Medium,OMP-BranchBoundMRV,4,4,0.007059097,361,1
medium_087,Medium,OMP-BranchBoundMRV,4,5,0.007045031,361,1
medium_087,Medium,OMP-BranchBoundMRV,8,1,0.007061958,361,1
medium_087,Medium,OMP-BranchBoundMRV,8,2,0.007043123,361,1
medium_087,Medium,OMP-BranchBoundMRV,8,3,0.007035971,361,1
medium_087,Medium,OMP-BranchBoundMRV,8,4,0.007056952,361,1
medium_087,Medium,OMP-BranchBoundMRV,8,5,0.012886047,361,1
medium_087,Medium,OMP-BranchBoundMRV,16,1,0.061741114,361,1
medium_087,Medium,OMP-BranchBoundMRV,16,2,0.046627045,361,1
medium_087,Medium,OMP-BranchBoundMRV,16,3,0.032814026,361,1
medium_087,Medium,OMP-BranchBoundMRV,16,4,0.041360140,361,1
medium_087,Medium,OMP-BranchBoundMRV,16,5,0.053810120,361,1
medium_088,Medium,Serial,1,1,0.010580708,22015,1
medium_088,Medium,Serial,1,2,0.010679916,22015,1
medium_088,Medium,Serial,1,3,0.010400917,22015,1
medium_088,Medium,Serial,1,4,0.010555417,22015,1
medium_088,Medium,Serial,1,5,0.010417333,22015,1
medium_088,Medium,Serial-MRV,1,1,0.008243250,527,1
medium_088,Medium,Serial-MRV,1,2,0.008222584,527,1
medium_088,Medium,Serial-MRV,1,3,0.008338083,527,1
medium_088,Medium,Serial-MRV,1,4,0.008377875,527,1
medium_088,Medium,Serial-MRV,1,5,0.008310458,527,1
medium_088,Medium,BranchBound,1,1,0.009781916,22015,1
medium_088,Medium,BranchBound,1,2,0.009952583,22015,1
medium_088,Medium,BranchBound,1,3,0.009693000,22015,1
medium_088,Medium,BranchBound,1,4,0.009894291,22015,1
medium_088,Medium,BranchBound,1,5,0.009741375,22015,1
medium_088,Medium,BranchBoundMRV,1,1,0.011630834,527,1
medium_088,Medium,BranchBoundMRV,1,2,0.011601666,527,1
medium_088,Medium,BranchBoundMRV,1,3,0.011593375,527,1
medium_088,Medium,BranchBoundMRV,1,4,0.011521125,527,1
medium_088,Medium,BranchBoundMRV,1,5,0.011571959,527,1
medium_088,Medium,OpenMP,4,1,0.004255056,503,1
medium_088,Medium,OpenMP,4,2,0.004209995,502,1
medium_088,Medium,OpenMP,4,3,0.004225969,503,1
medium_088,Medium,OpenMP,4,4,0.004245996,504,1
medium_088,Medium,OpenMP,4,5,0.004222870,503,1
medium_088,Medium,OpenMP,8,1,0.010345936,500,1
medium_088,Medium,OpenMP,8,2,0.004242897,503,1
medium_088,Medium,OpenMP,8,3,0.010005951,503,1
medium_088,Medium,OpenMP,8,4,0.004240036,503,1
medium_088,Medium,OpenMP,8,5,0.004238129,500,1
medium_088,Medium,OpenMP,16,1,0.130420923,506,1
medium_088,Medium,OpenMP,16,2,0.028887987,527,1
medium_088,Medium,OpenMP,16,3,0.095827103,500,1
medium_088,Medium,OpenMP,16,4,0.029338837,506,1
medium_088,Medium,OpenMP,16,5,0.027154922,416,1
medium_088,Medium,OMP-BranchBoundMRV,4,1,0.005524874,478,1
medium_088,Medium,OMP-BranchBoundMRV,4,2,0.005609989,479,1
medium_088,Medium,OMP-BranchBoundMRV,4,3,0.005533934,479,1
medium_088,Medium,OMP-BranchBoundMRV,4,4,0.005605936,481,1
medium_088,Medium,OMP-BranchBoundMRV,4,5,0.005515814,468,1
medium_088,Medium,OMP-BranchBoundMRV,8,1,0.014757872,527,1
medium_088,Medium,OMP-BranchBoundMRV,8,2,0.010365963,473,1
medium_088,Medium,OMP-BranchBoundMRV,8,3,0.005525112,479,1
medium_088,Medium,OMP-BranchBoundMRV,8,4,0.005559921,356,1
medium_088,Medium,OMP-BranchBoundMRV,8,5,0.005595922,422,1
medium_088,Medium,OMP-BranchBoundMRV,16,1,0.068170071,527,1
medium_088,Medium,OMP-BranchBoundMRV,16,2,0.053534985,527,1
medium_088,Medium,OMP-BranchBoundMRV,16,3,0.065175056,527,1
medium_088,Medium,OMP-BranchBoundMRV,16,4,0.041662931,527,1
medium_088,Medium,OMP-BranchBoundMRV,16,5,0.048097849,479,1
medium_089,Medium,Serial,1,1,0.001601667,2993,1
medium_089,Medium,Serial,1,2,0.001434125,2993,1
medium_089,Medium,Serial,1,3,0.001512542,2993,1
medium_089,Medium,Serial,1,4,0.001517417,2993,1
medium_089,Medium,Serial,1,5,0.001429541,2993,1
medium_089,Medium,Serial-MRV,1,1,0.009752292,630,1
medium_089,Medium,Serial-MRV,1,2,0.009435750,630,1
medium_089,Medium,Serial-MRV,1,3,0.009531084,630,1
medium_089,Medium,Serial-MRV,1,4,0.009547958,630,1
medium_089,Medium,Serial-MRV,1,5,0.009403583,630,1
medium_089,Medium,BranchBound,1,1,0.001277958,2993,1
medium_089,Medium,BranchBound,1,2,0.001278750,2993,1
medium_089,Medium,BranchBound,1,3,0.001267667,2993,1
medium_089,Medium,BranchBound,1,4,0.001271583,2993,1
medium_089,Medium,BranchBound,1,5,0.001384625,2993,1
medium_089,Medium,BranchBoundMRV,1,1,0.011302959,630,1
medium_089,Medium,BranchBoundMRV,1,2,0.011336292,630,1
medium_089,Medium,BranchBoundMRV,1,3,0.011401125,630,1
medium_089,Medium,BranchBoundMRV,1,4,0.011373458,630,1
medium_089,Medium,BranchBoundMRV,1,5,0.011473333,630,1
medium_089,Medium,OpenMP,4,1,0.007842064,630,1
medium_089,Medium,OpenMP,4,2,0.007811069,630,1
medium_089,Medium,OpenMP,4,3,0.007765055,630,1
medium_089,Medium,OpenMP,4,4,0.007802963,630,1
medium_089,Medium,OpenMP,4,5,0.007839918,630,1
medium_089,Medium,OpenMP,8,1,0.007810116,630,1
medium_089,Medium,OpenMP,8,2,0.013847113,630,1
medium_089,Medium,OpenMP,8,3,0.007814884,630,1
medium_089,Medium,OpenMP,8,4,0.007812977,630,1
medium_089,Medium,OpenMP,8,5,0.007821083,630,1
medium_089,Medium,OpenMP,16,1,0.113251209,630,1
medium_089,Medium,OpenMP,16,2,0.066511154,630,1
medium_089,Medium,OpenMP,16,3,0.047270060,630,1
medium_089,Medium,OpenMP,16,4,0.052243948,630,1
medium_089,Medium,OpenMP,16,5,0.045214891,630,1
medium_089,Medium,OMP-BranchBoundMRV,4,1,0.009400129,630,1
medium_089,Medium,OMP-BranchBoundMRV,4,2,0.009309053,630,1
medium_089,Medium,OMP-BranchBoundMRV,4,3,0.009379864,630,1
medium_089,Medium,OMP-BranchBoundMRV,4,4,0.009310007,630,1
medium_089,Medium,OMP-BranchBoundMRV,4,5,0.009309053,630,1
medium_089,Medium,OMP-BranchBoundMRV,8,1,0.016008139,630,1
medium_089,Medium,OMP-BranchBoundMRV,8,2,0.028454065,630,1
medium_089,Medium,OMP-BranchBoundMRV,8,3,0.009328127,630,1
medium_089,Medium,OMP-BranchBoundMRV,8,4,0.009385109,630,1
medium_089,Medium,OMP-BranchBoundMRV,8,5,0.022614002,630,1
medium_089,Medium,OMP-BranchBoundMRV,16,1,0.146115065,524,1
medium_089,Medium,OMP-BranchBoundMRV,16,2,0.052067995,630,1
medium_089,Medium,OMP-BranchBoundMRV,16,3,0.034369946,630,1
medium_089,Medium,OMP-BranchBoundMRV,16,4,0.048773050,630,1
medium_089,Medium,OMP-BranchBoundMRV,16,5,0.034241915,630,1
medium_090,Medium,Serial,1,1,0.003610792,7173,1
medium_090,Medium,Serial,1,2,0.003605709,7173,1
medium_090,Medium,Serial,1,3,0.003599334,7173,1
medium_090,Medium,Serial,1,4,0.003577042,7173,1
medium_090,Medium,Serial,1,5,0.003609208,7173,1
medium_090,Medium,Serial-MRV,1,1,0.007296458,469,1
medium_090,Medium,Serial-MRV,1,2,0.007213541,469,1
medium_090,Medium,Serial-MRV,1,3,0.007349916,469,1
medium_090,Medium,Serial-MRV,1,4,0.007236917,469,1
medium_090,Medium,Serial-MRV,1,5,0.007370750,469,1
medium_090,Medium,BranchBound,1,1,0.003186791,7173,1
medium_090,Medium,BranchBound,1,2,0.003179250,7173,1
medium_090,Medium,BranchBound,1,3,0.003204916,7173,1
medium_090,Medium,BranchBound,1,4,0.003195292,7173,1
medium_090,Medium,BranchBound,1,5,0.003300792,7173,1
medium_090,Medium,BranchBoundMRV,1,1,0.009793500,469,1
medium_090,Medium,BranchBoundMRV,1,2,0.009890708,469,1
medium_090,Medium,BranchBoundMRV,1,3,0.009980750,469,1
medium_090,Medium,BranchBoundMRV,1,4,0.009832792,469,1
medium_090,Medium,BranchBoundMRV,1,5,0.009922708,469,1
medium_090,Medium,OpenMP,4,1,0.000902891,93,1
medium_090,Medium,OpenMP,4,2,0.000890970,91,1
medium_090,Medium,OpenMP,4,3,0.000913143,94,1
medium_090,Medium,OpenMP,4,4,0.000895023,93,1
medium_090,Medium,OpenMP,4,5,0.000891924,93,1
medium_090,Medium,OpenMP,8,1,0.000964880,96,1
medium_090,Medium,OpenMP,8,2,0.000895023,93,1
medium_090,Medium,OpenMP,8,3,0.000941992,95,1
medium_090,Medium,OpenMP,8,4,0.002111912,166,1
medium_090,Medium,OpenMP,8,5,0.001980066,155,1
medium_090,Medium,OpenMP,16,1,0.146198034,91,1
medium_090,Medium,OpenMP,16,2,0.045360088,117,1
medium_090,Medium,OpenMP,16,3,0.030962944,85,1
medium_090,Medium,OpenMP,16,4,0.030486822,95,1
medium_090,Medium,OpenMP,16,5,0.038942099,95,1
medium_090,Medium,OMP-BranchBoundMRV,4,1,0.001236916,96,1
medium_090,Medium,OMP-BranchBoundMRV,4,2,0.001228809,96,1
medium_090,Medium,OMP-BranchBoundMRV,4,3,0.001229048,96,1
medium_090,Medium,OMP-BranchBoundMRV,4,4,0.001230001,96,1
medium_090,Medium,OMP-BranchBoundMRV,4,5,0.001230955,96,1
medium_090,Medium,OMP-BranchBoundMRV,8,1,0.001240969,96,1
medium_090,Medium,OMP-BranchBoundMRV,8,2,0.001301050,98,1
medium_090,Medium,OMP-BranchBoundMRV,8,3,0.001235008,69,1
medium_090,Medium,OMP-BranchBoundMRV,8,4,0.002708912,159,1
medium_090,Medium,OMP-BranchBoundMRV,8,5,0.003499985,192,1
medium_090,Medium,OMP-BranchBoundMRV,16,1,0.032712936,94,1
medium_090,Medium,OMP-BranchBoundMRV,16,2,0.038538933,70,1
medium_090,Medium,OMP-BranchBoundMRV,16,3,0.037622929,166,1
medium_090,Medium,OMP-BranchBoundMRV,16,4,0.022587061,147,1
medium_090,Medium,OMP-BranchBoundMRV,16,5,0.019145012,70,1
medium_091,Medium,Serial,1,1,0.000987792,2133,1
medium_091,Medium,Serial,1,2,0.001001791,2133,1
medium_091,Medium,Serial,1,3,0.000998375,2133,1
medium_091,Medium,Serial,1,4,0.001011334,2133,1
medium_091,Medium,Serial,1,5,0.000995958,2133,1
medium_091,Medium,Serial-MRV,1,1,0.003475792,207,1
medium_091,Medium,Serial-MRV,1,2,0.003487208,207,1
medium_091,Medium,Serial-MRV,1,3,0.003596375,207,1
medium_091,Medium,Serial-MRV,1,4,0.003463083,207,1
medium_091,Medium,Serial-MRV,1,5,0.003502291,207,1
medium_091,Medium,BranchBound,1,1,0.000897292,2133,1
medium_091,Medium,BranchBound,1,2,0.000929875,2133,1
medium_091,Medium,BranchBound,1,3,0.000890000,2133,1
medium_091,Medium,BranchBound,1,4,0.000893958,2133,1
medium_091,Medium,BranchBound,1,5,0.000890167,2133,1
medium_091,Medium,BranchBoundMRV,1,1,0.004355209,207,1
medium_091,Medium,BranchBoundMRV,1,2,0.004559208,207,1
medium_091,Medium,BranchBoundMRV,1,3,0.004288333,207,1
medium_091,Medium,BranchBoundMRV,1,4,0.004320334,207,1
medium_091,Medium,BranchBoundMRV,1,5,0.004400541,207,1
medium_091,Medium,OpenMP,4,1,0.003669024,207,1
medium_091,Medium,OpenMP,4,2,0.003700972,207,1
medium_091,Medium,OpenMP,4,3,0.003665924,207,1
medium_091,Medium,OpenMP,4,4,0.003741026,207,1
medium_091,Medium,OpenMP,4,5,0.003659964,207,1
medium_091,Medium,OpenMP,8,1,0.003672838,207,1
medium_091,Medium,OpenMP,8,2,0.003676891,207,1
medium_091,Medium,OpenMP,8,3,0.003687859,207,1
medium_091,Medium,OpenMP,8,4,0.003681898,207,1
medium_091,Medium,OpenMP,8,5,0.003681898,207,1
medium_091,Medium,OpenMP,16,1,0.035789013,207,1
medium_091,Medium,OpenMP,16,2,0.020158052,207,1
medium_091,Medium,OpenMP,16,3,0.070423126,207,1
medium_091,Medium,OpenMP,16,4,0.032393217,207,1
medium_091,Medium,OpenMP,16,5,0.027436018,207,1
medium_091,Medium,OMP-BranchBoundMRV,4,1,0.004631996,207,1
medium_091,Medium,OMP-BranchBoundMRV,4,2,0.004632950,207,1
medium_091,Medium,OMP-BranchBoundMRV,4,3,0.004539013,207,1
medium_091,Medium,OMP-BranchBoundMRV,4,4,0.004565001,207,1
medium_091,Medium,OMP-BranchBoundMRV,4,5,0.004534960,207,1
medium_091,Medium,OMP-BranchBoundMRV,8,1,0.004582882,207,1
medium_091,Medium,OMP-BranchBoundMRV,8,2,0.011092901,207,1
medium_091,Medium,OMP-BranchBoundMRV,8,3,0.004551888,207,1
medium_091,Medium,OMP-BranchBoundMRV,8,4,0.004534960,207,1
medium_091,Medium,OMP-BranchBoundMRV,8,5,0.011798143,207,1
medium_091,Medium,OMP-BranchBoundMRV,16,1,0.033687830,207,1
medium_091,Medium,OMP-BranchBoundMRV,16,2,0.044468880,207,1
medium_091,Medium,OMP-BranchBoundMRV,16,3,0.053617954,207,1
medium_091,Medium,OMP-BranchBoundMRV,16,4,0.023530006,207,1
medium_091,Medium,OMP-BranchBoundMRV,16,5,0.045942068,207,1
medium_092,Medium,Serial,1,1,0.004490958,9125,1
medium_092,Medium,Serial,1,2,0.004493708,9125,1
medium_092,Medium,Serial,1,3,0.004487125,9125,1
medium_092,Medium,Serial,1,4,0.004512125,9125,1
medium_092,Medium,Serial,1,5,0.004457750,9125,1
medium_092,Medium,Serial-MRV,1,1,0.003907666,232,1
medium_092,Medium,Serial-MRV,1,2,0.003996041,232,1
medium_092,Medium,Serial-MRV,1,3,0.003956292,232,1
medium_092,Medium,Serial-MRV,1,4,0.003860958,232,1
medium_092,Medium,Serial-MRV,1,5,0.003887583,232,1
medium_092,Medium,BranchBound,1,1,0.003873459,9125,1
medium_092,Medium,BranchBound,1,2,0.003939084,9125,1
medium_092,Medium,BranchBound,1,3,0.003968709,9125,1
medium_092,Medium,BranchBound,1,4,0.003860125,9125,1
medium_092,Medium,BranchBound,1,5,0.003870375,9125,1
medium_092,Medium,BranchBoundMRV,1,1,0.005468000,232,1
medium_092,Medium,BranchBoundMRV,1,2,0.005392791,232,1
medium_092,Medium,BranchBoundMRV,1,3,0.005432208,232,1
medium_092,Medium,BranchBoundMRV,1,4,0.005432000,232,1
medium_092,Medium,BranchBoundMRV,1,5,0.005374166,232,1
medium_092,Medium,OpenMP,4,1,0.001863956,204,1
medium_092,Medium,OpenMP,4,2,0.001889944,206,1
medium_092,Medium,OpenMP,4,3,0.001847029,204,1
medium_092,Medium,OpenMP,4,4,0.001845837,205,1
medium_092,Medium,OpenMP,4,5,0.001845837,204,1
medium_092,Medium,OpenMP,8,1,0.002012968,212,1
medium_092,Medium,OpenMP,8,2,0.001874924,154,1
medium_092,Medium,OpenMP,8,3,0.004451036,232,1
medium_092,Medium,OpenMP,8,4,0.001858950,204,1
medium_092,Medium,OpenMP,8,5,0.001877069,204,1
medium_092,Medium,OpenMP,16,1,0.019269943,202,1
medium_092,Medium,OpenMP,16,2,0.033242941,204,1
medium_092,Medium,OpenMP,16,3,0.072530031,204,1
medium_092,Medium,OpenMP,16,4,0.025797129,204,1
medium_092,Medium,OpenMP,16,5,0.027536869,204,1
medium_092,Medium,OMP-BranchBoundMRV,4,1,0.002581835,203,1
medium_092,Medium,OMP-BranchBoundMRV,4,2,0.002555847,203,1
medium_092,Medium,OMP-BranchBoundMRV,4,3,0.002557993,203,1
medium_092,Medium,OMP-BranchBoundMRV,4,4,0.002551079,203,1
medium_092,Medium,OMP-BranchBoundMRV,4,5,0.002552986,203,1
medium_092,Medium,OMP-BranchBoundMRV,8,1,0.006745100,232,1
medium_092,Medium,OMP-BranchBoundMRV,8,2,0.002548933,203,1
medium_092,Medium,OMP-BranchBoundMRV,8,3,0.002558947,203,1
medium_092,Medium,OMP-BranchBoundMRV,8,4,0.002584219,149,1
medium_092,Medium,OMP-BranchBoundMRV,8,5,0.002568007,203,1
medium_092,Medium,OMP-BranchBoundMRV,16,1,0.042298079,203,1
medium_092,Medium,OMP-BranchBoundMRV,16,2,0.026706934,200,1
medium_092,Medium,OMP-BranchBoundMRV,16,3,0.034096003,200,1
medium_092,Medium,OMP-BranchBoundMRV,16,4,0.028862953,203,1
medium_092,Medium,OMP-BranchBoundMRV,16,5,0.030787945,203,1
medium_093,Medium,Serial,1,1,0.001593833,3287,1
medium_093,Medium,Serial,1,2,0.001614625,3287,1
medium_093,Medium,Serial,1,3,0.001584584,3287,1
medium_093,Medium,Serial,1,4,0.001584666,3287,1
medium_093,Medium,Serial,1,5,0.001598459,3287,1
medium_093,Medium,Serial-MRV,1,1,0.004585375,249,1
medium_093,Medium,Serial-MRV,1,2,0.004345375,249,1
medium_093,Medium,Serial-MRV,1,3,0.004275250,249,1
medium_093,Medium,Serial-MRV,1,4,0.004350500,249,1
medium_093,Medium,Serial-MRV,1,5,0.004309833,249,1
medium_093,Medium,BranchBound,1,1,0.001420125,3287,1
medium_093,Medium,BranchBound,1,2,0.001409083,3287,1
medium_093,Medium,BranchBound,1,3,0.001432083,3287,1
medium_093,Medium,BranchBound,1,4,0.001360333,3287,1
medium_093,Medium,BranchBound,1,5,0.001368584,3287,1
medium_093,Medium,BranchBoundMRV,1,1,0.005290000,249,1
medium_093,Medium,BranchBoundMRV,1,2,0.005265291,249,1
medium_093,Medium,BranchBoundMRV,1,3,0.005258333,249,1
medium_093,Medium,BranchBoundMRV,1,4,0.005328250,249,1
medium_093,Medium,BranchBoundMRV,1,5,0.005834209,249,1
medium_093,Medium,OpenMP,4,1,0.001384974,145,1
medium_093,Medium,OpenMP,4,2,0.001494884,204,1
medium_093,Medium,OpenMP,4,3,0.001335859,194,1
medium_093,Medium,OpenMP,4,4,0.001329899,193,1
medium_093,Medium,OpenMP,4,5,0.001332998,193,1
medium_093,Medium,OpenMP,8,1,0.003121853,249,1
medium_093,Medium,OpenMP,8,2,0.003103971,249,1
medium_093,Medium,OpenMP,8,3,0.003050089,249,1
medium_093,Medium,OpenMP,8,4,0.001412868,197,1
medium_093,Medium,OpenMP,8,5,0.001385927,146,1
medium_093,Medium,OpenMP,16,1,0.032641888,249,1
medium_093,Medium,OpenMP,16,2,0.030783892,196,1
medium_093,Medium,OpenMP,16,3,0.031167984,249,1
medium_093,Medium,OpenMP,16,4,0.025485992,190,1
medium_093,Medium,OpenMP,16,5,0.026662111,249,1
medium_093,Medium,OMP-BranchBoundMRV,4,1,0.001800060,203,1
medium_093,Medium,OMP-BranchBoundMRV,4,2,0.001773119,162,1
medium_093,Medium,OMP-BranchBoundMRV,4,3,0.001922131,193,1
medium_093,Medium,OMP-BranchBoundMRV,4,4,0.001784801,203,1
medium_093,Medium,OMP-BranchBoundMRV,4,5,0.001835823,203,1
medium_093,Medium,OMP-BranchBoundMRV,8,1,0.001810789,204,1
medium_093,Medium,OMP-BranchBoundMRV,8,2,0.001867056,203,1
medium_093,Medium,OMP-BranchBoundMRV,8,3,0.004549980,185,1
medium_093,Medium,OMP-BranchBoundMRV,8,4,0.005105972,249,1
medium_093,Medium,OMP-BranchBoundMRV,8,5,0.002713919,163,1
medium_093,Medium,OMP-BranchBoundMRV,16,1,0.036695957,203,1
medium_093,Medium,OMP-BranchBoundMRV,16,2,0.089637995,249,1
medium_093,Medium,OMP-BranchBoundMRV,16,3,0.025504112,249,1
medium_093,Medium,OMP-BranchBoundMRV,16,4,0.035471916,204,1
medium_093,Medium,OMP-BranchBoundMRV,16,5,0.031115055,230,1
medium_094,Medium,Serial,1,1,0.015033542,31322,1
medium_094,Medium,Serial,1,2,0.015090458,31322,1
medium_094,Medium,Serial,1,3,0.014960250,31322,1
medium_094,Medium,Serial,1,4,0.014910750,31322,1
medium_094,Medium,Serial,1,5,0.014990583,31322,1
medium_094,Medium,Serial-MRV,1,1,0.003525250,201,1
medium_094,Medium,Serial-MRV,1,2,0.003589333,201,1
medium_094,Medium,Serial-MRV,1,3,0.003515250,201,1
medium_094,Medium,Serial-MRV,1,4,0.003551042,201,1
medium_094,Medium,Serial-MRV,1,5,0.003583875,201,1
medium_094,Medium,BranchBound,1,1,0.012992292,31322,1
medium_094,Medium,BranchBound,1,2,0.013004833,31322,1
medium_094,Medium,BranchBound,1,3,0.013141083,31322,1
medium_094,Medium,BranchBound,1,4,0.012978041,31322,1
medium_094,Medium,BranchBound,1,5,0.012948250,31322,1
medium_094,Medium,BranchBoundMRV,1,1,0.004954416,201,1
medium_094,Medium,BranchBoundMRV,1,2,0.004916417,201,1
medium_094,Medium,BranchBoundMRV,1,3,0.004895000,201,1
medium_094,Medium,BranchBoundMRV,1,4,0.004908458,201,1
medium_094,Medium,BranchBoundMRV,1,5,0.004927167,201,1
medium_094,Medium,OpenMP,4,1,0.001822948,290,1
medium_094,Medium,OpenMP,4,2,0.002733946,340,1
medium_094,Medium,OpenMP,4,3,0.002742052,340,1
medium_094,Medium,OpenMP,4,4,0.001821041,291,1
medium_094,Medium,OpenMP,4,5,0.001827002,291,1
medium_094,Medium,OpenMP,8,1,0.001860857,222,1
medium_094,Medium,OpenMP,8,2,0.001888037,235,1
medium_094,Medium,OpenMP,8,3,0.001852989,272,1
medium_094,Medium,OpenMP,8,4,0.004440069,292,1
medium_094,Medium,OpenMP,8,5,0.001924992,260,1
medium_094,Medium,OpenMP,16,1,0.018777847,212,1
medium_094,Medium,OpenMP,16,2,0.025994062,357,1
medium_094,Medium,OpenMP,16,3,0.030121088,357,1
medium_094,Medium,OpenMP,16,4,0.019999027,211,1
medium_094,Medium,OpenMP,16,5,0.043071032,357,1
medium_094,Medium,OMP-BranchBoundMRV,4,1,0.003594160,335,1
medium_094,Medium,OMP-BranchBoundMRV,4,2,0.003562927,334,1
medium_094,Medium,OMP-BranchBoundMRV,4,3,0.003581047,335,1
medium_094,Medium,OMP-BranchBoundMRV,4,4,0.002418041,286,1
medium_094,Medium,OMP-BranchBoundMRV,4,5,0.003559113,333,1
medium_094,Medium,OMP-BranchBoundMRV,8,1,0.005563974,357,1
medium_094,Medium,OMP-BranchBoundMRV,8,2,0.002429008,274,1
medium_094,Medium,OMP-BranchBoundMRV,8,3,0.005839109,291,1
medium_094,Medium,OMP-BranchBoundMRV,8,4,0.002526045,191,1
medium_094,Medium,OMP-BranchBoundMRV,8,5,0.002442122,261,1
medium_094,Medium,OMP-BranchBoundMRV,16,1,0.023590088,220,1
medium_094,Medium,OMP-BranchBoundMRV,16,2,0.046934843,357,1
medium_094,Medium,OMP-BranchBoundMRV,16,3,0.032555103,163,1
medium_094,Medium,OMP-BranchBoundMRV,16,4,0.052009821,239,1
medium_094,Medium,OMP-BranchBoundMRV,16,5,0.025738955,261,1
medium_095,Medium,Serial,1,1,0.003082000,6400,1
medium_095,Medium,Serial,1,2,0.003063875,6400,1
medium_095,Medium,Serial,1,3,0.003052500,6400,1
medium_095,Medium,Serial,1,4,0.003112833,6400,1
medium_095,Medium,Serial,1,5,0.003115417,6400,1
medium_095,Medium,Serial-MRV,1,1,0.007205666,413,1
medium_095,Medium,Serial-MRV,1,2,0.007114750,413,1
medium_095,Medium,Serial-MRV,1,3,0.007380750,413,1
medium_095,Medium,Serial-MRV,1,4,0.007166875,413,1
medium_095,Medium,Serial-MRV,1,5,0.007236792,413,1
medium_095,Medium,BranchBound,1,1,0.002663875,6400,1
medium_095,Medium,BranchBound,1,2,0.002665209,6400,1
medium_095,Medium,BranchBound,1,3,0.002641292,6400,1
medium_095,Medium,BranchBound,1,4,0.002631958,6400,1
medium_095,Medium,BranchBound,1,5,0.002650833,6400,1
medium_095,Medium,BranchBoundMRV,1,1,0.008917459,413,1
medium_095,Medium,BranchBoundMRV,1,2,0.009000208,413,1
medium_095,Medium,BranchBoundMRV,1,3,0.008896791,413,1
medium_095,Medium,BranchBoundMRV,1,4,0.008994375,413,1
medium_095,Medium,BranchBoundMRV,1,5,0.008973250,413,1
medium_095,Medium,OpenMP,4,1,0.002779961,544,1
medium_095,Medium,OpenMP,4,2,0.002764940,546,1
medium_095,Medium,OpenMP,4,3,0.002754927,430,1
medium_095,Medium,OpenMP,4,4,0.002752066,543,1
medium_095,Medium,OpenMP,4,5,0.002752066,545,1
medium_095,Medium,OpenMP,8,1,0.002821207,390,1
medium_095,Medium,OpenMP,8,2,0.002862930,464,1
medium_095,Medium,OpenMP,8,3,0.003560781,366,1
medium_095,Medium,OpenMP,8,4,0.002810955,460,1
medium_095,Medium,OpenMP,8,5,0.002793074,485,1
medium_095,Medium,OpenMP,16,1,0.018677950,396,1
medium_095,Medium,OpenMP,16,2,0.072386026,460,1
medium_095,Medium,OpenMP,16,3,0.019515038,545,1
medium_095,Medium,OpenMP,16,4,0.057082891,484,1
medium_095,Medium,OpenMP,16,5,0.052215099,231,1
medium_095,Medium,OMP-BranchBoundMRV,4,1,0.003535986,543,1
medium_095,Medium,OMP-BranchBoundMRV,4,2,0.003498077,432,1
medium_095,Medium,OMP-BranchBoundMRV,4,3,0.003481150,541,1
medium_095,Medium,OMP-BranchBoundMRV,4,4,0.003471136,431,1
medium_095,Medium,OMP-BranchBoundMRV,4,5,0.003473043,431,1
medium_095,Medium,OMP-BranchBoundMRV,8,1,0.008375168,854,1
medium_095,Medium,OMP-BranchBoundMRV,8,2,0.003515959,476,1
medium_095,Medium,OMP-BranchBoundMRV,8,3,0.003598928,481,1
medium_095,Medium,OMP-BranchBoundMRV,8,4,0.003476143,395,1
medium_095,Medium,OMP-BranchBoundMRV,8,5,0.008409977,854,1
medium_095,Medium,OMP-BranchBoundMRV,16,1,0.023679018,483,1
medium_095,Medium,OMP-BranchBoundMRV,16,2,0.012417078,314,1
medium_095,Medium,OMP-BranchBoundMRV,16,3,0.051970959,427,1
medium_095,Medium,OMP-BranchBoundMRV,16,4,0.034847975,482,1
medium_095,Medium,OMP-BranchBoundMRV,16,5,0.048228979,790,1
medium_096,Medium,Serial,1,1,0.013391584,28524,1
medium_096,Medium,Serial,1,2,0.013497250,28524,1
medium_096,Medium,Serial,1,3,0.013345833,28524,1
medium_096,Medium,Serial,1,4,0.013316875,28524,1
medium_096,Medium,Serial,1,5,0.013352000,28524,1
medium_096,Medium,Serial-MRV,1,1,0.004150292,294,1
medium_096,Medium,Serial-MRV,1,2,0.004171750,294,1
medium_096,Medium,Serial-MRV,1,3,0.004172042,294,1
medium_096,Medium,Serial-MRV,1,4,0.004150708,294,1
medium_096,Medium,Serial-MRV,1,5,0.004151625,294,1
medium_096,Medium,BranchBound,1,1,0.011717416,28524,1
medium_096,Medium,BranchBound,1,2,0.011688125,28524,1
medium_096,Medium,BranchBound,1,3,0.011735709,28524,1
medium_096,Medium,BranchBound,1,4,0.011840875,28524,1
medium_096,Medium,BranchBound,1,5,0.011687042,28524,1
medium_096,Medium,BranchBoundMRV,1,1,0.005756125,294,1
medium_096,Medium,BranchBoundMRV,1,2,0.005757792,294,1
medium_096,Medium,BranchBoundMRV,1,3,0.005709833,294,1
medium_096,Medium,BranchBoundMRV,1,4,0.005722000,294,1
medium_096,Medium,BranchBoundMRV,1,5,0.005723833,294,1
medium_096,Medium,OpenMP,4,1,0.004483938,579,1
medium_096,Medium,OpenMP,4,2,0.004460812,578,1
medium_096,Medium,OpenMP,4,3,0.004478931,579,1
medium_096,Medium,OpenMP,4,4,0.004475832,579,1
medium_096,Medium,OpenMP,4,5,0.004478931,578,1
medium_096,Medium,OpenMP,8,1,0.004477024,575,1
medium_096,Medium,OpenMP,8,2,0.004456997,578,1
medium_096,Medium,OpenMP,8,3,0.011028051,694,1
medium_096,Medium,OpenMP,8,4,0.005795956,575,1
medium_096,Medium,OpenMP,8,5,0.004477978,537,1
medium_096,Medium,OpenMP,16,1,0.031472921,578,1
medium_096,Medium,OpenMP,16,2,0.028861046,579,1
medium_096,Medium,OpenMP,16,3,0.056774139,578,1
medium_096,Medium,OpenMP,16,4,0.060808182,574,1
medium_096,Medium,OpenMP,16,5,0.042227030,694,1
medium_096,Medium,OMP-BranchBoundMRV,4,1,0.007388830,635,1
medium_096,Medium,OMP-BranchBoundMRV,4,2,0.006561995,613,1
medium_096,Medium,OMP-BranchBoundMRV,4,3,0.007035017,600,1
medium_096,Medium,OMP-BranchBoundMRV,4,4,0.006113052,577,1
medium_096,Medium,OMP-BranchBoundMRV,4,5,0.006491899,611,1
medium_096,Medium,OMP-BranchBoundMRV,8,1,0.011660099,569,1
medium_096,Medium,OMP-BranchBoundMRV,8,2,0.014070988,694,1
medium_096,Medium,OMP-BranchBoundMRV,8,3,0.011278868,694,1
medium_096,Medium,OMP-BranchBoundMRV,8,4,0.006111145,377,1
medium_096,Medium,OMP-BranchBoundMRV,8,5,0.006139994,589,1
medium_096,Medium,OMP-BranchBoundMRV,16,1,0.051333904,588,1
medium_096,Medium,OMP-BranchBoundMRV,16,2,0.104405880,409,1
medium_096,Medium,OMP-BranchBoundMRV,16,3,0.043690920,409,1
medium_096,Medium,OMP-BranchBoundMRV,16,4,0.045231104,586,1
medium_096,Medium,OMP-BranchBoundMRV,16,5,0.042261839,587,1
medium_097,Medium,Serial,1,1,0.000465458,956,1
medium_097,Medium,Serial,1,2,0.000446416,956,1
medium_097,Medium,Serial,1,3,0.000402208,956,1
medium_097,Medium,Serial,1,4,0.000401917,956,1
medium_097,Medium,Serial,1,5,0.000401792,956,1
medium_097,Medium,Serial-MRV,1,1,0.003782333,254,1
medium_097,Medium,Serial-MRV,1,2,0.003827500,254,1
medium_097,Medium,Serial-MRV,1,3,0.003799583,254,1
medium_097,Medium,Serial-MRV,1,4,0.003788417,254,1
medium_097,Medium,Serial-MRV,1,5,0.003775000,254,1
medium_097,Medium,BranchBound,1,1,0.000367583,956,1
medium_097,Medium,BranchBound,1,2,0.000389125,956,1
medium_097,Medium,BranchBound,1,3,0.000365750,956,1
medium_097,Medium,BranchBound,1,4,0.000365792,956,1
medium_097,Medium,BranchBound,1,5,0.000365541,956,1
medium_097,Medium,BranchBoundMRV,1,1,0.005351750,254,1
medium_097,Medium,BranchBoundMRV,1,2,0.005272250,254,1
medium_097,Medium,BranchBoundMRV,1,3,0.005298917,254,1
medium_097,Medium,BranchBoundMRV,1,4,0.005332834,254,1
medium_097,Medium,BranchBoundMRV,1,5,0.005313792,254,1
medium_097,Medium,OpenMP,4,1,0.001329899,234,1
medium_097,Medium,OpenMP,4,2,0.001313925,234,1
medium_097,Medium,OpenMP,4,3,0.001312017,234,1
medium_097,Medium,OpenMP,4,4,0.001306057,234,1
medium_097,Medium,OpenMP,4,5,0.001307964,234,1
medium_097,Medium,OpenMP,8,1,0.003319979,254,1
medium_097,Medium,OpenMP,8,2,0.001460791,196,1
medium_097,Medium,OpenMP,8,3,0.001325846,190,1
medium_097,Medium,OpenMP,8,4,0.001307964,190,1
medium_097,Medium,OpenMP,8,5,0.003109932,254,1
medium_097,Medium,OpenMP,16,1,0.101489067,182,1
medium_097,Medium,OpenMP,16,2,0.053002119,254,1
medium_097,Medium,OpenMP,16,3,0.032639027,189,1
medium_097,Medium,OpenMP,16,4,0.040868998,182,1
medium_097,Medium,OpenMP,16,5,0.050435066,191,1
medium_097,Medium,OMP-BranchBoundMRV,4,1,0.001892090,235,1
medium_097,Medium,OMP-BranchBoundMRV,4,2,0.001827002,232,1
medium_097,Medium,OMP-BranchBoundMRV,4,3,0.001836061,232,1
medium_097,Medium,OMP-BranchBoundMRV,4,4,0.001836061,232,1
medium_097,Medium,OMP-BranchBoundMRV,4,5,0.001826048,232,1
medium_097,Medium,OMP-BranchBoundMRV,8,1,0.001853943,180,1
medium_097,Medium,OMP-BranchBoundMRV,8,2,0.001902103,178,1
medium_097,Medium,OMP-BranchBoundMRV,8,3,0.004348993,254,1
medium_097,Medium,OMP-BranchBoundMRV,8,4,0.002124071,132,1
medium_097,Medium,OMP-BranchBoundMRV,8,5,0.001879930,234,1
medium_097,Medium,OMP-BranchBoundMRV,16,1,0.041515112,254,1
medium_097,Medium,OMP-BranchBoundMRV,16,2,0.049830914,234,1
medium_097,Medium,OMP-BranchBoundMRV,16,3,0.039355993,254,1
medium_097,Medium,OMP-BranchBoundMRV,16,4,0.040277004,250,1
medium_097,Medium,OMP-BranchBoundMRV,16,5,0.030933857,254,1
medium_098,Medium,Serial,1,1,0.011478792,22604,1
medium_098,Medium,Serial,1,2,0.011439958,22604,1
medium_098,Medium,Serial,1,3,0.011433000,22604,1
medium_098,Medium,Serial,1,4,0.011437708,22604,1
medium_098,Medium,Serial,1,5,0.011474417,22604,1
medium_098,Medium,Serial-MRV,1,1,0.010640916,611,1
medium_098,Medium,Serial-MRV,1,2,0.010517792,611,1
medium_098,Medium,Serial-MRV,1,3,0.010662125,611,1
medium_098,Medium,Serial-MRV,1,4,0.010545458,611,1
medium_098,Medium,Serial-MRV,1,5,0.010726916,611,1
medium_098,Medium,BranchBound,1,1,0.009399500,22604,1
medium_098,Medium,BranchBound,1,2,0.009433792,22604,1
medium_098,Medium,BranchBound,1,3,0.009389125,22604,1
medium_098,Medium,BranchBound,1,4,0.009350750,22604,1
medium_098,Medium,BranchBound,1,5,0.009455292,22604,1
medium_098,Medium,BranchBoundMRV,1,1,0.013773584,611,1
medium_098,Medium,BranchBoundMRV,1,2,0.013698666,611,1
medium_098,Medium,BranchBoundMRV,1,3,0.013705542,611,1
medium_098,Medium,BranchBoundMRV,1,4,0.013832459,611,1
medium_098,Medium,BranchBoundMRV,1,5,0.013691458,611,1
medium_098,Medium,OpenMP,4,1,0.005300999,688,1
medium_098,Medium,OpenMP,4,2,0.006183147,948,1
medium_098,Medium,OpenMP,4,3,0.004981041,806,1
medium_098,Medium,OpenMP,4,4,0.005251169,830,1
medium_098,Medium,OpenMP,4,5,0.004974127,811,1
medium_098,Medium,OpenMP,8,1,0.011416197,1017,1
medium_098,Medium,OpenMP,8,2,0.011002064,1017,1
medium_098,Medium,OpenMP,8,3,0.005182028,634,1
medium_098,Medium,OpenMP,8,4,0.010966063,1017,1
medium_098,Medium,OpenMP,8,5,0.005560160,672,1
medium_098,Medium,OpenMP,16,1,0.122698069,678,1
medium_098,Medium,OpenMP,16,2,0.042395830,517,1
medium_098,Medium,OpenMP,16,3,0.048345089,678,1
medium_098,Medium,OpenMP,16,4,0.034552097,882,1
medium_098,Medium,OpenMP,16,5,0.027564049,922,1
medium_098,Medium,OMP-BranchBoundMRV,4,1,0.006581068,825,1
medium_098,Medium,OMP-BranchBoundMRV,4,2,0.006461143,813,1
medium_098,Medium,OMP-BranchBoundMRV,4,3,0.006467104,807,1
medium_098,Medium,OMP-BranchBoundMRV,4,4,0.006505013,819,1
medium_098,Medium,OMP-BranchBoundMRV,4,5,0.006479025,807,1
medium_098,Medium,OMP-BranchBoundMRV,8,1,0.006521940,498,1
medium_098,Medium,OMP-BranchBoundMRV,8,2,0.016669989,1017,1
medium_098,Medium,OMP-BranchBoundMRV,8,3,0.006527901,492,1
medium_098,Medium,OMP-BranchBoundMRV,8,4,0.012418985,808,1
medium_098,Medium,OMP-BranchBoundMRV,8,5,0.006832123,680,1
medium_098,Medium,OMP-BranchBoundMRV,16,1,0.111759901,1017,1
medium_098,Medium,OMP-BranchBoundMRV,16,2,0.046756029,1017,1
medium_098,Medium,OMP-BranchBoundMRV,16,3,0.020709991,824,1
medium_098,Medium,OMP-BranchBoundMRV,16,4,0.044157028,661,1
medium_098,Medium,OMP-BranchBoundMRV,16,5,0.028914928,502,1
medium_099,Medium,Serial,1,1,0.002608333,5422,1
medium_099,Medium,Serial,1,2,0.002580875,5422,1
medium_099,Medium,Serial,1,3,0.002580625,5422,1
medium_099,Medium,Serial,1,4,0.002582959,5422,1
medium_099,Medium,Serial,1,5,0.002788791,5422,1
medium_099,Medium,Serial-MRV,1,1,0.008081500,575,1
medium_099,Medium,Serial-MRV,1,2,0.008129250,575,1
medium_099,Medium,Serial-MRV,1,3,0.008099208,575,1
medium_099,Medium,Serial-MRV,1,4,0.008050167,575,1
medium_099,Medium,Serial-MRV,1,5,0.008139792,575,1
medium_099,Medium,BranchBound,1,1,0.002254333,5422,1
medium_099,Medium,BranchBound,1,2,0.002247916,5422,1
medium_099,Medium,BranchBound,1,3,0.002248542,5422,1
medium_099,Medium,BranchBound,1,4,0.002260500,5422,1
medium_099,Medium,BranchBound,1,5,0.002249791,5422,1
medium_099,Medium,BranchBoundMRV,1,1,0.010721541,575,1
medium_099,Medium,BranchBoundMRV,1,2,0.010801667,575,1
medium_099,Medium,BranchBoundMRV,1,3,0.010717958,575,1
medium_099,Medium,BranchBoundMRV,1,4,0.010835375,575,1
medium_099,Medium,BranchBoundMRV,1,5,0.010871375,575,1
medium_099,Medium,OpenMP,4,1,0.001758814,292,1
medium_099,Medium,OpenMP,4,2,0.001662016,284,1
medium_099,Medium,OpenMP,4,3,0.001655102,286,1
medium_099,Medium,OpenMP,4,4,0.001662016,286,1
medium_099,Medium,OpenMP,4,5,0.001658916,283,1
medium_099,Medium,OpenMP,8,1,0.004024029,266,1
medium_099,Medium,OpenMP,8,2,0.001687050,284,1
medium_099,Medium,OpenMP,8,3,0.002146959,269,1
medium_099,Medium,OpenMP,8,4,0.001667976,238,1
medium_099,Medium,OpenMP,8,5,0.001744032,288,1
medium_099,Medium,OpenMP,16,1,0.020354033,453,1
medium_099,Medium,OpenMP,16,2,0.028349161,285,1
medium_099,Medium,OpenMP,16,3,0.022408009,282,1
medium_099,Medium,OpenMP,16,4,0.031466961,411,1
medium_099,Medium,OpenMP,16,5,0.032836199,241,1
medium_099,Medium,OMP-BranchBoundMRV,4,1,0.002269030,276,1
medium_099,Medium,OMP-BranchBoundMRV,4,2,0.002264023,281,1
medium_099,Medium,OMP-BranchBoundMRV,4,3,0.002276182,281,1
medium_099,Medium,OMP-BranchBoundMRV,4,4,0.002261877,281,1
medium_099,Medium,OMP-BranchBoundMRV,4,5,0.002259016,281,1
medium_099,Medium,OMP-BranchBoundMRV,8,1,0.002375126,236,1
medium_099,Medium,OMP-BranchBoundMRV,8,2,0.005326986,384,1
medium_099,Medium,OMP-BranchBoundMRV,8,3,0.002266884,281,1
medium_099,Medium,OMP-BranchBoundMRV,8,4,0.002312899,218,1
medium_099,Medium,OMP-BranchBoundMRV,8,5,0.002298117,270,1
medium_099,Medium,OMP-BranchBoundMRV,16,1,0.057006121,236,1
medium_099,Medium,OMP-BranchBoundMRV,16,2,0.033205032,281,1
medium_099,Medium,OMP-BranchBoundMRV,16,3,0.034301996,566,1
medium_099,Medium,OMP-BranchBoundMRV,16,4,0.044274092,236,1
medium_099,Medium,OMP-BranchBoundMRV,16,5,0.020862818,557,1
medium_100,Medium,Serial,1,1,0.001136416,2371,1
medium_100,Medium,Serial,1,2,0.001132791,2371,1
medium_100,Medium,Serial,1,3,0.001132084,2371,1
medium_100,Medium,Serial,1,4,0.001128125,2371,1
medium_100,Medium,Serial,1,5,0.001131041,2371,1
medium_100,Medium,Serial-MRV,1,1,0.004061375,253,1
medium_100,Medium,Serial-MRV,1,2,0.004049000,253,1
medium_100,Medium,Serial-MRV,1,3,0.004090667,253,1
medium_100,Medium,Serial-MRV,1,4,0.004082750,253,1
medium_100,Medium,Serial-MRV,1,5,0.004082000,253,1
medium_100,Medium,BranchBound,1,1,0.000976167,2371,1
medium_100,Medium,BranchBound,1,2,0.000966709,2371,1
medium_100,Medium,BranchBound,1,3,0.000978916,2371,1
medium_100,Medium,BranchBound,1,4,0.000969292,2371,1
medium_100,Medium,BranchBound,1,5,0.000968875,2371,1
medium_100,Medium,BranchBoundMRV,1,1,0.005572500,253,1
medium_100,Medium,BranchBoundMRV,1,2,0.005607416,253,1
medium_100,Medium,BranchBoundMRV,1,3,0.005597625,253,1
medium_100,Medium,BranchBoundMRV,1,4,0.005499750,253,1
medium_100,Medium,BranchBoundMRV,1,5,0.005471209,253,1
medium_100,Medium,OpenMP,4,1,0.004337072,308,1
medium_100,Medium,OpenMP,4,2,0.004323006,308,1
medium_100,Medium,OpenMP,4,3,0.004308939,308,1
medium_100,Medium,OpenMP,4,4,0.004297972,308,1
medium_100,Medium,OpenMP,4,5,0.004312038,308,1
medium_100,Medium,OpenMP,8,1,0.004331827,308,1
medium_100,Medium,OpenMP,8,2,0.004323006,308,1
medium_100,Medium,OpenMP,8,3,0.004363060,308,1
medium_100,Medium,OpenMP,8,4,0.010591984,308,1
medium_100,Medium,OpenMP,8,5,0.010828972,308,1
medium_100,Medium,OpenMP,16,1,0.068732023,308,1
medium_100,Medium,OpenMP,16,2,0.031049013,308,1
medium_100,Medium,OpenMP,16,3,0.048422098,308,1
medium_100,Medium,OpenMP,16,4,0.007726192,308,1
medium_100,Medium,OpenMP,16,5,0.018577099,308,1
medium_100,Medium,OMP-BranchBoundMRV,4,1,0.005916119,308,1
medium_100,Medium,OMP-BranchBoundMRV,4,2,0.006036043,308,1
medium_100,Medium,OMP-BranchBoundMRV,4,3,0.005792141,308,1
medium_100,Medium,OMP-BranchBoundMRV,4,4,0.005792141,308,1
medium_100,Medium,OMP-BranchBoundMRV,4,5,0.005839109,308,1
medium_100,Medium,OMP-BranchBoundMRV,8,1,0.012989998,308,1
medium_100,Medium,OMP-BranchBoundMRV,8,2,0.005839825,308,1
medium_100,Medium,OMP-BranchBoundMRV,8,3,0.012166023,308,1
medium_100,Medium,OMP-BranchBoundMRV,8,4,0.005798101,308,1
medium_100,Medium,OMP-BranchBoundMRV,8,5,0.005967140,308,1
medium_100,Medium,OMP-BranchBoundMRV,16,1,0.107415199,308,1
medium_100,Medium,OMP-BranchBoundMRV,16,2,0.028985977,308,1
medium_100,Medium,OMP-BranchBoundMRV,16,3,0.030896187,308,1
medium_100,Medium,OMP-BranchBoundMRV,16,4,0.027043104,308,1
medium_100,Medium,OMP-BranchBoundMRV,16,5,0.054131031,265,1
hard_001,Hard,Serial,1,1,0.001447292,2631,1
hard_001,Hard,Serial,1,2,0.001383209,2631,1
hard_001,Hard,Serial,1,3,0.001371083,2631,1
hard_001,Hard,Serial,1,4,0.001392458,2631,1
hard_001,Hard,Serial,1,5,0.001406917,2631,1
hard_001,Hard,Serial-MRV,1,1,0.016385000,1063,1
hard_001,Hard,Serial-MRV,1,2,0.016345333,1063,1
hard_001,Hard,Serial-MRV,1,3,0.016611833,1063,1
hard_001,Hard,Serial-MRV,1,4,0.016555291,1063,1
hard_001,Hard,Serial-MRV,1,5,0.016331083,1063,1
hard_001,Hard,BranchBound,1,1,0.001228292,2631,1
hard_001,Hard,BranchBound,1,2,0.001183167,2631,1
hard_001,Hard,BranchBound,1,3,0.001178083,2631,1
hard_001,Hard,BranchBound,1,4,0.001181459,2631,1
hard_001,Hard,BranchBound,1,5,0.001227792,2631,1
hard_001,Hard,BranchBoundMRV,1,1,0.019786166,1063,1
hard_001,Hard,BranchBoundMRV,1,2,0.019672500,1063,1
hard_001,Hard,BranchBoundMRV,1,3,0.019792833,1063,1
hard_001,Hard,BranchBoundMRV,1,4,0.019958416,1063,1
hard_001,Hard,BranchBoundMRV,1,5,0.019769625,1063,1
hard_001,Hard,OpenMP,4,1,0.017518997,1063,1
hard_001,Hard,OpenMP,4,2,0.017484903,1063,1
hard_001,Hard,OpenMP,4,3,0.017319918,1063,1
hard_001,Hard,OpenMP,4,4,0.017560005,1063,1
hard_001,Hard,OpenMP,4,5,0.017490149,1063,1
hard_001,Hard,OpenMP,8,1,0.017381907,1063,1
hard_001,Hard,OpenMP,8,2,0.023209810,1063,1
hard_001,Hard,OpenMP,8,3,0.027961016,1063,1
hard_001,Hard,OpenMP,8,4,0.027516842,1063,1
hard_001,Hard,OpenMP,8,5,0.017361879,1063,1
hard_001,Hard,OpenMP,16,1,0.149164915,1063,1
hard_001,Hard,OpenMP,16,2,0.061295986,1063,1
hard_001,Hard,OpenMP,16,3,0.064754009,1063,1
hard_001,Hard,OpenMP,16,4,0.072299957,1063,1
hard_001,Hard,OpenMP,16,5,0.053995848,1063,1
hard_001,Hard,OMP-BranchBoundMRV,4,1,0.020823956,1063,1
hard_001,Hard,OMP-BranchBoundMRV,4,2,0.020892143,1063,1
hard_001,Hard,OMP-BranchBoundMRV,4,3,0.020811081,1063,1
hard_001,Hard,OMP-BranchBoundMRV,4,4,0.021157026,1063,1
hard_001,Hard,OMP-BranchBoundMRV,4,5,0.020800829,1063,1
hard_001,Hard,OMP-BranchBoundMRV,8,1,0.027538061,1063,1
hard_001,Hard,OMP-BranchBoundMRV,8,2,0.020823956,1063,1
hard_001,Hard,OMP-BranchBoundMRV,8,3,0.034474850,1063,1
hard_001,Hard,OMP-BranchBoundMRV,8,4,0.043832064,1063,1
hard_001,Hard,OMP-BranchBoundMRV,8,5,0.032692909,1063,1
hard_001,Hard,OMP-BranchBoundMRV,16,1,0.057904005,1063,1
hard_001,Hard,OMP-BranchBoundMRV,16,2,0.131165028,1063,1
hard_001,Hard,OMP-BranchBoundMRV,16,3,0.030365944,1063,1
hard_001,Hard,OMP-BranchBoundMRV,16,4,0.075345993,1063,1
hard_001,Hard,OMP-BranchBoundMRV,16,5,0.106400967,1063,1
hard_002,Hard,Serial,1,1,0.029792375,63532,1
hard_002,Hard,Serial,1,2,0.029768125,63532,1
hard_002,Hard,Serial,1,3,0.029834584,63532,1
hard_002,Hard,Serial,1,4,0.029742125,63532,1
hard_002,Hard,Serial,1,5,0.029730792,63532,1
hard_002,Hard,Serial-MRV,1,1,0.024690500,1490,1
hard_002,Hard,Serial-MRV,1,2,0.024773625,1490,1
hard_002,Hard,Serial-MRV,1,3,0.024680750,1490,1
hard_002,Hard,Serial-MRV,1,4,0.024709541,1490,1
hard_002,Hard,Serial-MRV,1,5,0.024779459,1490,1
hard_002,Hard,BranchBound,1,1,0.027045834,63532,1
hard_002,Hard,BranchBound,1,2,0.027540792,63532,1
hard_002,Hard,BranchBound,1,3,0.027268167,63532,1
hard_002,Hard,BranchBound,1,4,0.027139750,63532,1
hard_002,Hard,BranchBound,1,5,0.026704208,63532,1
hard_002,Hard,BranchBoundMRV,1,1,0.032561917,1490,1
hard_002,Hard,BranchBoundMRV,1,2,0.032459000,1490,1
hard_002,Hard,BranchBoundMRV,1,3,0.032458125,1490,1
hard_002,Hard,BranchBoundMRV,1,4,0.032625875,1490,1
hard_002,Hard,BranchBoundMRV,1,5,0.032838416,1490,1
hard_002,Hard,OpenMP,4,1,0.002380133,560,1
hard_002,Hard,OpenMP,4,2,0.002349138,555,1
hard_002,Hard,OpenMP,4,3,0.002990007,598,1
hard_002,Hard,OpenMP,4,4,0.002457857,569,1
hard_002,Hard,OpenMP,4,5,0.002416849,563,1
hard_002,Hard,OpenMP,8,1,0.002754927,609,1
hard_002,Hard,OpenMP,8,2,0.003695965,748,1
hard_002,Hard,OpenMP,8,3,0.002369165,441,1
hard_002,Hard,OpenMP,8,4,0.002423048,480,1
hard_002,Hard,OpenMP,8,5,0.002366066,622,1
hard_002,Hard,OpenMP,16,1,0.022747993,518,1
hard_002,Hard,OpenMP,16,2,0.031420946,437,1
hard_002,Hard,OpenMP,16,3,0.031984091,430,1
hard_002,Hard,OpenMP,16,4,0.058537006,931,1
hard_002,Hard,OpenMP,16,5,0.066504002,1110,1
hard_002,Hard,OMP-BranchBoundMRV,4,1,0.002925873,510,1
hard_002,Hard,OMP-BranchBoundMRV,4,2,0.002922058,528,1
hard_002,Hard,OMP-BranchBoundMRV,4,3,0.002902985,525,1
hard_002,Hard,OMP-BranchBoundMRV,4,4,0.002906084,526,1
hard_002,Hard,OMP-BranchBoundMRV,4,5,0.002908230,526,1
hard_002,Hard,OMP-BranchBoundMRV,8,1,0.002958059,509,1
hard_002,Hard,OMP-BranchBoundMRV,8,2,0.011616945,935,1
hard_002,Hard,OMP-BranchBoundMRV,8,3,0.010537863,953,1
hard_002,Hard,OMP-BranchBoundMRV,8,4,0.004626989,538,1
hard_002,Hard,OMP-BranchBoundMRV,8,5,0.002933979,504,1
hard_002,Hard,OMP-BranchBoundMRV,16,1,0.030319929,510,1
hard_002,Hard,OMP-BranchBoundMRV,16,2,0.030338049,413,1
hard_002,Hard,OMP-BranchBoundMRV,16,3,0.021121979,856,1
hard_002,Hard,OMP-BranchBoundMRV,16,4,0.035161018,971,1
hard_002,Hard,OMP-BranchBoundMRV,16,5,0.124437094,1490,1
hard_003,Hard,Serial,1,1,0.004517084,9112,1
hard_003,Hard,Serial,1,2,0.004322584,9112,1
hard_003,Hard,Serial,1,3,0.004422417,9112,1
hard_003,Hard,Serial,1,4,0.004372416,9112,1
hard_003,Hard,Serial,1,5,0.004399791,9112,1
hard_003,Hard,Serial-MRV,1,1,0.015748834,1059,1
hard_003,Hard,Serial-MRV,1,2,0.015790791,1059,1
hard_003,Hard,Serial-MRV,1,3,0.015771166,1059,1
hard_003,Hard,Serial-MRV,1,4,0.015749709,1059,1
hard_003,Hard,Serial-MRV,1,5,0.015776083,1059,1
hard_003,Hard,BranchBound,1,1,0.004001958,9112,1
hard_003,Hard,BranchBound,1,2,0.003950416,9112,1
hard_003,Hard,BranchBound,1,3,0.003951916,9112,1
hard_003,Hard,BranchBound,1,4,0.003967125,9112,1
hard_003,Hard,BranchBound,1,5,0.003955917,9112,1
hard_003,Hard,BranchBoundMRV,1,1,0.020470875,1059,1
hard_003,Hard,BranchBoundMRV,1,2,0.020357500,1059,1
hard_003,Hard,BranchBoundMRV,1,3,0.020297375,1059,1
hard_003,Hard,BranchBoundMRV,1,4,0.020317958,1059,1
hard_003,Hard,BranchBoundMRV,1,5,0.020378041,1059,1
hard_003,Hard,OpenMP,4,1,0.001044035,154,1
hard_003,Hard,OpenMP,4,2,0.000808001,133,1
hard_003,Hard,OpenMP,4,3,0.000778913,131,1
hard_003,Hard,OpenMP,4,4,0.000775814,131,1
hard_003,Hard,OpenMP,4,5,0.000782013,115,1
hard_003,Hard,OpenMP,8,1,0.000844002,116,1
hard_003,Hard,OpenMP,8,2,0.000830889,98,1
hard_003,Hard,OpenMP,8,3,0.002045870,222,1
hard_003,Hard,OpenMP,8,4,0.001811981,209,1
hard_003,Hard,OpenMP,8,5,0.000839949,100,1
hard_003,Hard,OpenMP,16,1,0.100462914,269,1
hard_003,Hard,OpenMP,16,2,0.080766916,1068,1
hard_003,Hard,OpenMP,16,3,0.021360159,116,1
hard_003,Hard,OpenMP,16,4,0.023149967,205,1
hard_003,Hard,OpenMP,16,5,0.036556959,121,1
hard_003,Hard,OMP-BranchBoundMRV,4,1,0.001046896,125,1
hard_003,Hard,OMP-BranchBoundMRV,4,2,0.001024008,125,1
hard_003,Hard,OMP-BranchBoundMRV,4,3,0.001023054,125,1
hard_003,Hard,OMP-BranchBoundMRV,4,4,0.001145124,133,1
hard_003,Hard,OMP-BranchBoundMRV,4,5,0.001635075,161,1
hard_003,Hard,OMP-BranchBoundMRV,8,1,0.002334118,119,1
hard_003,Hard,OMP-BranchBoundMRV,8,2,0.005326986,195,1
hard_003,Hard,OMP-BranchBoundMRV,8,3,0.002404928,270,1
hard_003,Hard,OMP-BranchBoundMRV,8,4,0.002307892,121,1
hard_003,Hard,OMP-BranchBoundMRV,8,5,0.001079082,111,1
hard_003,Hard,OMP-BranchBoundMRV,16,1,0.006222963,119,1
hard_003,Hard,OMP-BranchBoundMRV,16,2,0.010411978,231,1
hard_003,Hard,OMP-BranchBoundMRV,16,3,0.021203995,192,1
hard_003,Hard,OMP-BranchBoundMRV,16,4,0.043038130,81,1
hard_003,Hard,OMP-BranchBoundMRV,16,5,0.030459881,136,1
hard_004,Hard,Serial,1,1,0.004833584,8655,1
hard_004,Hard,Serial,1,2,0.004759625,8655,1
hard_004,Hard,Serial,1,3,0.004852167,8655,1
hard_004,Hard,Serial,1,4,0.004769750,8655,1
hard_004,Hard,Serial,1,5,0.004865167,8655,1
hard_004,Hard,Serial-MRV,1,1,0.016641958,1198,1
hard_004,Hard,Serial-MRV,1,2,0.016687917,1198,1
hard_004,Hard,Serial-MRV,1,3,0.017030958,1198,1
hard_004,Hard,Serial-MRV,1,4,0.016650875,1198,1
hard_004,Hard,Serial-MRV,1,5,0.016662500,1198,1
hard_004,Hard,BranchBound,1,1,0.004025583,8655,1
hard_004,Hard,BranchBound,1,2,0.003979584,8655,1
hard_004,Hard,BranchBound,1,3,0.004031125,8655,1
hard_004,Hard,BranchBound,1,4,0.004084791,8655,1
hard_004,Hard,BranchBound,1,5,0.003959125,8655,1
hard_004,Hard,BranchBoundMRV,1,1,0.021075375,1198,1
hard_004,Hard,BranchBoundMRV,1,2,0.021051333,1198,1
hard_004,Hard,BranchBoundMRV,1,3,0.020956458,1198,1
hard_004,Hard,BranchBoundMRV,1,4,0.021108000,1198,1
hard_004,Hard,BranchBoundMRV,1,5,0.021170875,1198,1
hard_004,Hard,OpenMP,4,1,0.017703056,2015,1
hard_004,Hard,OpenMP,4,2,0.017618895,2015,1
hard_004,Hard,OpenMP,4,3,0.017728806,2015,1
hard_004,Hard,OpenMP,4,4,0.017696857,2015,1
hard_004,Hard,OpenMP,4,5,0.017829895,2015,1
hard_004,Hard,OpenMP,8,1,0.026473999,2015,1
hard_004,Hard,OpenMP,8,2,0.021969080,2015,1
hard_004,Hard,OpenMP,8,3,0.019768953,2015,1
hard_004,Hard,OpenMP,8,4,0.032147884,2015,1
hard_004,Hard,OpenMP,8,5,0.028088093,2015,1
hard_004,Hard,OpenMP,16,1,0.108108044,1378,1
hard_004,Hard,OpenMP,16,2,0.057824135,2015,1
hard_004,Hard,OpenMP,16,3,0.051461935,2015,1
hard_004,Hard,OpenMP,16,4,0.050263882,2015,1
hard_004,Hard,OpenMP,16,5,0.044018984,1899,1
hard_004,Hard,OMP-BranchBoundMRV,4,1,0.022264004,2015,1
hard_004,Hard,OMP-BranchBoundMRV,4,2,0.022205830,2015,1
hard_004,Hard,OMP-BranchBoundMRV,4,3,0.022394896,2015,1
hard_004,Hard,OMP-BranchBoundMRV,4,4,0.022355795,2015,1
hard_004,Hard,OMP-BranchBoundMRV,4,5,0.022542953,2015,1
hard_004,Hard,OMP-BranchBoundMRV,8,1,0.033788919,2015,1
hard_004,Hard,OMP-BranchBoundMRV,8,2,0.042497873,2015,1
hard_004,Hard,OMP-BranchBoundMRV,8,3,0.029274940,1991,1
hard_004,Hard,OMP-BranchBoundMRV,8,4,0.031838894,2015,1
hard_004,Hard,OMP-BranchBoundMRV,8,5,0.022371054,1797,1
hard_004,Hard,OMP-BranchBoundMRV,16,1,0.051131964,2015,1
hard_004,Hard,OMP-BranchBoundMRV,16,2,0.138588905,1240,1
hard_004,Hard,OMP-BranchBoundMRV,16,3,0.072767973,2015,1
hard_004,Hard,OMP-BranchBoundMRV,16,4,0.071327925,2013,1
hard_004,Hard,OMP-BranchBoundMRV,16,5,0.091114998,2015,1
hard_005,Hard,Serial,1,1,0.002337292,4618,1
hard_005,Hard,Serial,1,2,0.002269958,4618,1
hard_005,Hard,Serial,1,3,0.002268750,4618,1
hard_005,Hard,Serial,1,4,0.002272250,4618,1
hard_005,Hard,Serial,1,5,0.002279250,4618,1
hard_005,Hard,Serial-MRV,1,1,0.047721959,2997,1
hard_005,Hard,Serial-MRV,1,2,0.047665583,2997,1
hard_005,Hard,Serial-MRV,1,3,0.047379250,2997,1
hard_005,Hard,Serial-MRV,1,4,0.047494333,2997,1
hard_005,Hard,Serial-MRV,1,5,0.047794709,2997,1
hard_005,Hard,BranchBound,1,1,0.002036333,4618,1
hard_005,Hard,BranchBound,1,2,0.001990333,4618,1
hard_005,Hard,BranchBound,1,3,0.001978125,4618,1
hard_005,Hard,BranchBound,1,4,0.002050500,4618,1
hard_005,Hard,BranchBound,1,5,0.001992000,4618,1
hard_005,Hard,BranchBoundMRV,1,1,0.062818333,2997,1
hard_005,Hard,BranchBoundMRV,1,2,0.062945917,2997,1
hard_005,Hard,BranchBoundMRV,1,3,0.064552709,2997,1
hard_005,Hard,BranchBoundMRV,1,4,0.063674125,2997,1
hard_005,Hard,BranchBoundMRV,1,5,0.062803666,2997,1
hard_005,Hard,OpenMP,4,1,0.004081964,731,1
hard_005,Hard,OpenMP,4,2,0.004050016,704,1
hard_005,Hard,OpenMP,4,3,0.004054785,730,1
hard_005,Hard,OpenMP,4,4,0.004091978,707,1
hard_005,Hard,OpenMP,4,5,0.004060030,705,1
hard_005,Hard,OpenMP,8,1,0.009790897,1115,1
hard_005,Hard,OpenMP,8,2,0.004190922,489,1
hard_005,Hard,OpenMP,8,3,0.009777069,1091,1
hard_005,Hard,OpenMP,8,4,0.009737015,1110,1
hard_005,Hard,OpenMP,8,5,0.009699106,1105,1
hard_005,Hard,OpenMP,16,1,0.045412064,318,1
hard_005,Hard,OpenMP,16,2,0.042338133,1760,1
hard_005,Hard,OpenMP,16,3,0.077203035,1395,1
hard_005,Hard,OpenMP,16,4,0.042526960,1179,1
hard_005,Hard,OpenMP,16,5,0.038841009,656,1
hard_005,Hard,OMP-BranchBoundMRV,4,1,0.005314112,678,1
hard_005,Hard,OMP-BranchBoundMRV,4,2,0.005407095,685,1
hard_005,Hard,OMP-BranchBoundMRV,4,3,0.005309105,658,1
hard_005,Hard,OMP-BranchBoundMRV,4,4,0.005316019,658,1
hard_005,Hard,OMP-BranchBoundMRV,4,5,0.005306005,678,1
hard_005,Hard,OMP-BranchBoundMRV,8,1,0.021101952,1202,1
hard_005,Hard,OMP-BranchBoundMRV,8,2,0.011260986,699,1
hard_005,Hard,OMP-BranchBoundMRV,8,3,0.011757135,732,1
hard_005,Hard,OMP-BranchBoundMRV,8,4,0.010561943,558,1
hard_005,Hard,OMP-BranchBoundMRV,8,5,0.005326033,440,1
hard_005,Hard,OMP-BranchBoundMRV,16,1,0.035213947,971,1
hard_005,Hard,OMP-BranchBoundMRV,16,2,0.015264034,580,1
hard_005,Hard,OMP-BranchBoundMRV,16,3,0.136444092,687,1
hard_005,Hard,OMP-BranchBoundMRV,16,4,0.043913841,637,1
hard_005,Hard,OMP-BranchBoundMRV,16,5,0.053954124,683,1
hard_006,Hard,Serial,1,1,0.040566291,84869,1
hard_006,Hard,Serial,1,2,0.040571792,84869,1
hard_006,Hard,Serial,1,3,0.040548791,84869,1
hard_006,Hard,Serial,1,4,0.040895000,84869,1
hard_006,Hard,Serial,1,5,0.041417292,84869,1
hard_006,Hard,Serial-MRV,1,1,0.038934083,2379,1
hard_006,Hard,Serial-MRV,1,2,0.038941375,2379,1
hard_006,Hard,Serial-MRV,1,3,0.038759541,2379,1
hard_006,Hard,Serial-MRV,1,4,0.038570542,2379,1
hard_006,Hard,Serial-MRV,1,5,0.038806500,2379,1
hard_006,Hard,BranchBound,1,1,0.035974625,84869,1
hard_006,Hard,BranchBound,1,2,0.035985333,84869,1
hard_006,Hard,BranchBound,1,3,0.036007167,84869,1
hard_006,Hard,BranchBound,1,4,0.035909416,84869,1
hard_006,Hard,BranchBound,1,5,0.035916834,84869,1
hard_006,Hard,BranchBoundMRV,1,1,0.050503792,2379,1
hard_006,Hard,BranchBoundMRV,1,2,0.051187250,2379,1
hard_006,Hard,BranchBoundMRV,1,3,0.050818292,2379,1
hard_006,Hard,BranchBoundMRV,1,4,0.050995250,2379,1
hard_006,Hard,BranchBoundMRV,1,5,0.050704500,2379,1
hard_006,Hard,OpenMP,4,1,0.014643192,2377,1
hard_006,Hard,OpenMP,4,2,0.014631987,2379,1
hard_006,Hard,OpenMP,4,3,0.014701843,2379,1
hard_006,Hard,OpenMP,4,4,0.014683962,2379,1
hard_006,Hard,OpenMP,4,5,0.014670849,2379,1
hard_006,Hard,OpenMP,8,1,0.018610001,2141,1
hard_006,Hard,OpenMP,8,2,0.030071974,2379,1
hard_006,Hard,OpenMP,8,3,0.021191835,2379,1
hard_006,Hard,OpenMP,8,4,0.021081924,2276,1
hard_006,Hard,OpenMP,8,5,0.022058964,2379,1
hard_006,Hard,OpenMP,16,1,0.097118139,2259,1
hard_006,Hard,OpenMP,16,2,0.066246033,2379,1
hard_006,Hard,OpenMP,16,3,0.034298897,1918,1
hard_006,Hard,OpenMP,16,4,0.045382977,2379,1
hard_006,Hard,OpenMP,16,5,0.039658070,2328,1
hard_006,Hard,OMP-BranchBoundMRV,4,1,0.019133091,2371,1
hard_006,Hard,OMP-BranchBoundMRV,4,2,0.018772840,2370,1
hard_006,Hard,OMP-BranchBoundMRV,4,3,0.018639088,2371,1
hard_006,Hard,OMP-BranchBoundMRV,4,4,0.018873930,2370,1
hard_006,Hard,OMP-BranchBoundMRV,4,5,0.018757820,2372,1
hard_006,Hard,OMP-BranchBoundMRV,8,1,0.033540964,2379,1
hard_006,Hard,OMP-BranchBoundMRV,8,2,0.030850887,2379,1
hard_006,Hard,OMP-BranchBoundMRV,8,3,0.035417080,2379,1
hard_006,Hard,OMP-BranchBoundMRV,8,4,0.032826900,2379,1
hard_006,Hard,OMP-BranchBoundMRV,8,5,0.020785809,2007,1
hard_006,Hard,OMP-BranchBoundMRV,16,1,0.159794092,2379,1
hard_006,Hard,OMP-BranchBoundMRV,16,2,0.051372051,1603,1
hard_006,Hard,OMP-BranchBoundMRV,16,3,0.122838974,2165,1
hard_006,Hard,OMP-BranchBoundMRV,16,4,0.117898941,2379,1
hard_006,Hard,OMP-BranchBoundMRV,16,5,0.062541008,2230,1
hard_007,Hard,Serial,1,1,0.004491083,8923,1
hard_007,Hard,Serial,1,2,0.004431250,8923,1
hard_007,Hard,Serial,1,3,0.004480917,8923,1
hard_007,Hard,Serial,1,4,0.004432041,8923,1
hard_007,Hard,Serial,1,5,0.004434750,8923,1
hard_007,Hard,Serial-MRV,1,1,0.022545250,1399,1
hard_007,Hard,Serial-MRV,1,2,0.022992875,1399,1
hard_007,Hard,Serial-MRV,1,3,0.022562500,1399,1
hard_007,Hard,Serial-MRV,1,4,0.022584500,1399,1
hard_007,Hard,Serial-MRV,1,5,0.022628625,1399,1
hard_007,Hard,BranchBound,1,1,0.004003375,8923,1
hard_007,Hard,BranchBound,1,2,0.003890958,8923,1
hard_007,Hard,BranchBound,1,3,0.003883208,8923,1
hard_007,Hard,BranchBound,1,4,0.004072917,8923,1
hard_007,Hard,BranchBound,1,5,0.003994084,8923,1
hard_007,Hard,BranchBoundMRV,1,1,0.030214375,1399,1
hard_007,Hard,BranchBoundMRV,1,2,0.031370750,1399,1
hard_007,Hard,BranchBoundMRV,1,3,0.030179583,1399,1
hard_007,Hard,BranchBoundMRV,1,4,0.030150458,1399,1
hard_007,Hard,BranchBoundMRV,1,5,0.029860834,1399,1
hard_007,Hard,OpenMP,4,1,0.001187801,228,1
hard_007,Hard,OpenMP,4,2,0.001178026,174,1
hard_007,Hard,OpenMP,4,3,0.001166105,216,1
hard_007,Hard,OpenMP,4,4,0.001175165,216,1
hard_007,Hard,OpenMP,4,5,0.001178980,218,1
hard_007,Hard,OpenMP,8,1,0.002741098,550,1
hard_007,Hard,OpenMP,8,2,0.003015041,449,1
hard_007,Hard,OpenMP,8,3,0.001312017,196,1
hard_007,Hard,OpenMP,8,4,0.001206875,165,1
hard_007,Hard,OpenMP,8,5,0.003126144,365,1
hard_007,Hard,OpenMP,16,1,0.092432976,765,1
hard_007,Hard,OpenMP,16,2,0.010540962,156,1
hard_007,Hard,OpenMP,16,3,0.010227919,371,1
hard_007,Hard,OpenMP,16,4,0.028335810,154,1
hard_007,Hard,OpenMP,16,5,0.023241997,188,1
hard_007,Hard,OMP-BranchBoundMRV,4,1,0.001842976,255,1
hard_007,Hard,OMP-BranchBoundMRV,4,2,0.001814127,255,1
hard_007,Hard,OMP-BranchBoundMRV,4,3,0.001810074,256,1
hard_007,Hard,OMP-BranchBoundMRV,4,4,0.001805067,254,1
hard_007,Hard,OMP-BranchBoundMRV,4,5,0.001805067,256,1
hard_007,Hard,OMP-BranchBoundMRV,8,1,0.001874924,260,1
hard_007,Hard,OMP-BranchBoundMRV,8,2,0.004694939,514,1
hard_007,Hard,OMP-BranchBoundMRV,8,3,0.004887819,503,1
hard_007,Hard,OMP-BranchBoundMRV,8,4,0.005851030,507,1
hard_007,Hard,OMP-BranchBoundMRV,8,5,0.001835108,266,1
hard_007,Hard,OMP-BranchBoundMRV,16,1,0.031474829,201,1
hard_007,Hard,OMP-BranchBoundMRV,16,2,0.040740967,422,1
hard_007,Hard,OMP-BranchBoundMRV,16,3,0.053854942,232,1
hard_007,Hard,OMP-BranchBoundMRV,16,4,0.026742935,245,1
hard_007,Hard,OMP-BranchBoundMRV,16,5,0.029813051,374,1
hard_008,Hard,Serial,1,1,0.013361041,27579,1
hard_008,Hard,Serial,1,2,0.013667791,27579,1
hard_008,Hard,Serial,1,3,0.013340625,27579,1
hard_008,Hard,Serial,1,4,0.013316084,27579,1
hard_008,Hard,Serial,1,5,0.013429917,27579,1
hard_008,Hard,Serial-MRV,1,1,0.018299834,1224,1
hard_008,Hard,Serial-MRV,1,2,0.018455959,1224,1
hard_008,Hard,Serial-MRV,1,3,0.018494791,1224,1
hard_008,Hard,Serial-MRV,1,4,0.018218041,1224,1
hard_008,Hard,Serial-MRV,1,5,0.018302417,1224,1
hard_008,Hard,BranchBound,1,1,0.011988875,27579,1
hard_008,Hard,BranchBound,1,2,0.011816833,27579,1
hard_008,Hard,BranchBound,1,3,0.011894917,27579,1
hard_008,Hard,BranchBound,1,4,0.011826166,27579,1
hard_008,Hard,BranchBound,1,5,0.011888833,27579,1
hard_008,Hard,BranchBoundMRV,1,1,0.022638917,1224,1
hard_008,Hard,BranchBoundMRV,1,2,0.022740666,1224,1
hard_008,Hard,BranchBoundMRV,1,3,0.022977750,1224,1
hard_008,Hard,BranchBoundMRV,1,4,0.022817667,1224,1
hard_008,Hard,BranchBoundMRV,1,5,0.022835541,1224,1
hard_008,Hard,OpenMP,4,1,0.019490957,2434,1
hard_008,Hard,OpenMP,4,2,0.019496918,2436,1
hard_008,Hard,OpenMP,4,3,0.019475937,2433,1
hard_008,Hard,OpenMP,4,4,0.020090818,2386,1
hard_008,Hard,OpenMP,4,5,0.019728899,2432,1
hard_008,Hard,OpenMP,8,1,0.030560970,2602,1
hard_008,Hard,OpenMP,8,2,0.024725914,2003,1
hard_008,Hard,OpenMP,8,3,0.035399914,2581,1
hard_008,Hard,OpenMP,8,4,0.021668911,1862,1
hard_008,Hard,OpenMP,8,5,0.025320768,2202,1
hard_008,Hard,OpenMP,16,1,0.095108032,2602,1
hard_008,Hard,OpenMP,16,2,0.093204975,2287,1
hard_008,Hard,OpenMP,16,3,0.081071854,2602,1
hard_008,Hard,OpenMP,16,4,0.086084127,2031,1
hard_008,Hard,OpenMP,16,5,0.044290066,1378,1
hard_008,Hard,OMP-BranchBoundMRV,4,1,0.024024963,2410,1
hard_008,Hard,OMP-BranchBoundMRV,4,2,0.024006128,2407,1
hard_008,Hard,OMP-BranchBoundMRV,4,3,0.024003029,2408,1
hard_008,Hard,OMP-BranchBoundMRV,4,4,0.024622917,2359,1
hard_008,Hard,OMP-BranchBoundMRV,4,5,0.024295092,2366,1
hard_008,Hard,OMP-BranchBoundMRV,8,1,0.035334826,2151,1
hard_008,Hard,OMP-BranchBoundMRV,8,2,0.024627924,1987,1
hard_008,Hard,OMP-BranchBoundMRV,8,3,0.029885054,2109,1
hard_008,Hard,OMP-BranchBoundMRV,8,4,0.034713030,2602,1
hard_008,Hard,OMP-BranchBoundMRV,8,5,0.032120943,2393,1
hard_008,Hard,OMP-BranchBoundMRV,16,1,0.198239088,2173,1
hard_008,Hard,OMP-BranchBoundMRV,16,2,0.078167915,2504,1
hard_008,Hard,OMP-BranchBoundMRV,16,3,0.073938131,1416,1
hard_008,Hard,OMP-BranchBoundMRV,16,4,0.109946966,2602,1
hard_008,Hard,OMP-BranchBoundMRV,16,5,0.095138073,2602,1
hard_009,Hard,Serial,1,1,0.010019125,22180,1
hard_009,Hard,Serial,1,2,0.009970709,22180,1
hard_009,Hard,Serial,1,3,0.042292708,22180,1
hard_009,Hard,Serial,1,4,0.015110750,22180,1
hard_009,Hard,Serial,1,5,0.010003292,22180,1
hard_009,Hard,Serial-MRV,1,1,0.019177375,1245,1
hard_009,Hard,Serial-MRV,1,2,0.019241042,1245,1
hard_009,Hard,Serial-MRV,1,3,0.019145208,1245,1
hard_009,Hard,Serial-MRV,1,4,0.019171917,1245,1
hard_009,Hard,Serial-MRV,1,5,0.019031458,1245,1
hard_009,Hard,BranchBound,1,1,0.008711125,22180,1
hard_009,Hard,BranchBound,1,2,0.008732125,22180,1
hard_009,Hard,BranchBound,1,3,0.009027334,22180,1
hard_009,Hard,BranchBound,1,4,0.008826666,22180,1
hard_009,Hard,BranchBound,1,5,0.008683625,22180,1
hard_009,Hard,BranchBoundMRV,1,1,0.025207584,1245,1
hard_009,Hard,BranchBoundMRV,1,2,0.025276125,1245,1
hard_009,Hard,BranchBoundMRV,1,3,0.025311667,1245,1
hard_009,Hard,BranchBoundMRV,1,4,0.025347458,1245,1
hard_009,Hard,BranchBoundMRV,1,5,0.025212791,1245,1
hard_009,Hard,OpenMP,4,1,0.008788109,1245,1
hard_009,Hard,OpenMP,4,2,0.008753061,1245,1
hard_009,Hard,OpenMP,4,3,0.008747101,1245,1
hard_009,Hard,OpenMP,4,4,0.008739948,1245,1
hard_009,Hard,OpenMP,4,5,0.008751869,1245,1
hard_009,Hard,OpenMP,8,1,0.008796215,1080,1
hard_009,Hard,OpenMP,8,2,0.008790016,1158,1
hard_009,Hard,OpenMP,8,3,0.014585018,1245,1
hard_009,Hard,OpenMP,8,4,0.008820057,1081,1
hard_009,Hard,OpenMP,8,5,0.014870167,1245,1
hard_009,Hard,OpenMP,16,1,0.016288042,1245,1
hard_009,Hard,OpenMP,16,2,0.025388002,1022,1
hard_009,Hard,OpenMP,16,3,0.045084953,1245,1
hard_009,Hard,OpenMP,16,4,0.041517973,1245,1
hard_009,Hard,OpenMP,16,5,0.030900955,1191,1
hard_009,Hard,OMP-BranchBoundMRV,4,1,0.011435032,1245,1
hard_009,Hard,OMP-BranchBoundMRV,4,2,0.011800051,1245,1
hard_009,Hard,OMP-BranchBoundMRV,4,3,0.011538029,1245,1
hard_009,Hard,OMP-BranchBoundMRV,4,4,0.011636019,1245,1
hard_009,Hard,OMP-BranchBoundMRV,4,5,0.011366129,1245,1
hard_009,Hard,OMP-BranchBoundMRV,8,1,0.021611929,1245,1
hard_009,Hard,OMP-BranchBoundMRV,8,2,0.032130003,1245,1
hard_009,Hard,OMP-BranchBoundMRV,8,3,0.017096996,1245,1
hard_009,Hard,OMP-BranchBoundMRV,8,4,0.018090963,1245,1
hard_009,Hard,OMP-BranchBoundMRV,8,5,0.011691809,1067,1
hard_009,Hard,OMP-BranchBoundMRV,16,1,0.051940203,1245,1
hard_009,Hard,OMP-BranchBoundMRV,16,2,0.103946924,1214,1
hard_009,Hard,OMP-BranchBoundMRV,16,3,0.060312033,1196,1
hard_009,Hard,OMP-BranchBoundMRV,16,4,0.033086777,1245,1
hard_009,Hard,OMP-BranchBoundMRV,16,5,0.046570063,1204,1
hard_010,Hard,Serial,1,1,0.002950208,5818,1
hard_010,Hard,Serial,1,2,0.002751208,5818,1
hard_010,Hard,Serial,1,3,0.002825042,5818,1
hard_010,Hard,Serial,1,4,0.002814208,5818,1
hard_010,Hard,Serial,1,5,0.002751333,5818,1
hard_010,Hard,Serial-MRV,1,1,0.020936958,1291,1
hard_010,Hard,Serial-MRV,1,2,0.020862916,1291,1
hard_010,Hard,Serial-MRV,1,3,0.020657333,1291,1
hard_010,Hard,Serial-MRV,1,4,0.020627584,1291,1
hard_010,Hard,Serial-MRV,1,5,0.020652375,1291,1
hard_010,Hard,BranchBound,1,1,0.002561584,5818,1
hard_010,Hard,BranchBound,1,2,0.002470333,5818,1
hard_010,Hard,BranchBound,1,3,0.002468333,5818,1
hard_010,Hard,BranchBound,1,4,0.002467375,5818,1
hard_010,Hard,BranchBound,1,5,0.002474541,5818,1
hard_010,Hard,BranchBoundMRV,1,1,0.026501875,1291,1
hard_010,Hard,BranchBoundMRV,1,2,0.026674625,1291,1
hard_010,Hard,BranchBoundMRV,1,3,0.026742875,1291,1
hard_010,Hard,BranchBoundMRV,1,4,0.026551834,1291,1
hard_010,Hard,BranchBoundMRV,1,5,0.026676833,1291,1
hard_010,Hard,OpenMP,4,1,0.001364946,307,1
hard_010,Hard,OpenMP,4,2,0.001349926,305,1
hard_010,Hard,OpenMP,4,3,0.001348972,306,1
hard_010,Hard,OpenMP,4,4,0.001365900,240,1
hard_010,Hard,OpenMP,4,5,0.001339197,305,1
hard_010,Hard,OpenMP,8,1,0.001389980,322,1
hard_010,Hard,OpenMP,8,2,0.003099918,654,1
hard_010,Hard,OpenMP,8,3,0.001387119,329,1
hard_010,Hard,OpenMP,8,4,0.001372814,325,1
hard_010,Hard,OpenMP,8,5,0.001389027,313,1
hard_010,Hard,OpenMP,16,1,0.015192032,786,1
hard_010,Hard,OpenMP,16,2,0.056535006,817,1
hard_010,Hard,OpenMP,16,3,0.166549921,284,1
hard_010,Hard,OpenMP,16,4,0.030392885,507,1
hard_010,Hard,OpenMP,16,5,0.025187969,327,1
hard_010,Hard,OMP-BranchBoundMRV,4,1,0.007861853,1351,1
hard_010,Hard,OMP-BranchBoundMRV,4,2,0.002074003,355,1
hard_010,Hard,OMP-BranchBoundMRV,4,3,0.002066135,354,1
hard_010,Hard,OMP-BranchBoundMRV,4,4,0.002149105,351,1
hard_010,Hard,OMP-BranchBoundMRV,4,5,0.002062082,354,1
hard_010,Hard,OMP-BranchBoundMRV,8,1,0.004662991,852,1
hard_010,Hard,OMP-BranchBoundMRV,8,2,0.005053997,916,1
hard_010,Hard,OMP-BranchBoundMRV,8,3,0.004915953,875,1
hard_010,Hard,OMP-BranchBoundMRV,8,4,0.004868984,889,1
hard_010,Hard,OMP-BranchBoundMRV,8,5,0.002879858,561,1
hard_010,Hard,OMP-BranchBoundMRV,16,1,0.050112009,366,1
hard_010,Hard,OMP-BranchBoundMRV,16,2,0.054800987,930,1
hard_010,Hard,OMP-BranchBoundMRV,16,3,0.041013002,401,1
hard_010,Hard,OMP-BranchBoundMRV,16,4,0.040306807,341,1
hard_010,Hard,OMP-BranchBoundMRV,16,5,0.030246973,1537,1
hard_011,Hard,Serial,1,1,0.010617667,22346,1
hard_011,Hard,Serial,1,2,0.010719083,22346,1
hard_011,Hard,Serial,1,3,0.010489166,22346,1
hard_011,Hard,Serial,1,4,0.010585541,22346,1
hard_011,Hard,Serial,1,5,0.010607667,22346,1
hard_011,Hard,Serial-MRV,1,1,0.018227542,1027,1
hard_011,Hard,Serial-MRV,1,2,0.018080458,1027,1
hard_011,Hard,Serial-MRV,1,3,0.018185500,1027,1
hard_011,Hard,Serial-MRV,1,4,0.018111459,1027,1
hard_011,Hard,Serial-MRV,1,5,0.018140958,1027,1
hard_011,Hard,BranchBound,1,1,0.009024250,22346,1
hard_011,Hard,BranchBound,1,2,0.008914375,22346,1
hard_011,Hard,BranchBound,1,3,0.009004084,22346,1
hard_011,Hard,BranchBound,1,4,0.008882708,22346,1
hard_011,Hard,BranchBound,1,5,0.009008083,22346,1
hard_011,Hard,BranchBoundMRV,1,1,0.022801750,1027,1
hard_011,Hard,BranchBoundMRV,1,2,0.022708083,1027,1
hard_011,Hard,BranchBoundMRV,1,3,0.022746291,1027,1
hard_011,Hard,BranchBoundMRV,1,4,0.022819917,1027,1
hard_011,Hard,BranchBoundMRV,1,5,0.022848708,1027,1
hard_011,Hard,OpenMP,4,1,0.001616001,305,1
hard_011,Hard,OpenMP,4,2,0.001611948,307,1
hard_011,Hard,OpenMP,4,3,0.001602888,314,1
hard_011,Hard,OpenMP,4,4,0.001602888,307,1
hard_011,Hard,OpenMP,4,5,0.001609802,306,1
hard_011,Hard,OpenMP,8,1,0.001657009,365,1
hard_011,Hard,OpenMP,8,2,0.005156040,615,1
hard_011,Hard,OpenMP,8,3,0.003827095,667,1
hard_011,Hard,OpenMP,8,4,0.003830910,660,1
hard_011,Hard,OpenMP,8,5,0.001663923,349,1
hard_011,Hard,OpenMP,16,1,0.158342838,688,1
hard_011,Hard,OpenMP,16,2,0.070394039,953,1
hard_011,Hard,OpenMP,16,3,0.050184011,355,1
hard_011,Hard,OpenMP,16,4,0.038408041,774,1
hard_011,Hard,OpenMP,16,5,0.071019888,501,1
hard_011,Hard,OMP-BranchBoundMRV,4,1,0.002217054,319,1
hard_011,Hard,OMP-BranchBoundMRV,4,2,0.002207994,319,1
hard_011,Hard,OMP-BranchBoundMRV,4,3,0.002199888,319,1
hard_011,Hard,OMP-BranchBoundMRV,4,4,0.002202988,319,1
hard_011,Hard,OMP-BranchBoundMRV,4,5,0.002202988,320,1
hard_011,Hard,OMP-BranchBoundMRV,8,1,0.002254009,296,1
hard_011,Hard,OMP-BranchBoundMRV,8,2,0.002253056,367,1
hard_011,Hard,OMP-BranchBoundMRV,8,3,0.005270958,564,1
hard_011,Hard,OMP-BranchBoundMRV,8,4,0.002248049,391,1
hard_011,Hard,OMP-BranchBoundMRV,8,5,0.002264977,360,1
hard_011,Hard,OMP-BranchBoundMRV,16,1,0.046533108,374,1
hard_011,Hard,OMP-BranchBoundMRV,16,2,0.039891005,428,1
hard_011,Hard,OMP-BranchBoundMRV,16,3,0.114966154,350,1
hard_011,Hard,OMP-BranchBoundMRV,16,4,0.033677816,710,1
hard_011,Hard,OMP-BranchBoundMRV,16,5,0.040431976,382,1
hard_012,Hard,Serial,1,1,0.031548125,64026,1
hard_012,Hard,Serial,1,2,0.031569042,64026,1
hard_012,Hard,Serial,1,3,0.031391500,64026,1
hard_012,Hard,Serial,1,4,0.031622708,64026,1
hard_012,Hard,Serial,1,5,0.031298625,64026,1
hard_012,Hard,Serial-MRV,1,1,0.031497334,1859,1
hard_012,Hard,Serial-MRV,1,2,0.031682500,1859,1
hard_012,Hard,Serial-MRV,1,3,0.031783500,1859,1
hard_012,Hard,Serial-MRV,1,4,0.031739958,1859,1
hard_012,Hard,Serial-MRV,1,5,0.031631583,1859,1
hard_012,Hard,BranchBound,1,1,0.027047542,64026,1
hard_012,Hard,BranchBound,1,2,0.026925666,64026,1
hard_012,Hard,BranchBound,1,3,0.027000125,64026,1
hard_012,Hard,BranchBound,1,4,0.027053209,64026,1
hard_012,Hard,BranchBound,1,5,0.026981000,64026,1
hard_012,Hard,BranchBoundMRV,1,1,0.044500875,1859,1
hard_012,Hard,BranchBoundMRV,1,2,0.044601583,1859,1
hard_012,Hard,BranchBoundMRV,1,3,0.044429875,1859,1
hard_012,Hard,BranchBoundMRV,1,4,0.044930042,1859,1
hard_012,Hard,BranchBoundMRV,1,5,0.045584292,1859,1
hard_012,Hard,OpenMP,4,1,0.011479855,1859,1
hard_012,Hard,OpenMP,4,2,0.011169910,1859,1
hard_012,Hard,OpenMP,4,3,0.011165857,1859,1
hard_012,Hard,OpenMP,4,4,0.011214018,1859,1
hard_012,Hard,OpenMP,4,5,0.011178970,1859,1
hard_012,Hard,OpenMP,8,1,0.023837090,1859,1
hard_012,Hard,OpenMP,8,2,0.024787903,1859,1
hard_012,Hard,OpenMP,8,3,0.017127037,1859,1
hard_012,Hard,OpenMP,8,4,0.017133951,1859,1
hard_012,Hard,OpenMP,8,5,0.012773037,1692,1
hard_012,Hard,OpenMP,16,1,0.040334940,1735,1
hard_012,Hard,OpenMP,16,2,0.024324179,1859,1
hard_012,Hard,OpenMP,16,3,0.052493811,1789,1
hard_012,Hard,OpenMP,16,4,0.031738043,1800,1
hard_012,Hard,OpenMP,16,5,0.031260967,1502,1
hard_012,Hard,OMP-BranchBoundMRV,4,1,0.015651941,1623,1
hard_012,Hard,OMP-BranchBoundMRV,4,2,0.015324831,1622,1
hard_012,Hard,OMP-BranchBoundMRV,4,3,0.015218973,1859,1
hard_012,Hard,OMP-BranchBoundMRV,4,4,0.015114069,1859,1
hard_012,Hard,OMP-BranchBoundMRV,4,5,0.015117168,1859,1
hard_012,Hard,OMP-BranchBoundMRV,8,1,0.022940159,1859,1
hard_012,Hard,OMP-BranchBoundMRV,8,2,0.022848129,1859,1
hard_012,Hard,OMP-BranchBoundMRV,8,3,0.026712894,1859,1
hard_012,Hard,OMP-BranchBoundMRV,8,4,0.022249937,1859,1
hard_012,Hard,OMP-BranchBoundMRV,8,5,0.015470028,1705,1
hard_012,Hard,OMP-BranchBoundMRV,16,1,0.103373051,1845,1
hard_012,Hard,OMP-BranchBoundMRV,16,2,0.056368828,1629,1
hard_012,Hard,OMP-BranchBoundMRV,16,3,0.128118038,1838,1
hard_012,Hard,OMP-BranchBoundMRV,16,4,0.065757036,1746,1
hard_012,Hard,OMP-BranchBoundMRV,16,5,0.075999022,1859,1
hard_013,Hard,Serial,1,1,0.008120208,17311,1
hard_013,Hard,Serial,1,2,0.008188125,17311,1
hard_013,Hard,Serial,1,3,0.008075000,17311,1
hard_013,Hard,Serial,1,4,0.008191666,17311,1
hard_013,Hard,Serial,1,5,0.008231500,17311,1
hard_013,Hard,Serial-MRV,1,1,0.017233291,1171,1
hard_013,Hard,Serial-MRV,1,2,0.017065000,1171,1
hard_013,Hard,Serial-MRV,1,3,0.017250333,1171,1
hard_013,Hard,Serial-MRV,1,4,0.017162125,1171,1
hard_013,Hard,Serial-MRV,1,5,0.017008667,1171,1
hard_013,Hard,BranchBound,1,1,0.007547792,17311,1
hard_013,Hard,BranchBound,1,2,0.007566417,17311,1
hard_013,Hard,BranchBound,1,3,0.007473709,17311,1
hard_013,Hard,BranchBound,1,4,0.007493375,17311,1
hard_013,Hard,BranchBound,1,5,0.007453292,17311,1
hard_013,Hard,BranchBoundMRV,1,1,0.022036250,1171,1
hard_013,Hard,BranchBoundMRV,1,2,0.022169000,1171,1
hard_013,Hard,BranchBoundMRV,1,3,0.022188000,1171,1
hard_013,Hard,BranchBoundMRV,1,4,0.022238500,1171,1
hard_013,Hard,BranchBoundMRV,1,5,0.022226917,1171,1
hard_013,Hard,OpenMP,4,1,0.000856161,177,1
hard_013,Hard,OpenMP,4,2,0.000836134,174,1
hard_013,Hard,OpenMP,4,3,0.000832081,176,1
hard_013,Hard,OpenMP,4,4,0.000837088,176,1
hard_013,Hard,OpenMP,4,5,0.000833035,173,1
hard_013,Hard,OpenMP,8,1,0.000881910,135,1
hard_013,Hard,OpenMP,8,2,0.000856876,165,1
hard_013,Hard,OpenMP,8,3,0.000900984,162,1
hard_013,Hard,OpenMP,8,4,0.000912905,138,1
hard_013,Hard,OpenMP,8,5,0.003089905,386,1
hard_013,Hard,OpenMP,16,1,0.033226013,208,1
hard_013,Hard,OpenMP,16,2,0.021279812,158,1
hard_013,Hard,OpenMP,16,3,0.127002001,159,1
hard_013,Hard,OpenMP,16,4,0.053058147,355,1
hard_013,Hard,OpenMP,16,5,0.031953096,343,1
hard_013,Hard,OMP-BranchBoundMRV,4,1,0.001315832,205,1
hard_013,Hard,OMP-BranchBoundMRV,4,2,0.001184940,182,1
hard_013,Hard,OMP-BranchBoundMRV,4,3,0.001180887,182,1
hard_013,Hard,OMP-BranchBoundMRV,4,4,0.001184225,182,1
hard_013,Hard,OMP-BranchBoundMRV,4,5,0.001176119,180,1
hard_013,Hard,OMP-BranchBoundMRV,8,1,0.001224041,131,1
hard_013,Hard,OMP-BranchBoundMRV,8,2,0.002805948,358,1
hard_013,Hard,OMP-BranchBoundMRV,8,3,0.001346827,174,1
hard_013,Hard,OMP-BranchBoundMRV,8,4,0.002804995,355,1
hard_013,Hard,OMP-BranchBoundMRV,8,5,0.002592087,271,1
hard_013,Hard,OMP-BranchBoundMRV,16,1,0.028476954,134,1
hard_013,Hard,OMP-BranchBoundMRV,16,2,0.023370028,178,1
hard_013,Hard,OMP-BranchBoundMRV,16,3,0.042299032,174,1
hard_013,Hard,OMP-BranchBoundMRV,16,4,0.018371105,168,1
hard_013,Hard,OMP-BranchBoundMRV,16,5,0.022540092,138,1
hard_014,Hard,Serial,1,1,0.011227708,23636,1
hard_014,Hard,Serial,1,2,0.011188958,23636,1
hard_014,Hard,Serial,1,3,0.011208750,23636,1
hard_014,Hard,Serial,1,4,0.011134209,23636,1
hard_014,Hard,Serial,1,5,0.011643541,23636,1
hard_014,Hard,Serial-MRV,1,1,0.020851917,1231,1
hard_014,Hard,Serial-MRV,1,2,0.021040708,1231,1
hard_014,Hard,Serial-MRV,1,3,0.021063959,1231,1
hard_014,Hard,Serial-MRV,1,4,0.021002084,1231,1
hard_014,Hard,Serial-MRV,1,5,0.021198375,1231,1
hard_014,Hard,BranchBound,1,1,0.009884291,23636,1
hard_014,Hard,BranchBound,1,2,0.009767750,23636,1
hard_014,Hard,BranchBound,1,3,0.009814792,23636,1
hard_014,Hard,BranchBound,1,4,0.009797792,23636,1
hard_014,Hard,BranchBound,1,5,0.009754792,23636,1
hard_014,Hard,BranchBoundMRV,1,1,0.026662208,1231,1
hard_014,Hard,BranchBoundMRV,1,2,0.026750791,1231,1
hard_014,Hard,BranchBoundMRV,1,3,0.026503542,1231,1
hard_014,Hard,BranchBoundMRV,1,4,0.026527333,1231,1
hard_014,Hard,BranchBoundMRV,1,5,0.026477750,1231,1
hard_014,Hard,OpenMP,4,1,0.001343012,222,1
hard_014,Hard,OpenMP,4,2,0.001324892,219,1
hard_014,Hard,OpenMP,4,3,0.001325846,222,1
hard_014,Hard,OpenMP,4,4,0.001322985,222,1
hard_014,Hard,OpenMP,4,5,0.001332045,253,1
hard_014,Hard,OpenMP,8,1,0.001395941,218,1
hard_014,Hard,OpenMP,8,2,0.001380920,236,1
hard_014,Hard,OpenMP,8,3,0.008291960,505,1
hard_014,Hard,OpenMP,8,4,0.001765966,220,1
hard_014,Hard,OpenMP,8,5,0.003105879,399,1
hard_014,Hard,OpenMP,16,1,0.033895016,152,1
hard_014,Hard,OpenMP,16,2,0.022548914,393,1
hard_014,Hard,OpenMP,16,3,0.020828009,255,1
hard_014,Hard,OpenMP,16,4,0.034199953,219,1
hard_014,Hard,OpenMP,16,5,0.036518812,495,1
hard_014,Hard,OMP-BranchBoundMRV,4,1,0.001903057,254,1
hard_014,Hard,OMP-BranchBoundMRV,4,2,0.001820087,213,1
hard_014,Hard,OMP-BranchBoundMRV,4,3,0.001836061,255,1
hard_014,Hard,OMP-BranchBoundMRV,4,4,0.001824856,255,1
hard_014,Hard,OMP-BranchBoundMRV,4,5,0.001878977,254,1
hard_014,Hard,OMP-BranchBoundMRV,8,1,0.001847982,260,1
hard_014,Hard,OMP-BranchBoundMRV,8,2,0.004790068,541,1
hard_014,Hard,OMP-BranchBoundMRV,8,3,0.004179001,504,1
hard_014,Hard,OMP-BranchBoundMRV,8,4,0.010006905,504,1
hard_014,Hard,OMP-BranchBoundMRV,8,5,0.003190041,361,1
hard_014,Hard,OMP-BranchBoundMRV,16,1,0.014237165,298,1
hard_014,Hard,OMP-BranchBoundMRV,16,2,0.060065031,640,1
hard_014,Hard,OMP-BranchBoundMRV,16,3,0.043221951,515,1
hard_014,Hard,OMP-BranchBoundMRV,16,4,0.062366009,265,1
hard_014,Hard,OMP-BranchBoundMRV,16,5,0.049190044,793,1
hard_015,Hard,Serial,1,1,0.004697667,10081,1
hard_015,Hard,Serial,1,2,0.004479209,10081,1
hard_015,Hard,Serial,1,3,0.004495875,10081,1
hard_015,Hard,Serial,1,4,0.004488583,10081,1
hard_015,Hard,Serial,1,5,0.004494667,10081,1
hard_015,Hard,Serial-MRV,1,1,0.041205459,2936,1
hard_015,Hard,Serial-MRV,1,2,0.041536292,2936,1
hard_015,Hard,Serial-MRV,1,3,0.041354458,2936,1
hard_015,Hard,Serial-MRV,1,4,0.041900583,2936,1
hard_015,Hard,Serial-MRV,1,5,0.044907875,2936,1
hard_015,Hard,BranchBound,1,1,0.004320875,10081,1
hard_015,Hard,BranchBound,1,2,0.004236750,10081,1
hard_015,Hard,BranchBound,1,3,0.004425125,10081,1
hard_015,Hard,BranchBound,1,4,0.004469667,10081,1
hard_015,Hard,BranchBound,1,5,0.004427042,10081,1
hard_015,Hard,BranchBoundMRV,1,1,0.055237084,2936,1
hard_015,Hard,BranchBoundMRV,1,2,0.054232125,2936,1
hard_015,Hard,BranchBoundMRV,1,3,0.052982208,2936,1
hard_015,Hard,BranchBoundMRV,1,4,0.055735500,2936,1
hard_015,Hard,BranchBoundMRV,1,5,0.055722666,2936,1
hard_015,Hard,OpenMP,4,1,0.004420996,771,1
hard_015,Hard,OpenMP,4,2,0.004422903,823,1
hard_015,Hard,OpenMP,4,3,0.003844976,797,1
hard_015,Hard,OpenMP,4,4,0.004138947,755,1
hard_015,Hard,OpenMP,4,5,0.005236864,891,1
hard_015,Hard,OpenMP,8,1,0.007172108,1013,1
hard_015,Hard,OpenMP,8,2,0.005818129,649,1
hard_015,Hard,OpenMP,8,3,0.006053209,784,1
hard_015,Hard,OpenMP,8,4,0.007769108,1022,1
hard_015,Hard,OpenMP,8,5,0.007348061,848,1
hard_015,Hard,OpenMP,16,1,0.010160923,666,1
hard_015,Hard,OpenMP,16,2,0.012193203,669,1
hard_015,Hard,OpenMP,16,3,0.024296999,733,1
hard_015,Hard,OpenMP,16,4,0.029579163,1170,1
hard_015,Hard,OpenMP,16,5,0.037057161,1211,1
hard_015,Hard,OMP-BranchBoundMRV,4,1,0.005458117,814,1
hard_015,Hard,OMP-BranchBoundMRV,4,2,0.005238056,831,1
hard_015,Hard,OMP-BranchBoundMRV,4,3,0.005523920,848,1
hard_015,Hard,OMP-BranchBoundMRV,4,4,0.005697012,779,1
hard_015,Hard,OMP-BranchBoundMRV,4,5,0.005118847,803,1
hard_015,Hard,OMP-BranchBoundMRV,8,1,0.006497145,671,1
hard_015,Hard,OMP-BranchBoundMRV,8,2,0.009016037,930,1
hard_015,Hard,OMP-BranchBoundMRV,8,3,0.012070894,1158,1
hard_015,Hard,OMP-BranchBoundMRV,8,4,0.008064985,826,1
hard_015,Hard,OMP-BranchBoundMRV,8,5,0.009272814,892,1
hard_015,Hard,OMP-BranchBoundMRV,16,1,0.031002998,1146,1
hard_015,Hard,OMP-BranchBoundMRV,16,2,0.033885956,550,1
hard_015,Hard,OMP-BranchBoundMRV,16,3,0.030232906,490,1
hard_015,Hard,OMP-BranchBoundMRV,16,4,0.063683033,1255,1
hard_015,Hard,OMP-BranchBoundMRV,16,5,0.046940088,676,1
hard_016,Hard,Serial,1,1,0.005679584,10888,1
hard_016,Hard,Serial,1,2,0.005370625,10888,1
hard_016,Hard,Serial,1,3,0.005236958,10888,1
hard_016,Hard,Serial,1,4,0.005311291,10888,1
hard_016,Hard,Serial,1,5,0.005271916,10888,1
hard_016,Hard,Serial-MRV,1,1,0.014103250,1105,1
hard_016,Hard,Serial-MRV,1,2,0.014160916,1105,1
hard_016,Hard,Serial-MRV,1,3,0.014151250,1105,1
hard_016,Hard,Serial-MRV,1,4,0.014121292,1105,1
hard_016,Hard,Serial-MRV,1,5,0.014129750,1105,1
hard_016,Hard,BranchBound,1,1,0.004809500,10888,1
hard_016,Hard,BranchBound,1,2,0.004769250,10888,1
hard_016,Hard,BranchBound,1,3,0.004775959,10888,1
hard_016,Hard,BranchBound,1,4,0.004773334,10888,1
hard_016,Hard,BranchBound,1,5,0.004837750,10888,1
hard_016,Hard,BranchBoundMRV,1,1,0.018551459,1105,1
hard_016,Hard,BranchBoundMRV,1,2,0.018780833,1105,1
hard_016,Hard,BranchBoundMRV,1,3,0.018701375,1105,1
hard_016,Hard,BranchBoundMRV,1,4,0.018692125,1105,1
hard_016,Hard,BranchBoundMRV,1,5,0.018908584,1105,1
hard_016,Hard,OpenMP,4,1,0.007925987,1616,1
hard_016,Hard,OpenMP,4,2,0.007939100,1604,1
hard_016,Hard,OpenMP,4,3,0.007893085,1616,1
hard_016,Hard,OpenMP,4,4,0.007879972,1613,1
hard_016,Hard,OpenMP,4,5,0.007984877,1621,1
hard_016,Hard,OpenMP,8,1,0.012092829,1799,1
hard_016,Hard,OpenMP,8,2,0.009403944,1679,1
hard_016,Hard,OpenMP,8,3,0.007911921,1617,1
hard_016,Hard,OpenMP,8,4,0.016009092,1849,1
hard_016,Hard,OpenMP,8,5,0.011845827,1675,1
hard_016,Hard,OpenMP,16,1,0.130004883,1908,1
hard_016,Hard,OpenMP,16,2,0.027991056,1271,1
hard_016,Hard,OpenMP,16,3,0.033047915,1370,1
hard_016,Hard,OpenMP,16,4,0.039618015,1908,1
hard_016,Hard,OpenMP,16,5,0.053857088,1314,1
hard_016,Hard,OMP-BranchBoundMRV,4,1,0.010380983,1575,1
hard_016,Hard,OMP-BranchBoundMRV,4,2,0.010550976,1587,1
hard_016,Hard,OMP-BranchBoundMRV,4,3,0.010550022,1589,1
hard_016,Hard,OMP-BranchBoundMRV,4,4,0.010325193,1578,1
hard_016,Hard,OMP-BranchBoundMRV,4,5,0.010348082,1579,1
hard_016,Hard,OMP-BranchBoundMRV,8,1,0.028614998,1579,1
hard_016,Hard,OMP-BranchBoundMRV,8,2,0.019706011,1585,1
hard_016,Hard,OMP-BranchBoundMRV,8,3,0.020928860,1825,1
hard_016,Hard,OMP-BranchBoundMRV,8,4,0.010525942,1297,1
hard_016,Hard,OMP-BranchBoundMRV,8,5,0.010736942,1040,1
hard_016,Hard,OMP-BranchBoundMRV,16,1,0.130209923,1859,1
hard_016,Hard,OMP-BranchBoundMRV,16,2,0.064421892,1547,1
hard_016,Hard,OMP-BranchBoundMRV,16,3,0.015908957,1509,1
hard_016,Hard,OMP-BranchBoundMRV,16,4,0.053570986,1908,1
hard_016,Hard,OMP-BranchBoundMRV,16,5,0.040848017,1577,1
hard_017,Hard,Serial,1,1,0.065566750,131013,1
hard_017,Hard,Serial,1,2,0.065668583,131013,1
hard_017,Hard,Serial,1,3,0.065989833,131013,1
hard_017,Hard,Serial,1,4,0.065979750,131013,1
hard_017,Hard,Serial,1,5,0.065233166,131013,1
hard_017,Hard,Serial-MRV,1,1,0.018667042,1128,1
hard_017,Hard,Serial-MRV,1,2,0.018596208,1128,1
hard_017,Hard,Serial-MRV,1,3,0.018555250,1128,1
hard_017,Hard,Serial-MRV,1,4,0.018703417,1128,1
hard_017,Hard,Serial-MRV,1,5,0.018594917,1128,1
hard_017,Hard,BranchBound,1,1,0.055456916,131013,1
hard_017,Hard,BranchBound,1,2,0.055108791,131013,1
hard_017,Hard,BranchBound,1,3,0.055242500,131013,1
hard_017,Hard,BranchBound,1,4,0.054881833,131013,1
hard_017,Hard,BranchBound,1,5,0.054477625,131013,1
hard_017,Hard,BranchBoundMRV,1,1,0.024945417,1128,1
hard_017,Hard,BranchBoundMRV,1,2,0.025047166,1128,1
hard_017,Hard,BranchBoundMRV,1,3,0.025087250,1128,1
hard_017,Hard,BranchBoundMRV,1,4,0.025070083,1128,1
hard_017,Hard,BranchBoundMRV,1,5,0.025033458,1128,1
hard_017,Hard,OpenMP,4,1,0.005059958,1088,1
hard_017,Hard,OpenMP,4,2,0.004964828,1049,1
hard_017,Hard,OpenMP,4,3,0.004951000,1046,1
hard_017,Hard,OpenMP,4,4,0.004961014,1049,1
hard_017,Hard,OpenMP,4,5,0.004974842,1048,1
hard_017,Hard,OpenMP,8,1,0.006623983,947,1
hard_017,Hard,OpenMP,8,2,0.002765894,586,1
hard_017,Hard,OpenMP,8,3,0.006596804,1427,1
hard_017,Hard,OpenMP,8,4,0.006742954,1300,1
hard_017,Hard,OpenMP,8,5,0.007349968,1408,1
hard_017,Hard,OpenMP,16,1,0.064755917,1692,1
hard_017,Hard,OpenMP,16,2,0.050019979,1187,1
hard_017,Hard,OpenMP,16,3,0.041083097,1271,1
hard_017,Hard,OpenMP,16,4,0.030606031,1611,1
hard_017,Hard,OpenMP,16,5,0.042428970,739,1
hard_017,Hard,OMP-BranchBoundMRV,4,1,0.007843971,1217,1
hard_017,Hard,OMP-BranchBoundMRV,4,2,0.007858992,927,1
hard_017,Hard,OMP-BranchBoundMRV,4,3,0.007867813,1225,1
hard_017,Hard,OMP-BranchBoundMRV,4,4,0.007884026,1225,1
hard_017,Hard,OMP-BranchBoundMRV,4,5,0.007849932,1224,1
hard_017,Hard,OMP-BranchBoundMRV,8,1,0.004572868,721,1
hard_017,Hard,OMP-BranchBoundMRV,8,2,0.004330873,501,1
hard_017,Hard,OMP-BranchBoundMRV,8,3,0.004324913,522,1
hard_017,Hard,OMP-BranchBoundMRV,8,4,0.004306793,652,1
hard_017,Hard,OMP-BranchBoundMRV,8,5,0.004344940,550,1
hard_017,Hard,OMP-BranchBoundMRV,16,1,0.031455994,644,1
hard_017,Hard,OMP-BranchBoundMRV,16,2,0.015079975,1391,1
hard_017,Hard,OMP-BranchBoundMRV,16,3,0.053028107,1608,1
hard_017,Hard,OMP-BranchBoundMRV,16,4,0.020505905,1582,1
hard_017,Hard,OMP-BranchBoundMRV,16,5,0.032086849,689,1
hard_018,Hard,Serial,1,1,0.010102208,21122,1
hard_018,Hard,Serial,1,2,0.010158500,21122,1
hard_018,Hard,Serial,1,3,0.010199167,21122,1
hard_018,Hard,Serial,1,4,0.010060708,21122,1
hard_018,Hard,Serial,1,5,0.010247500,21122,1
hard_018,Hard,Serial-MRV,1,1,0.025209875,1421,1
hard_018,Hard,Serial-MRV,1,2,0.025331417,1421,1
hard_018,Hard,Serial-MRV,1,3,0.025298375,1421,1
hard_018,Hard,Serial-MRV,1,4,0.025230708,1421,1
hard_018,Hard,Serial-MRV,1,5,0.025193041,1421,1
hard_018,Hard,BranchBound,1,1,0.009230791,21122,1
hard_018,Hard,BranchBound,1,2,0.009293333,21122,1
hard_018,Hard,BranchBound,1,3,0.009221708,21122,1
hard_018,Hard,BranchBound,1,4,0.009193625,21122,1
hard_018,Hard,BranchBound,1,5,0.009224416,21122,1
hard_018,Hard,BranchBoundMRV,1,1,0.031481542,1421,1
hard_018,Hard,BranchBoundMRV,1,2,0.031292125,1421,1
hard_018,Hard,BranchBoundMRV,1,3,0.031454417,1421,1
hard_018,Hard,BranchBoundMRV,1,4,0.031383834,1421,1
hard_018,Hard,BranchBoundMRV,1,5,0.032584625,1421,1
hard_018,Hard,OpenMP,4,1,0.002980947,463,1
hard_018,Hard,OpenMP,4,2,0.002957821,462,1
hard_018,Hard,OpenMP,4,3,0.002956867,464,1
hard_018,Hard,OpenMP,4,4,0.002954960,465,1
hard_018,Hard,OpenMP,4,5,0.003015995,463,1
hard_018,Hard,OpenMP,8,1,0.003057003,541,1
hard_018,Hard,OpenMP,8,2,0.003048897,536,1
hard_018,Hard,OpenMP,8,3,0.002994061,444,1
hard_018,Hard,OpenMP,8,4,0.003020048,447,1
hard_018,Hard,OpenMP,8,5,0.002998829,443,1
hard_018,Hard,OpenMP,16,1,0.031254053,445,1
hard_018,Hard,OpenMP,16,2,0.031501055,522,1
hard_018,Hard,OpenMP,16,3,0.038827896,923,1
hard_018,Hard,OpenMP,16,4,0.030140877,919,1
hard_018,Hard,OpenMP,16,5,0.120447874,401,1
hard_018,Hard,OMP-BranchBoundMRV,4,1,0.003849983,484,1
hard_018,Hard,OMP-BranchBoundMRV,4,2,0.003839016,621,1
hard_018,Hard,OMP-BranchBoundMRV,4,3,0.003852844,622,1
hard_018,Hard,OMP-BranchBoundMRV,4,4,0.003837824,620,1
hard_018,Hard,OMP-BranchBoundMRV,4,5,0.003844023,622,1
hard_018,Hard,OMP-BranchBoundMRV,8,1,0.003900051,547,1
hard_018,Hard,OMP-BranchBoundMRV,8,2,0.009227037,1293,1
hard_018,Hard,OMP-BranchBoundMRV,8,3,0.003918171,449,1
hard_018,Hard,OMP-BranchBoundMRV,8,4,0.009067059,1084,1
hard_018,Hard,OMP-BranchBoundMRV,8,5,0.003864050,423,1
hard_018,Hard,OMP-BranchBoundMRV,16,1,0.020261049,540,1
hard_018,Hard,OMP-BranchBoundMRV,16,2,0.057713985,1241,1
hard_018,Hard,OMP-BranchBoundMRV,16,3,0.084947824,1397,1
hard_018,Hard,OMP-BranchBoundMRV,16,4,0.116976023,930,1
hard_018,Hard,OMP-BranchBoundMRV,16,5,0.050755978,1186,1
hard_019,Hard,Serial,1,1,0.003484458,6691,1
hard_019,Hard,Serial,1,2,0.003170584,6691,1
hard_019,Hard,Serial,1,3,0.003161750,6691,1
hard_019,Hard,Serial,1,4,0.003226416,6691,1
hard_019,Hard,Serial,1,5,0.003160709,6691,1
hard_019,Hard,Serial-MRV,1,1,0.032368000,2079,1
hard_019,Hard,Serial-MRV,1,2,0.032445083,2079,1
hard_019,Hard,Serial-MRV,1,3,0.032455541,2079,1
hard_019,Hard,Serial-MRV,1,4,0.032295334,2079,1
hard_019,Hard,Serial-MRV,1,5,0.032418833,2079,1
hard_019,Hard,BranchBound,1,1,0.002925292,6691,1
hard_019,Hard,BranchBound,1,2,0.002904750,6691,1
hard_019,Hard,BranchBound,1,3,0.002895459,6691,1
hard_019,Hard,BranchBound,1,4,0.002916500,6691,1
hard_019,Hard,BranchBound,1,5,0.003000708,6691,1
hard_019,Hard,BranchBoundMRV,1,1,0.042066834,2079,1
hard_019,Hard,BranchBoundMRV,1,2,0.042307208,2079,1
hard_019,Hard,BranchBoundMRV,1,3,0.042160625,2079,1
hard_019,Hard,BranchBoundMRV,1,4,0.042232708,2079,1
hard_019,Hard,BranchBoundMRV,1,5,0.041899042,2079,1
hard_019,Hard,OpenMP,4,1,0.034574986,2079,1
hard_019,Hard,OpenMP,4,2,0.034430981,2079,1
hard_019,Hard,OpenMP,4,3,0.034355879,2079,1
hard_019,Hard,OpenMP,4,4,0.034343958,2079,1
hard_019,Hard,OpenMP,4,5,0.034403086,2079,1
hard_019,Hard,OpenMP,8,1,0.054982901,2079,1
hard_019,Hard,OpenMP,8,2,0.054395199,2079,1
hard_019,Hard,OpenMP,8,3,0.075180054,2079,1
hard_019,Hard,OpenMP,8,4,0.052124977,2079,1
hard_019,Hard,OpenMP,8,5,0.046514988,2079,1
hard_019,Hard,OpenMP,16,1,0.102706909,2079,1
hard_019,Hard,OpenMP,16,2,0.110031843,2079,1
hard_019,Hard,OpenMP,16,3,0.074001074,2079,1
hard_019,Hard,OpenMP,16,4,0.082574844,2079,1
hard_019,Hard,OpenMP,16,5,0.062776089,2079,1
hard_019,Hard,OMP-BranchBoundMRV,4,1,0.044173956,2079,1
hard_019,Hard,OMP-BranchBoundMRV,4,2,0.044279099,2079,1
hard_019,Hard,OMP-BranchBoundMRV,4,3,0.044573069,2079,1
hard_019,Hard,OMP-BranchBoundMRV,4,4,0.044739008,2079,1
hard_019,Hard,OMP-BranchBoundMRV,4,5,0.045295000,2079,1
hard_019,Hard,OMP-BranchBoundMRV,8,1,0.057858944,2079,1
hard_019,Hard,OMP-BranchBoundMRV,8,2,0.068917990,2079,1
hard_019,Hard,OMP-BranchBoundMRV,8,3,0.079010010,2079,1
hard_019,Hard,OMP-BranchBoundMRV,8,4,0.059753180,2079,1
hard_019,Hard,OMP-BranchBoundMRV,8,5,0.069632053,2079,1
hard_019,Hard,OMP-BranchBoundMRV,16,1,0.288059950,2079,1
hard_019,Hard,OMP-BranchBoundMRV,16,2,0.113885880,2079,1
hard_019,Hard,OMP-BranchBoundMRV,16,3,0.125192165,2079,1
hard_019,Hard,OMP-BranchBoundMRV,16,4,0.141426086,2079,1
hard_019,Hard,OMP-BranchBoundMRV,16,5,0.152204037,2079,1
hard_020,Hard,Serial,1,1,0.009635500,18744,1
hard_020,Hard,Serial,1,2,0.010384917,18744,1
hard_020,Hard,Serial,1,3,0.026867292,18744,1
hard_020,Hard,Serial,1,4,0.011392459,18744,1
hard_020,Hard,Serial,1,5,0.019644500,18744,1
hard_020,Hard,Serial-MRV,1,1,0.102560583,1978,1
hard_020,Hard,Serial-MRV,1,2,0.047232666,1978,1
hard_020,Hard,Serial-MRV,1,3,0.042887417,1978,1
hard_020,Hard,Serial-MRV,1,4,0.049808959,1978,1
hard_020,Hard,Serial-MRV,1,5,0.039155709,1978,1
hard_020,Hard,BranchBound,1,1,0.009212292,18744,1
hard_020,Hard,BranchBound,1,2,0.008944708,18744,1
hard_020,Hard,BranchBound,1,3,0.008840333,18744,1
hard_020,Hard,BranchBound,1,4,0.008947667,18744,1
hard_020,Hard,BranchBound,1,5,0.008525334,18744,1
hard_020,Hard,BranchBoundMRV,1,1,0.048038000,1978,1
hard_020,Hard,BranchBoundMRV,1,2,0.047937250,1978,1
hard_020,Hard,BranchBoundMRV,1,3,0.110408708,1978,1
hard_020,Hard,BranchBoundMRV,1,4,0.087968833,1978,1
hard_020,Hard,BranchBoundMRV,1,5,0.069140000,1978,1
hard_020,Hard,OpenMP,4,1,0.005864859,875,1
hard_020,Hard,OpenMP,4,2,0.005810022,880,1
hard_020,Hard,OpenMP,4,3,0.005785942,880,1
hard_020,Hard,OpenMP,4,4,0.007392883,990,1
hard_020,Hard,OpenMP,4,5,0.006274939,892,1
hard_020,Hard,OpenMP,8,1,0.014975786,1913,1
hard_020,Hard,OpenMP,8,2,0.012323141,1697,1
hard_020,Hard,OpenMP,8,3,0.012613058,1813,1
hard_020,Hard,OpenMP,8,4,0.005824804,1107,1
hard_020,Hard,OpenMP,8,5,0.009332895,909,1
hard_020,Hard,OpenMP,16,1,0.032423973,1606,1
hard_020,Hard,OpenMP,16,2,0.034597874,1797,1
hard_020,Hard,OpenMP,16,3,0.016217947,1206,1
hard_020,Hard,OpenMP,16,4,0.016484022,934,1
hard_020,Hard,OpenMP,16,5,0.010077953,1121,1
hard_020,Hard,OMP-BranchBoundMRV,4,1,0.007833958,1137,1
hard_020,Hard,OMP-BranchBoundMRV,4,2,0.007578135,1151,1
hard_020,Hard,OMP-BranchBoundMRV,4,3,0.007609129,859,1
hard_020,Hard,OMP-BranchBoundMRV,4,4,0.007009029,865,1
hard_020,Hard,OMP-BranchBoundMRV,4,5,0.007150888,839,1
hard_020,Hard,OMP-BranchBoundMRV,8,1,0.007180929,1005,1
hard_020,Hard,OMP-BranchBoundMRV,8,2,0.021242142,1978,1
hard_020,Hard,OMP-BranchBoundMRV,8,3,0.022078037,1944,1
hard_020,Hard,OMP-BranchBoundMRV,8,4,0.007729053,1067,1
hard_020,Hard,OMP-BranchBoundMRV,8,5,0.011029959,1438,1
hard_020,Hard,OMP-BranchBoundMRV,16,1,0.097547054,1613,1
hard_020,Hard,OMP-BranchBoundMRV,16,2,0.058068991,1259,1
hard_020,Hard,OMP-BranchBoundMRV,16,3,0.056946993,1883,1
hard_020,Hard,OMP-BranchBoundMRV,16,4,0.084834099,974,1
hard_020,Hard,OMP-BranchBoundMRV,16,5,0.042819023,1786,1
hard_021,Hard,Serial,1,1,0.024583334,47457,1
hard_021,Hard,Serial,1,2,0.024312292,47457,1
hard_021,Hard,Serial,1,3,0.024317209,47457,1
hard_021,Hard,Serial,1,4,0.024218334,47457,1
hard_021,Hard,Serial,1,5,0.024347000,47457,1
hard_021,Hard,Serial-MRV,1,1,0.029815417,1868,1
hard_021,Hard,Serial-MRV,1,2,0.029937166,1868,1
hard_021,Hard,Serial-MRV,1,3,0.029808500,1868,1
hard_021,Hard,Serial-MRV,1,4,0.032100125,1868,1
hard_021,Hard,Serial-MRV,1,5,0.032413125,1868,1
hard_021,Hard,BranchBound,1,1,0.023933916,47457,1
hard_021,Hard,BranchBound,1,2,0.023877459,47457,1
hard_021,Hard,BranchBound,1,3,0.021467042,47457,1
hard_021,Hard,BranchBound,1,4,0.021361834,47457,1
hard_021,Hard,BranchBound,1,5,0.021136792,47457,1
hard_021,Hard,BranchBoundMRV,1,1,0.038619334,1868,1
hard_021,Hard,BranchBoundMRV,1,2,0.038363833,1868,1
hard_021,Hard,BranchBoundMRV,1,3,0.038382083,1868,1
hard_021,Hard,BranchBoundMRV,1,4,0.038334791,1868,1
hard_021,Hard,BranchBoundMRV,1,5,0.038341000,1868,1
hard_021,Hard,OpenMP,4,1,0.006446123,1129,1
hard_021,Hard,OpenMP,4,2,0.006386042,1126,1
hard_021,Hard,OpenMP,4,3,0.006468058,1136,1
hard_021,Hard,OpenMP,4,4,0.006420851,1129,1
hard_021,Hard,OpenMP,4,5,0.006398916,1128,1
hard_021,Hard,OpenMP,8,1,0.013436079,1648,1
hard_021,Hard,OpenMP,8,2,0.013228893,1607,1
hard_021,Hard,OpenMP,8,3,0.006402016,1127,1
hard_021,Hard,OpenMP,8,4,0.006395102,1128,1
hard_021,Hard,OpenMP,8,5,0.010563135,1104,1
hard_021,Hard,OpenMP,16,1,0.066451073,898,1
hard_021,Hard,OpenMP,16,2,0.036363125,811,1
hard_021,Hard,OpenMP,16,3,0.026230097,968,1
hard_021,Hard,OpenMP,16,4,0.029366016,1569,1
hard_021,Hard,OpenMP,16,5,0.017792940,732,1
hard_021,Hard,OMP-BranchBoundMRV,4,1,0.008152008,1065,1
hard_021,Hard,OMP-BranchBoundMRV,4,2,0.008231878,1117,1
hard_021,Hard,OMP-BranchBoundMRV,4,3,0.009088039,1191,1
hard_021,Hard,OMP-BranchBoundMRV,4,4,0.008357048,1130,1
hard_021,Hard,OMP-BranchBoundMRV,4,5,0.009967089,1261,1
hard_021,Hard,OMP-BranchBoundMRV,8,1,0.013139009,1219,1
hard_021,Hard,OMP-BranchBoundMRV,8,2,0.009686947,913,1
hard_021,Hard,OMP-BranchBoundMRV,8,3,0.016292810,1677,1
hard_021,Hard,OMP-BranchBoundMRV,8,4,0.017958879,1171,1
hard_021,Hard,OMP-BranchBoundMRV,8,5,0.017149925,1297,1
hard_021,Hard,OMP-BranchBoundMRV,16,1,0.038726091,1505,1
hard_021,Hard,OMP-BranchBoundMRV,16,2,0.043159008,1517,1
hard_021,Hard,OMP-BranchBoundMRV,16,3,0.048110962,953,1
hard_021,Hard,OMP-BranchBoundMRV,16,4,0.043859005,1497,1
hard_021,Hard,OMP-BranchBoundMRV,16,5,0.031473160,1253,1
hard_022,Hard,Serial,1,1,0.006663583,13825,1
hard_022,Hard,Serial,1,2,0.006639667,13825,1
hard_022,Hard,Serial,1,3,0.006860667,13825,1
hard_022,Hard,Serial,1,4,0.006715625,13825,1
hard_022,Hard,Serial,1,5,0.006660042,13825,1
hard_022,Hard,Serial-MRV,1,1,0.063720625,3804,1
hard_022,Hard,Serial-MRV,1,2,0.064751625,3804,1
hard_022,Hard,Serial-MRV,1,3,0.063950875,3804,1
hard_022,Hard,Serial-MRV,1,4,0.062100708,3804,1
hard_022,Hard,Serial-MRV,1,5,0.062098792,3804,1
hard_022,Hard,BranchBound,1,1,0.005970041,13825,1
hard_022,Hard,BranchBound,1,2,0.005934417,13825,1
hard_022,Hard,BranchBound,1,3,0.005929333,13825,1
hard_022,Hard,BranchBound,1,4,0.005929709,13825,1
hard_022,Hard,BranchBound,1,5,0.005912750,13825,1
hard_022,Hard,BranchBoundMRV,1,1,0.081538417,3804,1
hard_022,Hard,BranchBoundMRV,1,2,0.080858500,3804,1
hard_022,Hard,BranchBoundMRV,1,3,0.080479375,3804,1
hard_022,Hard,BranchBoundMRV,1,4,0.080776750,3804,1
hard_022,Hard,BranchBoundMRV,1,5,0.080458084,3804,1
hard_022,Hard,OpenMP,4,1,0.002048016,437,1
hard_022,Hard,OpenMP,4,2,0.002022982,429,1
hard_022,Hard,OpenMP,4,3,0.002037048,442,1
hard_022,Hard,OpenMP,4,4,0.002013206,438,1
hard_022,Hard,OpenMP,4,5,0.002015114,435,1
hard_022,Hard,OpenMP,8,1,0.009603977,1821,1
hard_022,Hard,OpenMP,8,2,0.002041817,479,1
hard_022,Hard,OpenMP,8,3,0.003715992,415,1
hard_022,Hard,OpenMP,8,4,0.002056837,531,1
hard_022,Hard,OpenMP,8,5,0.005229950,1264,1
hard_022,Hard,OpenMP,16,1,0.033075094,455,1
hard_022,Hard,OpenMP,16,2,0.022260904,961,1
hard_022,Hard,OpenMP,16,3,0.036239862,512,1
hard_022,Hard,OpenMP,16,4,0.053195000,481,1
hard_022,Hard,OpenMP,16,5,0.030789852,474,1
hard_022,Hard,OMP-BranchBoundMRV,4,1,0.002929926,517,1
hard_022,Hard,OMP-BranchBoundMRV,4,2,0.002916098,519,1
hard_022,Hard,OMP-BranchBoundMRV,4,3,0.002900124,518,1
hard_022,Hard,OMP-BranchBoundMRV,4,4,0.002882004,517,1
hard_022,Hard,OMP-BranchBoundMRV,4,5,0.002902985,484,1
hard_022,Hard,OMP-BranchBoundMRV,8,1,0.004704952,585,1
hard_022,Hard,OMP-BranchBoundMRV,8,2,0.008729935,1727,1
hard_022,Hard,OMP-BranchBoundMRV,8,3,0.004997969,777,1
hard_022,Hard,OMP-BranchBoundMRV,8,4,0.008373976,1564,1
hard_022,Hard,OMP-BranchBoundMRV,8,5,0.003178120,630,1
hard_022,Hard,OMP-BranchBoundMRV,16,1,0.034704924,480,1
hard_022,Hard,OMP-BranchBoundMRV,16,2,0.047702074,1350,1
hard_022,Hard,OMP-BranchBoundMRV,16,3,0.044311047,535,1
hard_022,Hard,OMP-BranchBoundMRV,16,4,0.040071011,632,1
hard_022,Hard,OMP-BranchBoundMRV,16,5,0.012416840,402,1
hard_023,Hard,Serial,1,1,0.005559708,11074,1
hard_023,Hard,Serial,1,2,0.006067917,11074,1
hard_023,Hard,Serial,1,3,0.005877042,11074,1
hard_023,Hard,Serial,1,4,0.005957583,11074,1
hard_023,Hard,Serial,1,5,0.006335000,11074,1
hard_023,Hard,Serial-MRV,1,1,0.016356875,1061,1
hard_023,Hard,Serial-MRV,1,2,0.015896459,1061,1
hard_023,Hard,Serial-MRV,1,3,0.016533833,1061,1
hard_023,Hard,Serial-MRV,1,4,0.016685333,1061,1
hard_023,Hard,Serial-MRV,1,5,0.017322375,1061,1
hard_023,Hard,BranchBound,1,1,0.004970375,11074,1
hard_023,Hard,BranchBound,1,2,0.004791375,11074,1
hard_023,Hard,BranchBound,1,3,0.005094750,11074,1
hard_023,Hard,BranchBound,1,4,0.004849500,11074,1
hard_023,Hard,BranchBound,1,5,0.004833500,11074,1
hard_023,Hard,BranchBoundMRV,1,1,0.019017542,1061,1
hard_023,Hard,BranchBoundMRV,1,2,0.018953167,1061,1
hard_023,Hard,BranchBoundMRV,1,3,0.018711917,1061,1
hard_023,Hard,BranchBoundMRV,1,4,0.018854875,1061,1
hard_023,Hard,BranchBoundMRV,1,5,0.018904125,1061,1
hard_023,Hard,OpenMP,4,1,0.001447916,302,1
hard_023,Hard,OpenMP,4,2,0.002233028,463,1
hard_023,Hard,OpenMP,4,3,0.002230883,465,1
hard_023,Hard,OpenMP,4,4,0.002215862,463,1
hard_023,Hard,OpenMP,4,5,0.001329899,287,1
hard_023,Hard,OpenMP,8,1,0.003067017,524,1
hard_023,Hard,OpenMP,8,2,0.001357079,302,1
hard_023,Hard,OpenMP,8,3,0.001355886,271,1
hard_023,Hard,OpenMP,8,4,0.001420021,302,1
hard_023,Hard,OpenMP,8,5,0.001402140,297,1
hard_023,Hard,OpenMP,16,1,0.020059824,635,1
hard_023,Hard,OpenMP,16,2,0.021248102,528,1
hard_023,Hard,OpenMP,16,3,0.032965899,533,1
hard_023,Hard,OpenMP,16,4,0.022037983,548,1
hard_023,Hard,OpenMP,16,5,0.040323973,795,1
hard_023,Hard,OMP-BranchBoundMRV,4,1,0.003112078,575,1
hard_023,Hard,OMP-BranchBoundMRV,4,2,0.003068924,574,1
hard_023,Hard,OMP-BranchBoundMRV,4,3,0.003028870,574,1
hard_023,Hard,OMP-BranchBoundMRV,4,4,0.003050804,571,1
hard_023,Hard,OMP-BranchBoundMRV,4,5,0.003010035,570,1
hard_023,Hard,OMP-BranchBoundMRV,8,1,0.004287004,562,1
hard_023,Hard,OMP-BranchBoundMRV,8,2,0.018151045,1121,1
hard_023,Hard,OMP-BranchBoundMRV,8,3,0.004835129,770,1
hard_023,Hard,OMP-BranchBoundMRV,8,4,0.012272120,545,1
hard_023,Hard,OMP-BranchBoundMRV,8,5,0.001891136,338,1
hard_023,Hard,OMP-BranchBoundMRV,16,1,0.029270172,694,1
hard_023,Hard,OMP-BranchBoundMRV,16,2,0.033650160,725,1
hard_023,Hard,OMP-BranchBoundMRV,16,3,0.073734999,222,1
hard_023,Hard,OMP-BranchBoundMRV,16,4,0.028228998,277,1
hard_023,Hard,OMP-BranchBoundMRV,16,5,0.011584044,430,1
hard_024,Hard,Serial,1,1,0.012557333,24828,1
hard_024,Hard,Serial,1,2,0.012223459,24828,1
hard_024,Hard,Serial,1,3,0.012695167,24828,1
hard_024,Hard,Serial,1,4,0.012399709,24828,1
hard_024,Hard,Serial,1,5,0.012368625,24828,1
hard_024,Hard,Serial-MRV,1,1,0.024847333,1726,1
hard_024,Hard,Serial-MRV,1,2,0.024605625,1726,1
hard_024,Hard,Serial-MRV,1,3,0.024694208,1726,1
hard_024,Hard,Serial-MRV,1,4,0.024560291,1726,1
hard_024,Hard,Serial-MRV,1,5,0.024543834,1726,1
hard_024,Hard,BranchBound,1,1,0.010942084,24828,1
hard_024,Hard,BranchBound,1,2,0.011045000,24828,1
hard_024,Hard,BranchBound,1,3,0.010794667,24828,1
hard_024,Hard,BranchBound,1,4,0.010850500,24828,1
hard_024,Hard,BranchBound,1,5,0.010932459,24828,1
hard_024,Hard,BranchBoundMRV,1,1,0.032007875,1726,1
hard_024,Hard,BranchBoundMRV,1,2,0.032027834,1726,1
hard_024,Hard,BranchBoundMRV,1,3,0.031920583,1726,1
hard_024,Hard,BranchBoundMRV,1,4,0.031889916,1726,1
hard_024,Hard,BranchBoundMRV,1,5,0.032115166,1726,1
hard_024,Hard,OpenMP,4,1,0.026145935,1726,1
hard_024,Hard,OpenMP,4,2,0.026468992,1726,1
hard_024,Hard,OpenMP,4,3,0.026165009,1726,1
hard_024,Hard,OpenMP,4,4,0.026255846,1726,1
hard_024,Hard,OpenMP,4,5,0.026170969,1726,1
hard_024,Hard,OpenMP,8,1,0.033359051,1726,1
hard_024,Hard,OpenMP,8,2,0.045422077,1726,1
hard_024,Hard,OpenMP,8,3,0.025860071,1726,1
hard_024,Hard,OpenMP,8,4,0.042234182,1726,1
hard_024,Hard,OpenMP,8,5,0.034456015,1726,1
hard_024,Hard,OpenMP,16,1,0.077686071,1726,1
hard_024,Hard,OpenMP,16,2,0.062231064,1726,1
hard_024,Hard,OpenMP,16,3,0.090027809,1726,1
hard_024,Hard,OpenMP,16,4,0.078719139,1726,1
hard_024,Hard,OpenMP,16,5,0.059274197,1726,1
hard_024,Hard,OMP-BranchBoundMRV,4,1,0.033805847,1726,1
hard_024,Hard,OMP-BranchBoundMRV,4,2,0.033717871,1726,1
hard_024,Hard,OMP-BranchBoundMRV,4,3,0.033839941,1726,1
hard_024,Hard,OMP-BranchBoundMRV,4,4,0.034354925,1726,1
hard_024,Hard,OMP-BranchBoundMRV,4,5,0.035161972,1726,1
hard_024,Hard,OMP-BranchBoundMRV,8,1,0.048835993,1726,1
hard_024,Hard,OMP-BranchBoundMRV,8,2,0.068612814,1726,1
hard_024,Hard,OMP-BranchBoundMRV,8,3,0.057185888,1726,1
hard_024,Hard,OMP-BranchBoundMRV,8,4,0.045452118,1726,1
hard_024,Hard,OMP-BranchBoundMRV,8,5,0.058965921,1726,1
hard_024,Hard,OMP-BranchBoundMRV,16,1,0.172633886,1726,1
hard_024,Hard,OMP-BranchBoundMRV,16,2,0.113854885,1726,1
hard_024,Hard,OMP-BranchBoundMRV,16,3,0.122496128,1726,1
hard_024,Hard,OMP-BranchBoundMRV,16,4,0.076997995,1726,1
hard_024,Hard,OMP-BranchBoundMRV,16,5,0.147550106,1726,1
hard_025,Hard,Serial,1,1,0.027905584,55288,1
hard_025,Hard,Serial,1,2,0.027919750,55288,1
hard_025,Hard,Serial,1,3,0.027630333,55288,1
hard_025,Hard,Serial,1,4,0.027836000,55288,1
hard_025,Hard,Serial,1,5,0.027951417,55288,1
hard_025,Hard,Serial-MRV,1,1,0.022041459,1291,1
hard_025,Hard,Serial-MRV,1,2,0.021754125,1291,1
hard_025,Hard,Serial-MRV,1,3,0.021726917,1291,1
hard_025,Hard,Serial-MRV,1,4,0.021771958,1291,1
hard_025,Hard,Serial-MRV,1,5,0.021747125,1291,1
hard_025,Hard,BranchBound,1,1,0.022555334,55288,1
hard_025,Hard,BranchBound,1,2,0.022418166,55288,1
hard_025,Hard,BranchBound,1,3,0.022719458,55288,1
hard_025,Hard,BranchBound,1,4,0.022472333,55288,1
hard_025,Hard,BranchBound,1,5,0.022506792,55288,1
hard_025,Hard,BranchBoundMRV,1,1,0.028391458,1291,1
hard_025,Hard,BranchBoundMRV,1,2,0.028422291,1291,1
hard_025,Hard,BranchBoundMRV,1,3,0.028471000,1291,1
hard_025,Hard,BranchBoundMRV,1,4,0.029790000,1291,1
hard_025,Hard,BranchBoundMRV,1,5,0.028861166,1291,1
hard_025,Hard,OpenMP,4,1,0.003123999,671,1
hard_025,Hard,OpenMP,4,2,0.003047943,504,1
hard_025,Hard,OpenMP,4,3,0.002969980,645,1
hard_025,Hard,OpenMP,4,4,0.002957821,646,1
hard_025,Hard,OpenMP,4,5,0.002934933,644,1
hard_025,Hard,OpenMP,8,1,0.003032923,452,1
hard_025,Hard,OpenMP,8,2,0.007126093,1022,1
hard_025,Hard,OpenMP,8,3,0.004269123,718,1
hard_025,Hard,OpenMP,8,4,0.007718086,1126,1
hard_025,Hard,OpenMP,8,5,0.003034115,466,1
hard_025,Hard,OpenMP,16,1,0.035071850,280,1
hard_025,Hard,OpenMP,16,2,0.016402960,513,1
hard_025,Hard,OpenMP,16,3,0.019401073,907,1
hard_025,Hard,OpenMP,16,4,0.035580873,1291,1
hard_025,Hard,OpenMP,16,5,0.020424128,553,1
hard_025,Hard,OMP-BranchBoundMRV,4,1,0.004102945,508,1
hard_025,Hard,OMP-BranchBoundMRV,4,2,0.004031181,506,1
hard_025,Hard,OMP-BranchBoundMRV,4,3,0.004040003,510,1
hard_025,Hard,OMP-BranchBoundMRV,4,4,0.004028082,506,1
hard_025,Hard,OMP-BranchBoundMRV,4,5,0.004042149,504,1
hard_025,Hard,OMP-BranchBoundMRV,8,1,0.004148960,468,1
hard_025,Hard,OMP-BranchBoundMRV,8,2,0.004060984,462,1
hard_025,Hard,OMP-BranchBoundMRV,8,3,0.009860039,1146,1
hard_025,Hard,OMP-BranchBoundMRV,8,4,0.004800081,529,1
hard_025,Hard,OMP-BranchBoundMRV,8,5,0.004135132,476,1
hard_025,Hard,OMP-BranchBoundMRV,16,1,0.050251007,1107,1
hard_025,Hard,OMP-BranchBoundMRV,16,2,0.021527052,460,1
hard_025,Hard,OMP-BranchBoundMRV,16,3,0.020362139,470,1
hard_025,Hard,OMP-BranchBoundMRV,16,4,0.025700092,661,1
hard_025,Hard,OMP-BranchBoundMRV,16,5,0.020998001,905,1
hard_026,Hard,Serial,1,1,0.016571083,33271,1
hard_026,Hard,Serial,1,2,0.016334333,33271,1
hard_026,Hard,Serial,1,3,0.016448541,33271,1
hard_026,Hard,Serial,1,4,0.016670125,33271,1
hard_026,Hard,Serial,1,5,0.016693166,33271,1
hard_026,Hard,Serial-MRV,1,1,0.042750417,2648,1
hard_026,Hard,Serial-MRV,1,2,0.042283292,2648,1
hard_026,Hard,Serial-MRV,1,3,0.042305042,2648,1
hard_026,Hard,Serial-MRV,1,4,0.042430459,2648,1
hard_026,Hard,Serial-MRV,1,5,0.042820791,2648,1
hard_026,Hard,BranchBound,1,1,0.014839166,33271,1
hard_026,Hard,BranchBound,1,2,0.014663750,33271,1
hard_026,Hard,BranchBound,1,3,0.014637208,33271,1
hard_026,Hard,BranchBound,1,4,0.014573416,33271,1
hard_026,Hard,BranchBound,1,5,0.014539416,33271,1
hard_026,Hard,BranchBoundMRV,1,1,0.054467667,2648,1
hard_026,Hard,BranchBoundMRV,1,2,0.054098292,2648,1
hard_026,Hard,BranchBoundMRV,1,3,0.054912417,2648,1
hard_026,Hard,BranchBoundMRV,1,4,0.054768583,2648,1
hard_026,Hard,BranchBoundMRV,1,5,0.054666917,2648,1
hard_026,Hard,OpenMP,4,1,0.003592968,698,1
hard_026,Hard,OpenMP,4,2,0.003487110,686,1
hard_026,Hard,OpenMP,4,3,0.003504992,690,1
hard_026,Hard,OpenMP,4,4,0.003508091,685,1
hard_026,Hard,OpenMP,4,5,0.003471136,682,1
hard_026,Hard,OpenMP,8,1,0.008538008,859,1
hard_026,Hard,OpenMP,8,2,0.003523827,614,1
hard_026,Hard,OpenMP,8,3,0.003527880,627,1
hard_026,Hard,OpenMP,8,4,0.008338928,860,1
hard_026,Hard,OpenMP,8,5,0.008260012,858,1
hard_026,Hard,OpenMP,16,1,0.020806074,778,1
hard_026,Hard,OpenMP,16,2,0.050725937,528,1
hard_026,Hard,OpenMP,16,3,0.066445112,1078,1
hard_026,Hard,OpenMP,16,4,0.018387794,980,1
hard_026,Hard,OpenMP,16,5,0.021908998,1063,1
hard_026,Hard,OMP-BranchBoundMRV,4,1,0.004751205,691,1
hard_026,Hard,OMP-BranchBoundMRV,4,2,0.004735947,691,1
hard_026,Hard,OMP-BranchBoundMRV,4,3,0.004767895,695,1
hard_026,Hard,OMP-BranchBoundMRV,4,4,0.004738808,693,1
hard_026,Hard,OMP-BranchBoundMRV,4,5,0.004736900,693,1
hard_026,Hard,OMP-BranchBoundMRV,8,1,0.010837078,867,1
hard_026,Hard,OMP-BranchBoundMRV,8,2,0.011238098,1047,1
hard_026,Hard,OMP-BranchBoundMRV,8,3,0.004786015,603,1
hard_026,Hard,OMP-BranchBoundMRV,8,4,0.004802942,481,1
hard_026,Hard,OMP-BranchBoundMRV,8,5,0.004773140,480,1
hard_026,Hard,OMP-BranchBoundMRV,16,1,0.045253992,610,1
hard_026,Hard,OMP-BranchBoundMRV,16,2,0.026039124,756,1
hard_026,Hard,OMP-BranchBoundMRV,16,3,0.046636820,784,1
hard_026,Hard,OMP-BranchBoundMRV,16,4,0.016208887,483,1
hard_026,Hard,OMP-BranchBoundMRV,16,5,0.039250851,521,1
hard_027,Hard,Serial,1,1,0.008065167,17472,1
hard_027,Hard,Serial,1,2,0.008046250,17472,1
hard_027,Hard,Serial,1,3,0.008134542,17472,1
hard_027,Hard,Serial,1,4,0.008026250,17472,1
hard_027,Hard,Serial,1,5,0.008085375,17472,1
hard_027,Hard,Serial-MRV,1,1,0.030131208,1773,1
hard_027,Hard,Serial-MRV,1,2,0.029752084,1773,1
hard_027,Hard,Serial-MRV,1,3,0.029724750,1773,1
hard_027,Hard,Serial-MRV,1,4,0.029685750,1773,1
hard_027,Hard,Serial-MRV,1,5,0.029853875,1773,1
hard_027,Hard,BranchBound,1,1,0.007320375,17472,1
hard_027,Hard,BranchBound,1,2,0.007352209,17472,1
hard_027,Hard,BranchBound,1,3,0.007643375,17472,1
hard_027,Hard,BranchBound,1,4,0.007388959,17472,1
hard_027,Hard,BranchBound,1,5,0.007297708,17472,1
hard_027,Hard,BranchBoundMRV,1,1,0.038431333,1773,1
hard_027,Hard,BranchBoundMRV,1,2,0.037892500,1773,1
hard_027,Hard,BranchBoundMRV,1,3,0.037977333,1773,1
hard_027,Hard,BranchBoundMRV,1,4,0.037713458,1773,1
hard_027,Hard,BranchBoundMRV,1,5,0.037454667,1773,1
hard_027,Hard,OpenMP,4,1,0.003555059,771,1
hard_027,Hard,OpenMP,4,2,0.003520012,766,1
hard_027,Hard,OpenMP,4,3,0.003521919,770,1
hard_027,Hard,OpenMP,4,4,0.003524065,770,1
hard_027,Hard,OpenMP,4,5,0.003631115,716,1
hard_027,Hard,OpenMP,8,1,0.003561020,792,1
hard_027,Hard,OpenMP,8,2,0.003576040,816,1
hard_027,Hard,OpenMP,8,3,0.003603935,751,1
hard_027,Hard,OpenMP,8,4,0.003564119,909,1
hard_027,Hard,OpenMP,8,5,0.004568815,699,1
hard_027,Hard,OpenMP,16,1,0.038285971,435,1
hard_027,Hard,OpenMP,16,2,0.023921967,771,1
hard_027,Hard,OpenMP,16,3,0.061286211,979,1
hard_027,Hard,OpenMP,16,4,0.030903101,660,1
hard_027,Hard,OpenMP,16,5,0.040172100,1579,1
hard_027,Hard,OMP-BranchBoundMRV,4,1,0.004556179,782,1
hard_027,Hard,OMP-BranchBoundMRV,4,2,0.004420996,769,1
hard_027,Hard,OMP-BranchBoundMRV,4,3,0.004526854,775,1
hard_027,Hard,OMP-BranchBoundMRV,4,4,0.004431963,763,1
hard_027,Hard,OMP-BranchBoundMRV,4,5,0.004402161,765,1
hard_027,Hard,OMP-BranchBoundMRV,8,1,0.004467964,773,1
hard_027,Hard,OMP-BranchBoundMRV,8,2,0.004521847,818,1
hard_027,Hard,OMP-BranchBoundMRV,8,3,0.004464865,793,1
hard_027,Hard,OMP-BranchBoundMRV,8,4,0.004451990,660,1
hard_027,Hard,OMP-BranchBoundMRV,8,5,0.010331154,1368,1
hard_027,Hard,OMP-BranchBoundMRV,16,1,0.027971983,633,1
hard_027,Hard,OMP-BranchBoundMRV,16,2,0.057915926,1414,1
hard_027,Hard,OMP-BranchBoundMRV,16,3,0.042702913,719,1
hard_027,Hard,OMP-BranchBoundMRV,16,4,0.024684906,810,1
hard_027,Hard,OMP-BranchBoundMRV,16,5,0.076843023,1364,1
hard_028,Hard,Serial,1,1,0.008609792,16694,1
hard_028,Hard,Serial,1,2,0.008641083,16694,1
hard_028,Hard,Serial,1,3,0.008549083,16694,1
hard_028,Hard,Serial,1,4,0.008600250,16694,1
hard_028,Hard,Serial,1,5,0.008620625,16694,1
hard_028,Hard,Serial-MRV,1,1,0.018817167,1122,1
hard_028,Hard,Serial-MRV,1,2,0.019000584,1122,1
hard_028,Hard,Serial-MRV,1,3,0.018626416,1122,1
hard_028,Hard,Serial-MRV,1,4,0.018640958,1122,1
hard_028,Hard,Serial-MRV,1,5,0.018434916,1122,1
hard_028,Hard,BranchBound,1,1,0.006984208,16694,1
hard_028,Hard,BranchBound,1,2,0.006898667,16694,1
hard_028,Hard,BranchBound,1,3,0.007097334,16694,1
hard_028,Hard,BranchBound,1,4,0.007002500,16694,1
hard_028,Hard,BranchBound,1,5,0.006925250,16694,1
hard_028,Hard,BranchBoundMRV,1,1,0.024004042,1122,1
hard_028,Hard,BranchBoundMRV,1,2,0.024234208,1122,1
hard_028,Hard,BranchBoundMRV,1,3,0.023957000,1122,1
hard_028,Hard,BranchBoundMRV,1,4,0.024071167,1122,1
hard_028,Hard,BranchBoundMRV,1,5,0.024071958,1122,1
hard_028,Hard,OpenMP,4,1,0.011203051,1269,1
hard_028,Hard,OpenMP,4,2,0.011183023,1269,1
hard_028,Hard,OpenMP,4,3,0.011253834,1269,1
hard_028,Hard,OpenMP,4,4,0.011331081,1269,1
hard_028,Hard,OpenMP,4,5,0.011316061,1269,1
hard_028,Hard,OpenMP,8,1,0.021359921,1269,1
hard_028,Hard,OpenMP,8,2,0.026499033,1269,1
hard_028,Hard,OpenMP,8,3,0.011399984,1269,1
hard_028,Hard,OpenMP,8,4,0.017373085,1269,1
hard_028,Hard,OpenMP,8,5,0.013520002,1269,1
hard_028,Hard,OpenMP,16,1,0.075917959,1144,1
hard_028,Hard,OpenMP,16,2,0.073225975,1269,1
hard_028,Hard,OpenMP,16,3,0.070322990,1148,1
hard_028,Hard,OpenMP,16,4,0.067384958,1269,1
hard_028,Hard,OpenMP,16,5,0.044232130,1269,1
hard_028,Hard,OMP-BranchBoundMRV,4,1,0.014739037,1269,1
hard_028,Hard,OMP-BranchBoundMRV,4,2,0.014862776,1269,1
hard_028,Hard,OMP-BranchBoundMRV,4,3,0.016654968,1269,1
hard_028,Hard,OMP-BranchBoundMRV,4,4,0.014768124,1269,1
hard_028,Hard,OMP-BranchBoundMRV,4,5,0.014826059,1269,1
hard_028,Hard,OMP-BranchBoundMRV,8,1,0.014830828,1269,1
hard_028,Hard,OMP-BranchBoundMRV,8,2,0.026745081,1269,1
hard_028,Hard,OMP-BranchBoundMRV,8,3,0.026547194,1269,1
hard_028,Hard,OMP-BranchBoundMRV,8,4,0.020646095,1269,1
hard_028,Hard,OMP-BranchBoundMRV,8,5,0.021059990,1269,1
hard_028,Hard,OMP-BranchBoundMRV,16,1,0.073070049,1269,1
hard_028,Hard,OMP-BranchBoundMRV,16,2,0.170049906,1269,1
hard_028,Hard,OMP-BranchBoundMRV,16,3,0.080027103,1269,1
hard_028,Hard,OMP-BranchBoundMRV,16,4,0.037165880,1269,1
hard_028,Hard,OMP-BranchBoundMRV,16,5,0.047693968,1269,1
hard_029,Hard,Serial,1,1,0.017066291,35820,1
hard_029,Hard,Serial,1,2,0.017071042,35820,1
hard_029,Hard,Serial,1,3,0.017100584,35820,1
hard_029,Hard,Serial,1,4,0.017102333,35820,1
hard_029,Hard,Serial,1,5,0.016870750,35820,1
hard_029,Hard,Serial-MRV,1,1,0.020915541,1185,1
hard_029,Hard,Serial-MRV,1,2,0.020778292,1185,1
hard_029,Hard,Serial-MRV,1,3,0.020922875,1185,1
hard_029,Hard,Serial-MRV,1,4,0.020841542,1185,1
hard_029,Hard,Serial-MRV,1,5,0.020927042,1185,1
hard_029,Hard,BranchBound,1,1,0.014796166,35820,1
hard_029,Hard,BranchBound,1,2,0.015085334,35820,1
hard_029,Hard,BranchBound,1,3,0.014749125,35820,1
hard_029,Hard,BranchBound,1,4,0.014823542,35820,1
hard_029,Hard,BranchBound,1,5,0.014841083,35820,1
hard_029,Hard,BranchBoundMRV,1,1,0.027595542,1185,1
hard_029,Hard,BranchBoundMRV,1,2,0.027767375,1185,1
hard_029,Hard,BranchBoundMRV,1,3,0.027665250,1185,1
hard_029,Hard,BranchBoundMRV,1,4,0.027480666,1185,1
hard_029,Hard,BranchBoundMRV,1,5,0.027579667,1185,1
hard_029,Hard,OpenMP,4,1,0.001784086,364,1
hard_029,Hard,OpenMP,4,2,0.001769066,365,1
hard_029,Hard,OpenMP,4,3,0.001756907,288,1
hard_029,Hard,OpenMP,4,4,0.001765966,289,1
hard_029,Hard,OpenMP,4,5,0.001760960,288,1
hard_029,Hard,OpenMP,8,1,0.001871109,256,1
hard_029,Hard,OpenMP,8,2,0.001844883,198,1
hard_029,Hard,OpenMP,8,3,0.001857042,311,1
hard_029,Hard,OpenMP,8,4,0.001804829,257,1
hard_029,Hard,OpenMP,8,5,0.001837015,198,1
hard_029,Hard,OpenMP,16,1,0.040320158,671,1
hard_029,Hard,OpenMP,16,2,0.017166138,617,1
hard_029,Hard,OpenMP,16,3,0.014919043,250,1
hard_029,Hard,OpenMP,16,4,0.020520926,284,1
hard_029,Hard,OpenMP,16,5,0.013401985,316,1
hard_029,Hard,OMP-BranchBoundMRV,4,1,0.002640009,388,1
hard_029,Hard,OMP-BranchBoundMRV,4,2,0.002578974,395,1
hard_029,Hard,OMP-BranchBoundMRV,4,3,0.002573967,395,1
hard_029,Hard,OMP-BranchBoundMRV,4,4,0.002594948,396,1
hard_029,Hard,OMP-BranchBoundMRV,4,5,0.002578020,395,1
hard_029,Hard,OMP-BranchBoundMRV,8,1,0.002603054,324,1
hard_029,Hard,OMP-BranchBoundMRV,8,2,0.002578974,323,1
hard_029,Hard,OMP-BranchBoundMRV,8,3,0.002612114,318,1
hard_029,Hard,OMP-BranchBoundMRV,8,4,0.002623081,323,1
hard_029,Hard,OMP-BranchBoundMRV,8,5,0.002625942,320,1
hard_029,Hard,OMP-BranchBoundMRV,16,1,0.018434048,391,1
hard_029,Hard,OMP-BranchBoundMRV,16,2,0.014406919,339,1
hard_029,Hard,OMP-BranchBoundMRV,16,3,0.008206844,265,1
hard_029,Hard,OMP-BranchBoundMRV,16,4,0.007941008,266,1
hard_029,Hard,OMP-BranchBoundMRV,16,5,0.024121046,319,1
hard_030,Hard,Serial,1,1,0.005158500,10030,1
hard_030,Hard,Serial,1,2,0.005131625,10030,1
hard_030,Hard,Serial,1,3,0.005059958,10030,1
hard_030,Hard,Serial,1,4,0.005143250,10030,1
hard_030,Hard,Serial,1,5,0.005153750,10030,1
hard_030,Hard,Serial-MRV,1,1,0.016622917,1051,1
hard_030,Hard,Serial-MRV,1,2,0.016600458,1051,1
hard_030,Hard,Serial-MRV,1,3,0.016654541,1051,1
hard_030,Hard,Serial-MRV,1,4,0.016557708,1051,1
hard_030,Hard,Serial-MRV,1,5,0.016871125,1051,1
hard_030,Hard,BranchBound,1,1,0.004242750,10030,1
hard_030,Hard,BranchBound,1,2,0.004206084,10030,1
hard_030,Hard,BranchBound,1,3,0.004208542,10030,1
hard_030,Hard,BranchBound,1,4,0.004258375,10030,1
hard_030,Hard,BranchBound,1,5,0.004306917,10030,1
hard_030,Hard,BranchBoundMRV,1,1,0.022052541,1051,1
hard_030,Hard,BranchBoundMRV,1,2,0.022055625,1051,1
hard_030,Hard,BranchBoundMRV,1,3,0.022149167,1051,1
hard_030,Hard,BranchBoundMRV,1,4,0.022212750,1051,1
hard_030,Hard,BranchBoundMRV,1,5,0.022064458,1051,1
hard_030,Hard,OpenMP,4,1,0.017642975,1051,1
hard_030,Hard,OpenMP,4,2,0.017614841,1051,1
hard_030,Hard,OpenMP,4,3,0.017504930,1051,1
hard_030,Hard,OpenMP,4,4,0.017855167,1051,1
hard_030,Hard,OpenMP,4,5,0.017795086,1051,1
hard_030,Hard,OpenMP,8,1,0.030533075,1051,1
hard_030,Hard,OpenMP,8,2,0.028486013,1051,1
hard_030,Hard,OpenMP,8,3,0.028584957,1051,1
hard_030,Hard,OpenMP,8,4,0.017932177,1051,1
hard_030,Hard,OpenMP,8,5,0.020515919,1051,1
hard_030,Hard,OpenMP,16,1,0.107614040,1051,1
hard_030,Hard,OpenMP,16,2,0.044842005,1051,1
hard_030,Hard,OpenMP,16,3,0.091729879,1051,1
hard_030,Hard,OpenMP,16,4,0.054697037,1051,1
hard_030,Hard,OpenMP,16,5,0.053050995,1051,1
hard_030,Hard,OMP-BranchBoundMRV,4,1,0.023109913,1051,1
hard_030,Hard,OMP-BranchBoundMRV,4,2,0.023030043,1051,1
hard_030,Hard,OMP-BranchBoundMRV,4,3,0.023073912,1051,1
hard_030,Hard,OMP-BranchBoundMRV,4,4,0.023273945,1051,1
hard_030,Hard,OMP-BranchBoundMRV,4,5,0.023031950,1051,1
hard_030,Hard,OMP-BranchBoundMRV,8,1,0.029269934,1051,1
hard_030,Hard,OMP-BranchBoundMRV,8,2,0.029145956,1051,1
hard_030,Hard,OMP-BranchBoundMRV,8,3,0.029212952,1051,1
hard_030,Hard,OMP-BranchBoundMRV,8,4,0.029126883,1051,1
hard_030,Hard,OMP-BranchBoundMRV,8,5,0.023159027,1051,1
hard_030,Hard,OMP-BranchBoundMRV,16,1,0.108819962,1051,1
hard_030,Hard,OMP-BranchBoundMRV,16,2,0.062096119,1051,1
hard_030,Hard,OMP-BranchBoundMRV,16,3,0.095726013,1051,1
hard_030,Hard,OMP-BranchBoundMRV,16,4,0.030347109,1051,1
hard_030,Hard,OMP-BranchBoundMRV,16,5,0.071816206,1051,1
hard_031,Hard,Serial,1,1,0.003776666,7490,1
hard_031,Hard,Serial,1,2,0.003763833,7490,1
hard_031,Hard,Serial,1,3,0.003900625,7490,1
hard_031,Hard,Serial,1,4,0.003815125,7490,1
hard_031,Hard,Serial,1,5,0.003789916,7490,1
hard_031,Hard,Serial-MRV,1,1,0.026019250,1524,1
hard_031,Hard,Serial-MRV,1,2,0.025878834,1524,1
hard_031,Hard,Serial-MRV,1,3,0.025997250,1524,1
hard_031,Hard,Serial-MRV,1,4,0.026935833,1524,1
hard_031,Hard,Serial-MRV,1,5,0.029922375,1524,1
hard_031,Hard,BranchBound,1,1,0.003426291,7490,1
hard_031,Hard,BranchBound,1,2,0.003364667,7490,1
hard_031,Hard,BranchBound,1,3,0.003280042,7490,1
hard_031,Hard,BranchBound,1,4,0.003256583,7490,1
hard_031,Hard,BranchBound,1,5,0.003392708,7490,1
hard_031,Hard,BranchBoundMRV,1,1,0.034678084,1524,1
hard_031,Hard,BranchBoundMRV,1,2,0.034505041,1524,1
hard_031,Hard,BranchBoundMRV,1,3,0.034304583,1524,1
hard_031,Hard,BranchBoundMRV,1,4,0.034594417,1524,1
hard_031,Hard,BranchBoundMRV,1,5,0.034282291,1524,1
hard_031,Hard,OpenMP,4,1,0.006996155,1307,1
hard_031,Hard,OpenMP,4,2,0.006963015,1307,1
hard_031,Hard,OpenMP,4,3,0.006945133,1303,1
hard_031,Hard,OpenMP,4,4,0.006932020,1305,1
hard_031,Hard,OpenMP,4,5,0.006938934,1306,1
hard_031,Hard,OpenMP,8,1,0.003244162,749,1
hard_031,Hard,OpenMP,8,2,0.007909060,830,1
hard_031,Hard,OpenMP,8,3,0.008187056,1092,1
hard_031,Hard,OpenMP,8,4,0.003288984,659,1
hard_031,Hard,OpenMP,8,5,0.008057833,843,1
hard_031,Hard,OpenMP,16,1,0.048316956,1252,1
hard_031,Hard,OpenMP,16,2,0.029953003,1261,1
hard_031,Hard,OpenMP,16,3,0.052367210,954,1
hard_031,Hard,OpenMP,16,4,0.029139996,1024,1
hard_031,Hard,OpenMP,16,5,0.025746822,1364,1
hard_031,Hard,OMP-BranchBoundMRV,4,1,0.009254217,1299,1
hard_031,Hard,OMP-BranchBoundMRV,4,2,0.009161949,1295,1
hard_031,Hard,OMP-BranchBoundMRV,4,3,0.009202957,1294,1
hard_031,Hard,OMP-BranchBoundMRV,4,4,0.009214163,1297,1
hard_031,Hard,OMP-BranchBoundMRV,4,5,0.009176970,1296,1
hard_031,Hard,OMP-BranchBoundMRV,8,1,0.021461964,1104,1
hard_031,Hard,OMP-BranchBoundMRV,8,2,0.030143976,1125,1
hard_031,Hard,OMP-BranchBoundMRV,8,3,0.010888815,1155,1
hard_031,Hard,OMP-BranchBoundMRV,8,4,0.007209063,835,1
hard_031,Hard,OMP-BranchBoundMRV,8,5,0.011797905,1196,1
hard_031,Hard,OMP-BranchBoundMRV,16,1,0.012422085,872,1
hard_031,Hard,OMP-BranchBoundMRV,16,2,0.040560961,481,1
hard_031,Hard,OMP-BranchBoundMRV,16,3,0.040075064,718,1
hard_031,Hard,OMP-BranchBoundMRV,16,4,0.029549837,683,1
hard_031,Hard,OMP-BranchBoundMRV,16,5,0.075726032,562,1
hard_032,Hard,Serial,1,1,0.015051166,30086,1
hard_032,Hard,Serial,1,2,0.014237417,30086,1
hard_032,Hard,Serial,1,3,0.014482750,30086,1
hard_032,Hard,Serial,1,4,0.014979042,30086,1
hard_032,Hard,Serial,1,5,0.015078250,30086,1
hard_032,Hard,Serial-MRV,1,1,0.019967250,1005,1
hard_032,Hard,Serial-MRV,1,2,0.020242125,1005,1
hard_032,Hard,Serial-MRV,1,3,0.019275791,1005,1
hard_032,Hard,Serial-MRV,1,4,0.019204833,1005,1
hard_032,Hard,Serial-MRV,1,5,0.019201875,1005,1
hard_032,Hard,BranchBound,1,1,0.012343583,30086,1
hard_032,Hard,BranchBound,1,2,0.012390250,30086,1
hard_032,Hard,BranchBound,1,3,0.012578541,30086,1
hard_032,Hard,BranchBound,1,4,0.012369125,30086,1
hard_032,Hard,BranchBound,1,5,0.012638500,30086,1
hard_032,Hard,BranchBoundMRV,1,1,0.024400333,1005,1
hard_032,Hard,BranchBoundMRV,1,2,0.024257750,1005,1
hard_032,Hard,BranchBoundMRV,1,3,0.024364250,1005,1
hard_032,Hard,BranchBoundMRV,1,4,0.024359583,1005,1
hard_032,Hard,BranchBoundMRV,1,5,0.024574750,1005,1
hard_032,Hard,OpenMP,4,1,0.002935171,563,1
hard_032,Hard,OpenMP,4,2,0.002905130,563,1
hard_032,Hard,OpenMP,4,3,0.002891064,555,1
hard_032,Hard,OpenMP,4,4,0.002902031,561,1
hard_032,Hard,OpenMP,4,5,0.002914190,558,1
hard_032,Hard,OpenMP,8,1,0.005949974,615,1
hard_032,Hard,OpenMP,8,2,0.003012896,518,1
hard_032,Hard,OpenMP,8,3,0.006208897,486,1
hard_032,Hard,OpenMP,8,4,0.004273891,485,1
hard_032,Hard,OpenMP,8,5,0.006618977,919,1
hard_032,Hard,OpenMP,16,1,0.015151978,444,1
hard_032,Hard,OpenMP,16,2,0.012488127,629,1
hard_032,Hard,OpenMP,16,3,0.056617022,363,1
hard_032,Hard,OpenMP,16,4,0.076726198,788,1
hard_032,Hard,OpenMP,16,5,0.039492846,462,1
hard_032,Hard,OMP-BranchBoundMRV,4,1,0.004127026,496,1
hard_032,Hard,OMP-BranchBoundMRV,4,2,0.003830910,472,1
hard_032,Hard,OMP-BranchBoundMRV,4,3,0.003989935,469,1
hard_032,Hard,OMP-BranchBoundMRV,4,4,0.003817797,469,1
hard_032,Hard,OMP-BranchBoundMRV,4,5,0.003912926,474,1
hard_032,Hard,OMP-BranchBoundMRV,8,1,0.003861904,397,1
hard_032,Hard,OMP-BranchBoundMRV,8,2,0.005604982,631,1
hard_032,Hard,OMP-BranchBoundMRV,8,3,0.011655807,1003,1
hard_032,Hard,OMP-BranchBoundMRV,8,4,0.009253025,953,1
hard_032,Hard,OMP-BranchBoundMRV,8,5,0.005352020,441,1
hard_032,Hard,OMP-BranchBoundMRV,16,1,0.025994062,306,1
hard_032,Hard,OMP-BranchBoundMRV,16,2,0.027594090,829,1
hard_032,Hard,OMP-BranchBoundMRV,16,3,0.020392895,461,1
hard_032,Hard,OMP-BranchBoundMRV,16,4,0.015582085,414,1
hard_032,Hard,OMP-BranchBoundMRV,16,5,0.009875059,513,1
hard_033,Hard,Serial,1,1,0.077011042,157234,1
hard_033,Hard,Serial,1,2,0.075219833,157234,1
hard_033,Hard,Serial,1,3,0.073941541,157234,1
hard_033,Hard,Serial,1,4,0.073697958,157234,1
hard_033,Hard,Serial,1,5,0.073599709,157234,1
hard_033,Hard,Serial-MRV,1,1,0.028259666,1563,1
hard_033,Hard,Serial-MRV,1,2,0.028656042,1563,1
hard_033,Hard,Serial-MRV,1,3,0.028895583,1563,1
hard_033,Hard,Serial-MRV,1,4,0.029794417,1563,1
hard_033,Hard,Serial-MRV,1,5,0.029670459,1563,1
hard_033,Hard,BranchBound,1,1,0.070626917,157234,1
hard_033,Hard,BranchBound,1,2,0.068797667,157234,1
hard_033,Hard,BranchBound,1,3,0.068054959,157234,1
hard_033,Hard,BranchBound,1,4,0.067914291,157234,1
hard_033,Hard,BranchBound,1,5,0.068024250,157234,1
hard_033,Hard,BranchBoundMRV,1,1,0.038258792,1563,1
hard_033,Hard,BranchBoundMRV,1,2,0.038362000,1563,1
hard_033,Hard,BranchBoundMRV,1,3,0.038392417,1563,1
hard_033,Hard,BranchBoundMRV,1,4,0.039289959,1563,1
hard_033,Hard,BranchBoundMRV,1,5,0.038888750,1563,1
hard_033,Hard,OpenMP,4,1,0.001849174,357,1
hard_033,Hard,OpenMP,4,2,0.001810074,353,1
hard_033,Hard,OpenMP,4,3,0.001837015,357,1
hard_033,Hard,OpenMP,4,4,0.001815081,357,1
hard_033,Hard,OpenMP,4,5,0.001804113,348,1
hard_033,Hard,OpenMP,8,1,0.002588034,451,1
hard_033,Hard,OpenMP,8,2,0.001873016,404,1
hard_033,Hard,OpenMP,8,3,0.001861811,419,1
hard_033,Hard,OpenMP,8,4,0.003139019,694,1
hard_033,Hard,OpenMP,8,5,0.001898050,403,1
hard_033,Hard,OpenMP,16,1,0.042732000,390,1
hard_033,Hard,OpenMP,16,2,0.049548864,381,1
hard_033,Hard,OpenMP,16,3,0.029362917,1563,1
hard_033,Hard,OpenMP,16,4,0.021934032,442,1
hard_033,Hard,OpenMP,16,5,0.037491798,1563,1
hard_033,Hard,OMP-BranchBoundMRV,4,1,0.002621889,309,1
hard_033,Hard,OMP-BranchBoundMRV,4,2,0.002855062,324,1
hard_033,Hard,OMP-BranchBoundMRV,4,3,0.002851963,348,1
hard_033,Hard,OMP-BranchBoundMRV,4,4,0.002578020,343,1
hard_033,Hard,OMP-BranchBoundMRV,4,5,0.002518892,343,1
hard_033,Hard,OMP-BranchBoundMRV,8,1,0.008263111,429,1
hard_033,Hard,OMP-BranchBoundMRV,8,2,0.013306141,1366,1
hard_033,Hard,OMP-BranchBoundMRV,8,3,0.007418871,521,1
hard_033,Hard,OMP-BranchBoundMRV,8,4,0.010426044,1100,1
hard_033,Hard,OMP-BranchBoundMRV,8,5,0.004485130,490,1
hard_033,Hard,OMP-BranchBoundMRV,16,1,0.023226023,844,1
hard_033,Hard,OMP-BranchBoundMRV,16,2,0.024055004,768,1
hard_033,Hard,OMP-BranchBoundMRV,16,3,0.009470940,526,1
hard_033,Hard,OMP-BranchBoundMRV,16,4,0.014183044,710,1
hard_033,Hard,OMP-BranchBoundMRV,16,5,0.019122124,1367,1
hard_034,Hard,Serial,1,1,0.005820500,12671,1
hard_034,Hard,Serial,1,2,0.006664167,12671,1
hard_034,Hard,Serial,1,3,0.005967208,12671,1
hard_034,Hard,Serial,1,4,0.006089083,12671,1
hard_034,Hard,Serial,1,5,0.006364542,12671,1
hard_034,Hard,Serial-MRV,1,1,0.017351750,1083,1
hard_034,Hard,Serial-MRV,1,2,0.017048417,1083,1
hard_034,Hard,Serial-MRV,1,3,0.016887750,1083,1
hard_034,Hard,Serial-MRV,1,4,0.016683875,1083,1
hard_034,Hard,Serial-MRV,1,5,0.016870042,1083,1
hard_034,Hard,BranchBound,1,1,0.004904750,12671,1
hard_034,Hard,BranchBound,1,2,0.005005042,12671,1
hard_034,Hard,BranchBound,1,3,0.005002500,12671,1
hard_034,Hard,BranchBound,1,4,0.004894750,12671,1
hard_034,Hard,BranchBound,1,5,0.004914500,12671,1
hard_034,Hard,BranchBoundMRV,1,1,0.021469667,1083,1
hard_034,Hard,BranchBoundMRV,1,2,0.021481208,1083,1
hard_034,Hard,BranchBoundMRV,1,3,0.021905667,1083,1
hard_034,Hard,BranchBoundMRV,1,4,0.021326125,1083,1
hard_034,Hard,BranchBoundMRV,1,5,0.021492083,1083,1
hard_034,Hard,OpenMP,4,1,0.001191139,273,1
hard_034,Hard,OpenMP,4,2,0.001163006,272,1
hard_034,Hard,OpenMP,4,3,0.001163006,212,1
hard_034,Hard,OpenMP,4,4,0.001160860,212,1
hard_034,Hard,OpenMP,4,5,0.001163960,212,1
hard_034,Hard,OpenMP,8,1,0.002782106,696,1
hard_034,Hard,OpenMP,8,2,0.011303186,276,1
hard_034,Hard,OpenMP,8,3,0.001205921,306,1
hard_034,Hard,OpenMP,8,4,0.001171827,254,1
hard_034,Hard,OpenMP,8,5,0.002708912,684,1
hard_034,Hard,OpenMP,16,1,0.052762985,694,1
hard_034,Hard,OpenMP,16,2,0.034563065,244,1
hard_034,Hard,OpenMP,16,3,0.042590141,573,1
hard_034,Hard,OpenMP,16,4,0.031069994,680,1
hard_034,Hard,OpenMP,16,5,0.041903019,261,1
hard_034,Hard,OMP-BranchBoundMRV,4,1,0.006626844,1198,1
hard_034,Hard,OMP-BranchBoundMRV,4,2,0.001591921,263,1
hard_034,Hard,OMP-BranchBoundMRV,4,3,0.001605988,262,1
hard_034,Hard,OMP-BranchBoundMRV,4,4,0.001598120,265,1
hard_034,Hard,OMP-BranchBoundMRV,4,5,0.001594067,265,1
hard_034,Hard,OMP-BranchBoundMRV,8,1,0.007719040,663,1
hard_034,Hard,OMP-BranchBoundMRV,8,2,0.006052971,842,1
hard_034,Hard,OMP-BranchBoundMRV,8,3,0.001634121,244,1
hard_034,Hard,OMP-BranchBoundMRV,8,4,0.004538059,627,1
hard_034,Hard,OMP-BranchBoundMRV,8,5,0.004456997,573,1
hard_034,Hard,OMP-BranchBoundMRV,16,1,0.092393160,1529,1
hard_034,Hard,OMP-BranchBoundMRV,16,2,0.059439182,285,1
hard_034,Hard,OMP-BranchBoundMRV,16,3,0.018542051,365,1
hard_034,Hard,OMP-BranchBoundMRV,16,4,0.014995098,619,1
hard_034,Hard,OMP-BranchBoundMRV,16,5,0.006884098,328,1
hard_035,Hard,Serial,1,1,0.036292667,67272,1
hard_035,Hard,Serial,1,2,0.034038250,67272,1
hard_035,Hard,Serial,1,3,0.033809333,67272,1
hard_035,Hard,Serial,1,4,0.033710709,67272,1
hard_035,Hard,Serial,1,5,0.034582292,67272,1
hard_035,Hard,Serial-MRV,1,1,0.018295291,1034,1
hard_035,Hard,Serial-MRV,1,2,0.019327459,1034,1
hard_035,Hard,Serial-MRV,1,3,0.019089708,1034,1
hard_035,Hard,Serial-MRV,1,4,0.018249083,1034,1
hard_035,Hard,Serial-MRV,1,5,0.017924875,1034,1
hard_035,Hard,BranchBound,1,1,0.030776917,67272,1
hard_035,Hard,BranchBound,1,2,0.030624083,67272,1
hard_035,Hard,BranchBound,1,3,0.031152625,67272,1
hard_035,Hard,BranchBound,1,4,0.029879584,67272,1
hard_035,Hard,BranchBound,1,5,0.029459417,67272,1
hard_035,Hard,BranchBoundMRV,1,1,0.022730000,1034,1
hard_035,Hard,BranchBoundMRV,1,2,0.022971625,1034,1
hard_035,Hard,BranchBoundMRV,1,3,0.022969500,1034,1
hard_035,Hard,BranchBoundMRV,1,4,0.024406417,1034,1
hard_035,Hard,BranchBoundMRV,1,5,0.023238333,1034,1
hard_035,Hard,OpenMP,4,1,0.012685061,1034,1
hard_035,Hard,OpenMP,4,2,0.012328863,1034,1
hard_035,Hard,OpenMP,4,3,0.012562037,1034,1
hard_035,Hard,OpenMP,4,4,0.012264013,1034,1
hard_035,Hard,OpenMP,4,5,0.012201071,1034,1
hard_035,Hard,OpenMP,8,1,0.015425920,1019,1
hard_035,Hard,OpenMP,8,2,0.018117189,1034,1
hard_035,Hard,OpenMP,8,3,0.018409014,1034,1
hard_035,Hard,OpenMP,8,4,0.012273073,1034,1
hard_035,Hard,OpenMP,8,5,0.012279987,1034,1
hard_035,Hard,OpenMP,16,1,0.040916204,1034,1
hard_035,Hard,OpenMP,16,2,0.050067186,1034,1
hard_035,Hard,OpenMP,16,3,0.051989079,1034,1
hard_035,Hard,OpenMP,16,4,0.056929827,715,1
hard_035,Hard,OpenMP,16,5,0.044916153,1034,1
hard_035,Hard,OMP-BranchBoundMRV,4,1,0.032200098,1034,1
hard_035,Hard,OMP-BranchBoundMRV,4,2,0.037328005,1034,1
hard_035,Hard,OMP-BranchBoundMRV,4,3,0.048741102,1034,1
hard_035,Hard,OMP-BranchBoundMRV,4,4,0.038527012,1034,1
hard_035,Hard,OMP-BranchBoundMRV,4,5,0.080845118,1034,1
hard_035,Hard,OMP-BranchBoundMRV,8,1,0.052692890,1034,1
hard_035,Hard,OMP-BranchBoundMRV,8,2,0.030744791,1034,1
hard_035,Hard,OMP-BranchBoundMRV,8,3,0.021350145,1034,1
hard_035,Hard,OMP-BranchBoundMRV,8,4,0.019446850,1034,1
hard_035,Hard,OMP-BranchBoundMRV,8,5,0.025583029,1034,1
hard_035,Hard,OMP-BranchBoundMRV,16,1,0.074582100,1034,1
hard_035,Hard,OMP-BranchBoundMRV,16,2,0.045897007,1034,1
hard_035,Hard,OMP-BranchBoundMRV,16,3,0.056008101,1034,1
hard_035,Hard,OMP-BranchBoundMRV,16,4,0.085664988,1034,1
hard_035,Hard,OMP-BranchBoundMRV,16,5,0.058485985,1034,1
hard_036,Hard,Serial,1,1,0.019308208,40653,1
hard_036,Hard,Serial,1,2,0.019421583,40653,1
hard_036,Hard,Serial,1,3,0.019533500,40653,1
hard_036,Hard,Serial,1,4,0.018969292,40653,1
hard_036,Hard,Serial,1,5,0.018999041,40653,1
hard_036,Hard,Serial-MRV,1,1,0.023425875,1379,1
hard_036,Hard,Serial-MRV,1,2,0.023590875,1379,1
hard_036,Hard,Serial-MRV,1,3,0.023522417,1379,1
hard_036,Hard,Serial-MRV,1,4,0.023357083,1379,1
hard_036,Hard,Serial-MRV,1,5,0.023695917,1379,1
hard_036,Hard,BranchBound,1,1,0.016177666,40653,1
hard_036,Hard,BranchBound,1,2,0.016084792,40653,1
hard_036,Hard,BranchBound,1,3,0.016186500,40653,1
hard_036,Hard,BranchBound,1,4,0.016094333,40653,1
hard_036,Hard,BranchBound,1,5,0.016158417,40653,1
hard_036,Hard,BranchBoundMRV,1,1,0.030735375,1379,1
hard_036,Hard,BranchBoundMRV,1,2,0.030604750,1379,1
hard_036,Hard,BranchBoundMRV,1,3,0.031078542,1379,1
hard_036,Hard,BranchBoundMRV,1,4,0.031033083,1379,1
hard_036,Hard,BranchBoundMRV,1,5,0.031372958,1379,1
hard_036,Hard,OpenMP,4,1,0.000931025,144,1
hard_036,Hard,OpenMP,4,2,0.000909805,140,1
hard_036,Hard,OpenMP,4,3,0.000983953,200,1
hard_036,Hard,OpenMP,4,4,0.000921011,146,1
hard_036,Hard,OpenMP,4,5,0.000979900,200,1
hard_036,Hard,OpenMP,8,1,0.002074957,291,1
hard_036,Hard,OpenMP,8,2,0.000973940,172,1
hard_036,Hard,OpenMP,8,3,0.010186911,286,1
hard_036,Hard,OpenMP,8,4,0.002240181,363,1
hard_036,Hard,OpenMP,8,5,0.001001120,145,1
hard_036,Hard,OpenMP,16,1,0.090569973,172,1
hard_036,Hard,OpenMP,16,2,0.017116070,163,1
hard_036,Hard,OpenMP,16,3,0.063123941,1285,1
hard_036,Hard,OpenMP,16,4,0.023873806,191,1
hard_036,Hard,OpenMP,16,5,0.031110048,92,1
hard_036,Hard,OMP-BranchBoundMRV,4,1,0.001391888,187,1
hard_036,Hard,OMP-BranchBoundMRV,4,2,0.001363993,186,1
hard_036,Hard,OMP-BranchBoundMRV,4,3,0.001362085,186,1
hard_036,Hard,OMP-BranchBoundMRV,4,4,0.001368046,185,1
hard_036,Hard,OMP-BranchBoundMRV,4,5,0.001382828,188,1
hard_036,Hard,OMP-BranchBoundMRV,8,1,0.001343012,157,1
hard_036,Hard,OMP-BranchBoundMRV,8,2,0.001617908,148,1
hard_036,Hard,OMP-BranchBoundMRV,8,3,0.001526833,151,1
hard_036,Hard,OMP-BranchBoundMRV,8,4,0.002890825,333,1
hard_036,Hard,OMP-BranchBoundMRV,8,5,0.003030062,313,1
hard_036,Hard,OMP-BranchBoundMRV,16,1,0.020463228,352,1
hard_036,Hard,OMP-BranchBoundMRV,16,2,0.044044971,370,1
hard_036,Hard,OMP-BranchBoundMRV,16,3,0.027256012,125,1
hard_036,Hard,OMP-BranchBoundMRV,16,4,0.019171953,358,1
hard_036,Hard,OMP-BranchBoundMRV,16,5,0.021503925,147,1
hard_037,Hard,Serial,1,1,0.002690292,5405,1
hard_037,Hard,Serial,1,2,0.002657167,5405,1
hard_037,Hard,Serial,1,3,0.002658750,5405,1
hard_037,Hard,Serial,1,4,0.002666042,5405,1
hard_037,Hard,Serial,1,5,0.002647416,5405,1
hard_037,Hard,Serial-MRV,1,1,0.017139333,1114,1
hard_037,Hard,Serial-MRV,1,2,0.017240916,1114,1
hard_037,Hard,Serial-MRV,1,3,0.017345541,1114,1
hard_037,Hard,Serial-MRV,1,4,0.017146000,1114,1
hard_037,Hard,Serial-MRV,1,5,0.017139125,1114,1
hard_037,Hard,BranchBound,1,1,0.002241000,5405,1
hard_037,Hard,BranchBound,1,2,0.002232500,5405,1
hard_037,Hard,BranchBound,1,3,0.002261417,5405,1
hard_037,Hard,BranchBound,1,4,0.002239667,5405,1
hard_037,Hard,BranchBound,1,5,0.002242375,5405,1
hard_037,Hard,BranchBoundMRV,1,1,0.022809792,1114,1
hard_037,Hard,BranchBoundMRV,1,2,0.022872375,1114,1
hard_037,Hard,BranchBoundMRV,1,3,0.022691875,1114,1
hard_037,Hard,BranchBoundMRV,1,4,0.022909375,1114,1
hard_037,Hard,BranchBoundMRV,1,5,0.022540042,1114,1
hard_037,Hard,OpenMP,4,1,0.018101931,1114,1
hard_037,Hard,OpenMP,4,2,0.018110991,1114,1
hard_037,Hard,OpenMP,4,3,0.018064976,1114,1
hard_037,Hard,OpenMP,4,4,0.018185139,1114,1
hard_037,Hard,OpenMP,4,5,0.018225908,1114,1
hard_037,Hard,OpenMP,8,1,0.024297953,1114,1
hard_037,Hard,OpenMP,8,2,0.029678822,1114,1
hard_037,Hard,OpenMP,8,3,0.024976015,1114,1
hard_037,Hard,OpenMP,8,4,0.018362045,1114,1
hard_037,Hard,OpenMP,8,5,0.027607203,1114,1
hard_037,Hard,OpenMP,16,1,0.104834795,1114,1
hard_037,Hard,OpenMP,16,2,0.106009007,1114,1
hard_037,Hard,OpenMP,16,3,0.044362068,1114,1
hard_037,Hard,OpenMP,16,4,0.053318024,1114,1
hard_037,Hard,OpenMP,16,5,0.058902025,1114,1
hard_037,Hard,OMP-BranchBoundMRV,4,1,0.023684025,1114,1
hard_037,Hard,OMP-BranchBoundMRV,4,2,0.023927927,1114,1
hard_037,Hard,OMP-BranchBoundMRV,4,3,0.023650885,1114,1
hard_037,Hard,OMP-BranchBoundMRV,4,4,0.023730993,1114,1
hard_037,Hard,OMP-BranchBoundMRV,4,5,0.032302141,1114,1
hard_037,Hard,OMP-BranchBoundMRV,8,1,0.040813923,1114,1
hard_037,Hard,OMP-BranchBoundMRV,8,2,0.085966110,1114,1
hard_037,Hard,OMP-BranchBoundMRV,8,3,0.038310051,1114,1
hard_037,Hard,OMP-BranchBoundMRV,8,4,0.025264025,1114,1
hard_037,Hard,OMP-BranchBoundMRV,8,5,0.029950857,1114,1
hard_037,Hard,OMP-BranchBoundMRV,16,1,0.075507879,1114,1
hard_037,Hard,OMP-BranchBoundMRV,16,2,0.121366024,1114,1
hard_037,Hard,OMP-BranchBoundMRV,16,3,0.062619925,1114,1
hard_037,Hard,OMP-BranchBoundMRV,16,4,0.081197977,1114,1
hard_037,Hard,OMP-BranchBoundMRV,16,5,0.074373960,1114,1
hard_038,Hard,Serial,1,1,0.043433125,81820,1
hard_038,Hard,Serial,1,2,0.043208375,81820,1
hard_038,Hard,Serial,1,3,0.043221208,81820,1
hard_038,Hard,Serial,1,4,0.043264208,81820,1
hard_038,Hard,Serial,1,5,0.043712875,81820,1
hard_038,Hard,Serial-MRV,1,1,0.018035916,1010,1
hard_038,Hard,Serial-MRV,1,2,0.017885458,1010,1
hard_038,Hard,Serial-MRV,1,3,0.018025750,1010,1
hard_038,Hard,Serial-MRV,1,4,0.017770375,1010,1
hard_038,Hard,Serial-MRV,1,5,0.018446875,1010,1
hard_038,Hard,BranchBound,1,1,0.038534708,81820,1
hard_038,Hard,BranchBound,1,2,0.038212458,81820,1
hard_038,Hard,BranchBound,1,3,0.038421500,81820,1
hard_038,Hard,BranchBound,1,4,0.037982500,81820,1
hard_038,Hard,BranchBound,1,5,0.037419750,81820,1
hard_038,Hard,BranchBoundMRV,1,1,0.023684875,1010,1
hard_038,Hard,BranchBoundMRV,1,2,0.023282875,1010,1
hard_038,Hard,BranchBoundMRV,1,3,0.023149583,1010,1
hard_038,Hard,BranchBoundMRV,1,4,0.023183250,1010,1
hard_038,Hard,BranchBoundMRV,1,5,0.023212625,1010,1
hard_038,Hard,OpenMP,4,1,0.002111197,345,1
hard_038,Hard,OpenMP,4,2,0.002130985,345,1
hard_038,Hard,OpenMP,4,3,0.002104998,345,1
hard_038,Hard,OpenMP,4,4,0.002100945,345,1
hard_038,Hard,OpenMP,4,5,0.002104998,343,1
hard_038,Hard,OpenMP,8,1,0.002141953,268,1
hard_038,Hard,OpenMP,8,2,0.004843950,496,1
hard_038,Hard,OpenMP,8,3,0.004832983,615,1
hard_038,Hard,OpenMP,8,4,0.004808903,612,1
hard_038,Hard,OpenMP,8,5,0.002125978,266,1
hard_038,Hard,OpenMP,16,1,0.020298958,615,1
hard_038,Hard,OpenMP,16,2,0.017565012,281,1
hard_038,Hard,OpenMP,16,3,0.045245886,299,1
hard_038,Hard,OpenMP,16,4,0.036855936,281,1
hard_038,Hard,OpenMP,16,5,0.020990849,491,1
hard_038,Hard,OMP-BranchBoundMRV,4,1,0.002830982,351,1
hard_038,Hard,OMP-BranchBoundMRV,4,2,0.002802134,352,1
hard_038,Hard,OMP-BranchBoundMRV,4,3,0.002907991,252,1
hard_038,Hard,OMP-BranchBoundMRV,4,4,0.002888203,361,1
hard_038,Hard,OMP-BranchBoundMRV,4,5,0.002810001,352,1
hard_038,Hard,OMP-BranchBoundMRV,8,1,0.002871037,201,1
hard_038,Hard,OMP-BranchBoundMRV,8,2,0.002885103,343,1
hard_038,Hard,OMP-BranchBoundMRV,8,3,0.007215023,493,1
hard_038,Hard,OMP-BranchBoundMRV,8,4,0.002834797,286,1
hard_038,Hard,OMP-BranchBoundMRV,8,5,0.002859831,348,1
hard_038,Hard,OMP-BranchBoundMRV,16,1,0.015452862,280,1
hard_038,Hard,OMP-BranchBoundMRV,16,2,0.008729935,247,1
hard_038,Hard,OMP-BranchBoundMRV,16,3,0.037829876,625,1
hard_038,Hard,OMP-BranchBoundMRV,16,4,0.012175798,479,1
hard_038,Hard,OMP-BranchBoundMRV,16,5,0.016031027,614,1
hard_039,Hard,Serial,1,1,0.000989958,1958,1
hard_039,Hard,Serial,1,2,0.000941500,1958,1
hard_039,Hard,Serial,1,3,0.000940292,1958,1
hard_039,Hard,Serial,1,4,0.000940750,1958,1
hard_039,Hard,Serial,1,5,0.000940542,1958,1
hard_039,Hard,Serial-MRV,1,1,0.016676750,1049,1
hard_039,Hard,Serial-MRV,1,2,0.016753916,1049,1
hard_039,Hard,Serial-MRV,1,3,0.016722375,1049,1
hard_039,Hard,Serial-MRV,1,4,0.016763042,1049,1
hard_039,Hard,Serial-MRV,1,5,0.016971500,1049,1
hard_039,Hard,BranchBound,1,1,0.000843000,1958,1
hard_039,Hard,BranchBound,1,2,0.000823750,1958,1
hard_039,Hard,BranchBound,1,3,0.000832625,1958,1
hard_039,Hard,BranchBound,1,4,0.000826292,1958,1
hard_039,Hard,BranchBound,1,5,0.000873083,1958,1
hard_039,Hard,BranchBoundMRV,1,1,0.022422500,1049,1
hard_039,Hard,BranchBoundMRV,1,2,0.022380125,1049,1
hard_039,Hard,BranchBoundMRV,1,3,0.022402625,1049,1
hard_039,Hard,BranchBoundMRV,1,4,0.022465500,1049,1
hard_039,Hard,BranchBoundMRV,1,5,0.022646250,1049,1
hard_039,Hard,OpenMP,4,1,0.000897884,169,1
hard_039,Hard,OpenMP,4,2,0.000865936,123,1
hard_039,Hard,OpenMP,4,3,0.000873089,163,1
hard_039,Hard,OpenMP,4,4,0.000867128,168,1
hard_039,Hard,OpenMP,4,5,0.000885010,161,1
hard_039,Hard,OpenMP,8,1,0.001003027,145,1
hard_039,Hard,OpenMP,8,2,0.002003908,338,1
hard_039,Hard,OpenMP,8,3,0.000913858,143,1
hard_039,Hard,OpenMP,8,4,0.000920057,140,1
hard_039,Hard,OpenMP,8,5,0.002002954,337,1
hard_039,Hard,OpenMP,16,1,0.016850948,217,1
hard_039,Hard,OpenMP,16,2,0.027801991,132,1
hard_039,Hard,OpenMP,16,3,0.010025024,179,1
hard_039,Hard,OpenMP,16,4,0.028445005,325,1
hard_039,Hard,OpenMP,16,5,0.026298046,144,1
hard_039,Hard,OMP-BranchBoundMRV,4,1,0.001404047,180,1
hard_039,Hard,OMP-BranchBoundMRV,4,2,0.001393080,180,1
hard_039,Hard,OMP-BranchBoundMRV,4,3,0.001389980,181,1
hard_039,Hard,OMP-BranchBoundMRV,4,4,0.001389980,181,1
hard_039,Hard,OMP-BranchBoundMRV,4,5,0.001389980,181,1
hard_039,Hard,OMP-BranchBoundMRV,8,1,0.003258944,451,1
hard_039,Hard,OMP-BranchBoundMRV,8,2,0.002907991,365,1
hard_039,Hard,OMP-BranchBoundMRV,8,3,0.001424074,163,1
hard_039,Hard,OMP-BranchBoundMRV,8,4,0.001805067,240,1
hard_039,Hard,OMP-BranchBoundMRV,8,5,0.002962112,364,1
hard_039,Hard,OMP-BranchBoundMRV,16,1,0.019401073,366,1
hard_039,Hard,OMP-BranchBoundMRV,16,2,0.050961971,278,1
hard_039,Hard,OMP-BranchBoundMRV,16,3,0.030273914,289,1
hard_039,Hard,OMP-BranchBoundMRV,16,4,0.057324886,144,1
hard_039,Hard,OMP-BranchBoundMRV,16,5,0.025818825,364,1
hard_040,Hard,Serial,1,1,0.006729166,13866,1
hard_040,Hard,Serial,1,2,0.006667916,13866,1
hard_040,Hard,Serial,1,3,0.006717084,13866,1
hard_040,Hard,Serial,1,4,0.006740625,13866,1
hard_040,Hard,Serial,1,5,0.006660500,13866,1
hard_040,Hard,Serial-MRV,1,1,0.019684917,1080,1
hard_040,Hard,Serial-MRV,1,2,0.019459666,1080,1
hard_040,Hard,Serial-MRV,1,3,0.019547000,1080,1
hard_040,Hard,Serial-MRV,1,4,0.019579000,1080,1
hard_040,Hard,Serial-MRV,1,5,0.019558584,1080,1
hard_040,Hard,BranchBound,1,1,0.005824000,13866,1
hard_040,Hard,BranchBound,1,2,0.005745625,13866,1
hard_040,Hard,BranchBound,1,3,0.005741750,13866,1
hard_040,Hard,BranchBound,1,4,0.005753875,13866,1
hard_040,Hard,BranchBound,1,5,0.005806666,13866,1
hard_040,Hard,BranchBoundMRV,1,1,0.024009417,1080,1
hard_040,Hard,BranchBoundMRV,1,2,0.023878542,1080,1
hard_040,Hard,BranchBoundMRV,1,3,0.023927833,1080,1
hard_040,Hard,BranchBoundMRV,1,4,0.023743750,1080,1
hard_040,Hard,BranchBoundMRV,1,5,0.023693666,1080,1
hard_040,Hard,OpenMP,4,1,0.000920057,173,1
hard_040,Hard,OpenMP,4,2,0.000909090,173,1
hard_040,Hard,OpenMP,4,3,0.000903130,173,1
hard_040,Hard,OpenMP,4,4,0.000904083,173,1
hard_040,Hard,OpenMP,4,5,0.000904083,173,1
hard_040,Hard,OpenMP,8,1,0.002053022,457,1
hard_040,Hard,OpenMP,8,2,0.002048969,450,1
hard_040,Hard,OpenMP,8,3,0.002012014,456,1
hard_040,Hard,OpenMP,8,4,0.002425909,525,1
hard_040,Hard,OpenMP,8,5,0.000977039,181,1
hard_040,Hard,OpenMP,16,1,0.026865959,516,1
hard_040,Hard,OpenMP,16,2,0.045360088,2044,1
hard_040,Hard,OpenMP,16,3,0.016340971,375,1
hard_040,Hard,OpenMP,16,4,0.023848057,486,1
hard_040,Hard,OpenMP,16,5,0.032305002,876,1
hard_040,Hard,OMP-BranchBoundMRV,4,1,0.001948118,158,1
hard_040,Hard,OMP-BranchBoundMRV,4,2,0.009650946,1145,1
hard_040,Hard,OMP-BranchBoundMRV,4,3,0.001828909,170,1
hard_040,Hard,OMP-BranchBoundMRV,4,4,0.002255917,290,1
hard_040,Hard,OMP-BranchBoundMRV,4,5,0.002642870,220,1
hard_040,Hard,OMP-BranchBoundMRV,8,1,0.010235071,159,1
hard_040,Hard,OMP-BranchBoundMRV,8,2,0.011072874,376,1
hard_040,Hard,OMP-BranchBoundMRV,8,3,0.020616055,347,1
hard_040,Hard,OMP-BranchBoundMRV,8,4,0.003783941,286,1
hard_040,Hard,OMP-BranchBoundMRV,8,5,0.008551836,231,1
hard_040,Hard,OMP-BranchBoundMRV,16,1,0.020385981,378,1
hard_040,Hard,OMP-BranchBoundMRV,16,2,0.020863056,378,1
hard_040,Hard,OMP-BranchBoundMRV,16,3,0.019298077,356,1
hard_040,Hard,OMP-BranchBoundMRV,16,4,0.029362917,171,1
hard_040,Hard,OMP-BranchBoundMRV,16,5,0.057004929,146,1
hard_041,Hard,Serial,1,1,1.762972625,3614126,1
hard_041,Hard,Serial,1,2,1.864959416,3614126,1
hard_041,Hard,Serial,1,3,1.810621458,3614126,1
hard_041,Hard,Serial,1,4,1.879139709,3614126,1
hard_041,Hard,Serial,1,5,1.747044500,3614126,1
hard_041,Hard,Serial-MRV,1,1,0.019897500,1119,1
hard_041,Hard,Serial-MRV,1,2,0.019668250,1119,1
hard_041,Hard,Serial-MRV,1,3,0.019765000,1119,1
hard_041,Hard,Serial-MRV,1,4,0.019605625,1119,1
hard_041,Hard,Serial-MRV,1,5,0.019626916,1119,1
hard_041,Hard,BranchBound,1,1,1.688468792,3614126,1
hard_041,Hard,BranchBound,1,2,1.715747417,3614126,1
hard_041,Hard,BranchBound,1,3,1.788156500,3614126,1
hard_041,Hard,BranchBound,1,4,1.699582625,3614126,1
hard_041,Hard,BranchBound,1,5,1.778457792,3614126,1
hard_041,Hard,BranchBoundMRV,1,1,0.055842375,1119,1
hard_041,Hard,BranchBoundMRV,1,2,0.056629333,1119,1
hard_041,Hard,BranchBoundMRV,1,3,0.031950042,1119,1
hard_041,Hard,BranchBoundMRV,1,4,0.031014250,1119,1
hard_041,Hard,BranchBoundMRV,1,5,0.031865959,1119,1
hard_041,Hard,OpenMP,4,1,0.001194954,128,1
hard_041,Hard,OpenMP,4,2,0.001028061,124,1
hard_041,Hard,OpenMP,4,3,0.000975132,128,1
hard_041,Hard,OpenMP,4,4,0.000996113,129,1
hard_041,Hard,OpenMP,4,5,0.000981092,127,1
hard_041,Hard,OpenMP,8,1,0.009428978,107,1
hard_041,Hard,OpenMP,8,2,0.006635904,175,1
hard_041,Hard,OpenMP,8,3,0.005050898,104,1
hard_041,Hard,OpenMP,8,4,0.006370783,131,1
hard_041,Hard,OpenMP,8,5,0.002166033,195,1
hard_041,Hard,OpenMP,16,1,0.004783869,108,1
hard_041,Hard,OpenMP,16,2,0.014306068,198,1
hard_041,Hard,OpenMP,16,3,0.031685829,77,1
hard_041,Hard,OpenMP,16,4,0.011269093,259,1
hard_041,Hard,OpenMP,16,5,0.007374048,265,1
hard_041,Hard,OMP-BranchBoundMRV,4,1,0.001569986,125,1
hard_041,Hard,OMP-BranchBoundMRV,4,2,0.001556158,124,1
hard_041,Hard,OMP-BranchBoundMRV,4,3,0.001563072,125,1
hard_041,Hard,OMP-BranchBoundMRV,4,4,0.001558065,123,1
hard_041,Hard,OMP-BranchBoundMRV,4,5,0.001557112,125,1
hard_041,Hard,OMP-BranchBoundMRV,8,1,0.002820015,113,1
hard_041,Hard,OMP-BranchBoundMRV,8,2,0.001605034,100,1
hard_041,Hard,OMP-BranchBoundMRV,8,3,0.001580000,106,1
hard_041,Hard,OMP-BranchBoundMRV,8,4,0.001600981,100,1
hard_041,Hard,OMP-BranchBoundMRV,8,5,0.001562119,119,1
hard_041,Hard,OMP-BranchBoundMRV,16,1,0.027113914,203,1
hard_041,Hard,OMP-BranchBoundMRV,16,2,0.052124023,171,1
hard_041,Hard,OMP-BranchBoundMRV,16,3,0.012865067,114,1
hard_041,Hard,OMP-BranchBoundMRV,16,4,0.033123970,123,1
hard_041,Hard,OMP-BranchBoundMRV,16,5,0.026623964,264,1
hard_042,Hard,Serial,1,1,0.027463333,55976,1
hard_042,Hard,Serial,1,2,0.028716792,55976,1
hard_042,Hard,Serial,1,3,0.028078917,55976,1
hard_042,Hard,Serial,1,4,0.027542333,55976,1
hard_042,Hard,Serial,1,5,0.027697833,55976,1
hard_042,Hard,Serial-MRV,1,1,0.017426333,1071,1
hard_042,Hard,Serial-MRV,1,2,0.017203209,1071,1
hard_042,Hard,Serial-MRV,1,3,0.017373958,1071,1
hard_042,Hard,Serial-MRV,1,4,0.017330167,1071,1
hard_042,Hard,Serial-MRV,1,5,0.016950625,1071,1
hard_042,Hard,BranchBound,1,1,0.024953625,55976,1
hard_042,Hard,BranchBound,1,2,0.024942666,55976,1
hard_042,Hard,BranchBound,1,3,0.024944792,55976,1
hard_042,Hard,BranchBound,1,4,0.024785541,55976,1
hard_042,Hard,BranchBound,1,5,0.024838208,55976,1
hard_042,Hard,BranchBoundMRV,1,1,0.021889042,1071,1
hard_042,Hard,BranchBoundMRV,1,2,0.028981833,1071,1
hard_042,Hard,BranchBoundMRV,1,3,0.063482916,1071,1
hard_042,Hard,BranchBoundMRV,1,4,0.022562083,1071,1
hard_042,Hard,BranchBoundMRV,1,5,0.022410875,1071,1
hard_042,Hard,OpenMP,4,1,0.003639221,490,1
hard_042,Hard,OpenMP,4,2,0.003587961,490,1
hard_042,Hard,OpenMP,4,3,0.003606081,490,1
hard_042,Hard,OpenMP,4,4,0.003669977,489,1
hard_042,Hard,OpenMP,4,5,0.003578901,490,1
hard_042,Hard,OpenMP,8,1,0.003614902,488,1
hard_042,Hard,OpenMP,8,2,0.006597996,665,1
hard_042,Hard,OpenMP,8,3,0.003682137,409,1
hard_042,Hard,OpenMP,8,4,0.009649038,448,1
hard_042,Hard,OpenMP,8,5,0.008653879,810,1
hard_042,Hard,OpenMP,16,1,0.014612198,641,1
hard_042,Hard,OpenMP,16,2,0.006564140,477,1
hard_042,Hard,OpenMP,16,3,0.013563156,490,1
hard_042,Hard,OpenMP,16,4,0.015681982,373,1
hard_042,Hard,OpenMP,16,5,0.034045935,322,1
hard_042,Hard,OMP-BranchBoundMRV,4,1,0.004786015,480,1
hard_042,Hard,OMP-BranchBoundMRV,4,2,0.004600048,481,1
hard_042,Hard,OMP-BranchBoundMRV,4,3,0.004616022,479,1
hard_042,Hard,OMP-BranchBoundMRV,4,4,0.004597187,480,1
hard_042,Hard,OMP-BranchBoundMRV,4,5,0.004606009,481,1
hard_042,Hard,OMP-BranchBoundMRV,8,1,0.011501789,822,1
hard_042,Hard,OMP-BranchBoundMRV,8,2,0.011984110,787,1
hard_042,Hard,OMP-BranchBoundMRV,8,3,0.004751921,469,1
hard_042,Hard,OMP-BranchBoundMRV,8,4,0.010581970,758,1
hard_042,Hard,OMP-BranchBoundMRV,8,5,0.005021095,494,1
hard_042,Hard,OMP-BranchBoundMRV,16,1,0.041579008,751,1
hard_042,Hard,OMP-BranchBoundMRV,16,2,0.019847155,435,1
hard_042,Hard,OMP-BranchBoundMRV,16,3,0.027938128,401,1
hard_042,Hard,OMP-BranchBoundMRV,16,4,0.095419884,768,1
hard_042,Hard,OMP-BranchBoundMRV,16,5,0.034732819,453,1
hard_043,Hard,Serial,1,1,0.010241125,19460,1
hard_043,Hard,Serial,1,2,0.010152834,19460,1
hard_043,Hard,Serial,1,3,0.010151959,19460,1
hard_043,Hard,Serial,1,4,0.010222292,19460,1
hard_043,Hard,Serial,1,5,0.010217458,19460,1
hard_043,Hard,Serial-MRV,1,1,0.022670042,1278,1
hard_043,Hard,Serial-MRV,1,2,0.022558042,1278,1
hard_043,Hard,Serial-MRV,1,3,0.022764917,1278,1
hard_043,Hard,Serial-MRV,1,4,0.022726958,1278,1
hard_043,Hard,Serial-MRV,1,5,0.022749041,1278,1
hard_043,Hard,BranchBound,1,1,0.008487333,19460,1
hard_043,Hard,BranchBound,1,2,0.008503917,19460,1
hard_043,Hard,BranchBound,1,3,0.008619500,19460,1
hard_043,Hard,BranchBound,1,4,0.008509583,19460,1
hard_043,Hard,BranchBound,1,5,0.008520292,19460,1
hard_043,Hard,BranchBoundMRV,1,1,0.029607417,1278,1
hard_043,Hard,BranchBoundMRV,1,2,0.029120500,1278,1
hard_043,Hard,BranchBoundMRV,1,3,0.029052041,1278,1
hard_043,Hard,BranchBoundMRV,1,4,0.029231250,1278,1
hard_043,Hard,BranchBoundMRV,1,5,0.029771917,1278,1
hard_043,Hard,OpenMP,4,1,0.004247189,323,1
hard_043,Hard,OpenMP,4,2,0.002919912,319,1
hard_043,Hard,OpenMP,4,3,0.002159119,434,1
hard_043,Hard,OpenMP,4,4,0.002057076,315,1
hard_043,Hard,OpenMP,4,5,0.002213955,332,1
hard_043,Hard,OpenMP,8,1,0.002104044,270,1
hard_043,Hard,OpenMP,8,2,0.002122164,286,1
hard_043,Hard,OpenMP,8,3,0.002124071,228,1
hard_043,Hard,OpenMP,8,4,0.004772186,686,1
hard_043,Hard,OpenMP,8,5,0.002156973,302,1
hard_043,Hard,OpenMP,16,1,0.018271923,225,1
hard_043,Hard,OpenMP,16,2,0.097387075,567,1
hard_043,Hard,OpenMP,16,3,0.046222210,593,1
hard_043,Hard,OpenMP,16,4,0.054896116,574,1
hard_043,Hard,OpenMP,16,5,0.048432112,278,1
hard_043,Hard,OMP-BranchBoundMRV,4,1,0.002889872,322,1
hard_043,Hard,OMP-BranchBoundMRV,4,2,0.002828836,321,1
hard_043,Hard,OMP-BranchBoundMRV,4,3,0.002830982,321,1
hard_043,Hard,OMP-BranchBoundMRV,4,4,0.002830982,322,1
hard_043,Hard,OMP-BranchBoundMRV,4,5,0.002830029,322,1
hard_043,Hard,OMP-BranchBoundMRV,8,1,0.010740042,821,1
hard_043,Hard,OMP-BranchBoundMRV,8,2,0.002945185,448,1
hard_043,Hard,OMP-BranchBoundMRV,8,3,0.007658958,796,1
hard_043,Hard,OMP-BranchBoundMRV,8,4,0.007394791,785,1
hard_043,Hard,OMP-BranchBoundMRV,8,5,0.007859945,642,1
hard_043,Hard,OMP-BranchBoundMRV,16,1,0.041580915,447,1
hard_043,Hard,OMP-BranchBoundMRV,16,2,0.135030985,208,1
hard_043,Hard,OMP-BranchBoundMRV,16,3,0.038918972,383,1
hard_043,Hard,OMP-BranchBoundMRV,16,4,0.041215897,389,1
hard_043,Hard,OMP-BranchBoundMRV,16,5,0.060485840,451,1
hard_044,Hard,Serial,1,1,0.042215916,85336,1
hard_044,Hard,Serial,1,2,0.042082959,85336,1
hard_044,Hard,Serial,1,3,0.042272917,85336,1
hard_044,Hard,Serial,1,4,0.042094917,85336,1
hard_044,Hard,Serial,1,5,0.042029083,85336,1
hard_044,Hard,Serial-MRV,1,1,0.039704083,2493,1
hard_044,Hard,Serial-MRV,1,2,0.039811208,2493,1
hard_044,Hard,Serial-MRV,1,3,0.039746291,2493,1
hard_044,Hard,Serial-MRV,1,4,0.039679750,2493,1
hard_044,Hard,Serial-MRV,1,5,0.039942250,2493,1
hard_044,Hard,BranchBound,1,1,0.033749292,85336,1
hard_044,Hard,BranchBound,1,2,0.034286542,85336,1
hard_044,Hard,BranchBound,1,3,0.042797625,85336,1
hard_044,Hard,BranchBound,1,4,0.034321209,85336,1
hard_044,Hard,BranchBound,1,5,0.034115208,85336,1
hard_044,Hard,BranchBoundMRV,1,1,0.050606625,2493,1
hard_044,Hard,BranchBoundMRV,1,2,0.050607250,2493,1
hard_044,Hard,BranchBoundMRV,1,3,0.053934875,2493,1
hard_044,Hard,BranchBoundMRV,1,4,0.051702166,2493,1
hard_044,Hard,BranchBoundMRV,1,5,0.050534834,2493,1
hard_044,Hard,OpenMP,4,1,0.007802010,1524,1
hard_044,Hard,OpenMP,4,2,0.007764101,1792,1
hard_044,Hard,OpenMP,4,3,0.008171082,1521,1
hard_044,Hard,OpenMP,4,4,0.007770061,1789,1
hard_044,Hard,OpenMP,4,5,0.007769108,1790,1
hard_044,Hard,OpenMP,8,1,0.013549089,2578,1
hard_044,Hard,OpenMP,8,2,0.007797003,2213,1
hard_044,Hard,OpenMP,8,3,0.018847942,2834,1
hard_044,Hard,OpenMP,8,4,0.019309044,2918,1
hard_044,Hard,OpenMP,8,5,0.013714075,2751,1
hard_044,Hard,OpenMP,16,1,0.030416012,2231,1
hard_044,Hard,OpenMP,16,2,0.024235964,1720,1
hard_044,Hard,OpenMP,16,3,0.030628920,2038,1
hard_044,Hard,OpenMP,16,4,0.031338930,1774,1
hard_044,Hard,OpenMP,16,5,0.067837954,1972,1
hard_044,Hard,OMP-BranchBoundMRV,4,1,0.018504858,2788,1
hard_044,Hard,OMP-BranchBoundMRV,4,2,0.009975910,1822,1
hard_044,Hard,OMP-BranchBoundMRV,4,3,0.009949923,1819,1
hard_044,Hard,OMP-BranchBoundMRV,4,4,0.009958982,1821,1
hard_044,Hard,OMP-BranchBoundMRV,4,5,0.009950876,1821,1
hard_044,Hard,OMP-BranchBoundMRV,8,1,0.016119957,2557,1
hard_044,Hard,OMP-BranchBoundMRV,8,2,0.010010958,1900,1
hard_044,Hard,OMP-BranchBoundMRV,8,3,0.010046959,1921,1
hard_044,Hard,OMP-BranchBoundMRV,8,4,0.029127121,3205,1
hard_044,Hard,OMP-BranchBoundMRV,8,5,0.022917032,2975,1
hard_044,Hard,OMP-BranchBoundMRV,16,1,0.064368010,1945,1
hard_044,Hard,OMP-BranchBoundMRV,16,2,0.104640961,2968,1
hard_044,Hard,OMP-BranchBoundMRV,16,3,0.068598032,3137,1
hard_044,Hard,OMP-BranchBoundMRV,16,4,0.065022945,2834,1
hard_044,Hard,OMP-BranchBoundMRV,16,5,0.086705923,2771,1
hard_045,Hard,Serial,1,1,0.012636584,26361,1
hard_045,Hard,Serial,1,2,0.013453584,26361,1
hard_045,Hard,Serial,1,3,0.024759250,26361,1
hard_045,Hard,Serial,1,4,0.025295458,26361,1
hard_045,Hard,Serial,1,5,0.025180750,26361,1
hard_045,Hard,Serial-MRV,1,1,0.088510417,3084,1
hard_045,Hard,Serial-MRV,1,2,0.059179500,3084,1
hard_045,Hard,Serial-MRV,1,3,0.049141334,3084,1
hard_045,Hard,Serial-MRV,1,4,0.049886250,3084,1
hard_045,Hard,Serial-MRV,1,5,0.048819709,3084,1
hard_045,Hard,BranchBound,1,1,0.011448458,26361,1
hard_045,Hard,BranchBound,1,2,0.011479208,26361,1
hard_045,Hard,BranchBound,1,3,0.011502458,26361,1
hard_045,Hard,BranchBound,1,4,0.011365667,26361,1
hard_045,Hard,BranchBound,1,5,0.012158250,26361,1
hard_045,Hard,BranchBoundMRV,1,1,0.061746292,3084,1
hard_045,Hard,BranchBoundMRV,1,2,0.061384875,3084,1
hard_045,Hard,BranchBoundMRV,1,3,0.061877708,3084,1
hard_045,Hard,BranchBoundMRV,1,4,0.061496042,3084,1
hard_045,Hard,BranchBoundMRV,1,5,0.061269125,3084,1
hard_045,Hard,OpenMP,4,1,0.012239933,2199,1
hard_045,Hard,OpenMP,4,2,0.009618044,1958,1
hard_045,Hard,OpenMP,4,3,0.009299040,1959,1
hard_045,Hard,OpenMP,4,4,0.009411812,1935,1
hard_045,Hard,OpenMP,4,5,0.009069920,1945,1
hard_045,Hard,OpenMP,8,1,0.010334969,1666,1
hard_045,Hard,OpenMP,8,2,0.010074139,1498,1
hard_045,Hard,OpenMP,8,3,0.011639118,1763,1
hard_045,Hard,OpenMP,8,4,0.011795044,1792,1
hard_045,Hard,OpenMP,8,5,0.023247957,2745,1
hard_045,Hard,OpenMP,16,1,0.088665962,1470,1
hard_045,Hard,OpenMP,16,2,0.046545982,1715,1
hard_045,Hard,OpenMP,16,3,0.049303770,1683,1
hard_045,Hard,OpenMP,16,4,0.102699995,2665,1
hard_045,Hard,OpenMP,16,5,0.095256090,2997,1
hard_045,Hard,OMP-BranchBoundMRV,4,1,0.011660099,1969,1
hard_045,Hard,OMP-BranchBoundMRV,4,2,0.011373043,1955,1
hard_045,Hard,OMP-BranchBoundMRV,4,3,0.011369944,1956,1
hard_045,Hard,OMP-BranchBoundMRV,4,4,0.011383057,1956,1
hard_045,Hard,OMP-BranchBoundMRV,4,5,0.011473894,1951,1
hard_045,Hard,OMP-BranchBoundMRV,8,1,0.011476040,1833,1
hard_045,Hard,OMP-BranchBoundMRV,8,2,0.017344952,2203,1
hard_045,Hard,OMP-BranchBoundMRV,8,3,0.020662785,2205,1
hard_045,Hard,OMP-BranchBoundMRV,8,4,0.011421919,1635,1
hard_045,Hard,OMP-BranchBoundMRV,8,5,0.019567966,1662,1
hard_045,Hard,OMP-BranchBoundMRV,16,1,0.031001091,1718,1
hard_045,Hard,OMP-BranchBoundMRV,16,2,0.104243040,1813,1
hard_045,Hard,OMP-BranchBoundMRV,16,3,0.065543890,2415,1
hard_045,Hard,OMP-BranchBoundMRV,16,4,0.041085005,1469,1
hard_045,Hard,OMP-BranchBoundMRV,16,5,0.079720974,3087,1
hard_046,Hard,Serial,1,1,0.029237750,59382,1
hard_046,Hard,Serial,1,2,0.028611000,59382,1
hard_046,Hard,Serial,1,3,0.028325667,59382,1
hard_046,Hard,Serial,1,4,0.029230625,59382,1
hard_046,Hard,Serial,1,5,0.028830792,59382,1
hard_046,Hard,Serial-MRV,1,1,0.088431500,5310,1
hard_046,Hard,Serial-MRV,1,2,0.088488583,5310,1
hard_046,Hard,Serial-MRV,1,3,0.088131917,5310,1
hard_046,Hard,Serial-MRV,1,4,0.087784833,5310,1
hard_046,Hard,Serial-MRV,1,5,0.087387167,5310,1
hard_046,Hard,BranchBound,1,1,0.024993666,59382,1
hard_046,Hard,BranchBound,1,2,0.033791292,59382,1
hard_046,Hard,BranchBound,1,3,0.058692958,59382,1
hard_046,Hard,BranchBound,1,4,0.025671250,59382,1
hard_046,Hard,BranchBound,1,5,0.025871000,59382,1
hard_046,Hard,BranchBoundMRV,1,1,0.118837667,5310,1
hard_046,Hard,BranchBoundMRV,1,2,0.115443584,5310,1
hard_046,Hard,BranchBoundMRV,1,3,0.111098750,5310,1
hard_046,Hard,BranchBoundMRV,1,4,0.111052417,5310,1
hard_046,Hard,BranchBoundMRV,1,5,0.110796167,5310,1
hard_046,Hard,OpenMP,4,1,0.037227154,4179,1
hard_046,Hard,OpenMP,4,2,0.037054062,4164,1
hard_046,Hard,OpenMP,4,3,0.036873817,4162,1
hard_046,Hard,OpenMP,4,4,0.037358046,4167,1
hard_046,Hard,OpenMP,4,5,0.037049055,4188,1
hard_046,Hard,OpenMP,8,1,0.053324938,4190,1
hard_046,Hard,OpenMP,8,2,0.048809052,3719,1
hard_046,Hard,OpenMP,8,3,0.058182001,4147,1
hard_046,Hard,OpenMP,8,4,0.052376986,4111,1
hard_046,Hard,OpenMP,8,5,0.047010183,3801,1
hard_046,Hard,OpenMP,16,1,0.179116964,4611,1
hard_046,Hard,OpenMP,16,2,0.104723930,4206,1
hard_046,Hard,OpenMP,16,3,0.182936907,5310,1
hard_046,Hard,OpenMP,16,4,0.145609140,3930,1
hard_046,Hard,OpenMP,16,5,0.102806807,4784,1
hard_046,Hard,OMP-BranchBoundMRV,4,1,0.047211170,4076,1
hard_046,Hard,OMP-BranchBoundMRV,4,2,0.046123981,4154,1
hard_046,Hard,OMP-BranchBoundMRV,4,3,0.045919895,4150,1
hard_046,Hard,OMP-BranchBoundMRV,4,4,0.045869827,4145,1
hard_046,Hard,OMP-BranchBoundMRV,4,5,0.045953035,4151,1
hard_046,Hard,OMP-BranchBoundMRV,8,1,0.066247940,4028,1
hard_046,Hard,OMP-BranchBoundMRV,8,2,0.120947123,5310,1
hard_046,Hard,OMP-BranchBoundMRV,8,3,0.071575165,4385,1
hard_046,Hard,OMP-BranchBoundMRV,8,4,0.084307194,4617,1
hard_046,Hard,OMP-BranchBoundMRV,8,5,0.061591148,3490,1
hard_046,Hard,OMP-BranchBoundMRV,16,1,0.090654850,2050,1
hard_046,Hard,OMP-BranchBoundMRV,16,2,0.201600075,5079,1
hard_046,Hard,OMP-BranchBoundMRV,16,3,0.211776018,3942,1
hard_046,Hard,OMP-BranchBoundMRV,16,4,0.117496967,3328,1
hard_046,Hard,OMP-BranchBoundMRV,16,5,0.139970064,4107,1
hard_047,Hard,Serial,1,1,0.006912584,13531,1
hard_047,Hard,Serial,1,2,0.006881625,13531,1
hard_047,Hard,Serial,1,3,0.006822666,13531,1
hard_047,Hard,Serial,1,4,0.006949500,13531,1
hard_047,Hard,Serial,1,5,0.006842875,13531,1
hard_047,Hard,Serial-MRV,1,1,0.023034916,1264,1
hard_047,Hard,Serial-MRV,1,2,0.022960791,1264,1
hard_047,Hard,Serial-MRV,1,3,0.022998083,1264,1
hard_047,Hard,Serial-MRV,1,4,0.023383583,1264,1
hard_047,Hard,Serial-MRV,1,5,0.023589958,1264,1
hard_047,Hard,BranchBound,1,1,0.005608875,13531,1
hard_047,Hard,BranchBound,1,2,0.005682125,13531,1
hard_047,Hard,BranchBound,1,3,0.005631084,13531,1
hard_047,Hard,BranchBound,1,4,0.005619875,13531,1
hard_047,Hard,BranchBound,1,5,0.005803167,13531,1
hard_047,Hard,BranchBoundMRV,1,1,0.034366917,1264,1
hard_047,Hard,BranchBoundMRV,1,2,0.029644708,1264,1
hard_047,Hard,BranchBoundMRV,1,3,0.029140000,1264,1
hard_047,Hard,BranchBoundMRV,1,4,0.029225334,1264,1
hard_047,Hard,BranchBoundMRV,1,5,0.029116250,1264,1
hard_047,Hard,OpenMP,4,1,0.003912926,776,1
hard_047,Hard,OpenMP,4,2,0.003882885,773,1
hard_047,Hard,OpenMP,4,3,0.003880024,775,1
hard_047,Hard,OpenMP,4,4,0.003870964,770,1
hard_047,Hard,OpenMP,4,5,0.003887892,776,1
hard_047,Hard,OpenMP,8,1,0.008347034,997,1
hard_047,Hard,OpenMP,8,2,0.007314920,1238,1
hard_047,Hard,OpenMP,8,3,0.003129959,606,1
hard_047,Hard,OpenMP,8,4,0.003987789,750,1
hard_047,Hard,OpenMP,8,5,0.007134914,1115,1
hard_047,Hard,OpenMP,16,1,0.045707941,1129,1
hard_047,Hard,OpenMP,16,2,0.044233799,603,1
hard_047,Hard,OpenMP,16,3,0.040529966,542,1
hard_047,Hard,OpenMP,16,4,0.041254997,1100,1
hard_047,Hard,OpenMP,16,5,0.034570932,1014,1
hard_047,Hard,OMP-BranchBoundMRV,4,1,0.004961014,772,1
hard_047,Hard,OMP-BranchBoundMRV,4,2,0.004953146,770,1
hard_047,Hard,OMP-BranchBoundMRV,4,3,0.004957914,785,1
hard_047,Hard,OMP-BranchBoundMRV,4,4,0.004948854,772,1
hard_047,Hard,OMP-BranchBoundMRV,4,5,0.004930973,771,1
hard_047,Hard,OMP-BranchBoundMRV,8,1,0.014992952,1298,1
hard_047,Hard,OMP-BranchBoundMRV,8,2,0.010593176,1243,1
hard_047,Hard,OMP-BranchBoundMRV,8,3,0.009309053,919,1
hard_047,Hard,OMP-BranchBoundMRV,8,4,0.003879070,608,1
hard_047,Hard,OMP-BranchBoundMRV,8,5,0.009299994,1117,1
hard_047,Hard,OMP-BranchBoundMRV,16,1,0.030479193,588,1
hard_047,Hard,OMP-BranchBoundMRV,16,2,0.030606031,559,1
hard_047,Hard,OMP-BranchBoundMRV,16,3,0.023402929,1015,1
hard_047,Hard,OMP-BranchBoundMRV,16,4,0.040179968,1116,1
hard_047,Hard,OMP-BranchBoundMRV,16,5,0.040585041,1012,1
hard_048,Hard,Serial,1,1,0.003003375,5846,1
hard_048,Hard,Serial,1,2,0.002946292,5846,1
hard_048,Hard,Serial,1,3,0.002972250,5846,1
hard_048,Hard,Serial,1,4,0.003020041,5846,1
hard_048,Hard,Serial,1,5,0.002933459,5846,1
hard_048,Hard,Serial-MRV,1,1,0.017809708,1159,1
hard_048,Hard,Serial-MRV,1,2,0.017915166,1159,1
hard_048,Hard,Serial-MRV,1,3,0.017973541,1159,1
hard_048,Hard,Serial-MRV,1,4,0.017877709,1159,1
hard_048,Hard,Serial-MRV,1,5,0.017956125,1159,1
hard_048,Hard,BranchBound,1,1,0.002667625,5846,1
hard_048,Hard,BranchBound,1,2,0.002548125,5846,1
hard_048,Hard,BranchBound,1,3,0.003414000,5846,1
hard_048,Hard,BranchBound,1,4,0.003364917,5846,1
hard_048,Hard,BranchBound,1,5,0.002670666,5846,1
hard_048,Hard,BranchBoundMRV,1,1,0.022094209,1159,1
hard_048,Hard,BranchBoundMRV,1,2,0.021631666,1159,1
hard_048,Hard,BranchBoundMRV,1,3,0.021650500,1159,1
hard_048,Hard,BranchBoundMRV,1,4,0.022221750,1159,1
hard_048,Hard,BranchBoundMRV,1,5,0.022458375,1159,1
hard_048,Hard,OpenMP,4,1,0.019422054,2139,1
hard_048,Hard,OpenMP,4,2,0.019031048,2139,1
hard_048,Hard,OpenMP,4,3,0.018980026,2139,1
hard_048,Hard,OpenMP,4,4,0.018920183,2139,1
hard_048,Hard,OpenMP,4,5,0.018847942,2139,1
hard_048,Hard,OpenMP,8,1,0.026951075,2139,1
hard_048,Hard,OpenMP,8,2,0.025378942,2139,1
hard_048,Hard,OpenMP,8,3,0.031649828,2139,1
hard_048,Hard,OpenMP,8,4,0.025074959,2139,1
hard_048,Hard,OpenMP,8,5,0.031836987,2139,1
hard_048,Hard,OpenMP,16,1,0.059910059,1796,1
hard_048,Hard,OpenMP,16,2,0.080106974,2139,1
hard_048,Hard,OpenMP,16,3,0.062899113,1716,1
hard_048,Hard,OpenMP,16,4,0.070590019,2139,1
hard_048,Hard,OpenMP,16,5,0.038460016,1653,1
hard_048,Hard,OMP-BranchBoundMRV,4,1,0.022779942,2139,1
hard_048,Hard,OMP-BranchBoundMRV,4,2,0.022826910,2139,1
hard_048,Hard,OMP-BranchBoundMRV,4,3,0.023083925,2139,1
hard_048,Hard,OMP-BranchBoundMRV,4,4,0.023259163,2139,1
hard_048,Hard,OMP-BranchBoundMRV,4,5,0.023109913,2139,1
hard_048,Hard,OMP-BranchBoundMRV,8,1,0.049663067,2139,1
hard_048,Hard,OMP-BranchBoundMRV,8,2,0.058131933,2139,1
hard_048,Hard,OMP-BranchBoundMRV,8,3,0.029583931,2139,1
hard_048,Hard,OMP-BranchBoundMRV,8,4,0.024404049,1683,1
hard_048,Hard,OMP-BranchBoundMRV,8,5,0.068127871,2139,1
hard_048,Hard,OMP-BranchBoundMRV,16,1,0.135803938,2139,1
hard_048,Hard,OMP-BranchBoundMRV,16,2,0.120181084,2139,1
hard_048,Hard,OMP-BranchBoundMRV,16,3,0.113126993,2139,1
hard_048,Hard,OMP-BranchBoundMRV,16,4,0.063416004,1835,1
hard_048,Hard,OMP-BranchBoundMRV,16,5,0.038377047,2139,1
hard_049,Hard,Serial,1,1,0.068435833,126126,1
hard_049,Hard,Serial,1,2,0.068504125,126126,1
hard_049,Hard,Serial,1,3,0.068509125,126126,1
hard_049,Hard,Serial,1,4,0.068373875,126126,1
hard_049,Hard,Serial,1,5,0.068757792,126126,1
hard_049,Hard,Serial-MRV,1,1,0.019920834,1188,1
hard_049,Hard,Serial-MRV,1,2,0.019979125,1188,1
hard_049,Hard,Serial-MRV,1,3,0.019961291,1188,1
hard_049,Hard,Serial-MRV,1,4,0.020406167,1188,1
hard_049,Hard,Serial-MRV,1,5,0.020112750,1188,1
hard_049,Hard,BranchBound,1,1,0.057810083,126126,1
hard_049,Hard,BranchBound,1,2,0.057959541,126126,1
hard_049,Hard,BranchBound,1,3,0.059118167,126126,1
hard_049,Hard,BranchBound,1,4,0.057903542,126126,1
hard_049,Hard,BranchBound,1,5,0.057942666,126126,1
hard_049,Hard,BranchBoundMRV,1,1,0.027389458,1188,1
hard_049,Hard,BranchBoundMRV,1,2,0.027440667,1188,1
hard_049,Hard,BranchBoundMRV,1,3,0.027712916,1188,1
hard_049,Hard,BranchBoundMRV,1,4,0.027395250,1188,1
hard_049,Hard,BranchBoundMRV,1,5,0.027245042,1188,1
hard_049,Hard,OpenMP,4,1,0.002739191,309,1
hard_049,Hard,OpenMP,4,2,0.002688169,309,1
hard_049,Hard,OpenMP,4,3,0.002669096,309,1
hard_049,Hard,OpenMP,4,4,0.002654076,307,1
hard_049,Hard,OpenMP,4,5,0.002660036,308,1
hard_049,Hard,OpenMP,8,1,0.007661819,587,1
hard_049,Hard,OpenMP,8,2,0.002682924,309,1
hard_049,Hard,OpenMP,8,3,0.002692938,306,1
hard_049,Hard,OpenMP,8,4,0.002679110,306,1
hard_049,Hard,OpenMP,8,5,0.002708197,307,1
hard_049,Hard,OpenMP,16,1,0.031689167,203,1
hard_049,Hard,OpenMP,16,2,0.044106007,310,1
hard_049,Hard,OpenMP,16,3,0.020122051,308,1
hard_049,Hard,OpenMP,16,4,0.033601999,544,1
hard_049,Hard,OpenMP,16,5,0.047413111,305,1
hard_049,Hard,OMP-BranchBoundMRV,4,1,0.003778934,311,1
hard_049,Hard,OMP-BranchBoundMRV,4,2,0.003711939,308,1
hard_049,Hard,OMP-BranchBoundMRV,4,3,0.003715992,307,1
hard_049,Hard,OMP-BranchBoundMRV,4,4,0.003693104,307,1
hard_049,Hard,OMP-BranchBoundMRV,4,5,0.003702164,307,1
hard_049,Hard,OMP-BranchBoundMRV,8,1,0.009963036,569,1
hard_049,Hard,OMP-BranchBoundMRV,8,2,0.003795862,218,1
hard_049,Hard,OMP-BranchBoundMRV,8,3,0.003823042,312,1
hard_049,Hard,OMP-BranchBoundMRV,8,4,0.009881020,565,1
hard_049,Hard,OMP-BranchBoundMRV,8,5,0.009854078,564,1
hard_049,Hard,OMP-BranchBoundMRV,16,1,0.137169838,216,1
hard_049,Hard,OMP-BranchBoundMRV,16,2,0.020814896,516,1
hard_049,Hard,OMP-BranchBoundMRV,16,3,0.023037910,311,1
hard_049,Hard,OMP-BranchBoundMRV,16,4,0.032457113,307,1
hard_049,Hard,OMP-BranchBoundMRV,16,5,0.031248093,550,1
hard_050,Hard,Serial,1,1,0.003222083,6002,1
hard_050,Hard,Serial,1,2,0.003081291,6002,1
hard_050,Hard,Serial,1,3,0.003115375,6002,1
hard_050,Hard,Serial,1,4,0.003123000,6002,1
hard_050,Hard,Serial,1,5,0.003081250,6002,1
hard_050,Hard,Serial-MRV,1,1,0.018800791,1158,1
hard_050,Hard,Serial-MRV,1,2,0.018821291,1158,1
hard_050,Hard,Serial-MRV,1,3,0.018934959,1158,1
hard_050,Hard,Serial-MRV,1,4,0.018931000,1158,1
hard_050,Hard,Serial-MRV,1,5,0.018902417,1158,1
hard_050,Hard,BranchBound,1,1,0.002646084,6002,1
hard_050,Hard,BranchBound,1,2,0.002627083,6002,1
hard_050,Hard,BranchBound,1,3,0.002620583,6002,1
hard_050,Hard,BranchBound,1,4,0.002623875,6002,1
hard_050,Hard,BranchBound,1,5,0.002634584,6002,1
hard_050,Hard,BranchBoundMRV,1,1,0.024101667,1158,1
hard_050,Hard,BranchBoundMRV,1,2,0.023960500,1158,1
hard_050,Hard,BranchBoundMRV,1,3,0.023926500,1158,1
hard_050,Hard,BranchBoundMRV,1,4,0.025977791,1158,1
hard_050,Hard,BranchBoundMRV,1,5,0.024054458,1158,1
hard_050,Hard,OpenMP,4,1,0.002949953,495,1
hard_050,Hard,OpenMP,4,2,0.002928972,494,1
hard_050,Hard,OpenMP,4,3,0.002913952,494,1
hard_050,Hard,OpenMP,4,4,0.002940893,498,1
hard_050,Hard,OpenMP,4,5,0.002928019,493,1
hard_050,Hard,OpenMP,8,1,0.007362127,993,1
hard_050,Hard,OpenMP,8,2,0.008145094,548,1
hard_050,Hard,OpenMP,8,3,0.007278919,754,1
hard_050,Hard,OpenMP,8,4,0.002933025,399,1
hard_050,Hard,OpenMP,8,5,0.002943039,491,1
hard_050,Hard,OpenMP,16,1,0.016841173,1014,1
hard_050,Hard,OpenMP,16,2,0.185534000,957,1
hard_050,Hard,OpenMP,16,3,0.090730190,402,1
hard_050,Hard,OpenMP,16,4,0.041216135,491,1
hard_050,Hard,OpenMP,16,5,0.040242910,968,1
hard_050,Hard,OMP-BranchBoundMRV,4,1,0.003710032,472,1
hard_050,Hard,OMP-BranchBoundMRV,4,2,0.003710032,484,1
hard_050,Hard,OMP-BranchBoundMRV,4,3,0.003726006,485,1
hard_050,Hard,OMP-BranchBoundMRV,4,4,0.003669977,484,1
hard_050,Hard,OMP-BranchBoundMRV,4,5,0.003677845,484,1
hard_050,Hard,OMP-BranchBoundMRV,8,1,0.003710032,485,1
hard_050,Hard,OMP-BranchBoundMRV,8,2,0.003705978,381,1
hard_050,Hard,OMP-BranchBoundMRV,8,3,0.003685951,485,1
hard_050,Hard,OMP-BranchBoundMRV,8,4,0.003690004,475,1
hard_050,Hard,OMP-BranchBoundMRV,8,5,0.003758907,489,1
hard_050,Hard,OMP-BranchBoundMRV,16,1,0.030374050,951,1
hard_050,Hard,OMP-BranchBoundMRV,16,2,0.030548096,376,1
hard_050,Hard,OMP-BranchBoundMRV,16,3,0.031009912,376,1
hard_050,Hard,OMP-BranchBoundMRV,16,4,0.035315037,383,1
hard_050,Hard,OMP-BranchBoundMRV,16,5,0.051423073,489,1
hard_051,Hard,Serial,1,1,0.004943125,10412,1
hard_051,Hard,Serial,1,2,0.005006833,10412,1
hard_051,Hard,Serial,1,3,0.004918500,10412,1
hard_051,Hard,Serial,1,4,0.004979000,10412,1
hard_051,Hard,Serial,1,5,0.004934875,10412,1
hard_051,Hard,Serial-MRV,1,1,0.019659375,1110,1
hard_051,Hard,Serial-MRV,1,2,0.019650333,1110,1
hard_051,Hard,Serial-MRV,1,3,0.019610125,1110,1
hard_051,Hard,Serial-MRV,1,4,0.019658750,1110,1
hard_051,Hard,Serial-MRV,1,5,0.019658125,1110,1
hard_051,Hard,BranchBound,1,1,0.004678333,10412,1
hard_051,Hard,BranchBound,1,2,0.004678000,10412,1
hard_051,Hard,BranchBound,1,3,0.004691125,10412,1
hard_051,Hard,BranchBound,1,4,0.004653583,10412,1
hard_051,Hard,BranchBound,1,5,0.004695666,10412,1
hard_051,Hard,BranchBoundMRV,1,1,0.026340041,1110,1
hard_051,Hard,BranchBoundMRV,1,2,0.026453500,1110,1
hard_051,Hard,BranchBoundMRV,1,3,0.026502375,1110,1
hard_051,Hard,BranchBoundMRV,1,4,0.026492125,1110,1
hard_051,Hard,BranchBoundMRV,1,5,0.026278000,1110,1
hard_051,Hard,OpenMP,4,1,0.002430201,488,1
hard_051,Hard,OpenMP,4,2,0.002400160,488,1
hard_051,Hard,OpenMP,4,3,0.002392054,488,1
hard_051,Hard,OpenMP,4,4,0.002407074,490,1
hard_051,Hard,OpenMP,4,5,0.002403975,489,1
hard_051,Hard,OpenMP,8,1,0.001527071,318,1
hard_051,Hard,OpenMP,8,2,0.004498959,953,1
hard_051,Hard,OpenMP,8,3,0.002146959,276,1
hard_051,Hard,OpenMP,8,4,0.001517773,359,1
hard_051,Hard,OpenMP,8,5,0.003516912,634,1
hard_051,Hard,OpenMP,16,1,0.097808123,985,1
hard_051,Hard,OpenMP,16,2,0.064861059,704,1
hard_051,Hard,OpenMP,16,3,0.050240993,824,1
hard_051,Hard,OpenMP,16,4,0.040706158,1150,1
hard_051,Hard,OpenMP,16,5,0.056304932,772,1
hard_051,Hard,OMP-BranchBoundMRV,4,1,0.010736942,1467,1
hard_051,Hard,OMP-BranchBoundMRV,4,2,0.003187895,490,1
hard_051,Hard,OMP-BranchBoundMRV,4,3,0.003187895,491,1
hard_051,Hard,OMP-BranchBoundMRV,4,4,0.003186941,491,1
hard_051,Hard,OMP-BranchBoundMRV,4,5,0.003184080,490,1
hard_051,Hard,OMP-BranchBoundMRV,8,1,0.005228996,816,1
hard_051,Hard,OMP-BranchBoundMRV,8,2,0.005064011,686,1
hard_051,Hard,OMP-BranchBoundMRV,8,3,0.005084991,717,1
hard_051,Hard,OMP-BranchBoundMRV,8,4,0.005305052,727,1
hard_051,Hard,OMP-BranchBoundMRV,8,5,0.002658129,338,1
hard_051,Hard,OMP-BranchBoundMRV,16,1,0.078506947,751,1
hard_051,Hard,OMP-BranchBoundMRV,16,2,0.096465826,814,1
hard_051,Hard,OMP-BranchBoundMRV,16,3,0.076390028,1173,1
hard_051,Hard,OMP-BranchBoundMRV,16,4,0.048657894,1319,1
hard_051,Hard,OMP-BranchBoundMRV,16,5,0.034949064,1427,1
hard_052,Hard,Serial,1,1,0.001438833,2843,1
hard_052,Hard,Serial,1,2,0.001345042,2843,1
hard_052,Hard,Serial,1,3,0.001343875,2843,1
hard_052,Hard,Serial,1,4,0.001344834,2843,1
hard_052,Hard,Serial,1,5,0.001344875,2843,1
hard_052,Hard,Serial-MRV,1,1,0.014859250,1025,1
hard_052,Hard,Serial-MRV,1,2,0.014805792,1025,1
hard_052,Hard,Serial-MRV,1,3,0.014805042,1025,1
hard_052,Hard,Serial-MRV,1,4,0.014930292,1025,1
hard_052,Hard,Serial-MRV,1,5,0.014734125,1025,1
hard_052,Hard,BranchBound,1,1,0.001217041,2843,1
hard_052,Hard,BranchBound,1,2,0.001191625,2843,1
hard_052,Hard,BranchBound,1,3,0.001144041,2843,1
hard_052,Hard,BranchBound,1,4,0.001177250,2843,1
hard_052,Hard,BranchBound,1,5,0.001147375,2843,1
hard_052,Hard,BranchBoundMRV,1,1,0.019363000,1025,1
hard_052,Hard,BranchBoundMRV,1,2,0.019407000,1025,1
hard_052,Hard,BranchBoundMRV,1,3,0.019290791,1025,1
hard_052,Hard,BranchBoundMRV,1,4,0.019278958,1025,1
hard_052,Hard,BranchBoundMRV,1,5,0.019349542,1025,1
hard_052,Hard,OpenMP,4,1,0.002096891,261,1
hard_052,Hard,OpenMP,4,2,0.002081156,261,1
hard_052,Hard,OpenMP,4,3,0.002077103,261,1
hard_052,Hard,OpenMP,4,4,0.002078056,261,1
hard_052,Hard,OpenMP,4,5,0.002196074,264,1
hard_052,Hard,OpenMP,8,1,0.005270958,477,1
hard_052,Hard,OpenMP,8,2,0.002628088,277,1
hard_052,Hard,OpenMP,8,3,0.002362013,194,1
hard_052,Hard,OpenMP,8,4,0.005276918,489,1
hard_052,Hard,OpenMP,8,5,0.004981995,471,1
hard_052,Hard,OpenMP,16,1,0.093261957,198,1
hard_052,Hard,OpenMP,16,2,0.038810015,277,1
hard_052,Hard,OpenMP,16,3,0.120536089,199,1
hard_052,Hard,OpenMP,16,4,0.049649000,1046,1
hard_052,Hard,OpenMP,16,5,0.034318924,200,1
hard_052,Hard,OMP-BranchBoundMRV,4,1,0.002942085,279,1
hard_052,Hard,OMP-BranchBoundMRV,4,2,0.002801180,278,1
hard_052,Hard,OMP-BranchBoundMRV,4,3,0.002799034,278,1
hard_052,Hard,OMP-BranchBoundMRV,4,4,0.002842188,279,1
hard_052,Hard,OMP-BranchBoundMRV,4,5,0.002800941,278,1
hard_052,Hard,OMP-BranchBoundMRV,8,1,0.002814054,278,1
hard_052,Hard,OMP-BranchBoundMRV,8,2,0.002840996,279,1
hard_052,Hard,OMP-BranchBoundMRV,8,3,0.006529808,473,1
hard_052,Hard,OMP-BranchBoundMRV,8,4,0.007001877,491,1
hard_052,Hard,OMP-BranchBoundMRV,8,5,0.006488800,469,1
hard_052,Hard,OMP-BranchBoundMRV,16,1,0.062340021,271,1
hard_052,Hard,OMP-BranchBoundMRV,16,2,0.030925989,474,1
hard_052,Hard,OMP-BranchBoundMRV,16,3,0.038617134,287,1
hard_052,Hard,OMP-BranchBoundMRV,16,4,0.036585093,519,1
hard_052,Hard,OMP-BranchBoundMRV,16,5,0.057193041,278,1
hard_053,Hard,Serial,1,1,0.070822083,149165,1
hard_053,Hard,Serial,1,2,0.070782666,149165,1
hard_053,Hard,Serial,1,3,0.070908875,149165,1
hard_053,Hard,Serial,1,4,0.071054042,149165,1
hard_053,Hard,Serial,1,5,0.070979334,149165,1
hard_053,Hard,Serial-MRV,1,1,0.015365458,1013,1
hard_053,Hard,Serial-MRV,1,2,0.015371584,1013,1
hard_053,Hard,Serial-MRV,1,3,0.015363834,1013,1
hard_053,Hard,Serial-MRV,1,4,0.015327250,1013,1
hard_053,Hard,Serial-MRV,1,5,0.015229042,1013,1
hard_053,Hard,BranchBound,1,1,0.064002042,149165,1
hard_053,Hard,BranchBound,1,2,0.064451875,149165,1
hard_053,Hard,BranchBound,1,3,0.064307500,149165,1
hard_053,Hard,BranchBound,1,4,0.063721000,149165,1
hard_053,Hard,BranchBound,1,5,0.063760125,149165,1
hard_053,Hard,BranchBoundMRV,1,1,0.020628541,1013,1
hard_053,Hard,BranchBoundMRV,1,2,0.020658709,1013,1
hard_053,Hard,BranchBoundMRV,1,3,0.020691250,1013,1
hard_053,Hard,BranchBoundMRV,1,4,0.020697375,1013,1
hard_053,Hard,BranchBoundMRV,1,5,0.020545500,1013,1
hard_053,Hard,OpenMP,4,1,0.015552998,1013,1
hard_053,Hard,OpenMP,4,2,0.015532970,1013,1
hard_053,Hard,OpenMP,4,3,0.015525103,1013,1
hard_053,Hard,OpenMP,4,4,0.015516043,1013,1
hard_053,Hard,OpenMP,4,5,0.015510082,1013,1
hard_053,Hard,OpenMP,8,1,0.021571875,1013,1
hard_053,Hard,OpenMP,8,2,0.028532982,1013,1
hard_053,Hard,OpenMP,8,3,0.023010015,1013,1
hard_053,Hard,OpenMP,8,4,0.022410870,1013,1
hard_053,Hard,OpenMP,8,5,0.022537947,1013,1
hard_053,Hard,OpenMP,16,1,0.040010214,1013,1
hard_053,Hard,OpenMP,16,2,0.084074974,1013,1
hard_053,Hard,OpenMP,16,3,0.031579018,1013,1
hard_053,Hard,OpenMP,16,4,0.091025829,1013,1
hard_053,Hard,OpenMP,16,5,0.059183121,1013,1
hard_053,Hard,OMP-BranchBoundMRV,4,1,0.021160126,1013,1
hard_053,Hard,OMP-BranchBoundMRV,4,2,0.021045208,1013,1
hard_053,Hard,OMP-BranchBoundMRV,4,3,0.021022081,1013,1
hard_053,Hard,OMP-BranchBoundMRV,4,4,0.021032095,1013,1
hard_053,Hard,OMP-BranchBoundMRV,4,5,0.021017075,1013,1
hard_053,Hard,OMP-BranchBoundMRV,8,1,0.045029879,1013,1
hard_053,Hard,OMP-BranchBoundMRV,8,2,0.033333063,1013,1
hard_053,Hard,OMP-BranchBoundMRV,8,3,0.033838987,1013,1
hard_053,Hard,OMP-BranchBoundMRV,8,4,0.027784824,1013,1
hard_053,Hard,OMP-BranchBoundMRV,8,5,0.027220964,1013,1
hard_053,Hard,OMP-BranchBoundMRV,16,1,0.137487888,1013,1
hard_053,Hard,OMP-BranchBoundMRV,16,2,0.093042135,1013,1
hard_053,Hard,OMP-BranchBoundMRV,16,3,0.092408180,1013,1
hard_053,Hard,OMP-BranchBoundMRV,16,4,0.040864944,1013,1
hard_053,Hard,OMP-BranchBoundMRV,16,5,0.031229973,1013,1
hard_054,Hard,Serial,1,1,0.023336833,48383,1
hard_054,Hard,Serial,1,2,0.023192125,48383,1
hard_054,Hard,Serial,1,3,0.023206542,48383,1
hard_054,Hard,Serial,1,4,0.023309041,48383,1
hard_054,Hard,Serial,1,5,0.023241417,48383,1
hard_054,Hard,Serial-MRV,1,1,0.022661917,1535,1
hard_054,Hard,Serial-MRV,1,2,0.022597167,1535,1
hard_054,Hard,Serial-MRV,1,3,0.022566584,1535,1
hard_054,Hard,Serial-MRV,1,4,0.022613291,1535,1
hard_054,Hard,Serial-MRV,1,5,0.022585917,1535,1
hard_054,Hard,BranchBound,1,1,0.019615583,48383,1
hard_054,Hard,BranchBound,1,2,0.019662334,48383,1
hard_054,Hard,BranchBound,1,3,0.019782542,48383,1
hard_054,Hard,BranchBound,1,4,0.019792250,48383,1
hard_054,Hard,BranchBound,1,5,0.019792375,48383,1
hard_054,Hard,BranchBoundMRV,1,1,0.029362375,1535,1
hard_054,Hard,BranchBoundMRV,1,2,0.029372417,1535,1
hard_054,Hard,BranchBoundMRV,1,3,0.029313292,1535,1
hard_054,Hard,BranchBoundMRV,1,4,0.030033250,1535,1
hard_054,Hard,BranchBoundMRV,1,5,0.029454375,1535,1
hard_054,Hard,OpenMP,4,1,0.023958921,1545,1
hard_054,Hard,OpenMP,4,2,0.023944855,1545,1
hard_054,Hard,OpenMP,4,3,0.024088860,1545,1
hard_054,Hard,OpenMP,4,4,0.023937941,1545,1
hard_054,Hard,OpenMP,4,5,0.024050951,1545,1
hard_054,Hard,OpenMP,8,1,0.026085138,1545,1
hard_054,Hard,OpenMP,8,2,0.027304173,1545,1
hard_054,Hard,OpenMP,8,3,0.030042171,1545,1
hard_054,Hard,OpenMP,8,4,0.039798975,1545,1
hard_054,Hard,OpenMP,8,5,0.041313887,1545,1
hard_054,Hard,OpenMP,16,1,0.093028069,1545,1
hard_054,Hard,OpenMP,16,2,0.081499100,1545,1
hard_054,Hard,OpenMP,16,3,0.065299034,1545,1
hard_054,Hard,OpenMP,16,4,0.052207947,1545,1
hard_054,Hard,OpenMP,16,5,0.085168123,1545,1
hard_054,Hard,OMP-BranchBoundMRV,4,1,0.031777859,1545,1
hard_054,Hard,OMP-BranchBoundMRV,4,2,0.030973911,1545,1
hard_054,Hard,OMP-BranchBoundMRV,4,3,0.030951023,1545,1
hard_054,Hard,OMP-BranchBoundMRV,4,4,0.031111956,1545,1
hard_054,Hard,OMP-BranchBoundMRV,4,5,0.030968189,1545,1
hard_054,Hard,OMP-BranchBoundMRV,8,1,0.043750048,1545,1
hard_054,Hard,OMP-BranchBoundMRV,8,2,0.046154022,1545,1
hard_054,Hard,OMP-BranchBoundMRV,8,3,0.047811031,1545,1
hard_054,Hard,OMP-BranchBoundMRV,8,4,0.039033175,1545,1
hard_054,Hard,OMP-BranchBoundMRV,8,5,0.046967030,1545,1
hard_054,Hard,OMP-BranchBoundMRV,16,1,0.084472179,1545,1
hard_054,Hard,OMP-BranchBoundMRV,16,2,0.148190975,1545,1
hard_054,Hard,OMP-BranchBoundMRV,16,3,0.140665054,1545,1
hard_054,Hard,OMP-BranchBoundMRV,16,4,0.084388018,1545,1
hard_054,Hard,OMP-BranchBoundMRV,16,5,0.146295071,1545,1
hard_055,Hard,Serial,1,1,0.010886084,22780,1
hard_055,Hard,Serial,1,2,0.034851417,22780,1
hard_055,Hard,Serial,1,3,0.030384209,22780,1
hard_055,Hard,Serial,1,4,0.011186667,22780,1
hard_055,Hard,Serial,1,5,0.010809625,22780,1
hard_055,Hard,Serial-MRV,1,1,0.021722500,1422,1
hard_055,Hard,Serial-MRV,1,2,0.021621000,1422,1
hard_055,Hard,Serial-MRV,1,3,0.022004417,1422,1
hard_055,Hard,Serial-MRV,1,4,0.021953833,1422,1
hard_055,Hard,Serial-MRV,1,5,0.023197708,1422,1
hard_055,Hard,BranchBound,1,1,0.009553750,22780,1
hard_055,Hard,BranchBound,1,2,0.009515458,22780,1
hard_055,Hard,BranchBound,1,3,0.009388916,22780,1
hard_055,Hard,BranchBound,1,4,0.009420625,22780,1
hard_055,Hard,BranchBound,1,5,0.009411875,22780,1
hard_055,Hard,BranchBoundMRV,1,1,0.029373500,1422,1
hard_055,Hard,BranchBoundMRV,1,2,0.029380417,1422,1
hard_055,Hard,BranchBoundMRV,1,3,0.029274625,1422,1
hard_055,Hard,BranchBoundMRV,1,4,0.029484875,1422,1
hard_055,Hard,BranchBoundMRV,1,5,0.029271250,1422,1
hard_055,Hard,OpenMP,4,1,0.013475895,1422,1
hard_055,Hard,OpenMP,4,2,0.013386011,1422,1
hard_055,Hard,OpenMP,4,3,0.013521194,1422,1
hard_055,Hard,OpenMP,4,4,0.013345957,1422,1
hard_055,Hard,OpenMP,4,5,0.013331890,1422,1
hard_055,Hard,OpenMP,8,1,0.021149874,1422,1
hard_055,Hard,OpenMP,8,2,0.013402939,1254,1
hard_055,Hard,OpenMP,8,3,0.017464161,1422,1
hard_055,Hard,OpenMP,8,4,0.018893957,1422,1
hard_055,Hard,OpenMP,8,5,0.020202875,1422,1
hard_055,Hard,OpenMP,16,1,0.126330853,1422,1
hard_055,Hard,OpenMP,16,2,0.054028988,1202,1
hard_055,Hard,OpenMP,16,3,0.032631874,1422,1
hard_055,Hard,OpenMP,16,4,0.061334133,1422,1
hard_055,Hard,OpenMP,16,5,0.044410944,1422,1
hard_055,Hard,OMP-BranchBoundMRV,4,1,0.018896103,1422,1
hard_055,Hard,OMP-BranchBoundMRV,4,2,0.018618107,1422,1
hard_055,Hard,OMP-BranchBoundMRV,4,3,0.018769979,1422,1
hard_055,Hard,OMP-BranchBoundMRV,4,4,0.018828869,1422,1
hard_055,Hard,OMP-BranchBoundMRV,4,5,0.019244909,1422,1
hard_055,Hard,OMP-BranchBoundMRV,8,1,0.035364151,1422,1
hard_055,Hard,OMP-BranchBoundMRV,8,2,0.031751871,1422,1
hard_055,Hard,OMP-BranchBoundMRV,8,3,0.033118963,1422,1
hard_055,Hard,OMP-BranchBoundMRV,8,4,0.025178909,1422,1
hard_055,Hard,OMP-BranchBoundMRV,8,5,0.024607897,1422,1
hard_055,Hard,OMP-BranchBoundMRV,16,1,0.112607002,1379,1
hard_055,Hard,OMP-BranchBoundMRV,16,2,0.191619158,1422,1
hard_055,Hard,OMP-BranchBoundMRV,16,3,0.080129862,1268,1
hard_055,Hard,OMP-BranchBoundMRV,16,4,0.070019007,1267,1
hard_055,Hard,OMP-BranchBoundMRV,16,5,0.064714909,1422,1
hard_056,Hard,Serial,1,1,0.012062917,24886,1
hard_056,Hard,Serial,1,2,0.011957458,24886,1
hard_056,Hard,Serial,1,3,0.012022708,24886,1
hard_056,Hard,Serial,1,4,0.012015375,24886,1
hard_056,Hard,Serial,1,5,0.011976708,24886,1
hard_056,Hard,Serial-MRV,1,1,0.031336958,1902,1
hard_056,Hard,Serial-MRV,1,2,0.031383167,1902,1
hard_056,Hard,Serial-MRV,1,3,0.031252083,1902,1
hard_056,Hard,Serial-MRV,1,4,0.031260750,1902,1
hard_056,Hard,Serial-MRV,1,5,0.031260708,1902,1
hard_056,Hard,BranchBound,1,1,0.010703500,24886,1
hard_056,Hard,BranchBound,1,2,0.010401083,24886,1
hard_056,Hard,BranchBound,1,3,0.010432500,24886,1
hard_056,Hard,BranchBound,1,4,0.010409541,24886,1
hard_056,Hard,BranchBound,1,5,0.010426459,24886,1
hard_056,Hard,BranchBoundMRV,1,1,0.040039625,1902,1
hard_056,Hard,BranchBoundMRV,1,2,0.039793667,1902,1
hard_056,Hard,BranchBoundMRV,1,3,0.039909959,1902,1
hard_056,Hard,BranchBoundMRV,1,4,0.044330917,1902,1
hard_056,Hard,BranchBoundMRV,1,5,0.040258292,1902,1
hard_056,Hard,OpenMP,4,1,0.013106823,1967,1
hard_056,Hard,OpenMP,4,2,0.013201952,1980,1
hard_056,Hard,OpenMP,4,3,0.013137102,1968,1
hard_056,Hard,OpenMP,4,4,0.013002872,1968,1
hard_056,Hard,OpenMP,4,5,0.013067007,1972,1
hard_056,Hard,OpenMP,8,1,0.008629084,1375,1
hard_056,Hard,OpenMP,8,2,0.008519888,1409,1
hard_056,Hard,OpenMP,8,3,0.023240805,2109,1
hard_056,Hard,OpenMP,8,4,0.008540869,1135,1
hard_056,Hard,OpenMP,8,5,0.014358044,1907,1
hard_056,Hard,OpenMP,16,1,0.118538857,1813,1
hard_056,Hard,OpenMP,16,2,0.072906017,1800,1
hard_056,Hard,OpenMP,16,3,0.080188036,1999,1
hard_056,Hard,OpenMP,16,4,0.087009907,1072,1
hard_056,Hard,OpenMP,16,5,0.054966927,2047,1
hard_056,Hard,OMP-BranchBoundMRV,4,1,0.020758152,1968,1
hard_056,Hard,OMP-BranchBoundMRV,4,2,0.018260002,1779,1
hard_056,Hard,OMP-BranchBoundMRV,4,3,0.016653061,1945,1
hard_056,Hard,OMP-BranchBoundMRV,4,4,0.017251968,1962,1
hard_056,Hard,OMP-BranchBoundMRV,4,5,0.017731905,1995,1
hard_056,Hard,OMP-BranchBoundMRV,8,1,0.014879942,1587,1
hard_056,Hard,OMP-BranchBoundMRV,8,2,0.016231060,1809,1
hard_056,Hard,OMP-BranchBoundMRV,8,3,0.010601044,1434,1
hard_056,Hard,OMP-BranchBoundMRV,8,4,0.017781973,1919,1
hard_056,Hard,OMP-BranchBoundMRV,8,5,0.012645960,1261,1
hard_056,Hard,OMP-BranchBoundMRV,16,1,0.039412022,2047,1
hard_056,Hard,OMP-BranchBoundMRV,16,2,0.142647028,1779,1
hard_056,Hard,OMP-BranchBoundMRV,16,3,0.050503016,1122,1
hard_056,Hard,OMP-BranchBoundMRV,16,4,0.044119120,1858,1
hard_056,Hard,OMP-BranchBoundMRV,16,5,0.052414894,2144,1
hard_057,Hard,Serial,1,1,0.004598292,9175,1
hard_057,Hard,Serial,1,2,0.004510291,9175,1
hard_057,Hard,Serial,1,3,0.004505583,9175,1
hard_057,Hard,Serial,1,4,0.004495875,9175,1
hard_057,Hard,Serial,1,5,0.004563167,9175,1
hard_057,Hard,Serial-MRV,1,1,0.017903416,1032,1
hard_057,Hard,Serial-MRV,1,2,0.017866250,1032,1
hard_057,Hard,Serial-MRV,1,3,0.017926083,1032,1
hard_057,Hard,Serial-MRV,1,4,0.017932250,1032,1
hard_057,Hard,Serial-MRV,1,5,0.017924166,1032,1
hard_057,Hard,BranchBound,1,1,0.003947416,9175,1
hard_057,Hard,BranchBound,1,2,0.003958500,9175,1
hard_057,Hard,BranchBound,1,3,0.003968333,9175,1
hard_057,Hard,BranchBound,1,4,0.003947792,9175,1
hard_057,Hard,BranchBound,1,5,0.003997917,9175,1
hard_057,Hard,BranchBoundMRV,1,1,0.022123333,1032,1
hard_057,Hard,BranchBoundMRV,1,2,0.021935417,1032,1
hard_057,Hard,BranchBoundMRV,1,3,0.021997791,1032,1
hard_057,Hard,BranchBoundMRV,1,4,0.022237167,1032,1
hard_057,Hard,BranchBoundMRV,1,5,0.022076791,1032,1
hard_057,Hard,OpenMP,4,1,0.005863190,1030,1
hard_057,Hard,OpenMP,4,2,0.005840063,1030,1
hard_057,Hard,OpenMP,4,3,0.005865097,1031,1
hard_057,Hard,OpenMP,4,4,0.005839109,1030,1
hard_057,Hard,OpenMP,4,5,0.005842924,1031,1
hard_057,Hard,OpenMP,8,1,0.004343987,694,1
hard_057,Hard,OpenMP,8,2,0.007973909,1027,1
hard_057,Hard,OpenMP,8,3,0.003436089,794,1
hard_057,Hard,OpenMP,8,4,0.010098934,1154,1
hard_057,Hard,OpenMP,8,5,0.007930040,888,1
hard_057,Hard,OpenMP,16,1,0.028430939,948,1
hard_057,Hard,OpenMP,16,2,0.036442995,966,1
hard_057,Hard,OpenMP,16,3,0.099124193,1154,1
hard_057,Hard,OpenMP,16,4,0.020802021,956,1
hard_057,Hard,OpenMP,16,5,0.038182974,982,1
hard_057,Hard,OMP-BranchBoundMRV,4,1,0.007261992,1030,1
hard_057,Hard,OMP-BranchBoundMRV,4,2,0.007220030,1030,1
hard_057,Hard,OMP-BranchBoundMRV,4,3,0.007215023,1030,1
hard_057,Hard,OMP-BranchBoundMRV,4,4,0.007204056,1030,1
hard_057,Hard,OMP-BranchBoundMRV,4,5,0.007215977,1030,1
hard_057,Hard,OMP-BranchBoundMRV,8,1,0.010042906,1021,1
hard_057,Hard,OMP-BranchBoundMRV,8,2,0.004631042,618,1
hard_057,Hard,OMP-BranchBoundMRV,8,3,0.010687828,925,1
hard_057,Hard,OMP-BranchBoundMRV,8,4,0.013524055,1017,1
hard_057,Hard,OMP-BranchBoundMRV,8,5,0.011351109,1154,1
hard_057,Hard,OMP-BranchBoundMRV,16,1,0.103939056,1154,1
hard_057,Hard,OMP-BranchBoundMRV,16,2,0.042140007,1154,1
hard_057,Hard,OMP-BranchBoundMRV,16,3,0.045312166,1070,1
hard_057,Hard,OMP-BranchBoundMRV,16,4,0.104521036,872,1
hard_057,Hard,OMP-BranchBoundMRV,16,5,0.040093899,1028,1
hard_058,Hard,Serial,1,1,0.003481250,7345,1
hard_058,Hard,Serial,1,2,0.003564084,7345,1
hard_058,Hard,Serial,1,3,0.006068625,7345,1
hard_058,Hard,Serial,1,4,0.006928625,7345,1
hard_058,Hard,Serial,1,5,0.003862417,7345,1
hard_058,Hard,Serial-MRV,1,1,0.027353792,1321,1
hard_058,Hard,Serial-MRV,1,2,0.023248833,1321,1
hard_058,Hard,Serial-MRV,1,3,0.021057083,1321,1
hard_058,Hard,Serial-MRV,1,4,0.019372125,1321,1
hard_058,Hard,Serial-MRV,1,5,0.020043917,1321,1
hard_058,Hard,BranchBound,1,1,0.003051375,7345,1
hard_058,Hard,BranchBound,1,2,0.003310542,7345,1
hard_058,Hard,BranchBound,1,3,0.003125375,7345,1
hard_058,Hard,BranchBound,1,4,0.003125041,7345,1
hard_058,Hard,BranchBound,1,5,0.003280250,7345,1
hard_058,Hard,BranchBoundMRV,1,1,0.024704458,1321,1
hard_058,Hard,BranchBoundMRV,1,2,0.024494250,1321,1
hard_058,Hard,BranchBoundMRV,1,3,0.024601084,1321,1
hard_058,Hard,BranchBoundMRV,1,4,0.024259792,1321,1
hard_058,Hard,BranchBoundMRV,1,5,0.025364791,1321,1
hard_058,Hard,OpenMP,4,1,0.001184940,119,1
hard_058,Hard,OpenMP,4,2,0.000842094,120,1
hard_058,Hard,OpenMP,4,3,0.001372099,164,1
hard_058,Hard,OpenMP,4,4,0.000941992,115,1
hard_058,Hard,OpenMP,4,5,0.000835896,126,1
hard_058,Hard,OpenMP,8,1,0.000853062,134,1
hard_058,Hard,OpenMP,8,2,0.001157045,105,1
hard_058,Hard,OpenMP,8,3,0.003425837,54,1
hard_058,Hard,OpenMP,8,4,0.001814842,268,1
hard_058,Hard,OpenMP,8,5,0.001797915,270,1
hard_058,Hard,OpenMP,16,1,0.024451971,142,1
hard_058,Hard,OpenMP,16,2,0.025376081,824,1
hard_058,Hard,OpenMP,16,3,0.023988962,263,1
hard_058,Hard,OpenMP,16,4,0.051907778,107,1
hard_058,Hard,OpenMP,16,5,0.021013975,125,1
hard_058,Hard,OMP-BranchBoundMRV,4,1,0.001137972,121,1
hard_058,Hard,OMP-BranchBoundMRV,4,2,0.001131058,122,1
hard_058,Hard,OMP-BranchBoundMRV,4,3,0.001129150,122,1
hard_058,Hard,OMP-BranchBoundMRV,4,4,0.001126051,121,1
hard_058,Hard,OMP-BranchBoundMRV,4,5,0.001121998,115,1
hard_058,Hard,OMP-BranchBoundMRV,8,1,0.001274109,131,1
hard_058,Hard,OMP-BranchBoundMRV,8,2,0.002495050,272,1
hard_058,Hard,OMP-BranchBoundMRV,8,3,0.001167059,91,1
hard_058,Hard,OMP-BranchBoundMRV,8,4,0.001214981,132,1
hard_058,Hard,OMP-BranchBoundMRV,8,5,0.002114058,108,1
hard_058,Hard,OMP-BranchBoundMRV,16,1,0.037837029,271,1
hard_058,Hard,OMP-BranchBoundMRV,16,2,0.059161901,84,1
hard_058,Hard,OMP-BranchBoundMRV,16,3,0.017184973,102,1
hard_058,Hard,OMP-BranchBoundMRV,16,4,0.008202076,446,1
hard_058,Hard,OMP-BranchBoundMRV,16,5,0.023957968,100,1
hard_059,Hard,Serial,1,1,0.008037458,15718,1
hard_059,Hard,Serial,1,2,0.008089416,15718,1
hard_059,Hard,Serial,1,3,0.007971083,15718,1
hard_059,Hard,Serial,1,4,0.008053083,15718,1
hard_059,Hard,Serial,1,5,0.008091000,15718,1
hard_059,Hard,Serial-MRV,1,1,0.015525958,1075,1
hard_059,Hard,Serial-MRV,1,2,0.015359958,1075,1
hard_059,Hard,Serial-MRV,1,3,0.015222625,1075,1
hard_059,Hard,Serial-MRV,1,4,0.015171083,1075,1
hard_059,Hard,Serial-MRV,1,5,0.015343166,1075,1
hard_059,Hard,BranchBound,1,1,0.006847500,15718,1
hard_059,Hard,BranchBound,1,2,0.006850834,15718,1
hard_059,Hard,BranchBound,1,3,0.006822583,15718,1
hard_059,Hard,BranchBound,1,4,0.006898791,15718,1
hard_059,Hard,BranchBound,1,5,0.006859375,15718,1
hard_059,Hard,BranchBoundMRV,1,1,0.019612292,1075,1
hard_059,Hard,BranchBoundMRV,1,2,0.019237334,1075,1
hard_059,Hard,BranchBoundMRV,1,3,0.019963708,1075,1
hard_059,Hard,BranchBoundMRV,1,4,0.022709541,1075,1
hard_059,Hard,BranchBoundMRV,1,5,0.020340875,1075,1
hard_059,Hard,OpenMP,4,1,0.013021946,1895,1
hard_059,Hard,OpenMP,4,2,0.010436058,1861,1
hard_059,Hard,OpenMP,4,3,0.010761023,1835,1
hard_059,Hard,OpenMP,4,4,0.009689093,1639,1
hard_059,Hard,OpenMP,4,5,0.009657145,1878,1
hard_059,Hard,OpenMP,8,1,0.015685081,1895,1
hard_059,Hard,OpenMP,8,2,0.017599821,1747,1
hard_059,Hard,OpenMP,8,3,0.033741951,1895,1
hard_059,Hard,OpenMP,8,4,0.026494026,1895,1
hard_059,Hard,OpenMP,8,5,0.015576124,1887,1
hard_059,Hard,OpenMP,16,1,0.167464972,1895,1
hard_059,Hard,OpenMP,16,2,0.062741995,1895,1
hard_059,Hard,OpenMP,16,3,0.022382021,1494,1
hard_059,Hard,OpenMP,16,4,0.055049181,1696,1
hard_059,Hard,OpenMP,16,5,0.027760983,1428,1
hard_059,Hard,OMP-BranchBoundMRV,4,1,0.012501001,1669,1
hard_059,Hard,OMP-BranchBoundMRV,4,2,0.012283087,1673,1
hard_059,Hard,OMP-BranchBoundMRV,4,3,0.012353182,1675,1
hard_059,Hard,OMP-BranchBoundMRV,4,4,0.012388945,1682,1
hard_059,Hard,OMP-BranchBoundMRV,4,5,0.012761116,1701,1
hard_059,Hard,OMP-BranchBoundMRV,8,1,0.025023937,1887,1
hard_059,Hard,OMP-BranchBoundMRV,8,2,0.012556076,1805,1
hard_059,Hard,OMP-BranchBoundMRV,8,3,0.015504122,1895,1
hard_059,Hard,OMP-BranchBoundMRV,8,4,0.018665075,1621,1
hard_059,Hard,OMP-BranchBoundMRV,8,5,0.016647100,1051,1
hard_059,Hard,OMP-BranchBoundMRV,16,1,0.033210993,1846,1
hard_059,Hard,OMP-BranchBoundMRV,16,2,0.139808178,1895,1
hard_059,Hard,OMP-BranchBoundMRV,16,3,0.092617035,1838,1
hard_059,Hard,OMP-BranchBoundMRV,16,4,0.070513010,1686,1
hard_059,Hard,OMP-BranchBoundMRV,16,5,0.075206041,1768,1
hard_060,Hard,Serial,1,1,0.067692875,84579,1
hard_060,Hard,Serial,1,2,0.044908958,84579,1
hard_060,Hard,Serial,1,3,0.046668333,84579,1
hard_060,Hard,Serial,1,4,0.044017542,84579,1
hard_060,Hard,Serial,1,5,0.043173708,84579,1
hard_060,Hard,Serial-MRV,1,1,0.029137084,1941,1
hard_060,Hard,Serial-MRV,1,2,0.029090750,1941,1
hard_060,Hard,Serial-MRV,1,3,0.029180250,1941,1
hard_060,Hard,Serial-MRV,1,4,0.029025667,1941,1
hard_060,Hard,Serial-MRV,1,5,0.028915167,1941,1
hard_060,Hard,BranchBound,1,1,0.037659792,84579,1
hard_060,Hard,BranchBound,1,2,0.037666125,84579,1
hard_060,Hard,BranchBound,1,3,0.037768625,84579,1
hard_060,Hard,BranchBound,1,4,0.054446000,84579,1
hard_060,Hard,BranchBound,1,5,0.080673625,84579,1
hard_060,Hard,BranchBoundMRV,1,1,0.092812750,1941,1
hard_060,Hard,BranchBoundMRV,1,2,0.063257750,1941,1
hard_060,Hard,BranchBoundMRV,1,3,0.042597708,1941,1
hard_060,Hard,BranchBoundMRV,1,4,0.042335958,1941,1
hard_060,Hard,BranchBoundMRV,1,5,0.041876584,1941,1
hard_060,Hard,OpenMP,4,1,0.010731936,2600,1
hard_060,Hard,OpenMP,4,2,0.010644913,2008,1
hard_060,Hard,OpenMP,4,3,0.010644197,2004,1
hard_060,Hard,OpenMP,4,4,0.010642052,2009,1
hard_060,Hard,OpenMP,4,5,0.010636091,2008,1
hard_060,Hard,OpenMP,8,1,0.011667967,2298,1
hard_060,Hard,OpenMP,8,2,0.011571884,2019,1
hard_060,Hard,OpenMP,8,3,0.018172979,2642,1
hard_060,Hard,OpenMP,8,4,0.022854805,2642,1
hard_060,Hard,OpenMP,8,5,0.025794029,2620,1
hard_060,Hard,OpenMP,16,1,0.068462133,2617,1
hard_060,Hard,OpenMP,16,2,0.072437048,2642,1
hard_060,Hard,OpenMP,16,3,0.058040857,2642,1
hard_060,Hard,OpenMP,16,4,0.086883068,2642,1
hard_060,Hard,OpenMP,16,5,0.057600021,2379,1
hard_060,Hard,OMP-BranchBoundMRV,4,1,0.015182972,2604,1
hard_060,Hard,OMP-BranchBoundMRV,4,2,0.028642178,2642,1
hard_060,Hard,OMP-BranchBoundMRV,4,3,0.015210152,2610,1
hard_060,Hard,OMP-BranchBoundMRV,4,4,0.015320063,2607,1
hard_060,Hard,OMP-BranchBoundMRV,4,5,0.015135050,2608,1
hard_060,Hard,OMP-BranchBoundMRV,8,1,0.018604994,2527,1
hard_060,Hard,OMP-BranchBoundMRV,8,2,0.018710136,2462,1
hard_060,Hard,OMP-BranchBoundMRV,8,3,0.015283108,2346,1
hard_060,Hard,OMP-BranchBoundMRV,8,4,0.030842066,2603,1
hard_060,Hard,OMP-BranchBoundMRV,8,5,0.027601004,2642,1
hard_060,Hard,OMP-BranchBoundMRV,16,1,0.031495094,1850,1
hard_060,Hard,OMP-BranchBoundMRV,16,2,0.119394779,2235,1
hard_060,Hard,OMP-BranchBoundMRV,16,3,0.031468153,2235,1
hard_060,Hard,OMP-BranchBoundMRV,16,4,0.078840971,2642,1
hard_060,Hard,OMP-BranchBoundMRV,16,5,0.046660900,2437,1
hard_061,Hard,Serial,1,1,0.022394125,48906,1
hard_061,Hard,Serial,1,2,0.024339958,48906,1
hard_061,Hard,Serial,1,3,0.022478083,48906,1
hard_061,Hard,Serial,1,4,0.022131208,48906,1
hard_061,Hard,Serial,1,5,0.021619333,48906,1
hard_061,Hard,Serial-MRV,1,1,0.036131334,2164,1
hard_061,Hard,Serial-MRV,1,2,0.035811958,2164,1
hard_061,Hard,Serial-MRV,1,3,0.035928750,2164,1
hard_061,Hard,Serial-MRV,1,4,0.035762959,2164,1
hard_061,Hard,Serial-MRV,1,5,0.035377916,2164,1
hard_061,Hard,BranchBound,1,1,0.019529000,48906,1
hard_061,Hard,BranchBound,1,2,0.019606000,48906,1
hard_061,Hard,BranchBound,1,3,0.019848917,48906,1
hard_061,Hard,BranchBound,1,4,0.019887625,48906,1
hard_061,Hard,BranchBound,1,5,0.019913500,48906,1
hard_061,Hard,BranchBoundMRV,1,1,0.044973917,2164,1
hard_061,Hard,BranchBoundMRV,1,2,0.044700708,2164,1
hard_061,Hard,BranchBoundMRV,1,3,0.044916792,2164,1
hard_061,Hard,BranchBoundMRV,1,4,0.044530875,2164,1
hard_061,Hard,BranchBoundMRV,1,5,0.044367459,2164,1
hard_061,Hard,OpenMP,4,1,0.011287928,1845,1
hard_061,Hard,OpenMP,4,2,0.012286901,2164,1
hard_061,Hard,OpenMP,4,3,0.012257099,2075,1
hard_061,Hard,OpenMP,4,4,0.014500141,2164,1
hard_061,Hard,OpenMP,4,5,0.012845993,1851,1
hard_061,Hard,OpenMP,8,1,0.015752077,2096,1
hard_061,Hard,OpenMP,8,2,0.020236015,1776,1
hard_061,Hard,OpenMP,8,3,0.025621176,2164,1
hard_061,Hard,OpenMP,8,4,0.023227215,2164,1
hard_061,Hard,OpenMP,8,5,0.016278028,1654,1
hard_061,Hard,OpenMP,16,1,0.076153040,2164,1
hard_061,Hard,OpenMP,16,2,0.029204130,1939,1
hard_061,Hard,OpenMP,16,3,0.041236162,2129,1
hard_061,Hard,OpenMP,16,4,0.068691969,2149,1
hard_061,Hard,OpenMP,16,5,0.023774147,1259,1
hard_061,Hard,OMP-BranchBoundMRV,4,1,0.014245987,2164,1
hard_061,Hard,OMP-BranchBoundMRV,4,2,0.013983011,2164,1
hard_061,Hard,OMP-BranchBoundMRV,4,3,0.013971090,2164,1
hard_061,Hard,OMP-BranchBoundMRV,4,4,0.013965130,2164,1
hard_061,Hard,OMP-BranchBoundMRV,4,5,0.013978004,2164,1
hard_061,Hard,OMP-BranchBoundMRV,8,1,0.019958019,1991,1
hard_061,Hard,OMP-BranchBoundMRV,8,2,0.019915104,2018,1
hard_061,Hard,OMP-BranchBoundMRV,8,3,0.019566059,2164,1
hard_061,Hard,OMP-BranchBoundMRV,8,4,0.019856930,2164,1
hard_061,Hard,OMP-BranchBoundMRV,8,5,0.014582872,1906,1
hard_061,Hard,OMP-BranchBoundMRV,16,1,0.123183012,2164,1
hard_061,Hard,OMP-BranchBoundMRV,16,2,0.048616886,2164,1
hard_061,Hard,OMP-BranchBoundMRV,16,3,0.035598993,1402,1
hard_061,Hard,OMP-BranchBoundMRV,16,4,0.047762871,2057,1
hard_061,Hard,OMP-BranchBoundMRV,16,5,0.057596922,2164,1
hard_062,Hard,Serial,1,1,0.018938000,35899,1
hard_062,Hard,Serial,1,2,0.018869667,35899,1
hard_062,Hard,Serial,1,3,0.018796875,35899,1
hard_062,Hard,Serial,1,4,0.018795334,35899,1
hard_062,Hard,Serial,1,5,0.018801208,35899,1
hard_062,Hard,Serial-MRV,1,1,0.023299167,1635,1
hard_062,Hard,Serial-MRV,1,2,0.023360958,1635,1
hard_062,Hard,Serial-MRV,1,3,0.023314875,1635,1
hard_062,Hard,Serial-MRV,1,4,0.023459750,1635,1
hard_062,Hard,Serial-MRV,1,5,0.023826583,1635,1
hard_062,Hard,BranchBound,1,1,0.015912167,35899,1
hard_062,Hard,BranchBound,1,2,0.015874292,35899,1
hard_062,Hard,BranchBound,1,3,0.015760209,35899,1
hard_062,Hard,BranchBound,1,4,0.015758416,35899,1
hard_062,Hard,BranchBound,1,5,0.015832875,35899,1
hard_062,Hard,BranchBoundMRV,1,1,0.031562458,1635,1
hard_062,Hard,BranchBoundMRV,1,2,0.031425791,1635,1
hard_062,Hard,BranchBoundMRV,1,3,0.031384041,1635,1
hard_062,Hard,BranchBoundMRV,1,4,0.031868375,1635,1
hard_062,Hard,BranchBoundMRV,1,5,0.031508583,1635,1
hard_062,Hard,OpenMP,4,1,0.015852928,1635,1
hard_062,Hard,OpenMP,4,2,0.015755177,1635,1
hard_062,Hard,OpenMP,4,3,0.015763044,1635,1
hard_062,Hard,OpenMP,4,4,0.015763998,1635,1
hard_062,Hard,OpenMP,4,5,0.015703917,1635,1
hard_062,Hard,OpenMP,8,1,0.018527985,1635,1
hard_062,Hard,OpenMP,8,2,0.022141933,1635,1
hard_062,Hard,OpenMP,8,3,0.024563789,1635,1
hard_062,Hard,OpenMP,8,4,0.022975922,1635,1
hard_062,Hard,OpenMP,8,5,0.023047924,1635,1
hard_062,Hard,OpenMP,16,1,0.100355148,1635,1
hard_062,Hard,OpenMP,16,2,0.059673071,1635,1
hard_062,Hard,OpenMP,16,3,0.032564878,1635,1
hard_062,Hard,OpenMP,16,4,0.051417828,1635,1
hard_062,Hard,OpenMP,16,5,0.042118073,1635,1
hard_062,Hard,OMP-BranchBoundMRV,4,1,0.021039009,1635,1
hard_062,Hard,OMP-BranchBoundMRV,4,2,0.021464825,1635,1
hard_062,Hard,OMP-BranchBoundMRV,4,3,0.021766901,1635,1
hard_062,Hard,OMP-BranchBoundMRV,4,4,0.022310019,1635,1
hard_062,Hard,OMP-BranchBoundMRV,4,5,0.021787167,1635,1
hard_062,Hard,OMP-BranchBoundMRV,8,1,0.036172152,1635,1
hard_062,Hard,OMP-BranchBoundMRV,8,2,0.021028042,1635,1
hard_062,Hard,OMP-BranchBoundMRV,8,3,0.036321878,1635,1
hard_062,Hard,OMP-BranchBoundMRV,8,4,0.100780010,1635,1
hard_062,Hard,OMP-BranchBoundMRV,8,5,0.055050135,1635,1
hard_062,Hard,OMP-BranchBoundMRV,16,1,0.079676867,1635,1
hard_062,Hard,OMP-BranchBoundMRV,16,2,0.059777021,1277,1
hard_062,Hard,OMP-BranchBoundMRV,16,3,0.102553129,1635,1
hard_062,Hard,OMP-BranchBoundMRV,16,4,0.099647045,1635,1
hard_062,Hard,OMP-BranchBoundMRV,16,5,0.037904024,1568,1
hard_063,Hard,Serial,1,1,0.008832834,18553,1
hard_063,Hard,Serial,1,2,0.009084542,18553,1
hard_063,Hard,Serial,1,3,0.009133500,18553,1
hard_063,Hard,Serial,1,4,0.009212667,18553,1
hard_063,Hard,Serial,1,5,0.009103834,18553,1
hard_063,Hard,Serial-MRV,1,1,0.033537292,2038,1
hard_063,Hard,Serial-MRV,1,2,0.033410916,2038,1
hard_063,Hard,Serial-MRV,1,3,0.033071166,2038,1
hard_063,Hard,Serial-MRV,1,4,0.032609042,2038,1
hard_063,Hard,Serial-MRV,1,5,0.032485250,2038,1
hard_063,Hard,BranchBound,1,1,0.007845666,18553,1
hard_063,Hard,BranchBound,1,2,0.007685208,18553,1
hard_063,Hard,BranchBound,1,3,0.007787708,18553,1
hard_063,Hard,BranchBound,1,4,0.007637000,18553,1
hard_063,Hard,BranchBound,1,5,0.007701750,18553,1
hard_063,Hard,BranchBoundMRV,1,1,0.042739334,2038,1
hard_063,Hard,BranchBoundMRV,1,2,0.042259792,2038,1
hard_063,Hard,BranchBoundMRV,1,3,0.042209708,2038,1
hard_063,Hard,BranchBoundMRV,1,4,0.042602792,2038,1
hard_063,Hard,BranchBoundMRV,1,5,0.041908708,2038,1
hard_063,Hard,OpenMP,4,1,0.005272150,917,1
hard_063,Hard,OpenMP,4,2,0.005249977,913,1
hard_063,Hard,OpenMP,4,3,0.005218029,909,1
hard_063,Hard,OpenMP,4,4,0.005217075,913,1
hard_063,Hard,OpenMP,4,5,0.005215168,913,1
hard_063,Hard,OpenMP,8,1,0.005321980,754,1
hard_063,Hard,OpenMP,8,2,0.005267143,919,1
hard_063,Hard,OpenMP,8,3,0.005259991,750,1
hard_063,Hard,OpenMP,8,4,0.005274057,753,1
hard_063,Hard,OpenMP,8,5,0.012507915,1046,1
hard_063,Hard,OpenMP,16,1,0.030218124,752,1
hard_063,Hard,OpenMP,16,2,0.022313118,1477,1
hard_063,Hard,OpenMP,16,3,0.023795128,918,1
hard_063,Hard,OpenMP,16,4,0.020994186,733,1
hard_063,Hard,OpenMP,16,5,0.027825117,731,1
hard_063,Hard,OMP-BranchBoundMRV,4,1,0.007057905,913,1
hard_063,Hard,OMP-BranchBoundMRV,4,2,0.006962061,838,1
hard_063,Hard,OMP-BranchBoundMRV,4,3,0.008922100,1034,1
hard_063,Hard,OMP-BranchBoundMRV,4,4,0.006917000,907,1
hard_063,Hard,OMP-BranchBoundMRV,4,5,0.006931067,917,1
hard_063,Hard,OMP-BranchBoundMRV,8,1,0.008684158,934,1
hard_063,Hard,OMP-BranchBoundMRV,8,2,0.006942987,906,1
hard_063,Hard,OMP-BranchBoundMRV,8,3,0.006977081,752,1
hard_063,Hard,OMP-BranchBoundMRV,8,4,0.006974220,752,1
hard_063,Hard,OMP-BranchBoundMRV,8,5,0.006960154,724,1
hard_063,Hard,OMP-BranchBoundMRV,16,1,0.031890154,1915,1
hard_063,Hard,OMP-BranchBoundMRV,16,2,0.023380041,916,1
hard_063,Hard,OMP-BranchBoundMRV,16,3,0.040045023,1069,1
hard_063,Hard,OMP-BranchBoundMRV,16,4,0.076828003,904,1
hard_063,Hard,OMP-BranchBoundMRV,16,5,0.033215046,721,1
hard_064,Hard,Serial,1,1,0.001240416,2461,1
hard_064,Hard,Serial,1,2,0.002077500,2461,1
hard_064,Hard,Serial,1,3,0.001658875,2461,1
hard_064,Hard,Serial,1,4,0.001336667,2461,1
hard_064,Hard,Serial,1,5,0.002530958,2461,1
hard_064,Hard,Serial-MRV,1,1,0.018661083,1036,1
hard_064,Hard,Serial-MRV,1,2,0.017199542,1036,1
hard_064,Hard,Serial-MRV,1,3,0.016694250,1036,1
hard_064,Hard,Serial-MRV,1,4,0.016881041,1036,1
hard_064,Hard,Serial-MRV,1,5,0.016484625,1036,1
hard_064,Hard,BranchBound,1,1,0.001103959,2461,1
hard_064,Hard,BranchBound,1,2,0.001090208,2461,1
hard_064,Hard,BranchBound,1,3,0.001133792,2461,1
hard_064,Hard,BranchBound,1,4,0.001085750,2461,1
hard_064,Hard,BranchBound,1,5,0.001068334,2461,1
hard_064,Hard,BranchBoundMRV,1,1,0.021060375,1036,1
hard_064,Hard,BranchBoundMRV,1,2,0.021027667,1036,1
hard_064,Hard,BranchBoundMRV,1,3,0.021321917,1036,1
hard_064,Hard,BranchBoundMRV,1,4,0.021399625,1036,1
hard_064,Hard,BranchBoundMRV,1,5,0.021435791,1036,1
hard_064,Hard,OpenMP,4,1,0.005360126,792,1
hard_064,Hard,OpenMP,4,2,0.004814148,780,1
hard_064,Hard,OpenMP,4,3,0.004791975,780,1
hard_064,Hard,OpenMP,4,4,0.004834890,780,1
hard_064,Hard,OpenMP,4,5,0.004901886,777,1
hard_064,Hard,OpenMP,8,1,0.011080980,1036,1
hard_064,Hard,OpenMP,8,2,0.006965160,636,1
hard_064,Hard,OpenMP,8,3,0.007908106,768,1
hard_064,Hard,OpenMP,8,4,0.011158943,1036,1
hard_064,Hard,OpenMP,8,5,0.005508900,704,1
hard_064,Hard,OpenMP,16,1,0.064755917,778,1
hard_064,Hard,OpenMP,16,2,0.053472042,520,1
hard_064,Hard,OpenMP,16,3,0.021708965,775,1
hard_064,Hard,OpenMP,16,4,0.114480972,777,1
hard_064,Hard,OpenMP,16,5,0.050189018,880,1
hard_064,Hard,OMP-BranchBoundMRV,4,1,0.007879972,808,1
hard_064,Hard,OMP-BranchBoundMRV,4,2,0.007294893,782,1
hard_064,Hard,OMP-BranchBoundMRV,4,3,0.007246017,720,1
hard_064,Hard,OMP-BranchBoundMRV,4,4,0.006851912,742,1
hard_064,Hard,OMP-BranchBoundMRV,4,5,0.006930828,760,1
hard_064,Hard,OMP-BranchBoundMRV,8,1,0.010717154,555,1
hard_064,Hard,OMP-BranchBoundMRV,8,2,0.014539957,902,1
hard_064,Hard,OMP-BranchBoundMRV,8,3,0.009176016,898,1
hard_064,Hard,OMP-BranchBoundMRV,8,4,0.011868000,883,1
hard_064,Hard,OMP-BranchBoundMRV,8,5,0.013141870,965,1
hard_064,Hard,OMP-BranchBoundMRV,16,1,0.015882015,773,1
hard_064,Hard,OMP-BranchBoundMRV,16,2,0.030691862,1036,1
hard_064,Hard,OMP-BranchBoundMRV,16,3,0.013534069,608,1
hard_064,Hard,OMP-BranchBoundMRV,16,4,0.027753115,558,1
hard_064,Hard,OMP-BranchBoundMRV,16,5,0.088338852,1036,1
hard_065,Hard,Serial,1,1,0.004553583,7551,1
hard_065,Hard,Serial,1,2,0.004073500,7551,1
hard_065,Hard,Serial,1,3,0.003995584,7551,1
hard_065,Hard,Serial,1,4,0.004053583,7551,1
hard_065,Hard,Serial,1,5,0.003928542,7551,1
hard_065,Hard,Serial-MRV,1,1,0.020151125,1050,1
hard_065,Hard,Serial-MRV,1,2,0.020233333,1050,1
hard_065,Hard,Serial-MRV,1,3,0.019442958,1050,1
hard_065,Hard,Serial-MRV,1,4,0.019371583,1050,1
hard_065,Hard,Serial-MRV,1,5,0.019425208,1050,1
hard_065,Hard,BranchBound,1,1,0.003587959,7551,1
hard_065,Hard,BranchBound,1,2,0.003452792,7551,1
hard_065,Hard,BranchBound,1,3,0.003453542,7551,1
hard_065,Hard,BranchBound,1,4,0.003463000,7551,1
hard_065,Hard,BranchBound,1,5,0.003478292,7551,1
hard_065,Hard,BranchBoundMRV,1,1,0.024829625,1050,1
hard_065,Hard,BranchBoundMRV,1,2,0.024731458,1050,1
hard_065,Hard,BranchBoundMRV,1,3,0.025181666,1050,1
hard_065,Hard,BranchBoundMRV,1,4,0.025009583,1050,1
hard_065,Hard,BranchBoundMRV,1,5,0.025006542,1050,1
hard_065,Hard,OpenMP,4,1,0.005903959,820,1
hard_065,Hard,OpenMP,4,2,0.010732889,1037,1
hard_065,Hard,OpenMP,4,3,0.011631012,1044,1
hard_065,Hard,OpenMP,4,4,0.006062031,648,1
hard_065,Hard,OpenMP,4,5,0.006425142,641,1
hard_065,Hard,OpenMP,8,1,0.013602972,1018,1
hard_065,Hard,OpenMP,8,2,0.186397791,1050,1
hard_065,Hard,OpenMP,8,3,0.023261070,890,1
hard_065,Hard,OpenMP,8,4,0.044198990,1050,1
hard_065,Hard,OpenMP,8,5,0.010625839,694,1
hard_065,Hard,OpenMP,16,1,0.121937037,1050,1
hard_065,Hard,OpenMP,16,2,0.007401228,767,1
hard_065,Hard,OpenMP,16,3,0.020689964,732,1
hard_065,Hard,OpenMP,16,4,0.047863007,597,1
hard_065,Hard,OpenMP,16,5,0.016422033,460,1
hard_065,Hard,OMP-BranchBoundMRV,4,1,0.007240057,825,1
hard_065,Hard,OMP-BranchBoundMRV,4,2,0.007144928,820,1
hard_065,Hard,OMP-BranchBoundMRV,4,3,0.007432938,827,1
hard_065,Hard,OMP-BranchBoundMRV,4,4,0.007776022,838,1
hard_065,Hard,OMP-BranchBoundMRV,4,5,0.007560015,823,1
hard_065,Hard,OMP-BranchBoundMRV,8,1,0.007698059,649,1
hard_065,Hard,OMP-BranchBoundMRV,8,2,0.007700920,648,1
hard_065,Hard,OMP-BranchBoundMRV,8,3,0.007674932,620,1
hard_065,Hard,OMP-BranchBoundMRV,8,4,0.007748127,636,1
hard_065,Hard,OMP-BranchBoundMRV,8,5,0.018109083,1012,1
hard_065,Hard,OMP-BranchBoundMRV,16,1,0.154240131,647,1
hard_065,Hard,OMP-BranchBoundMRV,16,2,0.046649933,824,1
hard_065,Hard,OMP-BranchBoundMRV,16,3,0.080326796,1050,1
hard_065,Hard,OMP-BranchBoundMRV,16,4,0.030148983,826,1
hard_065,Hard,OMP-BranchBoundMRV,16,5,0.063729048,648,1
hard_066,Hard,Serial,1,1,0.080639375,164883,1
hard_066,Hard,Serial,1,2,0.085026291,164883,1
hard_066,Hard,Serial,1,3,0.138171375,164883,1
hard_066,Hard,Serial,1,4,0.079405208,164883,1
hard_066,Hard,Serial,1,5,0.147379708,164883,1
hard_066,Hard,Serial-MRV,1,1,0.062795041,2144,1
hard_066,Hard,Serial-MRV,1,2,0.044867291,2144,1
hard_066,Hard,Serial-MRV,1,3,0.035446625,2144,1
hard_066,Hard,Serial-MRV,1,4,0.035284083,2144,1
hard_066,Hard,Serial-MRV,1,5,0.035483208,2144,1
hard_066,Hard,BranchBound,1,1,0.068441000,164883,1
hard_066,Hard,BranchBound,1,2,0.067857625,164883,1
hard_066,Hard,BranchBound,1,3,0.067881667,164883,1
hard_066,Hard,BranchBound,1,4,0.067880500,164883,1
hard_066,Hard,BranchBound,1,5,0.067866833,164883,1
hard_066,Hard,BranchBoundMRV,1,1,0.048290166,2144,1
hard_066,Hard,BranchBoundMRV,1,2,0.048247167,2144,1
hard_066,Hard,BranchBoundMRV,1,3,0.048121541,2144,1
hard_066,Hard,BranchBoundMRV,1,4,0.048221917,2144,1
hard_066,Hard,BranchBoundMRV,1,5,0.048223458,2144,1
hard_066,Hard,OpenMP,4,1,0.008673906,1765,1
hard_066,Hard,OpenMP,4,2,0.008646011,1904,1
hard_066,Hard,OpenMP,4,3,0.008667946,1733,1
hard_066,Hard,OpenMP,4,4,0.008992910,1899,1
hard_066,Hard,OpenMP,4,5,0.008655071,1901,1
hard_066,Hard,OpenMP,8,1,0.008677959,1577,1
hard_066,Hard,OpenMP,8,2,0.024093866,2144,1
hard_066,Hard,OpenMP,8,3,0.015778065,2144,1
hard_066,Hard,OpenMP,8,4,0.023105860,2041,1
hard_066,Hard,OpenMP,8,5,0.008666039,1535,1
hard_066,Hard,OpenMP,16,1,0.084138870,1957,1
hard_066,Hard,OpenMP,16,2,0.048701048,2083,1
hard_066,Hard,OpenMP,16,3,0.043648005,1824,1
hard_066,Hard,OpenMP,16,4,0.041867971,1863,1
hard_066,Hard,OpenMP,16,5,0.063407898,2144,1
hard_066,Hard,OMP-BranchBoundMRV,4,1,0.011862040,1486,1
hard_066,Hard,OMP-BranchBoundMRV,4,2,0.011695862,1741,1
hard_066,Hard,OMP-BranchBoundMRV,4,3,0.011681795,1735,1
hard_066,Hard,OMP-BranchBoundMRV,4,4,0.011696100,1742,1
hard_066,Hard,OMP-BranchBoundMRV,4,5,0.011860132,1723,1
hard_066,Hard,OMP-BranchBoundMRV,8,1,0.017536879,1984,1
hard_066,Hard,OMP-BranchBoundMRV,8,2,0.014262199,1745,1
hard_066,Hard,OMP-BranchBoundMRV,8,3,0.019060135,1953,1
hard_066,Hard,OMP-BranchBoundMRV,8,4,0.013244867,1774,1
hard_066,Hard,OMP-BranchBoundMRV,8,5,0.017643929,1954,1
hard_066,Hard,OMP-BranchBoundMRV,16,1,0.197952032,1369,1
hard_066,Hard,OMP-BranchBoundMRV,16,2,0.065005064,1865,1
hard_066,Hard,OMP-BranchBoundMRV,16,3,0.047354937,1477,1
hard_066,Hard,OMP-BranchBoundMRV,16,4,0.092535019,1658,1
hard_066,Hard,OMP-BranchBoundMRV,16,5,0.069756985,2140,1
hard_067,Hard,Serial,1,1,0.001082708,1943,1
hard_067,Hard,Serial,1,2,0.001007167,1943,1
hard_067,Hard,Serial,1,3,0.001007083,1943,1
hard_067,Hard,Serial,1,4,0.001053916,1943,1
hard_067,Hard,Serial,1,5,0.001055250,1943,1
hard_067,Hard,Serial-MRV,1,1,0.016681416,1051,1
hard_067,Hard,Serial-MRV,1,2,0.016603834,1051,1
hard_067,Hard,Serial-MRV,1,3,0.016580208,1051,1
hard_067,Hard,Serial-MRV,1,4,0.016391208,1051,1
hard_067,Hard,Serial-MRV,1,5,0.016427667,1051,1
hard_067,Hard,BranchBound,1,1,0.000926333,1943,1
hard_067,Hard,BranchBound,1,2,0.000876667,1943,1
hard_067,Hard,BranchBound,1,3,0.000873042,1943,1
hard_067,Hard,BranchBound,1,4,0.000876250,1943,1
hard_067,Hard,BranchBound,1,5,0.000873125,1943,1
hard_067,Hard,BranchBoundMRV,1,1,0.020404375,1051,1
hard_067,Hard,BranchBoundMRV,1,2,0.020354583,1051,1
hard_067,Hard,BranchBoundMRV,1,3,0.020322417,1051,1
hard_067,Hard,BranchBoundMRV,1,4,0.020420167,1051,1
hard_067,Hard,BranchBoundMRV,1,5,0.020369958,1051,1
hard_067,Hard,OpenMP,4,1,0.002435207,414,1
hard_067,Hard,OpenMP,4,2,0.002417088,414,1
hard_067,Hard,OpenMP,4,3,0.002425909,408,1
hard_067,Hard,OpenMP,4,4,0.002414942,413,1
hard_067,Hard,OpenMP,4,5,0.002412796,413,1
hard_067,Hard,OpenMP,8,1,0.006914854,616,1
hard_067,Hard,OpenMP,8,2,0.002453089,255,1
hard_067,Hard,OpenMP,8,3,0.005805016,842,1
hard_067,Hard,OpenMP,8,4,0.005640984,826,1
hard_067,Hard,OpenMP,8,5,0.002416849,415,1
hard_067,Hard,OpenMP,16,1,0.033381939,819,1
hard_067,Hard,OpenMP,16,2,0.023488998,980,1
hard_067,Hard,OpenMP,16,3,0.021568060,823,1
hard_067,Hard,OpenMP,16,4,0.034233093,407,1
hard_067,Hard,OpenMP,16,5,0.054673910,855,1
hard_067,Hard,OMP-BranchBoundMRV,4,1,0.003638029,473,1
hard_067,Hard,OMP-BranchBoundMRV,4,2,0.003615856,481,1
hard_067,Hard,OMP-BranchBoundMRV,4,3,0.003700018,491,1
hard_067,Hard,OMP-BranchBoundMRV,4,4,0.003890038,493,1
hard_067,Hard,OMP-BranchBoundMRV,4,5,0.003678799,481,1
hard_067,Hard,OMP-BranchBoundMRV,8,1,0.008566141,730,1
hard_067,Hard,OMP-BranchBoundMRV,8,2,0.010904074,240,1
hard_067,Hard,OMP-BranchBoundMRV,8,3,0.014766932,1051,1
hard_067,Hard,OMP-BranchBoundMRV,8,4,0.003669977,317,1
hard_067,Hard,OMP-BranchBoundMRV,8,5,0.003645897,377,1
hard_067,Hard,OMP-BranchBoundMRV,16,1,0.099151850,477,1
hard_067,Hard,OMP-BranchBoundMRV,16,2,0.066126108,370,1
hard_067,Hard,OMP-BranchBoundMRV,16,3,0.034152031,1051,1
hard_067,Hard,OMP-BranchBoundMRV,16,4,0.036289930,376,1
hard_067,Hard,OMP-BranchBoundMRV,16,5,0.037235975,1051,1
hard_068,Hard,Serial,1,1,0.039588416,75706,1
hard_068,Hard,Serial,1,2,0.039372708,75706,1
hard_068,Hard,Serial,1,3,0.039262042,75706,1
hard_068,Hard,Serial,1,4,0.039191875,75706,1
hard_068,Hard,Serial,1,5,0.039141875,75706,1
hard_068,Hard,Serial-MRV,1,1,0.030229541,2095,1
hard_068,Hard,Serial-MRV,1,2,0.030063375,2095,1
hard_068,Hard,Serial-MRV,1,3,0.030095625,2095,1
hard_068,Hard,Serial-MRV,1,4,0.030165375,2095,1
hard_068,Hard,Serial-MRV,1,5,0.030131333,2095,1
hard_068,Hard,BranchBound,1,1,0.031848417,75706,1
hard_068,Hard,BranchBound,1,2,0.031970333,75706,1
hard_068,Hard,BranchBound,1,3,0.031878375,75706,1
hard_068,Hard,BranchBound,1,4,0.031806292,75706,1
hard_068,Hard,BranchBound,1,5,0.031802042,75706,1
hard_068,Hard,BranchBoundMRV,1,1,0.041119708,2095,1
hard_068,Hard,BranchBoundMRV,1,2,0.041450208,2095,1
hard_068,Hard,BranchBoundMRV,1,3,0.041186292,2095,1
hard_068,Hard,BranchBoundMRV,1,4,0.041242792,2095,1
hard_068,Hard,BranchBoundMRV,1,5,0.041164208,2095,1
hard_068,Hard,OpenMP,4,1,0.018169165,2099,1
hard_068,Hard,OpenMP,4,2,0.018010139,2099,1
hard_068,Hard,OpenMP,4,3,0.018007994,2099,1
hard_068,Hard,OpenMP,4,4,0.018013000,2099,1
hard_068,Hard,OpenMP,4,5,0.018007040,2099,1
hard_068,Hard,OpenMP,8,1,0.030320883,2099,1
hard_068,Hard,OpenMP,8,2,0.029314041,2099,1
hard_068,Hard,OpenMP,8,3,0.023996115,2099,1
hard_068,Hard,OpenMP,8,4,0.024301052,2099,1
hard_068,Hard,OpenMP,8,5,0.024015188,2099,1
hard_068,Hard,OpenMP,16,1,0.049232960,2099,1
hard_068,Hard,OpenMP,16,2,0.069396973,2099,1
hard_068,Hard,OpenMP,16,3,0.059899092,1855,1
hard_068,Hard,OpenMP,16,4,0.052135944,1853,1
hard_068,Hard,OpenMP,16,5,0.053614855,1897,1
hard_068,Hard,OMP-BranchBoundMRV,4,1,0.024720192,2099,1
hard_068,Hard,OMP-BranchBoundMRV,4,2,0.025401115,2099,1
hard_068,Hard,OMP-BranchBoundMRV,4,3,0.025856018,2099,1
hard_068,Hard,OMP-BranchBoundMRV,4,4,0.026265144,2099,1
hard_068,Hard,OMP-BranchBoundMRV,4,5,0.026242018,2099,1
hard_068,Hard,OMP-BranchBoundMRV,8,1,0.032608986,2099,1
hard_068,Hard,OMP-BranchBoundMRV,8,2,0.031805992,2099,1
hard_068,Hard,OMP-BranchBoundMRV,8,3,0.025460005,2099,1
hard_068,Hard,OMP-BranchBoundMRV,8,4,0.039522886,2099,1
hard_068,Hard,OMP-BranchBoundMRV,8,5,0.031713963,2099,1
hard_068,Hard,OMP-BranchBoundMRV,16,1,0.095874071,2099,1
hard_068,Hard,OMP-BranchBoundMRV,16,2,0.314254999,2099,1
hard_068,Hard,OMP-BranchBoundMRV,16,3,0.112819195,2099,1
hard_068,Hard,OMP-BranchBoundMRV,16,4,0.044387817,2099,1
hard_068,Hard,OMP-BranchBoundMRV,16,5,0.038866043,2099,1
hard_069,Hard,Serial,1,1,0.015236125,28889,1
hard_069,Hard,Serial,1,2,0.015148208,28889,1
hard_069,Hard,Serial,1,3,0.015141125,28889,1
hard_069,Hard,Serial,1,4,0.015071083,28889,1
hard_069,Hard,Serial,1,5,0.015127958,28889,1
hard_069,Hard,Serial-MRV,1,1,0.072887459,4339,1
hard_069,Hard,Serial-MRV,1,2,0.072672334,4339,1
hard_069,Hard,Serial-MRV,1,3,0.072756209,4339,1
hard_069,Hard,Serial-MRV,1,4,0.072976208,4339,1
hard_069,Hard,Serial-MRV,1,5,0.072691541,4339,1
hard_069,Hard,BranchBound,1,1,0.012555000,28889,1
hard_069,Hard,BranchBound,1,2,0.012556292,28889,1
hard_069,Hard,BranchBound,1,3,0.012638291,28889,1
hard_069,Hard,BranchBound,1,4,0.012485167,28889,1
hard_069,Hard,BranchBound,1,5,0.012592208,28889,1
hard_069,Hard,BranchBoundMRV,1,1,0.095831625,4339,1
hard_069,Hard,BranchBoundMRV,1,2,0.095955292,4339,1
hard_069,Hard,BranchBoundMRV,1,3,0.095441250,4339,1
hard_069,Hard,BranchBoundMRV,1,4,0.095293250,4339,1
hard_069,Hard,BranchBoundMRV,1,5,0.095368417,4339,1
hard_069,Hard,OpenMP,4,1,0.002303123,512,1
hard_069,Hard,OpenMP,4,2,0.002279043,512,1
hard_069,Hard,OpenMP,4,3,0.002278805,512,1
hard_069,Hard,OpenMP,4,4,0.002274036,510,1
hard_069,Hard,OpenMP,4,5,0.002275944,508,1
hard_069,Hard,OpenMP,8,1,0.005538940,1402,1
hard_069,Hard,OpenMP,8,2,0.005424976,1624,1
hard_069,Hard,OpenMP,8,3,0.005543947,1350,1
hard_069,Hard,OpenMP,8,4,0.002386093,579,1
hard_069,Hard,OpenMP,8,5,0.002338171,646,1
hard_069,Hard,OpenMP,16,1,0.025472164,521,1
hard_069,Hard,OpenMP,16,2,0.061903000,1781,1
hard_069,Hard,OpenMP,16,3,0.020252943,1414,1
hard_069,Hard,OpenMP,16,4,0.041898012,1540,1
hard_069,Hard,OpenMP,16,5,0.056376934,1717,1
hard_069,Hard,OMP-BranchBoundMRV,4,1,0.012639046,2122,1
hard_069,Hard,OMP-BranchBoundMRV,4,2,0.012609005,2126,1
hard_069,Hard,OMP-BranchBoundMRV,4,3,0.012620926,2127,1
hard_069,Hard,OMP-BranchBoundMRV,4,4,0.012626171,2123,1
hard_069,Hard,OMP-BranchBoundMRV,4,5,0.012619019,2126,1
hard_069,Hard,OMP-BranchBoundMRV,8,1,0.003103971,529,1
hard_069,Hard,OMP-BranchBoundMRV,8,2,0.003092051,642,1
hard_069,Hard,OMP-BranchBoundMRV,8,3,0.007802963,1303,1
hard_069,Hard,OMP-BranchBoundMRV,8,4,0.003099918,542,1
hard_069,Hard,OMP-BranchBoundMRV,8,5,0.007802963,1442,1
hard_069,Hard,OMP-BranchBoundMRV,16,1,0.030830860,1664,1
hard_069,Hard,OMP-BranchBoundMRV,16,2,0.142807961,626,1
hard_069,Hard,OMP-BranchBoundMRV,16,3,0.060927868,2122,1
hard_069,Hard,OMP-BranchBoundMRV,16,4,0.043565989,1424,1
hard_069,Hard,OMP-BranchBoundMRV,16,5,0.055987835,1318,1
hard_070,Hard,Serial,1,1,0.016268458,32799,1
hard_070,Hard,Serial,1,2,0.016135542,32799,1
hard_070,Hard,Serial,1,3,0.016157292,32799,1
hard_070,Hard,Serial,1,4,0.016077666,32799,1
hard_070,Hard,Serial,1,5,0.016085709,32799,1
hard_070,Hard,Serial-MRV,1,1,0.036975916,2018,1
hard_070,Hard,Serial-MRV,1,2,0.036962625,2018,1
hard_070,Hard,Serial-MRV,1,3,0.036773375,2018,1
hard_070,Hard,Serial-MRV,1,4,0.036907667,2018,1
hard_070,Hard,Serial-MRV,1,5,0.036827042,2018,1
hard_070,Hard,BranchBound,1,1,0.014302041,32799,1
hard_070,Hard,BranchBound,1,2,0.014212416,32799,1
hard_070,Hard,BranchBound,1,3,0.014348208,32799,1
hard_070,Hard,BranchBound,1,4,0.014251000,32799,1
hard_070,Hard,BranchBound,1,5,0.014280917,32799,1
hard_070,Hard,BranchBoundMRV,1,1,0.047477875,2018,1
hard_070,Hard,BranchBoundMRV,1,2,0.047488959,2018,1
hard_070,Hard,BranchBoundMRV,1,3,0.047305875,2018,1
hard_070,Hard,BranchBoundMRV,1,4,0.047400917,2018,1
hard_070,Hard,BranchBoundMRV,1,5,0.047480917,2018,1
hard_070,Hard,OpenMP,4,1,0.000905991,157,1
hard_070,Hard,OpenMP,4,2,0.000865221,152,1
hard_070,Hard,OpenMP,4,3,0.000860929,152,1
hard_070,Hard,OpenMP,4,4,0.000863075,152,1
hard_070,Hard,OpenMP,4,5,0.000875950,161,1
hard_070,Hard,OpenMP,8,1,0.002030849,332,1
hard_070,Hard,OpenMP,8,2,0.002418995,289,1
hard_070,Hard,OpenMP,8,3,0.002372980,474,1
hard_070,Hard,OpenMP,8,4,0.000952005,152,1
hard_070,Hard,OpenMP,8,5,0.001995087,411,1
hard_070,Hard,OpenMP,16,1,0.093970060,168,1
hard_070,Hard,OpenMP,16,2,0.031080008,344,1
hard_070,Hard,OpenMP,16,3,0.058764935,1174,1
hard_070,Hard,OpenMP,16,4,0.043815136,399,1
hard_070,Hard,OpenMP,16,5,0.042697191,181,1
hard_070,Hard,OMP-BranchBoundMRV,4,1,0.001358986,156,1
hard_070,Hard,OMP-BranchBoundMRV,4,2,0.001354933,178,1
hard_070,Hard,OMP-BranchBoundMRV,4,3,0.001353025,178,1
hard_070,Hard,OMP-BranchBoundMRV,4,4,0.001349211,178,1
hard_070,Hard,OMP-BranchBoundMRV,4,5,0.001391888,178,1
hard_070,Hard,OMP-BranchBoundMRV,8,1,0.003093004,386,1
hard_070,Hard,OMP-BranchBoundMRV,8,2,0.001383066,178,1
hard_070,Hard,OMP-BranchBoundMRV,8,3,0.001399994,137,1
hard_070,Hard,OMP-BranchBoundMRV,8,4,0.004838943,432,1
hard_070,Hard,OMP-BranchBoundMRV,8,5,0.002979994,458,1
hard_070,Hard,OMP-BranchBoundMRV,16,1,0.062882185,401,1
hard_070,Hard,OMP-BranchBoundMRV,16,2,0.103151083,432,1
hard_070,Hard,OMP-BranchBoundMRV,16,3,0.041417122,458,1
hard_070,Hard,OMP-BranchBoundMRV,16,4,0.028070211,210,1
hard_070,Hard,OMP-BranchBoundMRV,16,5,0.041115046,200,1
hard_071,Hard,Serial,1,1,0.013476250,27758,1
hard_071,Hard,Serial,1,2,0.013254750,27758,1
hard_071,Hard,Serial,1,3,0.013363125,27758,1
hard_071,Hard,Serial,1,4,0.013321334,27758,1
hard_071,Hard,Serial,1,5,0.013349000,27758,1
hard_071,Hard,Serial-MRV,1,1,0.019481583,1094,1
hard_071,Hard,Serial-MRV,1,2,0.019519667,1094,1
hard_071,Hard,Serial-MRV,1,3,0.019554833,1094,1
hard_071,Hard,Serial-MRV,1,4,0.019522583,1094,1
hard_071,Hard,Serial-MRV,1,5,0.019474667,1094,1
hard_071,Hard,BranchBound,1,1,0.011450791,27758,1
hard_071,Hard,BranchBound,1,2,0.011513791,27758,1
hard_071,Hard,BranchBound,1,3,0.011530292,27758,1
hard_071,Hard,BranchBound,1,4,0.011525291,27758,1
hard_071,Hard,BranchBound,1,5,0.011564833,27758,1
hard_071,Hard,BranchBoundMRV,1,1,0.024839583,1094,1
hard_071,Hard,BranchBoundMRV,1,2,0.024681792,1094,1
hard_071,Hard,BranchBoundMRV,1,3,0.024703625,1094,1
hard_071,Hard,BranchBoundMRV,1,4,0.024739042,1094,1
hard_071,Hard,BranchBoundMRV,1,5,0.024706666,1094,1
hard_071,Hard,OpenMP,4,1,0.004483938,963,1
hard_071,Hard,OpenMP,4,2,0.004469156,963,1
hard_071,Hard,OpenMP,4,3,0.004481077,966,1
hard_071,Hard,OpenMP,4,4,0.004586935,983,1
hard_071,Hard,OpenMP,4,5,0.004459858,961,1
hard_071,Hard,OpenMP,8,1,0.011191130,1489,1
hard_071,Hard,OpenMP,8,2,0.012499094,1676,1
hard_071,Hard,OpenMP,8,3,0.010800838,1637,1
hard_071,Hard,OpenMP,8,4,0.010519981,1500,1
hard_071,Hard,OpenMP,8,5,0.006169081,857,1
hard_071,Hard,OpenMP,16,1,0.031135798,1466,1
hard_071,Hard,OpenMP,16,2,0.108055115,1392,1
hard_071,Hard,OpenMP,16,3,0.049090147,984,1
hard_071,Hard,OpenMP,16,4,0.052180052,979,1
hard_071,Hard,OpenMP,16,5,0.052540064,1710,1
hard_071,Hard,OMP-BranchBoundMRV,4,1,0.005601883,925,1
hard_071,Hard,OMP-BranchBoundMRV,4,2,0.005619049,928,1
hard_071,Hard,OMP-BranchBoundMRV,4,3,0.005649090,932,1
hard_071,Hard,OMP-BranchBoundMRV,4,4,0.005590916,925,1
hard_071,Hard,OMP-BranchBoundMRV,4,5,0.005587101,924,1
hard_071,Hard,OMP-BranchBoundMRV,8,1,0.005627871,786,1
hard_071,Hard,OMP-BranchBoundMRV,8,2,0.006549835,811,1
hard_071,Hard,OMP-BranchBoundMRV,8,3,0.006648064,832,1
hard_071,Hard,OMP-BranchBoundMRV,8,4,0.011556149,1391,1
hard_071,Hard,OMP-BranchBoundMRV,8,5,0.011861086,1237,1
hard_071,Hard,OMP-BranchBoundMRV,16,1,0.141048908,1571,1
hard_071,Hard,OMP-BranchBoundMRV,16,2,0.038842916,1507,1
hard_071,Hard,OMP-BranchBoundMRV,16,3,0.050498009,927,1
hard_071,Hard,OMP-BranchBoundMRV,16,4,0.052577019,1710,1
hard_071,Hard,OMP-BranchBoundMRV,16,5,0.086430073,1533,1
hard_072,Hard,Serial,1,1,0.103705084,212860,1
hard_072,Hard,Serial,1,2,0.103613333,212860,1
hard_072,Hard,Serial,1,3,0.103408500,212860,1
hard_072,Hard,Serial,1,4,0.103477292,212860,1
hard_072,Hard,Serial,1,5,0.103547791,212860,1
hard_072,Hard,Serial-MRV,1,1,0.020089792,1342,1
hard_072,Hard,Serial-MRV,1,2,0.020063291,1342,1
hard_072,Hard,Serial-MRV,1,3,0.020172083,1342,1
hard_072,Hard,Serial-MRV,1,4,0.020044750,1342,1
hard_072,Hard,Serial-MRV,1,5,0.020046667,1342,1
hard_072,Hard,BranchBound,1,1,0.084854292,212860,1
hard_072,Hard,BranchBound,1,2,0.085056333,212860,1
hard_072,Hard,BranchBound,1,3,0.085144333,212860,1
hard_072,Hard,BranchBound,1,4,0.085195250,212860,1
hard_072,Hard,BranchBound,1,5,0.085491500,212860,1
hard_072,Hard,BranchBoundMRV,1,1,0.026567917,1342,1
hard_072,Hard,BranchBoundMRV,1,2,0.026514625,1342,1
hard_072,Hard,BranchBoundMRV,1,3,0.026535333,1342,1
hard_072,Hard,BranchBoundMRV,1,4,0.026577000,1342,1
hard_072,Hard,BranchBoundMRV,1,5,0.026581833,1342,1
hard_072,Hard,OpenMP,4,1,0.006811857,1078,1
hard_072,Hard,OpenMP,4,2,0.006757975,1076,1
hard_072,Hard,OpenMP,4,3,0.006792068,1078,1
hard_072,Hard,OpenMP,4,4,0.006785154,1079,1
hard_072,Hard,OpenMP,4,5,0.006793976,1079,1
hard_072,Hard,OpenMP,8,1,0.006963015,905,1
hard_072,Hard,OpenMP,8,2,0.006772041,897,1
hard_072,Hard,OpenMP,8,3,0.019196987,1414,1
hard_072,Hard,OpenMP,8,4,0.016795874,1414,1
hard_072,Hard,OpenMP,8,5,0.006882906,1103,1
hard_072,Hard,OpenMP,16,1,0.033429861,1205,1
hard_072,Hard,OpenMP,16,2,0.042724133,1414,1
hard_072,Hard,OpenMP,16,3,0.057738781,1414,1
hard_072,Hard,OpenMP,16,4,0.083034039,1414,1
hard_072,Hard,OpenMP,16,5,0.043805838,867,1
hard_072,Hard,OMP-BranchBoundMRV,4,1,0.011346102,1314,1
hard_072,Hard,OMP-BranchBoundMRV,4,2,0.008575201,1183,1
hard_072,Hard,OMP-BranchBoundMRV,4,3,0.008583069,1184,1
hard_072,Hard,OMP-BranchBoundMRV,4,4,0.008564949,1179,1
hard_072,Hard,OMP-BranchBoundMRV,4,5,0.008574963,1183,1
hard_072,Hard,OMP-BranchBoundMRV,8,1,0.008641005,1083,1
hard_072,Hard,OMP-BranchBoundMRV,8,2,0.014515877,1176,1
hard_072,Hard,OMP-BranchBoundMRV,8,3,0.022878885,1414,1
hard_072,Hard,OMP-BranchBoundMRV,8,4,0.020441055,1414,1
hard_072,Hard,OMP-BranchBoundMRV,8,5,0.014904976,1175,1
hard_072,Hard,OMP-BranchBoundMRV,16,1,0.159191132,1099,1
hard_072,Hard,OMP-BranchBoundMRV,16,2,0.024549007,1077,1
hard_072,Hard,OMP-BranchBoundMRV,16,3,0.031410217,1088,1
hard_072,Hard,OMP-BranchBoundMRV,16,4,0.069207907,1414,1
hard_072,Hard,OMP-BranchBoundMRV,16,5,0.051835060,1186,1
hard_073,Hard,Serial,1,1,0.008993000,19574,1
hard_073,Hard,Serial,1,2,0.009008792,19574,1
hard_073,Hard,Serial,1,3,0.008954292,19574,1
hard_073,Hard,Serial,1,4,0.009027083,19574,1
hard_073,Hard,Serial,1,5,0.008911083,19574,1
hard_073,Hard,Serial-MRV,1,1,0.034010000,2039,1
hard_073,Hard,Serial-MRV,1,2,0.034075125,2039,1
hard_073,Hard,Serial-MRV,1,3,0.034029916,2039,1
hard_073,Hard,Serial-MRV,1,4,0.033968458,2039,1
hard_073,Hard,Serial-MRV,1,5,0.034046083,2039,1
hard_073,Hard,BranchBound,1,1,0.008026500,19574,1
hard_073,Hard,BranchBound,1,2,0.007918792,19574,1
hard_073,Hard,BranchBound,1,3,0.007987958,19574,1
hard_073,Hard,BranchBound,1,4,0.007904125,19574,1
hard_073,Hard,BranchBound,1,5,0.007979750,19574,1
hard_073,Hard,BranchBoundMRV,1,1,0.041768709,2039,1
hard_073,Hard,BranchBoundMRV,1,2,0.041924958,2039,1
hard_073,Hard,BranchBoundMRV,1,3,0.041782292,2039,1
hard_073,Hard,BranchBoundMRV,1,4,0.041738459,2039,1
hard_073,Hard,BranchBoundMRV,1,5,0.041723084,2039,1
hard_073,Hard,OpenMP,4,1,0.003944159,836,1
hard_073,Hard,OpenMP,4,2,0.003931999,840,1
hard_073,Hard,OpenMP,4,3,0.003919840,839,1
hard_073,Hard,OpenMP,4,4,0.003927946,840,1
hard_073,Hard,OpenMP,4,5,0.003920078,837,1
hard_073,Hard,OpenMP,8,1,0.013149977,1786,1
hard_073,Hard,OpenMP,8,2,0.010540009,1818,1
hard_073,Hard,OpenMP,8,3,0.008964062,666,1
hard_073,Hard,OpenMP,8,4,0.010476112,1747,1
hard_073,Hard,OpenMP,8,5,0.009522200,1561,1
hard_073,Hard,OpenMP,16,1,0.031658888,934,1
hard_073,Hard,OpenMP,16,2,0.045599937,1659,1
hard_073,Hard,OpenMP,16,3,0.028238058,718,1
hard_073,Hard,OpenMP,16,4,0.028856993,1021,1
hard_073,Hard,OpenMP,16,5,0.037986994,1792,1
hard_073,Hard,OMP-BranchBoundMRV,4,1,0.005164146,876,1
hard_073,Hard,OMP-BranchBoundMRV,4,2,0.005079031,862,1
hard_073,Hard,OMP-BranchBoundMRV,4,3,0.005076885,858,1
hard_073,Hard,OMP-BranchBoundMRV,4,4,0.005054951,863,1
hard_073,Hard,OMP-BranchBoundMRV,4,5,0.005059004,855,1
hard_073,Hard,OMP-BranchBoundMRV,8,1,0.005067825,843,1
hard_073,Hard,OMP-BranchBoundMRV,8,2,0.007571936,840,1
hard_073,Hard,OMP-BranchBoundMRV,8,3,0.012248993,1868,1
hard_073,Hard,OMP-BranchBoundMRV,8,4,0.005043983,818,1
hard_073,Hard,OMP-BranchBoundMRV,8,5,0.005796909,1141,1
hard_073,Hard,OMP-BranchBoundMRV,16,1,0.105445862,1391,1
hard_073,Hard,OMP-BranchBoundMRV,16,2,0.057598114,1225,1
hard_073,Hard,OMP-BranchBoundMRV,16,3,0.034212112,1069,1
hard_073,Hard,OMP-BranchBoundMRV,16,4,0.021951199,934,1
hard_073,Hard,OMP-BranchBoundMRV,16,5,0.068958044,1587,1
hard_074,Hard,Serial,1,1,0.004364875,9292,1
hard_074,Hard,Serial,1,2,0.004392125,9292,1
hard_074,Hard,Serial,1,3,0.004525917,9292,1
hard_074,Hard,Serial,1,4,0.004748000,9292,1
hard_074,Hard,Serial,1,5,0.004378291,9292,1
hard_074,Hard,Serial-MRV,1,1,0.022064167,1203,1
hard_074,Hard,Serial-MRV,1,2,0.022253709,1203,1
hard_074,Hard,Serial-MRV,1,3,0.021748084,1203,1
hard_074,Hard,Serial-MRV,1,4,0.021110958,1203,1
hard_074,Hard,Serial-MRV,1,5,0.021011667,1203,1
hard_074,Hard,BranchBound,1,1,0.003754708,9292,1
hard_074,Hard,BranchBound,1,2,0.003758708,9292,1
hard_074,Hard,BranchBound,1,3,0.003770334,9292,1
hard_074,Hard,BranchBound,1,4,0.003848209,9292,1
hard_074,Hard,BranchBound,1,5,0.003752208,9292,1
hard_074,Hard,BranchBoundMRV,1,1,0.027563292,1203,1
hard_074,Hard,BranchBoundMRV,1,2,0.027680167,1203,1
hard_074,Hard,BranchBoundMRV,1,3,0.027737333,1203,1
hard_074,Hard,BranchBoundMRV,1,4,0.027707250,1203,1
hard_074,Hard,BranchBoundMRV,1,5,0.027797833,1203,1
hard_074,Hard,OpenMP,4,1,0.004183054,620,1
hard_074,Hard,OpenMP,4,2,0.004180908,622,1
hard_074,Hard,OpenMP,4,3,0.004167080,626,1
hard_074,Hard,OpenMP,4,4,0.004189968,626,1
hard_074,Hard,OpenMP,4,5,0.004225016,624,1
hard_074,Hard,OpenMP,8,1,0.008476973,568,1
hard_074,Hard,OpenMP,8,2,0.004184961,625,1
hard_074,Hard,OpenMP,8,3,0.008099079,752,1
hard_074,Hard,OpenMP,8,4,0.004240990,523,1
hard_074,Hard,OpenMP,8,5,0.007152081,780,1
hard_074,Hard,OpenMP,16,1,0.014736891,360,1
hard_074,Hard,OpenMP,16,2,0.019108057,507,1
hard_074,Hard,OpenMP,16,3,0.113056898,882,1
hard_074,Hard,OpenMP,16,4,0.026820898,708,1
hard_074,Hard,OpenMP,16,5,0.011422873,522,1
hard_074,Hard,OMP-BranchBoundMRV,4,1,0.006063938,589,1
hard_074,Hard,OMP-BranchBoundMRV,4,2,0.005816936,543,1
hard_074,Hard,OMP-BranchBoundMRV,4,3,0.009390116,792,1
hard_074,Hard,OMP-BranchBoundMRV,4,4,0.011341810,881,1
hard_074,Hard,OMP-BranchBoundMRV,4,5,0.005771875,489,1
hard_074,Hard,OMP-BranchBoundMRV,8,1,0.009897947,526,1
hard_074,Hard,OMP-BranchBoundMRV,8,2,0.016753912,653,1
hard_074,Hard,OMP-BranchBoundMRV,8,3,0.006301880,606,1
hard_074,Hard,OMP-BranchBoundMRV,8,4,0.005995035,564,1
hard_074,Hard,OMP-BranchBoundMRV,8,5,0.012784958,786,1
hard_074,Hard,OMP-BranchBoundMRV,16,1,0.072169065,509,1
hard_074,Hard,OMP-BranchBoundMRV,16,2,0.049665928,478,1
hard_074,Hard,OMP-BranchBoundMRV,16,3,0.048238993,975,1
hard_074,Hard,OMP-BranchBoundMRV,16,4,0.024644136,721,1
hard_074,Hard,OMP-BranchBoundMRV,16,5,0.052528143,907,1
hard_075,Hard,Serial,1,1,0.009403709,20729,1
hard_075,Hard,Serial,1,2,0.009396584,20729,1
hard_075,Hard,Serial,1,3,0.009488333,20729,1
hard_075,Hard,Serial,1,4,0.009408250,20729,1
hard_075,Hard,Serial,1,5,0.009500041,20729,1
hard_075,Hard,Serial-MRV,1,1,0.022969791,1408,1
hard_075,Hard,Serial-MRV,1,2,0.022807833,1408,1
hard_075,Hard,Serial-MRV,1,3,0.022851416,1408,1
hard_075,Hard,Serial-MRV,1,4,0.022994625,1408,1
hard_075,Hard,Serial-MRV,1,5,0.023298250,1408,1
hard_075,Hard,BranchBound,1,1,0.008222792,20729,1
hard_075,Hard,BranchBound,1,2,0.008266208,20729,1
hard_075,Hard,BranchBound,1,3,0.008159958,20729,1
hard_075,Hard,BranchBound,1,4,0.008277708,20729,1
hard_075,Hard,BranchBound,1,5,0.008233750,20729,1
hard_075,Hard,BranchBoundMRV,1,1,0.029533709,1408,1
hard_075,Hard,BranchBoundMRV,1,2,0.029372708,1408,1
hard_075,Hard,BranchBoundMRV,1,3,0.029519334,1408,1
hard_075,Hard,BranchBoundMRV,1,4,0.029461459,1408,1
hard_075,Hard,BranchBoundMRV,1,5,0.029633125,1408,1
hard_075,Hard,OpenMP,4,1,0.007172108,978,1
hard_075,Hard,OpenMP,4,2,0.008898973,669,1
hard_075,Hard,OpenMP,4,3,0.010313988,1091,1
hard_075,Hard,OpenMP,4,4,0.008608818,852,1
hard_075,Hard,OpenMP,4,5,0.008903027,876,1
hard_075,Hard,OpenMP,8,1,0.009355068,619,1
hard_075,Hard,OpenMP,8,2,0.049254894,1612,1
hard_075,Hard,OpenMP,8,3,0.016113997,729,1
hard_075,Hard,OpenMP,8,4,0.020080805,929,1
hard_075,Hard,OpenMP,8,5,0.038941860,1222,1
hard_075,Hard,OpenMP,16,1,0.024687052,783,1
hard_075,Hard,OpenMP,16,2,0.023891926,955,1
hard_075,Hard,OpenMP,16,3,0.031123877,750,1
hard_075,Hard,OpenMP,16,4,0.038654089,1440,1
hard_075,Hard,OpenMP,16,5,0.087871075,1468,1
hard_075,Hard,OMP-BranchBoundMRV,4,1,0.005120039,670,1
hard_075,Hard,OMP-BranchBoundMRV,4,2,0.005173922,682,1
hard_075,Hard,OMP-BranchBoundMRV,4,3,0.005094051,653,1
hard_075,Hard,OMP-BranchBoundMRV,4,4,0.005768061,721,1
hard_075,Hard,OMP-BranchBoundMRV,4,5,0.005165815,659,1
hard_075,Hard,OMP-BranchBoundMRV,8,1,0.011327028,1419,1
hard_075,Hard,OMP-BranchBoundMRV,8,2,0.010306120,1351,1
hard_075,Hard,OMP-BranchBoundMRV,8,3,0.006074905,768,1
hard_075,Hard,OMP-BranchBoundMRV,8,4,0.009173870,1278,1
hard_075,Hard,OMP-BranchBoundMRV,8,5,0.013694048,1744,1
hard_075,Hard,OMP-BranchBoundMRV,16,1,0.012977839,840,1
hard_075,Hard,OMP-BranchBoundMRV,16,2,0.028375149,719,1
hard_075,Hard,OMP-BranchBoundMRV,16,3,0.097343922,1144,1
hard_075,Hard,OMP-BranchBoundMRV,16,4,0.056258917,1930,1
hard_075,Hard,OMP-BranchBoundMRV,16,5,0.034908056,1737,1
hard_076,Hard,Serial,1,1,0.022035959,43046,1
hard_076,Hard,Serial,1,2,0.021879541,43046,1
hard_076,Hard,Serial,1,3,0.023567500,43046,1
hard_076,Hard,Serial,1,4,0.023169000,43046,1
hard_076,Hard,Serial,1,5,0.023141417,43046,1
hard_076,Hard,Serial-MRV,1,1,0.018648042,1056,1
hard_076,Hard,Serial-MRV,1,2,0.018573917,1056,1
hard_076,Hard,Serial-MRV,1,3,0.017979709,1056,1
hard_076,Hard,Serial-MRV,1,4,0.018116583,1056,1
hard_076,Hard,Serial-MRV,1,5,0.018242833,1056,1
hard_076,Hard,BranchBound,1,1,0.020065459,43046,1
hard_076,Hard,BranchBound,1,2,0.020505084,43046,1
hard_076,Hard,BranchBound,1,3,0.019949792,43046,1
hard_076,Hard,BranchBound,1,4,0.019558583,43046,1
hard_076,Hard,BranchBound,1,5,0.023184208,43046,1
hard_076,Hard,BranchBoundMRV,1,1,0.044135750,1056,1
hard_076,Hard,BranchBoundMRV,1,2,0.046933042,1056,1
hard_076,Hard,BranchBoundMRV,1,3,0.050868417,1056,1
hard_076,Hard,BranchBoundMRV,1,4,0.044579625,1056,1
hard_076,Hard,BranchBoundMRV,1,5,0.036049333,1056,1
hard_076,Hard,OpenMP,4,1,0.002379894,361,1
hard_076,Hard,OpenMP,4,2,0.002041101,324,1
hard_076,Hard,OpenMP,4,3,0.002048969,331,1
hard_076,Hard,OpenMP,4,4,0.002055883,329,1
hard_076,Hard,OpenMP,4,5,0.002144814,339,1
hard_076,Hard,OpenMP,8,1,0.002579927,311,1
hard_076,Hard,OpenMP,8,2,0.002061844,272,1
hard_076,Hard,OpenMP,8,3,0.003855944,270,1
hard_076,Hard,OpenMP,8,4,0.002074003,268,1
hard_076,Hard,OpenMP,8,5,0.002116919,215,1
hard_076,Hard,OpenMP,16,1,0.011389017,273,1
hard_076,Hard,OpenMP,16,2,0.026678085,447,1
hard_076,Hard,OpenMP,16,3,0.039969921,817,1
hard_076,Hard,OpenMP,16,4,0.033021212,273,1
hard_076,Hard,OpenMP,16,5,0.022814035,271,1
hard_076,Hard,OMP-BranchBoundMRV,4,1,0.003093004,360,1
hard_076,Hard,OMP-BranchBoundMRV,4,2,0.003142834,349,1
hard_076,Hard,OMP-BranchBoundMRV,4,3,0.003067017,354,1
hard_076,Hard,OMP-BranchBoundMRV,4,4,0.003051996,359,1
hard_076,Hard,OMP-BranchBoundMRV,4,5,0.003050804,360,1
hard_076,Hard,OMP-BranchBoundMRV,8,1,0.003114939,296,1
hard_076,Hard,OMP-BranchBoundMRV,8,2,0.003275871,304,1
hard_076,Hard,OMP-BranchBoundMRV,8,3,0.003082991,295,1
hard_076,Hard,OMP-BranchBoundMRV,8,4,0.003078938,294,1
hard_076,Hard,OMP-BranchBoundMRV,8,5,0.007444859,246,1
hard_076,Hard,OMP-BranchBoundMRV,16,1,0.065733194,363,1
hard_076,Hard,OMP-BranchBoundMRV,16,2,0.074975967,299,1
hard_076,Hard,OMP-BranchBoundMRV,16,3,0.036523104,331,1
hard_076,Hard,OMP-BranchBoundMRV,16,4,0.063087940,1044,1
hard_076,Hard,OMP-BranchBoundMRV,16,5,0.025260925,227,1
hard_077,Hard,Serial,1,1,0.015541042,28970,1
hard_077,Hard,Serial,1,2,0.015623667,28970,1
hard_077,Hard,Serial,1,3,0.015299208,28970,1
hard_077,Hard,Serial,1,4,0.014999208,28970,1
hard_077,Hard,Serial,1,5,0.015067833,28970,1
hard_077,Hard,Serial-MRV,1,1,0.022691500,1314,1
hard_077,Hard,Serial-MRV,1,2,0.022865542,1314,1
hard_077,Hard,Serial-MRV,1,3,0.022640334,1314,1
hard_077,Hard,Serial-MRV,1,4,0.022699375,1314,1
hard_077,Hard,Serial-MRV,1,5,0.022680791,1314,1
hard_077,Hard,BranchBound,1,1,0.012218708,28970,1
hard_077,Hard,BranchBound,1,2,0.012480459,28970,1
hard_077,Hard,BranchBound,1,3,0.012228750,28970,1
hard_077,Hard,BranchBound,1,4,0.012393708,28970,1
hard_077,Hard,BranchBound,1,5,0.012253833,28970,1
hard_077,Hard,BranchBoundMRV,1,1,0.031534583,1314,1
hard_077,Hard,BranchBoundMRV,1,2,0.031083875,1314,1
hard_077,Hard,BranchBoundMRV,1,3,0.030996833,1314,1
hard_077,Hard,BranchBoundMRV,1,4,0.030913583,1314,1
hard_077,Hard,BranchBoundMRV,1,5,0.030971167,1314,1
hard_077,Hard,OpenMP,4,1,0.006201982,841,1
hard_077,Hard,OpenMP,4,2,0.039170027,864,1
hard_077,Hard,OpenMP,4,3,0.026683092,824,1
hard_077,Hard,OpenMP,4,4,0.010446072,800,1
hard_077,Hard,OpenMP,4,5,0.016671181,972,1
hard_077,Hard,OpenMP,8,1,0.020162106,896,1
hard_077,Hard,OpenMP,8,2,0.092743874,829,1
hard_077,Hard,OpenMP,8,3,0.012113094,778,1
hard_077,Hard,OpenMP,8,4,0.010861874,1018,1
hard_077,Hard,OpenMP,8,5,0.006225109,748,1
hard_077,Hard,OpenMP,16,1,0.019010067,664,1
hard_077,Hard,OpenMP,16,2,0.027266026,834,1
hard_077,Hard,OpenMP,16,3,0.020807981,936,1
hard_077,Hard,OpenMP,16,4,0.021718979,824,1
hard_077,Hard,OpenMP,16,5,0.011643171,600,1
hard_077,Hard,OMP-BranchBoundMRV,4,1,0.009210110,678,1
hard_077,Hard,OMP-BranchBoundMRV,4,2,0.009716034,831,1
hard_077,Hard,OMP-BranchBoundMRV,4,3,0.008866072,855,1
hard_077,Hard,OMP-BranchBoundMRV,4,4,0.009695053,837,1
hard_077,Hard,OMP-BranchBoundMRV,4,5,0.009950161,859,1
hard_077,Hard,OMP-BranchBoundMRV,8,1,0.008600950,836,1
hard_077,Hard,OMP-BranchBoundMRV,8,2,0.012403965,700,1
hard_077,Hard,OMP-BranchBoundMRV,8,3,0.013484001,740,1
hard_077,Hard,OMP-BranchBoundMRV,8,4,0.021789074,869,1
hard_077,Hard,OMP-BranchBoundMRV,8,5,0.008795023,766,1
hard_077,Hard,OMP-BranchBoundMRV,16,1,0.047590971,809,1
hard_077,Hard,OMP-BranchBoundMRV,16,2,0.046990871,650,1
hard_077,Hard,OMP-BranchBoundMRV,16,3,0.035723925,638,1
hard_077,Hard,OMP-BranchBoundMRV,16,4,0.036132097,963,1
hard_077,Hard,OMP-BranchBoundMRV,16,5,0.095491886,1317,1
hard_078,Hard,Serial,1,1,0.011014417,24036,1
hard_078,Hard,Serial,1,2,0.011216666,24036,1
hard_078,Hard,Serial,1,3,0.011118958,24036,1
hard_078,Hard,Serial,1,4,0.011218292,24036,1
hard_078,Hard,Serial,1,5,0.010856125,24036,1
hard_078,Hard,Serial-MRV,1,1,0.031969708,2145,1
hard_078,Hard,Serial-MRV,1,2,0.031529375,2145,1
hard_078,Hard,Serial-MRV,1,3,0.031637208,2145,1
hard_078,Hard,Serial-MRV,1,4,0.031690708,2145,1
hard_078,Hard,Serial-MRV,1,5,0.031641166,2145,1
hard_078,Hard,BranchBound,1,1,0.009900209,24036,1
hard_078,Hard,BranchBound,1,2,0.009950958,24036,1
hard_078,Hard,BranchBound,1,3,0.009881709,24036,1
hard_078,Hard,BranchBound,1,4,0.009815917,24036,1
hard_078,Hard,BranchBound,1,5,0.009897667,24036,1
hard_078,Hard,BranchBoundMRV,1,1,0.040532542,2145,1
hard_078,Hard,BranchBoundMRV,1,2,0.039120625,2145,1
hard_078,Hard,BranchBoundMRV,1,3,0.038636084,2145,1
hard_078,Hard,BranchBoundMRV,1,4,0.038856750,2145,1
hard_078,Hard,BranchBoundMRV,1,5,0.038607542,2145,1
hard_078,Hard,OpenMP,4,1,0.005432844,1386,1
hard_078,Hard,OpenMP,4,2,0.005490065,1062,1
hard_078,Hard,OpenMP,4,3,0.005450010,1371,1
hard_078,Hard,OpenMP,4,4,0.005392790,1049,1
hard_078,Hard,OpenMP,4,5,0.005410910,1054,1
hard_078,Hard,OpenMP,8,1,0.005460024,969,1
hard_078,Hard,OpenMP,8,2,0.006978989,1247,1
hard_078,Hard,OpenMP,8,3,0.010572195,874,1
hard_078,Hard,OpenMP,8,4,0.012775183,1832,1
hard_078,Hard,OpenMP,8,5,0.011864185,1942,1
hard_078,Hard,OpenMP,16,1,0.051367998,1732,1
hard_078,Hard,OpenMP,16,2,0.081693888,1895,1
hard_078,Hard,OpenMP,16,3,0.033409119,744,1
hard_078,Hard,OpenMP,16,4,0.053508997,1583,1
hard_078,Hard,OpenMP,16,5,0.033736944,1390,1
hard_078,Hard,OMP-BranchBoundMRV,4,1,0.006718874,1045,1
hard_078,Hard,OMP-BranchBoundMRV,4,2,0.006721973,1412,1
hard_078,Hard,OMP-BranchBoundMRV,4,3,0.006751060,1409,1
hard_078,Hard,OMP-BranchBoundMRV,4,4,0.006726980,1050,1
hard_078,Hard,OMP-BranchBoundMRV,4,5,0.006716013,1406,1
hard_078,Hard,OMP-BranchBoundMRV,8,1,0.013523817,1581,1
hard_078,Hard,OMP-BranchBoundMRV,8,2,0.006865025,909,1
hard_078,Hard,OMP-BranchBoundMRV,8,3,0.012918949,1640,1
hard_078,Hard,OMP-BranchBoundMRV,8,4,0.012835979,1376,1
hard_078,Hard,OMP-BranchBoundMRV,8,5,0.016217947,1889,1
hard_078,Hard,OMP-BranchBoundMRV,16,1,0.035759926,1200,1
hard_078,Hard,OMP-BranchBoundMRV,16,2,0.031198025,1209,1
hard_078,Hard,OMP-BranchBoundMRV,16,3,0.029474020,994,1
hard_078,Hard,OMP-BranchBoundMRV,16,4,0.010614872,1176,1
hard_078,Hard,OMP-BranchBoundMRV,16,5,0.124649048,2145,1
hard_079,Hard,Serial,1,1,0.008893500,18186,1
hard_079,Hard,Serial,1,2,0.008539959,18186,1
hard_079,Hard,Serial,1,3,0.008635916,18186,1
hard_079,Hard,Serial,1,4,0.008336791,18186,1
hard_079,Hard,Serial,1,5,0.008765250,18186,1
hard_079,Hard,Serial-MRV,1,1,0.020021000,1204,1
hard_079,Hard,Serial-MRV,1,2,0.019866875,1204,1
hard_079,Hard,Serial-MRV,1,3,0.019829625,1204,1
hard_079,Hard,Serial-MRV,1,4,0.019879958,1204,1
hard_079,Hard,Serial-MRV,1,5,0.019579583,1204,1
hard_079,Hard,BranchBound,1,1,0.007644166,18186,1
hard_079,Hard,BranchBound,1,2,0.007656625,18186,1
hard_079,Hard,BranchBound,1,3,0.007491125,18186,1
hard_079,Hard,BranchBound,1,4,0.007569625,18186,1
hard_079,Hard,BranchBound,1,5,0.007499792,18186,1
hard_079,Hard,BranchBoundMRV,1,1,0.025156541,1204,1
hard_079,Hard,BranchBoundMRV,1,2,0.024415167,1204,1
hard_079,Hard,BranchBoundMRV,1,3,0.024336417,1204,1
hard_079,Hard,BranchBoundMRV,1,4,0.024196750,1204,1
hard_079,Hard,BranchBoundMRV,1,5,0.024343333,1204,1
hard_079,Hard,OpenMP,4,1,0.002219915,345,1
hard_079,Hard,OpenMP,4,2,0.002218008,351,1
hard_079,Hard,OpenMP,4,3,0.002192020,349,1
hard_079,Hard,OpenMP,4,4,0.002189875,349,1
hard_079,Hard,OpenMP,4,5,0.002191067,349,1
hard_079,Hard,OpenMP,8,1,0.005810022,743,1
hard_079,Hard,OpenMP,8,2,0.005347967,402,1
hard_079,Hard,OpenMP,8,3,0.006745815,518,1
hard_079,Hard,OpenMP,8,4,0.002267122,282,1
hard_079,Hard,OpenMP,8,5,0.002213955,275,1
hard_079,Hard,OpenMP,16,1,0.015537024,1050,1
hard_079,Hard,OpenMP,16,2,0.022927999,742,1
hard_079,Hard,OpenMP,16,3,0.017621994,318,1
hard_079,Hard,OpenMP,16,4,0.086387873,1204,1
hard_079,Hard,OpenMP,16,5,0.024200916,721,1
hard_079,Hard,OMP-BranchBoundMRV,4,1,0.003974915,375,1
hard_079,Hard,OMP-BranchBoundMRV,4,2,0.003026962,359,1
hard_079,Hard,OMP-BranchBoundMRV,4,3,0.002985954,360,1
hard_079,Hard,OMP-BranchBoundMRV,4,4,0.002976894,361,1
hard_079,Hard,OMP-BranchBoundMRV,4,5,0.002972841,360,1
hard_079,Hard,OMP-BranchBoundMRV,8,1,0.005537987,468,1
hard_079,Hard,OMP-BranchBoundMRV,8,2,0.009582996,329,1
hard_079,Hard,OMP-BranchBoundMRV,8,3,0.003029823,320,1
hard_079,Hard,OMP-BranchBoundMRV,8,4,0.011147022,965,1
hard_079,Hard,OMP-BranchBoundMRV,8,5,0.003058910,295,1
hard_079,Hard,OMP-BranchBoundMRV,16,1,0.017996788,208,1
hard_079,Hard,OMP-BranchBoundMRV,16,2,0.042229891,212,1
hard_079,Hard,OMP-BranchBoundMRV,16,3,0.012204170,322,1
hard_079,Hard,OMP-BranchBoundMRV,16,4,0.092615128,131,1
hard_079,Hard,OMP-BranchBoundMRV,16,5,0.018297911,361,1
hard_080,Hard,Serial,1,1,0.007364166,13686,1
hard_080,Hard,Serial,1,2,0.006963792,13686,1
hard_080,Hard,Serial,1,3,0.007396666,13686,1
hard_080,Hard,Serial,1,4,0.006908542,13686,1
hard_080,Hard,Serial,1,5,0.007018459,13686,1
hard_080,Hard,Serial-MRV,1,1,0.015676167,1016,1
hard_080,Hard,Serial-MRV,1,2,0.015916791,1016,1
hard_080,Hard,Serial-MRV,1,3,0.015900541,1016,1
hard_080,Hard,Serial-MRV,1,4,0.015831000,1016,1
hard_080,Hard,Serial-MRV,1,5,0.015830250,1016,1
hard_080,Hard,BranchBound,1,1,0.006151250,13686,1
hard_080,Hard,BranchBound,1,2,0.005868875,13686,1
hard_080,Hard,BranchBound,1,3,0.005898791,13686,1
hard_080,Hard,BranchBound,1,4,0.006153584,13686,1
hard_080,Hard,BranchBound,1,5,0.005935166,13686,1
hard_080,Hard,BranchBoundMRV,1,1,0.020230250,1016,1
hard_080,Hard,BranchBoundMRV,1,2,0.020249667,1016,1
hard_080,Hard,BranchBoundMRV,1,3,0.020286125,1016,1
hard_080,Hard,BranchBoundMRV,1,4,0.019913542,1016,1
hard_080,Hard,BranchBoundMRV,1,5,0.020287709,1016,1
hard_080,Hard,OpenMP,4,1,0.007421017,1477,1
hard_080,Hard,OpenMP,4,2,0.011651039,1509,1
hard_080,Hard,OpenMP,4,3,0.007339954,1471,1
hard_080,Hard,OpenMP,4,4,0.011617184,1509,1
hard_080,Hard,OpenMP,4,5,0.007256985,1476,1
hard_080,Hard,OpenMP,8,1,0.011893034,1493,1
hard_080,Hard,OpenMP,8,2,0.007273912,1350,1
hard_080,Hard,OpenMP,8,3,0.007243872,991,1
hard_080,Hard,OpenMP,8,4,0.007268906,1352,1
hard_080,Hard,OpenMP,8,5,0.013311863,1375,1
hard_080,Hard,OpenMP,16,1,0.044476032,1509,1
hard_080,Hard,OpenMP,16,2,0.025607824,1509,1
hard_080,Hard,OpenMP,16,3,0.041861057,1352,1
hard_080,Hard,OpenMP,16,4,0.047665834,811,1
hard_080,Hard,OpenMP,16,5,0.050827980,901,1
hard_080,Hard,OMP-BranchBoundMRV,4,1,0.009451866,1483,1
hard_080,Hard,OMP-BranchBoundMRV,4,2,0.014935017,1509,1
hard_080,Hard,OMP-BranchBoundMRV,4,3,0.014779091,1509,1
hard_080,Hard,OMP-BranchBoundMRV,4,4,0.014841080,1509,1
hard_080,Hard,OMP-BranchBoundMRV,4,5,0.016725063,1509,1
hard_080,Hard,OMP-BranchBoundMRV,8,1,0.010052919,1323,1
hard_080,Hard,OMP-BranchBoundMRV,8,2,0.012691021,1455,1
hard_080,Hard,OMP-BranchBoundMRV,8,3,0.009887934,1086,1
hard_080,Hard,OMP-BranchBoundMRV,8,4,0.009694815,1402,1
hard_080,Hard,OMP-BranchBoundMRV,8,5,0.009490013,1347,1
hard_080,Hard,OMP-BranchBoundMRV,16,1,0.111383200,1499,1
hard_080,Hard,OMP-BranchBoundMRV,16,2,0.091626167,1113,1
hard_080,Hard,OMP-BranchBoundMRV,16,3,0.028403044,1268,1
hard_080,Hard,OMP-BranchBoundMRV,16,4,0.039870024,1509,1
hard_080,Hard,OMP-BranchBoundMRV,16,5,0.064962864,1387,1
hard_081,Hard,Serial,1,1,0.002269291,4349,1
hard_081,Hard,Serial,1,2,0.002209625,4349,1
hard_081,Hard,Serial,1,3,0.002374416,4349,1
hard_081,Hard,Serial,1,4,0.002221417,4349,1
hard_081,Hard,Serial,1,5,0.002325583,4349,1
hard_081,Hard,Serial-MRV,1,1,0.020890625,1225,1
hard_081,Hard,Serial-MRV,1,2,0.020662416,1225,1
hard_081,Hard,Serial-MRV,1,3,0.020528458,1225,1
hard_081,Hard,Serial-MRV,1,4,0.020438875,1225,1
hard_081,Hard,Serial-MRV,1,5,0.020563125,1225,1
hard_081,Hard,BranchBound,1,1,0.001905708,4349,1
hard_081,Hard,BranchBound,1,2,0.001896250,4349,1
hard_081,Hard,BranchBound,1,3,0.001945708,4349,1
hard_081,Hard,BranchBound,1,4,0.001905792,4349,1
hard_081,Hard,BranchBound,1,5,0.001935125,4349,1
hard_081,Hard,BranchBoundMRV,1,1,0.026586000,1225,1
hard_081,Hard,BranchBoundMRV,1,2,0.026705625,1225,1
hard_081,Hard,BranchBoundMRV,1,3,0.026739125,1225,1
hard_081,Hard,BranchBoundMRV,1,4,0.026936042,1225,1
hard_081,Hard,BranchBoundMRV,1,5,0.026593334,1225,1
hard_081,Hard,OpenMP,4,1,0.004503012,694,1
hard_081,Hard,OpenMP,4,2,0.004292011,784,1
hard_081,Hard,OpenMP,4,3,0.004305124,682,1
hard_081,Hard,OpenMP,4,4,0.004224062,678,1
hard_081,Hard,OpenMP,4,5,0.004271030,777,1
hard_081,Hard,OpenMP,8,1,0.013273001,865,1
hard_081,Hard,OpenMP,8,2,0.010092020,860,1
hard_081,Hard,OpenMP,8,3,0.004495859,645,1
hard_081,Hard,OpenMP,8,4,0.005939960,852,1
hard_081,Hard,OpenMP,8,5,0.004262209,611,1
hard_081,Hard,OpenMP,16,1,0.032696009,1311,1
hard_081,Hard,OpenMP,16,2,0.021784067,626,1
hard_081,Hard,OpenMP,16,3,0.012907028,519,1
hard_081,Hard,OpenMP,16,4,0.036763906,873,1
hard_081,Hard,OpenMP,16,5,0.027869940,939,1
hard_081,Hard,OMP-BranchBoundMRV,4,1,0.005460024,770,1
hard_081,Hard,OMP-BranchBoundMRV,4,2,0.006589174,848,1
hard_081,Hard,OMP-BranchBoundMRV,4,3,0.005498171,771,1
hard_081,Hard,OMP-BranchBoundMRV,4,4,0.005403042,768,1
hard_081,Hard,OMP-BranchBoundMRV,4,5,0.005443096,771,1
hard_081,Hard,OMP-BranchBoundMRV,8,1,0.005740881,644,1
hard_081,Hard,OMP-BranchBoundMRV,8,2,0.011229038,995,1
hard_081,Hard,OMP-BranchBoundMRV,8,3,0.008699894,959,1
hard_081,Hard,OMP-BranchBoundMRV,8,4,0.005423069,769,1
hard_081,Hard,OMP-BranchBoundMRV,8,5,0.006139994,630,1
hard_081,Hard,OMP-BranchBoundMRV,16,1,0.081001997,984,1
hard_081,Hard,OMP-BranchBoundMRV,16,2,0.069968224,1127,1
hard_081,Hard,OMP-BranchBoundMRV,16,3,0.020462036,786,1
hard_081,Hard,OMP-BranchBoundMRV,16,4,0.028804064,611,1
hard_081,Hard,OMP-BranchBoundMRV,16,5,0.019326210,537,1
hard_082,Hard,Serial,1,1,0.009914625,18564,1
hard_082,Hard,Serial,1,2,0.009696167,18564,1
hard_082,Hard,Serial,1,3,0.009657833,18564,1
hard_082,Hard,Serial,1,4,0.009772292,18564,1
hard_082,Hard,Serial,1,5,0.009626375,18564,1
hard_082,Hard,Serial-MRV,1,1,0.019433166,1356,1
hard_082,Hard,Serial-MRV,1,2,0.019464167,1356,1
hard_082,Hard,Serial-MRV,1,3,0.019573542,1356,1
hard_082,Hard,Serial-MRV,1,4,0.019435041,1356,1
hard_082,Hard,Serial-MRV,1,5,0.019441375,1356,1
hard_082,Hard,BranchBound,1,1,0.008440375,18564,1
hard_082,Hard,BranchBound,1,2,0.008348083,18564,1
hard_082,Hard,BranchBound,1,3,0.008427875,18564,1
hard_082,Hard,BranchBound,1,4,0.008347375,18564,1
hard_082,Hard,BranchBound,1,5,0.008276833,18564,1
hard_082,Hard,BranchBoundMRV,1,1,0.025871041,1356,1
hard_082,Hard,BranchBoundMRV,1,2,0.025345084,1356,1
hard_082,Hard,BranchBoundMRV,1,3,0.025423625,1356,1
hard_082,Hard,BranchBoundMRV,1,4,0.025144000,1356,1
hard_082,Hard,BranchBoundMRV,1,5,0.025430833,1356,1
hard_082,Hard,OpenMP,4,1,0.005253792,674,1
hard_082,Hard,OpenMP,4,2,0.005409002,682,1
hard_082,Hard,OpenMP,4,3,0.005310059,676,1
hard_082,Hard,OpenMP,4,4,0.005239010,676,1
hard_082,Hard,OpenMP,4,5,0.005256176,676,1
hard_082,Hard,OpenMP,8,1,0.012064934,1050,1
hard_082,Hard,OpenMP,8,2,0.007384062,553,1
hard_082,Hard,OpenMP,8,3,0.005300999,449,1
hard_082,Hard,OpenMP,8,4,0.005230904,675,1
hard_082,Hard,OpenMP,8,5,0.005284071,674,1
hard_082,Hard,OpenMP,16,1,0.039227009,443,1
hard_082,Hard,OpenMP,16,2,0.050353050,1356,1
hard_082,Hard,OpenMP,16,3,0.030698061,675,1
hard_082,Hard,OpenMP,16,4,0.037906885,1356,1
hard_082,Hard,OpenMP,16,5,0.018450975,811,1
hard_082,Hard,OMP-BranchBoundMRV,4,1,0.006871939,683,1
hard_082,Hard,OMP-BranchBoundMRV,4,2,0.006847143,682,1
hard_082,Hard,OMP-BranchBoundMRV,4,3,0.006923914,642,1
hard_082,Hard,OMP-BranchBoundMRV,4,4,0.006995916,675,1
hard_082,Hard,OMP-BranchBoundMRV,4,5,0.006839991,681,1
hard_082,Hard,OMP-BranchBoundMRV,8,1,0.006928921,363,1
hard_082,Hard,OMP-BranchBoundMRV,8,2,0.006880045,684,1
hard_082,Hard,OMP-BranchBoundMRV,8,3,0.006910801,685,1
hard_082,Hard,OMP-BranchBoundMRV,8,4,0.006855965,683,1
hard_082,Hard,OMP-BranchBoundMRV,8,5,0.009029865,604,1
hard_082,Hard,OMP-BranchBoundMRV,16,1,0.094321012,683,1
hard_082,Hard,OMP-BranchBoundMRV,16,2,0.036385059,461,1
hard_082,Hard,OMP-BranchBoundMRV,16,3,0.022614002,832,1
hard_082,Hard,OMP-BranchBoundMRV,16,4,0.025459051,634,1
hard_082,Hard,OMP-BranchBoundMRV,16,5,0.030009031,598,1
hard_083,Hard,Serial,1,1,0.049630708,93327,1
hard_083,Hard,Serial,1,2,0.050652917,93327,1
hard_083,Hard,Serial,1,3,0.051742417,93327,1
hard_083,Hard,Serial,1,4,0.049014125,93327,1
hard_083,Hard,Serial,1,5,0.050835458,93327,1
hard_083,Hard,Serial-MRV,1,1,0.027451958,1450,1
hard_083,Hard,Serial-MRV,1,2,0.027369833,1450,1
hard_083,Hard,Serial-MRV,1,3,0.027471959,1450,1
hard_083,Hard,Serial-MRV,1,4,0.027335209,1450,1
hard_083,Hard,Serial-MRV,1,5,0.027215875,1450,1
hard_083,Hard,BranchBound,1,1,0.042177084,93327,1
hard_083,Hard,BranchBound,1,2,0.042948750,93327,1
hard_083,Hard,BranchBound,1,3,0.043640875,93327,1
hard_083,Hard,BranchBound,1,4,0.043240750,93327,1
hard_083,Hard,BranchBound,1,5,0.042863292,93327,1
hard_083,Hard,BranchBoundMRV,1,1,0.040394750,1450,1
hard_083,Hard,BranchBoundMRV,1,2,0.038055208,1450,1
hard_083,Hard,BranchBoundMRV,1,3,0.038231500,1450,1
hard_083,Hard,BranchBoundMRV,1,4,0.038008750,1450,1
hard_083,Hard,BranchBoundMRV,1,5,0.037653209,1450,1
hard_083,Hard,OpenMP,4,1,0.008383036,1399,1
hard_083,Hard,OpenMP,4,2,0.008603096,1384,1
hard_083,Hard,OpenMP,4,3,0.008839130,1403,1
hard_083,Hard,OpenMP,4,4,0.008517027,1357,1
hard_083,Hard,OpenMP,4,5,0.008594036,1374,1
hard_083,Hard,OpenMP,8,1,0.008972883,1446,1
hard_083,Hard,OpenMP,8,2,0.014999866,1405,1
hard_083,Hard,OpenMP,8,3,0.011358023,1450,1
hard_083,Hard,OpenMP,8,4,0.012133121,1401,1
hard_083,Hard,OpenMP,8,5,0.010552168,1450,1
hard_083,Hard,OpenMP,16,1,0.065646887,1427,1
hard_083,Hard,OpenMP,16,2,0.025652885,1396,1
hard_083,Hard,OpenMP,16,3,0.058524132,1450,1
hard_083,Hard,OpenMP,16,4,0.019252062,1412,1
hard_083,Hard,OpenMP,16,5,0.034362078,1450,1
hard_083,Hard,OMP-BranchBoundMRV,4,1,0.012027979,1445,1
hard_083,Hard,OMP-BranchBoundMRV,4,2,0.012410164,1450,1
hard_083,Hard,OMP-BranchBoundMRV,4,3,0.012202024,1450,1
hard_083,Hard,OMP-BranchBoundMRV,4,4,0.011761189,1450,1
hard_083,Hard,OMP-BranchBoundMRV,4,5,0.011817932,1450,1
hard_083,Hard,OMP-BranchBoundMRV,8,1,0.014122963,1365,1
hard_083,Hard,OMP-BranchBoundMRV,8,2,0.014124870,1386,1
hard_083,Hard,OMP-BranchBoundMRV,8,3,0.011849880,1258,1
hard_083,Hard,OMP-BranchBoundMRV,8,4,0.019774914,1450,1
hard_083,Hard,OMP-BranchBoundMRV,8,5,0.023229837,1450,1
hard_083,Hard,OMP-BranchBoundMRV,16,1,0.030406952,1450,1
hard_083,Hard,OMP-BranchBoundMRV,16,2,0.041800976,1432,1
hard_083,Hard,OMP-BranchBoundMRV,16,3,0.111335039,1450,1
hard_083,Hard,OMP-BranchBoundMRV,16,4,0.046643019,1421,1
hard_083,Hard,OMP-BranchBoundMRV,16,5,0.045165062,1450,1
hard_084,Hard,Serial,1,1,0.004218792,8571,1
hard_084,Hard,Serial,1,2,0.004112166,8571,1
hard_084,Hard,Serial,1,3,0.004106125,8571,1
hard_084,Hard,Serial,1,4,0.004132083,8571,1
hard_084,Hard,Serial,1,5,0.004132209,8571,1
hard_084,Hard,Serial-MRV,1,1,0.017343042,1088,1
hard_084,Hard,Serial-MRV,1,2,0.017334459,1088,1
hard_084,Hard,Serial-MRV,1,3,0.017326500,1088,1
hard_084,Hard,Serial-MRV,1,4,0.017336708,1088,1
hard_084,Hard,Serial-MRV,1,5,0.017281458,1088,1
hard_084,Hard,BranchBound,1,1,0.003430625,8571,1
hard_084,Hard,BranchBound,1,2,0.003432916,8571,1
hard_084,Hard,BranchBound,1,3,0.003469334,8571,1
hard_084,Hard,BranchBound,1,4,0.003429334,8571,1
hard_084,Hard,BranchBound,1,5,0.003480291,8571,1
hard_084,Hard,BranchBoundMRV,1,1,0.022914834,1088,1
hard_084,Hard,BranchBoundMRV,1,2,0.023032583,1088,1
hard_084,Hard,BranchBoundMRV,1,3,0.023012250,1088,1
hard_084,Hard,BranchBoundMRV,1,4,0.023808333,1088,1
hard_084,Hard,BranchBoundMRV,1,5,0.024145917,1088,1
hard_084,Hard,OpenMP,4,1,0.001897097,323,1
hard_084,Hard,OpenMP,4,2,0.002594948,521,1
hard_084,Hard,OpenMP,4,3,0.001978159,313,1
hard_084,Hard,OpenMP,4,4,0.002034187,329,1
hard_084,Hard,OpenMP,4,5,0.001940012,311,1
hard_084,Hard,OpenMP,8,1,0.008267164,407,1
hard_084,Hard,OpenMP,8,2,0.001991034,433,1
hard_084,Hard,OpenMP,8,3,0.002865791,565,1
hard_084,Hard,OpenMP,8,4,0.003537893,584,1
hard_084,Hard,OpenMP,8,5,0.004000902,718,1
hard_084,Hard,OpenMP,16,1,0.013156176,866,1
hard_084,Hard,OpenMP,16,2,0.028261900,618,1
hard_084,Hard,OpenMP,16,3,0.020794153,430,1
hard_084,Hard,OpenMP,16,4,0.040513992,712,1
hard_084,Hard,OpenMP,16,5,0.025402069,759,1
hard_084,Hard,OMP-BranchBoundMRV,4,1,0.003328085,564,1
hard_084,Hard,OMP-BranchBoundMRV,4,2,0.003303051,534,1
hard_084,Hard,OMP-BranchBoundMRV,4,3,0.003309011,543,1
hard_084,Hard,OMP-BranchBoundMRV,4,4,0.003297091,543,1
hard_084,Hard,OMP-BranchBoundMRV,4,5,0.003295898,543,1
hard_084,Hard,OMP-BranchBoundMRV,8,1,0.005826950,807,1
hard_084,Hard,OMP-BranchBoundMRV,8,2,0.004729986,780,1
hard_084,Hard,OMP-BranchBoundMRV,8,3,0.005738020,765,1
hard_084,Hard,OMP-BranchBoundMRV,8,4,0.005829096,812,1
hard_084,Hard,OMP-BranchBoundMRV,8,5,0.010838985,731,1
hard_084,Hard,OMP-BranchBoundMRV,16,1,0.021288157,360,1
hard_084,Hard,OMP-BranchBoundMRV,16,2,0.009714127,397,1
hard_084,Hard,OMP-BranchBoundMRV,16,3,0.017644167,456,1
hard_084,Hard,OMP-BranchBoundMRV,16,4,0.018963099,984,1
hard_084,Hard,OMP-BranchBoundMRV,16,5,0.014400959,330,1
hard_085,Hard,Serial,1,1,0.029048625,56589,1
hard_085,Hard,Serial,1,2,0.027996667,56589,1
hard_085,Hard,Serial,1,3,0.027965417,56589,1
hard_085,Hard,Serial,1,4,0.027959917,56589,1
hard_085,Hard,Serial,1,5,0.028974375,56589,1
hard_085,Hard,Serial-MRV,1,1,0.033474958,2172,1
hard_085,Hard,Serial-MRV,1,2,0.033215250,2172,1
hard_085,Hard,Serial-MRV,1,3,0.032096125,2172,1
hard_085,Hard,Serial-MRV,1,4,0.031784833,2172,1
hard_085,Hard,Serial-MRV,1,5,0.031816083,2172,1
hard_085,Hard,BranchBound,1,1,0.023892917,56589,1
hard_085,Hard,BranchBound,1,2,0.024246000,56589,1
hard_085,Hard,BranchBound,1,3,0.025210625,56589,1
hard_085,Hard,BranchBound,1,4,0.025313958,56589,1
hard_085,Hard,BranchBound,1,5,0.025115125,56589,1
hard_085,Hard,BranchBoundMRV,1,1,0.040437250,2172,1
hard_085,Hard,BranchBoundMRV,1,2,0.039679334,2172,1
hard_085,Hard,BranchBoundMRV,1,3,0.039697333,2172,1
hard_085,Hard,BranchBoundMRV,1,4,0.039580208,2172,1
hard_085,Hard,BranchBoundMRV,1,5,0.039537458,2172,1
hard_085,Hard,OpenMP,4,1,0.013078928,2105,1
hard_085,Hard,OpenMP,4,2,0.013042927,2123,1
hard_085,Hard,OpenMP,4,3,0.012501001,2059,1
hard_085,Hard,OpenMP,4,4,0.012928963,2110,1
hard_085,Hard,OpenMP,4,5,0.012797832,2076,1
hard_085,Hard,OpenMP,8,1,0.013463020,1789,1
hard_085,Hard,OpenMP,8,2,0.015284061,2104,1
hard_085,Hard,OpenMP,8,3,0.015597820,1650,1
hard_085,Hard,OpenMP,8,4,0.014103889,1768,1
hard_085,Hard,OpenMP,8,5,0.018588066,1842,1
hard_085,Hard,OpenMP,16,1,0.037199974,1848,1
hard_085,Hard,OpenMP,16,2,0.032659054,1919,1
hard_085,Hard,OpenMP,16,3,0.071086168,1587,1
hard_085,Hard,OpenMP,16,4,0.032804012,1957,1
hard_085,Hard,OpenMP,16,5,0.039530993,2112,1
hard_085,Hard,OMP-BranchBoundMRV,4,1,0.015454054,2123,1
hard_085,Hard,OMP-BranchBoundMRV,4,2,0.015644073,2140,1
hard_085,Hard,OMP-BranchBoundMRV,4,3,0.015608072,2116,1
hard_085,Hard,OMP-BranchBoundMRV,4,4,0.015766859,2133,1
hard_085,Hard,OMP-BranchBoundMRV,4,5,0.015706062,2116,1
hard_085,Hard,OMP-BranchBoundMRV,8,1,0.015677214,1638,1
hard_085,Hard,OMP-BranchBoundMRV,8,2,0.022997141,2172,1
hard_085,Hard,OMP-BranchBoundMRV,8,3,0.026840925,2172,1
hard_085,Hard,OMP-BranchBoundMRV,8,4,0.015514135,1851,1
hard_085,Hard,OMP-BranchBoundMRV,8,5,0.031033039,2172,1
hard_085,Hard,OMP-BranchBoundMRV,16,1,0.096918106,2172,1
hard_085,Hard,OMP-BranchBoundMRV,16,2,0.085280895,1361,1
hard_085,Hard,OMP-BranchBoundMRV,16,3,0.073481083,1801,1
hard_085,Hard,OMP-BranchBoundMRV,16,4,0.066406012,2172,1
hard_085,Hard,OMP-BranchBoundMRV,16,5,0.061903954,1576,1
hard_086,Hard,Serial,1,1,0.066310375,130417,1
hard_086,Hard,Serial,1,2,0.065654625,130417,1
hard_086,Hard,Serial,1,3,0.092574333,130417,1
hard_086,Hard,Serial,1,4,0.077122542,130417,1
hard_086,Hard,Serial,1,5,0.068763958,130417,1
hard_086,Hard,Serial-MRV,1,1,0.111450083,6445,1
hard_086,Hard,Serial-MRV,1,2,0.114332166,6445,1
hard_086,Hard,Serial-MRV,1,3,0.106220416,6445,1
hard_086,Hard,Serial-MRV,1,4,0.107956875,6445,1
hard_086,Hard,Serial-MRV,1,5,0.105090958,6445,1
hard_086,Hard,BranchBound,1,1,0.057424375,130417,1
hard_086,Hard,BranchBound,1,2,0.057590708,130417,1
hard_086,Hard,BranchBound,1,3,0.057240959,130417,1
hard_086,Hard,BranchBound,1,4,0.058623875,130417,1
hard_086,Hard,BranchBound,1,5,0.058227250,130417,1
hard_086,Hard,BranchBoundMRV,1,1,0.142576458,6445,1
hard_086,Hard,BranchBoundMRV,1,2,0.143362292,6445,1
hard_086,Hard,BranchBoundMRV,1,3,0.143107125,6445,1
hard_086,Hard,BranchBoundMRV,1,4,0.140696167,6445,1
hard_086,Hard,BranchBoundMRV,1,5,0.140494750,6445,1
hard_086,Hard,OpenMP,4,1,0.036370993,6432,1
hard_086,Hard,OpenMP,4,2,0.038207054,6381,1
hard_086,Hard,OpenMP,4,3,0.036489010,6333,1
hard_086,Hard,OpenMP,4,4,0.035839081,6270,1
hard_086,Hard,OpenMP,4,5,0.035770178,6266,1
hard_086,Hard,OpenMP,8,1,0.049592972,6445,1
hard_086,Hard,OpenMP,8,2,0.058518887,6069,1
hard_086,Hard,OpenMP,8,3,0.045282125,5931,1
hard_086,Hard,OpenMP,8,4,0.055366993,6445,1
hard_086,Hard,OpenMP,8,5,0.047721148,6444,1
hard_086,Hard,OpenMP,16,1,0.175734043,5352,1
hard_086,Hard,OpenMP,16,2,0.116060972,6232,1
hard_086,Hard,OpenMP,16,3,0.058289051,5117,1
hard_086,Hard,OpenMP,16,4,0.151007175,5966,1
hard_086,Hard,OpenMP,16,5,0.105816841,4732,1
hard_086,Hard,OMP-BranchBoundMRV,4,1,0.048310041,6421,1
hard_086,Hard,OMP-BranchBoundMRV,4,2,0.048537970,6416,1
hard_086,Hard,OMP-BranchBoundMRV,4,3,0.049209118,6415,1
hard_086,Hard,OMP-BranchBoundMRV,4,4,0.052031994,5294,1
hard_086,Hard,OMP-BranchBoundMRV,4,5,0.053071022,6409,1
hard_086,Hard,OMP-BranchBoundMRV,8,1,0.071878910,6380,1
hard_086,Hard,OMP-BranchBoundMRV,8,2,0.060148001,6445,1
hard_086,Hard,OMP-BranchBoundMRV,8,3,0.070495129,6399,1
hard_086,Hard,OMP-BranchBoundMRV,8,4,0.074977875,6445,1
hard_086,Hard,OMP-BranchBoundMRV,8,5,0.060483932,5822,1
hard_086,Hard,OMP-BranchBoundMRV,16,1,0.157250166,6440,1
hard_086,Hard,OMP-BranchBoundMRV,16,2,0.232259035,6445,1
hard_086,Hard,OMP-BranchBoundMRV,16,3,0.189393044,6445,1
hard_086,Hard,OMP-BranchBoundMRV,16,4,0.182111025,6166,1
hard_086,Hard,OMP-BranchBoundMRV,16,5,0.177985191,6347,1
hard_087,Hard,Serial,1,1,0.043637708,82394,1
hard_087,Hard,Serial,1,2,0.041919500,82394,1
hard_087,Hard,Serial,1,3,0.042240500,82394,1
hard_087,Hard,Serial,1,4,0.080561750,82394,1
hard_087,Hard,Serial,1,5,0.051568708,82394,1
hard_087,Hard,Serial-MRV,1,1,0.034281916,2233,1
hard_087,Hard,Serial-MRV,1,2,0.035007458,2233,1
hard_087,Hard,Serial-MRV,1,3,0.035471291,2233,1
hard_087,Hard,Serial-MRV,1,4,0.034495666,2233,1
hard_087,Hard,Serial-MRV,1,5,0.034539959,2233,1
hard_087,Hard,BranchBound,1,1,0.037649083,82394,1
hard_087,Hard,BranchBound,1,2,0.039313333,82394,1
hard_087,Hard,BranchBound,1,3,0.038562834,82394,1
hard_087,Hard,BranchBound,1,4,0.036926833,82394,1
hard_087,Hard,BranchBound,1,5,0.036472959,82394,1
hard_087,Hard,BranchBoundMRV,1,1,0.045559167,2233,1
hard_087,Hard,BranchBoundMRV,1,2,0.061409750,2233,1
hard_087,Hard,BranchBoundMRV,1,3,0.113972750,2233,1
hard_087,Hard,BranchBoundMRV,1,4,0.084966500,2233,1
hard_087,Hard,BranchBoundMRV,1,5,0.057869041,2233,1
hard_087,Hard,OpenMP,4,1,0.034248114,3484,1
hard_087,Hard,OpenMP,4,2,0.021559954,2938,1
hard_087,Hard,OpenMP,4,3,0.023974895,3484,1
hard_087,Hard,OpenMP,4,4,0.025016069,3484,1
hard_087,Hard,OpenMP,4,5,0.022248030,3484,1
hard_087,Hard,OpenMP,8,1,0.025918007,2787,1
hard_087,Hard,OpenMP,8,2,0.039740801,3034,1
hard_087,Hard,OpenMP,8,3,0.012587070,3000,1
hard_087,Hard,OpenMP,8,4,0.062886000,3484,1
hard_087,Hard,OpenMP,8,5,0.025999784,3236,1
hard_087,Hard,OpenMP,16,1,0.091039896,2631,1
hard_087,Hard,OpenMP,16,2,0.148910046,3484,1
hard_087,Hard,OpenMP,16,3,0.054577827,3302,1
hard_087,Hard,OpenMP,16,4,0.052186966,3393,1
hard_087,Hard,OpenMP,16,5,0.035318851,3484,1
hard_087,Hard,OMP-BranchBoundMRV,4,1,0.018364906,2780,1
hard_087,Hard,OMP-BranchBoundMRV,4,2,0.031980991,3484,1
hard_087,Hard,OMP-BranchBoundMRV,4,3,0.035998106,3484,1
hard_087,Hard,OMP-BranchBoundMRV,4,4,0.026872158,3484,1
hard_087,Hard,OMP-BranchBoundMRV,4,5,0.026790142,3484,1
hard_087,Hard,OMP-BranchBoundMRV,8,1,0.026087046,3311,1
hard_087,Hard,OMP-BranchBoundMRV,8,2,0.034929991,3484,1
hard_087,Hard,OMP-BranchBoundMRV,8,3,0.027509212,3349,1
hard_087,Hard,OMP-BranchBoundMRV,8,4,0.026252985,3370,1
hard_087,Hard,OMP-BranchBoundMRV,8,5,0.020190954,3029,1
hard_087,Hard,OMP-BranchBoundMRV,16,1,0.191442013,3484,1
hard_087,Hard,OMP-BranchBoundMRV,16,2,0.052777052,3347,1
hard_087,Hard,OMP-BranchBoundMRV,16,3,0.083594084,3242,1
hard_087,Hard,OMP-BranchBoundMRV,16,4,0.093003035,3172,1
hard_087,Hard,OMP-BranchBoundMRV,16,5,0.099225998,3484,1
hard_088,Hard,Serial,1,1,0.012943834,23132,1
hard_088,Hard,Serial,1,2,0.013011375,23132,1
hard_088,Hard,Serial,1,3,0.012747750,23132,1
hard_088,Hard,Serial,1,4,0.012419459,23132,1
hard_088,Hard,Serial,1,5,0.012218416,23132,1
hard_088,Hard,Serial-MRV,1,1,0.018914375,1497,1
hard_088,Hard,Serial-MRV,1,2,0.018630709,1497,1
hard_088,Hard,Serial-MRV,1,3,0.018839792,1497,1
hard_088,Hard,Serial-MRV,1,4,0.018776542,1497,1
hard_088,Hard,Serial-MRV,1,5,0.018558000,1497,1
hard_088,Hard,BranchBound,1,1,0.011115583,23132,1
hard_088,Hard,BranchBound,1,2,0.010951791,23132,1
hard_088,Hard,BranchBound,1,3,0.011062542,23132,1
hard_088,Hard,BranchBound,1,4,0.010970750,23132,1
hard_088,Hard,BranchBound,1,5,0.024191292,23132,1
hard_088,Hard,BranchBoundMRV,1,1,0.051123209,1497,1
hard_088,Hard,BranchBoundMRV,1,2,0.046514084,1497,1
hard_088,Hard,BranchBoundMRV,1,3,0.053804542,1497,1
hard_088,Hard,BranchBoundMRV,1,4,0.045647833,1497,1
hard_088,Hard,BranchBoundMRV,1,5,0.041386291,1497,1
hard_088,Hard,OpenMP,4,1,0.000874043,147,1
hard_088,Hard,OpenMP,4,2,0.000878096,155,1
hard_088,Hard,OpenMP,4,3,0.001071930,190,1
hard_088,Hard,OpenMP,4,4,0.000857830,151,1
hard_088,Hard,OpenMP,4,5,0.000845909,146,1
hard_088,Hard,OpenMP,8,1,0.000895023,149,1
hard_088,Hard,OpenMP,8,2,0.001065969,101,1
hard_088,Hard,OpenMP,8,3,0.001932859,247,1
hard_088,Hard,OpenMP,8,4,0.000967979,124,1
hard_088,Hard,OpenMP,8,5,0.001554012,229,1
hard_088,Hard,OpenMP,16,1,0.017013073,311,1
hard_088,Hard,OpenMP,16,2,0.017709970,118,1
hard_088,Hard,OpenMP,16,3,0.014101982,201,1
hard_088,Hard,OpenMP,16,4,0.010197163,118,1
hard_088,Hard,OpenMP,16,5,0.013613939,269,1
hard_088,Hard,OMP-BranchBoundMRV,4,1,0.001224995,158,1
hard_088,Hard,OMP-BranchBoundMRV,4,2,0.001183033,157,1
hard_088,Hard,OMP-BranchBoundMRV,4,3,0.001180887,158,1
hard_088,Hard,OMP-BranchBoundMRV,4,4,0.001161098,154,1
hard_088,Hard,OMP-BranchBoundMRV,4,5,0.001164198,157,1
hard_088,Hard,OMP-BranchBoundMRV,8,1,0.001615047,143,1
hard_088,Hard,OMP-BranchBoundMRV,8,2,0.002606153,278,1
hard_088,Hard,OMP-BranchBoundMRV,8,3,0.002653837,260,1
hard_088,Hard,OMP-BranchBoundMRV,8,4,0.001202106,152,1
hard_088,Hard,OMP-BranchBoundMRV,8,5,0.001352072,124,1
hard_088,Hard,OMP-BranchBoundMRV,16,1,0.004438877,276,1
hard_088,Hard,OMP-BranchBoundMRV,16,2,0.012320042,143,1
hard_088,Hard,OMP-BranchBoundMRV,16,3,0.018996954,124,1
hard_088,Hard,OMP-BranchBoundMRV,16,4,0.013499022,153,1
hard_088,Hard,OMP-BranchBoundMRV,16,5,0.012960911,235,1
hard_089,Hard,Serial,1,1,0.065694833,137404,1
hard_089,Hard,Serial,1,2,0.066413375,137404,1
hard_089,Hard,Serial,1,3,0.063156958,137404,1
hard_089,Hard,Serial,1,4,0.062797792,137404,1
hard_089,Hard,Serial,1,5,0.062710750,137404,1
hard_089,Hard,Serial-MRV,1,1,0.046641958,3223,1
hard_089,Hard,Serial-MRV,1,2,0.046742667,3223,1
hard_089,Hard,Serial-MRV,1,3,0.046312500,3223,1
hard_089,Hard,Serial-MRV,1,4,0.046374500,3223,1
hard_089,Hard,Serial-MRV,1,5,0.048465666,3223,1
hard_089,Hard,BranchBound,1,1,0.059120125,137404,1
hard_089,Hard,BranchBound,1,2,0.058433375,137404,1
hard_089,Hard,BranchBound,1,3,0.058762875,137404,1
hard_089,Hard,BranchBound,1,4,0.059795000,137404,1
hard_089,Hard,BranchBound,1,5,0.058854500,137404,1
hard_089,Hard,BranchBoundMRV,1,1,0.061870250,3223,1
hard_089,Hard,BranchBoundMRV,1,2,0.063247208,3223,1
hard_089,Hard,BranchBoundMRV,1,3,0.063204625,3223,1
hard_089,Hard,BranchBoundMRV,1,4,0.064033542,3223,1
hard_089,Hard,BranchBoundMRV,1,5,0.061893625,3223,1
hard_089,Hard,OpenMP,4,1,0.003352880,650,1
hard_089,Hard,OpenMP,4,2,0.003231049,643,1
hard_089,Hard,OpenMP,4,3,0.003216982,643,1
hard_089,Hard,OpenMP,4,4,0.003217220,642,1
hard_089,Hard,OpenMP,4,5,0.003242970,649,1
hard_089,Hard,OpenMP,8,1,0.003241062,647,1
hard_089,Hard,OpenMP,8,2,0.003248930,401,1
hard_089,Hard,OpenMP,8,3,0.003263950,545,1
hard_089,Hard,OpenMP,8,4,0.009346008,1421,1
hard_089,Hard,OpenMP,8,5,0.011619091,1081,1
hard_089,Hard,OpenMP,16,1,0.032092810,1283,1
hard_089,Hard,OpenMP,16,2,0.042704105,648,1
hard_089,Hard,OpenMP,16,3,0.008492947,493,1
hard_089,Hard,OpenMP,16,4,0.045259953,648,1
hard_089,Hard,OpenMP,16,5,0.032090902,1004,1
hard_089,Hard,OMP-BranchBoundMRV,4,1,0.006224155,854,1
hard_089,Hard,OMP-BranchBoundMRV,4,2,0.004805803,688,1
hard_089,Hard,OMP-BranchBoundMRV,4,3,0.004871130,658,1
hard_089,Hard,OMP-BranchBoundMRV,4,4,0.004796982,653,1
hard_089,Hard,OMP-BranchBoundMRV,4,5,0.004647017,639,1
hard_089,Hard,OMP-BranchBoundMRV,8,1,0.013585091,611,1
hard_089,Hard,OMP-BranchBoundMRV,8,2,0.008178949,767,1
hard_089,Hard,OMP-BranchBoundMRV,8,3,0.004994869,427,1
hard_089,Hard,OMP-BranchBoundMRV,8,4,0.011508942,874,1
hard_089,Hard,OMP-BranchBoundMRV,8,5,0.005532026,467,1
hard_089,Hard,OMP-BranchBoundMRV,16,1,0.020472050,736,1
hard_089,Hard,OMP-BranchBoundMRV,16,2,0.011550188,531,1
hard_089,Hard,OMP-BranchBoundMRV,16,3,0.016171932,635,1
hard_089,Hard,OMP-BranchBoundMRV,16,4,0.018505096,913,1
hard_089,Hard,OMP-BranchBoundMRV,16,5,0.152318001,700,1
hard_090,Hard,Serial,1,1,0.065807792,135477,1
hard_090,Hard,Serial,1,2,0.065065042,135477,1
hard_090,Hard,Serial,1,3,0.065922667,135477,1
hard_090,Hard,Serial,1,4,0.067460250,135477,1
hard_090,Hard,Serial,1,5,0.067150459,135477,1
hard_090,Hard,Serial-MRV,1,1,0.016060792,1045,1
hard_090,Hard,Serial-MRV,1,2,0.016115084,1045,1
hard_090,Hard,Serial-MRV,1,3,0.015898750,1045,1
hard_090,Hard,Serial-MRV,1,4,0.015745250,1045,1
hard_090,Hard,Serial-MRV,1,5,0.015867042,1045,1
hard_090,Hard,BranchBound,1,1,0.058034500,135477,1
hard_090,Hard,BranchBound,1,2,0.057415000,135477,1
hard_090,Hard,BranchBound,1,3,0.060661042,135477,1
hard_090,Hard,BranchBound,1,4,0.062811542,135477,1
hard_090,Hard,BranchBound,1,5,0.057633542,135477,1
hard_090,Hard,BranchBoundMRV,1,1,0.022587209,1045,1
hard_090,Hard,BranchBoundMRV,1,2,0.022559625,1045,1
hard_090,Hard,BranchBoundMRV,1,3,0.022199375,1045,1
hard_090,Hard,BranchBoundMRV,1,4,0.022159167,1045,1
hard_090,Hard,BranchBoundMRV,1,5,0.022195542,1045,1
hard_090,Hard,OpenMP,4,1,0.009952068,1088,1
hard_090,Hard,OpenMP,4,2,0.010087967,1088,1
hard_090,Hard,OpenMP,4,3,0.010045052,1088,1
hard_090,Hard,OpenMP,4,4,0.009906054,1088,1
hard_090,Hard,OpenMP,4,5,0.009896994,1088,1
hard_090,Hard,OpenMP,8,1,0.016710997,1088,1
hard_090,Hard,OpenMP,8,2,0.029711008,1088,1
hard_090,Hard,OpenMP,8,3,0.013576984,965,1
hard_090,Hard,OpenMP,8,4,0.012594938,1088,1
hard_090,Hard,OpenMP,8,5,0.017917156,1088,1
hard_090,Hard,OpenMP,16,1,0.051898003,1088,1
hard_090,Hard,OpenMP,16,2,0.075454950,842,1
hard_090,Hard,OpenMP,16,3,0.082288027,1086,1
hard_090,Hard,OpenMP,16,4,0.025546074,1088,1
hard_090,Hard,OpenMP,16,5,0.042373896,1088,1
hard_090,Hard,OMP-BranchBoundMRV,4,1,0.014374018,1088,1
hard_090,Hard,OMP-BranchBoundMRV,4,2,0.014348030,1088,1
hard_090,Hard,OMP-BranchBoundMRV,4,3,0.014444113,1088,1
hard_090,Hard,OMP-BranchBoundMRV,4,4,0.014583111,1088,1
hard_090,Hard,OMP-BranchBoundMRV,4,5,0.015136003,1088,1
hard_090,Hard,OMP-BranchBoundMRV,8,1,0.020408869,1088,1
hard_090,Hard,OMP-BranchBoundMRV,8,2,0.031283855,1088,1
hard_090,Hard,OMP-BranchBoundMRV,8,3,0.021086931,1088,1
hard_090,Hard,OMP-BranchBoundMRV,8,4,0.020436049,1088,1
hard_090,Hard,OMP-BranchBoundMRV,8,5,0.020292997,1088,1
hard_090,Hard,OMP-BranchBoundMRV,16,1,0.212646961,1088,1
hard_090,Hard,OMP-BranchBoundMRV,16,2,0.046912193,951,1
hard_090,Hard,OMP-BranchBoundMRV,16,3,0.055946112,1088,1
hard_090,Hard,OMP-BranchBoundMRV,16,4,0.075335979,1088,1
hard_090,Hard,OMP-BranchBoundMRV,16,5,0.055160999,862,1
hard_091,Hard,Serial,1,1,0.039181250,77680,1
hard_091,Hard,Serial,1,2,0.097167916,77680,1
hard_091,Hard,Serial,1,3,0.039295083,77680,1
hard_091,Hard,Serial,1,4,0.040614458,77680,1
hard_091,Hard,Serial,1,5,0.041138458,77680,1
hard_091,Hard,Serial-MRV,1,1,0.018547375,1256,1
hard_091,Hard,Serial-MRV,1,2,0.018696750,1256,1
hard_091,Hard,Serial-MRV,1,3,0.018536667,1256,1
hard_091,Hard,Serial-MRV,1,4,0.018518541,1256,1
hard_091,Hard,Serial-MRV,1,5,0.018408625,1256,1
hard_091,Hard,BranchBound,1,1,0.032232209,77680,1
hard_091,Hard,BranchBound,1,2,0.032234833,77680,1
hard_091,Hard,BranchBound,1,3,0.032306250,77680,1
hard_091,Hard,BranchBound,1,4,0.033071375,77680,1
hard_091,Hard,BranchBound,1,5,0.033721125,77680,1
hard_091,Hard,BranchBoundMRV,1,1,0.028323292,1256,1
hard_091,Hard,BranchBoundMRV,1,2,0.027886209,1256,1
hard_091,Hard,BranchBoundMRV,1,3,0.027385208,1256,1
hard_091,Hard,BranchBoundMRV,1,4,0.027792458,1256,1
hard_091,Hard,BranchBoundMRV,1,5,0.027500167,1256,1
hard_091,Hard,OpenMP,4,1,0.007884979,982,1
hard_091,Hard,OpenMP,4,2,0.007678032,974,1
hard_091,Hard,OpenMP,4,3,0.007716894,973,1
hard_091,Hard,OpenMP,4,4,0.007664919,974,1
hard_091,Hard,OpenMP,4,5,0.007832050,978,1
hard_091,Hard,OpenMP,8,1,0.013841152,1226,1
hard_091,Hard,OpenMP,8,2,0.007736206,973,1
hard_091,Hard,OpenMP,8,3,0.007761002,979,1
hard_091,Hard,OpenMP,8,4,0.009563923,661,1
hard_091,Hard,OpenMP,8,5,0.015574932,1065,1
hard_091,Hard,OpenMP,16,1,0.028990984,1077,1
hard_091,Hard,OpenMP,16,2,0.051443100,1262,1
hard_091,Hard,OpenMP,16,3,0.026392937,872,1
hard_091,Hard,OpenMP,16,4,0.050137997,1262,1
hard_091,Hard,OpenMP,16,5,0.068951130,619,1
hard_091,Hard,OMP-BranchBoundMRV,4,1,0.011581898,942,1
hard_091,Hard,OMP-BranchBoundMRV,4,2,0.011744022,984,1
hard_091,Hard,OMP-BranchBoundMRV,4,3,0.011631966,973,1
hard_091,Hard,OMP-BranchBoundMRV,4,4,0.011953115,990,1
hard_091,Hard,OMP-BranchBoundMRV,4,5,0.012315989,993,1
hard_091,Hard,OMP-BranchBoundMRV,8,1,0.020181894,1101,1
hard_091,Hard,OMP-BranchBoundMRV,8,2,0.012238979,628,1
hard_091,Hard,OMP-BranchBoundMRV,8,3,0.023727894,1262,1
hard_091,Hard,OMP-BranchBoundMRV,8,4,0.011419058,974,1
hard_091,Hard,OMP-BranchBoundMRV,8,5,0.017934084,1064,1
hard_091,Hard,OMP-BranchBoundMRV,16,1,0.075989962,972,1
hard_091,Hard,OMP-BranchBoundMRV,16,2,0.092273951,1262,1
hard_091,Hard,OMP-BranchBoundMRV,16,3,0.069919109,1262,1
hard_091,Hard,OMP-BranchBoundMRV,16,4,0.030449867,750,1
hard_091,Hard,OMP-BranchBoundMRV,16,5,0.017319202,968,1
hard_092,Hard,Serial,1,1,0.069757667,139692,1
hard_092,Hard,Serial,1,2,0.069277083,139692,1
hard_092,Hard,Serial,1,3,0.069981583,139692,1
hard_092,Hard,Serial,1,4,0.071221834,139692,1
hard_092,Hard,Serial,1,5,0.069778750,139692,1
hard_092,Hard,Serial-MRV,1,1,0.044389583,2587,1
hard_092,Hard,Serial-MRV,1,2,0.044301750,2587,1
hard_092,Hard,Serial-MRV,1,3,0.044306417,2587,1
hard_092,Hard,Serial-MRV,1,4,0.044041292,2587,1
hard_092,Hard,Serial-MRV,1,5,0.045437584,2587,1
hard_092,Hard,BranchBound,1,1,0.060165375,139692,1
hard_092,Hard,BranchBound,1,2,0.058985958,139692,1
hard_092,Hard,BranchBound,1,3,0.059383375,139692,1
hard_092,Hard,BranchBound,1,4,0.062364208,139692,1
hard_092,Hard,BranchBound,1,5,0.060188500,139692,1
hard_092,Hard,BranchBoundMRV,1,1,0.058682292,2587,1
hard_092,Hard,BranchBoundMRV,1,2,0.058496083,2587,1
hard_092,Hard,BranchBoundMRV,1,3,0.058567917,2587,1
hard_092,Hard,BranchBoundMRV,1,4,0.059603875,2587,1
hard_092,Hard,BranchBoundMRV,1,5,0.058999541,2587,1
hard_092,Hard,OpenMP,4,1,0.006174803,1073,1
hard_092,Hard,OpenMP,4,2,0.006158829,1066,1
hard_092,Hard,OpenMP,4,3,0.006174088,1071,1
hard_092,Hard,OpenMP,4,4,0.006119013,1069,1
hard_092,Hard,OpenMP,4,5,0.006202221,1363,1
hard_092,Hard,OpenMP,8,1,0.006213903,1289,1
hard_092,Hard,OpenMP,8,2,0.006247044,1308,1
hard_092,Hard,OpenMP,8,3,0.006237984,1135,1
hard_092,Hard,OpenMP,8,4,0.006181002,1131,1
hard_092,Hard,OpenMP,8,5,0.012120008,2000,1
hard_092,Hard,OpenMP,16,1,0.085579157,2147,1
hard_092,Hard,OpenMP,16,2,0.026072979,1112,1
hard_092,Hard,OpenMP,16,3,0.027987957,1511,1
hard_092,Hard,OpenMP,16,4,0.027938128,1594,1
hard_092,Hard,OpenMP,16,5,0.030231953,1884,1
hard_092,Hard,OMP-BranchBoundMRV,4,1,0.008672953,1081,1
hard_092,Hard,OMP-BranchBoundMRV,4,2,0.008984089,1115,1
hard_092,Hard,OMP-BranchBoundMRV,4,3,0.009467125,1163,1
hard_092,Hard,OMP-BranchBoundMRV,4,4,0.008430004,1331,1
hard_092,Hard,OMP-BranchBoundMRV,4,5,0.008997917,1131,1
hard_092,Hard,OMP-BranchBoundMRV,8,1,0.014360189,2110,1
hard_092,Hard,OMP-BranchBoundMRV,8,2,0.009069920,1299,1
hard_092,Hard,OMP-BranchBoundMRV,8,3,0.008383989,1311,1
hard_092,Hard,OMP-BranchBoundMRV,8,4,0.008525133,1248,1
hard_092,Hard,OMP-BranchBoundMRV,8,5,0.008418798,1139,1
hard_092,Hard,OMP-BranchBoundMRV,16,1,0.163203001,2587,1
hard_092,Hard,OMP-BranchBoundMRV,16,2,0.075239897,1969,1
hard_092,Hard,OMP-BranchBoundMRV,16,3,0.039961100,1296,1
hard_092,Hard,OMP-BranchBoundMRV,16,4,0.042478085,1499,1
hard_092,Hard,OMP-BranchBoundMRV,16,5,0.045133114,1111,1
hard_093,Hard,Serial,1,1,0.010686500,21585,1
hard_093,Hard,Serial,1,2,0.010818833,21585,1
hard_093,Hard,Serial,1,3,0.010751750,21585,1
hard_093,Hard,Serial,1,4,0.010710083,21585,1
hard_093,Hard,Serial,1,5,0.010725125,21585,1
hard_093,Hard,Serial-MRV,1,1,0.014718250,1027,1
hard_093,Hard,Serial-MRV,1,2,0.014437417,1027,1
hard_093,Hard,Serial-MRV,1,3,0.014641542,1027,1
hard_093,Hard,Serial-MRV,1,4,0.014556625,1027,1
hard_093,Hard,Serial-MRV,1,5,0.014479500,1027,1
hard_093,Hard,BranchBound,1,1,0.009174208,21585,1
hard_093,Hard,BranchBound,1,2,0.009207000,21585,1
hard_093,Hard,BranchBound,1,3,0.009263917,21585,1
hard_093,Hard,BranchBound,1,4,0.009264375,21585,1
hard_093,Hard,BranchBound,1,5,0.009235667,21585,1
hard_093,Hard,BranchBoundMRV,1,1,0.018994792,1027,1
hard_093,Hard,BranchBoundMRV,1,2,0.019416416,1027,1
hard_093,Hard,BranchBoundMRV,1,3,0.019777000,1027,1
hard_093,Hard,BranchBoundMRV,1,4,0.019857833,1027,1
hard_093,Hard,BranchBoundMRV,1,5,0.019789375,1027,1
hard_093,Hard,OpenMP,4,1,0.004945040,617,1
hard_093,Hard,OpenMP,4,2,0.004915953,614,1
hard_093,Hard,OpenMP,4,3,0.004891157,619,1
hard_093,Hard,OpenMP,4,4,0.004819155,616,1
hard_093,Hard,OpenMP,4,5,0.004817963,608,1
hard_093,Hard,OpenMP,8,1,0.004679918,440,1
hard_093,Hard,OpenMP,8,2,0.007786036,520,1
hard_093,Hard,OpenMP,8,3,0.010824203,687,1
hard_093,Hard,OpenMP,8,4,0.004670143,615,1
hard_093,Hard,OpenMP,8,5,0.010659933,983,1
hard_093,Hard,OpenMP,16,1,0.017698050,1027,1
hard_093,Hard,OpenMP,16,2,0.020182133,615,1
hard_093,Hard,OpenMP,16,3,0.087660074,917,1
hard_093,Hard,OpenMP,16,4,0.037925005,502,1
hard_093,Hard,OpenMP,16,5,0.008667946,333,1
hard_093,Hard,OMP-BranchBoundMRV,4,1,0.006100893,602,1
hard_093,Hard,OMP-BranchBoundMRV,4,2,0.006505966,610,1
hard_093,Hard,OMP-BranchBoundMRV,4,3,0.006489038,623,1
hard_093,Hard,OMP-BranchBoundMRV,4,4,0.006192923,575,1
hard_093,Hard,OMP-BranchBoundMRV,4,5,0.006706953,644,1
hard_093,Hard,OMP-BranchBoundMRV,8,1,0.006059885,445,1
hard_093,Hard,OMP-BranchBoundMRV,8,2,0.011152983,642,1
hard_093,Hard,OMP-BranchBoundMRV,8,3,0.006532907,483,1
hard_093,Hard,OMP-BranchBoundMRV,8,4,0.006051064,519,1
hard_093,Hard,OMP-BranchBoundMRV,8,5,0.011430979,530,1
hard_093,Hard,OMP-BranchBoundMRV,16,1,0.111644030,1027,1
hard_093,Hard,OMP-BranchBoundMRV,16,2,0.028416872,606,1
hard_093,Hard,OMP-BranchBoundMRV,16,3,0.028142929,462,1
hard_093,Hard,OMP-BranchBoundMRV,16,4,0.041087151,788,1
hard_093,Hard,OMP-BranchBoundMRV,16,5,0.032346964,465,1
hard_094,Hard,Serial,1,1,0.008523916,17336,1
hard_094,Hard,Serial,1,2,0.008668417,17336,1
hard_094,Hard,Serial,1,3,0.008461917,17336,1
hard_094,Hard,Serial,1,4,0.008541083,17336,1
hard_094,Hard,Serial,1,5,0.008411417,17336,1
hard_094,Hard,Serial-MRV,1,1,0.019870333,1318,1
hard_094,Hard,Serial-MRV,1,2,0.019632250,1318,1
hard_094,Hard,Serial-MRV,1,3,0.019435042,1318,1
hard_094,Hard,Serial-MRV,1,4,0.019478000,1318,1
hard_094,Hard,Serial-MRV,1,5,0.019542416,1318,1
hard_094,Hard,BranchBound,1,1,0.007355541,17336,1
hard_094,Hard,BranchBound,1,2,0.007373375,17336,1
hard_094,Hard,BranchBound,1,3,0.007303708,17336,1
hard_094,Hard,BranchBound,1,4,0.007438125,17336,1
hard_094,Hard,BranchBound,1,5,0.007361792,17336,1
hard_094,Hard,BranchBoundMRV,1,1,0.026126625,1318,1
hard_094,Hard,BranchBoundMRV,1,2,0.026958667,1318,1
hard_094,Hard,BranchBoundMRV,1,3,0.027093083,1318,1
hard_094,Hard,BranchBoundMRV,1,4,0.027066875,1318,1
hard_094,Hard,BranchBoundMRV,1,5,0.026763916,1318,1
hard_094,Hard,OpenMP,4,1,0.001441956,335,1
hard_094,Hard,OpenMP,4,2,0.001422882,334,1
hard_094,Hard,OpenMP,4,3,0.001417875,337,1
hard_094,Hard,OpenMP,4,4,0.001427174,337,1
hard_094,Hard,OpenMP,4,5,0.001441002,338,1
hard_094,Hard,OpenMP,8,1,0.001490116,360,1
hard_094,Hard,OpenMP,8,2,0.003519058,782,1
hard_094,Hard,OpenMP,8,3,0.004094124,858,1
hard_094,Hard,OpenMP,8,4,0.003847837,851,1
hard_094,Hard,OpenMP,8,5,0.003408909,781,1
hard_094,Hard,OpenMP,16,1,0.028697968,911,1
hard_094,Hard,OpenMP,16,2,0.005270958,408,1
hard_094,Hard,OpenMP,16,3,0.016335011,430,1
hard_094,Hard,OpenMP,16,4,0.008579969,427,1
hard_094,Hard,OpenMP,16,5,0.008466005,1013,1
hard_094,Hard,OMP-BranchBoundMRV,4,1,0.002214909,382,1
hard_094,Hard,OMP-BranchBoundMRV,4,2,0.002147198,367,1
hard_094,Hard,OMP-BranchBoundMRV,4,3,0.002135038,362,1
hard_094,Hard,OMP-BranchBoundMRV,4,4,0.002134085,364,1
hard_094,Hard,OMP-BranchBoundMRV,4,5,0.002138138,367,1
hard_094,Hard,OMP-BranchBoundMRV,8,1,0.002171993,372,1
hard_094,Hard,OMP-BranchBoundMRV,8,2,0.002144098,406,1
hard_094,Hard,OMP-BranchBoundMRV,8,3,0.005059958,993,1
hard_094,Hard,OMP-BranchBoundMRV,8,4,0.002156019,317,1
hard_094,Hard,OMP-BranchBoundMRV,8,5,0.005125046,851,1
hard_094,Hard,OMP-BranchBoundMRV,16,1,0.025405169,1043,1
hard_094,Hard,OMP-BranchBoundMRV,16,2,0.017595053,406,1
hard_094,Hard,OMP-BranchBoundMRV,16,3,0.012344837,994,1
hard_094,Hard,OMP-BranchBoundMRV,16,4,0.028546095,1058,1
hard_094,Hard,OMP-BranchBoundMRV,16,5,0.039901018,391,1
hard_095,Hard,Serial,1,1,0.027198250,49918,1
hard_095,Hard,Serial,1,2,0.027613417,49918,1
hard_095,Hard,Serial,1,3,0.027182917,49918,1
hard_095,Hard,Serial,1,4,0.025948292,49918,1
hard_095,Hard,Serial,1,5,0.026832333,49918,1
hard_095,Hard,Serial-MRV,1,1,0.019344625,1042,1
hard_095,Hard,Serial-MRV,1,2,0.018995958,1042,1
hard_095,Hard,Serial-MRV,1,3,0.018940500,1042,1
hard_095,Hard,Serial-MRV,1,4,0.019417750,1042,1
hard_095,Hard,Serial-MRV,1,5,0.019840041,1042,1
hard_095,Hard,BranchBound,1,1,0.022001958,49918,1
hard_095,Hard,BranchBound,1,2,0.022049292,49918,1
hard_095,Hard,BranchBound,1,3,0.022077459,49918,1
hard_095,Hard,BranchBound,1,4,0.021344791,49918,1
hard_095,Hard,BranchBound,1,5,0.021424125,49918,1
hard_095,Hard,BranchBoundMRV,1,1,0.025535917,1042,1
hard_095,Hard,BranchBoundMRV,1,2,0.025479959,1042,1
hard_095,Hard,BranchBoundMRV,1,3,0.025430334,1042,1
hard_095,Hard,BranchBoundMRV,1,4,0.026170666,1042,1
hard_095,Hard,BranchBoundMRV,1,5,0.026797791,1042,1
hard_095,Hard,OpenMP,4,1,0.007253885,1361,1
hard_095,Hard,OpenMP,4,2,0.011507988,1688,1
hard_095,Hard,OpenMP,4,3,0.007158995,1078,1
hard_095,Hard,OpenMP,4,4,0.007344007,1378,1
hard_095,Hard,OpenMP,4,5,0.007201910,1086,1
hard_095,Hard,OpenMP,8,1,0.007552862,1281,1
hard_095,Hard,OpenMP,8,2,0.017714977,1688,1
hard_095,Hard,OpenMP,8,3,0.016834021,1635,1
hard_095,Hard,OpenMP,8,4,0.015033007,1688,1
hard_095,Hard,OpenMP,8,5,0.007164955,1389,1
hard_095,Hard,OpenMP,16,1,0.101068974,1626,1
hard_095,Hard,OpenMP,16,2,0.022042990,1594,1
hard_095,Hard,OpenMP,16,3,0.048019886,1688,1
hard_095,Hard,OpenMP,16,4,0.084105015,1688,1
hard_095,Hard,OpenMP,16,5,0.044510126,1447,1
hard_095,Hard,OMP-BranchBoundMRV,4,1,0.009598970,1400,1
hard_095,Hard,OMP-BranchBoundMRV,4,2,0.009555101,1385,1
hard_095,Hard,OMP-BranchBoundMRV,4,3,0.009546041,1398,1
hard_095,Hard,OMP-BranchBoundMRV,4,4,0.009545803,1398,1
hard_095,Hard,OMP-BranchBoundMRV,4,5,0.009546995,1397,1
hard_095,Hard,OMP-BranchBoundMRV,8,1,0.009680033,1301,1
hard_095,Hard,OMP-BranchBoundMRV,8,2,0.021556854,1688,1
hard_095,Hard,OMP-BranchBoundMRV,8,3,0.015329123,1688,1
hard_095,Hard,OMP-BranchBoundMRV,8,4,0.021757841,1688,1
hard_095,Hard,OMP-BranchBoundMRV,8,5,0.009673834,1510,1
hard_095,Hard,OMP-BranchBoundMRV,16,1,0.047110081,942,1
hard_095,Hard,OMP-BranchBoundMRV,16,2,0.053622961,1150,1
hard_095,Hard,OMP-BranchBoundMRV,16,3,0.045886993,1688,1
hard_095,Hard,OMP-BranchBoundMRV,16,4,0.042240858,1586,1
hard_095,Hard,OMP-BranchBoundMRV,16,5,0.047797918,1358,1
hard_096,Hard,Serial,1,1,0.009073667,17145,1
hard_096,Hard,Serial,1,2,0.008806917,17145,1
hard_096,Hard,Serial,1,3,0.008802542,17145,1
hard_096,Hard,Serial,1,4,0.008857042,17145,1
hard_096,Hard,Serial,1,5,0.008756750,17145,1
hard_096,Hard,Serial-MRV,1,1,0.021021833,1444,1
hard_096,Hard,Serial-MRV,1,2,0.021025084,1444,1
hard_096,Hard,Serial-MRV,1,3,0.021153375,1444,1
hard_096,Hard,Serial-MRV,1,4,0.020914333,1444,1
hard_096,Hard,Serial-MRV,1,5,0.020860708,1444,1
hard_096,Hard,BranchBound,1,1,0.007260125,17145,1
hard_096,Hard,BranchBound,1,2,0.007168875,17145,1
hard_096,Hard,BranchBound,1,3,0.007184625,17145,1
hard_096,Hard,BranchBound,1,4,0.007283209,17145,1
hard_096,Hard,BranchBound,1,5,0.007186041,17145,1
hard_096,Hard,BranchBoundMRV,1,1,0.028053375,1444,1
hard_096,Hard,BranchBoundMRV,1,2,0.028253833,1444,1
hard_096,Hard,BranchBoundMRV,1,3,0.028324042,1444,1
hard_096,Hard,BranchBoundMRV,1,4,0.028506708,1444,1
hard_096,Hard,BranchBoundMRV,1,5,0.027760250,1444,1
hard_096,Hard,OpenMP,4,1,0.007936954,1319,1
hard_096,Hard,OpenMP,4,2,0.008149862,1448,1
hard_096,Hard,OpenMP,4,3,0.008142948,1450,1
hard_096,Hard,OpenMP,4,4,0.008141994,1448,1
hard_096,Hard,OpenMP,4,5,0.008129835,1447,1
hard_096,Hard,OpenMP,8,1,0.007880211,1190,1
hard_096,Hard,OpenMP,8,2,0.007847071,1289,1
hard_096,Hard,OpenMP,8,3,0.019819021,1424,1
hard_096,Hard,OpenMP,8,4,0.014070034,1458,1
hard_096,Hard,OpenMP,8,5,0.013849020,1458,1
hard_096,Hard,OpenMP,16,1,0.102504969,1458,1
hard_096,Hard,OpenMP,16,2,0.046860933,1458,1
hard_096,Hard,OpenMP,16,3,0.044095993,1458,1
hard_096,Hard,OpenMP,16,4,0.029721975,1458,1
hard_096,Hard,OpenMP,16,5,0.022158861,1458,1
hard_096,Hard,OMP-BranchBoundMRV,4,1,0.010685205,1449,1
hard_096,Hard,OMP-BranchBoundMRV,4,2,0.010663033,1456,1
hard_096,Hard,OMP-BranchBoundMRV,4,3,0.010931015,1458,1
hard_096,Hard,OMP-BranchBoundMRV,4,4,0.010878801,1458,1
hard_096,Hard,OMP-BranchBoundMRV,4,5,0.010637999,1456,1
hard_096,Hard,OMP-BranchBoundMRV,8,1,0.016125202,1458,1
hard_096,Hard,OMP-BranchBoundMRV,8,2,0.016155005,1458,1
hard_096,Hard,OMP-BranchBoundMRV,8,3,0.029937983,1458,1
hard_096,Hard,OMP-BranchBoundMRV,8,4,0.020118952,1458,1
hard_096,Hard,OMP-BranchBoundMRV,8,5,0.016806841,1242,1
hard_096,Hard,OMP-BranchBoundMRV,16,1,0.033676863,1458,1
hard_096,Hard,OMP-BranchBoundMRV,16,2,0.103789091,1220,1
hard_096,Hard,OMP-BranchBoundMRV,16,3,0.027872801,1458,1
hard_096,Hard,OMP-BranchBoundMRV,16,4,0.032304049,1251,1
hard_096,Hard,OMP-BranchBoundMRV,16,5,0.035181046,1011,1
hard_097,Hard,Serial,1,1,0.004752167,9703,1
hard_097,Hard,Serial,1,2,0.004917875,9703,1
hard_097,Hard,Serial,1,3,0.004953833,9703,1
hard_097,Hard,Serial,1,4,0.004829208,9703,1
hard_097,Hard,Serial,1,5,0.004863917,9703,1
hard_097,Hard,Serial-MRV,1,1,0.022977667,1648,1
hard_097,Hard,Serial-MRV,1,2,0.022932625,1648,1
hard_097,Hard,Serial-MRV,1,3,0.022624084,1648,1
hard_097,Hard,Serial-MRV,1,4,0.022711334,1648,1
hard_097,Hard,Serial-MRV,1,5,0.022729083,1648,1
hard_097,Hard,BranchBound,1,1,0.004131708,9703,1
hard_097,Hard,BranchBound,1,2,0.004185667,9703,1
hard_097,Hard,BranchBound,1,3,0.004091209,9703,1
hard_097,Hard,BranchBound,1,4,0.004102834,9703,1
hard_097,Hard,BranchBound,1,5,0.004102333,9703,1
hard_097,Hard,BranchBoundMRV,1,1,0.030367208,1648,1
hard_097,Hard,BranchBoundMRV,1,2,0.031157333,1648,1
hard_097,Hard,BranchBoundMRV,1,3,0.031451167,1648,1
hard_097,Hard,BranchBoundMRV,1,4,0.031588125,1648,1
hard_097,Hard,BranchBoundMRV,1,5,0.031126666,1648,1
hard_097,Hard,OpenMP,4,1,0.001740932,320,1
hard_097,Hard,OpenMP,4,2,0.001741886,326,1
hard_097,Hard,OpenMP,4,3,0.001677036,322,1
hard_097,Hard,OpenMP,4,4,0.001673937,321,1
hard_097,Hard,OpenMP,4,5,0.001695871,322,1
hard_097,Hard,OpenMP,8,1,0.001726151,288,1
hard_097,Hard,OpenMP,8,2,0.004031897,517,1
hard_097,Hard,OpenMP,8,3,0.004678965,779,1
hard_097,Hard,OpenMP,8,4,0.001749992,341,1
hard_097,Hard,OpenMP,8,5,0.004312992,608,1
hard_097,Hard,OpenMP,16,1,0.149784088,385,1
hard_097,Hard,OpenMP,16,2,0.041087866,335,1
hard_097,Hard,OpenMP,16,3,0.008136034,356,1
hard_097,Hard,OpenMP,16,4,0.016057014,382,1
hard_097,Hard,OpenMP,16,5,0.024127007,709,1
hard_097,Hard,OMP-BranchBoundMRV,4,1,0.002575874,344,1
hard_097,Hard,OMP-BranchBoundMRV,4,2,0.002582073,328,1
hard_097,Hard,OMP-BranchBoundMRV,4,3,0.002814054,368,1
hard_097,Hard,OMP-BranchBoundMRV,4,4,0.002477169,333,1
hard_097,Hard,OMP-BranchBoundMRV,4,5,0.002849102,368,1
hard_097,Hard,OMP-BranchBoundMRV,8,1,0.002494812,408,1
hard_097,Hard,OMP-BranchBoundMRV,8,2,0.002495050,281,1
hard_097,Hard,OMP-BranchBoundMRV,8,3,0.003754139,443,1
hard_097,Hard,OMP-BranchBoundMRV,8,4,0.002487898,402,1
hard_097,Hard,OMP-BranchBoundMRV,8,5,0.006182909,739,1
hard_097,Hard,OMP-BranchBoundMRV,16,1,0.013506889,276,1
hard_097,Hard,OMP-BranchBoundMRV,16,2,0.019572973,416,1
hard_097,Hard,OMP-BranchBoundMRV,16,3,0.071900129,1381,1
hard_097,Hard,OMP-BranchBoundMRV,16,4,0.035328150,605,1
hard_097,Hard,OMP-BranchBoundMRV,16,5,0.024936914,416,1
hard_098,Hard,Serial,1,1,0.006246625,12221,1
hard_098,Hard,Serial,1,2,0.006514416,12221,1
hard_098,Hard,Serial,1,3,0.006397208,12221,1
hard_098,Hard,Serial,1,4,0.006347792,12221,1
hard_098,Hard,Serial,1,5,0.006366792,12221,1
hard_098,Hard,Serial-MRV,1,1,0.021598500,1020,1
hard_098,Hard,Serial-MRV,1,2,0.021487542,1020,1
hard_098,Hard,Serial-MRV,1,3,0.021422083,1020,1
hard_098,Hard,Serial-MRV,1,4,0.021222958,1020,1
hard_098,Hard,Serial-MRV,1,5,0.020709917,1020,1
hard_098,Hard,BranchBound,1,1,0.005606250,12221,1
hard_098,Hard,BranchBound,1,2,0.005431084,12221,1
hard_098,Hard,BranchBound,1,3,0.005480083,12221,1
hard_098,Hard,BranchBound,1,4,0.005459500,12221,1
hard_098,Hard,BranchBound,1,5,0.005427917,12221,1
hard_098,Hard,BranchBoundMRV,1,1,0.027576125,1020,1
hard_098,Hard,BranchBoundMRV,1,2,0.027464875,1020,1
hard_098,Hard,BranchBoundMRV,1,3,0.028404500,1020,1
hard_098,Hard,BranchBoundMRV,1,4,0.028847084,1020,1
hard_098,Hard,BranchBoundMRV,1,5,0.028854916,1020,1
hard_098,Hard,OpenMP,4,1,0.007390022,926,1
hard_098,Hard,OpenMP,4,2,0.007089138,886,1
hard_098,Hard,OpenMP,4,3,0.007192135,901,1
hard_098,Hard,OpenMP,4,4,0.007219076,893,1
hard_098,Hard,OpenMP,4,5,0.006958961,917,1
hard_098,Hard,OpenMP,8,1,0.007510900,875,1
hard_098,Hard,OpenMP,8,2,0.017913103,1020,1
hard_098,Hard,OpenMP,8,3,0.011087179,1020,1
hard_098,Hard,OpenMP,8,4,0.006973982,819,1
hard_098,Hard,OpenMP,8,5,0.011006832,872,1
hard_098,Hard,OpenMP,16,1,0.062640190,919,1
hard_098,Hard,OpenMP,16,2,0.048173189,1020,1
hard_098,Hard,OpenMP,16,3,0.021326065,961,1
hard_098,Hard,OpenMP,16,4,0.036785126,831,1
hard_098,Hard,OpenMP,16,5,0.019006014,1020,1
hard_098,Hard,OMP-BranchBoundMRV,4,1,0.010089874,938,1
hard_098,Hard,OMP-BranchBoundMRV,4,2,0.010493994,927,1
hard_098,Hard,OMP-BranchBoundMRV,4,3,0.009783983,907,1
hard_098,Hard,OMP-BranchBoundMRV,4,4,0.009975910,893,1
hard_098,Hard,OMP-BranchBoundMRV,4,5,0.009759903,932,1
hard_098,Hard,OMP-BranchBoundMRV,8,1,0.010042906,943,1
hard_098,Hard,OMP-BranchBoundMRV,8,2,0.017334938,1020,1
hard_098,Hard,OMP-BranchBoundMRV,8,3,0.015697956,966,1
hard_098,Hard,OMP-BranchBoundMRV,8,4,0.028003931,1020,1
hard_098,Hard,OMP-BranchBoundMRV,8,5,0.009878874,855,1
hard_098,Hard,OMP-BranchBoundMRV,16,1,0.049010992,770,1
hard_098,Hard,OMP-BranchBoundMRV,16,2,0.026380062,954,1
hard_098,Hard,OMP-BranchBoundMRV,16,3,0.081971169,1020,1
hard_098,Hard,OMP-BranchBoundMRV,16,4,0.033648968,1004,1
hard_098,Hard,OMP-BranchBoundMRV,16,5,0.037611008,1004,1
hard_099,Hard,Serial,1,1,0.008636708,16868,1
hard_099,Hard,Serial,1,2,0.008685000,16868,1
hard_099,Hard,Serial,1,3,0.008618500,16868,1
hard_099,Hard,Serial,1,4,0.008501875,16868,1
hard_099,Hard,Serial,1,5,0.008331708,16868,1
hard_099,Hard,Serial-MRV,1,1,0.019434667,1187,1
hard_099,Hard,Serial-MRV,1,2,0.019423292,1187,1
hard_099,Hard,Serial-MRV,1,3,0.019240792,1187,1
hard_099,Hard,Serial-MRV,1,4,0.019173833,1187,1
hard_099,Hard,Serial-MRV,1,5,0.019222125,1187,1
hard_099,Hard,BranchBound,1,1,0.007077083,16868,1
hard_099,Hard,BranchBound,1,2,0.007046000,16868,1
hard_099,Hard,BranchBound,1,3,0.007097791,16868,1
hard_099,Hard,BranchBound,1,4,0.007158417,16868,1
hard_099,Hard,BranchBound,1,5,0.007159709,16868,1
hard_099,Hard,BranchBoundMRV,1,1,0.024642542,1187,1
hard_099,Hard,BranchBoundMRV,1,2,0.025628584,1187,1
hard_099,Hard,BranchBoundMRV,1,3,0.025992167,1187,1
hard_099,Hard,BranchBoundMRV,1,4,0.026170167,1187,1
hard_099,Hard,BranchBoundMRV,1,5,0.025617375,1187,1
hard_099,Hard,OpenMP,4,1,0.020772934,1187,1
hard_099,Hard,OpenMP,4,2,0.020290136,1187,1
hard_099,Hard,OpenMP,4,3,0.020383120,1187,1
hard_099,Hard,OpenMP,4,4,0.020659924,1187,1
hard_099,Hard,OpenMP,4,5,0.021595001,1187,1
hard_099,Hard,OpenMP,8,1,0.034926176,1187,1
hard_099,Hard,OpenMP,8,2,0.030850887,1187,1
hard_099,Hard,OpenMP,8,3,0.032985926,1187,1
hard_099,Hard,OpenMP,8,4,0.024140120,1187,1
hard_099,Hard,OpenMP,8,5,0.026972055,1187,1
hard_099,Hard,OpenMP,16,1,0.064234972,1187,1
hard_099,Hard,OpenMP,16,2,0.087432861,1187,1
hard_099,Hard,OpenMP,16,3,0.072740078,1187,1
hard_099,Hard,OpenMP,16,4,0.117475986,1187,1
hard_099,Hard,OpenMP,16,5,0.062294960,1187,1
hard_099,Hard,OMP-BranchBoundMRV,4,1,0.026453972,1187,1
hard_099,Hard,OMP-BranchBoundMRV,4,2,0.028262138,1187,1
hard_099,Hard,OMP-BranchBoundMRV,4,3,0.027865171,1187,1
hard_099,Hard,OMP-BranchBoundMRV,4,4,0.028135061,1187,1
hard_099,Hard,OMP-BranchBoundMRV,4,5,0.029263020,1187,1
hard_099,Hard,OMP-BranchBoundMRV,8,1,0.053208113,1187,1
hard_099,Hard,OMP-BranchBoundMRV,8,2,0.046465874,1187,1
hard_099,Hard,OMP-BranchBoundMRV,8,3,0.038400888,1187,1
hard_099,Hard,OMP-BranchBoundMRV,8,4,0.045692921,1187,1
hard_099,Hard,OMP-BranchBoundMRV,8,5,0.033767223,1187,1
hard_099,Hard,OMP-BranchBoundMRV,16,1,0.207046986,1187,1
hard_099,Hard,OMP-BranchBoundMRV,16,2,0.106404066,1187,1
hard_099,Hard,OMP-BranchBoundMRV,16,3,0.078562021,1187,1
hard_099,Hard,OMP-BranchBoundMRV,16,4,0.196757078,1187,1
hard_099,Hard,OMP-BranchBoundMRV,16,5,0.136608124,1187,1
hard_100,Hard,Serial,1,1,0.002430333,4775,1
hard_100,Hard,Serial,1,2,0.002273875,4775,1
hard_100,Hard,Serial,1,3,0.002411250,4775,1
hard_100,Hard,Serial,1,4,0.002454375,4775,1
hard_100,Hard,Serial,1,5,0.002450334,4775,1
hard_100,Hard,Serial-MRV,1,1,0.016349916,1010,1
hard_100,Hard,Serial-MRV,1,2,0.016065125,1010,1
hard_100,Hard,Serial-MRV,1,3,0.016319042,1010,1
hard_100,Hard,Serial-MRV,1,4,0.015916291,1010,1
hard_100,Hard,Serial-MRV,1,5,0.016055791,1010,1
hard_100,Hard,BranchBound,1,1,0.002128666,4775,1
hard_100,Hard,BranchBound,1,2,0.002073791,4775,1
hard_100,Hard,BranchBound,1,3,0.002106833,4775,1
hard_100,Hard,BranchBound,1,4,0.002132250,4775,1
hard_100,Hard,BranchBound,1,5,0.002116125,4775,1
hard_100,Hard,BranchBoundMRV,1,1,0.021094541,1010,1
hard_100,Hard,BranchBoundMRV,1,2,0.020959042,1010,1
hard_100,Hard,BranchBoundMRV,1,3,0.021242458,1010,1
hard_100,Hard,BranchBoundMRV,1,4,0.021661875,1010,1
hard_100,Hard,BranchBoundMRV,1,5,0.021661084,1010,1
hard_100,Hard,OpenMP,4,1,0.003084898,518,1
hard_100,Hard,OpenMP,4,2,0.003081083,526,1
hard_100,Hard,OpenMP,4,3,0.002969027,472,1
hard_100,Hard,OpenMP,4,4,0.002959013,515,1
hard_100,Hard,OpenMP,4,5,0.002923965,509,1
hard_100,Hard,OpenMP,8,1,0.007461071,602,1
hard_100,Hard,OpenMP,8,2,0.004145861,523,1
hard_100,Hard,OpenMP,8,3,0.006892920,680,1
hard_100,Hard,OpenMP,8,4,0.006516933,703,1
hard_100,Hard,OpenMP,8,5,0.003152847,431,1
hard_100,Hard,OpenMP,16,1,0.010500908,448,1
hard_100,Hard,OpenMP,16,2,0.019226074,585,1
hard_100,Hard,OpenMP,16,3,0.021435022,356,1
hard_100,Hard,OpenMP,16,4,0.020725965,556,1
hard_100,Hard,OpenMP,16,5,0.124956131,539,1
hard_100,Hard,OMP-BranchBoundMRV,4,1,0.003537893,479,1
hard_100,Hard,OMP-BranchBoundMRV,4,2,0.003551960,469,1
hard_100,Hard,OMP-BranchBoundMRV,4,3,0.003831863,492,1
hard_100,Hard,OMP-BranchBoundMRV,4,4,0.003614902,477,1
hard_100,Hard,OMP-BranchBoundMRV,4,5,0.003510952,479,1
hard_100,Hard,OMP-BranchBoundMRV,8,1,0.003651142,389,1
hard_100,Hard,OMP-BranchBoundMRV,8,2,0.005881071,456,1
hard_100,Hard,OMP-BranchBoundMRV,8,3,0.010625839,485,1
hard_100,Hard,OMP-BranchBoundMRV,8,4,0.005192041,447,1
hard_100,Hard,OMP-BranchBoundMRV,8,5,0.010012150,596,1
hard_100,Hard,OMP-BranchBoundMRV,16,1,0.007575989,477,1
hard_100,Hard,OMP-BranchBoundMRV,16,2,0.026534081,544,1
hard_100,Hard,OMP-BranchBoundMRV,16,3,0.016917944,469,1
hard_100,Hard,OMP-BranchBoundMRV,16,4,0.021879911,712,1
hard_100,Hard,OMP-BranchBoundMRV,16,5,0.010149956,511,1
extreme_001,Extreme,Serial,1,1,0.031553125,61110,1
extreme_001,Extreme,Serial,1,2,0.030161666,61110,1
extreme_001,Extreme,Serial,1,3,0.031660666,61110,1
extreme_001,Extreme,Serial,1,4,0.031345084,61110,1
extreme_001,Extreme,Serial,1,5,0.031204583,61110,1
extreme_001,Extreme,Serial-MRV,1,1,0.243903584,13586,1
extreme_001,Extreme,Serial-MRV,1,2,0.241251583,13586,1
extreme_001,Extreme,Serial-MRV,1,3,0.245169875,13586,1
extreme_001,Extreme,Serial-MRV,1,4,0.241381709,13586,1
extreme_001,Extreme,Serial-MRV,1,5,0.240498959,13586,1
extreme_001,Extreme,BranchBound,1,1,0.025835417,61110,1
extreme_001,Extreme,BranchBound,1,2,0.025915250,61110,1
extreme_001,Extreme,BranchBound,1,3,0.026126916,61110,1
extreme_001,Extreme,BranchBound,1,4,0.025918583,61110,1
extreme_001,Extreme,BranchBound,1,5,0.026047041,61110,1
extreme_001,Extreme,BranchBoundMRV,1,1,0.310870667,13586,1
extreme_001,Extreme,BranchBoundMRV,1,2,0.302330584,13586,1
extreme_001,Extreme,BranchBoundMRV,1,3,0.302780042,13586,1
extreme_001,Extreme,BranchBoundMRV,1,4,0.305921875,13586,1
extreme_001,Extreme,BranchBoundMRV,1,5,0.306489042,13586,1
extreme_001,Extreme,OpenMP,4,1,0.060318947,12025,1
extreme_001,Extreme,OpenMP,4,2,0.060331106,11241,1
extreme_001,Extreme,OpenMP,4,3,0.060323000,11252,1
extreme_001,Extreme,OpenMP,4,4,0.063107967,12057,1
extreme_001,Extreme,OpenMP,4,5,0.060599089,11997,1
extreme_001,Extreme,OpenMP,8,1,0.092070818,12778,1
extreme_001,Extreme,OpenMP,8,2,0.104702950,11909,1
extreme_001,Extreme,OpenMP,8,3,0.081994057,12369,1
extreme_001,Extreme,OpenMP,8,4,0.084306002,12230,1
extreme_001,Extreme,OpenMP,8,5,0.070381880,12080,1
extreme_001,Extreme,OpenMP,16,1,0.295836926,13049,1
extreme_001,Extreme,OpenMP,16,2,0.195458174,12563,1
extreme_001,Extreme,OpenMP,16,3,0.281683922,13295,1
extreme_001,Extreme,OpenMP,16,4,0.201980114,14267,1
extreme_001,Extreme,OpenMP,16,5,0.100937843,10725,1
extreme_001,Extreme,OMP-BranchBoundMRV,4,1,0.118160009,14149,1
extreme_001,Extreme,OMP-BranchBoundMRV,4,2,0.086697817,12105,1
extreme_001,Extreme,OMP-BranchBoundMRV,4,3,0.084333897,12048,1
extreme_001,Extreme,OMP-BranchBoundMRV,4,4,0.081804037,12033,1
extreme_001,Extreme,OMP-BranchBoundMRV,4,5,0.079386950,11998,1
extreme_001,Extreme,OMP-BranchBoundMRV,8,1,0.136718988,13451,1
extreme_001,Extreme,OMP-BranchBoundMRV,8,2,0.114197016,12397,1
extreme_001,Extreme,OMP-BranchBoundMRV,8,3,0.081553936,10315,1
extreme_001,Extreme,OMP-BranchBoundMRV,8,4,0.109678984,12008,1
extreme_001,Extreme,OMP-BranchBoundMRV,8,5,0.092983961,10695,1
extreme_001,Extreme,OMP-BranchBoundMRV,16,1,0.339799881,14624,1
extreme_001,Extreme,OMP-BranchBoundMRV,16,2,0.249796152,12970,1
extreme_001,Extreme,OMP-BranchBoundMRV,16,3,0.286375999,13288,1
extreme_001,Extreme,OMP-BranchBoundMRV,16,4,0.323545933,13342,1
extreme_001,Extreme,OMP-BranchBoundMRV,16,5,0.323420048,14296,1
extreme_002,Extreme,Serial,1,1,0.062518166,124535,1
extreme_002,Extreme,Serial,1,2,0.059638375,124535,1
extreme_002,Extreme,Serial,1,3,0.059364458,124535,1
extreme_002,Extreme,Serial,1,4,0.060520667,124535,1
extreme_002,Extreme,Serial,1,5,0.059037084,124535,1
extreme_002,Extreme,Serial-MRV,1,1,0.155474417,10211,1
extreme_002,Extreme,Serial-MRV,1,2,0.157351542,10211,1
extreme_002,Extreme,Serial-MRV,1,3,0.157309708,10211,1
extreme_002,Extreme,Serial-MRV,1,4,0.155049792,10211,1
extreme_002,Extreme,Serial-MRV,1,5,0.154779750,10211,1
extreme_002,Extreme,BranchBound,1,1,0.052099917,124535,1
extreme_002,Extreme,BranchBound,1,2,0.053319041,124535,1
extreme_002,Extreme,BranchBound,1,3,0.053277833,124535,1
extreme_002,Extreme,BranchBound,1,4,0.052729792,124535,1
extreme_002,Extreme,BranchBound,1,5,0.053602500,124535,1
extreme_002,Extreme,BranchBoundMRV,1,1,0.203122375,10211,1
extreme_002,Extreme,BranchBoundMRV,1,2,0.204753333,10211,1
extreme_002,Extreme,BranchBoundMRV,1,3,0.202782000,10211,1
extreme_002,Extreme,BranchBoundMRV,1,4,0.202108541,10211,1
extreme_002,Extreme,BranchBoundMRV,1,5,0.203035500,10211,1
extreme_002,Extreme,OpenMP,4,1,0.022509098,5195,1
extreme_002,Extreme,OpenMP,4,2,0.021717787,5184,1
extreme_002,Extreme,OpenMP,4,3,0.021639109,5144,1
extreme_002,Extreme,OpenMP,4,4,0.021903992,5135,1
extreme_002,Extreme,OpenMP,4,5,0.021304131,5150,1
extreme_002,Extreme,OpenMP,8,1,0.036071062,10728,1
extreme_002,Extreme,OpenMP,8,2,0.042187929,11342,1
extreme_002,Extreme,OpenMP,8,3,0.035123825,10863,1
extreme_002,Extreme,OpenMP,8,4,0.033165932,9754,1
extreme_002,Extreme,OpenMP,8,5,0.030748844,9644,1
extreme_002,Extreme,OpenMP,16,1,0.098280907,10324,1
extreme_002,Extreme,OpenMP,16,2,0.078564882,6106,1
extreme_002,Extreme,OpenMP,16,3,0.099273920,12387,1
extreme_002,Extreme,OpenMP,16,4,0.075881004,9767,1
extreme_002,Extreme,OpenMP,16,5,0.103098869,8202,1
extreme_002,Extreme,OMP-BranchBoundMRV,4,1,0.074249983,12042,1
extreme_002,Extreme,OMP-BranchBoundMRV,4,2,0.074539900,12000,1
extreme_002,Extreme,OMP-BranchBoundMRV,4,3,0.077472925,12180,1
extreme_002,Extreme,OMP-BranchBoundMRV,4,4,0.076845884,12075,1
extreme_002,Extreme,OMP-BranchBoundMRV,4,5,0.076312065,12054,1
extreme_002,Extreme,OMP-BranchBoundMRV,8,1,0.042053938,9358,1
extreme_002,Extreme,OMP-BranchBoundMRV,8,2,0.060166121,12007,1
extreme_002,Extreme,OMP-BranchBoundMRV,8,3,0.043892860,9716,1
extreme_002,Extreme,OMP-BranchBoundMRV,8,4,0.036988974,8308,1
extreme_002,Extreme,OMP-BranchBoundMRV,8,5,0.047392130,9382,1
extreme_002,Extreme,OMP-BranchBoundMRV,16,1,0.129887104,10533,1
extreme_002,Extreme,OMP-BranchBoundMRV,16,2,0.101431847,11556,1
extreme_002,Extreme,OMP-BranchBoundMRV,16,3,0.211953163,12568,1
extreme_002,Extreme,OMP-BranchBoundMRV,16,4,0.162503958,12109,1
extreme_002,Extreme,OMP-BranchBoundMRV,16,5,0.183990002,12281,1
extreme_003,Extreme,Serial,1,1,0.561465583,1097038,1
extreme_003,Extreme,Serial,1,2,0.538560542,1097038,1
extreme_003,Extreme,Serial,1,3,0.538869625,1097038,1
extreme_003,Extreme,Serial,1,4,0.542767791,1097038,1
extreme_003,Extreme,Serial,1,5,0.538539625,1097038,1
extreme_003,Extreme,Serial-MRV,1,1,0.143194667,10024,1
extreme_003,Extreme,Serial-MRV,1,2,0.142118959,10024,1
extreme_003,Extreme,Serial-MRV,1,3,0.139785250,10024,1
extreme_003,Extreme,Serial-MRV,1,4,0.139657250,10024,1
extreme_003,Extreme,Serial-MRV,1,5,0.139483583,10024,1
extreme_003,Extreme,BranchBound,1,1,0.479524792,1097038,1
extreme_003,Extreme,BranchBound,1,2,0.475794042,1097038,1
extreme_003,Extreme,BranchBound,1,3,0.479478917,1097038,1
extreme_003,Extreme,BranchBound,1,4,0.476001084,1097038,1
extreme_003,Extreme,BranchBound,1,5,0.475202583,1097038,1
extreme_003,Extreme,BranchBoundMRV,1,1,0.185840167,10024,1
extreme_003,Extreme,BranchBoundMRV,1,2,0.187869542,10024,1
extreme_003,Extreme,BranchBoundMRV,1,3,0.185165792,10024,1
extreme_003,Extreme,BranchBoundMRV,1,4,0.241508042,10024,1
extreme_003,Extreme,BranchBoundMRV,1,5,0.187195292,10024,1
extreme_003,Extreme,OpenMP,4,1,0.009948015,1259,1
extreme_003,Extreme,OpenMP,4,2,0.009913921,1272,1
extreme_003,Extreme,OpenMP,4,3,0.009985924,1269,1
extreme_003,Extreme,OpenMP,4,4,0.009893894,1264,1
extreme_003,Extreme,OpenMP,4,5,0.009896994,1267,1
extreme_003,Extreme,OpenMP,8,1,0.016505003,1461,1
extreme_003,Extreme,OpenMP,8,2,0.009950876,1269,1
extreme_003,Extreme,OpenMP,8,3,0.021943092,1164,1
extreme_003,Extreme,OpenMP,8,4,0.009961128,1267,1
extreme_003,Extreme,OpenMP,8,5,0.024583101,1703,1
extreme_003,Extreme,OpenMP,16,1,0.031977892,1273,1
extreme_003,Extreme,OpenMP,16,2,0.032449007,885,1
extreme_003,Extreme,OpenMP,16,3,0.040684938,1295,1
extreme_003,Extreme,OpenMP,16,4,0.057272196,1449,1
extreme_003,Extreme,OpenMP,16,5,0.053426027,1327,1
extreme_003,Extreme,OMP-BranchBoundMRV,4,1,0.013865232,1283,1
extreme_003,Extreme,OMP-BranchBoundMRV,4,2,0.013972044,1293,1
extreme_003,Extreme,OMP-BranchBoundMRV,4,3,0.013792038,1282,1
extreme_003,Extreme,OMP-BranchBoundMRV,4,4,0.013752937,1280,1
extreme_003,Extreme,OMP-BranchBoundMRV,4,5,0.013768911,1278,1
extreme_003,Extreme,OMP-BranchBoundMRV,8,1,0.017271042,1057,1
extreme_003,Extreme,OMP-BranchBoundMRV,8,2,0.040492058,1263,1
extreme_003,Extreme,OMP-BranchBoundMRV,8,3,0.016745090,1010,1
extreme_003,Extreme,OMP-BranchBoundMRV,8,4,0.013891935,1106,1
extreme_003,Extreme,OMP-BranchBoundMRV,8,5,0.027355909,1570,1
extreme_003,Extreme,OMP-BranchBoundMRV,16,1,0.069494009,859,1
extreme_003,Extreme,OMP-BranchBoundMRV,16,2,0.115030050,922,1
extreme_003,Extreme,OMP-BranchBoundMRV,16,3,0.063635111,1209,1
extreme_003,Extreme,OMP-BranchBoundMRV,16,4,0.071611881,1639,1
extreme_003,Extreme,OMP-BranchBoundMRV,16,5,0.095344067,2008,1
extreme_004,Extreme,Serial,1,1,0.115220500,227869,1
extreme_004,Extreme,Serial,1,2,0.116200417,227869,1
extreme_004,Extreme,Serial,1,3,0.115525042,227869,1
extreme_004,Extreme,Serial,1,4,0.115096958,227869,1
extreme_004,Extreme,Serial,1,5,0.116501042,227869,1
extreme_004,Extreme,Serial-MRV,1,1,0.163123333,10019,1
extreme_004,Extreme,Serial-MRV,1,2,0.164340083,10019,1
extreme_004,Extreme,Serial-MRV,1,3,0.162445167,10019,1
extreme_004,Extreme,Serial-MRV,1,4,0.162645125,10019,1
extreme_004,Extreme,Serial-MRV,1,5,0.164203167,10019,1
extreme_004,Extreme,BranchBound,1,1,0.100605292,227869,1
extreme_004,Extreme,BranchBound,1,2,0.100850167,227869,1
extreme_004,Extreme,BranchBound,1,3,0.102962791,227869,1
extreme_004,Extreme,BranchBound,1,4,0.100406250,227869,1
extreme_004,Extreme,BranchBound,1,5,0.101458333,227869,1
extreme_004,Extreme,BranchBoundMRV,1,1,0.230345458,10019,1
extreme_004,Extreme,BranchBoundMRV,1,2,0.228473750,10019,1
extreme_004,Extreme,BranchBoundMRV,1,3,0.227746458,10019,1
extreme_004,Extreme,BranchBoundMRV,1,4,0.227620667,10019,1
extreme_004,Extreme,BranchBoundMRV,1,5,0.229224541,10019,1
extreme_004,Extreme,OpenMP,4,1,0.001589060,221,1
extreme_004,Extreme,OpenMP,4,2,0.001563787,228,1
extreme_004,Extreme,OpenMP,4,3,0.001563072,229,1
extreme_004,Extreme,OpenMP,4,4,0.001565933,229,1
extreme_004,Extreme,OpenMP,4,5,0.001564026,229,1
extreme_004,Extreme,OpenMP,8,1,0.001670122,275,1
extreme_004,Extreme,OpenMP,8,2,0.001610994,231,1
extreme_004,Extreme,OpenMP,8,3,0.001636982,290,1
extreme_004,Extreme,OpenMP,8,4,0.001591921,271,1
extreme_004,Extreme,OpenMP,8,5,0.001647949,229,1
extreme_004,Extreme,OpenMP,16,1,0.023871183,769,1
extreme_004,Extreme,OpenMP,16,2,0.012992144,236,1
extreme_004,Extreme,OpenMP,16,3,0.041521072,516,1
extreme_004,Extreme,OpenMP,16,4,0.033076048,589,1
extreme_004,Extreme,OpenMP,16,5,0.023487091,231,1
extreme_004,Extreme,OMP-BranchBoundMRV,4,1,0.002285004,226,1
extreme_004,Extreme,OMP-BranchBoundMRV,4,2,0.002349854,222,1
extreme_004,Extreme,OMP-BranchBoundMRV,4,3,0.002245903,225,1
extreme_004,Extreme,OMP-BranchBoundMRV,4,4,0.002261877,227,1
extreme_004,Extreme,OMP-BranchBoundMRV,4,5,0.002296925,231,1
extreme_004,Extreme,OMP-BranchBoundMRV,8,1,0.002304077,270,1
extreme_004,Extreme,OMP-BranchBoundMRV,8,2,0.004936934,491,1
extreme_004,Extreme,OMP-BranchBoundMRV,8,3,0.002279997,270,1
extreme_004,Extreme,OMP-BranchBoundMRV,8,4,0.002293110,223,1
extreme_004,Extreme,OMP-BranchBoundMRV,8,5,0.005178928,560,1
extreme_004,Extreme,OMP-BranchBoundMRV,16,1,0.020550013,423,1
extreme_004,Extreme,OMP-BranchBoundMRV,16,2,0.046684027,1781,1
extreme_004,Extreme,OMP-BranchBoundMRV,16,3,0.025310993,277,1
extreme_004,Extreme,OMP-BranchBoundMRV,16,4,0.019798994,267,1
extreme_004,Extreme,OMP-BranchBoundMRV,16,5,0.024493933,292,1
extreme_005,Extreme,Serial,1,1,0.319970833,638452,1
extreme_005,Extreme,Serial,1,2,0.318184209,638452,1
extreme_005,Extreme,Serial,1,3,0.318196333,638452,1
extreme_005,Extreme,Serial,1,4,0.321010750,638452,1
extreme_005,Extreme,Serial,1,5,0.318542958,638452,1
extreme_005,Extreme,Serial-MRV,1,1,0.226633208,14263,1
extreme_005,Extreme,Serial-MRV,1,2,0.226789834,14263,1
extreme_005,Extreme,Serial-MRV,1,3,0.223792750,14263,1
extreme_005,Extreme,Serial-MRV,1,4,0.222541416,14263,1
extreme_005,Extreme,Serial-MRV,1,5,0.223017041,14263,1
extreme_005,Extreme,BranchBound,1,1,0.266251291,638452,1
extreme_005,Extreme,BranchBound,1,2,0.263696583,638452,1
extreme_005,Extreme,BranchBound,1,3,0.262075208,638452,1
extreme_005,Extreme,BranchBound,1,4,0.262223292,638452,1
extreme_005,Extreme,BranchBound,1,5,0.265693291,638452,1
extreme_005,Extreme,BranchBoundMRV,1,1,0.294803458,14263,1
extreme_005,Extreme,BranchBoundMRV,1,2,0.291737292,14263,1
extreme_005,Extreme,BranchBoundMRV,1,3,0.292056917,14263,1
extreme_005,Extreme,BranchBoundMRV,1,4,0.291381792,14263,1
extreme_005,Extreme,BranchBoundMRV,1,5,0.290276000,14263,1
extreme_005,Extreme,OpenMP,4,1,0.068916082,13658,1
extreme_005,Extreme,OpenMP,4,2,0.069106102,13680,1
extreme_005,Extreme,OpenMP,4,3,0.069113970,12552,1
extreme_005,Extreme,OpenMP,4,4,0.069129944,12571,1
extreme_005,Extreme,OpenMP,4,5,0.069155931,12571,1
extreme_005,Extreme,OpenMP,8,1,0.091948032,13121,1
extreme_005,Extreme,OpenMP,8,2,0.129631996,14263,1
extreme_005,Extreme,OpenMP,8,3,0.101515055,13905,1
extreme_005,Extreme,OpenMP,8,4,0.094254971,13775,1
extreme_005,Extreme,OpenMP,8,5,0.086891174,13147,1
extreme_005,Extreme,OpenMP,16,1,0.220406055,14263,1
extreme_005,Extreme,OpenMP,16,2,0.182506084,12884,1
extreme_005,Extreme,OpenMP,16,3,0.218772888,13840,1
extreme_005,Extreme,OpenMP,16,4,0.222892046,14263,1
extreme_005,Extreme,OpenMP,16,5,0.208894014,13793,1
extreme_005,Extreme,OMP-BranchBoundMRV,4,1,0.090198994,12504,1
extreme_005,Extreme,OMP-BranchBoundMRV,4,2,0.089644909,12497,1
extreme_005,Extreme,OMP-BranchBoundMRV,4,3,0.091351986,12486,1
extreme_005,Extreme,OMP-BranchBoundMRV,4,4,0.092543125,12492,1
extreme_005,Extreme,OMP-BranchBoundMRV,4,5,0.090216160,12515,1
extreme_005,Extreme,OMP-BranchBoundMRV,8,1,0.158668041,14263,1
extreme_005,Extreme,OMP-BranchBoundMRV,8,2,0.102306843,12038,1
extreme_005,Extreme,OMP-BranchBoundMRV,8,3,0.131782055,13803,1
extreme_005,Extreme,OMP-BranchBoundMRV,8,4,0.132219076,13878,1
extreme_005,Extreme,OMP-BranchBoundMRV,8,5,0.130803108,12644,1
extreme_005,Extreme,OMP-BranchBoundMRV,16,1,0.373676062,13703,1
extreme_005,Extreme,OMP-BranchBoundMRV,16,2,0.279412031,13729,1
extreme_005,Extreme,OMP-BranchBoundMRV,16,3,0.353439093,14263,1
extreme_005,Extreme,OMP-BranchBoundMRV,16,4,0.255872011,13605,1
extreme_005,Extreme,OMP-BranchBoundMRV,16,5,0.292526007,13442,1
extreme_006,Extreme,Serial,1,1,0.064314083,125381,1
extreme_006,Extreme,Serial,1,2,0.063750125,125381,1
extreme_006,Extreme,Serial,1,3,0.063652541,125381,1
extreme_006,Extreme,Serial,1,4,0.065112125,125381,1
extreme_006,Extreme,Serial,1,5,0.063475625,125381,1
extreme_006,Extreme,Serial-MRV,1,1,0.142815334,10918,1
extreme_006,Extreme,Serial-MRV,1,2,0.141912750,10918,1
extreme_006,Extreme,Serial-MRV,1,3,0.141964000,10918,1
extreme_006,Extreme,Serial-MRV,1,4,0.141676500,10918,1
extreme_006,Extreme,Serial-MRV,1,5,0.142057375,10918,1
extreme_006,Extreme,BranchBound,1,1,0.056349417,125381,1
extreme_006,Extreme,BranchBound,1,2,0.056205209,125381,1
extreme_006,Extreme,BranchBound,1,3,0.056206667,125381,1
extreme_006,Extreme,BranchBound,1,4,0.056103125,125381,1
extreme_006,Extreme,BranchBound,1,5,0.056105958,125381,1
extreme_006,Extreme,BranchBoundMRV,1,1,0.175251666,10918,1
extreme_006,Extreme,BranchBoundMRV,1,2,0.174888375,10918,1
extreme_006,Extreme,BranchBoundMRV,1,3,0.177124125,10918,1
extreme_006,Extreme,BranchBoundMRV,1,4,0.180511917,10918,1
extreme_006,Extreme,BranchBoundMRV,1,5,0.175199625,10918,1
extreme_006,Extreme,OpenMP,4,1,0.150763988,10918,1
extreme_006,Extreme,OpenMP,4,2,0.150339842,10918,1
extreme_006,Extreme,OpenMP,4,3,0.150388002,10918,1
extreme_006,Extreme,OpenMP,4,4,0.152399063,10918,1
extreme_006,Extreme,OpenMP,4,5,0.155015230,10918,1
extreme_006,Extreme,OpenMP,8,1,0.213506937,10918,1
extreme_006,Extreme,OpenMP,8,2,0.223412991,10918,1
extreme_006,Extreme,OpenMP,8,3,0.216933966,10918,1
extreme_006,Extreme,OpenMP,8,4,0.195651054,10918,1
extreme_006,Extreme,OpenMP,8,5,0.226032019,10918,1
extreme_006,Extreme,OpenMP,16,1,0.567813873,10918,1
extreme_006,Extreme,OpenMP,16,2,0.447863102,10918,1
extreme_006,Extreme,OpenMP,16,3,0.453835011,10918,1
extreme_006,Extreme,OpenMP,16,4,0.543902874,10918,1
extreme_006,Extreme,OpenMP,16,5,0.527992010,10918,1
extreme_006,Extreme,OMP-BranchBoundMRV,4,1,0.322613001,10918,1
extreme_006,Extreme,OMP-BranchBoundMRV,4,2,0.339272022,10918,1
extreme_006,Extreme,OMP-BranchBoundMRV,4,3,0.206298828,10918,1
extreme_006,Extreme,OMP-BranchBoundMRV,4,4,0.201184988,10918,1
extreme_006,Extreme,OMP-BranchBoundMRV,4,5,0.394740105,10918,1
extreme_006,Extreme,OMP-BranchBoundMRV,8,1,0.316602945,10918,1
extreme_006,Extreme,OMP-BranchBoundMRV,8,2,0.279659033,10918,1
extreme_006,Extreme,OMP-BranchBoundMRV,8,3,0.551383018,10918,1
extreme_006,Extreme,OMP-BranchBoundMRV,8,4,0.282716036,10918,1
extreme_006,Extreme,OMP-BranchBoundMRV,8,5,0.257673979,10918,1
extreme_006,Extreme,OMP-BranchBoundMRV,16,1,0.531322002,10918,1
extreme_006,Extreme,OMP-BranchBoundMRV,16,2,0.615280151,10918,1
extreme_006,Extreme,OMP-BranchBoundMRV,16,3,0.588085890,10918,1
extreme_006,Extreme,OMP-BranchBoundMRV,16,4,0.548601151,10918,1
extreme_006,Extreme,OMP-BranchBoundMRV,16,5,0.568624020,10918,1
extreme_007,Extreme,Serial,1,1,0.044326042,81641,1
extreme_007,Extreme,Serial,1,2,0.043554208,81641,1
extreme_007,Extreme,Serial,1,3,0.042309583,81641,1
extreme_007,Extreme,Serial,1,4,0.041820916,81641,1
extreme_007,Extreme,Serial,1,5,0.042338042,81641,1
extreme_007,Extreme,Serial-MRV,1,1,0.279819291,17979,1
extreme_007,Extreme,Serial-MRV,1,2,0.300418292,17979,1
extreme_007,Extreme,Serial-MRV,1,3,0.286188750,17979,1
extreme_007,Extreme,Serial-MRV,1,4,0.280746167,17979,1
extreme_007,Extreme,Serial-MRV,1,5,0.314982583,17979,1
extreme_007,Extreme,BranchBound,1,1,0.035590625,81641,1
extreme_007,Extreme,BranchBound,1,2,0.042234292,81641,1
extreme_007,Extreme,BranchBound,1,3,0.058072375,81641,1
extreme_007,Extreme,BranchBound,1,4,0.037357084,81641,1
extreme_007,Extreme,BranchBound,1,5,0.038967916,81641,1
extreme_007,Extreme,BranchBoundMRV,1,1,0.456190750,17979,1
extreme_007,Extreme,BranchBoundMRV,1,2,0.355128833,17979,1
extreme_007,Extreme,BranchBoundMRV,1,3,0.352139750,17979,1
extreme_007,Extreme,BranchBoundMRV,1,4,0.353923042,17979,1
extreme_007,Extreme,BranchBoundMRV,1,5,0.352727666,17979,1
extreme_007,Extreme,OpenMP,4,1,0.064620018,15334,1
extreme_007,Extreme,OpenMP,4,2,0.071516991,16099,1
extreme_007,Extreme,OpenMP,4,3,0.021770954,5440,1
extreme_007,Extreme,OpenMP,4,4,0.021817923,5451,1
extreme_007,Extreme,OpenMP,4,5,0.021765947,5418,1
extreme_007,Extreme,OpenMP,8,1,0.036661148,10217,1
extreme_007,Extreme,OpenMP,8,2,0.035516977,8926,1
extreme_007,Extreme,OpenMP,8,3,0.047983170,13280,1
extreme_007,Extreme,OpenMP,8,4,0.042370796,12337,1
extreme_007,Extreme,OpenMP,8,5,0.042071104,9570,1
extreme_007,Extreme,OpenMP,16,1,0.124678135,10096,1
extreme_007,Extreme,OpenMP,16,2,0.085707188,11179,1
extreme_007,Extreme,OpenMP,16,3,0.078047037,7564,1
extreme_007,Extreme,OpenMP,16,4,0.062353134,5566,1
extreme_007,Extreme,OpenMP,16,5,0.084075928,9050,1
extreme_007,Extreme,OMP-BranchBoundMRV,4,1,0.081043005,15749,1
extreme_007,Extreme,OMP-BranchBoundMRV,4,2,0.083151102,15671,1
extreme_007,Extreme,OMP-BranchBoundMRV,4,3,0.081260920,15715,1
extreme_007,Extreme,OMP-BranchBoundMRV,4,4,0.110301971,15848,1
extreme_007,Extreme,OMP-BranchBoundMRV,4,5,0.085719109,15641,1
extreme_007,Extreme,OMP-BranchBoundMRV,8,1,0.046159983,10184,1
extreme_007,Extreme,OMP-BranchBoundMRV,8,2,0.111721992,20551,1
extreme_007,Extreme,OMP-BranchBoundMRV,8,3,0.036262989,8548,1
extreme_007,Extreme,OMP-BranchBoundMRV,8,4,0.118191957,19513,1
extreme_007,Extreme,OMP-BranchBoundMRV,8,5,0.055716991,12816,1
extreme_007,Extreme,OMP-BranchBoundMRV,16,1,0.076184988,6124,1
extreme_007,Extreme,OMP-BranchBoundMRV,16,2,0.102823019,7906,1
extreme_007,Extreme,OMP-BranchBoundMRV,16,3,0.110517025,8704,1
extreme_007,Extreme,OMP-BranchBoundMRV,16,4,0.095185995,8597,1
extreme_007,Extreme,OMP-BranchBoundMRV,16,5,0.184936047,14663,1
extreme_008,Extreme,Serial,1,1,0.376448916,729843,1
extreme_008,Extreme,Serial,1,2,0.354247125,729843,1
extreme_008,Extreme,Serial,1,3,0.353261083,729843,1
extreme_008,Extreme,Serial,1,4,0.352683791,729843,1
extreme_008,Extreme,Serial,1,5,0.350182541,729843,1
extreme_008,Extreme,Serial-MRV,1,1,0.169964041,10366,1
extreme_008,Extreme,Serial-MRV,1,2,0.169250500,10366,1
extreme_008,Extreme,Serial-MRV,1,3,0.174127083,10366,1
extreme_008,Extreme,Serial-MRV,1,4,0.170588792,10366,1
extreme_008,Extreme,Serial-MRV,1,5,0.170027334,10366,1
extreme_008,Extreme,BranchBound,1,1,0.314294500,729843,1
extreme_008,Extreme,BranchBound,1,2,0.314023667,729843,1
extreme_008,Extreme,BranchBound,1,3,0.312100041,729843,1
extreme_008,Extreme,BranchBound,1,4,0.311898875,729843,1
extreme_008,Extreme,BranchBound,1,5,0.331986500,729843,1
extreme_008,Extreme,BranchBoundMRV,1,1,0.224533625,10366,1
extreme_008,Extreme,BranchBoundMRV,1,2,0.223246209,10366,1
extreme_008,Extreme,BranchBoundMRV,1,3,0.228308792,10366,1
extreme_008,Extreme,BranchBoundMRV,1,4,0.339258459,10366,1
extreme_008,Extreme,BranchBoundMRV,1,5,0.285262875,10366,1
extreme_008,Extreme,OpenMP,4,1,0.006816149,1407,1
extreme_008,Extreme,OpenMP,4,2,0.006575823,1443,1
extreme_008,Extreme,OpenMP,4,3,0.007057905,1484,1
extreme_008,Extreme,OpenMP,4,4,0.006422043,1415,1
extreme_008,Extreme,OpenMP,4,5,0.006204128,1389,1
extreme_008,Extreme,OpenMP,8,1,0.008317947,2544,1
extreme_008,Extreme,OpenMP,8,2,0.013769865,3729,1
extreme_008,Extreme,OpenMP,8,3,0.012766123,3809,1
extreme_008,Extreme,OpenMP,8,4,0.012974977,3749,1
extreme_008,Extreme,OpenMP,8,5,0.009803057,2634,1
extreme_008,Extreme,OpenMP,16,1,0.028419018,2538,1
extreme_008,Extreme,OpenMP,16,2,0.052846909,7266,1
extreme_008,Extreme,OpenMP,16,3,0.055522919,1854,1
extreme_008,Extreme,OpenMP,16,4,0.039183140,5460,1
extreme_008,Extreme,OpenMP,16,5,0.010790825,1932,1
extreme_008,Extreme,OMP-BranchBoundMRV,4,1,0.066680193,11304,1
extreme_008,Extreme,OMP-BranchBoundMRV,4,2,0.065418005,11348,1
extreme_008,Extreme,OMP-BranchBoundMRV,4,3,0.101577997,11730,1
extreme_008,Extreme,OMP-BranchBoundMRV,4,4,0.068562031,11425,1
extreme_008,Extreme,OMP-BranchBoundMRV,4,5,0.065860987,11283,1
extreme_008,Extreme,OMP-BranchBoundMRV,8,1,0.010268927,2361,1
extreme_008,Extreme,OMP-BranchBoundMRV,8,2,0.025370121,2851,1
extreme_008,Extreme,OMP-BranchBoundMRV,8,3,0.018306971,3204,1
extreme_008,Extreme,OMP-BranchBoundMRV,8,4,0.010431051,2349,1
extreme_008,Extreme,OMP-BranchBoundMRV,8,5,0.045714140,9175,1
extreme_008,Extreme,OMP-BranchBoundMRV,16,1,0.034953117,4307,1
extreme_008,Extreme,OMP-BranchBoundMRV,16,2,0.034979105,3214,1
extreme_008,Extreme,OMP-BranchBoundMRV,16,3,0.042216778,1837,1
extreme_008,Extreme,OMP-BranchBoundMRV,16,4,0.037760973,4813,1
extreme_008,Extreme,OMP-BranchBoundMRV,16,5,0.022650003,2867,1
extreme_009,Extreme,Serial,1,1,0.395612292,779028,1
extreme_009,Extreme,Serial,1,2,0.502750625,779028,1
extreme_009,Extreme,Serial,1,3,0.428478208,779028,1
extreme_009,Extreme,Serial,1,4,0.427968292,779028,1
extreme_009,Extreme,Serial,1,5,0.564048542,779028,1
extreme_009,Extreme,Serial-MRV,1,1,0.203302625,11330,1
extreme_009,Extreme,Serial-MRV,1,2,0.201419750,11330,1
extreme_009,Extreme,Serial-MRV,1,3,0.198180000,11330,1
extreme_009,Extreme,Serial-MRV,1,4,0.199663958,11330,1
extreme_009,Extreme,Serial-MRV,1,5,0.198494292,11330,1
extreme_009,Extreme,BranchBound,1,1,0.337967625,779028,1
extreme_009,Extreme,BranchBound,1,2,0.333438625,779028,1
extreme_009,Extreme,BranchBound,1,3,0.332924583,779028,1
extreme_009,Extreme,BranchBound,1,4,0.333248542,779028,1
extreme_009,Extreme,BranchBound,1,5,0.333663834,779028,1
extreme_009,Extreme,BranchBoundMRV,1,1,0.277557250,11330,1
extreme_009,Extreme,BranchBoundMRV,1,2,0.273223583,11330,1
extreme_009,Extreme,BranchBoundMRV,1,3,0.273616208,11330,1
extreme_009,Extreme,BranchBoundMRV,1,4,0.276183458,11330,1
extreme_009,Extreme,BranchBoundMRV,1,5,0.276587750,11330,1
extreme_009,Extreme,OpenMP,4,1,0.060142040,11401,1
extreme_009,Extreme,OpenMP,4,2,0.059905052,11440,1
extreme_009,Extreme,OpenMP,4,3,0.059922934,11444,1
extreme_009,Extreme,OpenMP,4,4,0.103302956,15701,1
extreme_009,Extreme,OpenMP,4,5,0.059854031,11446,1
extreme_009,Extreme,OpenMP,8,1,0.078595161,14789,1
extreme_009,Extreme,OpenMP,8,2,0.090207815,15701,1
extreme_009,Extreme,OpenMP,8,3,0.076277018,15701,1
extreme_009,Extreme,OpenMP,8,4,0.076976061,15698,1
extreme_009,Extreme,OpenMP,8,5,0.086969137,15701,1
extreme_009,Extreme,OpenMP,16,1,0.244494915,15701,1
extreme_009,Extreme,OpenMP,16,2,0.179537058,15701,1
extreme_009,Extreme,OpenMP,16,3,0.171128035,15701,1
extreme_009,Extreme,OpenMP,16,4,0.178647995,15701,1
extreme_009,Extreme,OpenMP,16,5,0.176634073,15701,1
extreme_009,Extreme,OMP-BranchBoundMRV,4,1,0.083477020,12410,1
extreme_009,Extreme,OMP-BranchBoundMRV,4,2,0.139971972,15701,1
extreme_009,Extreme,OMP-BranchBoundMRV,4,3,0.085249901,12427,1
extreme_009,Extreme,OMP-BranchBoundMRV,4,4,0.084640980,12405,1
extreme_009,Extreme,OMP-BranchBoundMRV,4,5,0.142386913,15701,1
extreme_009,Extreme,OMP-BranchBoundMRV,8,1,0.118999004,15106,1
extreme_009,Extreme,OMP-BranchBoundMRV,8,2,0.127358913,15468,1
extreme_009,Extreme,OMP-BranchBoundMRV,8,3,0.120728970,15701,1
extreme_009,Extreme,OMP-BranchBoundMRV,8,4,0.122482777,15701,1
extreme_009,Extreme,OMP-BranchBoundMRV,8,5,0.127722979,15389,1
extreme_009,Extreme,OMP-BranchBoundMRV,16,1,0.165086031,13008,1
extreme_009,Extreme,OMP-BranchBoundMRV,16,2,0.335045099,15701,1
extreme_009,Extreme,OMP-BranchBoundMRV,16,3,0.342482805,15701,1
extreme_009,Extreme,OMP-BranchBoundMRV,16,4,0.221874952,15691,1
extreme_009,Extreme,OMP-BranchBoundMRV,16,5,0.303436041,15701,1
extreme_010,Extreme,Serial,1,1,0.072815000,137118,1
extreme_010,Extreme,Serial,1,2,0.071489583,137118,1
extreme_010,Extreme,Serial,1,3,0.071251041,137118,1
extreme_010,Extreme,Serial,1,4,0.072117250,137118,1
extreme_010,Extreme,Serial,1,5,0.071186000,137118,1
extreme_010,Extreme,Serial-MRV,1,1,0.222754958,14638,1
extreme_010,Extreme,Serial-MRV,1,2,0.221628750,14638,1
extreme_010,Extreme,Serial-MRV,1,3,0.222203500,14638,1
extreme_010,Extreme,Serial-MRV,1,4,0.221683667,14638,1
extreme_010,Extreme,Serial-MRV,1,5,0.222223958,14638,1
extreme_010,Extreme,BranchBound,1,1,0.059976042,137118,1
extreme_010,Extreme,BranchBound,1,2,0.059884000,137118,1
extreme_010,Extreme,BranchBound,1,3,0.060314542,137118,1
extreme_010,Extreme,BranchBound,1,4,0.060183584,137118,1
extreme_010,Extreme,BranchBound,1,5,0.060877542,137118,1
extreme_010,Extreme,BranchBoundMRV,1,1,0.287850042,14638,1
extreme_010,Extreme,BranchBoundMRV,1,2,0.291553709,14638,1
extreme_010,Extreme,BranchBoundMRV,1,3,0.295910584,14638,1
extreme_010,Extreme,BranchBoundMRV,1,4,0.296314166,14638,1
extreme_010,Extreme,BranchBoundMRV,1,5,0.299128916,14638,1
extreme_010,Extreme,OpenMP,4,1,0.002978086,673,1
extreme_010,Extreme,OpenMP,4,2,0.003015995,680,1
extreme_010,Extreme,OpenMP,4,3,0.002969980,673,1
extreme_010,Extreme,OpenMP,4,4,0.002966166,674,1
extreme_010,Extreme,OpenMP,4,5,0.002962112,672,1
extreme_010,Extreme,OpenMP,8,1,0.003022909,918,1
extreme_010,Extreme,OpenMP,8,2,0.003033876,763,1
extreme_010,Extreme,OpenMP,8,3,0.003027916,920,1
extreme_010,Extreme,OpenMP,8,4,0.003039837,920,1
extreme_010,Extreme,OpenMP,8,5,0.003035069,937,1
extreme_010,Extreme,OpenMP,16,1,0.026230097,1897,1
extreme_010,Extreme,OpenMP,16,2,0.011584044,958,1
extreme_010,Extreme,OpenMP,16,3,0.044280052,818,1
extreme_010,Extreme,OpenMP,16,4,0.041003942,935,1
extreme_010,Extreme,OpenMP,16,5,0.027898073,910,1
extreme_010,Extreme,OMP-BranchBoundMRV,4,1,0.003861904,668,1
extreme_010,Extreme,OMP-BranchBoundMRV,4,2,0.003803015,663,1
extreme_010,Extreme,OMP-BranchBoundMRV,4,3,0.003827095,665,1
extreme_010,Extreme,OMP-BranchBoundMRV,4,4,0.003807068,643,1
extreme_010,Extreme,OMP-BranchBoundMRV,4,5,0.003795147,657,1
extreme_010,Extreme,OMP-BranchBoundMRV,8,1,0.017724991,655,1
extreme_010,Extreme,OMP-BranchBoundMRV,8,2,0.008457899,1963,1
extreme_010,Extreme,OMP-BranchBoundMRV,8,3,0.003858089,700,1
extreme_010,Extreme,OMP-BranchBoundMRV,8,4,0.004760981,913,1
extreme_010,Extreme,OMP-BranchBoundMRV,8,5,0.003865004,845,1
extreme_010,Extreme,OMP-BranchBoundMRV,16,1,0.061663866,6545,1
extreme_010,Extreme,OMP-BranchBoundMRV,16,2,0.032223940,2633,1
extreme_010,Extreme,OMP-BranchBoundMRV,16,3,0.028419971,558,1
extreme_010,Extreme,OMP-BranchBoundMRV,16,4,0.022264957,956,1
extreme_010,Extreme,OMP-BranchBoundMRV,16,5,0.035293102,1287,1
extreme_011,Extreme,Serial,1,1,0.191358917,378978,1
extreme_011,Extreme,Serial,1,2,0.189537625,378978,1
extreme_011,Extreme,Serial,1,3,0.186263334,378978,1
extreme_011,Extreme,Serial,1,4,0.186538000,378978,1
extreme_011,Extreme,Serial,1,5,0.185105792,378978,1
extreme_011,Extreme,Serial-MRV,1,1,0.251701667,15704,1
extreme_011,Extreme,Serial-MRV,1,2,0.244310000,15704,1
extreme_011,Extreme,Serial-MRV,1,3,0.243994125,15704,1
extreme_011,Extreme,Serial-MRV,1,4,0.244454917,15704,1
extreme_011,Extreme,Serial-MRV,1,5,0.244714000,15704,1
extreme_011,Extreme,BranchBound,1,1,0.170840167,378978,1
extreme_011,Extreme,BranchBound,1,2,0.166861042,378978,1
extreme_011,Extreme,BranchBound,1,3,0.167592417,378978,1
extreme_011,Extreme,BranchBound,1,4,0.169109917,378978,1
extreme_011,Extreme,BranchBound,1,5,0.168574250,378978,1
extreme_011,Extreme,BranchBoundMRV,1,1,0.310600584,15704,1
extreme_011,Extreme,BranchBoundMRV,1,2,0.311481083,15704,1
extreme_011,Extreme,BranchBoundMRV,1,3,0.308119583,15704,1
extreme_011,Extreme,BranchBoundMRV,1,4,0.309730791,15704,1
extreme_011,Extreme,BranchBoundMRV,1,5,0.307882125,15704,1
extreme_011,Extreme,OpenMP,4,1,0.034518003,8312,1
extreme_011,Extreme,OpenMP,4,2,0.034245014,6471,1
extreme_011,Extreme,OpenMP,4,3,0.037884951,6765,1
extreme_011,Extreme,OpenMP,4,4,0.037119865,6220,1
extreme_011,Extreme,OpenMP,4,5,0.035141945,6437,1
extreme_011,Extreme,OpenMP,8,1,0.062687874,9586,1
extreme_011,Extreme,OpenMP,8,2,0.067703962,9181,1
extreme_011,Extreme,OpenMP,8,3,0.058994055,9352,1
extreme_011,Extreme,OpenMP,8,4,0.050904036,8856,1
extreme_011,Extreme,OpenMP,8,5,0.056885004,8499,1
extreme_011,Extreme,OpenMP,16,1,0.128303051,6746,1
extreme_011,Extreme,OpenMP,16,2,0.098141909,8638,1
extreme_011,Extreme,OpenMP,16,3,0.153045893,9113,1
extreme_011,Extreme,OpenMP,16,4,0.161295176,10641,1
extreme_011,Extreme,OpenMP,16,5,0.129288912,9793,1
extreme_011,Extreme,OMP-BranchBoundMRV,4,1,0.043476105,7941,1
extreme_011,Extreme,OMP-BranchBoundMRV,4,2,0.043521881,8234,1
extreme_011,Extreme,OMP-BranchBoundMRV,4,3,0.042253971,8075,1
extreme_011,Extreme,OMP-BranchBoundMRV,4,4,0.042212009,8103,1
extreme_011,Extreme,OMP-BranchBoundMRV,4,5,0.042819023,7907,1
extreme_011,Extreme,OMP-BranchBoundMRV,8,1,0.052642107,7593,1
extreme_011,Extreme,OMP-BranchBoundMRV,8,2,0.060296059,8295,1
extreme_011,Extreme,OMP-BranchBoundMRV,8,3,0.063971996,8302,1
extreme_011,Extreme,OMP-BranchBoundMRV,8,4,0.064306021,8340,1
extreme_011,Extreme,OMP-BranchBoundMRV,8,5,0.061300039,8468,1
extreme_011,Extreme,OMP-BranchBoundMRV,16,1,0.105435848,6040,1
extreme_011,Extreme,OMP-BranchBoundMRV,16,2,0.131821156,7062,1
extreme_011,Extreme,OMP-BranchBoundMRV,16,3,0.157201052,8931,1
extreme_011,Extreme,OMP-BranchBoundMRV,16,4,0.148585081,6974,1
extreme_011,Extreme,OMP-BranchBoundMRV,16,5,0.140834093,7962,1
extreme_012,Extreme,Serial,1,1,0.967638750,1722192,1
extreme_012,Extreme,Serial,1,2,0.849202334,1722192,1
extreme_012,Extreme,Serial,1,3,0.844795750,1722192,1
extreme_012,Extreme,Serial,1,4,0.842242083,1722192,1
extreme_012,Extreme,Serial,1,5,0.839620167,1722192,1
extreme_012,Extreme,Serial-MRV,1,1,0.179684708,12233,1
extreme_012,Extreme,Serial-MRV,1,2,0.180260500,12233,1
extreme_012,Extreme,Serial-MRV,1,3,0.179981958,12233,1
extreme_012,Extreme,Serial-MRV,1,4,0.182530333,12233,1
extreme_012,Extreme,Serial-MRV,1,5,0.179874209,12233,1
extreme_012,Extreme,BranchBound,1,1,0.699620791,1722192,1
extreme_012,Extreme,BranchBound,1,2,0.702530166,1722192,1
extreme_012,Extreme,BranchBound,1,3,0.705302125,1722192,1
extreme_012,Extreme,BranchBound,1,4,0.706642333,1722192,1
extreme_012,Extreme,BranchBound,1,5,0.705657250,1722192,1
extreme_012,Extreme,BranchBoundMRV,1,1,0.265222292,12233,1
extreme_012,Extreme,BranchBoundMRV,1,2,0.246239042,12233,1
extreme_012,Extreme,BranchBoundMRV,1,3,0.249313375,12233,1
extreme_012,Extreme,BranchBoundMRV,1,4,0.250018625,12233,1
extreme_012,Extreme,BranchBoundMRV,1,5,0.250506750,12233,1
extreme_012,Extreme,OpenMP,4,1,0.095422983,12034,1
extreme_012,Extreme,OpenMP,4,2,0.094160080,12012,1
extreme_012,Extreme,OpenMP,4,3,0.097318888,12014,1
extreme_012,Extreme,OpenMP,4,4,0.093693018,12013,1
extreme_012,Extreme,OpenMP,4,5,0.094136000,12008,1
extreme_012,Extreme,OpenMP,8,1,0.135253906,12233,1
extreme_012,Extreme,OpenMP,8,2,0.166702986,12233,1
extreme_012,Extreme,OpenMP,8,3,0.109333992,10960,1
extreme_012,Extreme,OpenMP,8,4,0.134706974,11454,1
extreme_012,Extreme,OpenMP,8,5,0.142727137,12233,1
extreme_012,Extreme,OpenMP,16,1,0.336354017,10811,1
extreme_012,Extreme,OpenMP,16,2,0.248045921,11619,1
extreme_012,Extreme,OpenMP,16,3,0.275053978,11493,1
extreme_012,Extreme,OpenMP,16,4,0.302978039,12233,1
extreme_012,Extreme,OpenMP,16,5,0.316874981,12233,1
extreme_012,Extreme,OMP-BranchBoundMRV,4,1,0.128150940,11818,1
extreme_012,Extreme,OMP-BranchBoundMRV,4,2,0.132555962,11685,1
extreme_012,Extreme,OMP-BranchBoundMRV,4,3,0.130089998,11837,1
extreme_012,Extreme,OMP-BranchBoundMRV,4,4,0.132331133,11797,1
extreme_012,Extreme,OMP-BranchBoundMRV,4,5,0.130542994,11845,1
extreme_012,Extreme,OMP-BranchBoundMRV,8,1,0.182175875,11850,1
extreme_012,Extreme,OMP-BranchBoundMRV,8,2,0.195730209,11718,1
extreme_012,Extreme,OMP-BranchBoundMRV,8,3,0.173419952,11781,1
extreme_012,Extreme,OMP-BranchBoundMRV,8,4,0.166153908,10999,1
extreme_012,Extreme,OMP-BranchBoundMRV,8,5,0.174312115,10918,1
extreme_012,Extreme,OMP-BranchBoundMRV,16,1,0.496623039,11629,1
extreme_012,Extreme,OMP-BranchBoundMRV,16,2,0.413683891,12233,1
extreme_012,Extreme,OMP-BranchBoundMRV,16,3,0.370098114,10971,1
extreme_012,Extreme,OMP-BranchBoundMRV,16,4,0.410751104,11776,1
extreme_012,Extreme,OMP-BranchBoundMRV,16,5,0.258298874,9707,1
extreme_013,Extreme,Serial,1,1,0.203857000,421165,1
extreme_013,Extreme,Serial,1,2,0.205812375,421165,1
extreme_013,Extreme,Serial,1,3,0.203149625,421165,1
extreme_013,Extreme,Serial,1,4,0.206504000,421165,1
extreme_013,Extreme,Serial,1,5,0.202348791,421165,1
extreme_013,Extreme,Serial-MRV,1,1,0.095439958,6878,1
extreme_013,Extreme,Serial-MRV,1,2,0.095601875,6878,1
extreme_013,Extreme,Serial-MRV,1,3,0.097385625,6878,1
extreme_013,Extreme,Serial-MRV,1,4,0.095299875,6878,1
extreme_013,Extreme,Serial-MRV,1,5,0.094872625,6878,1
extreme_013,Extreme,BranchBound,1,1,0.184281584,421165,1
extreme_013,Extreme,BranchBound,1,2,0.185021833,421165,1
extreme_013,Extreme,BranchBound,1,3,0.220183833,421165,1
extreme_013,Extreme,BranchBound,1,4,0.184080167,421165,1
extreme_013,Extreme,BranchBound,1,5,0.183792792,421165,1
extreme_013,Extreme,BranchBoundMRV,1,1,0.127527750,6878,1
extreme_013,Extreme,BranchBoundMRV,1,2,0.129548416,6878,1
extreme_013,Extreme,BranchBoundMRV,1,3,0.128611042,6878,1
extreme_013,Extreme,BranchBoundMRV,1,4,0.128573625,6878,1
extreme_013,Extreme,BranchBoundMRV,1,5,0.127371292,6878,1
extreme_013,Extreme,OpenMP,4,1,0.001384974,200,1
extreme_013,Extreme,OpenMP,4,2,0.001368999,198,1
extreme_013,Extreme,OpenMP,4,3,0.001334906,198,1
extreme_013,Extreme,OpenMP,4,4,0.001337051,197,1
extreme_013,Extreme,OpenMP,4,5,0.001332998,197,1
extreme_013,Extreme,OpenMP,8,1,0.002550840,158,1
extreme_013,Extreme,OpenMP,8,2,0.001586914,177,1
extreme_013,Extreme,OpenMP,8,3,0.001410961,218,1
extreme_013,Extreme,OpenMP,8,4,0.001425028,188,1
extreme_013,Extreme,OpenMP,8,5,0.001405001,230,1
extreme_013,Extreme,OpenMP,16,1,0.038036108,166,1
extreme_013,Extreme,OpenMP,16,2,0.027384996,373,1
extreme_013,Extreme,OpenMP,16,3,0.032249928,178,1
extreme_013,Extreme,OpenMP,16,4,0.054938078,471,1
extreme_013,Extreme,OpenMP,16,5,0.053465843,218,1
extreme_013,Extreme,OMP-BranchBoundMRV,4,1,0.002030849,197,1
extreme_013,Extreme,OMP-BranchBoundMRV,4,2,0.002161980,212,1
extreme_013,Extreme,OMP-BranchBoundMRV,4,3,0.001982212,195,1
extreme_013,Extreme,OMP-BranchBoundMRV,4,4,0.002091169,207,1
extreme_013,Extreme,OMP-BranchBoundMRV,4,5,0.002037048,209,1
extreme_013,Extreme,OMP-BranchBoundMRV,8,1,0.005269051,550,1
extreme_013,Extreme,OMP-BranchBoundMRV,8,2,0.002730846,224,1
extreme_013,Extreme,OMP-BranchBoundMRV,8,3,0.003179789,326,1
extreme_013,Extreme,OMP-BranchBoundMRV,8,4,0.003386974,316,1
extreme_013,Extreme,OMP-BranchBoundMRV,8,5,0.003511906,349,1
extreme_013,Extreme,OMP-BranchBoundMRV,16,1,0.018201113,1041,1
extreme_013,Extreme,OMP-BranchBoundMRV,16,2,0.021244049,241,1
extreme_013,Extreme,OMP-BranchBoundMRV,16,3,0.010596991,269,1
extreme_013,Extreme,OMP-BranchBoundMRV,16,4,0.015886068,77,1
extreme_013,Extreme,OMP-BranchBoundMRV,16,5,0.020426989,437,1
extreme_014,Extreme,Serial,1,1,0.007453834,14350,1
extreme_014,Extreme,Serial,1,2,0.007426417,14350,1
extreme_014,Extreme,Serial,1,3,0.007409833,14350,1
extreme_014,Extreme,Serial,1,4,0.007571666,14350,1
extreme_014,Extreme,Serial,1,5,0.007556417,14350,1
extreme_014,Extreme,Serial-MRV,1,1,0.078431125,5841,1
extreme_014,Extreme,Serial-MRV,1,2,0.080121083,5841,1
extreme_014,Extreme,Serial-MRV,1,3,0.077171166,5841,1
extreme_014,Extreme,Serial-MRV,1,4,0.077827458,5841,1
extreme_014,Extreme,Serial-MRV,1,5,0.076720458,5841,1
extreme_014,Extreme,BranchBound,1,1,0.006170000,14350,1
extreme_014,Extreme,BranchBound,1,2,0.006242750,14350,1
extreme_014,Extreme,BranchBound,1,3,0.006127458,14350,1
extreme_014,Extreme,BranchBound,1,4,0.006190709,14350,1
extreme_014,Extreme,BranchBound,1,5,0.006152959,14350,1
extreme_014,Extreme,BranchBoundMRV,1,1,0.103667292,5841,1
extreme_014,Extreme,BranchBoundMRV,1,2,0.103487459,5841,1
extreme_014,Extreme,BranchBoundMRV,1,3,0.107327791,5841,1
extreme_014,Extreme,BranchBoundMRV,1,4,0.104240083,5841,1
extreme_014,Extreme,BranchBoundMRV,1,5,0.103613542,5841,1
extreme_014,Extreme,OpenMP,4,1,0.081113100,5841,1
extreme_014,Extreme,OpenMP,4,2,0.081254005,5841,1
extreme_014,Extreme,OpenMP,4,3,0.083930969,5841,1
extreme_014,Extreme,OpenMP,4,4,0.081393957,5841,1
extreme_014,Extreme,OpenMP,4,5,0.081115961,5841,1
extreme_014,Extreme,OpenMP,8,1,0.121304035,5841,1
extreme_014,Extreme,OpenMP,8,2,0.116267920,5841,1
extreme_014,Extreme,OpenMP,8,3,0.111281872,5841,1
extreme_014,Extreme,OpenMP,8,4,0.111215115,5841,1
extreme_014,Extreme,OpenMP,8,5,0.119841099,5841,1
extreme_014,Extreme,OpenMP,16,1,0.172191858,5841,1
extreme_014,Extreme,OpenMP,16,2,0.234573126,5841,1
extreme_014,Extreme,OpenMP,16,3,0.259361029,5841,1
extreme_014,Extreme,OpenMP,16,4,0.239526987,5841,1
extreme_014,Extreme,OpenMP,16,5,0.257186174,5841,1
extreme_014,Extreme,OMP-BranchBoundMRV,4,1,0.111071110,5841,1
extreme_014,Extreme,OMP-BranchBoundMRV,4,2,0.113535881,5841,1
extreme_014,Extreme,OMP-BranchBoundMRV,4,3,0.113466978,5841,1
extreme_014,Extreme,OMP-BranchBoundMRV,4,4,0.114344120,5841,1
extreme_014,Extreme,OMP-BranchBoundMRV,4,5,0.114929199,5841,1
extreme_014,Extreme,OMP-BranchBoundMRV,8,1,0.188452959,5841,1
extreme_014,Extreme,OMP-BranchBoundMRV,8,2,0.167615891,5841,1
extreme_014,Extreme,OMP-BranchBoundMRV,8,3,0.223356009,5841,1
extreme_014,Extreme,OMP-BranchBoundMRV,8,4,0.146528006,5841,1
extreme_014,Extreme,OMP-BranchBoundMRV,8,5,0.156409979,5841,1
extreme_014,Extreme,OMP-BranchBoundMRV,16,1,0.305329084,5841,1
extreme_014,Extreme,OMP-BranchBoundMRV,16,2,0.328426123,5841,1
extreme_014,Extreme,OMP-BranchBoundMRV,16,3,0.357582092,5841,1
extreme_014,Extreme,OMP-BranchBoundMRV,16,4,0.382032871,5841,1
extreme_014,Extreme,OMP-BranchBoundMRV,16,5,0.336520910,5841,1
extreme_015,Extreme,Serial,1,1,0.015539042,30102,1
extreme_015,Extreme,Serial,1,2,0.015358167,30102,1
extreme_015,Extreme,Serial,1,3,0.015486750,30102,1
extreme_015,Extreme,Serial,1,4,0.015622584,30102,1
extreme_015,Extreme,Serial,1,5,0.015632458,30102,1
extreme_015,Extreme,Serial-MRV,1,1,0.079900542,5173,1
extreme_015,Extreme,Serial-MRV,1,2,0.079574000,5173,1
extreme_015,Extreme,Serial-MRV,1,3,0.079567542,5173,1
extreme_015,Extreme,Serial-MRV,1,4,0.079838375,5173,1
extreme_015,Extreme,Serial-MRV,1,5,0.079593333,5173,1
extreme_015,Extreme,BranchBound,1,1,0.013494333,30102,1
extreme_015,Extreme,BranchBound,1,2,0.013507750,30102,1
extreme_015,Extreme,BranchBound,1,3,0.013507666,30102,1
extreme_015,Extreme,BranchBound,1,4,0.013555208,30102,1
extreme_015,Extreme,BranchBound,1,5,0.013452417,30102,1
extreme_015,Extreme,BranchBoundMRV,1,1,0.101582500,5173,1
extreme_015,Extreme,BranchBoundMRV,1,2,0.100922792,5173,1
extreme_015,Extreme,BranchBoundMRV,1,3,0.100949792,5173,1
extreme_015,Extreme,BranchBoundMRV,1,4,0.100786542,5173,1
extreme_015,Extreme,BranchBoundMRV,1,5,0.101358167,5173,1
extreme_015,Extreme,OpenMP,4,1,0.007477045,1520,1
extreme_015,Extreme,OpenMP,4,2,0.007483006,1528,1
extreme_015,Extreme,OpenMP,4,3,0.007493019,1531,1
extreme_015,Extreme,OpenMP,4,4,0.007490158,1528,1
extreme_015,Extreme,OpenMP,4,5,0.007493019,1528,1
extreme_015,Extreme,OpenMP,8,1,0.018375158,4345,1
extreme_015,Extreme,OpenMP,8,2,0.008205891,1947,1
extreme_015,Extreme,OpenMP,8,3,0.008180857,2091,1
extreme_015,Extreme,OpenMP,8,4,0.007655859,2000,1
extreme_015,Extreme,OpenMP,8,5,0.007505894,2137,1
extreme_015,Extreme,OpenMP,16,1,0.032212019,1878,1
extreme_015,Extreme,OpenMP,16,2,0.018005133,1596,1
extreme_015,Extreme,OpenMP,16,3,0.078250170,3606,1
extreme_015,Extreme,OpenMP,16,4,0.061784029,3960,1
extreme_015,Extreme,OpenMP,16,5,0.040155888,1791,1
extreme_015,Extreme,OMP-BranchBoundMRV,4,1,0.009557962,1773,1
extreme_015,Extreme,OMP-BranchBoundMRV,4,2,0.009546041,1773,1
extreme_015,Extreme,OMP-BranchBoundMRV,4,3,0.009548903,1771,1
extreme_015,Extreme,OMP-BranchBoundMRV,4,4,0.009546041,1772,1
extreme_015,Extreme,OMP-BranchBoundMRV,4,5,0.009537935,1770,1
extreme_015,Extreme,OMP-BranchBoundMRV,8,1,0.015357971,2837,1
extreme_015,Extreme,OMP-BranchBoundMRV,8,2,0.009588957,2111,1
extreme_015,Extreme,OMP-BranchBoundMRV,8,3,0.021476984,3950,1
extreme_015,Extreme,OMP-BranchBoundMRV,8,4,0.009576082,2095,1
extreme_015,Extreme,OMP-BranchBoundMRV,8,5,0.009748936,1841,1
extreme_015,Extreme,OMP-BranchBoundMRV,16,1,0.031075001,2983,1
extreme_015,Extreme,OMP-BranchBoundMRV,16,2,0.033408165,2637,1
extreme_015,Extreme,OMP-BranchBoundMRV,16,3,0.091103077,2972,1
extreme_015,Extreme,OMP-BranchBoundMRV,16,4,0.069754839,1390,1
extreme_015,Extreme,OMP-BranchBoundMRV,16,5,0.060416937,3855,1
extreme_016,Extreme,Serial,1,1,0.027977625,58040,1
extreme_016,Extreme,Serial,1,2,0.028019167,58040,1
extreme_016,Extreme,Serial,1,3,0.027914542,58040,1
extreme_016,Extreme,Serial,1,4,0.027949375,58040,1
extreme_016,Extreme,Serial,1,5,0.028025959,58040,1
extreme_016,Extreme,Serial-MRV,1,1,0.093948625,6360,1
extreme_016,Extreme,Serial-MRV,1,2,0.093980625,6360,1
extreme_016,Extreme,Serial-MRV,1,3,0.093969583,6360,1
extreme_016,Extreme,Serial-MRV,1,4,0.094082084,6360,1
extreme_016,Extreme,Serial-MRV,1,5,0.094031125,6360,1
extreme_016,Extreme,BranchBound,1,1,0.023735041,58040,1
extreme_016,Extreme,BranchBound,1,2,0.023825500,58040,1
extreme_016,Extreme,BranchBound,1,3,0.023741292,58040,1
extreme_016,Extreme,BranchBound,1,4,0.023829333,58040,1
extreme_016,Extreme,BranchBound,1,5,0.023770458,58040,1
extreme_016,Extreme,BranchBoundMRV,1,1,0.117574250,6360,1
extreme_016,Extreme,BranchBoundMRV,1,2,0.117574875,6360,1
extreme_016,Extreme,BranchBoundMRV,1,3,0.117468333,6360,1
extreme_016,Extreme,BranchBoundMRV,1,4,0.117793667,6360,1
extreme_016,Extreme,BranchBoundMRV,1,5,0.117195625,6360,1
extreme_016,Extreme,OpenMP,4,1,0.008421898,1716,1
extreme_016,Extreme,OpenMP,4,2,0.008373022,2026,1
extreme_016,Extreme,OpenMP,4,3,0.008411884,1716,1
extreme_016,Extreme,OpenMP,4,4,0.008499861,2118,1
extreme_016,Extreme,OpenMP,4,5,0.008390903,2032,1
extreme_016,Extreme,OpenMP,8,1,0.008489132,2320,1
extreme_016,Extreme,OpenMP,8,2,0.008445024,2323,1
extreme_016,Extreme,OpenMP,8,3,0.008452177,2081,1
extreme_016,Extreme,OpenMP,8,4,0.008533001,2053,1
extreme_016,Extreme,OpenMP,8,5,0.008463144,2329,1
extreme_016,Extreme,OpenMP,16,1,0.093466997,3835,1
extreme_016,Extreme,OpenMP,16,2,0.050567150,2368,1
extreme_016,Extreme,OpenMP,16,3,0.029801130,1505,1
extreme_016,Extreme,OpenMP,16,4,0.090862989,2206,1
extreme_016,Extreme,OpenMP,16,5,0.069222927,3449,1
extreme_016,Extreme,OMP-BranchBoundMRV,4,1,0.010908127,2144,1
extreme_016,Extreme,OMP-BranchBoundMRV,4,2,0.010758162,2102,1
extreme_016,Extreme,OMP-BranchBoundMRV,4,3,0.010755062,2099,1
extreme_016,Extreme,OMP-BranchBoundMRV,4,4,0.010751009,2101,1
extreme_016,Extreme,OMP-BranchBoundMRV,4,5,0.010790825,2109,1
extreme_016,Extreme,OMP-BranchBoundMRV,8,1,0.016722918,3195,1
extreme_016,Extreme,OMP-BranchBoundMRV,8,2,0.023194075,4245,1
extreme_016,Extreme,OMP-BranchBoundMRV,8,3,0.010984898,2425,1
extreme_016,Extreme,OMP-BranchBoundMRV,8,4,0.017570972,3343,1
extreme_016,Extreme,OMP-BranchBoundMRV,8,5,0.010848999,2364,1
extreme_016,Extreme,OMP-BranchBoundMRV,16,1,0.185163975,1268,1
extreme_016,Extreme,OMP-BranchBoundMRV,16,2,0.112030029,3751,1
extreme_016,Extreme,OMP-BranchBoundMRV,16,3,0.090833902,4992,1
extreme_016,Extreme,OMP-BranchBoundMRV,16,4,0.058539152,3647,1
extreme_016,Extreme,OMP-BranchBoundMRV,16,5,0.081097126,3779,1
extreme_017,Extreme,Serial,1,1,0.094992542,203126,1
extreme_017,Extreme,Serial,1,2,0.095272291,203126,1
extreme_017,Extreme,Serial,1,3,0.094968208,203126,1
extreme_017,Extreme,Serial,1,4,0.095017375,203126,1
extreme_017,Extreme,Serial,1,5,0.095127458,203126,1
extreme_017,Extreme,Serial-MRV,1,1,0.079892917,5053,1
extreme_017,Extreme,Serial-MRV,1,2,0.079741084,5053,1
extreme_017,Extreme,Serial-MRV,1,3,0.079721875,5053,1
extreme_017,Extreme,Serial-MRV,1,4,0.079833916,5053,1
extreme_017,Extreme,Serial-MRV,1,5,0.079814084,5053,1
extreme_017,Extreme,BranchBound,1,1,0.086253041,203126,1
extreme_017,Extreme,BranchBound,1,2,0.086126042,203126,1
extreme_017,Extreme,BranchBound,1,3,0.086101500,203126,1
extreme_017,Extreme,BranchBound,1,4,0.086269625,203126,1
extreme_017,Extreme,BranchBound,1,5,0.085997334,203126,1
extreme_017,Extreme,BranchBoundMRV,1,1,0.104600708,5053,1
extreme_017,Extreme,BranchBoundMRV,1,2,0.104737916,5053,1
extreme_017,Extreme,BranchBoundMRV,1,3,0.104458875,5053,1
extreme_017,Extreme,BranchBoundMRV,1,4,0.104357292,5053,1
extreme_017,Extreme,BranchBoundMRV,1,5,0.104453334,5053,1
extreme_017,Extreme,OpenMP,4,1,0.028352976,4814,1
extreme_017,Extreme,OpenMP,4,2,0.028301954,4812,1
extreme_017,Extreme,OpenMP,4,3,0.028321981,4813,1
extreme_017,Extreme,OpenMP,4,4,0.028289080,4809,1
extreme_017,Extreme,OpenMP,4,5,0.028305054,4811,1
extreme_017,Extreme,OpenMP,8,1,0.040520906,4648,1
extreme_017,Extreme,OpenMP,8,2,0.034384966,4814,1
extreme_017,Extreme,OpenMP,8,3,0.040081978,4816,1
extreme_017,Extreme,OpenMP,8,4,0.039508820,4787,1
extreme_017,Extreme,OpenMP,8,5,0.039848089,4818,1
extreme_017,Extreme,OpenMP,16,1,0.048739910,3988,1
extreme_017,Extreme,OpenMP,16,2,0.120625973,4777,1
extreme_017,Extreme,OpenMP,16,3,0.119738102,5053,1
extreme_017,Extreme,OpenMP,16,4,0.083026886,3174,1
extreme_017,Extreme,OpenMP,16,5,0.102848053,5053,1
extreme_017,Extreme,OMP-BranchBoundMRV,4,1,0.037647963,4855,1
extreme_017,Extreme,OMP-BranchBoundMRV,4,2,0.037570000,4866,1
extreme_017,Extreme,OMP-BranchBoundMRV,4,3,0.037748098,4865,1
extreme_017,Extreme,OMP-BranchBoundMRV,4,4,0.037785053,4866,1
extreme_017,Extreme,OMP-BranchBoundMRV,4,5,0.038467884,4865,1
extreme_017,Extreme,OMP-BranchBoundMRV,8,1,0.049352169,4629,1
extreme_017,Extreme,OMP-BranchBoundMRV,8,2,0.057774067,5053,1
extreme_017,Extreme,OMP-BranchBoundMRV,8,3,0.049576998,4580,1
extreme_017,Extreme,OMP-BranchBoundMRV,8,4,0.055315018,4857,1
extreme_017,Extreme,OMP-BranchBoundMRV,8,5,0.043808937,4438,1
extreme_017,Extreme,OMP-BranchBoundMRV,16,1,0.110399008,3785,1
extreme_017,Extreme,OMP-BranchBoundMRV,16,2,0.141088009,4999,1
extreme_017,Extreme,OMP-BranchBoundMRV,16,3,0.130722046,4828,1
extreme_017,Extreme,OMP-BranchBoundMRV,16,4,0.084931135,5053,1
extreme_017,Extreme,OMP-BranchBoundMRV,16,5,0.124650002,5053,1
extreme_018,Extreme,Serial,1,1,0.024938834,48301,1
extreme_018,Extreme,Serial,1,2,0.024857334,48301,1
extreme_018,Extreme,Serial,1,3,0.024972583,48301,1
extreme_018,Extreme,Serial,1,4,0.024864875,48301,1
extreme_018,Extreme,Serial,1,5,0.024916708,48301,1
extreme_018,Extreme,Serial-MRV,1,1,0.095365333,5932,1
extreme_018,Extreme,Serial-MRV,1,2,0.095422666,5932,1
extreme_018,Extreme,Serial-MRV,1,3,0.095574375,5932,1
extreme_018,Extreme,Serial-MRV,1,4,0.095408875,5932,1
extreme_018,Extreme,Serial-MRV,1,5,0.095288875,5932,1
extreme_018,Extreme,BranchBound,1,1,0.021364417,48301,1
extreme_018,Extreme,BranchBound,1,2,0.021345667,48301,1
extreme_018,Extreme,BranchBound,1,3,0.021268959,48301,1
extreme_018,Extreme,BranchBound,1,4,0.021281833,48301,1
extreme_018,Extreme,BranchBound,1,5,0.021254208,48301,1
extreme_018,Extreme,BranchBoundMRV,1,1,0.124002500,5932,1
extreme_018,Extreme,BranchBoundMRV,1,2,0.123637458,5932,1
extreme_018,Extreme,BranchBoundMRV,1,3,0.123604541,5932,1
extreme_018,Extreme,BranchBoundMRV,1,4,0.123350542,5932,1
extreme_018,Extreme,BranchBoundMRV,1,5,0.124165125,5932,1
extreme_018,Extreme,OpenMP,4,1,0.019101858,4580,1
extreme_018,Extreme,OpenMP,4,2,0.019043922,4573,1
extreme_018,Extreme,OpenMP,4,3,0.019021034,4497,1
extreme_018,Extreme,OpenMP,4,4,0.019017935,4496,1
extreme_018,Extreme,OpenMP,4,5,0.019023180,4488,1
extreme_018,Extreme,OpenMP,8,1,0.030900002,6329,1
extreme_018,Extreme,OpenMP,8,2,0.030757189,6329,1
extreme_018,Extreme,OpenMP,8,3,0.031239033,6301,1
extreme_018,Extreme,OpenMP,8,4,0.024995804,6027,1
extreme_018,Extreme,OpenMP,8,5,0.024879932,6136,1
extreme_018,Extreme,OpenMP,16,1,0.110407114,6329,1
extreme_018,Extreme,OpenMP,16,2,0.068045139,4896,1
extreme_018,Extreme,OpenMP,16,3,0.066452026,6117,1
extreme_018,Extreme,OpenMP,16,4,0.050722122,4601,1
extreme_018,Extreme,OpenMP,16,5,0.120934010,6329,1
extreme_018,Extreme,OMP-BranchBoundMRV,4,1,0.033797979,5466,1
extreme_018,Extreme,OMP-BranchBoundMRV,4,2,0.024809837,4523,1
extreme_018,Extreme,OMP-BranchBoundMRV,4,3,0.024824858,4525,1
extreme_018,Extreme,OMP-BranchBoundMRV,4,4,0.024811983,4521,1
extreme_018,Extreme,OMP-BranchBoundMRV,4,5,0.024837017,4528,1
extreme_018,Extreme,OMP-BranchBoundMRV,8,1,0.031653881,5779,1
extreme_018,Extreme,OMP-BranchBoundMRV,8,2,0.031536102,5901,1
extreme_018,Extreme,OMP-BranchBoundMRV,8,3,0.036550999,5993,1
extreme_018,Extreme,OMP-BranchBoundMRV,8,4,0.031075954,6093,1
extreme_018,Extreme,OMP-BranchBoundMRV,8,5,0.036864042,6088,1
extreme_018,Extreme,OMP-BranchBoundMRV,16,1,0.055006027,5096,1
extreme_018,Extreme,OMP-BranchBoundMRV,16,2,0.104486227,6329,1
extreme_018,Extreme,OMP-BranchBoundMRV,16,3,0.130600929,6324,1
extreme_018,Extreme,OMP-BranchBoundMRV,16,4,0.133661985,6329,1
extreme_018,Extreme,OMP-BranchBoundMRV,16,5,0.111403942,6329,1
extreme_019,Extreme,Serial,1,1,0.047120666,97579,1
extreme_019,Extreme,Serial,1,2,0.047068375,97579,1
extreme_019,Extreme,Serial,1,3,0.047053875,97579,1
extreme_019,Extreme,Serial,1,4,0.047011500,97579,1
extreme_019,Extreme,Serial,1,5,0.046881459,97579,1
extreme_019,Extreme,Serial-MRV,1,1,0.082308375,5691,1
extreme_019,Extreme,Serial-MRV,1,2,0.082191583,5691,1
extreme_019,Extreme,Serial-MRV,1,3,0.082119000,5691,1
extreme_019,Extreme,Serial-MRV,1,4,0.082321916,5691,1
extreme_019,Extreme,Serial-MRV,1,5,0.082233500,5691,1
extreme_019,Extreme,BranchBound,1,1,0.042978375,97579,1
extreme_019,Extreme,BranchBound,1,2,0.042855041,97579,1
extreme_019,Extreme,BranchBound,1,3,0.042890667,97579,1
extreme_019,Extreme,BranchBound,1,4,0.042829250,97579,1
extreme_019,Extreme,BranchBound,1,5,0.042894208,97579,1
extreme_019,Extreme,BranchBoundMRV,1,1,0.105714125,5691,1
extreme_019,Extreme,BranchBoundMRV,1,2,0.105668208,5691,1
extreme_019,Extreme,BranchBoundMRV,1,3,0.105434833,5691,1
extreme_019,Extreme,BranchBoundMRV,1,4,0.105341667,5691,1
extreme_019,Extreme,BranchBoundMRV,1,5,0.105482667,5691,1
extreme_019,Extreme,OpenMP,4,1,0.009956837,2534,1
extreme_019,Extreme,OpenMP,4,2,0.009930849,2572,1
extreme_019,Extreme,OpenMP,4,3,0.009938955,2574,1
extreme_019,Extreme,OpenMP,4,4,0.010230064,2650,1
extreme_019,Extreme,OpenMP,4,5,0.009955883,2588,1
extreme_019,Extreme,OpenMP,8,1,0.009947062,2977,1
extreme_019,Extreme,OpenMP,8,2,0.010002136,2975,1
extreme_019,Extreme,OpenMP,8,3,0.009942055,2603,1
extreme_019,Extreme,OpenMP,8,4,0.009933949,3019,1
extreme_019,Extreme,OpenMP,8,5,0.010257006,2257,1
extreme_019,Extreme,OpenMP,16,1,0.031764030,2626,1
extreme_019,Extreme,OpenMP,16,2,0.031112909,4173,1
extreme_019,Extreme,OpenMP,16,3,0.030128956,2676,1
extreme_019,Extreme,OpenMP,16,4,0.030174017,2637,1
extreme_019,Extreme,OpenMP,16,5,0.070313931,3043,1
extreme_019,Extreme,OMP-BranchBoundMRV,4,1,0.013190985,2678,1
extreme_019,Extreme,OMP-BranchBoundMRV,4,2,0.013187885,2678,1
extreme_019,Extreme,OMP-BranchBoundMRV,4,3,0.013196945,2679,1
extreme_019,Extreme,OMP-BranchBoundMRV,4,4,0.013195992,2676,1
extreme_019,Extreme,OMP-BranchBoundMRV,4,5,0.013273954,2689,1
extreme_019,Extreme,OMP-BranchBoundMRV,8,1,0.018986940,3915,1
extreme_019,Extreme,OMP-BranchBoundMRV,8,2,0.022781849,3525,1
extreme_019,Extreme,OMP-BranchBoundMRV,8,3,0.017746925,3374,1
extreme_019,Extreme,OMP-BranchBoundMRV,8,4,0.019160986,3056,1
extreme_019,Extreme,OMP-BranchBoundMRV,8,5,0.019049883,3963,1
extreme_019,Extreme,OMP-BranchBoundMRV,16,1,0.036384106,3693,1
extreme_019,Extreme,OMP-BranchBoundMRV,16,2,0.019140959,3563,1
extreme_019,Extreme,OMP-BranchBoundMRV,16,3,0.036158085,4610,1
extreme_019,Extreme,OMP-BranchBoundMRV,16,4,0.123311996,5373,1
extreme_019,Extreme,OMP-BranchBoundMRV,16,5,0.086032152,2592,1
extreme_020,Extreme,Serial,1,1,0.011206625,21391,1
extreme_020,Extreme,Serial,1,2,0.010950250,21391,1
extreme_020,Extreme,Serial,1,3,0.010969958,21391,1
extreme_020,Extreme,Serial,1,4,0.011026417,21391,1
extreme_020,Extreme,Serial,1,5,0.011037875,21391,1
extreme_020,Extreme,Serial-MRV,1,1,0.099793833,6169,1
extreme_020,Extreme,Serial-MRV,1,2,0.099906792,6169,1
extreme_020,Extreme,Serial-MRV,1,3,0.099771917,6169,1
extreme_020,Extreme,Serial-MRV,1,4,0.099940416,6169,1
extreme_020,Extreme,Serial-MRV,1,5,0.099746000,6169,1
extreme_020,Extreme,BranchBound,1,1,0.009258667,21391,1
extreme_020,Extreme,BranchBound,1,2,0.009186667,21391,1
extreme_020,Extreme,BranchBound,1,3,0.009162666,21391,1
extreme_020,Extreme,BranchBound,1,4,0.009159959,21391,1
extreme_020,Extreme,BranchBound,1,5,0.009193708,21391,1
extreme_020,Extreme,BranchBoundMRV,1,1,0.126835750,6169,1
extreme_020,Extreme,BranchBoundMRV,1,2,0.126511417,6169,1
extreme_020,Extreme,BranchBoundMRV,1,3,0.127661958,6169,1
extreme_020,Extreme,BranchBoundMRV,1,4,0.127430417,6169,1
extreme_020,Extreme,BranchBoundMRV,1,5,0.127587042,6169,1
extreme_020,Extreme,OpenMP,4,1,0.020771980,3706,1
extreme_020,Extreme,OpenMP,4,2,0.020905972,3721,1
extreme_020,Extreme,OpenMP,4,3,0.020780087,3711,1
extreme_020,Extreme,OpenMP,4,4,0.020761967,3706,1
extreme_020,Extreme,OpenMP,4,5,0.020821095,3712,1
extreme_020,Extreme,OpenMP,8,1,0.034141064,5165,1
extreme_020,Extreme,OpenMP,8,2,0.032615185,4766,1
extreme_020,Extreme,OpenMP,8,3,0.032532215,5076,1
extreme_020,Extreme,OpenMP,8,4,0.035961866,5499,1
extreme_020,Extreme,OpenMP,8,5,0.032536030,5366,1
extreme_020,Extreme,OpenMP,16,1,0.030323029,3702,1
extreme_020,Extreme,OpenMP,16,2,0.050198078,4252,1
extreme_020,Extreme,OpenMP,16,3,0.070602179,4581,1
extreme_020,Extreme,OpenMP,16,4,0.080213070,3248,1
extreme_020,Extreme,OpenMP,16,5,0.099878788,6056,1
extreme_020,Extreme,OMP-BranchBoundMRV,4,1,0.026319981,3680,1
extreme_020,Extreme,OMP-BranchBoundMRV,4,2,0.026307821,4823,1
extreme_020,Extreme,OMP-BranchBoundMRV,4,3,0.026316881,4826,1
extreme_020,Extreme,OMP-BranchBoundMRV,4,4,0.026310921,4825,1
extreme_020,Extreme,OMP-BranchBoundMRV,4,5,0.026317120,4825,1
extreme_020,Extreme,OMP-BranchBoundMRV,8,1,0.038474083,4900,1
extreme_020,Extreme,OMP-BranchBoundMRV,8,2,0.035588026,4717,1
extreme_020,Extreme,OMP-BranchBoundMRV,8,3,0.035300016,4579,1
extreme_020,Extreme,OMP-BranchBoundMRV,8,4,0.032466173,4301,1
extreme_020,Extreme,OMP-BranchBoundMRV,8,5,0.034580946,4513,1
extreme_020,Extreme,OMP-BranchBoundMRV,16,1,0.124432802,5185,1
extreme_020,Extreme,OMP-BranchBoundMRV,16,2,0.069082975,3891,1
extreme_020,Extreme,OMP-BranchBoundMRV,16,3,0.070614815,4505,1
extreme_020,Extreme,OMP-BranchBoundMRV,16,4,0.074203014,2744,1
extreme_020,Extreme,OMP-BranchBoundMRV,16,5,0.071371794,4159,1
extreme_021,Extreme,Serial,1,1,2.388700958,5001890,1
extreme_021,Extreme,Serial,1,2,2.386472125,5001890,1
extreme_021,Extreme,Serial,1,3,2.386903917,5001890,1
extreme_021,Extreme,Serial,1,4,2.494388542,5001890,1
extreme_021,Extreme,Serial,1,5,2.613381000,5001890,1
extreme_021,Extreme,Serial-MRV,1,1,0.110606916,6469,1
extreme_021,Extreme,Serial-MRV,1,2,0.110485542,6469,1
extreme_021,Extreme,Serial-MRV,1,3,0.110639625,6469,1
extreme_021,Extreme,Serial-MRV,1,4,0.174430458,6469,1
extreme_021,Extreme,Serial-MRV,1,5,0.111043958,6469,1
extreme_021,Extreme,BranchBound,1,1,2.248120916,5001890,1
extreme_021,Extreme,BranchBound,1,2,2.233741084,5001890,1
extreme_021,Extreme,BranchBound,1,3,2.241786125,5001890,1
extreme_021,Extreme,BranchBound,1,4,2.261039000,5001890,1
extreme_021,Extreme,BranchBound,1,5,2.237791208,5001890,1
extreme_021,Extreme,BranchBoundMRV,1,1,0.176544250,6469,1
extreme_021,Extreme,BranchBoundMRV,1,2,0.158291041,6469,1
extreme_021,Extreme,BranchBoundMRV,1,3,0.157991458,6469,1
extreme_021,Extreme,BranchBoundMRV,1,4,0.154811250,6469,1
extreme_021,Extreme,BranchBoundMRV,1,5,0.154375084,6469,1
extreme_021,Extreme,OpenMP,4,1,0.043425083,6976,1
extreme_021,Extreme,OpenMP,4,2,0.042230844,6894,1
extreme_021,Extreme,OpenMP,4,3,0.042450905,6937,1
extreme_021,Extreme,OpenMP,4,4,0.042458057,6939,1
extreme_021,Extreme,OpenMP,4,5,0.043265104,6785,1
extreme_021,Extreme,OpenMP,8,1,0.073545933,7513,1
extreme_021,Extreme,OpenMP,8,2,0.075062037,7920,1
extreme_021,Extreme,OpenMP,8,3,0.068318844,7609,1
extreme_021,Extreme,OpenMP,8,4,0.076349974,7563,1
extreme_021,Extreme,OpenMP,8,5,0.051289082,5869,1
extreme_021,Extreme,OpenMP,16,1,0.306943893,8841,1
extreme_021,Extreme,OpenMP,16,2,0.130586863,6320,1
extreme_021,Extreme,OpenMP,16,3,0.157181978,6457,1
extreme_021,Extreme,OpenMP,16,4,0.103802204,4967,1
extreme_021,Extreme,OpenMP,16,5,0.249328852,7105,1
extreme_021,Extreme,OMP-BranchBoundMRV,4,1,0.058783054,7242,1
extreme_021,Extreme,OMP-BranchBoundMRV,4,2,0.057909012,7183,1
extreme_021,Extreme,OMP-BranchBoundMRV,4,3,0.058427095,7196,1
extreme_021,Extreme,OMP-BranchBoundMRV,4,4,0.060503006,7230,1
extreme_021,Extreme,OMP-BranchBoundMRV,4,5,0.060930967,7178,1
extreme_021,Extreme,OMP-BranchBoundMRV,8,1,0.106441021,8232,1
extreme_021,Extreme,OMP-BranchBoundMRV,8,2,0.083680868,6951,1
extreme_021,Extreme,OMP-BranchBoundMRV,8,3,0.087930918,6936,1
extreme_021,Extreme,OMP-BranchBoundMRV,8,4,0.120958805,6148,1
extreme_021,Extreme,OMP-BranchBoundMRV,8,5,0.079394817,6854,1
extreme_021,Extreme,OMP-BranchBoundMRV,16,1,0.130167961,7329,1
extreme_021,Extreme,OMP-BranchBoundMRV,16,2,0.401612997,6973,1
extreme_021,Extreme,OMP-BranchBoundMRV,16,3,0.219092131,8265,1
extreme_021,Extreme,OMP-BranchBoundMRV,16,4,0.204831123,7078,1
extreme_021,Extreme,OMP-BranchBoundMRV,16,5,0.235342979,8518,1
extreme_022,Extreme,Serial,1,1,0.017252167,33635,1
extreme_022,Extreme,Serial,1,2,0.016956833,33635,1
extreme_022,Extreme,Serial,1,3,0.016908541,33635,1
extreme_022,Extreme,Serial,1,4,0.016930042,33635,1
extreme_022,Extreme,Serial,1,5,0.016904125,33635,1
extreme_022,Extreme,Serial-MRV,1,1,0.092315167,6045,1
extreme_022,Extreme,Serial-MRV,1,2,0.095697541,6045,1
extreme_022,Extreme,Serial-MRV,1,3,0.093471250,6045,1
extreme_022,Extreme,Serial-MRV,1,4,0.092051250,6045,1
extreme_022,Extreme,Serial-MRV,1,5,0.092749708,6045,1
extreme_022,Extreme,BranchBound,1,1,0.014862084,33635,1
extreme_022,Extreme,BranchBound,1,2,0.015319959,33635,1
extreme_022,Extreme,BranchBound,1,3,0.014897834,33635,1
extreme_022,Extreme,BranchBound,1,4,0.014948583,33635,1
extreme_022,Extreme,BranchBound,1,5,0.014899750,33635,1
extreme_022,Extreme,BranchBoundMRV,1,1,0.120236208,6045,1
extreme_022,Extreme,BranchBoundMRV,1,2,0.124706375,6045,1
extreme_022,Extreme,BranchBoundMRV,1,3,0.120883291,6045,1
extreme_022,Extreme,BranchBoundMRV,1,4,0.119892208,6045,1
extreme_022,Extreme,BranchBoundMRV,1,5,0.122698959,6045,1
extreme_022,Extreme,OpenMP,4,1,0.065119028,14041,1
extreme_022,Extreme,OpenMP,4,2,0.064893007,14018,1
extreme_022,Extreme,OpenMP,4,3,0.065587044,14077,1
extreme_022,Extreme,OpenMP,4,4,0.068490982,14039,1
extreme_022,Extreme,OpenMP,4,5,0.065369844,14023,1
extreme_022,Extreme,OpenMP,8,1,0.040918112,9855,1
extreme_022,Extreme,OpenMP,8,2,0.034452915,9883,1
extreme_022,Extreme,OpenMP,8,3,0.072193861,14338,1
extreme_022,Extreme,OpenMP,8,4,0.037968874,9822,1
extreme_022,Extreme,OpenMP,8,5,0.040648937,10421,1
extreme_022,Extreme,OpenMP,16,1,0.191653967,12879,1
extreme_022,Extreme,OpenMP,16,2,0.102240801,12103,1
extreme_022,Extreme,OpenMP,16,3,0.116663933,11472,1
extreme_022,Extreme,OpenMP,16,4,0.143941164,11987,1
extreme_022,Extreme,OpenMP,16,5,0.113955975,12657,1
extreme_022,Extreme,OMP-BranchBoundMRV,4,1,0.079945087,12931,1
extreme_022,Extreme,OMP-BranchBoundMRV,4,2,0.082319975,13149,1
extreme_022,Extreme,OMP-BranchBoundMRV,4,3,0.083983183,12925,1
extreme_022,Extreme,OMP-BranchBoundMRV,4,4,0.082068205,13114,1
extreme_022,Extreme,OMP-BranchBoundMRV,4,5,0.082589149,13105,1
extreme_022,Extreme,OMP-BranchBoundMRV,8,1,0.058336020,10958,1
extreme_022,Extreme,OMP-BranchBoundMRV,8,2,0.047787905,9683,1
extreme_022,Extreme,OMP-BranchBoundMRV,8,3,0.046977997,9397,1
extreme_022,Extreme,OMP-BranchBoundMRV,8,4,0.040318012,8059,1
extreme_022,Extreme,OMP-BranchBoundMRV,8,5,0.052160025,9821,1
extreme_022,Extreme,OMP-BranchBoundMRV,16,1,0.197854042,11452,1
extreme_022,Extreme,OMP-BranchBoundMRV,16,2,0.095386028,7995,1
extreme_022,Extreme,OMP-BranchBoundMRV,16,3,0.133746147,10395,1
extreme_022,Extreme,OMP-BranchBoundMRV,16,4,0.145200014,12249,1
extreme_022,Extreme,OMP-BranchBoundMRV,16,5,0.074699879,7389,1
extreme_023,Extreme,Serial,1,1,0.001575958,3181,1
extreme_023,Extreme,Serial,1,2,0.001596209,3181,1
extreme_023,Extreme,Serial,1,3,0.001590166,3181,1
extreme_023,Extreme,Serial,1,4,0.001591458,3181,1
extreme_023,Extreme,Serial,1,5,0.001591958,3181,1
extreme_023,Extreme,Serial-MRV,1,1,0.092797667,5827,1
extreme_023,Extreme,Serial-MRV,1,2,0.092177250,5827,1
extreme_023,Extreme,Serial-MRV,1,3,0.096064125,5827,1
extreme_023,Extreme,Serial-MRV,1,4,0.092717917,5827,1
extreme_023,Extreme,Serial-MRV,1,5,0.092538375,5827,1
extreme_023,Extreme,BranchBound,1,1,0.001323125,3181,1
extreme_023,Extreme,BranchBound,1,2,0.001301917,3181,1
extreme_023,Extreme,BranchBound,1,3,0.001299125,3181,1
extreme_023,Extreme,BranchBound,1,4,0.001298459,3181,1
extreme_023,Extreme,BranchBound,1,5,0.001314041,3181,1
extreme_023,Extreme,BranchBoundMRV,1,1,0.117103667,5827,1
extreme_023,Extreme,BranchBoundMRV,1,2,0.118516292,5827,1
extreme_023,Extreme,BranchBoundMRV,1,3,0.119128791,5827,1
extreme_023,Extreme,BranchBoundMRV,1,4,0.116734708,5827,1
extreme_023,Extreme,BranchBoundMRV,1,5,0.116789750,5827,1
extreme_023,Extreme,OpenMP,4,1,0.031975031,3741,1
extreme_023,Extreme,OpenMP,4,2,0.032245874,3770,1
extreme_023,Extreme,OpenMP,4,3,0.031996965,3726,1
extreme_023,Extreme,OpenMP,4,4,0.031908989,3729,1
extreme_023,Extreme,OpenMP,4,5,0.032491922,3772,1
extreme_023,Extreme,OpenMP,8,1,0.038235903,4167,1
extreme_023,Extreme,OpenMP,8,2,0.058067083,4255,1
extreme_023,Extreme,OpenMP,8,3,0.047980070,3575,1
extreme_023,Extreme,OpenMP,8,4,0.062829971,4533,1
extreme_023,Extreme,OpenMP,8,5,0.053405046,4578,1
extreme_023,Extreme,OpenMP,16,1,0.278154135,5829,1
extreme_023,Extreme,OpenMP,16,2,0.144296885,3778,1
extreme_023,Extreme,OpenMP,16,3,0.110920906,4242,1
extreme_023,Extreme,OpenMP,16,4,0.121766090,4087,1
extreme_023,Extreme,OpenMP,16,5,0.137980938,4210,1
extreme_023,Extreme,OMP-BranchBoundMRV,4,1,0.042613029,3854,1
extreme_023,Extreme,OMP-BranchBoundMRV,4,2,0.043782234,3837,1
extreme_023,Extreme,OMP-BranchBoundMRV,4,3,0.043342113,3848,1
extreme_023,Extreme,OMP-BranchBoundMRV,4,4,0.043179989,3837,1
extreme_023,Extreme,OMP-BranchBoundMRV,4,5,0.044164896,3782,1
extreme_023,Extreme,OMP-BranchBoundMRV,8,1,0.064110041,4099,1
extreme_023,Extreme,OMP-BranchBoundMRV,8,2,0.060468912,4212,1
extreme_023,Extreme,OMP-BranchBoundMRV,8,3,0.062955856,4337,1
extreme_023,Extreme,OMP-BranchBoundMRV,8,4,0.056562901,3500,1
extreme_023,Extreme,OMP-BranchBoundMRV,8,5,0.052023888,3730,1
extreme_023,Extreme,OMP-BranchBoundMRV,16,1,0.142751932,2459,1
extreme_023,Extreme,OMP-BranchBoundMRV,16,2,0.159695864,4335,1
extreme_023,Extreme,OMP-BranchBoundMRV,16,3,0.143895864,3754,1
extreme_023,Extreme,OMP-BranchBoundMRV,16,4,0.198137999,3580,1
extreme_023,Extreme,OMP-BranchBoundMRV,16,5,0.146607876,4028,1
extreme_024,Extreme,Serial,1,1,0.040624125,79507,1
extreme_024,Extreme,Serial,1,2,0.040218583,79507,1
extreme_024,Extreme,Serial,1,3,0.040301375,79507,1
extreme_024,Extreme,Serial,1,4,0.040276334,79507,1
extreme_024,Extreme,Serial,1,5,0.040197625,79507,1
extreme_024,Extreme,Serial-MRV,1,1,0.102191667,6113,1
extreme_024,Extreme,Serial-MRV,1,2,0.099897416,6113,1
extreme_024,Extreme,Serial-MRV,1,3,0.105873333,6113,1
extreme_024,Extreme,Serial-MRV,1,4,0.107984500,6113,1
extreme_024,Extreme,Serial-MRV,1,5,0.104079750,6113,1
extreme_024,Extreme,BranchBound,1,1,0.036087459,79507,1
extreme_024,Extreme,BranchBound,1,2,0.034980334,79507,1
extreme_024,Extreme,BranchBound,1,3,0.034623708,79507,1
extreme_024,Extreme,BranchBound,1,4,0.034352125,79507,1
extreme_024,Extreme,BranchBound,1,5,0.034346209,79507,1
extreme_024,Extreme,BranchBoundMRV,1,1,0.134030083,6113,1
extreme_024,Extreme,BranchBoundMRV,1,2,0.129782750,6113,1
extreme_024,Extreme,BranchBoundMRV,1,3,0.129287708,6113,1
extreme_024,Extreme,BranchBoundMRV,1,4,0.129345666,6113,1
extreme_024,Extreme,BranchBoundMRV,1,5,0.132500250,6113,1
extreme_024,Extreme,OpenMP,4,1,0.022884846,3755,1
extreme_024,Extreme,OpenMP,4,2,0.022231102,3721,1
extreme_024,Extreme,OpenMP,4,3,0.022454977,3714,1
extreme_024,Extreme,OpenMP,4,4,0.022004128,3687,1
extreme_024,Extreme,OpenMP,4,5,0.021890163,3862,1
extreme_024,Extreme,OpenMP,8,1,0.033697128,4168,1
extreme_024,Extreme,OpenMP,8,2,0.030627012,3629,1
extreme_024,Extreme,OpenMP,8,3,0.051462889,5460,1
extreme_024,Extreme,OpenMP,8,4,0.059719086,5527,1
extreme_024,Extreme,OpenMP,8,5,0.032472849,3964,1
extreme_024,Extreme,OpenMP,16,1,0.131383896,6113,1
extreme_024,Extreme,OpenMP,16,2,0.066807032,3297,1
extreme_024,Extreme,OpenMP,16,3,0.081298113,4388,1
extreme_024,Extreme,OpenMP,16,4,0.117102861,5238,1
extreme_024,Extreme,OpenMP,16,5,0.101472139,4369,1
extreme_024,Extreme,OMP-BranchBoundMRV,4,1,0.028363943,4182,1
extreme_024,Extreme,OMP-BranchBoundMRV,4,2,0.028548002,3730,1
extreme_024,Extreme,OMP-BranchBoundMRV,4,3,0.029151917,3623,1
extreme_024,Extreme,OMP-BranchBoundMRV,4,4,0.039550781,3779,1
extreme_024,Extreme,OMP-BranchBoundMRV,4,5,0.036828041,3697,1
extreme_024,Extreme,OMP-BranchBoundMRV,8,1,0.145841122,4529,1
extreme_024,Extreme,OMP-BranchBoundMRV,8,2,0.102727890,4592,1
extreme_024,Extreme,OMP-BranchBoundMRV,8,3,0.100347042,4277,1
extreme_024,Extreme,OMP-BranchBoundMRV,8,4,0.040043116,3477,1
extreme_024,Extreme,OMP-BranchBoundMRV,8,5,0.049785852,4951,1
extreme_024,Extreme,OMP-BranchBoundMRV,16,1,0.112406969,5548,1
extreme_024,Extreme,OMP-BranchBoundMRV,16,2,0.133136988,5112,1
extreme_024,Extreme,OMP-BranchBoundMRV,16,3,0.182029009,6100,1
extreme_024,Extreme,OMP-BranchBoundMRV,16,4,0.107587099,4237,1
extreme_024,Extreme,OMP-BranchBoundMRV,16,5,0.167257071,3454,1
extreme_025,Extreme,Serial,1,1,0.034839833,72455,1
extreme_025,Extreme,Serial,1,2,0.035021833,72455,1
extreme_025,Extreme,Serial,1,3,0.040135208,72455,1
extreme_025,Extreme,Serial,1,4,0.035402292,72455,1
extreme_025,Extreme,Serial,1,5,0.034578917,72455,1
extreme_025,Extreme,Serial-MRV,1,1,0.086126542,5254,1
extreme_025,Extreme,Serial-MRV,1,2,0.083565875,5254,1
extreme_025,Extreme,Serial-MRV,1,3,0.082527250,5254,1
extreme_025,Extreme,Serial-MRV,1,4,0.082907417,5254,1
extreme_025,Extreme,Serial-MRV,1,5,0.082435167,5254,1
extreme_025,Extreme,BranchBound,1,1,0.031052666,72455,1
extreme_025,Extreme,BranchBound,1,2,0.030923000,72455,1
extreme_025,Extreme,BranchBound,1,3,0.030890500,72455,1
extreme_025,Extreme,BranchBound,1,4,0.030870458,72455,1
extreme_025,Extreme,BranchBound,1,5,0.030996542,72455,1
extreme_025,Extreme,BranchBoundMRV,1,1,0.112293667,5254,1
extreme_025,Extreme,BranchBoundMRV,1,2,0.117494709,5254,1
extreme_025,Extreme,BranchBoundMRV,1,3,0.109594583,5254,1
extreme_025,Extreme,BranchBoundMRV,1,4,0.107177167,5254,1
extreme_025,Extreme,BranchBoundMRV,1,5,0.108513042,5254,1
extreme_025,Extreme,OpenMP,4,1,0.016496897,2725,1
extreme_025,Extreme,OpenMP,4,2,0.016377926,2718,1
extreme_025,Extreme,OpenMP,4,3,0.016368866,3444,1
extreme_025,Extreme,OpenMP,4,4,0.016255856,2712,1
extreme_025,Extreme,OpenMP,4,5,0.016251087,2701,1
extreme_025,Extreme,OpenMP,8,1,0.041492939,3826,1
extreme_025,Extreme,OpenMP,8,2,0.024993181,3622,1
extreme_025,Extreme,OpenMP,8,3,0.024728060,3821,1
extreme_025,Extreme,OpenMP,8,4,0.024226189,3428,1
extreme_025,Extreme,OpenMP,8,5,0.023812056,3364,1
extreme_025,Extreme,OpenMP,16,1,0.047559023,3271,1
extreme_025,Extreme,OpenMP,16,2,0.047951937,2653,1
extreme_025,Extreme,OpenMP,16,3,0.070373058,2389,1
extreme_025,Extreme,OpenMP,16,4,0.058094978,3117,1
extreme_025,Extreme,OpenMP,16,5,0.088589907,3726,1
extreme_025,Extreme,OMP-BranchBoundMRV,4,1,0.021323919,2859,1
extreme_025,Extreme,OMP-BranchBoundMRV,4,2,0.021215916,3469,1
extreme_025,Extreme,OMP-BranchBoundMRV,4,3,0.021500826,3494,1
extreme_025,Extreme,OMP-BranchBoundMRV,4,4,0.021260023,3471,1
extreme_025,Extreme,OMP-BranchBoundMRV,4,5,0.021219015,3471,1
extreme_025,Extreme,OMP-BranchBoundMRV,8,1,0.023820162,3163,1
extreme_025,Extreme,OMP-BranchBoundMRV,8,2,0.032948017,3473,1
extreme_025,Extreme,OMP-BranchBoundMRV,8,3,0.033951044,3705,1
extreme_025,Extreme,OMP-BranchBoundMRV,8,4,0.030406952,3442,1
extreme_025,Extreme,OMP-BranchBoundMRV,8,5,0.034981012,3907,1
extreme_025,Extreme,OMP-BranchBoundMRV,16,1,0.035367012,2232,1
extreme_025,Extreme,OMP-BranchBoundMRV,16,2,0.128884077,3255,1
extreme_025,Extreme,OMP-BranchBoundMRV,16,3,0.101536989,3860,1
extreme_025,Extreme,OMP-BranchBoundMRV,16,4,0.086865902,3781,1
extreme_025,Extreme,OMP-BranchBoundMRV,16,5,0.084032059,4142,1
extreme_026,Extreme,Serial,1,1,0.002227250,4525,1
extreme_026,Extreme,Serial,1,2,0.002233708,4525,1
extreme_026,Extreme,Serial,1,3,0.002234250,4525,1
extreme_026,Extreme,Serial,1,4,0.002319666,4525,1
extreme_026,Extreme,Serial,1,5,0.002323500,4525,1
extreme_026,Extreme,Serial-MRV,1,1,0.149652208,8751,1
extreme_026,Extreme,Serial-MRV,1,2,0.153592625,8751,1
extreme_026,Extreme,Serial-MRV,1,3,0.149029875,8751,1
extreme_026,Extreme,Serial-MRV,1,4,0.148269917,8751,1
extreme_026,Extreme,Serial-MRV,1,5,0.148669792,8751,1
extreme_026,Extreme,BranchBound,1,1,0.001954625,4525,1
extreme_026,Extreme,BranchBound,1,2,0.001998625,4525,1
extreme_026,Extreme,BranchBound,1,3,0.001931458,4525,1
extreme_026,Extreme,BranchBound,1,4,0.001929958,4525,1
extreme_026,Extreme,BranchBound,1,5,0.001972708,4525,1
extreme_026,Extreme,BranchBoundMRV,1,1,0.217254500,8751,1
extreme_026,Extreme,BranchBoundMRV,1,2,0.217713625,8751,1
extreme_026,Extreme,BranchBoundMRV,1,3,0.211651916,8751,1
extreme_026,Extreme,BranchBoundMRV,1,4,0.210432042,8751,1
extreme_026,Extreme,BranchBoundMRV,1,5,0.216801542,8751,1
extreme_026,Extreme,OpenMP,4,1,0.000913143,162,1
extreme_026,Extreme,OpenMP,4,2,0.000899076,128,1
extreme_026,Extreme,OpenMP,4,3,0.000905991,128,1
extreme_026,Extreme,OpenMP,4,4,0.000890017,128,1
extreme_026,Extreme,OpenMP,4,5,0.000897884,128,1
extreme_026,Extreme,OpenMP,8,1,0.002097845,383,1
extreme_026,Extreme,OpenMP,8,2,0.002074003,383,1
extreme_026,Extreme,OpenMP,8,3,0.002123117,226,1
extreme_026,Extreme,OpenMP,8,4,0.000946045,151,1
extreme_026,Extreme,OpenMP,8,5,0.002124071,264,1
extreme_026,Extreme,OpenMP,16,1,0.020081997,260,1
extreme_026,Extreme,OpenMP,16,2,0.016263962,129,1
extreme_026,Extreme,OpenMP,16,3,0.030125856,130,1
extreme_026,Extreme,OpenMP,16,4,0.017066002,153,1
extreme_026,Extreme,OpenMP,16,5,0.048566103,107,1
extreme_026,Extreme,OMP-BranchBoundMRV,4,1,0.001392126,166,1
extreme_026,Extreme,OMP-BranchBoundMRV,4,2,0.001396179,167,1
extreme_026,Extreme,OMP-BranchBoundMRV,4,3,0.001382113,167,1
extreme_026,Extreme,OMP-BranchBoundMRV,4,4,0.001383066,167,1
extreme_026,Extreme,OMP-BranchBoundMRV,4,5,0.001390934,167,1
extreme_026,Extreme,OMP-BranchBoundMRV,8,1,0.003098965,383,1
extreme_026,Extreme,OMP-BranchBoundMRV,8,2,0.002153873,120,1
extreme_026,Extreme,OMP-BranchBoundMRV,8,3,0.005280972,312,1
extreme_026,Extreme,OMP-BranchBoundMRV,8,4,0.003256083,330,1
extreme_026,Extreme,OMP-BranchBoundMRV,8,5,0.003202915,226,1
extreme_026,Extreme,OMP-BranchBoundMRV,16,1,0.026006937,152,1
extreme_026,Extreme,OMP-BranchBoundMRV,16,2,0.034676075,365,1
extreme_026,Extreme,OMP-BranchBoundMRV,16,3,0.032027006,1985,1
extreme_026,Extreme,OMP-BranchBoundMRV,16,4,0.006657124,244,1
extreme_026,Extreme,OMP-BranchBoundMRV,16,5,0.012012005,383,1
extreme_027,Extreme,Serial,1,1,0.040990875,80913,1
extreme_027,Extreme,Serial,1,2,0.039456042,80913,1
extreme_027,Extreme,Serial,1,3,0.039431792,80913,1
extreme_027,Extreme,Serial,1,4,0.039373875,80913,1
extreme_027,Extreme,Serial,1,5,0.039358250,80913,1
extreme_027,Extreme,Serial-MRV,1,1,0.086983875,5264,1
extreme_027,Extreme,Serial-MRV,1,2,0.083402500,5264,1
extreme_027,Extreme,Serial-MRV,1,3,0.082689125,5264,1
extreme_027,Extreme,Serial-MRV,1,4,0.082996250,5264,1
extreme_027,Extreme,Serial-MRV,1,5,0.082947833,5264,1
extreme_027,Extreme,BranchBound,1,1,0.034904750,80913,1
extreme_027,Extreme,BranchBound,1,2,0.034872042,80913,1
extreme_027,Extreme,BranchBound,1,3,0.034844125,80913,1
extreme_027,Extreme,BranchBound,1,4,0.034919250,80913,1
extreme_027,Extreme,BranchBound,1,5,0.034967792,80913,1
extreme_027,Extreme,BranchBoundMRV,1,1,0.112088708,5264,1
extreme_027,Extreme,BranchBoundMRV,1,2,0.109576333,5264,1
extreme_027,Extreme,BranchBoundMRV,1,3,0.108499459,5264,1
extreme_027,Extreme,BranchBoundMRV,1,4,0.108502208,5264,1
extreme_027,Extreme,BranchBoundMRV,1,5,0.108334000,5264,1
extreme_027,Extreme,OpenMP,4,1,0.013030052,2970,1
extreme_027,Extreme,OpenMP,4,2,0.012991905,2267,1
extreme_027,Extreme,OpenMP,4,3,0.013093948,2278,1
extreme_027,Extreme,OpenMP,4,4,0.013043165,2274,1
extreme_027,Extreme,OpenMP,4,5,0.013097048,2284,1
extreme_027,Extreme,OpenMP,8,1,0.017102957,2892,1
extreme_027,Extreme,OpenMP,8,2,0.018816948,2770,1
extreme_027,Extreme,OpenMP,8,3,0.013167858,2465,1
extreme_027,Extreme,OpenMP,8,4,0.017107010,2889,1
extreme_027,Extreme,OpenMP,8,5,0.018913031,3071,1
extreme_027,Extreme,OpenMP,16,1,0.063919067,2964,1
extreme_027,Extreme,OpenMP,16,2,0.032099009,3058,1
extreme_027,Extreme,OpenMP,16,3,0.065721989,3875,1
extreme_027,Extreme,OpenMP,16,4,0.058136940,3150,1
extreme_027,Extreme,OpenMP,16,5,0.030452967,2279,1
extreme_027,Extreme,OMP-BranchBoundMRV,4,1,0.017317057,2987,1
extreme_027,Extreme,OMP-BranchBoundMRV,4,2,0.017315865,2982,1
extreme_027,Extreme,OMP-BranchBoundMRV,4,3,0.017306805,2983,1
extreme_027,Extreme,OMP-BranchBoundMRV,4,4,0.017325878,2994,1
extreme_027,Extreme,OMP-BranchBoundMRV,4,5,0.017303944,2990,1
extreme_027,Extreme,OMP-BranchBoundMRV,8,1,0.023107052,2578,1
extreme_027,Extreme,OMP-BranchBoundMRV,8,2,0.023139954,2823,1
extreme_027,Extreme,OMP-BranchBoundMRV,8,3,0.028892994,3797,1
extreme_027,Extreme,OMP-BranchBoundMRV,8,4,0.029369831,3124,1
extreme_027,Extreme,OMP-BranchBoundMRV,8,5,0.027859926,3481,1
extreme_027,Extreme,OMP-BranchBoundMRV,16,1,0.042335987,1373,1
extreme_027,Extreme,OMP-BranchBoundMRV,16,2,0.147290945,2171,1
extreme_027,Extreme,OMP-BranchBoundMRV,16,3,0.091373920,3625,1
extreme_027,Extreme,OMP-BranchBoundMRV,16,4,0.077412128,3654,1
extreme_027,Extreme,OMP-BranchBoundMRV,16,5,0.089353085,1833,1
extreme_028,Extreme,Serial,1,1,0.062130000,75223,1
extreme_028,Extreme,Serial,1,2,0.037363167,75223,1
extreme_028,Extreme,Serial,1,3,0.037305625,75223,1
extreme_028,Extreme,Serial,1,4,0.037235750,75223,1
extreme_028,Extreme,Serial,1,5,0.038123334,75223,1
extreme_028,Extreme,Serial-MRV,1,1,0.115845708,6566,1
extreme_028,Extreme,Serial-MRV,1,2,0.116629542,6566,1
extreme_028,Extreme,Serial-MRV,1,3,0.114192750,6566,1
extreme_028,Extreme,Serial-MRV,1,4,0.113657042,6566,1
extreme_028,Extreme,Serial-MRV,1,5,0.113514125,6566,1
extreme_028,Extreme,BranchBound,1,1,0.032124625,75223,1
extreme_028,Extreme,BranchBound,1,2,0.031935459,75223,1
extreme_028,Extreme,BranchBound,1,3,0.032032375,75223,1
extreme_028,Extreme,BranchBound,1,4,0.032118667,75223,1
extreme_028,Extreme,BranchBound,1,5,0.031986750,75223,1
extreme_028,Extreme,BranchBoundMRV,1,1,0.154779250,6566,1
extreme_028,Extreme,BranchBoundMRV,1,2,0.150167625,6566,1
extreme_028,Extreme,BranchBoundMRV,1,3,0.149912291,6566,1
extreme_028,Extreme,BranchBoundMRV,1,4,0.149437083,6566,1
extreme_028,Extreme,BranchBoundMRV,1,5,0.149140041,6566,1
extreme_028,Extreme,OpenMP,4,1,0.013755083,2838,1
extreme_028,Extreme,OpenMP,4,2,0.013732910,2838,1
extreme_028,Extreme,OpenMP,4,3,0.013736010,2842,1
extreme_028,Extreme,OpenMP,4,4,0.013704062,2833,1
extreme_028,Extreme,OpenMP,4,5,0.013700008,2837,1
extreme_028,Extreme,OpenMP,8,1,0.019651175,3818,1
extreme_028,Extreme,OpenMP,8,2,0.014008045,2674,1
extreme_028,Extreme,OpenMP,8,3,0.013768911,2590,1
extreme_028,Extreme,OpenMP,8,4,0.019778013,3515,1
extreme_028,Extreme,OpenMP,8,5,0.018370867,3340,1
extreme_028,Extreme,OpenMP,16,1,0.084918976,6566,1
extreme_028,Extreme,OpenMP,16,2,0.054188967,3565,1
extreme_028,Extreme,OpenMP,16,3,0.052223921,3457,1
extreme_028,Extreme,OpenMP,16,4,0.050417900,3603,1
extreme_028,Extreme,OpenMP,16,5,0.044175863,2141,1
extreme_028,Extreme,OMP-BranchBoundMRV,4,1,0.018853903,2903,1
extreme_028,Extreme,OMP-BranchBoundMRV,4,2,0.019060850,2099,1
extreme_028,Extreme,OMP-BranchBoundMRV,4,3,0.018762827,2886,1
extreme_028,Extreme,OMP-BranchBoundMRV,4,4,0.018682957,2890,1
extreme_028,Extreme,OMP-BranchBoundMRV,4,5,0.018709898,2894,1
extreme_028,Extreme,OMP-BranchBoundMRV,8,1,0.024468184,3346,1
extreme_028,Extreme,OMP-BranchBoundMRV,8,2,0.039722919,4748,1
extreme_028,Extreme,OMP-BranchBoundMRV,8,3,0.032340050,4028,1
extreme_028,Extreme,OMP-BranchBoundMRV,8,4,0.030387163,3556,1
extreme_028,Extreme,OMP-BranchBoundMRV,8,5,0.025696993,3363,1
extreme_028,Extreme,OMP-BranchBoundMRV,16,1,0.055626154,2604,1
extreme_028,Extreme,OMP-BranchBoundMRV,16,2,0.125665188,3290,1
extreme_028,Extreme,OMP-BranchBoundMRV,16,3,0.116522074,5164,1
extreme_028,Extreme,OMP-BranchBoundMRV,16,4,0.072700024,3438,1
extreme_028,Extreme,OMP-BranchBoundMRV,16,5,0.065098047,3346,1
extreme_029,Extreme,Serial,1,1,0.132742750,270550,1
extreme_029,Extreme,Serial,1,2,0.135178917,270550,1
extreme_029,Extreme,Serial,1,3,0.133120667,270550,1
extreme_029,Extreme,Serial,1,4,0.132994334,270550,1
extreme_029,Extreme,Serial,1,5,0.132671042,270550,1
extreme_029,Extreme,Serial-MRV,1,1,0.122096459,7740,1
extreme_029,Extreme,Serial-MRV,1,2,0.123872125,7740,1
extreme_029,Extreme,Serial-MRV,1,3,0.121955917,7740,1
extreme_029,Extreme,Serial-MRV,1,4,0.121424041,7740,1
extreme_029,Extreme,Serial-MRV,1,5,0.121767834,7740,1
extreme_029,Extreme,BranchBound,1,1,0.117050625,270550,1
extreme_029,Extreme,BranchBound,1,2,0.181628959,270550,1
extreme_029,Extreme,BranchBound,1,3,0.116986042,270550,1
extreme_029,Extreme,BranchBound,1,4,0.116273208,270550,1
extreme_029,Extreme,BranchBound,1,5,0.120485292,270550,1
extreme_029,Extreme,BranchBoundMRV,1,1,0.176087917,7740,1
extreme_029,Extreme,BranchBoundMRV,1,2,0.165137708,7740,1
extreme_029,Extreme,BranchBoundMRV,1,3,0.161334125,7740,1
extreme_029,Extreme,BranchBoundMRV,1,4,0.160726458,7740,1
extreme_029,Extreme,BranchBoundMRV,1,5,0.160184375,7740,1
extreme_029,Extreme,OpenMP,4,1,0.034253120,7481,1
extreme_029,Extreme,OpenMP,4,2,0.035341024,6621,1
extreme_029,Extreme,OpenMP,4,3,0.034332991,6203,1
extreme_029,Extreme,OpenMP,4,4,0.034222126,6683,1
extreme_029,Extreme,OpenMP,4,5,0.034504175,6569,1
extreme_029,Extreme,OpenMP,8,1,0.040397882,7020,1
extreme_029,Extreme,OpenMP,8,2,0.054438114,7724,1
extreme_029,Extreme,OpenMP,8,3,0.045459986,7689,1
extreme_029,Extreme,OpenMP,8,4,0.053694963,7740,1
extreme_029,Extreme,OpenMP,8,5,0.069271088,7740,1
extreme_029,Extreme,OpenMP,16,1,0.160457134,7740,1
extreme_029,Extreme,OpenMP,16,2,0.129374027,7504,1
extreme_029,Extreme,OpenMP,16,3,0.125665903,7740,1
extreme_029,Extreme,OpenMP,16,4,0.118993998,7335,1
extreme_029,Extreme,OpenMP,16,5,0.103379011,7236,1
extreme_029,Extreme,OMP-BranchBoundMRV,4,1,0.045457840,7510,1
extreme_029,Extreme,OMP-BranchBoundMRV,4,2,0.046509981,7595,1
extreme_029,Extreme,OMP-BranchBoundMRV,4,3,0.045928955,7071,1
extreme_029,Extreme,OMP-BranchBoundMRV,4,4,0.045312881,7586,1
extreme_029,Extreme,OMP-BranchBoundMRV,4,5,0.047017097,7580,1
extreme_029,Extreme,OMP-BranchBoundMRV,8,1,0.097710133,7740,1
extreme_029,Extreme,OMP-BranchBoundMRV,8,2,0.101217985,7740,1
extreme_029,Extreme,OMP-BranchBoundMRV,8,3,0.067708969,7740,1
extreme_029,Extreme,OMP-BranchBoundMRV,8,4,0.072422028,7740,1
extreme_029,Extreme,OMP-BranchBoundMRV,8,5,0.058755159,7740,1
extreme_029,Extreme,OMP-BranchBoundMRV,16,1,0.181181908,7166,1
extreme_029,Extreme,OMP-BranchBoundMRV,16,2,0.183037996,7740,1
extreme_029,Extreme,OMP-BranchBoundMRV,16,3,0.092472792,7218,1
extreme_029,Extreme,OMP-BranchBoundMRV,16,4,0.109601974,7088,1
extreme_029,Extreme,OMP-BranchBoundMRV,16,5,0.102803946,7131,1
extreme_030,Extreme,Serial,1,1,0.048799292,98333,1
extreme_030,Extreme,Serial,1,2,0.047231334,98333,1
extreme_030,Extreme,Serial,1,3,0.047337917,98333,1
extreme_030,Extreme,Serial,1,4,0.047549500,98333,1
extreme_030,Extreme,Serial,1,5,0.050332500,98333,1
extreme_030,Extreme,Serial-MRV,1,1,0.093883250,5411,1
extreme_030,Extreme,Serial-MRV,1,2,0.087223750,5411,1
extreme_030,Extreme,Serial-MRV,1,3,0.092385208,5411,1
extreme_030,Extreme,Serial-MRV,1,4,0.089314708,5411,1
extreme_030,Extreme,Serial-MRV,1,5,0.087359209,5411,1
extreme_030,Extreme,BranchBound,1,1,0.041843250,98333,1
extreme_030,Extreme,BranchBound,1,2,0.041924166,98333,1
extreme_030,Extreme,BranchBound,1,3,0.041748375,98333,1
extreme_030,Extreme,BranchBound,1,4,0.041797666,98333,1
extreme_030,Extreme,BranchBound,1,5,0.042473084,98333,1
extreme_030,Extreme,BranchBoundMRV,1,1,0.121898833,5411,1
extreme_030,Extreme,BranchBoundMRV,1,2,0.122505583,5411,1
extreme_030,Extreme,BranchBoundMRV,1,3,0.119593333,5411,1
extreme_030,Extreme,BranchBoundMRV,1,4,0.118973583,5411,1
extreme_030,Extreme,BranchBoundMRV,1,5,0.119277292,5411,1
extreme_030,Extreme,OpenMP,4,1,0.040740013,7253,1
extreme_030,Extreme,OpenMP,4,2,0.040452957,7226,1
extreme_030,Extreme,OpenMP,4,3,0.041658878,7280,1
extreme_030,Extreme,OpenMP,4,4,0.040899992,7261,1
extreme_030,Extreme,OpenMP,4,5,0.041221857,7229,1
extreme_030,Extreme,OpenMP,8,1,0.064311028,8096,1
extreme_030,Extreme,OpenMP,8,2,0.047412872,5963,1
extreme_030,Extreme,OpenMP,8,3,0.057533979,7099,1
extreme_030,Extreme,OpenMP,8,4,0.080133915,8953,1
extreme_030,Extreme,OpenMP,8,5,0.089702129,8230,1
extreme_030,Extreme,OpenMP,16,1,0.134161949,5657,1
extreme_030,Extreme,OpenMP,16,2,0.128169060,7822,1
extreme_030,Extreme,OpenMP,16,3,0.190665960,7540,1
extreme_030,Extreme,OpenMP,16,4,0.133225918,6418,1
extreme_030,Extreme,OpenMP,16,5,0.148513079,6676,1
extreme_030,Extreme,OMP-BranchBoundMRV,4,1,0.057979107,7244,1
extreme_030,Extreme,OMP-BranchBoundMRV,4,2,0.060383081,7228,1
extreme_030,Extreme,OMP-BranchBoundMRV,4,3,0.058347225,7088,1
extreme_030,Extreme,OMP-BranchBoundMRV,4,4,0.058552980,7120,1
extreme_030,Extreme,OMP-BranchBoundMRV,4,5,0.063025951,7189,1
extreme_030,Extreme,OMP-BranchBoundMRV,8,1,0.119879961,7563,1
extreme_030,Extreme,OMP-BranchBoundMRV,8,2,0.101994991,8977,1
extreme_030,Extreme,OMP-BranchBoundMRV,8,3,0.079152822,7266,1
extreme_030,Extreme,OMP-BranchBoundMRV,8,4,0.088325024,8384,1
extreme_030,Extreme,OMP-BranchBoundMRV,8,5,0.075684071,6875,1
extreme_030,Extreme,OMP-BranchBoundMRV,16,1,0.153692961,5920,1
extreme_030,Extreme,OMP-BranchBoundMRV,16,2,0.216179848,8111,1
extreme_030,Extreme,OMP-BranchBoundMRV,16,3,0.221512079,8350,1
extreme_030,Extreme,OMP-BranchBoundMRV,16,4,0.186456919,6680,1
extreme_030,Extreme,OMP-BranchBoundMRV,16,5,0.181861162,6974,1
extreme_031,Extreme,Serial,1,1,0.021780250,42354,1
extreme_031,Extreme,Serial,1,2,0.021474750,42354,1
extreme_031,Extreme,Serial,1,3,0.021129292,42354,1
extreme_031,Extreme,Serial,1,4,0.020836917,42354,1
extreme_031,Extreme,Serial,1,5,0.020702750,42354,1
extreme_031,Extreme,Serial-MRV,1,1,0.169717375,10785,1
extreme_031,Extreme,Serial-MRV,1,2,0.170317167,10785,1
extreme_031,Extreme,Serial-MRV,1,3,0.170474208,10785,1
extreme_031,Extreme,Serial-MRV,1,4,0.170282083,10785,1
extreme_031,Extreme,Serial-MRV,1,5,0.170398875,10785,1
extreme_031,Extreme,BranchBound,1,1,0.017989416,42354,1
extreme_031,Extreme,BranchBound,1,2,0.018029375,42354,1
extreme_031,Extreme,BranchBound,1,3,0.018109667,42354,1
extreme_031,Extreme,BranchBound,1,4,0.018120291,42354,1
extreme_031,Extreme,BranchBound,1,5,0.018063250,42354,1
extreme_031,Extreme,BranchBoundMRV,1,1,0.215615542,10785,1
extreme_031,Extreme,BranchBoundMRV,1,2,0.215796500,10785,1
extreme_031,Extreme,BranchBoundMRV,1,3,0.215998000,10785,1
extreme_031,Extreme,BranchBoundMRV,1,4,0.215868000,10785,1
extreme_031,Extreme,BranchBoundMRV,1,5,0.216694584,10785,1
extreme_031,Extreme,OpenMP,4,1,0.006825924,1433,1
extreme_031,Extreme,OpenMP,4,2,0.006799936,1437,1
extreme_031,Extreme,OpenMP,4,3,0.006787062,1434,1
extreme_031,Extreme,OpenMP,4,4,0.006835938,1441,1
extreme_031,Extreme,OpenMP,4,5,0.006808043,1441,1
extreme_031,Extreme,OpenMP,8,1,0.002426147,405,1
extreme_031,Extreme,OpenMP,8,2,0.002383947,377,1
extreme_031,Extreme,OpenMP,8,3,0.002134085,363,1
extreme_031,Extreme,OpenMP,8,4,0.002068996,351,1
extreme_031,Extreme,OpenMP,8,5,0.001338959,160,1
extreme_031,Extreme,OpenMP,16,1,0.034414053,353,1
extreme_031,Extreme,OpenMP,16,2,0.039011002,360,1
extreme_031,Extreme,OpenMP,16,3,0.033895016,162,1
extreme_031,Extreme,OpenMP,16,4,0.061698914,424,1
extreme_031,Extreme,OpenMP,16,5,0.043467045,206,1
extreme_031,Extreme,OMP-BranchBoundMRV,4,1,0.008537054,1046,1
extreme_031,Extreme,OMP-BranchBoundMRV,4,2,0.008556128,1398,1
extreme_031,Extreme,OMP-BranchBoundMRV,4,3,0.008509159,1399,1
extreme_031,Extreme,OMP-BranchBoundMRV,4,4,0.008460999,1046,1
extreme_031,Extreme,OMP-BranchBoundMRV,4,5,0.008466959,1400,1
extreme_031,Extreme,OMP-BranchBoundMRV,8,1,0.001780987,212,1
extreme_031,Extreme,OMP-BranchBoundMRV,8,2,0.004642010,649,1
extreme_031,Extreme,OMP-BranchBoundMRV,8,3,0.003427982,479,1
extreme_031,Extreme,OMP-BranchBoundMRV,8,4,0.014002800,2305,1
extreme_031,Extreme,OMP-BranchBoundMRV,8,5,0.003248930,473,1
extreme_031,Extreme,OMP-BranchBoundMRV,16,1,0.093401909,109,1
extreme_031,Extreme,OMP-BranchBoundMRV,16,2,0.023829937,457,1
extreme_031,Extreme,OMP-BranchBoundMRV,16,3,0.051141977,351,1
extreme_031,Extreme,OMP-BranchBoundMRV,16,4,0.078401804,269,1
extreme_031,Extreme,OMP-BranchBoundMRV,16,5,0.034287930,539,1
extreme_032,Extreme,Serial,1,1,0.007328083,14678,1
extreme_032,Extreme,Serial,1,2,0.007190917,14678,1
extreme_032,Extreme,Serial,1,3,0.007173083,14678,1
extreme_032,Extreme,Serial,1,4,0.007183333,14678,1
extreme_032,Extreme,Serial,1,5,0.007157750,14678,1
extreme_032,Extreme,Serial-MRV,1,1,0.086364500,5201,1
extreme_032,Extreme,Serial-MRV,1,2,0.085154042,5201,1
extreme_032,Extreme,Serial-MRV,1,3,0.090306042,5201,1
extreme_032,Extreme,Serial-MRV,1,4,0.085379666,5201,1
extreme_032,Extreme,Serial-MRV,1,5,0.086882000,5201,1
extreme_032,Extreme,BranchBound,1,1,0.006170666,14678,1
extreme_032,Extreme,BranchBound,1,2,0.006210292,14678,1
extreme_032,Extreme,BranchBound,1,3,0.006144333,14678,1
extreme_032,Extreme,BranchBound,1,4,0.006142750,14678,1
extreme_032,Extreme,BranchBound,1,5,0.006147917,14678,1
extreme_032,Extreme,BranchBoundMRV,1,1,0.115052125,5201,1
extreme_032,Extreme,BranchBoundMRV,1,2,0.120124458,5201,1
extreme_032,Extreme,BranchBoundMRV,1,3,0.124041000,5201,1
extreme_032,Extreme,BranchBoundMRV,1,4,0.115687375,5201,1
extreme_032,Extreme,BranchBoundMRV,1,5,0.114876334,5201,1
extreme_032,Extreme,OpenMP,4,1,0.014706135,2344,1
extreme_032,Extreme,OpenMP,4,2,0.014643908,2328,1
extreme_032,Extreme,OpenMP,4,3,0.014661074,2331,1
extreme_032,Extreme,OpenMP,4,4,0.014669895,2342,1
extreme_032,Extreme,OpenMP,4,5,0.014649153,2337,1
extreme_032,Extreme,OpenMP,8,1,0.020435095,2310,1
extreme_032,Extreme,OpenMP,8,2,0.020473003,2339,1
extreme_032,Extreme,OpenMP,8,3,0.014698982,1859,1
extreme_032,Extreme,OpenMP,8,4,0.014620066,1765,1
extreme_032,Extreme,OpenMP,8,5,0.028553009,3087,1
extreme_032,Extreme,OpenMP,16,1,0.049275875,1662,1
extreme_032,Extreme,OpenMP,16,2,0.029575109,2060,1
extreme_032,Extreme,OpenMP,16,3,0.076462030,2792,1
extreme_032,Extreme,OpenMP,16,4,0.100732088,2929,1
extreme_032,Extreme,OpenMP,16,5,0.071431160,3093,1
extreme_032,Extreme,OMP-BranchBoundMRV,4,1,0.020252943,2376,1
extreme_032,Extreme,OMP-BranchBoundMRV,4,2,0.020081043,2366,1
extreme_032,Extreme,OMP-BranchBoundMRV,4,3,0.021619081,2484,1
extreme_032,Extreme,OMP-BranchBoundMRV,4,4,0.020811796,2370,1
extreme_032,Extreme,OMP-BranchBoundMRV,4,5,0.020767927,2368,1
extreme_032,Extreme,OMP-BranchBoundMRV,8,1,0.027976036,2362,1
extreme_032,Extreme,OMP-BranchBoundMRV,8,2,0.026309967,2142,1
extreme_032,Extreme,OMP-BranchBoundMRV,8,3,0.034140110,2472,1
extreme_032,Extreme,OMP-BranchBoundMRV,8,4,0.033473015,2656,1
extreme_032,Extreme,OMP-BranchBoundMRV,8,5,0.027657032,2035,1
extreme_032,Extreme,OMP-BranchBoundMRV,16,1,0.173880100,2072,1
extreme_032,Extreme,OMP-BranchBoundMRV,16,2,0.024531126,1558,1
extreme_032,Extreme,OMP-BranchBoundMRV,16,3,0.103645802,2321,1
extreme_032,Extreme,OMP-BranchBoundMRV,16,4,0.095583916,2314,1
extreme_032,Extreme,OMP-BranchBoundMRV,16,5,0.106529951,1768,1
extreme_033,Extreme,Serial,1,1,0.073539542,135487,1
extreme_033,Extreme,Serial,1,2,0.075857750,135487,1
extreme_033,Extreme,Serial,1,3,0.072603708,135487,1
extreme_033,Extreme,Serial,1,4,0.071904625,135487,1
extreme_033,Extreme,Serial,1,5,0.073016917,135487,1
extreme_033,Extreme,Serial-MRV,1,1,0.097738792,5391,1
extreme_033,Extreme,Serial-MRV,1,2,0.096498917,5391,1
extreme_033,Extreme,Serial-MRV,1,3,0.096987875,5391,1
extreme_033,Extreme,Serial-MRV,1,4,0.097215542,5391,1
extreme_033,Extreme,Serial-MRV,1,5,0.097310042,5391,1
extreme_033,Extreme,BranchBound,1,1,0.055822084,135487,1
extreme_033,Extreme,BranchBound,1,2,0.062203500,135487,1
extreme_033,Extreme,BranchBound,1,3,0.057138125,135487,1
extreme_033,Extreme,BranchBound,1,4,0.060277917,135487,1
extreme_033,Extreme,BranchBound,1,5,0.056519958,135487,1
extreme_033,Extreme,BranchBoundMRV,1,1,0.144083125,5391,1
extreme_033,Extreme,BranchBoundMRV,1,2,0.142767250,5391,1
extreme_033,Extreme,BranchBoundMRV,1,3,0.140141791,5391,1
extreme_033,Extreme,BranchBoundMRV,1,4,0.139803917,5391,1
extreme_033,Extreme,BranchBoundMRV,1,5,0.139597042,5391,1
extreme_033,Extreme,OpenMP,4,1,0.014003992,2982,1
extreme_033,Extreme,OpenMP,4,2,0.014098167,2993,1
extreme_033,Extreme,OpenMP,4,3,0.014260054,3009,1
extreme_033,Extreme,OpenMP,4,4,0.014187813,2992,1
extreme_033,Extreme,OpenMP,4,5,0.014111042,2985,1
extreme_033,Extreme,OpenMP,8,1,0.015522003,3377,1
extreme_033,Extreme,OpenMP,8,2,0.028941154,5224,1
extreme_033,Extreme,OpenMP,8,3,0.028310061,4988,1
extreme_033,Extreme,OpenMP,8,4,0.026515961,4894,1
extreme_033,Extreme,OpenMP,8,5,0.019811869,4578,1
extreme_033,Extreme,OpenMP,16,1,0.141032934,5391,1
extreme_033,Extreme,OpenMP,16,2,0.044018984,3731,1
extreme_033,Extreme,OpenMP,16,3,0.044683933,5108,1
extreme_033,Extreme,OpenMP,16,4,0.033838987,3648,1
extreme_033,Extreme,OpenMP,16,5,0.043704033,3724,1
extreme_033,Extreme,OMP-BranchBoundMRV,4,1,0.019300938,2751,1
extreme_033,Extreme,OMP-BranchBoundMRV,4,2,0.018778801,2686,1
extreme_033,Extreme,OMP-BranchBoundMRV,4,3,0.018881083,2702,1
extreme_033,Extreme,OMP-BranchBoundMRV,4,4,0.018850088,2758,1
extreme_033,Extreme,OMP-BranchBoundMRV,4,5,0.018601179,2741,1
extreme_033,Extreme,OMP-BranchBoundMRV,8,1,0.018648148,2206,1
extreme_033,Extreme,OMP-BranchBoundMRV,8,2,0.024778128,3267,1
extreme_033,Extreme,OMP-BranchBoundMRV,8,3,0.031792879,3699,1
extreme_033,Extreme,OMP-BranchBoundMRV,8,4,0.024849892,4169,1
extreme_033,Extreme,OMP-BranchBoundMRV,8,5,0.025917053,2933,1
extreme_033,Extreme,OMP-BranchBoundMRV,16,1,0.235589981,4869,1
extreme_033,Extreme,OMP-BranchBoundMRV,16,2,0.049013853,4846,1
extreme_033,Extreme,OMP-BranchBoundMRV,16,3,0.105926037,2321,1
extreme_033,Extreme,OMP-BranchBoundMRV,16,4,0.063750982,4841,1
extreme_033,Extreme,OMP-BranchBoundMRV,16,5,0.060873032,4564,1
extreme_034,Extreme,Serial,1,1,0.042408833,87388,1
extreme_034,Extreme,Serial,1,2,0.042194958,87388,1
extreme_034,Extreme,Serial,1,3,0.042046583,87388,1
extreme_034,Extreme,Serial,1,4,0.042277500,87388,1
extreme_034,Extreme,Serial,1,5,0.043106500,87388,1
extreme_034,Extreme,Serial-MRV,1,1,0.077644583,5061,1
extreme_034,Extreme,Serial-MRV,1,2,0.076124333,5061,1
extreme_034,Extreme,Serial-MRV,1,3,0.074786416,5061,1
extreme_034,Extreme,Serial-MRV,1,4,0.073987542,5061,1
extreme_034,Extreme,Serial-MRV,1,5,0.073393333,5061,1
extreme_034,Extreme,BranchBound,1,1,0.038362958,87388,1
extreme_034,Extreme,BranchBound,1,2,0.037952083,87388,1
extreme_034,Extreme,BranchBound,1,3,0.038190208,87388,1
extreme_034,Extreme,BranchBound,1,4,0.038081959,87388,1
extreme_034,Extreme,BranchBound,1,5,0.038157417,87388,1
extreme_034,Extreme,BranchBoundMRV,1,1,0.102316583,5061,1
extreme_034,Extreme,BranchBoundMRV,1,2,0.098311292,5061,1
extreme_034,Extreme,BranchBoundMRV,1,3,0.096918667,5061,1
extreme_034,Extreme,BranchBoundMRV,1,4,0.099859750,5061,1
extreme_034,Extreme,BranchBoundMRV,1,5,0.109011625,5061,1
extreme_034,Extreme,OpenMP,4,1,0.025446892,4479,1
extreme_034,Extreme,OpenMP,4,2,0.028795958,4665,1
extreme_034,Extreme,OpenMP,4,3,0.024260044,4812,1
extreme_034,Extreme,OpenMP,4,4,0.024602175,4837,1
extreme_034,Extreme,OpenMP,4,5,0.024223804,4835,1
extreme_034,Extreme,OpenMP,8,1,0.035830975,4783,1
extreme_034,Extreme,OpenMP,8,2,0.037255049,5138,1
extreme_034,Extreme,OpenMP,8,3,0.037957907,4600,1
extreme_034,Extreme,OpenMP,8,4,0.039983988,5394,1
extreme_034,Extreme,OpenMP,8,5,0.031318188,4448,1
extreme_034,Extreme,OpenMP,16,1,0.086537838,4955,1
extreme_034,Extreme,OpenMP,16,2,0.055229187,3609,1
extreme_034,Extreme,OpenMP,16,3,0.115607023,5163,1
extreme_034,Extreme,OpenMP,16,4,0.134728909,5645,1
extreme_034,Extreme,OpenMP,16,5,0.073592901,4320,1
extreme_034,Extreme,OMP-BranchBoundMRV,4,1,0.032408953,4815,1
extreme_034,Extreme,OMP-BranchBoundMRV,4,2,0.040118933,4740,1
extreme_034,Extreme,OMP-BranchBoundMRV,4,3,0.042039871,4857,1
extreme_034,Extreme,OMP-BranchBoundMRV,4,4,0.071814060,4851,1
extreme_034,Extreme,OMP-BranchBoundMRV,4,5,0.104315042,4950,1
extreme_034,Extreme,OMP-BranchBoundMRV,8,1,0.142253160,5195,1
extreme_034,Extreme,OMP-BranchBoundMRV,8,2,0.058376074,5460,1
extreme_034,Extreme,OMP-BranchBoundMRV,8,3,0.065944910,4174,1
extreme_034,Extreme,OMP-BranchBoundMRV,8,4,0.058079958,5156,1
extreme_034,Extreme,OMP-BranchBoundMRV,8,5,0.050513029,5101,1
extreme_034,Extreme,OMP-BranchBoundMRV,16,1,0.219228029,4858,1
extreme_034,Extreme,OMP-BranchBoundMRV,16,2,0.136038065,4881,1
extreme_034,Extreme,OMP-BranchBoundMRV,16,3,0.102760077,4096,1
extreme_034,Extreme,OMP-BranchBoundMRV,16,4,0.071136951,4773,1
extreme_034,Extreme,OMP-BranchBoundMRV,16,5,0.154879093,5426,1
extreme_035,Extreme,Serial,1,1,0.055049458,109347,1
extreme_035,Extreme,Serial,1,2,0.054442250,109347,1
extreme_035,Extreme,Serial,1,3,0.053262333,109347,1
extreme_035,Extreme,Serial,1,4,0.053483083,109347,1
extreme_035,Extreme,Serial,1,5,0.054550958,109347,1
extreme_035,Extreme,Serial-MRV,1,1,0.101214500,6269,1
extreme_035,Extreme,Serial-MRV,1,2,0.100399250,6269,1
extreme_035,Extreme,Serial-MRV,1,3,0.104420750,6269,1
extreme_035,Extreme,Serial-MRV,1,4,0.102205708,6269,1
extreme_035,Extreme,Serial-MRV,1,5,0.117895833,6269,1
extreme_035,Extreme,BranchBound,1,1,0.083010792,109347,1
extreme_035,Extreme,BranchBound,1,2,0.103313416,109347,1
extreme_035,Extreme,BranchBound,1,3,0.059872000,109347,1
extreme_035,Extreme,BranchBound,1,4,0.048722084,109347,1
extreme_035,Extreme,BranchBound,1,5,0.066134791,109347,1
extreme_035,Extreme,BranchBoundMRV,1,1,0.126849708,6269,1
extreme_035,Extreme,BranchBoundMRV,1,2,0.134277125,6269,1
extreme_035,Extreme,BranchBoundMRV,1,3,0.125660667,6269,1
extreme_035,Extreme,BranchBoundMRV,1,4,0.123001291,6269,1
extreme_035,Extreme,BranchBoundMRV,1,5,0.156953292,6269,1
extreme_035,Extreme,OpenMP,4,1,0.006611109,453,1
extreme_035,Extreme,OpenMP,4,2,0.005212069,401,1
extreme_035,Extreme,OpenMP,4,3,0.003398895,307,1
extreme_035,Extreme,OpenMP,4,4,0.003225803,297,1
extreme_035,Extreme,OpenMP,4,5,0.005288124,390,1
extreme_035,Extreme,OpenMP,8,1,0.012955904,532,1
extreme_035,Extreme,OpenMP,8,2,0.013410091,497,1
extreme_035,Extreme,OpenMP,8,3,0.028796911,1049,1
extreme_035,Extreme,OpenMP,8,4,0.011021852,598,1
extreme_035,Extreme,OpenMP,8,5,0.015421867,242,1
extreme_035,Extreme,OpenMP,16,1,0.015973091,421,1
extreme_035,Extreme,OpenMP,16,2,0.034680843,1392,1
extreme_035,Extreme,OpenMP,16,3,0.035365105,984,1
extreme_035,Extreme,OpenMP,16,4,0.026023149,671,1
extreme_035,Extreme,OpenMP,16,5,0.009537935,351,1
extreme_035,Extreme,OMP-BranchBoundMRV,4,1,0.003784895,284,1
extreme_035,Extreme,OMP-BranchBoundMRV,4,2,0.005100012,424,1
extreme_035,Extreme,OMP-BranchBoundMRV,4,3,0.005246162,489,1
extreme_035,Extreme,OMP-BranchBoundMRV,4,4,0.002357006,285,1
extreme_035,Extreme,OMP-BranchBoundMRV,4,5,0.002234936,313,1
extreme_035,Extreme,OMP-BranchBoundMRV,8,1,0.023609877,3534,1
extreme_035,Extreme,OMP-BranchBoundMRV,8,2,0.002325058,381,1
extreme_035,Extreme,OMP-BranchBoundMRV,8,3,0.002264977,288,1
extreme_035,Extreme,OMP-BranchBoundMRV,8,4,0.002326012,362,1
extreme_035,Extreme,OMP-BranchBoundMRV,8,5,0.002258778,369,1
extreme_035,Extreme,OMP-BranchBoundMRV,16,1,0.025496960,796,1
extreme_035,Extreme,OMP-BranchBoundMRV,16,2,0.036777020,1659,1
extreme_035,Extreme,OMP-BranchBoundMRV,16,3,0.016396046,381,1
extreme_035,Extreme,OMP-BranchBoundMRV,16,4,0.057631016,829,1
extreme_035,Extreme,OMP-BranchBoundMRV,16,5,0.065688133,2220,1
extreme_036,Extreme,Serial,1,1,0.019069791,37739,1
extreme_036,Extreme,Serial,1,2,0.019089375,37739,1
extreme_036,Extreme,Serial,1,3,0.019089417,37739,1
extreme_036,Extreme,Serial,1,4,0.019048750,37739,1
extreme_036,Extreme,Serial,1,5,0.018853125,37739,1
extreme_036,Extreme,Serial-MRV,1,1,0.098827333,5791,1
extreme_036,Extreme,Serial-MRV,1,2,0.098534334,5791,1
extreme_036,Extreme,Serial-MRV,1,3,0.098462667,5791,1
extreme_036,Extreme,Serial-MRV,1,4,0.098689833,5791,1
extreme_036,Extreme,Serial-MRV,1,5,0.098955083,5791,1
extreme_036,Extreme,BranchBound,1,1,0.016454584,37739,1
extreme_036,Extreme,BranchBound,1,2,0.016493833,37739,1
extreme_036,Extreme,BranchBound,1,3,0.016491042,37739,1
extreme_036,Extreme,BranchBound,1,4,0.016524584,37739,1
extreme_036,Extreme,BranchBound,1,5,0.016529708,37739,1
extreme_036,Extreme,BranchBoundMRV,1,1,0.127901333,5791,1
extreme_036,Extreme,BranchBoundMRV,1,2,0.127776333,5791,1
extreme_036,Extreme,BranchBoundMRV,1,3,0.128148458,5791,1
extreme_036,Extreme,BranchBoundMRV,1,4,0.128153833,5791,1
extreme_036,Extreme,BranchBoundMRV,1,5,0.129076792,5791,1
extreme_036,Extreme,OpenMP,4,1,0.003447056,740,1
extreme_036,Extreme,OpenMP,4,2,0.003402948,741,1
extreme_036,Extreme,OpenMP,4,3,0.003401041,741,1
extreme_036,Extreme,OpenMP,4,4,0.003418207,739,1
extreme_036,Extreme,OpenMP,4,5,0.003403902,741,1
extreme_036,Extreme,OpenMP,8,1,0.010191917,2385,1
extreme_036,Extreme,OpenMP,8,2,0.003443956,987,1
extreme_036,Extreme,OpenMP,8,3,0.008535862,2340,1
extreme_036,Extreme,OpenMP,8,4,0.008533955,2132,1
extreme_036,Extreme,OpenMP,8,5,0.008319139,2400,1
extreme_036,Extreme,OpenMP,16,1,0.032256126,2119,1
extreme_036,Extreme,OpenMP,16,2,0.033896208,2021,1
extreme_036,Extreme,OpenMP,16,3,0.083336115,2814,1
extreme_036,Extreme,OpenMP,16,4,0.040570974,1441,1
extreme_036,Extreme,OpenMP,16,5,0.031284094,1722,1
extreme_036,Extreme,OMP-BranchBoundMRV,4,1,0.004759073,776,1
extreme_036,Extreme,OMP-BranchBoundMRV,4,2,0.004752159,777,1
extreme_036,Extreme,OMP-BranchBoundMRV,4,3,0.004743099,776,1
extreme_036,Extreme,OMP-BranchBoundMRV,4,4,0.004740000,777,1
extreme_036,Extreme,OMP-BranchBoundMRV,4,5,0.004735947,777,1
extreme_036,Extreme,OMP-BranchBoundMRV,8,1,0.004812956,856,1
extreme_036,Extreme,OMP-BranchBoundMRV,8,2,0.011801004,2180,1
extreme_036,Extreme,OMP-BranchBoundMRV,8,3,0.010636091,1902,1
extreme_036,Extreme,OMP-BranchBoundMRV,8,4,0.004846096,974,1
extreme_036,Extreme,OMP-BranchBoundMRV,8,5,0.010802031,1711,1
extreme_036,Extreme,OMP-BranchBoundMRV,16,1,0.053910971,3372,1
extreme_036,Extreme,OMP-BranchBoundMRV,16,2,0.033273935,1030,1
extreme_036,Extreme,OMP-BranchBoundMRV,16,3,0.105482101,3685,1
extreme_036,Extreme,OMP-BranchBoundMRV,16,4,0.025087833,1829,1
extreme_036,Extreme,OMP-BranchBoundMRV,16,5,0.016834974,2037,1
extreme_037,Extreme,Serial,1,1,0.022021959,42579,1
extreme_037,Extreme,Serial,1,2,0.022150750,42579,1
extreme_037,Extreme,Serial,1,3,0.022127917,42579,1
extreme_037,Extreme,Serial,1,4,0.021951041,42579,1
extreme_037,Extreme,Serial,1,5,0.021041791,42579,1
extreme_037,Extreme,Serial-MRV,1,1,0.138695500,8024,1
extreme_037,Extreme,Serial-MRV,1,2,0.133084625,8024,1
extreme_037,Extreme,Serial-MRV,1,3,0.132389917,8024,1
extreme_037,Extreme,Serial-MRV,1,4,0.131630625,8024,1
extreme_037,Extreme,Serial-MRV,1,5,0.131831167,8024,1
extreme_037,Extreme,BranchBound,1,1,0.018683750,42579,1
extreme_037,Extreme,BranchBound,1,2,0.018662541,42579,1
extreme_037,Extreme,BranchBound,1,3,0.018710250,42579,1
extreme_037,Extreme,BranchBound,1,4,0.018662875,42579,1
extreme_037,Extreme,BranchBound,1,5,0.018648959,42579,1
extreme_037,Extreme,BranchBoundMRV,1,1,0.171119625,8024,1
extreme_037,Extreme,BranchBoundMRV,1,2,0.171446167,8024,1
extreme_037,Extreme,BranchBoundMRV,1,3,0.171551584,8024,1
extreme_037,Extreme,BranchBoundMRV,1,4,0.171377375,8024,1
extreme_037,Extreme,BranchBoundMRV,1,5,0.171354417,8024,1
extreme_037,Extreme,OpenMP,4,1,0.013189077,2333,1
extreme_037,Extreme,OpenMP,4,2,0.013120890,2339,1
extreme_037,Extreme,OpenMP,4,3,0.013146162,2344,1
extreme_037,Extreme,OpenMP,4,4,0.014375925,2168,1
extreme_037,Extreme,OpenMP,4,5,0.071330786,2297,1
extreme_037,Extreme,OpenMP,8,1,0.021426916,2432,1
extreme_037,Extreme,OpenMP,8,2,0.018987894,2213,1
extreme_037,Extreme,OpenMP,8,3,0.018131018,2301,1
extreme_037,Extreme,OpenMP,8,4,0.017621994,1818,1
extreme_037,Extreme,OpenMP,8,5,0.017525911,2142,1
extreme_037,Extreme,OpenMP,16,1,0.049911976,2384,1
extreme_037,Extreme,OpenMP,16,2,0.040534019,1849,1
extreme_037,Extreme,OpenMP,16,3,0.042098045,2329,1
extreme_037,Extreme,OpenMP,16,4,0.031616926,1647,1
extreme_037,Extreme,OpenMP,16,5,0.059207916,1803,1
extreme_037,Extreme,OMP-BranchBoundMRV,4,1,0.017113924,2305,1
extreme_037,Extreme,OMP-BranchBoundMRV,4,2,0.017196178,2314,1
extreme_037,Extreme,OMP-BranchBoundMRV,4,3,0.017105103,2306,1
extreme_037,Extreme,OMP-BranchBoundMRV,4,4,0.017331123,2303,1
extreme_037,Extreme,OMP-BranchBoundMRV,4,5,0.017786026,2336,1
extreme_037,Extreme,OMP-BranchBoundMRV,8,1,0.023138046,2180,1
extreme_037,Extreme,OMP-BranchBoundMRV,8,2,0.030225992,2469,1
extreme_037,Extreme,OMP-BranchBoundMRV,8,3,0.027292013,2437,1
extreme_037,Extreme,OMP-BranchBoundMRV,8,4,0.043223143,3404,1
extreme_037,Extreme,OMP-BranchBoundMRV,8,5,0.023210049,2164,1
extreme_037,Extreme,OMP-BranchBoundMRV,16,1,0.073911905,2419,1
extreme_037,Extreme,OMP-BranchBoundMRV,16,2,0.222954035,5026,1
extreme_037,Extreme,OMP-BranchBoundMRV,16,3,0.113713026,3127,1
extreme_037,Extreme,OMP-BranchBoundMRV,16,4,0.044047832,1684,1
extreme_037,Extreme,OMP-BranchBoundMRV,16,5,0.102503061,3792,1
extreme_038,Extreme,Serial,1,1,0.024479125,51101,1
extreme_038,Extreme,Serial,1,2,0.024363292,51101,1
extreme_038,Extreme,Serial,1,3,0.024332458,51101,1
extreme_038,Extreme,Serial,1,4,0.024482750,51101,1
extreme_038,Extreme,Serial,1,5,0.024461834,51101,1
extreme_038,Extreme,Serial-MRV,1,1,0.093650042,6045,1
extreme_038,Extreme,Serial-MRV,1,2,0.093672500,6045,1
extreme_038,Extreme,Serial-MRV,1,3,0.093670750,6045,1
extreme_038,Extreme,Serial-MRV,1,4,0.093938084,6045,1
extreme_038,Extreme,Serial-MRV,1,5,0.093595542,6045,1
extreme_038,Extreme,BranchBound,1,1,0.021789833,51101,1
extreme_038,Extreme,BranchBound,1,2,0.021770458,51101,1
extreme_038,Extreme,BranchBound,1,3,0.021604875,51101,1
extreme_038,Extreme,BranchBound,1,4,0.021751417,51101,1
extreme_038,Extreme,BranchBound,1,5,0.021830791,51101,1
extreme_038,Extreme,BranchBoundMRV,1,1,0.119075667,6045,1
extreme_038,Extreme,BranchBoundMRV,1,2,0.119183750,6045,1
extreme_038,Extreme,BranchBoundMRV,1,3,0.118979833,6045,1
extreme_038,Extreme,BranchBoundMRV,1,4,0.118944000,6045,1
extreme_038,Extreme,BranchBoundMRV,1,5,0.118836458,6045,1
extreme_038,Extreme,OpenMP,4,1,0.011283159,2732,1
extreme_038,Extreme,OpenMP,4,2,0.028131962,6789,1
extreme_038,Extreme,OpenMP,4,3,0.028235912,6812,1
extreme_038,Extreme,OpenMP,4,4,0.028096914,6795,1
extreme_038,Extreme,OpenMP,4,5,0.028211117,6804,1
extreme_038,Extreme,OpenMP,8,1,0.017652035,4613,1
extreme_038,Extreme,OpenMP,8,2,0.012696981,4017,1
extreme_038,Extreme,OpenMP,8,3,0.011677980,3135,1
extreme_038,Extreme,OpenMP,8,4,0.017506838,5399,1
extreme_038,Extreme,OpenMP,8,5,0.017344952,5399,1
extreme_038,Extreme,OpenMP,16,1,0.071498871,5200,1
extreme_038,Extreme,OpenMP,16,2,0.040546894,6751,1
extreme_038,Extreme,OpenMP,16,3,0.063429117,7009,1
extreme_038,Extreme,OpenMP,16,4,0.061391115,5828,1
extreme_038,Extreme,OpenMP,16,5,0.093343973,6351,1
extreme_038,Extreme,OMP-BranchBoundMRV,4,1,0.043803930,7691,1
extreme_038,Extreme,OMP-BranchBoundMRV,4,2,0.044897079,7793,1
extreme_038,Extreme,OMP-BranchBoundMRV,4,3,0.046568871,7964,1
extreme_038,Extreme,OMP-BranchBoundMRV,4,4,0.046551943,7809,1
extreme_038,Extreme,OMP-BranchBoundMRV,4,5,0.045366049,7689,1
extreme_038,Extreme,OMP-BranchBoundMRV,8,1,0.021493912,4182,1
extreme_038,Extreme,OMP-BranchBoundMRV,8,2,0.040960073,6323,1
extreme_038,Extreme,OMP-BranchBoundMRV,8,3,0.049648046,7570,1
extreme_038,Extreme,OMP-BranchBoundMRV,8,4,0.031545162,6213,1
extreme_038,Extreme,OMP-BranchBoundMRV,8,5,0.024215937,4800,1
extreme_038,Extreme,OMP-BranchBoundMRV,16,1,0.202329159,7315,1
extreme_038,Extreme,OMP-BranchBoundMRV,16,2,0.056943893,5840,1
extreme_038,Extreme,OMP-BranchBoundMRV,16,3,0.115459919,6682,1
extreme_038,Extreme,OMP-BranchBoundMRV,16,4,0.078896999,6391,1
extreme_038,Extreme,OMP-BranchBoundMRV,16,5,0.089098930,5981,1
extreme_039,Extreme,Serial,1,1,0.013993542,27598,1
extreme_039,Extreme,Serial,1,2,0.014222500,27598,1
extreme_039,Extreme,Serial,1,3,0.014315084,27598,1
extreme_039,Extreme,Serial,1,4,0.014250875,27598,1
extreme_039,Extreme,Serial,1,5,0.014173292,27598,1
extreme_039,Extreme,Serial-MRV,1,1,0.073766500,5562,1
extreme_039,Extreme,Serial-MRV,1,2,0.073252208,5562,1
extreme_039,Extreme,Serial-MRV,1,3,0.073419875,5562,1
extreme_039,Extreme,Serial-MRV,1,4,0.073439458,5562,1
extreme_039,Extreme,Serial-MRV,1,5,0.073503875,5562,1
extreme_039,Extreme,BranchBound,1,1,0.012567958,27598,1
extreme_039,Extreme,BranchBound,1,2,0.012526041,27598,1
extreme_039,Extreme,BranchBound,1,3,0.012537750,27598,1
extreme_039,Extreme,BranchBound,1,4,0.012538958,27598,1
extreme_039,Extreme,BranchBound,1,5,0.012588916,27598,1
extreme_039,Extreme,BranchBoundMRV,1,1,0.095436875,5562,1
extreme_039,Extreme,BranchBoundMRV,1,2,0.096405125,5562,1
extreme_039,Extreme,BranchBoundMRV,1,3,0.095473292,5562,1
extreme_039,Extreme,BranchBoundMRV,1,4,0.095497875,5562,1
extreme_039,Extreme,BranchBoundMRV,1,5,0.095200750,5562,1
extreme_039,Extreme,OpenMP,4,1,0.001008987,174,1
extreme_039,Extreme,OpenMP,4,2,0.000982046,174,1
extreme_039,Extreme,OpenMP,4,3,0.000977039,174,1
extreme_039,Extreme,OpenMP,4,4,0.000977993,174,1
extreme_039,Extreme,OpenMP,4,5,0.000976086,174,1
extreme_039,Extreme,OpenMP,8,1,0.001014948,172,1
extreme_039,Extreme,OpenMP,8,2,0.003968000,212,1
extreme_039,Extreme,OpenMP,8,3,0.001014948,165,1
extreme_039,Extreme,OpenMP,8,4,0.005259991,164,1
extreme_039,Extreme,OpenMP,8,5,0.001029968,163,1
extreme_039,Extreme,OpenMP,16,1,0.042190075,195,1
extreme_039,Extreme,OpenMP,16,2,0.023398876,440,1
extreme_039,Extreme,OpenMP,16,3,0.033139944,168,1
extreme_039,Extreme,OpenMP,16,4,0.031330824,170,1
extreme_039,Extreme,OpenMP,16,5,0.026904106,171,1
extreme_039,Extreme,OMP-BranchBoundMRV,4,1,0.001442194,181,1
extreme_039,Extreme,OMP-BranchBoundMRV,4,2,0.001431942,181,1
extreme_039,Extreme,OMP-BranchBoundMRV,4,3,0.001427889,181,1
extreme_039,Extreme,OMP-BranchBoundMRV,4,4,0.001415968,180,1
extreme_039,Extreme,OMP-BranchBoundMRV,4,5,0.001429081,181,1
extreme_039,Extreme,OMP-BranchBoundMRV,8,1,0.001533031,166,1
extreme_039,Extreme,OMP-BranchBoundMRV,8,2,0.001455069,168,1
extreme_039,Extreme,OMP-BranchBoundMRV,8,3,0.010134220,201,1
extreme_039,Extreme,OMP-BranchBoundMRV,8,4,0.010024071,173,1
extreme_039,Extreme,OMP-BranchBoundMRV,8,5,0.004342079,439,1
extreme_039,Extreme,OMP-BranchBoundMRV,16,1,0.030699015,201,1
extreme_039,Extreme,OMP-BranchBoundMRV,16,2,0.041819811,130,1
extreme_039,Extreme,OMP-BranchBoundMRV,16,3,0.026540995,358,1
extreme_039,Extreme,OMP-BranchBoundMRV,16,4,0.055691004,204,1
extreme_039,Extreme,OMP-BranchBoundMRV,16,5,0.040370941,134,1
extreme_040,Extreme,Serial,1,1,0.513546625,1000330,1
extreme_040,Extreme,Serial,1,2,0.509489417,1000330,1
extreme_040,Extreme,Serial,1,3,0.535753083,1000330,1
extreme_040,Extreme,Serial,1,4,0.506603750,1000330,1
extreme_040,Extreme,Serial,1,5,0.509627625,1000330,1
extreme_040,Extreme,Serial-MRV,1,1,0.192760250,11199,1
extreme_040,Extreme,Serial-MRV,1,2,0.248417583,11199,1
extreme_040,Extreme,Serial-MRV,1,3,0.193409000,11199,1
extreme_040,Extreme,Serial-MRV,1,4,0.192215750,11199,1
extreme_040,Extreme,Serial-MRV,1,5,0.236386084,11199,1
extreme_040,Extreme,BranchBound,1,1,0.437112917,1000330,1
extreme_040,Extreme,BranchBound,1,2,0.437407666,1000330,1
extreme_040,Extreme,BranchBound,1,3,0.433950875,1000330,1
extreme_040,Extreme,BranchBound,1,4,0.436010750,1000330,1
extreme_040,Extreme,BranchBound,1,5,0.435094125,1000330,1
extreme_040,Extreme,BranchBoundMRV,1,1,0.264597625,11199,1
extreme_040,Extreme,BranchBoundMRV,1,2,0.264538959,11199,1
extreme_040,Extreme,BranchBoundMRV,1,3,0.265077750,11199,1
extreme_040,Extreme,BranchBoundMRV,1,4,0.264794125,11199,1
extreme_040,Extreme,BranchBoundMRV,1,5,0.265957875,11199,1
extreme_040,Extreme,OpenMP,4,1,0.044014931,7241,1
extreme_040,Extreme,OpenMP,4,2,0.047446012,8333,1
extreme_040,Extreme,OpenMP,4,3,0.045186996,8350,1
extreme_040,Extreme,OpenMP,4,4,0.043941975,7247,1
extreme_040,Extreme,OpenMP,4,5,0.045182943,8182,1
extreme_040,Extreme,OpenMP,8,1,0.055670023,10266,1
extreme_040,Extreme,OpenMP,8,2,0.070732117,10716,1
extreme_040,Extreme,OpenMP,8,3,0.059297085,11031,1
extreme_040,Extreme,OpenMP,8,4,0.064002991,10537,1
extreme_040,Extreme,OpenMP,8,5,0.069587946,10498,1
extreme_040,Extreme,OpenMP,16,1,0.233064890,10876,1
extreme_040,Extreme,OpenMP,16,2,0.152028084,10725,1
extreme_040,Extreme,OpenMP,16,3,0.183053017,11201,1
extreme_040,Extreme,OpenMP,16,4,0.165340185,11201,1
extreme_040,Extreme,OpenMP,16,5,0.209326029,11201,1
extreme_040,Extreme,OMP-BranchBoundMRV,4,1,0.059686899,9533,1
extreme_040,Extreme,OMP-BranchBoundMRV,4,2,0.059530020,8571,1
extreme_040,Extreme,OMP-BranchBoundMRV,4,3,0.060012102,9552,1
extreme_040,Extreme,OMP-BranchBoundMRV,4,4,0.060050011,9492,1
extreme_040,Extreme,OMP-BranchBoundMRV,4,5,0.061268091,9605,1
extreme_040,Extreme,OMP-BranchBoundMRV,8,1,0.091970921,11168,1
extreme_040,Extreme,OMP-BranchBoundMRV,8,2,0.105224848,10944,1
extreme_040,Extreme,OMP-BranchBoundMRV,8,3,0.095184088,10913,1
extreme_040,Extreme,OMP-BranchBoundMRV,8,4,0.152146101,10201,1
extreme_040,Extreme,OMP-BranchBoundMRV,8,5,0.090762138,11042,1
extreme_040,Extreme,OMP-BranchBoundMRV,16,1,0.236740112,11187,1
extreme_040,Extreme,OMP-BranchBoundMRV,16,2,0.194455862,10054,1
extreme_040,Extreme,OMP-BranchBoundMRV,16,3,0.242978096,11201,1
extreme_040,Extreme,OMP-BranchBoundMRV,16,4,0.184233189,10547,1
extreme_040,Extreme,OMP-BranchBoundMRV,16,5,0.238425016,10897,1
extreme_041,Extreme,Serial,1,1,0.029241916,58232,1
extreme_041,Extreme,Serial,1,2,0.028812250,58232,1
extreme_041,Extreme,Serial,1,3,0.028288875,58232,1
extreme_041,Extreme,Serial,1,4,0.028755708,58232,1
extreme_041,Extreme,Serial,1,5,0.028118375,58232,1
extreme_041,Extreme,Serial-MRV,1,1,0.120190209,7487,1
extreme_041,Extreme,Serial-MRV,1,2,0.121670292,7487,1
extreme_041,Extreme,Serial-MRV,1,3,0.123162458,7487,1
extreme_041,Extreme,Serial-MRV,1,4,0.120768000,7487,1
extreme_041,Extreme,Serial-MRV,1,5,0.122014959,7487,1
extreme_041,Extreme,BranchBound,1,1,0.024579458,58232,1
extreme_041,Extreme,BranchBound,1,2,0.024573834,58232,1
extreme_041,Extreme,BranchBound,1,3,0.024481125,58232,1
extreme_041,Extreme,BranchBound,1,4,0.024718458,58232,1
extreme_041,Extreme,BranchBound,1,5,0.024464791,58232,1
extreme_041,Extreme,BranchBoundMRV,1,1,0.152094625,7487,1
extreme_041,Extreme,BranchBoundMRV,1,2,0.151246958,7487,1
extreme_041,Extreme,BranchBoundMRV,1,3,0.152250375,7487,1
extreme_041,Extreme,BranchBoundMRV,1,4,0.152407250,7487,1
extreme_041,Extreme,BranchBoundMRV,1,5,0.152151958,7487,1
extreme_041,Extreme,OpenMP,4,1,0.008103132,1636,1
extreme_041,Extreme,OpenMP,4,2,0.006880045,1456,1
extreme_041,Extreme,OpenMP,4,3,0.006468058,1471,1
extreme_041,Extreme,OpenMP,4,4,0.006623983,1442,1
extreme_041,Extreme,OpenMP,4,5,0.006471157,1467,1
extreme_041,Extreme,OpenMP,8,1,0.012831926,2874,1
extreme_041,Extreme,OpenMP,8,2,0.006689072,1306,1
extreme_041,Extreme,OpenMP,8,3,0.013731956,3173,1
extreme_041,Extreme,OpenMP,8,4,0.006499052,1467,1
extreme_041,Extreme,OpenMP,8,5,0.006479025,1525,1
extreme_041,Extreme,OpenMP,16,1,0.031663179,1539,1
extreme_041,Extreme,OpenMP,16,2,0.100085020,2285,1
extreme_041,Extreme,OpenMP,16,3,0.017976046,2410,1
extreme_041,Extreme,OpenMP,16,4,0.024383068,1512,1
extreme_041,Extreme,OpenMP,16,5,0.086915016,3424,1
extreme_041,Extreme,OMP-BranchBoundMRV,4,1,0.007989168,1434,1
extreme_041,Extreme,OMP-BranchBoundMRV,4,2,0.007989883,1458,1
extreme_041,Extreme,OMP-BranchBoundMRV,4,3,0.007978916,1449,1
extreme_041,Extreme,OMP-BranchBoundMRV,4,4,0.007987976,1457,1
extreme_041,Extreme,OMP-BranchBoundMRV,4,5,0.007985830,1454,1
extreme_041,Extreme,OMP-BranchBoundMRV,8,1,0.008168221,1220,1
extreme_041,Extreme,OMP-BranchBoundMRV,8,2,0.008173943,1251,1
extreme_041,Extreme,OMP-BranchBoundMRV,8,3,0.008020878,1512,1
extreme_041,Extreme,OMP-BranchBoundMRV,8,4,0.010493040,1161,1
extreme_041,Extreme,OMP-BranchBoundMRV,8,5,0.017189980,2418,1
extreme_041,Extreme,OMP-BranchBoundMRV,16,1,0.039499044,1877,1
extreme_041,Extreme,OMP-BranchBoundMRV,16,2,0.056252956,2913,1
extreme_041,Extreme,OMP-BranchBoundMRV,16,3,0.076735973,3190,1
extreme_041,Extreme,OMP-BranchBoundMRV,16,4,0.066375017,4491,1
extreme_041,Extreme,OMP-BranchBoundMRV,16,5,0.034584999,1704,1
extreme_042,Extreme,Serial,1,1,0.011648584,25236,1
extreme_042,Extreme,Serial,1,2,0.011335292,25236,1
extreme_042,Extreme,Serial,1,3,0.011398334,25236,1
extreme_042,Extreme,Serial,1,4,0.011334084,25236,1
extreme_042,Extreme,Serial,1,5,0.011360250,25236,1
extreme_042,Extreme,Serial-MRV,1,1,0.119084958,7251,1
extreme_042,Extreme,Serial-MRV,1,2,0.117861458,7251,1
extreme_042,Extreme,Serial-MRV,1,3,0.120069000,7251,1
extreme_042,Extreme,Serial-MRV,1,4,0.117270000,7251,1
extreme_042,Extreme,Serial-MRV,1,5,0.116842334,7251,1
extreme_042,Extreme,BranchBound,1,1,0.010334458,25236,1
extreme_042,Extreme,BranchBound,1,2,0.010159666,25236,1
extreme_042,Extreme,BranchBound,1,3,0.010067916,25236,1
extreme_042,Extreme,BranchBound,1,4,0.010234583,25236,1
extreme_042,Extreme,BranchBound,1,5,0.010069042,25236,1
extreme_042,Extreme,BranchBoundMRV,1,1,0.145057542,7251,1
extreme_042,Extreme,BranchBoundMRV,1,2,0.147026709,7251,1
extreme_042,Extreme,BranchBoundMRV,1,3,0.143843834,7251,1
extreme_042,Extreme,BranchBoundMRV,1,4,0.146285833,7251,1
extreme_042,Extreme,BranchBoundMRV,1,5,0.143545583,7251,1
extreme_042,Extreme,OpenMP,4,1,0.005424976,1189,1
extreme_042,Extreme,OpenMP,4,2,0.005392075,1224,1
extreme_042,Extreme,OpenMP,4,3,0.005390167,1178,1
extreme_042,Extreme,OpenMP,4,4,0.005438089,1197,1
extreme_042,Extreme,OpenMP,4,5,0.005413055,1233,1
extreme_042,Extreme,OpenMP,8,1,0.005496979,1338,1
extreme_042,Extreme,OpenMP,8,2,0.011646032,2946,1
extreme_042,Extreme,OpenMP,8,3,0.005563974,1312,1
extreme_042,Extreme,OpenMP,8,4,0.005491972,1643,1
extreme_042,Extreme,OpenMP,8,5,0.005646944,1255,1
extreme_042,Extreme,OpenMP,16,1,0.048200846,1319,1
extreme_042,Extreme,OpenMP,16,2,0.121814966,2526,1
extreme_042,Extreme,OpenMP,16,3,0.089324951,1583,1
extreme_042,Extreme,OpenMP,16,4,0.056820154,1236,1
extreme_042,Extreme,OpenMP,16,5,0.038012981,1591,1
extreme_042,Extreme,OMP-BranchBoundMRV,4,1,0.006890059,1250,1
extreme_042,Extreme,OMP-BranchBoundMRV,4,2,0.006876945,1250,1
extreme_042,Extreme,OMP-BranchBoundMRV,4,3,0.006875992,1250,1
extreme_042,Extreme,OMP-BranchBoundMRV,4,4,0.007035017,1264,1
extreme_042,Extreme,OMP-BranchBoundMRV,4,5,0.007002115,1228,1
extreme_042,Extreme,OMP-BranchBoundMRV,8,1,0.008473158,1343,1
extreme_042,Extreme,OMP-BranchBoundMRV,8,2,0.006901026,1651,1
extreme_042,Extreme,OMP-BranchBoundMRV,8,3,0.016414165,2829,1
extreme_042,Extreme,OMP-BranchBoundMRV,8,4,0.013175964,2761,1
extreme_042,Extreme,OMP-BranchBoundMRV,8,5,0.012990952,2726,1
extreme_042,Extreme,OMP-BranchBoundMRV,16,1,0.044818878,3013,1
extreme_042,Extreme,OMP-BranchBoundMRV,16,2,0.095267057,1588,1
extreme_042,Extreme,OMP-BranchBoundMRV,16,3,0.053390980,3790,1
extreme_042,Extreme,OMP-BranchBoundMRV,16,4,0.113997936,4205,1
extreme_042,Extreme,OMP-BranchBoundMRV,16,5,0.088731050,3390,1
extreme_043,Extreme,Serial,1,1,0.236405750,499022,1
extreme_043,Extreme,Serial,1,2,0.234325916,499022,1
extreme_043,Extreme,Serial,1,3,0.237577750,499022,1
extreme_043,Extreme,Serial,1,4,0.238761458,499022,1
extreme_043,Extreme,Serial,1,5,0.234840625,499022,1
extreme_043,Extreme,Serial-MRV,1,1,0.092651209,5065,1
extreme_043,Extreme,Serial-MRV,1,2,0.091140292,5065,1
extreme_043,Extreme,Serial-MRV,1,3,0.090747375,5065,1
extreme_043,Extreme,Serial-MRV,1,4,0.090940541,5065,1
extreme_043,Extreme,Serial-MRV,1,5,0.092672083,5065,1
extreme_043,Extreme,BranchBound,1,1,0.222682792,499022,1
extreme_043,Extreme,BranchBound,1,2,0.224522875,499022,1
extreme_043,Extreme,BranchBound,1,3,0.223388292,499022,1
extreme_043,Extreme,BranchBound,1,4,0.223027042,499022,1
extreme_043,Extreme,BranchBound,1,5,0.224818083,499022,1
extreme_043,Extreme,BranchBoundMRV,1,1,0.126591084,5065,1
extreme_043,Extreme,BranchBoundMRV,1,2,0.127028500,5065,1
extreme_043,Extreme,BranchBoundMRV,1,3,0.127086833,5065,1
extreme_043,Extreme,BranchBoundMRV,1,4,0.125664625,5065,1
extreme_043,Extreme,BranchBoundMRV,1,5,0.125572208,5065,1
extreme_043,Extreme,OpenMP,4,1,0.022533894,4583,1
extreme_043,Extreme,OpenMP,4,2,0.022449017,3501,1
extreme_043,Extreme,OpenMP,4,3,0.022493124,3509,1
extreme_043,Extreme,OpenMP,4,4,0.022491932,3495,1
extreme_043,Extreme,OpenMP,4,5,0.022500992,3500,1
extreme_043,Extreme,OpenMP,8,1,0.035164118,5065,1
extreme_043,Extreme,OpenMP,8,2,0.040928841,4950,1
extreme_043,Extreme,OpenMP,8,3,0.038219929,4555,1
extreme_043,Extreme,OpenMP,8,4,0.035334110,4677,1
extreme_043,Extreme,OpenMP,8,5,0.030913115,4173,1
extreme_043,Extreme,OpenMP,16,1,0.109738111,2377,1
extreme_043,Extreme,OpenMP,16,2,0.098635912,1768,1
extreme_043,Extreme,OpenMP,16,3,0.077667952,4781,1
extreme_043,Extreme,OpenMP,16,4,0.096446991,4709,1
extreme_043,Extreme,OpenMP,16,5,0.119032860,5065,1
extreme_043,Extreme,OMP-BranchBoundMRV,4,1,0.030479193,4571,1
extreme_043,Extreme,OMP-BranchBoundMRV,4,2,0.030438900,4572,1
extreme_043,Extreme,OMP-BranchBoundMRV,4,3,0.030431032,4574,1
extreme_043,Extreme,OMP-BranchBoundMRV,4,4,0.030436039,4574,1
extreme_043,Extreme,OMP-BranchBoundMRV,4,5,0.030434132,4572,1
extreme_043,Extreme,OMP-BranchBoundMRV,8,1,0.044230938,4617,1
extreme_043,Extreme,OMP-BranchBoundMRV,8,2,0.045749903,4446,1
extreme_043,Extreme,OMP-BranchBoundMRV,8,3,0.036680937,3871,1
extreme_043,Extreme,OMP-BranchBoundMRV,8,4,0.036534786,4305,1
extreme_043,Extreme,OMP-BranchBoundMRV,8,5,0.030581951,3253,1
extreme_043,Extreme,OMP-BranchBoundMRV,16,1,0.149118185,4792,1
extreme_043,Extreme,OMP-BranchBoundMRV,16,2,0.124918938,4289,1
extreme_043,Extreme,OMP-BranchBoundMRV,16,3,0.045361996,2344,1
extreme_043,Extreme,OMP-BranchBoundMRV,16,4,0.098006010,4255,1
extreme_043,Extreme,OMP-BranchBoundMRV,16,5,0.119776011,4704,1
extreme_044,Extreme,Serial,1,1,0.026015166,50919,1
extreme_044,Extreme,Serial,1,2,0.025249875,50919,1
extreme_044,Extreme,Serial,1,3,0.025236250,50919,1
extreme_044,Extreme,Serial,1,4,0.025249208,50919,1
extreme_044,Extreme,Serial,1,5,0.025545291,50919,1
extreme_044,Extreme,Serial-MRV,1,1,0.108261166,6885,1
extreme_044,Extreme,Serial-MRV,1,2,0.107672625,6885,1
extreme_044,Extreme,Serial-MRV,1,3,0.108546250,6885,1
extreme_044,Extreme,Serial-MRV,1,4,0.109145875,6885,1
extreme_044,Extreme,Serial-MRV,1,5,0.107737083,6885,1
extreme_044,Extreme,BranchBound,1,1,0.021444792,50919,1
extreme_044,Extreme,BranchBound,1,2,0.020936167,50919,1
extreme_044,Extreme,BranchBound,1,3,0.020748250,50919,1
extreme_044,Extreme,BranchBound,1,4,0.020596042,50919,1
extreme_044,Extreme,BranchBound,1,5,0.020646917,50919,1
extreme_044,Extreme,BranchBoundMRV,1,1,0.139114625,6885,1
extreme_044,Extreme,BranchBoundMRV,1,2,0.140833458,6885,1
extreme_044,Extreme,BranchBoundMRV,1,3,0.136989750,6885,1
extreme_044,Extreme,BranchBoundMRV,1,4,0.137202250,6885,1
extreme_044,Extreme,BranchBoundMRV,1,5,0.136821917,6885,1
extreme_044,Extreme,OpenMP,4,1,0.004980087,1023,1
extreme_044,Extreme,OpenMP,4,2,0.004758835,1055,1
extreme_044,Extreme,OpenMP,4,3,0.004765987,1046,1
extreme_044,Extreme,OpenMP,4,4,0.004759073,1053,1
extreme_044,Extreme,OpenMP,4,5,0.004804134,1048,1
extreme_044,Extreme,OpenMP,8,1,0.004338980,866,1
extreme_044,Extreme,OpenMP,8,2,0.003973007,1064,1
extreme_044,Extreme,OpenMP,8,3,0.005291939,948,1
extreme_044,Extreme,OpenMP,8,4,0.003890038,909,1
extreme_044,Extreme,OpenMP,8,5,0.004348993,891,1
extreme_044,Extreme,OpenMP,16,1,0.023165226,962,1
extreme_044,Extreme,OpenMP,16,2,0.086452007,916,1
extreme_044,Extreme,OpenMP,16,3,0.028377056,495,1
extreme_044,Extreme,OpenMP,16,4,0.004414082,613,1
extreme_044,Extreme,OpenMP,16,5,0.017648935,308,1
extreme_044,Extreme,OMP-BranchBoundMRV,4,1,0.007003784,1098,1
extreme_044,Extreme,OMP-BranchBoundMRV,4,2,0.006989002,1126,1
extreme_044,Extreme,OMP-BranchBoundMRV,4,3,0.006917000,1104,1
extreme_044,Extreme,OMP-BranchBoundMRV,4,4,0.006896019,1134,1
extreme_044,Extreme,OMP-BranchBoundMRV,4,5,0.006958008,1133,1
extreme_044,Extreme,OMP-BranchBoundMRV,8,1,0.005902052,866,1
extreme_044,Extreme,OMP-BranchBoundMRV,8,2,0.005734921,844,1
extreme_044,Extreme,OMP-BranchBoundMRV,8,3,0.003783941,572,1
extreme_044,Extreme,OMP-BranchBoundMRV,8,4,0.005720139,668,1
extreme_044,Extreme,OMP-BranchBoundMRV,8,5,0.005334854,842,1
extreme_044,Extreme,OMP-BranchBoundMRV,16,1,0.103317022,1295,1
extreme_044,Extreme,OMP-BranchBoundMRV,16,2,0.032835960,1541,1
extreme_044,Extreme,OMP-BranchBoundMRV,16,3,0.042277098,974,1
extreme_044,Extreme,OMP-BranchBoundMRV,16,4,0.039824963,331,1
extreme_044,Extreme,OMP-BranchBoundMRV,16,5,0.006807804,942,1
extreme_045,Extreme,Serial,1,1,0.092007125,187831,1
extreme_045,Extreme,Serial,1,2,0.091590625,187831,1
extreme_045,Extreme,Serial,1,3,0.091714416,187831,1
extreme_045,Extreme,Serial,1,4,0.091331416,187831,1
extreme_045,Extreme,Serial,1,5,0.092730750,187831,1
extreme_045,Extreme,Serial-MRV,1,1,0.116592958,6899,1
extreme_045,Extreme,Serial-MRV,1,2,0.113788916,6899,1
extreme_045,Extreme,Serial-MRV,1,3,0.112823375,6899,1
extreme_045,Extreme,Serial-MRV,1,4,0.114043708,6899,1
extreme_045,Extreme,Serial-MRV,1,5,0.113640583,6899,1
extreme_045,Extreme,BranchBound,1,1,0.078454834,187831,1
extreme_045,Extreme,BranchBound,1,2,0.079455834,187831,1
extreme_045,Extreme,BranchBound,1,3,0.079694541,187831,1
extreme_045,Extreme,BranchBound,1,4,0.079387291,187831,1
extreme_045,Extreme,BranchBound,1,5,0.077810708,187831,1
extreme_045,Extreme,BranchBoundMRV,1,1,0.148248625,6899,1
extreme_045,Extreme,BranchBoundMRV,1,2,0.148674542,6899,1
extreme_045,Extreme,BranchBoundMRV,1,3,0.148089833,6899,1
extreme_045,Extreme,BranchBoundMRV,1,4,0.151544958,6899,1
extreme_045,Extreme,BranchBoundMRV,1,5,0.148523000,6899,1
extreme_045,Extreme,OpenMP,4,1,0.007357121,1669,1
extreme_045,Extreme,OpenMP,4,2,0.008481026,1758,1
extreme_045,Extreme,OpenMP,4,3,0.007734060,1578,1
extreme_045,Extreme,OpenMP,4,4,0.007392883,1646,1
extreme_045,Extreme,OpenMP,4,5,0.007316828,1647,1
extreme_045,Extreme,OpenMP,8,1,0.009675026,2033,1
extreme_045,Extreme,OpenMP,8,2,0.010434151,2245,1
extreme_045,Extreme,OpenMP,8,3,0.018653870,5090,1
extreme_045,Extreme,OpenMP,8,4,0.014147043,3318,1
extreme_045,Extreme,OpenMP,8,5,0.008910179,1817,1
extreme_045,Extreme,OpenMP,16,1,0.054457903,6050,1
extreme_045,Extreme,OpenMP,16,2,0.104662895,4478,1
extreme_045,Extreme,OpenMP,16,3,0.045904160,5902,1
extreme_045,Extreme,OpenMP,16,4,0.051584005,4866,1
extreme_045,Extreme,OpenMP,16,5,0.018447876,1752,1
extreme_045,Extreme,OMP-BranchBoundMRV,4,1,0.009792089,1705,1
extreme_045,Extreme,OMP-BranchBoundMRV,4,2,0.009869099,1730,1
extreme_045,Extreme,OMP-BranchBoundMRV,4,3,0.009799957,1712,1
extreme_045,Extreme,OMP-BranchBoundMRV,4,4,0.009777069,1711,1
extreme_045,Extreme,OMP-BranchBoundMRV,4,5,0.009862185,1728,1
extreme_045,Extreme,OMP-BranchBoundMRV,8,1,0.017242193,3192,1
extreme_045,Extreme,OMP-BranchBoundMRV,8,2,0.016021967,3497,1
extreme_045,Extreme,OMP-BranchBoundMRV,8,3,0.009845972,2299,1
extreme_045,Extreme,OMP-BranchBoundMRV,8,4,0.009829998,1908,1
extreme_045,Extreme,OMP-BranchBoundMRV,8,5,0.009912014,2300,1
extreme_045,Extreme,OMP-BranchBoundMRV,16,1,0.037900925,2217,1
extreme_045,Extreme,OMP-BranchBoundMRV,16,2,0.034380913,1370,1
extreme_045,Extreme,OMP-BranchBoundMRV,16,3,0.044524908,2788,1
extreme_045,Extreme,OMP-BranchBoundMRV,16,4,0.047786951,2746,1
extreme_045,Extreme,OMP-BranchBoundMRV,16,5,0.088243961,4776,1
extreme_046,Extreme,Serial,1,1,0.020333667,41271,1
extreme_046,Extreme,Serial,1,2,0.020239667,41271,1
extreme_046,Extreme,Serial,1,3,0.020293500,41271,1
extreme_046,Extreme,Serial,1,4,0.020120917,41271,1
extreme_046,Extreme,Serial,1,5,0.020127959,41271,1
extreme_046,Extreme,Serial-MRV,1,1,0.090001000,5158,1
extreme_046,Extreme,Serial-MRV,1,2,0.090012666,5158,1
extreme_046,Extreme,Serial-MRV,1,3,0.089349542,5158,1
extreme_046,Extreme,Serial-MRV,1,4,0.089828208,5158,1
extreme_046,Extreme,Serial-MRV,1,5,0.089180667,5158,1
extreme_046,Extreme,BranchBound,1,1,0.017633542,41271,1
extreme_046,Extreme,BranchBound,1,2,0.017571959,41271,1
extreme_046,Extreme,BranchBound,1,3,0.017677833,41271,1
extreme_046,Extreme,BranchBound,1,4,0.017637042,41271,1
extreme_046,Extreme,BranchBound,1,5,0.018367500,41271,1
extreme_046,Extreme,BranchBoundMRV,1,1,0.114416292,5158,1
extreme_046,Extreme,BranchBoundMRV,1,2,0.116101125,5158,1
extreme_046,Extreme,BranchBoundMRV,1,3,0.116942834,5158,1
extreme_046,Extreme,BranchBoundMRV,1,4,0.115189625,5158,1
extreme_046,Extreme,BranchBoundMRV,1,5,0.116614791,5158,1
extreme_046,Extreme,OpenMP,4,1,0.026379824,5153,1
extreme_046,Extreme,OpenMP,4,2,0.026221991,5419,1
extreme_046,Extreme,OpenMP,4,3,0.040470839,6388,1
extreme_046,Extreme,OpenMP,4,4,0.025219917,4147,1
extreme_046,Extreme,OpenMP,4,5,0.025629044,4147,1
extreme_046,Extreme,OpenMP,8,1,0.041268110,6546,1
extreme_046,Extreme,OpenMP,8,2,0.031481028,6122,1
extreme_046,Extreme,OpenMP,8,3,0.057024002,6546,1
extreme_046,Extreme,OpenMP,8,4,0.037966013,6287,1
extreme_046,Extreme,OpenMP,8,5,0.036098003,6472,1
extreme_046,Extreme,OpenMP,16,1,0.214051008,6546,1
extreme_046,Extreme,OpenMP,16,2,0.107318878,6546,1
extreme_046,Extreme,OpenMP,16,3,0.065749884,5972,1
extreme_046,Extreme,OpenMP,16,4,0.088048935,5800,1
extreme_046,Extreme,OpenMP,16,5,0.083055019,6343,1
extreme_046,Extreme,OMP-BranchBoundMRV,4,1,0.030788183,4953,1
extreme_046,Extreme,OMP-BranchBoundMRV,4,2,0.031960011,4975,1
extreme_046,Extreme,OMP-BranchBoundMRV,4,3,0.031808853,4947,1
extreme_046,Extreme,OMP-BranchBoundMRV,4,4,0.032350063,5018,1
extreme_046,Extreme,OMP-BranchBoundMRV,4,5,0.032461882,4929,1
extreme_046,Extreme,OMP-BranchBoundMRV,8,1,0.048329830,6530,1
extreme_046,Extreme,OMP-BranchBoundMRV,8,2,0.051398039,6364,1
extreme_046,Extreme,OMP-BranchBoundMRV,8,3,0.049245119,6348,1
extreme_046,Extreme,OMP-BranchBoundMRV,8,4,0.038626194,5424,1
extreme_046,Extreme,OMP-BranchBoundMRV,8,5,0.055281878,6546,1
extreme_046,Extreme,OMP-BranchBoundMRV,16,1,0.251439810,6293,1
extreme_046,Extreme,OMP-BranchBoundMRV,16,2,0.105064869,5613,1
extreme_046,Extreme,OMP-BranchBoundMRV,16,3,0.118860006,3814,1
extreme_046,Extreme,OMP-BranchBoundMRV,16,4,0.179742098,6546,1
extreme_046,Extreme,OMP-BranchBoundMRV,16,5,0.118570089,6486,1
extreme_047,Extreme,Serial,1,1,0.038799917,75160,1
extreme_047,Extreme,Serial,1,2,0.037878125,75160,1
extreme_047,Extreme,Serial,1,3,0.037976750,75160,1
extreme_047,Extreme,Serial,1,4,0.037869916,75160,1
extreme_047,Extreme,Serial,1,5,0.037940792,75160,1
extreme_047,Extreme,Serial-MRV,1,1,0.112964375,6561,1
extreme_047,Extreme,Serial-MRV,1,2,0.111376708,6561,1
extreme_047,Extreme,Serial-MRV,1,3,0.111602625,6561,1
extreme_047,Extreme,Serial-MRV,1,4,0.110978333,6561,1
extreme_047,Extreme,Serial-MRV,1,5,0.111435958,6561,1
extreme_047,Extreme,BranchBound,1,1,0.032973417,75160,1
extreme_047,Extreme,BranchBound,1,2,0.032996417,75160,1
extreme_047,Extreme,BranchBound,1,3,0.032330000,75160,1
extreme_047,Extreme,BranchBound,1,4,0.032123500,75160,1
extreme_047,Extreme,BranchBound,1,5,0.032067209,75160,1
extreme_047,Extreme,BranchBoundMRV,1,1,0.140157375,6561,1
extreme_047,Extreme,BranchBoundMRV,1,2,0.139403625,6561,1
extreme_047,Extreme,BranchBoundMRV,1,3,0.138721750,6561,1
extreme_047,Extreme,BranchBoundMRV,1,4,0.138183834,6561,1
extreme_047,Extreme,BranchBoundMRV,1,5,0.139065917,6561,1
extreme_047,Extreme,OpenMP,4,1,0.014446020,3162,1
extreme_047,Extreme,OpenMP,4,2,0.014221907,3158,1
extreme_047,Extreme,OpenMP,4,3,0.014254808,3169,1
extreme_047,Extreme,OpenMP,4,4,0.014188051,3151,1
extreme_047,Extreme,OpenMP,4,5,0.014238119,3162,1
extreme_047,Extreme,OpenMP,8,1,0.015432119,3370,1
extreme_047,Extreme,OpenMP,8,2,0.014394999,2896,1
extreme_047,Extreme,OpenMP,8,3,0.014176130,3306,1
extreme_047,Extreme,OpenMP,8,4,0.020140171,4226,1
extreme_047,Extreme,OpenMP,8,5,0.015851021,2178,1
extreme_047,Extreme,OpenMP,16,1,0.056911945,4011,1
extreme_047,Extreme,OpenMP,16,2,0.062657118,2715,1
extreme_047,Extreme,OpenMP,16,3,0.100003004,5146,1
extreme_047,Extreme,OpenMP,16,4,0.081067085,5020,1
extreme_047,Extreme,OpenMP,16,5,0.088537931,4791,1
extreme_047,Extreme,OMP-BranchBoundMRV,4,1,0.019438982,2435,1
extreme_047,Extreme,OMP-BranchBoundMRV,4,2,0.018954992,3240,1
extreme_047,Extreme,OMP-BranchBoundMRV,4,3,0.018799067,3254,1
extreme_047,Extreme,OMP-BranchBoundMRV,4,4,0.018582821,3230,1
extreme_047,Extreme,OMP-BranchBoundMRV,4,5,0.019010067,3303,1
extreme_047,Extreme,OMP-BranchBoundMRV,8,1,0.022775888,3343,1
extreme_047,Extreme,OMP-BranchBoundMRV,8,2,0.019612074,2991,1
extreme_047,Extreme,OMP-BranchBoundMRV,8,3,0.049818039,5150,1
extreme_047,Extreme,OMP-BranchBoundMRV,8,4,0.024968147,3459,1
extreme_047,Extreme,OMP-BranchBoundMRV,8,5,0.020304203,3017,1
extreme_047,Extreme,OMP-BranchBoundMRV,16,1,0.055691957,3241,1
extreme_047,Extreme,OMP-BranchBoundMRV,16,2,0.085754871,3700,1
extreme_047,Extreme,OMP-BranchBoundMRV,16,3,0.135147095,4811,1
extreme_047,Extreme,OMP-BranchBoundMRV,16,4,0.102418900,4819,1
extreme_047,Extreme,OMP-BranchBoundMRV,16,5,0.086816072,4832,1
extreme_048,Extreme,Serial,1,1,0.025489292,49738,1
extreme_048,Extreme,Serial,1,2,0.024674375,49738,1
extreme_048,Extreme,Serial,1,3,0.025008000,49738,1
extreme_048,Extreme,Serial,1,4,0.024760708,49738,1
extreme_048,Extreme,Serial,1,5,0.024700417,49738,1
extreme_048,Extreme,Serial-MRV,1,1,0.082343458,5541,1
extreme_048,Extreme,Serial-MRV,1,2,0.082339458,5541,1
extreme_048,Extreme,Serial-MRV,1,3,0.081893042,5541,1
extreme_048,Extreme,Serial-MRV,1,4,0.082639333,5541,1
extreme_048,Extreme,Serial-MRV,1,5,0.082982834,5541,1
extreme_048,Extreme,BranchBound,1,1,0.021219500,49738,1
extreme_048,Extreme,BranchBound,1,2,0.021321542,49738,1
extreme_048,Extreme,BranchBound,1,3,0.021413833,49738,1
extreme_048,Extreme,BranchBound,1,4,0.021057875,49738,1
extreme_048,Extreme,BranchBound,1,5,0.021009916,49738,1
extreme_048,Extreme,BranchBoundMRV,1,1,0.101810667,5541,1
extreme_048,Extreme,BranchBoundMRV,1,2,0.101886625,5541,1
extreme_048,Extreme,BranchBoundMRV,1,3,0.103334750,5541,1
extreme_048,Extreme,BranchBoundMRV,1,4,0.102456333,5541,1
extreme_048,Extreme,BranchBoundMRV,1,5,0.102016166,5541,1
extreme_048,Extreme,OpenMP,4,1,0.004076004,943,1
extreme_048,Extreme,OpenMP,4,2,0.004059076,938,1
extreme_048,Extreme,OpenMP,4,3,0.004050016,941,1
extreme_048,Extreme,OpenMP,4,4,0.004039049,943,1
extreme_048,Extreme,OpenMP,4,5,0.004034996,938,1
extreme_048,Extreme,OpenMP,8,1,0.003862143,1196,1
extreme_048,Extreme,OpenMP,8,2,0.006499052,1483,1
extreme_048,Extreme,OpenMP,8,3,0.009356976,1710,1
extreme_048,Extreme,OpenMP,8,4,0.012990952,1313,1
extreme_048,Extreme,OpenMP,8,5,0.004098892,1269,1
extreme_048,Extreme,OpenMP,16,1,0.056358814,2818,1
extreme_048,Extreme,OpenMP,16,2,0.013373852,1437,1
extreme_048,Extreme,OpenMP,16,3,0.010806084,1139,1
extreme_048,Extreme,OpenMP,16,4,0.014211893,1155,1
extreme_048,Extreme,OpenMP,16,5,0.017686844,1417,1
extreme_048,Extreme,OMP-BranchBoundMRV,4,1,0.006690025,1331,1
extreme_048,Extreme,OMP-BranchBoundMRV,4,2,0.007764816,1432,1
extreme_048,Extreme,OMP-BranchBoundMRV,4,3,0.006783962,1337,1
extreme_048,Extreme,OMP-BranchBoundMRV,4,4,0.006486893,1245,1
extreme_048,Extreme,OMP-BranchBoundMRV,4,5,0.006421089,1267,1
extreme_048,Extreme,OMP-BranchBoundMRV,8,1,0.007893085,1627,1
extreme_048,Extreme,OMP-BranchBoundMRV,8,2,0.006536961,1679,1
extreme_048,Extreme,OMP-BranchBoundMRV,8,3,0.012920141,2815,1
extreme_048,Extreme,OMP-BranchBoundMRV,8,4,0.006459951,1692,1
extreme_048,Extreme,OMP-BranchBoundMRV,8,5,0.006128073,1609,1
extreme_048,Extreme,OMP-BranchBoundMRV,16,1,0.024363041,994,1
extreme_048,Extreme,OMP-BranchBoundMRV,16,2,0.072057962,2370,1
extreme_048,Extreme,OMP-BranchBoundMRV,16,3,0.032612085,1602,1
extreme_048,Extreme,OMP-BranchBoundMRV,16,4,0.040946007,1619,1
extreme_048,Extreme,OMP-BranchBoundMRV,16,5,0.084010839,1634,1
extreme_049,Extreme,Serial,1,1,0.052875500,111666,1
extreme_049,Extreme,Serial,1,2,0.052708000,111666,1
extreme_049,Extreme,Serial,1,3,0.052860291,111666,1
extreme_049,Extreme,Serial,1,4,0.053194916,111666,1
extreme_049,Extreme,Serial,1,5,0.053794459,111666,1
extreme_049,Extreme,Serial-MRV,1,1,0.088766125,5615,1
extreme_049,Extreme,Serial-MRV,1,2,0.088701375,5615,1
extreme_049,Extreme,Serial-MRV,1,3,0.098854166,5615,1
extreme_049,Extreme,Serial-MRV,1,4,0.118535834,5615,1
extreme_049,Extreme,Serial-MRV,1,5,0.089564958,5615,1
extreme_049,Extreme,BranchBound,1,1,0.053444333,111666,1
extreme_049,Extreme,BranchBound,1,2,0.052770000,111666,1
extreme_049,Extreme,BranchBound,1,3,0.053468833,111666,1
extreme_049,Extreme,BranchBound,1,4,0.052651958,111666,1
extreme_049,Extreme,BranchBound,1,5,0.054073792,111666,1
extreme_049,Extreme,BranchBoundMRV,1,1,0.120855000,5615,1
extreme_049,Extreme,BranchBoundMRV,1,2,0.119625250,5615,1
extreme_049,Extreme,BranchBoundMRV,1,3,0.119410125,5615,1
extreme_049,Extreme,BranchBoundMRV,1,4,0.118689875,5615,1
extreme_049,Extreme,BranchBoundMRV,1,5,0.121115375,5615,1
extreme_049,Extreme,OpenMP,4,1,0.003840208,843,1
extreme_049,Extreme,OpenMP,4,2,0.003612041,590,1
extreme_049,Extreme,OpenMP,4,3,0.003559828,575,1
extreme_049,Extreme,OpenMP,4,4,0.004016876,629,1
extreme_049,Extreme,OpenMP,4,5,0.003460884,579,1
extreme_049,Extreme,OpenMP,8,1,0.006652117,1087,1
extreme_049,Extreme,OpenMP,8,2,0.008143902,1135,1
extreme_049,Extreme,OpenMP,8,3,0.008563042,1181,1
extreme_049,Extreme,OpenMP,8,4,0.003499031,517,1
extreme_049,Extreme,OpenMP,8,5,0.008164883,1024,1
extreme_049,Extreme,OpenMP,16,1,0.020686150,530,1
extreme_049,Extreme,OpenMP,16,2,0.036497116,641,1
extreme_049,Extreme,OpenMP,16,3,0.042973042,1945,1
extreme_049,Extreme,OpenMP,16,4,0.045854092,584,1
extreme_049,Extreme,OpenMP,16,5,0.050581932,316,1
extreme_049,Extreme,OMP-BranchBoundMRV,4,1,0.004904985,776,1
extreme_049,Extreme,OMP-BranchBoundMRV,4,2,0.004866123,779,1
extreme_049,Extreme,OMP-BranchBoundMRV,4,3,0.004935026,791,1
extreme_049,Extreme,OMP-BranchBoundMRV,4,4,0.004867792,772,1
extreme_049,Extreme,OMP-BranchBoundMRV,4,5,0.004869938,783,1
extreme_049,Extreme,OMP-BranchBoundMRV,8,1,0.015041113,1108,1
extreme_049,Extreme,OMP-BranchBoundMRV,8,2,0.005905151,662,1
extreme_049,Extreme,OMP-BranchBoundMRV,8,3,0.005275965,593,1
extreme_049,Extreme,OMP-BranchBoundMRV,8,4,0.010868073,1467,1
extreme_049,Extreme,OMP-BranchBoundMRV,8,5,0.005589962,599,1
extreme_049,Extreme,OMP-BranchBoundMRV,16,1,0.156777859,3209,1
extreme_049,Extreme,OMP-BranchBoundMRV,16,2,0.048323154,703,1
extreme_049,Extreme,OMP-BranchBoundMRV,16,3,0.054234982,668,1
extreme_049,Extreme,OMP-BranchBoundMRV,16,4,0.061027050,1180,1
extreme_049,Extreme,OMP-BranchBoundMRV,16,5,0.125006914,953,1
extreme_050,Extreme,Serial,1,1,0.101935500,208826,1
extreme_050,Extreme,Serial,1,2,0.102229791,208826,1
extreme_050,Extreme,Serial,1,3,0.102041000,208826,1
extreme_050,Extreme,Serial,1,4,0.103048583,208826,1
extreme_050,Extreme,Serial,1,5,0.102609209,208826,1
extreme_050,Extreme,Serial-MRV,1,1,0.084671708,5453,1
extreme_050,Extreme,Serial-MRV,1,2,0.086292792,5453,1
extreme_050,Extreme,Serial-MRV,1,3,0.087143583,5453,1
extreme_050,Extreme,Serial-MRV,1,4,0.085612250,5453,1
extreme_050,Extreme,Serial-MRV,1,5,0.086683708,5453,1
extreme_050,Extreme,BranchBound,1,1,0.095040917,208826,1
extreme_050,Extreme,BranchBound,1,2,0.093110667,208826,1
extreme_050,Extreme,BranchBound,1,3,0.092632875,208826,1
extreme_050,Extreme,BranchBound,1,4,0.092396917,208826,1
extreme_050,Extreme,BranchBound,1,5,0.092054958,208826,1
extreme_050,Extreme,BranchBoundMRV,1,1,0.109788625,5453,1
extreme_050,Extreme,BranchBoundMRV,1,2,0.111572583,5453,1
extreme_050,Extreme,BranchBoundMRV,1,3,0.109574041,5453,1
extreme_050,Extreme,BranchBoundMRV,1,4,0.107811375,5453,1
extreme_050,Extreme,BranchBoundMRV,1,5,0.109849708,5453,1
extreme_050,Extreme,OpenMP,4,1,0.007874012,1844,1
extreme_050,Extreme,OpenMP,4,2,0.008002043,1368,1
extreme_050,Extreme,OpenMP,4,3,0.007862091,1848,1
extreme_050,Extreme,OpenMP,4,4,0.008090973,1809,1
extreme_050,Extreme,OpenMP,4,5,0.007885933,1852,1
extreme_050,Extreme,OpenMP,8,1,0.013832092,2681,1
extreme_050,Extreme,OpenMP,8,2,0.008025885,1480,1
extreme_050,Extreme,OpenMP,8,3,0.007920980,1732,1
extreme_050,Extreme,OpenMP,8,4,0.011577129,2126,1
extreme_050,Extreme,OpenMP,8,5,0.017267942,2882,1
extreme_050,Extreme,OpenMP,16,1,0.064782858,2283,1
extreme_050,Extreme,OpenMP,16,2,0.026895046,1751,1
extreme_050,Extreme,OpenMP,16,3,0.029592991,1847,1
extreme_050,Extreme,OpenMP,16,4,0.033206940,1226,1
extreme_050,Extreme,OpenMP,16,5,0.119765043,5064,1
extreme_050,Extreme,OMP-BranchBoundMRV,4,1,0.010231972,1783,1
extreme_050,Extreme,OMP-BranchBoundMRV,4,2,0.010187864,1775,1
extreme_050,Extreme,OMP-BranchBoundMRV,4,3,0.010257006,1790,1
extreme_050,Extreme,OMP-BranchBoundMRV,4,4,0.010347128,1793,1
extreme_050,Extreme,OMP-BranchBoundMRV,4,5,0.010504007,1795,1
extreme_050,Extreme,OMP-BranchBoundMRV,8,1,0.023260832,2305,1
extreme_050,Extreme,OMP-BranchBoundMRV,8,2,0.019365072,2082,1
extreme_050,Extreme,OMP-BranchBoundMRV,8,3,0.013579130,1629,1
extreme_050,Extreme,OMP-BranchBoundMRV,8,4,0.016986847,2358,1
extreme_050,Extreme,OMP-BranchBoundMRV,8,5,0.010612011,1584,1
extreme_050,Extreme,OMP-BranchBoundMRV,16,1,0.029641151,1931,1
extreme_050,Extreme,OMP-BranchBoundMRV,16,2,0.132819891,1662,1
extreme_050,Extreme,OMP-BranchBoundMRV,16,3,0.050581932,1570,1
extreme_050,Extreme,OMP-BranchBoundMRV,16,4,0.091101170,1410,1
extreme_050,Extreme,OMP-BranchBoundMRV,16,5,0.074065924,1937,1
extreme_051,Extreme,Serial,1,1,0.015170000,33236,1
extreme_051,Extreme,Serial,1,2,0.014927833,33236,1
extreme_051,Extreme,Serial,1,3,0.014942083,33236,1
extreme_051,Extreme,Serial,1,4,0.015065208,33236,1
extreme_051,Extreme,Serial,1,5,0.015058792,33236,1
extreme_051,Extreme,Serial-MRV,1,1,0.071144584,5035,1
extreme_051,Extreme,Serial-MRV,1,2,0.071535708,5035,1
extreme_051,Extreme,Serial-MRV,1,3,0.071051959,5035,1
extreme_051,Extreme,Serial-MRV,1,4,0.072704250,5035,1
extreme_051,Extreme,Serial-MRV,1,5,0.071838000,5035,1
extreme_051,Extreme,BranchBound,1,1,0.013700958,33236,1
extreme_051,Extreme,BranchBound,1,2,0.013762166,33236,1
extreme_051,Extreme,BranchBound,1,3,0.013654625,33236,1
extreme_051,Extreme,BranchBound,1,4,0.013515750,33236,1
extreme_051,Extreme,BranchBound,1,5,0.013552875,33236,1
extreme_051,Extreme,BranchBoundMRV,1,1,0.140158708,5035,1
extreme_051,Extreme,BranchBoundMRV,1,2,0.091681542,5035,1
extreme_051,Extreme,BranchBoundMRV,1,3,0.090095833,5035,1
extreme_051,Extreme,BranchBoundMRV,1,4,0.091002583,5035,1
extreme_051,Extreme,BranchBoundMRV,1,5,0.089956958,5035,1
extreme_051,Extreme,OpenMP,4,1,0.003564119,915,1
extreme_051,Extreme,OpenMP,4,2,0.003530979,916,1
extreme_051,Extreme,OpenMP,4,3,0.003814936,851,1
extreme_051,Extreme,OpenMP,4,4,0.003526926,910,1
extreme_051,Extreme,OpenMP,4,5,0.003607035,926,1
extreme_051,Extreme,OpenMP,8,1,0.005977154,1308,1
extreme_051,Extreme,OpenMP,8,2,0.006614923,1198,1
extreme_051,Extreme,OpenMP,8,3,0.008587122,1215,1
extreme_051,Extreme,OpenMP,8,4,0.009346008,1994,1
extreme_051,Extreme,OpenMP,8,5,0.003550053,923,1
extreme_051,Extreme,OpenMP,16,1,0.032442093,1046,1
extreme_051,Extreme,OpenMP,16,2,0.008716106,1377,1
extreme_051,Extreme,OpenMP,16,3,0.010786057,1331,1
extreme_051,Extreme,OpenMP,16,4,0.015032053,2190,1
extreme_051,Extreme,OpenMP,16,5,0.035272837,1703,1
extreme_051,Extreme,OMP-BranchBoundMRV,4,1,0.004520178,898,1
extreme_051,Extreme,OMP-BranchBoundMRV,4,2,0.004521132,888,1
extreme_051,Extreme,OMP-BranchBoundMRV,4,3,0.004585028,904,1
extreme_051,Extreme,OMP-BranchBoundMRV,4,4,0.005011797,885,1
extreme_051,Extreme,OMP-BranchBoundMRV,4,5,0.004501104,888,1
extreme_051,Extreme,OMP-BranchBoundMRV,8,1,0.004784107,1056,1
extreme_051,Extreme,OMP-BranchBoundMRV,8,2,0.004926920,970,1
extreme_051,Extreme,OMP-BranchBoundMRV,8,3,0.004551888,900,1
extreme_051,Extreme,OMP-BranchBoundMRV,8,4,0.006971121,1363,1
extreme_051,Extreme,OMP-BranchBoundMRV,8,5,0.005038977,878,1
extreme_051,Extreme,OMP-BranchBoundMRV,16,1,0.031643867,2019,1
extreme_051,Extreme,OMP-BranchBoundMRV,16,2,0.030091047,2011,1
extreme_051,Extreme,OMP-BranchBoundMRV,16,3,0.026266098,1620,1
extreme_051,Extreme,OMP-BranchBoundMRV,16,4,0.017876863,994,1
extreme_051,Extreme,OMP-BranchBoundMRV,16,5,0.040277004,917,1
extreme_052,Extreme,Serial,1,1,0.053197166,105692,1
extreme_052,Extreme,Serial,1,2,0.052590792,105692,1
extreme_052,Extreme,Serial,1,3,0.053226417,105692,1
extreme_052,Extreme,Serial,1,4,0.054247417,105692,1
extreme_052,Extreme,Serial,1,5,0.053003584,105692,1
extreme_052,Extreme,Serial-MRV,1,1,0.073768500,5046,1
extreme_052,Extreme,Serial-MRV,1,2,0.073914625,5046,1
extreme_052,Extreme,Serial-MRV,1,3,0.075026834,5046,1
extreme_052,Extreme,Serial-MRV,1,4,0.073709916,5046,1
extreme_052,Extreme,Serial-MRV,1,5,0.073467875,5046,1
extreme_052,Extreme,BranchBound,1,1,0.047171041,105692,1
extreme_052,Extreme,BranchBound,1,2,0.048227542,105692,1
extreme_052,Extreme,BranchBound,1,3,0.047932375,105692,1
extreme_052,Extreme,BranchBound,1,4,0.046742917,105692,1
extreme_052,Extreme,BranchBound,1,5,0.046863958,105692,1
extreme_052,Extreme,BranchBoundMRV,1,1,0.095811875,5046,1
extreme_052,Extreme,BranchBoundMRV,1,2,0.095791125,5046,1
extreme_052,Extreme,BranchBoundMRV,1,3,0.097394708,5046,1
extreme_052,Extreme,BranchBoundMRV,1,4,0.098212458,5046,1
extreme_052,Extreme,BranchBoundMRV,1,5,0.097247875,5046,1
extreme_052,Extreme,OpenMP,4,1,0.004085064,669,1
extreme_052,Extreme,OpenMP,4,2,0.004071951,674,1
extreme_052,Extreme,OpenMP,4,3,0.004076004,676,1
extreme_052,Extreme,OpenMP,4,4,0.004067183,671,1
extreme_052,Extreme,OpenMP,4,5,0.004093885,679,1
extreme_052,Extreme,OpenMP,8,1,0.013025045,1624,1
extreme_052,Extreme,OpenMP,8,2,0.004070997,541,1
extreme_052,Extreme,OpenMP,8,3,0.004059076,554,1
extreme_052,Extreme,OpenMP,8,4,0.004074097,673,1
extreme_052,Extreme,OpenMP,8,5,0.010281086,965,1
extreme_052,Extreme,OpenMP,16,1,0.039559126,1283,1
extreme_052,Extreme,OpenMP,16,2,0.040241003,531,1
extreme_052,Extreme,OpenMP,16,3,0.031797171,556,1
extreme_052,Extreme,OpenMP,16,4,0.040248871,1033,1
extreme_052,Extreme,OpenMP,16,5,0.048183918,1399,1
extreme_052,Extreme,OMP-BranchBoundMRV,4,1,0.005488873,662,1
extreme_052,Extreme,OMP-BranchBoundMRV,4,2,0.005498171,664,1
extreme_052,Extreme,OMP-BranchBoundMRV,4,3,0.005522013,666,1
extreme_052,Extreme,OMP-BranchBoundMRV,4,4,0.005490065,664,1
extreme_052,Extreme,OMP-BranchBoundMRV,4,5,0.005473852,664,1
extreme_052,Extreme,OMP-BranchBoundMRV,8,1,0.017244101,929,1
extreme_052,Extreme,OMP-BranchBoundMRV,8,2,0.006467104,429,1
extreme_052,Extreme,OMP-BranchBoundMRV,8,3,0.007938862,594,1
extreme_052,Extreme,OMP-BranchBoundMRV,8,4,0.018024921,1500,1
extreme_052,Extreme,OMP-BranchBoundMRV,8,5,0.005621910,380,1
extreme_052,Extreme,OMP-BranchBoundMRV,16,1,0.053544044,528,1
extreme_052,Extreme,OMP-BranchBoundMRV,16,2,0.019415140,712,1
extreme_052,Extreme,OMP-BranchBoundMRV,16,3,0.007968903,647,1
extreme_052,Extreme,OMP-BranchBoundMRV,16,4,0.017197847,672,1
extreme_052,Extreme,OMP-BranchBoundMRV,16,5,0.062026978,517,1
extreme_053,Extreme,Serial,1,1,0.282279667,530866,1
extreme_053,Extreme,Serial,1,2,0.272396000,530866,1
extreme_053,Extreme,Serial,1,3,0.272008834,530866,1
extreme_053,Extreme,Serial,1,4,0.343865416,530866,1
extreme_053,Extreme,Serial,1,5,0.346704666,530866,1
extreme_053,Extreme,Serial-MRV,1,1,0.103265500,5927,1
extreme_053,Extreme,Serial-MRV,1,2,0.100103667,5927,1
extreme_053,Extreme,Serial-MRV,1,3,0.100668375,5927,1
extreme_053,Extreme,Serial-MRV,1,4,0.100344833,5927,1
extreme_053,Extreme,Serial-MRV,1,5,0.100597875,5927,1
extreme_053,Extreme,BranchBound,1,1,0.238413834,530866,1
extreme_053,Extreme,BranchBound,1,2,0.307274083,530866,1
extreme_053,Extreme,BranchBound,1,3,0.234301167,530866,1
extreme_053,Extreme,BranchBound,1,4,0.231309291,530866,1
extreme_053,Extreme,BranchBound,1,5,0.235214708,530866,1
extreme_053,Extreme,BranchBoundMRV,1,1,0.140069916,5927,1
extreme_053,Extreme,BranchBoundMRV,1,2,0.140095167,5927,1
extreme_053,Extreme,BranchBoundMRV,1,3,0.140665083,5927,1
extreme_053,Extreme,BranchBoundMRV,1,4,0.138882542,5927,1
extreme_053,Extreme,BranchBoundMRV,1,5,0.140202958,5927,1
extreme_053,Extreme,OpenMP,4,1,0.048708916,5931,1
extreme_053,Extreme,OpenMP,4,2,0.048349857,5931,1
extreme_053,Extreme,OpenMP,4,3,0.049472809,5931,1
extreme_053,Extreme,OpenMP,4,4,0.050069094,5931,1
extreme_053,Extreme,OpenMP,4,5,0.049733162,5931,1
extreme_053,Extreme,OpenMP,8,1,0.064116001,5931,1
extreme_053,Extreme,OpenMP,8,2,0.074726105,5931,1
extreme_053,Extreme,OpenMP,8,3,0.069470882,5931,1
extreme_053,Extreme,OpenMP,8,4,0.066793919,5931,1
extreme_053,Extreme,OpenMP,8,5,0.083478928,5931,1
extreme_053,Extreme,OpenMP,16,1,0.219548941,5931,1
extreme_053,Extreme,OpenMP,16,2,0.142426968,5931,1
extreme_053,Extreme,OpenMP,16,3,0.099460840,5931,1
extreme_053,Extreme,OpenMP,16,4,0.171134949,5931,1
extreme_053,Extreme,OpenMP,16,5,0.166370153,5931,1
extreme_053,Extreme,OMP-BranchBoundMRV,4,1,0.066837072,5931,1
extreme_053,Extreme,OMP-BranchBoundMRV,4,2,0.067240000,5931,1
extreme_053,Extreme,OMP-BranchBoundMRV,4,3,0.068623066,5931,1
extreme_053,Extreme,OMP-BranchBoundMRV,4,4,0.069132090,5931,1
extreme_053,Extreme,OMP-BranchBoundMRV,4,5,0.068248034,5931,1
extreme_053,Extreme,OMP-BranchBoundMRV,8,1,0.098167896,5931,1
extreme_053,Extreme,OMP-BranchBoundMRV,8,2,0.103513002,5931,1
extreme_053,Extreme,OMP-BranchBoundMRV,8,3,0.101247072,5931,1
extreme_053,Extreme,OMP-BranchBoundMRV,8,4,0.107182026,5931,1
extreme_053,Extreme,OMP-BranchBoundMRV,8,5,0.094676018,5931,1
extreme_053,Extreme,OMP-BranchBoundMRV,16,1,0.252549171,5931,1
extreme_053,Extreme,OMP-BranchBoundMRV,16,2,0.239668131,5931,1
extreme_053,Extreme,OMP-BranchBoundMRV,16,3,0.191165924,5732,1
extreme_053,Extreme,OMP-BranchBoundMRV,16,4,0.261378050,5931,1
extreme_053,Extreme,OMP-BranchBoundMRV,16,5,0.268647909,5414,1
extreme_054,Extreme,Serial,1,1,0.058093583,116374,1
extreme_054,Extreme,Serial,1,2,0.057000542,116374,1
extreme_054,Extreme,Serial,1,3,0.057137209,116374,1
extreme_054,Extreme,Serial,1,4,0.057356375,116374,1
extreme_054,Extreme,Serial,1,5,0.058124750,116374,1
extreme_054,Extreme,Serial-MRV,1,1,0.084762083,5256,1
extreme_054,Extreme,Serial-MRV,1,2,0.083408083,5256,1
extreme_054,Extreme,Serial-MRV,1,3,0.083575959,5256,1
extreme_054,Extreme,Serial-MRV,1,4,0.083222708,5256,1
extreme_054,Extreme,Serial-MRV,1,5,0.083005958,5256,1
extreme_054,Extreme,BranchBound,1,1,0.048577375,116374,1
extreme_054,Extreme,BranchBound,1,2,0.048470167,116374,1
extreme_054,Extreme,BranchBound,1,3,0.048536834,116374,1
extreme_054,Extreme,BranchBound,1,4,0.048496375,116374,1
extreme_054,Extreme,BranchBound,1,5,0.048365750,116374,1
extreme_054,Extreme,BranchBoundMRV,1,1,0.106613000,5256,1
extreme_054,Extreme,BranchBoundMRV,1,2,0.106539000,5256,1
extreme_054,Extreme,BranchBoundMRV,1,3,0.105860917,5256,1
extreme_054,Extreme,BranchBoundMRV,1,4,0.106398750,5256,1
extreme_054,Extreme,BranchBoundMRV,1,5,0.106969292,5256,1
extreme_054,Extreme,OpenMP,4,1,0.018965006,4484,1
extreme_054,Extreme,OpenMP,4,2,0.019013882,4480,1
extreme_054,Extreme,OpenMP,4,3,0.019119024,4519,1
extreme_054,Extreme,OpenMP,4,4,0.019159079,4531,1
extreme_054,Extreme,OpenMP,4,5,0.019047976,4489,1
extreme_054,Extreme,OpenMP,8,1,0.002557039,272,1
extreme_054,Extreme,OpenMP,8,2,0.003618002,733,1
extreme_054,Extreme,OpenMP,8,3,0.002439022,660,1
extreme_054,Extreme,OpenMP,8,4,0.001707077,429,1
extreme_054,Extreme,OpenMP,8,5,0.001096964,286,1
extreme_054,Extreme,OpenMP,16,1,0.021325827,174,1
extreme_054,Extreme,OpenMP,16,2,0.024485111,268,1
extreme_054,Extreme,OpenMP,16,3,0.021365881,397,1
extreme_054,Extreme,OpenMP,16,4,0.016466856,1173,1
extreme_054,Extreme,OpenMP,16,5,0.020776033,184,1
extreme_054,Extreme,OMP-BranchBoundMRV,4,1,0.023077011,4295,1
extreme_054,Extreme,OMP-BranchBoundMRV,4,2,0.022840977,4292,1
extreme_054,Extreme,OMP-BranchBoundMRV,4,3,0.022825003,4284,1
extreme_054,Extreme,OMP-BranchBoundMRV,4,4,0.022897959,4298,1
extreme_054,Extreme,OMP-BranchBoundMRV,4,5,0.022824049,4293,1
extreme_054,Extreme,OMP-BranchBoundMRV,8,1,0.003774166,583,1
extreme_054,Extreme,OMP-BranchBoundMRV,8,2,0.004370928,544,1
extreme_054,Extreme,OMP-BranchBoundMRV,8,3,0.003334045,523,1
extreme_054,Extreme,OMP-BranchBoundMRV,8,4,0.004687071,668,1
extreme_054,Extreme,OMP-BranchBoundMRV,8,5,0.019055128,3335,1
extreme_054,Extreme,OMP-BranchBoundMRV,16,1,0.044256926,617,1
extreme_054,Extreme,OMP-BranchBoundMRV,16,2,0.109913826,461,1
extreme_054,Extreme,OMP-BranchBoundMRV,16,3,0.057938099,533,1
extreme_054,Extreme,OMP-BranchBoundMRV,16,4,0.115013123,674,1
extreme_054,Extreme,OMP-BranchBoundMRV,16,5,0.066991091,1396,1
extreme_055,Extreme,Serial,1,1,0.182683083,383897,1
extreme_055,Extreme,Serial,1,2,0.183883166,383897,1
extreme_055,Extreme,Serial,1,3,0.182509375,383897,1
extreme_055,Extreme,Serial,1,4,0.185341917,383897,1
extreme_055,Extreme,Serial,1,5,0.183023833,383897,1
extreme_055,Extreme,Serial-MRV,1,1,0.125876125,7804,1
extreme_055,Extreme,Serial-MRV,1,2,0.125920334,7804,1
extreme_055,Extreme,Serial-MRV,1,3,0.125293459,7804,1
extreme_055,Extreme,Serial-MRV,1,4,0.125197125,7804,1
extreme_055,Extreme,Serial-MRV,1,5,0.127771375,7804,1
extreme_055,Extreme,BranchBound,1,1,0.168244125,383897,1
extreme_055,Extreme,BranchBound,1,2,0.167097792,383897,1
extreme_055,Extreme,BranchBound,1,3,0.166458250,383897,1
extreme_055,Extreme,BranchBound,1,4,0.169819584,383897,1
extreme_055,Extreme,BranchBound,1,5,0.166998209,383897,1
extreme_055,Extreme,BranchBoundMRV,1,1,0.163339167,7804,1
extreme_055,Extreme,BranchBoundMRV,1,2,0.163775333,7804,1
extreme_055,Extreme,BranchBoundMRV,1,3,0.164826125,7804,1
extreme_055,Extreme,BranchBoundMRV,1,4,0.164020291,7804,1
extreme_055,Extreme,BranchBoundMRV,1,5,0.165246625,7804,1
extreme_055,Extreme,OpenMP,4,1,0.008963108,1614,1
extreme_055,Extreme,OpenMP,4,2,0.009423971,1953,1
extreme_055,Extreme,OpenMP,4,3,0.009477854,1964,1
extreme_055,Extreme,OpenMP,4,4,0.009464979,1970,1
extreme_055,Extreme,OpenMP,4,5,0.009422064,1963,1
extreme_055,Extreme,OpenMP,8,1,0.010509968,1717,1
extreme_055,Extreme,OpenMP,8,2,0.014472961,1259,1
extreme_055,Extreme,OpenMP,8,3,0.010469913,1288,1
extreme_055,Extreme,OpenMP,8,4,0.009325027,1327,1
extreme_055,Extreme,OpenMP,8,5,0.009160042,1256,1
extreme_055,Extreme,OpenMP,16,1,0.026712894,679,1
extreme_055,Extreme,OpenMP,16,2,0.037099123,494,1
extreme_055,Extreme,OpenMP,16,3,0.031268835,1618,1
extreme_055,Extreme,OpenMP,16,4,0.034454107,1564,1
extreme_055,Extreme,OpenMP,16,5,0.045990944,1701,1
extreme_055,Extreme,OMP-BranchBoundMRV,4,1,0.012331009,1948,1
extreme_055,Extreme,OMP-BranchBoundMRV,4,2,0.012212038,1942,1
extreme_055,Extreme,OMP-BranchBoundMRV,4,3,0.012214899,1941,1
extreme_055,Extreme,OMP-BranchBoundMRV,4,4,0.012196064,1940,1
extreme_055,Extreme,OMP-BranchBoundMRV,4,5,0.012197971,1940,1
extreme_055,Extreme,OMP-BranchBoundMRV,8,1,0.013423204,1688,1
extreme_055,Extreme,OMP-BranchBoundMRV,8,2,0.012177944,1226,1
extreme_055,Extreme,OMP-BranchBoundMRV,8,3,0.011630058,1558,1
extreme_055,Extreme,OMP-BranchBoundMRV,8,4,0.015656948,1107,1
extreme_055,Extreme,OMP-BranchBoundMRV,8,5,0.012415886,1726,1
extreme_055,Extreme,OMP-BranchBoundMRV,16,1,0.045212984,1754,1
extreme_055,Extreme,OMP-BranchBoundMRV,16,2,0.092001200,1256,1
extreme_055,Extreme,OMP-BranchBoundMRV,16,3,0.032700062,1450,1
extreme_055,Extreme,OMP-BranchBoundMRV,16,4,0.029325962,803,1
extreme_055,Extreme,OMP-BranchBoundMRV,16,5,0.024604082,661,1
extreme_056,Extreme,Serial,1,1,0.100034584,201686,1
extreme_056,Extreme,Serial,1,2,0.100296541,201686,1
extreme_056,Extreme,Serial,1,3,0.100411958,201686,1
extreme_056,Extreme,Serial,1,4,0.100023292,201686,1
extreme_056,Extreme,Serial,1,5,0.101457375,201686,1
extreme_056,Extreme,Serial-MRV,1,1,0.097252333,5565,1
extreme_056,Extreme,Serial-MRV,1,2,0.096551375,5565,1
extreme_056,Extreme,Serial-MRV,1,3,0.096923208,5565,1
extreme_056,Extreme,Serial-MRV,1,4,0.096337125,5565,1
extreme_056,Extreme,Serial-MRV,1,5,0.096307834,5565,1
extreme_056,Extreme,BranchBound,1,1,0.085528542,201686,1
extreme_056,Extreme,BranchBound,1,2,0.085211041,201686,1
extreme_056,Extreme,BranchBound,1,3,0.085522750,201686,1
extreme_056,Extreme,BranchBound,1,4,0.086110833,201686,1
extreme_056,Extreme,BranchBound,1,5,0.085692084,201686,1
extreme_056,Extreme,BranchBoundMRV,1,1,0.125888875,5565,1
extreme_056,Extreme,BranchBoundMRV,1,2,0.125943500,5565,1
extreme_056,Extreme,BranchBoundMRV,1,3,0.125708250,5565,1
extreme_056,Extreme,BranchBoundMRV,1,4,0.127581041,5565,1
extreme_056,Extreme,BranchBoundMRV,1,5,0.126178875,5565,1
extreme_056,Extreme,OpenMP,4,1,0.010691166,2291,1
extreme_056,Extreme,OpenMP,4,2,0.010679007,2290,1
extreme_056,Extreme,OpenMP,4,3,0.010653973,2293,1
extreme_056,Extreme,OpenMP,4,4,0.010651112,2290,1
extreme_056,Extreme,OpenMP,4,5,0.010665894,2294,1
extreme_056,Extreme,OpenMP,8,1,0.017329931,3931,1
extreme_056,Extreme,OpenMP,8,2,0.011090040,2686,1
extreme_056,Extreme,OpenMP,8,3,0.020148039,4009,1
extreme_056,Extreme,OpenMP,8,4,0.012079954,2755,1
extreme_056,Extreme,OpenMP,8,5,0.023303986,4129,1
extreme_056,Extreme,OpenMP,16,1,0.146112919,6071,1
extreme_056,Extreme,OpenMP,16,2,0.080396891,2530,1
extreme_056,Extreme,OpenMP,16,3,0.159924030,5230,1
extreme_056,Extreme,OpenMP,16,4,0.046166897,2340,1
extreme_056,Extreme,OpenMP,16,5,0.037117004,2767,1
extreme_056,Extreme,OMP-BranchBoundMRV,4,1,0.013892174,2280,1
extreme_056,Extreme,OMP-BranchBoundMRV,4,2,0.013856888,2282,1
extreme_056,Extreme,OMP-BranchBoundMRV,4,3,0.013805866,2266,1
extreme_056,Extreme,OMP-BranchBoundMRV,4,4,0.014689922,2357,1
extreme_056,Extreme,OMP-BranchBoundMRV,4,5,0.014577866,2301,1
extreme_056,Extreme,OMP-BranchBoundMRV,8,1,0.024621964,3672,1
extreme_056,Extreme,OMP-BranchBoundMRV,8,2,0.024113894,3547,1
extreme_056,Extreme,OMP-BranchBoundMRV,8,3,0.021509886,3130,1
extreme_056,Extreme,OMP-BranchBoundMRV,8,4,0.027398825,3732,1
extreme_056,Extreme,OMP-BranchBoundMRV,8,5,0.019393921,3269,1
extreme_056,Extreme,OMP-BranchBoundMRV,16,1,0.144342899,3095,1
extreme_056,Extreme,OMP-BranchBoundMRV,16,2,0.086442947,3704,1
extreme_056,Extreme,OMP-BranchBoundMRV,16,3,0.080842018,3538,1
extreme_056,Extreme,OMP-BranchBoundMRV,16,4,0.083546162,3869,1
extreme_056,Extreme,OMP-BranchBoundMRV,16,5,0.083919048,4458,1
extreme_057,Extreme,Serial,1,1,0.002179792,4349,1
extreme_057,Extreme,Serial,1,2,0.002136250,4349,1
extreme_057,Extreme,Serial,1,3,0.002078833,4349,1
extreme_057,Extreme,Serial,1,4,0.002116500,4349,1
extreme_057,Extreme,Serial,1,5,0.002100708,4349,1
extreme_057,Extreme,Serial-MRV,1,1,0.082992292,5098,1
extreme_057,Extreme,Serial-MRV,1,2,0.082990791,5098,1
extreme_057,Extreme,Serial-MRV,1,3,0.083349750,5098,1
extreme_057,Extreme,Serial-MRV,1,4,0.084494208,5098,1
extreme_057,Extreme,Serial-MRV,1,5,0.083390625,5098,1
extreme_057,Extreme,BranchBound,1,1,0.001882292,4349,1
extreme_057,Extreme,BranchBound,1,2,0.001818375,4349,1
extreme_057,Extreme,BranchBound,1,3,0.001818083,4349,1
extreme_057,Extreme,BranchBound,1,4,0.001829833,4349,1
extreme_057,Extreme,BranchBound,1,5,0.001772584,4349,1
extreme_057,Extreme,BranchBoundMRV,1,1,0.103583625,5098,1
extreme_057,Extreme,BranchBoundMRV,1,2,0.103802958,5098,1
extreme_057,Extreme,BranchBoundMRV,1,3,0.103771375,5098,1
extreme_057,Extreme,BranchBoundMRV,1,4,0.104242625,5098,1
extreme_057,Extreme,BranchBoundMRV,1,5,0.104430583,5098,1
extreme_057,Extreme,OpenMP,4,1,0.003370047,538,1
extreme_057,Extreme,OpenMP,4,2,0.003381014,723,1
extreme_057,Extreme,OpenMP,4,3,0.003314018,536,1
extreme_057,Extreme,OpenMP,4,4,0.003377914,725,1
extreme_057,Extreme,OpenMP,4,5,0.003310919,533,1
extreme_057,Extreme,OpenMP,8,1,0.003345013,488,1
extreme_057,Extreme,OpenMP,8,2,0.008657217,1655,1
extreme_057,Extreme,OpenMP,8,3,0.003365993,507,1
extreme_057,Extreme,OpenMP,8,4,0.003343105,600,1
extreme_057,Extreme,OpenMP,8,5,0.008551121,1317,1
extreme_057,Extreme,OpenMP,16,1,0.071296215,467,1
extreme_057,Extreme,OpenMP,16,2,0.036528111,610,1
extreme_057,Extreme,OpenMP,16,3,0.023620844,691,1
extreme_057,Extreme,OpenMP,16,4,0.033396959,1145,1
extreme_057,Extreme,OpenMP,16,5,0.088569880,714,1
extreme_057,Extreme,OMP-BranchBoundMRV,4,1,0.004256964,538,1
extreme_057,Extreme,OMP-BranchBoundMRV,4,2,0.004312992,546,1
extreme_057,Extreme,OMP-BranchBoundMRV,4,3,0.004391909,550,1
extreme_057,Extreme,OMP-BranchBoundMRV,4,4,0.004243851,533,1
extreme_057,Extreme,OMP-BranchBoundMRV,4,5,0.004216909,538,1
extreme_057,Extreme,OMP-BranchBoundMRV,8,1,0.011466980,1176,1
extreme_057,Extreme,OMP-BranchBoundMRV,8,2,0.004369020,594,1
extreme_057,Extreme,OMP-BranchBoundMRV,8,3,0.008221149,944,1
extreme_057,Extreme,OMP-BranchBoundMRV,8,4,0.004255056,475,1
extreme_057,Extreme,OMP-BranchBoundMRV,8,5,0.014772892,1449,1
extreme_057,Extreme,OMP-BranchBoundMRV,16,1,0.040084124,617,1
extreme_057,Extreme,OMP-BranchBoundMRV,16,2,0.029649973,628,1
extreme_057,Extreme,OMP-BranchBoundMRV,16,3,0.024771929,1084,1
extreme_057,Extreme,OMP-BranchBoundMRV,16,4,0.121142864,2878,1
extreme_057,Extreme,OMP-BranchBoundMRV,16,5,0.032320023,611,1
extreme_058,Extreme,Serial,1,1,0.180795458,336626,1
extreme_058,Extreme,Serial,1,2,0.180947334,336626,1
extreme_058,Extreme,Serial,1,3,0.180817750,336626,1
extreme_058,Extreme,Serial,1,4,0.185303250,336626,1
extreme_058,Extreme,Serial,1,5,0.182813958,336626,1
extreme_058,Extreme,Serial-MRV,1,1,0.109887667,6574,1
extreme_058,Extreme,Serial-MRV,1,2,0.109836792,6574,1
extreme_058,Extreme,Serial-MRV,1,3,0.110260750,6574,1
extreme_058,Extreme,Serial-MRV,1,4,0.110334583,6574,1
extreme_058,Extreme,Serial-MRV,1,5,0.109713208,6574,1
extreme_058,Extreme,BranchBound,1,1,0.153516500,336626,1
extreme_058,Extreme,BranchBound,1,2,0.157109917,336626,1
extreme_058,Extreme,BranchBound,1,3,0.153752792,336626,1
extreme_058,Extreme,BranchBound,1,4,0.154188084,336626,1
extreme_058,Extreme,BranchBound,1,5,0.153068500,336626,1
extreme_058,Extreme,BranchBoundMRV,1,1,0.150688375,6574,1
extreme_058,Extreme,BranchBoundMRV,1,2,0.149863125,6574,1
extreme_058,Extreme,BranchBoundMRV,1,3,0.149867250,6574,1
extreme_058,Extreme,BranchBoundMRV,1,4,0.148969500,6574,1
extreme_058,Extreme,BranchBoundMRV,1,5,0.149853000,6574,1
extreme_058,Extreme,OpenMP,4,1,0.031151056,6524,1
extreme_058,Extreme,OpenMP,4,2,0.031110048,6509,1
extreme_058,Extreme,OpenMP,4,3,0.030879021,6478,1
extreme_058,Extreme,OpenMP,4,4,0.030750990,6471,1
extreme_058,Extreme,OpenMP,4,5,0.030704975,6475,1
extreme_058,Extreme,OpenMP,8,1,0.047492981,6847,1
extreme_058,Extreme,OpenMP,8,2,0.036264181,6550,1
extreme_058,Extreme,OpenMP,8,3,0.033030987,6182,1
extreme_058,Extreme,OpenMP,8,4,0.038699865,6379,1
extreme_058,Extreme,OpenMP,8,5,0.049384832,6897,1
extreme_058,Extreme,OpenMP,16,1,0.110518932,5785,1
extreme_058,Extreme,OpenMP,16,2,0.060814857,4222,1
extreme_058,Extreme,OpenMP,16,3,0.095892906,6648,1
extreme_058,Extreme,OpenMP,16,4,0.094037056,6371,1
extreme_058,Extreme,OpenMP,16,5,0.102434158,6870,1
extreme_058,Extreme,OMP-BranchBoundMRV,4,1,0.042083025,6469,1
extreme_058,Extreme,OMP-BranchBoundMRV,4,2,0.041643143,6472,1
extreme_058,Extreme,OMP-BranchBoundMRV,4,3,0.042847872,6500,1
extreme_058,Extreme,OMP-BranchBoundMRV,4,4,0.042517900,6342,1
extreme_058,Extreme,OMP-BranchBoundMRV,4,5,0.042510986,6442,1
extreme_058,Extreme,OMP-BranchBoundMRV,8,1,0.053176880,6862,1
extreme_058,Extreme,OMP-BranchBoundMRV,8,2,0.061608076,6897,1
extreme_058,Extreme,OMP-BranchBoundMRV,8,3,0.040329933,6267,1
extreme_058,Extreme,OMP-BranchBoundMRV,8,4,0.088613033,6897,1
extreme_058,Extreme,OMP-BranchBoundMRV,8,5,0.067077875,6746,1
extreme_058,Extreme,OMP-BranchBoundMRV,16,1,0.184097052,6897,1
extreme_058,Extreme,OMP-BranchBoundMRV,16,2,0.172409058,6712,1
extreme_058,Extreme,OMP-BranchBoundMRV,16,3,0.140557051,6293,1
extreme_058,Extreme,OMP-BranchBoundMRV,16,4,0.147485971,6609,1
extreme_058,Extreme,OMP-BranchBoundMRV,16,5,0.136762857,5701,1
extreme_059,Extreme,Serial,1,1,0.024443125,45002,1
extreme_059,Extreme,Serial,1,2,0.024143791,45002,1
extreme_059,Extreme,Serial,1,3,0.024079041,45002,1
extreme_059,Extreme,Serial,1,4,0.024094375,45002,1
extreme_059,Extreme,Serial,1,5,0.024073375,45002,1
extreme_059,Extreme,Serial-MRV,1,1,0.086838750,5941,1
extreme_059,Extreme,Serial-MRV,1,2,0.086712750,5941,1
extreme_059,Extreme,Serial-MRV,1,3,0.086693916,5941,1
extreme_059,Extreme,Serial-MRV,1,4,0.086770250,5941,1
extreme_059,Extreme,Serial-MRV,1,5,0.086845708,5941,1
extreme_059,Extreme,BranchBound,1,1,0.019612208,45002,1
extreme_059,Extreme,BranchBound,1,2,0.019653375,45002,1
extreme_059,Extreme,BranchBound,1,3,0.019826875,45002,1
extreme_059,Extreme,BranchBound,1,4,0.019998750,45002,1
extreme_059,Extreme,BranchBound,1,5,0.019758334,45002,1
extreme_059,Extreme,BranchBoundMRV,1,1,0.110589000,5941,1
extreme_059,Extreme,BranchBoundMRV,1,2,0.110178208,5941,1
extreme_059,Extreme,BranchBoundMRV,1,3,0.109809833,5941,1
extreme_059,Extreme,BranchBoundMRV,1,4,0.110716917,5941,1
extreme_059,Extreme,BranchBoundMRV,1,5,0.110233333,5941,1
extreme_059,Extreme,OpenMP,4,1,0.002740145,467,1
extreme_059,Extreme,OpenMP,4,2,0.002664089,457,1
extreme_059,Extreme,OpenMP,4,3,0.002662182,458,1
extreme_059,Extreme,OpenMP,4,4,0.002660990,459,1
extreme_059,Extreme,OpenMP,4,5,0.002661943,459,1
extreme_059,Extreme,OpenMP,8,1,0.008834124,1117,1
extreme_059,Extreme,OpenMP,8,2,0.006577015,1148,1
extreme_059,Extreme,OpenMP,8,3,0.002711058,510,1
extreme_059,Extreme,OpenMP,8,4,0.002854109,529,1
extreme_059,Extreme,OpenMP,8,5,0.006993055,1223,1
extreme_059,Extreme,OpenMP,16,1,0.022907972,408,1
extreme_059,Extreme,OpenMP,16,2,0.099308968,2780,1
extreme_059,Extreme,OpenMP,16,3,0.033765078,1357,1
extreme_059,Extreme,OpenMP,16,4,0.038014889,518,1
extreme_059,Extreme,OpenMP,16,5,0.033726931,1375,1
extreme_059,Extreme,OMP-BranchBoundMRV,4,1,0.003633022,636,1
extreme_059,Extreme,OMP-BranchBoundMRV,4,2,0.003609896,636,1
extreme_059,Extreme,OMP-BranchBoundMRV,4,3,0.003606796,638,1
extreme_059,Extreme,OMP-BranchBoundMRV,4,4,0.003599882,634,1
extreme_059,Extreme,OMP-BranchBoundMRV,4,5,0.003612041,635,1
extreme_059,Extreme,OMP-BranchBoundMRV,8,1,0.008622885,1188,1
extreme_059,Extreme,OMP-BranchBoundMRV,8,2,0.003653049,424,1
extreme_059,Extreme,OMP-BranchBoundMRV,8,3,0.008599043,1197,1
extreme_059,Extreme,OMP-BranchBoundMRV,8,4,0.003642082,548,1
extreme_059,Extreme,OMP-BranchBoundMRV,8,5,0.008615017,1167,1
extreme_059,Extreme,OMP-BranchBoundMRV,16,1,0.041421890,466,1
extreme_059,Extreme,OMP-BranchBoundMRV,16,2,0.025753975,436,1
extreme_059,Extreme,OMP-BranchBoundMRV,16,3,0.057507992,1398,1
extreme_059,Extreme,OMP-BranchBoundMRV,16,4,0.026551008,526,1
extreme_059,Extreme,OMP-BranchBoundMRV,16,5,0.060080051,424,1
extreme_060,Extreme,Serial,1,1,0.036312333,73798,1
extreme_060,Extreme,Serial,1,2,0.036122541,73798,1
extreme_060,Extreme,Serial,1,3,0.036073583,73798,1
extreme_060,Extreme,Serial,1,4,0.036312125,73798,1
extreme_060,Extreme,Serial,1,5,0.036135458,73798,1
extreme_060,Extreme,Serial-MRV,1,1,0.241357333,13988,1
extreme_060,Extreme,Serial-MRV,1,2,0.240402667,13988,1
extreme_060,Extreme,Serial-MRV,1,3,0.240678083,13988,1
extreme_060,Extreme,Serial-MRV,1,4,0.241006084,13988,1
extreme_060,Extreme,Serial-MRV,1,5,0.239556792,13988,1
extreme_060,Extreme,BranchBound,1,1,0.032672916,73798,1
extreme_060,Extreme,BranchBound,1,2,0.032531500,73798,1
extreme_060,Extreme,BranchBound,1,3,0.032526084,73798,1
extreme_060,Extreme,BranchBound,1,4,0.032552917,73798,1
extreme_060,Extreme,BranchBound,1,5,0.032492000,73798,1
extreme_060,Extreme,BranchBoundMRV,1,1,0.315385833,13988,1
extreme_060,Extreme,BranchBoundMRV,1,2,0.313088041,13988,1
extreme_060,Extreme,BranchBoundMRV,1,3,0.315103709,13988,1
extreme_060,Extreme,BranchBoundMRV,1,4,0.314466125,13988,1
extreme_060,Extreme,BranchBoundMRV,1,5,0.314718542,13988,1
extreme_060,Extreme,OpenMP,4,1,0.002319813,490,1
extreme_060,Extreme,OpenMP,4,2,0.002254009,479,1
extreme_060,Extreme,OpenMP,4,3,0.002233982,496,1
extreme_060,Extreme,OpenMP,4,4,0.002233982,495,1
extreme_060,Extreme,OpenMP,4,5,0.002274990,496,1
extreme_060,Extreme,OpenMP,8,1,0.006012917,1317,1
extreme_060,Extreme,OpenMP,8,2,0.002688885,649,1
extreme_060,Extreme,OpenMP,8,3,0.005554914,1539,1
extreme_060,Extreme,OpenMP,8,4,0.005368948,1554,1
extreme_060,Extreme,OpenMP,8,5,0.007213831,2054,1
extreme_060,Extreme,OpenMP,16,1,0.059385061,1979,1
extreme_060,Extreme,OpenMP,16,2,0.062936783,551,1
extreme_060,Extreme,OpenMP,16,3,0.025382042,657,1
extreme_060,Extreme,OpenMP,16,4,0.037580013,664,1
extreme_060,Extreme,OpenMP,16,5,0.053017139,4311,1
extreme_060,Extreme,OMP-BranchBoundMRV,4,1,0.003401995,533,1
extreme_060,Extreme,OMP-BranchBoundMRV,4,2,0.003535032,545,1
extreme_060,Extreme,OMP-BranchBoundMRV,4,3,0.003376961,531,1
extreme_060,Extreme,OMP-BranchBoundMRV,4,4,0.003471136,535,1
extreme_060,Extreme,OMP-BranchBoundMRV,4,5,0.003405094,535,1
extreme_060,Extreme,OMP-BranchBoundMRV,8,1,0.007959127,1727,1
extreme_060,Extreme,OMP-BranchBoundMRV,8,2,0.008085012,1818,1
extreme_060,Extreme,OMP-BranchBoundMRV,8,3,0.008033991,1787,1
extreme_060,Extreme,OMP-BranchBoundMRV,8,4,0.007930994,1767,1
extreme_060,Extreme,OMP-BranchBoundMRV,8,5,0.004247904,776,1
extreme_060,Extreme,OMP-BranchBoundMRV,16,1,0.094341040,698,1
extreme_060,Extreme,OMP-BranchBoundMRV,16,2,0.104538918,1421,1
extreme_060,Extreme,OMP-BranchBoundMRV,16,3,0.053761959,537,1
extreme_060,Extreme,OMP-BranchBoundMRV,16,4,0.066778898,1631,1
extreme_060,Extreme,OMP-BranchBoundMRV,16,5,0.060765028,1943,1
extreme_061,Extreme,Serial,1,1,0.089193917,185340,1
extreme_061,Extreme,Serial,1,2,0.089093416,185340,1
extreme_061,Extreme,Serial,1,3,0.089035666,185340,1
extreme_061,Extreme,Serial,1,4,0.089015667,185340,1
extreme_061,Extreme,Serial,1,5,0.089149292,185340,1
extreme_061,Extreme,Serial-MRV,1,1,0.082707500,5316,1
extreme_061,Extreme,Serial-MRV,1,2,0.082617000,5316,1
extreme_061,Extreme,Serial-MRV,1,3,0.082715833,5316,1
extreme_061,Extreme,Serial-MRV,1,4,0.082740334,5316,1
extreme_061,Extreme,Serial-MRV,1,5,0.082618458,5316,1
extreme_061,Extreme,BranchBound,1,1,0.080675375,185340,1
extreme_061,Extreme,BranchBound,1,2,0.080820416,185340,1
extreme_061,Extreme,BranchBound,1,3,0.080499166,185340,1
extreme_061,Extreme,BranchBound,1,4,0.080607667,185340,1
extreme_061,Extreme,BranchBound,1,5,0.080957542,185340,1
extreme_061,Extreme,BranchBoundMRV,1,1,0.104037500,5316,1
extreme_061,Extreme,BranchBoundMRV,1,2,0.103306875,5316,1
extreme_061,Extreme,BranchBoundMRV,1,3,0.103451708,5316,1
extreme_061,Extreme,BranchBoundMRV,1,4,0.103261917,5316,1
extreme_061,Extreme,BranchBoundMRV,1,5,0.103264208,5316,1
extreme_061,Extreme,OpenMP,4,1,0.014310122,3421,1
extreme_061,Extreme,OpenMP,4,2,0.014265776,3425,1
extreme_061,Extreme,OpenMP,4,3,0.014265060,3394,1
extreme_061,Extreme,OpenMP,4,4,0.014259100,3398,1
extreme_061,Extreme,OpenMP,4,5,0.014266014,3402,1
extreme_061,Extreme,OpenMP,8,1,0.028131962,5698,1
extreme_061,Extreme,OpenMP,8,2,0.021269083,5907,1
extreme_061,Extreme,OpenMP,8,3,0.036379814,6484,1
extreme_061,Extreme,OpenMP,8,4,0.035418987,6899,1
extreme_061,Extreme,OpenMP,8,5,0.022457123,5361,1
extreme_061,Extreme,OpenMP,16,1,0.125388145,5768,1
extreme_061,Extreme,OpenMP,16,2,0.049193859,4358,1
extreme_061,Extreme,OpenMP,16,3,0.043681145,4263,1
extreme_061,Extreme,OpenMP,16,4,0.105039835,4204,1
extreme_061,Extreme,OpenMP,16,5,0.054538012,5909,1
extreme_061,Extreme,OMP-BranchBoundMRV,4,1,0.018241882,3474,1
extreme_061,Extreme,OMP-BranchBoundMRV,4,2,0.018198967,3471,1
extreme_061,Extreme,OMP-BranchBoundMRV,4,3,0.018214941,3474,1
extreme_061,Extreme,OMP-BranchBoundMRV,4,4,0.018207073,3473,1
extreme_061,Extreme,OMP-BranchBoundMRV,4,5,0.018344164,3493,1
extreme_061,Extreme,OMP-BranchBoundMRV,8,1,0.022294044,5154,1
extreme_061,Extreme,OMP-BranchBoundMRV,8,2,0.035961866,5928,1
extreme_061,Extreme,OMP-BranchBoundMRV,8,3,0.027777910,5394,1
extreme_061,Extreme,OMP-BranchBoundMRV,8,4,0.030457973,5562,1
extreme_061,Extreme,OMP-BranchBoundMRV,8,5,0.022144079,4615,1
extreme_061,Extreme,OMP-BranchBoundMRV,16,1,0.123994112,9119,1
extreme_061,Extreme,OMP-BranchBoundMRV,16,2,0.122412920,4909,1
extreme_061,Extreme,OMP-BranchBoundMRV,16,3,0.033908844,3660,1
extreme_061,Extreme,OMP-BranchBoundMRV,16,4,0.112538099,5626,1
extreme_061,Extreme,OMP-BranchBoundMRV,16,5,0.044896126,3245,1
extreme_062,Extreme,Serial,1,1,0.045894250,94931,1
extreme_062,Extreme,Serial,1,2,0.045975292,94931,1
extreme_062,Extreme,Serial,1,3,0.045883625,94931,1
extreme_062,Extreme,Serial,1,4,0.046110584,94931,1
extreme_062,Extreme,Serial,1,5,0.045945042,94931,1
extreme_062,Extreme,Serial-MRV,1,1,0.095138959,5359,1
extreme_062,Extreme,Serial-MRV,1,2,0.095408625,5359,1
extreme_062,Extreme,Serial-MRV,1,3,0.095432333,5359,1
extreme_062,Extreme,Serial-MRV,1,4,0.094709458,5359,1
extreme_062,Extreme,Serial-MRV,1,5,0.095719291,5359,1
extreme_062,Extreme,BranchBound,1,1,0.041770209,94931,1
extreme_062,Extreme,BranchBound,1,2,0.041733375,94931,1
extreme_062,Extreme,BranchBound,1,3,0.041466875,94931,1
extreme_062,Extreme,BranchBound,1,4,0.041806125,94931,1
extreme_062,Extreme,BranchBound,1,5,0.041601458,94931,1
extreme_062,Extreme,BranchBoundMRV,1,1,0.118319875,5359,1
extreme_062,Extreme,BranchBoundMRV,1,2,0.121832750,5359,1
extreme_062,Extreme,BranchBoundMRV,1,3,0.119085042,5359,1
extreme_062,Extreme,BranchBoundMRV,1,4,0.119122625,5359,1
extreme_062,Extreme,BranchBoundMRV,1,5,0.118792458,5359,1
extreme_062,Extreme,OpenMP,4,1,0.019094944,4059,1
extreme_062,Extreme,OpenMP,4,2,0.018936872,4035,1
extreme_062,Extreme,OpenMP,4,3,0.016362906,3500,1
extreme_062,Extreme,OpenMP,4,4,0.018890858,4028,1
extreme_062,Extreme,OpenMP,4,5,0.016391993,3518,1
extreme_062,Extreme,OpenMP,8,1,0.023079157,4592,1
extreme_062,Extreme,OpenMP,8,2,0.030032158,5322,1
extreme_062,Extreme,OpenMP,8,3,0.016676188,3322,1
extreme_062,Extreme,OpenMP,8,4,0.022784948,4444,1
extreme_062,Extreme,OpenMP,8,5,0.042328119,5934,1
extreme_062,Extreme,OpenMP,16,1,0.101284027,6739,1
extreme_062,Extreme,OpenMP,16,2,0.108446121,5875,1
extreme_062,Extreme,OpenMP,16,3,0.095034838,4985,1
extreme_062,Extreme,OpenMP,16,4,0.097741127,6255,1
extreme_062,Extreme,OpenMP,16,5,0.070518017,4185,1
extreme_062,Extreme,OMP-BranchBoundMRV,4,1,0.024253130,4009,1
extreme_062,Extreme,OMP-BranchBoundMRV,4,2,0.024260044,4017,1
extreme_062,Extreme,OMP-BranchBoundMRV,4,3,0.024333954,4017,1
extreme_062,Extreme,OMP-BranchBoundMRV,4,4,0.024286032,4016,1
extreme_062,Extreme,OMP-BranchBoundMRV,4,5,0.024324894,4023,1
extreme_062,Extreme,OMP-BranchBoundMRV,8,1,0.035262108,5127,1
extreme_062,Extreme,OMP-BranchBoundMRV,8,2,0.032727003,5033,1
extreme_062,Extreme,OMP-BranchBoundMRV,8,3,0.029260159,4323,1
extreme_062,Extreme,OMP-BranchBoundMRV,8,4,0.028058052,4326,1
extreme_062,Extreme,OMP-BranchBoundMRV,8,5,0.032571077,4755,1
extreme_062,Extreme,OMP-BranchBoundMRV,16,1,0.140848875,5880,1
extreme_062,Extreme,OMP-BranchBoundMRV,16,2,0.139630795,5279,1
extreme_062,Extreme,OMP-BranchBoundMRV,16,3,0.061639071,3011,1
extreme_062,Extreme,OMP-BranchBoundMRV,16,4,0.120044947,5346,1
extreme_062,Extreme,OMP-BranchBoundMRV,16,5,0.081792116,2689,1
extreme_063,Extreme,Serial,1,1,0.016426458,33377,1
extreme_063,Extreme,Serial,1,2,0.016463416,33377,1
extreme_063,Extreme,Serial,1,3,0.016523917,33377,1
extreme_063,Extreme,Serial,1,4,0.016420875,33377,1
extreme_063,Extreme,Serial,1,5,0.016475625,33377,1
extreme_063,Extreme,Serial-MRV,1,1,0.096860958,6503,1
extreme_063,Extreme,Serial-MRV,1,2,0.096257125,6503,1
extreme_063,Extreme,Serial-MRV,1,3,0.096438541,6503,1
extreme_063,Extreme,Serial-MRV,1,4,0.095996416,6503,1
extreme_063,Extreme,Serial-MRV,1,5,0.098517167,6503,1
extreme_063,Extreme,BranchBound,1,1,0.014427000,33377,1
extreme_063,Extreme,BranchBound,1,2,0.014431917,33377,1
extreme_063,Extreme,BranchBound,1,3,0.014396584,33377,1
extreme_063,Extreme,BranchBound,1,4,0.013990416,33377,1
extreme_063,Extreme,BranchBound,1,5,0.014050959,33377,1
extreme_063,Extreme,BranchBoundMRV,1,1,0.117587333,6503,1
extreme_063,Extreme,BranchBoundMRV,1,2,0.118024708,6503,1
extreme_063,Extreme,BranchBoundMRV,1,3,0.117171333,6503,1
extreme_063,Extreme,BranchBoundMRV,1,4,0.119675584,6503,1
extreme_063,Extreme,BranchBoundMRV,1,5,0.117496709,6503,1
extreme_063,Extreme,OpenMP,4,1,0.031599998,7751,1
extreme_063,Extreme,OpenMP,4,2,0.023492098,5900,1
extreme_063,Extreme,OpenMP,4,3,0.023473024,5902,1
extreme_063,Extreme,OpenMP,4,4,0.023463964,5907,1
extreme_063,Extreme,OpenMP,4,5,0.031768084,7791,1
extreme_063,Extreme,OpenMP,8,1,0.010355949,1732,1
extreme_063,Extreme,OpenMP,8,2,0.012822151,2121,1
extreme_063,Extreme,OpenMP,8,3,0.010051966,1901,1
extreme_063,Extreme,OpenMP,8,4,0.015700102,604,1
extreme_063,Extreme,OpenMP,8,5,0.005508900,726,1
extreme_063,Extreme,OpenMP,16,1,0.044985056,1717,1
extreme_063,Extreme,OpenMP,16,2,0.061630964,1859,1
extreme_063,Extreme,OpenMP,16,3,0.019190073,728,1
extreme_063,Extreme,OpenMP,16,4,0.044440985,1741,1
extreme_063,Extreme,OpenMP,16,5,0.028743029,1842,1
extreme_063,Extreme,OMP-BranchBoundMRV,4,1,0.028772831,5995,1
extreme_063,Extreme,OMP-BranchBoundMRV,4,2,0.038362026,7814,1
extreme_063,Extreme,OMP-BranchBoundMRV,4,3,0.038532019,7826,1
extreme_063,Extreme,OMP-BranchBoundMRV,4,4,0.038467884,7825,1
extreme_063,Extreme,OMP-BranchBoundMRV,4,5,0.028844833,5298,1
extreme_063,Extreme,OMP-BranchBoundMRV,8,1,0.007825136,1652,1
extreme_063,Extreme,OMP-BranchBoundMRV,8,2,0.010828972,2237,1
extreme_063,Extreme,OMP-BranchBoundMRV,8,3,0.008625984,1390,1
extreme_063,Extreme,OMP-BranchBoundMRV,8,4,0.033850193,5928,1
extreme_063,Extreme,OMP-BranchBoundMRV,8,5,0.010680914,1485,1
extreme_063,Extreme,OMP-BranchBoundMRV,16,1,0.041690111,1675,1
extreme_063,Extreme,OMP-BranchBoundMRV,16,2,0.050469875,1067,1
extreme_063,Extreme,OMP-BranchBoundMRV,16,3,0.065636158,1254,1
extreme_063,Extreme,OMP-BranchBoundMRV,16,4,0.052579880,2348,1
extreme_063,Extreme,OMP-BranchBoundMRV,16,5,0.031920910,1918,1
extreme_064,Extreme,Serial,1,1,0.010338500,21266,1
extreme_064,Extreme,Serial,1,2,0.010471541,21266,1
extreme_064,Extreme,Serial,1,3,0.010197333,21266,1
extreme_064,Extreme,Serial,1,4,0.010318708,21266,1
extreme_064,Extreme,Serial,1,5,0.010320791,21266,1
extreme_064,Extreme,Serial-MRV,1,1,0.133523625,7611,1
extreme_064,Extreme,Serial-MRV,1,2,0.134049416,7611,1
extreme_064,Extreme,Serial-MRV,1,3,0.134596833,7611,1
extreme_064,Extreme,Serial-MRV,1,4,0.134655916,7611,1
extreme_064,Extreme,Serial-MRV,1,5,0.133705875,7611,1
extreme_064,Extreme,BranchBound,1,1,0.008848042,21266,1
extreme_064,Extreme,BranchBound,1,2,0.008837125,21266,1
extreme_064,Extreme,BranchBound,1,3,0.008812084,21266,1
extreme_064,Extreme,BranchBound,1,4,0.008758250,21266,1
extreme_064,Extreme,BranchBound,1,5,0.008927167,21266,1
extreme_064,Extreme,BranchBoundMRV,1,1,0.184854000,7611,1
extreme_064,Extreme,BranchBoundMRV,1,2,0.185402833,7611,1
extreme_064,Extreme,BranchBoundMRV,1,3,0.183331375,7611,1
extreme_064,Extreme,BranchBoundMRV,1,4,0.183836583,7611,1
extreme_064,Extreme,BranchBoundMRV,1,5,0.183656542,7611,1
extreme_064,Extreme,OpenMP,4,1,0.027647018,4703,1
extreme_064,Extreme,OpenMP,4,2,0.027606010,4436,1
extreme_064,Extreme,OpenMP,4,3,0.027484179,4414,1
extreme_064,Extreme,OpenMP,4,4,0.027600050,4437,1
extreme_064,Extreme,OpenMP,4,5,0.027729034,4727,1
extreme_064,Extreme,OpenMP,8,1,0.036109924,4450,1
extreme_064,Extreme,OpenMP,8,2,0.040009022,5124,1
extreme_064,Extreme,OpenMP,8,3,0.045530081,4477,1
extreme_064,Extreme,OpenMP,8,4,0.034782887,4908,1
extreme_064,Extreme,OpenMP,8,5,0.039721012,5177,1
extreme_064,Extreme,OpenMP,16,1,0.112040043,4973,1
extreme_064,Extreme,OpenMP,16,2,0.122259140,7657,1
extreme_064,Extreme,OpenMP,16,3,0.106923103,5412,1
extreme_064,Extreme,OpenMP,16,4,0.077559948,5239,1
extreme_064,Extreme,OpenMP,16,5,0.054822922,3612,1
extreme_064,Extreme,OMP-BranchBoundMRV,4,1,0.038794994,4798,1
extreme_064,Extreme,OMP-BranchBoundMRV,4,2,0.038899899,4777,1
extreme_064,Extreme,OMP-BranchBoundMRV,4,3,0.039271832,4800,1
extreme_064,Extreme,OMP-BranchBoundMRV,4,4,0.039432049,4796,1
extreme_064,Extreme,OMP-BranchBoundMRV,4,5,0.039658070,4797,1
extreme_064,Extreme,OMP-BranchBoundMRV,8,1,0.060624838,5442,1
extreme_064,Extreme,OMP-BranchBoundMRV,8,2,0.052626133,5236,1
extreme_064,Extreme,OMP-BranchBoundMRV,8,3,0.066236019,5929,1
extreme_064,Extreme,OMP-BranchBoundMRV,8,4,0.051992893,4966,1
extreme_064,Extreme,OMP-BranchBoundMRV,8,5,0.051783085,5005,1
extreme_064,Extreme,OMP-BranchBoundMRV,16,1,0.260312796,6336,1
extreme_064,Extreme,OMP-BranchBoundMRV,16,2,0.137762070,5129,1
extreme_064,Extreme,OMP-BranchBoundMRV,16,3,0.125235796,5275,1
extreme_064,Extreme,OMP-BranchBoundMRV,16,4,0.162987947,5304,1
extreme_064,Extreme,OMP-BranchBoundMRV,16,5,0.155490875,5418,1
extreme_065,Extreme,Serial,1,1,0.075958916,148950,1
extreme_065,Extreme,Serial,1,2,0.074397458,148950,1
extreme_065,Extreme,Serial,1,3,0.074179875,148950,1
extreme_065,Extreme,Serial,1,4,0.074310917,148950,1
extreme_065,Extreme,Serial,1,5,0.074173125,148950,1
extreme_065,Extreme,Serial-MRV,1,1,0.100392708,5833,1
extreme_065,Extreme,Serial-MRV,1,2,0.101020375,5833,1
extreme_065,Extreme,Serial-MRV,1,3,0.108079209,5833,1
extreme_065,Extreme,Serial-MRV,1,4,0.105750792,5833,1
extreme_065,Extreme,Serial-MRV,1,5,0.103394416,5833,1
extreme_065,Extreme,BranchBound,1,1,0.065314583,148950,1
extreme_065,Extreme,BranchBound,1,2,0.065363208,148950,1
extreme_065,Extreme,BranchBound,1,3,0.065321041,148950,1
extreme_065,Extreme,BranchBound,1,4,0.065797417,148950,1
extreme_065,Extreme,BranchBound,1,5,0.065451875,148950,1
extreme_065,Extreme,BranchBoundMRV,1,1,0.147598958,5833,1
extreme_065,Extreme,BranchBoundMRV,1,2,0.144511209,5833,1
extreme_065,Extreme,BranchBoundMRV,1,3,0.139505750,5833,1
extreme_065,Extreme,BranchBoundMRV,1,4,0.139278750,5833,1
extreme_065,Extreme,BranchBoundMRV,1,5,0.139215792,5833,1
extreme_065,Extreme,OpenMP,4,1,0.002659082,533,1
extreme_065,Extreme,OpenMP,4,2,0.002639055,532,1
extreme_065,Extreme,OpenMP,4,3,0.001552105,269,1
extreme_065,Extreme,OpenMP,4,4,0.002910852,527,1
extreme_065,Extreme,OpenMP,4,5,0.001441956,269,1
extreme_065,Extreme,OpenMP,8,1,0.008407116,923,1
extreme_065,Extreme,OpenMP,8,2,0.005318165,1175,1
extreme_065,Extreme,OpenMP,8,3,0.003490925,853,1
extreme_065,Extreme,OpenMP,8,4,0.004096031,633,1
extreme_065,Extreme,OpenMP,8,5,0.006510973,1543,1
extreme_065,Extreme,OpenMP,16,1,0.023735046,1453,1
extreme_065,Extreme,OpenMP,16,2,0.033545017,314,1
extreme_065,Extreme,OpenMP,16,3,0.058562994,822,1
extreme_065,Extreme,OpenMP,16,4,0.069371939,1626,1
extreme_065,Extreme,OpenMP,16,5,0.051826000,662,1
extreme_065,Extreme,OMP-BranchBoundMRV,4,1,0.003650904,526,1
extreme_065,Extreme,OMP-BranchBoundMRV,4,2,0.003649950,526,1
extreme_065,Extreme,OMP-BranchBoundMRV,4,3,0.003634930,525,1
extreme_065,Extreme,OMP-BranchBoundMRV,4,4,0.003632069,525,1
extreme_065,Extreme,OMP-BranchBoundMRV,4,5,0.003633976,525,1
extreme_065,Extreme,OMP-BranchBoundMRV,8,1,0.009757042,1578,1
extreme_065,Extreme,OMP-BranchBoundMRV,8,2,0.010113001,1759,1
extreme_065,Extreme,OMP-BranchBoundMRV,8,3,0.003681183,531,1
extreme_065,Extreme,OMP-BranchBoundMRV,8,4,0.005172014,671,1
extreme_065,Extreme,OMP-BranchBoundMRV,8,5,0.005840778,1177,1
extreme_065,Extreme,OMP-BranchBoundMRV,16,1,0.022454023,1032,1
extreme_065,Extreme,OMP-BranchBoundMRV,16,2,0.025141001,622,1
extreme_065,Extreme,OMP-BranchBoundMRV,16,3,0.026104927,356,1
extreme_065,Extreme,OMP-BranchBoundMRV,16,4,0.023929119,843,1
extreme_065,Extreme,OMP-BranchBoundMRV,16,5,0.063400030,1946,1
extreme_066,Extreme,Serial,1,1,0.028590166,59382,1
extreme_066,Extreme,Serial,1,2,0.028403209,59382,1
extreme_066,Extreme,Serial,1,3,0.028259750,59382,1
extreme_066,Extreme,Serial,1,4,0.028321958,59382,1
extreme_066,Extreme,Serial,1,5,0.028385875,59382,1
extreme_066,Extreme,Serial-MRV,1,1,0.088679042,5310,1
extreme_066,Extreme,Serial-MRV,1,2,0.089048041,5310,1
extreme_066,Extreme,Serial-MRV,1,3,0.088712417,5310,1
extreme_066,Extreme,Serial-MRV,1,4,0.087996500,5310,1
extreme_066,Extreme,Serial-MRV,1,5,0.088431709,5310,1
extreme_066,Extreme,BranchBound,1,1,0.025180791,59382,1
extreme_066,Extreme,BranchBound,1,2,0.025184458,59382,1
extreme_066,Extreme,BranchBound,1,3,0.025226000,59382,1
extreme_066,Extreme,BranchBound,1,4,0.025102583,59382,1
extreme_066,Extreme,BranchBound,1,5,0.025117667,59382,1
extreme_066,Extreme,BranchBoundMRV,1,1,0.111518792,5310,1
extreme_066,Extreme,BranchBoundMRV,1,2,0.111400167,5310,1
extreme_066,Extreme,BranchBoundMRV,1,3,0.111238667,5310,1
extreme_066,Extreme,BranchBoundMRV,1,4,0.110858708,5310,1
extreme_066,Extreme,BranchBoundMRV,1,5,0.112783375,5310,1
extreme_066,Extreme,OpenMP,4,1,0.037776947,4141,1
extreme_066,Extreme,OpenMP,4,2,0.038224936,4163,1
extreme_066,Extreme,OpenMP,4,3,0.038166046,4188,1
extreme_066,Extreme,OpenMP,4,4,0.037529945,4149,1
extreme_066,Extreme,OpenMP,4,5,0.037240028,4191,1
extreme_066,Extreme,OpenMP,8,1,0.045702934,3889,1
extreme_066,Extreme,OpenMP,8,2,0.062129974,4457,1
extreme_066,Extreme,OpenMP,8,3,0.055327892,4530,1
extreme_066,Extreme,OpenMP,8,4,0.055869102,4134,1
extreme_066,Extreme,OpenMP,8,5,0.046342134,4484,1
extreme_066,Extreme,OpenMP,16,1,0.175528049,5310,1
extreme_066,Extreme,OpenMP,16,2,0.092144966,4346,1
extreme_066,Extreme,OpenMP,16,3,0.098160982,3776,1
extreme_066,Extreme,OpenMP,16,4,0.132375002,4968,1
extreme_066,Extreme,OpenMP,16,5,0.143800974,4626,1
extreme_066,Extreme,OMP-BranchBoundMRV,4,1,0.046288967,4149,1
extreme_066,Extreme,OMP-BranchBoundMRV,4,2,0.047583818,4136,1
extreme_066,Extreme,OMP-BranchBoundMRV,4,3,0.048509121,4169,1
extreme_066,Extreme,OMP-BranchBoundMRV,4,4,0.049038887,4149,1
extreme_066,Extreme,OMP-BranchBoundMRV,4,5,0.050404072,4202,1
extreme_066,Extreme,OMP-BranchBoundMRV,8,1,0.066389084,3713,1
extreme_066,Extreme,OMP-BranchBoundMRV,8,2,0.066088915,3704,1
extreme_066,Extreme,OMP-BranchBoundMRV,8,3,0.067723989,3659,1
extreme_066,Extreme,OMP-BranchBoundMRV,8,4,0.082839966,4136,1
extreme_066,Extreme,OMP-BranchBoundMRV,8,5,0.072716951,4468,1
extreme_066,Extreme,OMP-BranchBoundMRV,16,1,0.264868021,5310,1
extreme_066,Extreme,OMP-BranchBoundMRV,16,2,0.194810152,4190,1
extreme_066,Extreme,OMP-BranchBoundMRV,16,3,0.254244804,5310,1
extreme_066,Extreme,OMP-BranchBoundMRV,16,4,0.159467220,3415,1
extreme_066,Extreme,OMP-BranchBoundMRV,16,5,0.155736208,4531,1
extreme_067,Extreme,Serial,1,1,0.066655166,130417,1
extreme_067,Extreme,Serial,1,2,0.065280542,130417,1
extreme_067,Extreme,Serial,1,3,0.065387833,130417,1
extreme_067,Extreme,Serial,1,4,0.065770333,130417,1
extreme_067,Extreme,Serial,1,5,0.065578875,130417,1
extreme_067,Extreme,Serial-MRV,1,1,0.106533375,6445,1
extreme_067,Extreme,Serial-MRV,1,2,0.104302833,6445,1
extreme_067,Extreme,Serial-MRV,1,3,0.104288167,6445,1
extreme_067,Extreme,Serial-MRV,1,4,0.104485417,6445,1
extreme_067,Extreme,Serial-MRV,1,5,0.103708875,6445,1
extreme_067,Extreme,BranchBound,1,1,0.057197167,130417,1
extreme_067,Extreme,BranchBound,1,2,0.057616166,130417,1
extreme_067,Extreme,BranchBound,1,3,0.058040042,130417,1
extreme_067,Extreme,BranchBound,1,4,0.058093708,130417,1
extreme_067,Extreme,BranchBound,1,5,0.057426750,130417,1
extreme_067,Extreme,BranchBoundMRV,1,1,0.140456334,6445,1
extreme_067,Extreme,BranchBoundMRV,1,2,0.141630208,6445,1
extreme_067,Extreme,BranchBoundMRV,1,3,0.140872959,6445,1
extreme_067,Extreme,BranchBoundMRV,1,4,0.141063416,6445,1
extreme_067,Extreme,BranchBoundMRV,1,5,0.141071958,6445,1
extreme_067,Extreme,OpenMP,4,1,0.035983086,6300,1
extreme_067,Extreme,OpenMP,4,2,0.035649061,6248,1
extreme_067,Extreme,OpenMP,4,3,0.035623074,6238,1
extreme_067,Extreme,OpenMP,4,4,0.035980940,5287,1
extreme_067,Extreme,OpenMP,4,5,0.035680056,6248,1
extreme_067,Extreme,OpenMP,8,1,0.063341856,6445,1
extreme_067,Extreme,OpenMP,8,2,0.057224989,6438,1
extreme_067,Extreme,OpenMP,8,3,0.070889950,6445,1
extreme_067,Extreme,OpenMP,8,4,0.046090126,5744,1
extreme_067,Extreme,OpenMP,8,5,0.048411131,5699,1
extreme_067,Extreme,OpenMP,16,1,0.146794081,6445,1
extreme_067,Extreme,OpenMP,16,2,0.113506079,6445,1
extreme_067,Extreme,OpenMP,16,3,0.104586840,6445,1
extreme_067,Extreme,OpenMP,16,4,0.087456942,5225,1
extreme_067,Extreme,OpenMP,16,5,0.147776127,5115,1
extreme_067,Extreme,OMP-BranchBoundMRV,4,1,0.049797058,6445,1
extreme_067,Extreme,OMP-BranchBoundMRV,4,2,0.050075054,6425,1
extreme_067,Extreme,OMP-BranchBoundMRV,4,3,0.049293995,6416,1
extreme_067,Extreme,OMP-BranchBoundMRV,4,4,0.049165010,6415,1
extreme_067,Extreme,OMP-BranchBoundMRV,4,5,0.047832012,6415,1
extreme_067,Extreme,OMP-BranchBoundMRV,8,1,0.079006195,6445,1
extreme_067,Extreme,OMP-BranchBoundMRV,8,2,0.079849005,6445,1
extreme_067,Extreme,OMP-BranchBoundMRV,8,3,0.054370880,6429,1
extreme_067,Extreme,OMP-BranchBoundMRV,8,4,0.076353788,6445,1
extreme_067,Extreme,OMP-BranchBoundMRV,8,5,0.073247910,6445,1
extreme_067,Extreme,OMP-BranchBoundMRV,16,1,0.137182951,5494,1
extreme_067,Extreme,OMP-BranchBoundMRV,16,2,0.166139126,6445,1
extreme_067,Extreme,OMP-BranchBoundMRV,16,3,0.148787022,6445,1
extreme_067,Extreme,OMP-BranchBoundMRV,16,4,0.168323040,5688,1
extreme_067,Extreme,OMP-BranchBoundMRV,16,5,0.147794008,5811,1
extreme_068,Extreme,Serial,1,1,0.027230292,53244,1
extreme_068,Extreme,Serial,1,2,0.025976875,53244,1
extreme_068,Extreme,Serial,1,3,0.026149917,53244,1
extreme_068,Extreme,Serial,1,4,0.025946250,53244,1
extreme_068,Extreme,Serial,1,5,0.025775833,53244,1
extreme_068,Extreme,Serial-MRV,1,1,0.085238333,5462,1
extreme_068,Extreme,Serial-MRV,1,2,0.085031250,5462,1
extreme_068,Extreme,Serial-MRV,1,3,0.085206625,5462,1
extreme_068,Extreme,Serial-MRV,1,4,0.085097625,5462,1
extreme_068,Extreme,Serial-MRV,1,5,0.084998250,5462,1
extreme_068,Extreme,BranchBound,1,1,0.023547875,53244,1
extreme_068,Extreme,BranchBound,1,2,0.023895542,53244,1
extreme_068,Extreme,BranchBound,1,3,0.023773541,53244,1
extreme_068,Extreme,BranchBound,1,4,0.024118000,53244,1
extreme_068,Extreme,BranchBound,1,5,0.024215750,53244,1
extreme_068,Extreme,BranchBoundMRV,1,1,0.104439458,5462,1
extreme_068,Extreme,BranchBoundMRV,1,2,0.102706000,5462,1
extreme_068,Extreme,BranchBoundMRV,1,3,0.105377875,5462,1
extreme_068,Extreme,BranchBoundMRV,1,4,0.103752250,5462,1
extreme_068,Extreme,BranchBoundMRV,1,5,0.103373709,5462,1
extreme_068,Extreme,OpenMP,4,1,0.018288851,4413,1
extreme_068,Extreme,OpenMP,4,2,0.018156052,4431,1
extreme_068,Extreme,OpenMP,4,3,0.018312931,4432,1
extreme_068,Extreme,OpenMP,4,4,0.018833876,4319,1
extreme_068,Extreme,OpenMP,4,5,0.018567801,4314,1
extreme_068,Extreme,OpenMP,8,1,0.035906076,8592,1
extreme_068,Extreme,OpenMP,8,2,0.030844927,7906,1
extreme_068,Extreme,OpenMP,8,3,0.025101900,6252,1
extreme_068,Extreme,OpenMP,8,4,0.026134014,6893,1
extreme_068,Extreme,OpenMP,8,5,0.038368940,8579,1
extreme_068,Extreme,OpenMP,16,1,0.073029041,8795,1
extreme_068,Extreme,OpenMP,16,2,0.054346085,6359,1
extreme_068,Extreme,OpenMP,16,3,0.117611170,8256,1
extreme_068,Extreme,OpenMP,16,4,0.060497999,6685,1
extreme_068,Extreme,OpenMP,16,5,0.061974049,7074,1
extreme_068,Extreme,OMP-BranchBoundMRV,4,1,0.021893024,4441,1
extreme_068,Extreme,OMP-BranchBoundMRV,4,2,0.021828175,4414,1
extreme_068,Extreme,OMP-BranchBoundMRV,4,3,0.021846056,4432,1
extreme_068,Extreme,OMP-BranchBoundMRV,4,4,0.021799088,4411,1
extreme_068,Extreme,OMP-BranchBoundMRV,4,5,0.021810055,4420,1
extreme_068,Extreme,OMP-BranchBoundMRV,8,1,0.028950930,6815,1
extreme_068,Extreme,OMP-BranchBoundMRV,8,2,0.048348904,8418,1
extreme_068,Extreme,OMP-BranchBoundMRV,8,3,0.041591883,7868,1
extreme_068,Extreme,OMP-BranchBoundMRV,8,4,0.026032925,5902,1
extreme_068,Extreme,OMP-BranchBoundMRV,8,5,0.028927088,5527,1
extreme_068,Extreme,OMP-BranchBoundMRV,16,1,0.098217964,6267,1
extreme_068,Extreme,OMP-BranchBoundMRV,16,2,0.164062977,8704,1
extreme_068,Extreme,OMP-BranchBoundMRV,16,3,0.102186918,6106,1
extreme_068,Extreme,OMP-BranchBoundMRV,16,4,0.093852997,6510,1
extreme_068,Extreme,OMP-BranchBoundMRV,16,5,0.059962034,7309,1
extreme_069,Extreme,Serial,1,1,0.019292541,35405,1
extreme_069,Extreme,Serial,1,2,0.019321667,35405,1
extreme_069,Extreme,Serial,1,3,0.019007625,35405,1
extreme_069,Extreme,Serial,1,4,0.018874917,35405,1
extreme_069,Extreme,Serial,1,5,0.018373917,35405,1
extreme_069,Extreme,Serial-MRV,1,1,0.082079250,5757,1
extreme_069,Extreme,Serial-MRV,1,2,0.082915708,5757,1
extreme_069,Extreme,Serial-MRV,1,3,0.081986833,5757,1
extreme_069,Extreme,Serial-MRV,1,4,0.082279708,5757,1
extreme_069,Extreme,Serial-MRV,1,5,0.082404208,5757,1
extreme_069,Extreme,BranchBound,1,1,0.016183500,35405,1
extreme_069,Extreme,BranchBound,1,2,0.016024292,35405,1
extreme_069,Extreme,BranchBound,1,3,0.016137792,35405,1
extreme_069,Extreme,BranchBound,1,4,0.015945208,35405,1
extreme_069,Extreme,BranchBound,1,5,0.015867125,35405,1
extreme_069,Extreme,BranchBoundMRV,1,1,0.110860875,5757,1
extreme_069,Extreme,BranchBoundMRV,1,2,0.110931416,5757,1
extreme_069,Extreme,BranchBoundMRV,1,3,0.109855083,5757,1
extreme_069,Extreme,BranchBoundMRV,1,4,0.109852292,5757,1
extreme_069,Extreme,BranchBoundMRV,1,5,0.110257334,5757,1
extreme_069,Extreme,OpenMP,4,1,0.036520004,5827,1
extreme_069,Extreme,OpenMP,4,2,0.036454916,5831,1
extreme_069,Extreme,OpenMP,4,3,0.037393808,5771,1
extreme_069,Extreme,OpenMP,4,4,0.035981894,5795,1
extreme_069,Extreme,OpenMP,4,5,0.036330938,5839,1
extreme_069,Extreme,OpenMP,8,1,0.044831991,6847,1
extreme_069,Extreme,OpenMP,8,2,0.040461063,5607,1
extreme_069,Extreme,OpenMP,8,3,0.043074131,5712,1
extreme_069,Extreme,OpenMP,8,4,0.042574167,6497,1
extreme_069,Extreme,OpenMP,8,5,0.039313078,6120,1
extreme_069,Extreme,OpenMP,16,1,0.145004988,6461,1
extreme_069,Extreme,OpenMP,16,2,0.149241924,6530,1
extreme_069,Extreme,OpenMP,16,3,0.114075899,6743,1
extreme_069,Extreme,OpenMP,16,4,0.092730999,5315,1
extreme_069,Extreme,OpenMP,16,5,0.144200802,7252,1
extreme_069,Extreme,OMP-BranchBoundMRV,4,1,0.055017948,5996,1
extreme_069,Extreme,OMP-BranchBoundMRV,4,2,0.052317142,5833,1
extreme_069,Extreme,OMP-BranchBoundMRV,4,3,0.051891088,5778,1
extreme_069,Extreme,OMP-BranchBoundMRV,4,4,0.051895142,5809,1
extreme_069,Extreme,OMP-BranchBoundMRV,4,5,0.051856995,5853,1
extreme_069,Extreme,OMP-BranchBoundMRV,8,1,0.045743942,5951,1
extreme_069,Extreme,OMP-BranchBoundMRV,8,2,0.051980019,6113,1
extreme_069,Extreme,OMP-BranchBoundMRV,8,3,0.076900005,7336,1
extreme_069,Extreme,OMP-BranchBoundMRV,8,4,0.059052944,6188,1
extreme_069,Extreme,OMP-BranchBoundMRV,8,5,0.071105957,5953,1
extreme_069,Extreme,OMP-BranchBoundMRV,16,1,0.200901985,7336,1
extreme_069,Extreme,OMP-BranchBoundMRV,16,2,0.142457008,5968,1
extreme_069,Extreme,OMP-BranchBoundMRV,16,3,0.139667034,7093,1
extreme_069,Extreme,OMP-BranchBoundMRV,16,4,0.143408060,7336,1
extreme_069,Extreme,OMP-BranchBoundMRV,16,5,0.189028025,6976,1
extreme_070,Extreme,Serial,1,1,0.106712834,205627,1
extreme_070,Extreme,Serial,1,2,0.104066708,205627,1
extreme_070,Extreme,Serial,1,3,0.101682667,205627,1
extreme_070,Extreme,Serial,1,4,0.101241708,205627,1
extreme_070,Extreme,Serial,1,5,0.101311958,205627,1
extreme_070,Extreme,Serial-MRV,1,1,0.112371750,6639,1
extreme_070,Extreme,Serial-MRV,1,2,0.112608250,6639,1
extreme_070,Extreme,Serial-MRV,1,3,0.115498458,6639,1
extreme_070,Extreme,Serial-MRV,1,4,0.113744791,6639,1
extreme_070,Extreme,Serial-MRV,1,5,0.113352042,6639,1
extreme_070,Extreme,BranchBound,1,1,0.092937000,205627,1
extreme_070,Extreme,BranchBound,1,2,0.091185958,205627,1
extreme_070,Extreme,BranchBound,1,3,0.091245042,205627,1
extreme_070,Extreme,BranchBound,1,4,0.091069709,205627,1
extreme_070,Extreme,BranchBound,1,5,0.090621541,205627,1
extreme_070,Extreme,BranchBoundMRV,1,1,0.140634125,6639,1
extreme_070,Extreme,BranchBoundMRV,1,2,0.141208500,6639,1
extreme_070,Extreme,BranchBoundMRV,1,3,0.139306125,6639,1
extreme_070,Extreme,BranchBoundMRV,1,4,0.139255000,6639,1
extreme_070,Extreme,BranchBoundMRV,1,5,0.139280042,6639,1
extreme_070,Extreme,OpenMP,4,1,0.029600143,5649,1
extreme_070,Extreme,OpenMP,4,2,0.029340982,5616,1
extreme_070,Extreme,OpenMP,4,3,0.029267073,5611,1
extreme_070,Extreme,OpenMP,4,4,0.064719915,11051,1
extreme_070,Extreme,OpenMP,4,5,0.047344923,9642,1
extreme_070,Extreme,OpenMP,8,1,0.040668011,9108,1
extreme_070,Extreme,OpenMP,8,2,0.042463064,8825,1
extreme_070,Extreme,OpenMP,8,3,0.045698881,10126,1
extreme_070,Extreme,OpenMP,8,4,0.043549061,9834,1
extreme_070,Extreme,OpenMP,8,5,0.052857161,10111,1
extreme_070,Extreme,OpenMP,16,1,0.136198044,11086,1
extreme_070,Extreme,OpenMP,16,2,0.121032000,10415,1
extreme_070,Extreme,OpenMP,16,3,0.119614840,10859,1
extreme_070,Extreme,OpenMP,16,4,0.107334137,10660,1
extreme_070,Extreme,OpenMP,16,5,0.116911173,9325,1
extreme_070,Extreme,OMP-BranchBoundMRV,4,1,0.082081795,11028,1
extreme_070,Extreme,OMP-BranchBoundMRV,4,2,0.055217028,9395,1
extreme_070,Extreme,OMP-BranchBoundMRV,4,3,0.054613113,9396,1
extreme_070,Extreme,OMP-BranchBoundMRV,4,4,0.054660082,9348,1
extreme_070,Extreme,OMP-BranchBoundMRV,4,5,0.055197954,9414,1
extreme_070,Extreme,OMP-BranchBoundMRV,8,1,0.053643942,9556,1
extreme_070,Extreme,OMP-BranchBoundMRV,8,2,0.059163809,9754,1
extreme_070,Extreme,OMP-BranchBoundMRV,8,3,0.083651066,10129,1
extreme_070,Extreme,OMP-BranchBoundMRV,8,4,0.069279194,10788,1
extreme_070,Extreme,OMP-BranchBoundMRV,8,5,0.088958025,11086,1
extreme_070,Extreme,OMP-BranchBoundMRV,16,1,0.124063969,7045,1
extreme_070,Extreme,OMP-BranchBoundMRV,16,2,0.118649006,7817,1
extreme_070,Extreme,OMP-BranchBoundMRV,16,3,0.125784874,8949,1
extreme_070,Extreme,OMP-BranchBoundMRV,16,4,0.146026850,9735,1
extreme_070,Extreme,OMP-BranchBoundMRV,16,5,0.103902102,8070,1
extreme_071,Extreme,Serial,1,1,0.031948667,61110,1
extreme_071,Extreme,Serial,1,2,0.031729958,61110,1
extreme_071,Extreme,Serial,1,3,0.030048583,61110,1
extreme_071,Extreme,Serial,1,4,0.029827459,61110,1
extreme_071,Extreme,Serial,1,5,0.029804041,61110,1
extreme_071,Extreme,Serial-MRV,1,1,0.241298708,13586,1
extreme_071,Extreme,Serial-MRV,1,2,0.241065667,13586,1
extreme_071,Extreme,Serial-MRV,1,3,0.241440667,13586,1
extreme_071,Extreme,Serial-MRV,1,4,0.242835041,13586,1
extreme_071,Extreme,Serial-MRV,1,5,0.241256042,13586,1
extreme_071,Extreme,BranchBound,1,1,0.025612125,61110,1
extreme_071,Extreme,BranchBound,1,2,0.025996917,61110,1
extreme_071,Extreme,BranchBound,1,3,0.025813792,61110,1
extreme_071,Extreme,BranchBound,1,4,0.025685625,61110,1
extreme_071,Extreme,BranchBound,1,5,0.025584583,61110,1
extreme_071,Extreme,BranchBoundMRV,1,1,0.304842417,13586,1
extreme_071,Extreme,BranchBoundMRV,1,2,0.301477542,13586,1
extreme_071,Extreme,BranchBoundMRV,1,3,0.303904750,13586,1
extreme_071,Extreme,BranchBoundMRV,1,4,0.301602000,13586,1
extreme_071,Extreme,BranchBoundMRV,1,5,0.357882250,13586,1
extreme_071,Extreme,OpenMP,4,1,0.060127974,11201,1
extreme_071,Extreme,OpenMP,4,2,0.060009003,11199,1
extreme_071,Extreme,OpenMP,4,3,0.060259104,11223,1
extreme_071,Extreme,OpenMP,4,4,0.061552048,12030,1
extreme_071,Extreme,OpenMP,4,5,0.061683893,12082,1
extreme_071,Extreme,OpenMP,8,1,0.099685192,13722,1
extreme_071,Extreme,OpenMP,8,2,0.098546028,13128,1
extreme_071,Extreme,OpenMP,8,3,0.095096111,12999,1
extreme_071,Extreme,OpenMP,8,4,0.081319809,12743,1
extreme_071,Extreme,OpenMP,8,5,0.084080935,12561,1
extreme_071,Extreme,OpenMP,16,1,0.300495863,16067,1
extreme_071,Extreme,OpenMP,16,2,0.212742090,12966,1
extreme_071,Extreme,OpenMP,16,3,0.154452801,11801,1
extreme_071,Extreme,OpenMP,16,4,0.184267044,12728,1
extreme_071,Extreme,OpenMP,16,5,0.206562042,13050,1
extreme_071,Extreme,OMP-BranchBoundMRV,4,1,0.077868938,11948,1
extreme_071,Extreme,OMP-BranchBoundMRV,4,2,0.078053951,11962,1
extreme_071,Extreme,OMP-BranchBoundMRV,4,3,0.079563856,11994,1
extreme_071,Extreme,OMP-BranchBoundMRV,4,4,0.078757048,11997,1
extreme_071,Extreme,OMP-BranchBoundMRV,4,5,0.077941895,11951,1
extreme_071,Extreme,OMP-BranchBoundMRV,8,1,0.106847048,12293,1
extreme_071,Extreme,OMP-BranchBoundMRV,8,2,0.118700027,13062,1
extreme_071,Extreme,OMP-BranchBoundMRV,8,3,0.095873117,12573,1
extreme_071,Extreme,OMP-BranchBoundMRV,8,4,0.096206903,10837,1
extreme_071,Extreme,OMP-BranchBoundMRV,8,5,0.116883993,12864,1
extreme_071,Extreme,OMP-BranchBoundMRV,16,1,0.354429007,15011,1
extreme_071,Extreme,OMP-BranchBoundMRV,16,2,0.304945946,13655,1
extreme_071,Extreme,OMP-BranchBoundMRV,16,3,0.285285950,12431,1
extreme_071,Extreme,OMP-BranchBoundMRV,16,4,0.236255884,12894,1
extreme_071,Extreme,OMP-BranchBoundMRV,16,5,0.262013912,12978,1
extreme_072,Extreme,Serial,1,1,0.010594125,19164,1
extreme_072,Extreme,Serial,1,2,0.010636250,19164,1
extreme_072,Extreme,Serial,1,3,0.010130584,19164,1
extreme_072,Extreme,Serial,1,4,0.010043209,19164,1
extreme_072,Extreme,Serial,1,5,0.010281875,19164,1
extreme_072,Extreme,Serial-MRV,1,1,0.114121167,6598,1
extreme_072,Extreme,Serial-MRV,1,2,0.113295958,6598,1
extreme_072,Extreme,Serial-MRV,1,3,0.112565958,6598,1
extreme_072,Extreme,Serial-MRV,1,4,0.112127958,6598,1
extreme_072,Extreme,Serial-MRV,1,5,0.115033000,6598,1
extreme_072,Extreme,BranchBound,1,1,0.008132792,19164,1
extreme_072,Extreme,BranchBound,1,2,0.007964458,19164,1
extreme_072,Extreme,BranchBound,1,3,0.008051916,19164,1
extreme_072,Extreme,BranchBound,1,4,0.007976917,19164,1
extreme_072,Extreme,BranchBound,1,5,0.008042792,19164,1
extreme_072,Extreme,BranchBoundMRV,1,1,0.146079667,6598,1
extreme_072,Extreme,BranchBoundMRV,1,2,0.146497833,6598,1
extreme_072,Extreme,BranchBoundMRV,1,3,0.146315583,6598,1
extreme_072,Extreme,BranchBoundMRV,1,4,0.147038458,6598,1
extreme_072,Extreme,BranchBoundMRV,1,5,0.149673708,6598,1
extreme_072,Extreme,OpenMP,4,1,0.034188032,6598,1
extreme_072,Extreme,OpenMP,4,2,0.034133911,6598,1
extreme_072,Extreme,OpenMP,4,3,0.034066200,6598,1
extreme_072,Extreme,OpenMP,4,4,0.034100056,6598,1
extreme_072,Extreme,OpenMP,4,5,0.034331083,6598,1
extreme_072,Extreme,OpenMP,8,1,0.062950850,6598,1
extreme_072,Extreme,OpenMP,8,2,0.062509060,6598,1
extreme_072,Extreme,OpenMP,8,3,0.040099859,5428,1
extreme_072,Extreme,OpenMP,8,4,0.052336931,6598,1
extreme_072,Extreme,OpenMP,8,5,0.040339947,6326,1
extreme_072,Extreme,OpenMP,16,1,0.157737017,6380,1
extreme_072,Extreme,OpenMP,16,2,0.151159048,4891,1
extreme_072,Extreme,OpenMP,16,3,0.137437105,6454,1
extreme_072,Extreme,OpenMP,16,4,0.141518116,6598,1
extreme_072,Extreme,OpenMP,16,5,0.094503880,6598,1
extreme_072,Extreme,OMP-BranchBoundMRV,4,1,0.046352863,6598,1
extreme_072,Extreme,OMP-BranchBoundMRV,4,2,0.046406984,6598,1
extreme_072,Extreme,OMP-BranchBoundMRV,4,3,0.046479940,6598,1
extreme_072,Extreme,OMP-BranchBoundMRV,4,4,0.046471834,6598,1
extreme_072,Extreme,OMP-BranchBoundMRV,4,5,0.048065901,6598,1
extreme_072,Extreme,OMP-BranchBoundMRV,8,1,0.066020966,6380,1
extreme_072,Extreme,OMP-BranchBoundMRV,8,2,0.063827038,6444,1
extreme_072,Extreme,OMP-BranchBoundMRV,8,3,0.065629005,6598,1
extreme_072,Extreme,OMP-BranchBoundMRV,8,4,0.061844826,6271,1
extreme_072,Extreme,OMP-BranchBoundMRV,8,5,0.059144974,6238,1
extreme_072,Extreme,OMP-BranchBoundMRV,16,1,0.134801865,4412,1
extreme_072,Extreme,OMP-BranchBoundMRV,16,2,0.157430887,6598,1
extreme_072,Extreme,OMP-BranchBoundMRV,16,3,0.137167931,6228,1
extreme_072,Extreme,OMP-BranchBoundMRV,16,4,0.188026905,6292,1
extreme_072,Extreme,OMP-BranchBoundMRV,16,5,0.173484087,6598,1
extreme_073,Extreme,Serial,1,1,0.004045833,7297,1
extreme_073,Extreme,Serial,1,2,0.004048333,7297,1
extreme_073,Extreme,Serial,1,3,0.004148125,7297,1
extreme_073,Extreme,Serial,1,4,0.004171417,7297,1
extreme_073,Extreme,Serial,1,5,0.004019292,7297,1
extreme_073,Extreme,Serial-MRV,1,1,0.138621292,8081,1
extreme_073,Extreme,Serial-MRV,1,2,0.135988041,8081,1
extreme_073,Extreme,Serial-MRV,1,3,0.136344000,8081,1
extreme_073,Extreme,Serial-MRV,1,4,0.136410042,8081,1
extreme_073,Extreme,Serial-MRV,1,5,0.137130583,8081,1
extreme_073,Extreme,BranchBound,1,1,0.003382458,7297,1
extreme_073,Extreme,BranchBound,1,2,0.003134375,7297,1
extreme_073,Extreme,BranchBound,1,3,0.003082333,7297,1
extreme_073,Extreme,BranchBound,1,4,0.003177375,7297,1
extreme_073,Extreme,BranchBound,1,5,0.003125667,7297,1
extreme_073,Extreme,BranchBoundMRV,1,1,0.175264250,8081,1
extreme_073,Extreme,BranchBoundMRV,1,2,0.172778125,8081,1
extreme_073,Extreme,BranchBoundMRV,1,3,0.172848666,8081,1
extreme_073,Extreme,BranchBoundMRV,1,4,0.173792917,8081,1
extreme_073,Extreme,BranchBoundMRV,1,5,0.176335166,8081,1
extreme_073,Extreme,OpenMP,4,1,0.033336163,7394,1
extreme_073,Extreme,OpenMP,4,2,0.033301115,7322,1
extreme_073,Extreme,OpenMP,4,3,0.033324957,5510,1
extreme_073,Extreme,OpenMP,4,4,0.033282995,7323,1
extreme_073,Extreme,OpenMP,4,5,0.033291101,7320,1
extreme_073,Extreme,OpenMP,8,1,0.050026894,7561,1
extreme_073,Extreme,OpenMP,8,2,0.039708853,6356,1
extreme_073,Extreme,OpenMP,8,3,0.051882029,8081,1
extreme_073,Extreme,OpenMP,8,4,0.049494028,7556,1
extreme_073,Extreme,OpenMP,8,5,0.045208931,7398,1
extreme_073,Extreme,OpenMP,16,1,0.100714922,6781,1
extreme_073,Extreme,OpenMP,16,2,0.166023970,5212,1
extreme_073,Extreme,OpenMP,16,3,0.127698898,7100,1
extreme_073,Extreme,OpenMP,16,4,0.095011950,6324,1
extreme_073,Extreme,OpenMP,16,5,0.110285044,6303,1
extreme_073,Extreme,OMP-BranchBoundMRV,4,1,0.042048931,5429,1
extreme_073,Extreme,OMP-BranchBoundMRV,4,2,0.042587996,7242,1
extreme_073,Extreme,OMP-BranchBoundMRV,4,3,0.042309999,7189,1
extreme_073,Extreme,OMP-BranchBoundMRV,4,4,0.042151928,7187,1
extreme_073,Extreme,OMP-BranchBoundMRV,4,5,0.042181015,7185,1
extreme_073,Extreme,OMP-BranchBoundMRV,8,1,0.064251900,7744,1
extreme_073,Extreme,OMP-BranchBoundMRV,8,2,0.047788858,5841,1
extreme_073,Extreme,OMP-BranchBoundMRV,8,3,0.056993961,7204,1
extreme_073,Extreme,OMP-BranchBoundMRV,8,4,0.053786993,6960,1
extreme_073,Extreme,OMP-BranchBoundMRV,8,5,0.082031965,7773,1
extreme_073,Extreme,OMP-BranchBoundMRV,16,1,0.303078890,8081,1
extreme_073,Extreme,OMP-BranchBoundMRV,16,2,0.174779892,7785,1
extreme_073,Extreme,OMP-BranchBoundMRV,16,3,0.169434071,7441,1
extreme_073,Extreme,OMP-BranchBoundMRV,16,4,0.138619900,5946,1
extreme_073,Extreme,OMP-BranchBoundMRV,16,5,0.123650074,6058,1
extreme_074,Extreme,Serial,1,1,0.066309291,135104,1
extreme_074,Extreme,Serial,1,2,0.063680209,135104,1
extreme_074,Extreme,Serial,1,3,0.063226375,135104,1
extreme_074,Extreme,Serial,1,4,0.063384209,135104,1
extreme_074,Extreme,Serial,1,5,0.062976500,135104,1
extreme_074,Extreme,Serial-MRV,1,1,0.091321250,5779,1
extreme_074,Extreme,Serial-MRV,1,2,0.090655459,5779,1
extreme_074,Extreme,Serial-MRV,1,3,0.090798375,5779,1
extreme_074,Extreme,Serial-MRV,1,4,0.091299667,5779,1
extreme_074,Extreme,Serial-MRV,1,5,0.092175000,5779,1
extreme_074,Extreme,BranchBound,1,1,0.056447125,135104,1
extreme_074,Extreme,BranchBound,1,2,0.056342750,135104,1
extreme_074,Extreme,BranchBound,1,3,0.056618584,135104,1
extreme_074,Extreme,BranchBound,1,4,0.056731917,135104,1
extreme_074,Extreme,BranchBound,1,5,0.056763166,135104,1
extreme_074,Extreme,BranchBoundMRV,1,1,0.118780500,5779,1
extreme_074,Extreme,BranchBoundMRV,1,2,0.120505416,5779,1
extreme_074,Extreme,BranchBoundMRV,1,3,0.117509792,5779,1
extreme_074,Extreme,BranchBoundMRV,1,4,0.116799833,5779,1
extreme_074,Extreme,BranchBoundMRV,1,5,0.116833875,5779,1
extreme_074,Extreme,OpenMP,4,1,0.012159109,2890,1
extreme_074,Extreme,OpenMP,4,2,0.012089968,2195,1
extreme_074,Extreme,OpenMP,4,3,0.012076855,2194,1
extreme_074,Extreme,OpenMP,4,4,0.012086868,2195,1
extreme_074,Extreme,OpenMP,4,5,0.012196064,2173,1
extreme_074,Extreme,OpenMP,8,1,0.014442921,2130,1
extreme_074,Extreme,OpenMP,8,2,0.021079779,2958,1
extreme_074,Extreme,OpenMP,8,3,0.026724100,3870,1
extreme_074,Extreme,OpenMP,8,4,0.012943983,1900,1
extreme_074,Extreme,OpenMP,8,5,0.018761873,3088,1
extreme_074,Extreme,OpenMP,16,1,0.091105938,5311,1
extreme_074,Extreme,OpenMP,16,2,0.056379080,2673,1
extreme_074,Extreme,OpenMP,16,3,0.031224012,2090,1
extreme_074,Extreme,OpenMP,16,4,0.070801020,3960,1
extreme_074,Extreme,OpenMP,16,5,0.074556112,2305,1
extreme_074,Extreme,OMP-BranchBoundMRV,4,1,0.016030073,2192,1
extreme_074,Extreme,OMP-BranchBoundMRV,4,2,0.016304016,2937,1
extreme_074,Extreme,OMP-BranchBoundMRV,4,3,0.016799927,2241,1
extreme_074,Extreme,OMP-BranchBoundMRV,4,4,0.016542912,2914,1
extreme_074,Extreme,OMP-BranchBoundMRV,4,5,0.016288042,2182,1
extreme_074,Extreme,OMP-BranchBoundMRV,8,1,0.023359060,2870,1
extreme_074,Extreme,OMP-BranchBoundMRV,8,2,0.020433187,2293,1
extreme_074,Extreme,OMP-BranchBoundMRV,8,3,0.016736984,2172,1
extreme_074,Extreme,OMP-BranchBoundMRV,8,4,0.024618149,2538,1
extreme_074,Extreme,OMP-BranchBoundMRV,8,5,0.024964094,2641,1
extreme_074,Extreme,OMP-BranchBoundMRV,16,1,0.038079977,2575,1
extreme_074,Extreme,OMP-BranchBoundMRV,16,2,0.143527985,5716,1
extreme_074,Extreme,OMP-BranchBoundMRV,16,3,0.075836897,1189,1
extreme_074,Extreme,OMP-BranchBoundMRV,16,4,0.066406965,2083,1
extreme_074,Extreme,OMP-BranchBoundMRV,16,5,0.042097092,2154,1
extreme_075,Extreme,Serial,1,1,0.054899583,100667,1
extreme_075,Extreme,Serial,1,2,0.054082875,100667,1
extreme_075,Extreme,Serial,1,3,0.054184208,100667,1
extreme_075,Extreme,Serial,1,4,0.054798459,100667,1
extreme_075,Extreme,Serial,1,5,0.054569708,100667,1
extreme_075,Extreme,Serial-MRV,1,1,0.111373375,6202,1
extreme_075,Extreme,Serial-MRV,1,2,0.111645667,6202,1
extreme_075,Extreme,Serial-MRV,1,3,0.111059584,6202,1
extreme_075,Extreme,Serial-MRV,1,4,0.113147459,6202,1
extreme_075,Extreme,Serial-MRV,1,5,0.111239333,6202,1
extreme_075,Extreme,BranchBound,1,1,0.044316167,100667,1
extreme_075,Extreme,BranchBound,1,2,0.044541167,100667,1
extreme_075,Extreme,BranchBound,1,3,0.044304584,100667,1
extreme_075,Extreme,BranchBound,1,4,0.044291084,100667,1
extreme_075,Extreme,BranchBound,1,5,0.044243792,100667,1
extreme_075,Extreme,BranchBoundMRV,1,1,0.144404542,6202,1
extreme_075,Extreme,BranchBoundMRV,1,2,0.143909500,6202,1
extreme_075,Extreme,BranchBoundMRV,1,3,0.143816458,6202,1
extreme_075,Extreme,BranchBoundMRV,1,4,0.143266250,6202,1
extreme_075,Extreme,BranchBoundMRV,1,5,0.143080334,6202,1
extreme_075,Extreme,OpenMP,4,1,0.013480186,2775,1
extreme_075,Extreme,OpenMP,4,2,0.013442039,2755,1
extreme_075,Extreme,OpenMP,4,3,0.013457775,2757,1
extreme_075,Extreme,OpenMP,4,4,0.013438940,2755,1
extreme_075,Extreme,OpenMP,4,5,0.013454199,2753,1
extreme_075,Extreme,OpenMP,8,1,0.032743931,7233,1
extreme_075,Extreme,OpenMP,8,2,0.022003889,4530,1
extreme_075,Extreme,OpenMP,8,3,0.018861055,4388,1
extreme_075,Extreme,OpenMP,8,4,0.015290022,4011,1
extreme_075,Extreme,OpenMP,8,5,0.025832891,6485,1
extreme_075,Extreme,OpenMP,16,1,0.091440916,6999,1
extreme_075,Extreme,OpenMP,16,2,0.104373932,5432,1
extreme_075,Extreme,OpenMP,16,3,0.049054861,3885,1
extreme_075,Extreme,OpenMP,16,4,0.086771965,4194,1
extreme_075,Extreme,OpenMP,16,5,0.061230898,3461,1
extreme_075,Extreme,OMP-BranchBoundMRV,4,1,0.047065020,6532,1
extreme_075,Extreme,OMP-BranchBoundMRV,4,2,0.017113209,2747,1
extreme_075,Extreme,OMP-BranchBoundMRV,4,3,0.017029047,2747,1
extreme_075,Extreme,OMP-BranchBoundMRV,4,4,0.017048120,2750,1
extreme_075,Extreme,OMP-BranchBoundMRV,4,5,0.017045021,2749,1
extreme_075,Extreme,OMP-BranchBoundMRV,8,1,0.033088923,5823,1
extreme_075,Extreme,OMP-BranchBoundMRV,8,2,0.033041954,5956,1
extreme_075,Extreme,OMP-BranchBoundMRV,8,3,0.025065899,5138,1
extreme_075,Extreme,OMP-BranchBoundMRV,8,4,0.029727936,5672,1
extreme_075,Extreme,OMP-BranchBoundMRV,8,5,0.026183844,4688,1
extreme_075,Extreme,OMP-BranchBoundMRV,16,1,0.057379961,4919,1
extreme_075,Extreme,OMP-BranchBoundMRV,16,2,0.154851913,7724,1
extreme_075,Extreme,OMP-BranchBoundMRV,16,3,0.063544989,2905,1
extreme_075,Extreme,OMP-BranchBoundMRV,16,4,0.119822979,6040,1
extreme_075,Extreme,OMP-BranchBoundMRV,16,5,0.082179070,5236,1
extreme_076,Extreme,Serial,1,1,0.059662416,124535,1
extreme_076,Extreme,Serial,1,2,0.058774541,124535,1
extreme_076,Extreme,Serial,1,3,0.058405250,124535,1
extreme_076,Extreme,Serial,1,4,0.058568583,124535,1
extreme_076,Extreme,Serial,1,5,0.058461916,124535,1
extreme_076,Extreme,Serial-MRV,1,1,0.155115958,10211,1
extreme_076,Extreme,Serial-MRV,1,2,0.154963459,10211,1
extreme_076,Extreme,Serial-MRV,1,3,0.154584584,10211,1
extreme_076,Extreme,Serial-MRV,1,4,0.154839875,10211,1
extreme_076,Extreme,Serial-MRV,1,5,0.157166083,10211,1
extreme_076,Extreme,BranchBound,1,1,0.052170917,124535,1
extreme_076,Extreme,BranchBound,1,2,0.051901875,124535,1
extreme_076,Extreme,BranchBound,1,3,0.051914750,124535,1
extreme_076,Extreme,BranchBound,1,4,0.052348917,124535,1
extreme_076,Extreme,BranchBound,1,5,0.052111333,124535,1
extreme_076,Extreme,BranchBoundMRV,1,1,0.202542833,10211,1
extreme_076,Extreme,BranchBoundMRV,1,2,0.202661167,10211,1
extreme_076,Extreme,BranchBoundMRV,1,3,0.203032583,10211,1
extreme_076,Extreme,BranchBoundMRV,1,4,0.202131708,10211,1
extreme_076,Extreme,BranchBoundMRV,1,5,0.204415750,10211,1
extreme_076,Extreme,OpenMP,4,1,0.022438049,5269,1
extreme_076,Extreme,OpenMP,4,2,0.021316051,5200,1
extreme_076,Extreme,OpenMP,4,3,0.021042109,5193,1
extreme_076,Extreme,OpenMP,4,4,0.020945072,5179,1
extreme_076,Extreme,OpenMP,4,5,0.021016121,5195,1
extreme_076,Extreme,OpenMP,8,1,0.034494877,10378,1
extreme_076,Extreme,OpenMP,8,2,0.039798021,11271,1
extreme_076,Extreme,OpenMP,8,3,0.029689074,8632,1
extreme_076,Extreme,OpenMP,8,4,0.032193899,9592,1
extreme_076,Extreme,OpenMP,8,5,0.031785965,8455,1
extreme_076,Extreme,OpenMP,16,1,0.102143049,12199,1
extreme_076,Extreme,OpenMP,16,2,0.122392893,12112,1
extreme_076,Extreme,OpenMP,16,3,0.081369877,9640,1
extreme_076,Extreme,OpenMP,16,4,0.095624208,11116,1
extreme_076,Extreme,OpenMP,16,5,0.107163191,12112,1
extreme_076,Extreme,OMP-BranchBoundMRV,4,1,0.073230028,11977,1
extreme_076,Extreme,OMP-BranchBoundMRV,4,2,0.076097012,12077,1
extreme_076,Extreme,OMP-BranchBoundMRV,4,3,0.076400995,12028,1
extreme_076,Extreme,OMP-BranchBoundMRV,4,4,0.074198961,12029,1
extreme_076,Extreme,OMP-BranchBoundMRV,4,5,0.076748848,12085,1
extreme_076,Extreme,OMP-BranchBoundMRV,8,1,0.037081003,8451,1
extreme_076,Extreme,OMP-BranchBoundMRV,8,2,0.032143116,7325,1
extreme_076,Extreme,OMP-BranchBoundMRV,8,3,0.045683146,10704,1
extreme_076,Extreme,OMP-BranchBoundMRV,8,4,0.040546894,9335,1
extreme_076,Extreme,OMP-BranchBoundMRV,8,5,0.062947989,11678,1
extreme_076,Extreme,OMP-BranchBoundMRV,16,1,0.119240999,7751,1
extreme_076,Extreme,OMP-BranchBoundMRV,16,2,0.103505135,10181,1
extreme_076,Extreme,OMP-BranchBoundMRV,16,3,0.114191055,10658,1
extreme_076,Extreme,OMP-BranchBoundMRV,16,4,0.139274836,11147,1
extreme_076,Extreme,OMP-BranchBoundMRV,16,5,0.109372139,11099,1
extreme_077,Extreme,Serial,1,1,0.048084500,96665,1
extreme_077,Extreme,Serial,1,2,0.046405292,96665,1
extreme_077,Extreme,Serial,1,3,0.046836250,96665,1
extreme_077,Extreme,Serial,1,4,0.045960041,96665,1
extreme_077,Extreme,Serial,1,5,0.046494166,96665,1
extreme_077,Extreme,Serial-MRV,1,1,0.106376417,6598,1
extreme_077,Extreme,Serial-MRV,1,2,0.106429000,6598,1
extreme_077,Extreme,Serial-MRV,1,3,0.106576250,6598,1
extreme_077,Extreme,Serial-MRV,1,4,0.107095708,6598,1
extreme_077,Extreme,Serial-MRV,1,5,0.108782541,6598,1
extreme_077,Extreme,BranchBound,1,1,0.039563417,96665,1
extreme_077,Extreme,BranchBound,1,2,0.039307500,96665,1
extreme_077,Extreme,BranchBound,1,3,0.039477916,96665,1
extreme_077,Extreme,BranchBound,1,4,0.039774791,96665,1
extreme_077,Extreme,BranchBound,1,5,0.039608709,96665,1
extreme_077,Extreme,BranchBoundMRV,1,1,0.141441291,6598,1
extreme_077,Extreme,BranchBoundMRV,1,2,0.140174833,6598,1
extreme_077,Extreme,BranchBoundMRV,1,3,0.139304209,6598,1
extreme_077,Extreme,BranchBoundMRV,1,4,0.139578209,6598,1
extreme_077,Extreme,BranchBoundMRV,1,5,0.139369292,6598,1
extreme_077,Extreme,OpenMP,4,1,0.019132853,4453,1
extreme_077,Extreme,OpenMP,4,2,0.018857002,4385,1
extreme_077,Extreme,OpenMP,4,3,0.018852949,4383,1
extreme_077,Extreme,OpenMP,4,4,0.019911051,3294,1
extreme_077,Extreme,OpenMP,4,5,0.019405127,4361,1
extreme_077,Extreme,OpenMP,8,1,0.031306028,4904,1
extreme_077,Extreme,OpenMP,8,2,0.027129889,4255,1
extreme_077,Extreme,OpenMP,8,3,0.027168036,4356,1
extreme_077,Extreme,OpenMP,8,4,0.019891024,3550,1
extreme_077,Extreme,OpenMP,8,5,0.044131041,5873,1
extreme_077,Extreme,OpenMP,16,1,0.060488939,4871,1
extreme_077,Extreme,OpenMP,16,2,0.104174852,5323,1
extreme_077,Extreme,OpenMP,16,3,0.069369078,3270,1
extreme_077,Extreme,OpenMP,16,4,0.042500973,3597,1
extreme_077,Extreme,OpenMP,16,5,0.117005110,5534,1
extreme_077,Extreme,OMP-BranchBoundMRV,4,1,0.025437117,3291,1
extreme_077,Extreme,OMP-BranchBoundMRV,4,2,0.026137114,3326,1
extreme_077,Extreme,OMP-BranchBoundMRV,4,3,0.026108980,3350,1
extreme_077,Extreme,OMP-BranchBoundMRV,4,4,0.026132822,4553,1
extreme_077,Extreme,OMP-BranchBoundMRV,4,5,0.026166916,3373,1
extreme_077,Extreme,OMP-BranchBoundMRV,8,1,0.033240080,4353,1
extreme_077,Extreme,OMP-BranchBoundMRV,8,2,0.036665916,4728,1
extreme_077,Extreme,OMP-BranchBoundMRV,8,3,0.043270826,4945,1
extreme_077,Extreme,OMP-BranchBoundMRV,8,4,0.043323040,4742,1
extreme_077,Extreme,OMP-BranchBoundMRV,8,5,0.032770157,3987,1
extreme_077,Extreme,OMP-BranchBoundMRV,16,1,0.192059040,5761,1
extreme_077,Extreme,OMP-BranchBoundMRV,16,2,0.103782177,4518,1
extreme_077,Extreme,OMP-BranchBoundMRV,16,3,0.078301191,2218,1
extreme_077,Extreme,OMP-BranchBoundMRV,16,4,0.081734180,3641,1
extreme_077,Extreme,OMP-BranchBoundMRV,16,5,0.097741127,4307,1
extreme_078,Extreme,Serial,1,1,0.020932459,40670,1
extreme_078,Extreme,Serial,1,2,0.020456042,40670,1
extreme_078,Extreme,Serial,1,3,0.020323708,40670,1
extreme_078,Extreme,Serial,1,4,0.020037458,40670,1
extreme_078,Extreme,Serial,1,5,0.019818792,40670,1
extreme_078,Extreme,Serial-MRV,1,1,0.103648833,5971,1
extreme_078,Extreme,Serial-MRV,1,2,0.104496458,5971,1
extreme_078,Extreme,Serial-MRV,1,3,0.106420083,5971,1
extreme_078,Extreme,Serial-MRV,1,4,0.107521417,5971,1
extreme_078,Extreme,Serial-MRV,1,5,0.103835625,5971,1
extreme_078,Extreme,BranchBound,1,1,0.017028417,40670,1
extreme_078,Extreme,BranchBound,1,2,0.017080542,40670,1
extreme_078,Extreme,BranchBound,1,3,0.016984292,40670,1
extreme_078,Extreme,BranchBound,1,4,0.017022750,40670,1
extreme_078,Extreme,BranchBound,1,5,0.017137875,40670,1
extreme_078,Extreme,BranchBoundMRV,1,1,0.132136667,5971,1
extreme_078,Extreme,BranchBoundMRV,1,2,0.131806458,5971,1
extreme_078,Extreme,BranchBoundMRV,1,3,0.131432917,5971,1
extreme_078,Extreme,BranchBoundMRV,1,4,0.131312125,5971,1
extreme_078,Extreme,BranchBoundMRV,1,5,0.132396084,5971,1
extreme_078,Extreme,OpenMP,4,1,0.003242970,545,1
extreme_078,Extreme,OpenMP,4,2,0.003118992,538,1
extreme_078,Extreme,OpenMP,4,3,0.003044844,525,1
extreme_078,Extreme,OpenMP,4,4,0.003183842,541,1
extreme_078,Extreme,OpenMP,4,5,0.003149986,521,1
extreme_078,Extreme,OpenMP,8,1,0.003268957,559,1
extreme_078,Extreme,OpenMP,8,2,0.003147125,767,1
extreme_078,Extreme,OpenMP,8,3,0.003195047,476,1
extreme_078,Extreme,OpenMP,8,4,0.007500887,1185,1
extreme_078,Extreme,OpenMP,8,5,0.007273912,1337,1
extreme_078,Extreme,OpenMP,16,1,0.015396118,1376,1
extreme_078,Extreme,OpenMP,16,2,0.019862175,555,1
extreme_078,Extreme,OpenMP,16,3,0.042498112,614,1
extreme_078,Extreme,OpenMP,16,4,0.033274889,552,1
extreme_078,Extreme,OpenMP,16,5,0.020415068,1409,1
extreme_078,Extreme,OMP-BranchBoundMRV,4,1,0.004279137,568,1
extreme_078,Extreme,OMP-BranchBoundMRV,4,2,0.004259109,568,1
extreme_078,Extreme,OMP-BranchBoundMRV,4,3,0.004261971,568,1
extreme_078,Extreme,OMP-BranchBoundMRV,4,4,0.004268885,568,1
extreme_078,Extreme,OMP-BranchBoundMRV,4,5,0.004257917,568,1
extreme_078,Extreme,OMP-BranchBoundMRV,8,1,0.011492014,1646,1
extreme_078,Extreme,OMP-BranchBoundMRV,8,2,0.009872913,1338,1
extreme_078,Extreme,OMP-BranchBoundMRV,8,3,0.004456043,605,1
extreme_078,Extreme,OMP-BranchBoundMRV,8,4,0.011317968,1843,1
extreme_078,Extreme,OMP-BranchBoundMRV,8,5,0.004348040,695,1
extreme_078,Extreme,OMP-BranchBoundMRV,16,1,0.064024925,571,1
extreme_078,Extreme,OMP-BranchBoundMRV,16,2,0.055809021,1502,1
extreme_078,Extreme,OMP-BranchBoundMRV,16,3,0.051165819,1881,1
extreme_078,Extreme,OMP-BranchBoundMRV,16,4,0.045840979,607,1
extreme_078,Extreme,OMP-BranchBoundMRV,16,5,0.066237926,1692,1
extreme_079,Extreme,Serial,1,1,0.075593125,160061,1
extreme_079,Extreme,Serial,1,2,0.075563083,160061,1
extreme_079,Extreme,Serial,1,3,0.077452750,160061,1
extreme_079,Extreme,Serial,1,4,0.075966250,160061,1
extreme_079,Extreme,Serial,1,5,0.075415417,160061,1
extreme_079,Extreme,Serial-MRV,1,1,0.090047542,5268,1
extreme_079,Extreme,Serial-MRV,1,2,0.089671125,5268,1
extreme_079,Extreme,Serial-MRV,1,3,0.090221666,5268,1
extreme_079,Extreme,Serial-MRV,1,4,0.089710375,5268,1
extreme_079,Extreme,Serial-MRV,1,5,0.089756209,5268,1
extreme_079,Extreme,BranchBound,1,1,0.071274000,160061,1
extreme_079,Extreme,BranchBound,1,2,0.070594584,160061,1
extreme_079,Extreme,BranchBound,1,3,0.070342791,160061,1
extreme_079,Extreme,BranchBound,1,4,0.070060459,160061,1
extreme_079,Extreme,BranchBound,1,5,0.069833584,160061,1
extreme_079,Extreme,BranchBoundMRV,1,1,0.116788750,5268,1
extreme_079,Extreme,BranchBoundMRV,1,2,0.116963958,5268,1
extreme_079,Extreme,BranchBoundMRV,1,3,0.116725334,5268,1
extreme_079,Extreme,BranchBoundMRV,1,4,0.119919250,5268,1
extreme_079,Extreme,BranchBoundMRV,1,5,0.122367334,5268,1
extreme_079,Extreme,OpenMP,4,1,0.058292866,5878,1
extreme_079,Extreme,OpenMP,4,2,0.058243036,5878,1
extreme_079,Extreme,OpenMP,4,3,0.058217049,5878,1
extreme_079,Extreme,OpenMP,4,4,0.058244944,5878,1
extreme_079,Extreme,OpenMP,4,5,0.058754921,5878,1
extreme_079,Extreme,OpenMP,8,1,0.123524904,5878,1
extreme_079,Extreme,OpenMP,8,2,0.234624863,5878,1
extreme_079,Extreme,OpenMP,8,3,0.094951153,5878,1
extreme_079,Extreme,OpenMP,8,4,0.075789928,5878,1
extreme_079,Extreme,OpenMP,8,5,0.095018148,5878,1
extreme_079,Extreme,OpenMP,16,1,0.146023989,5862,1
extreme_079,Extreme,OpenMP,16,2,0.157073021,5878,1
extreme_079,Extreme,OpenMP,16,3,0.152033091,5878,1
extreme_079,Extreme,OpenMP,16,4,0.192772150,5878,1
extreme_079,Extreme,OpenMP,16,5,0.224959850,5878,1
extreme_079,Extreme,OMP-BranchBoundMRV,4,1,0.130337000,5878,1
extreme_079,Extreme,OMP-BranchBoundMRV,4,2,0.096909046,5878,1
extreme_079,Extreme,OMP-BranchBoundMRV,4,3,0.082090855,5878,1
extreme_079,Extreme,OMP-BranchBoundMRV,4,4,0.081861973,5878,1
extreme_079,Extreme,OMP-BranchBoundMRV,4,5,0.096243143,5878,1
extreme_079,Extreme,OMP-BranchBoundMRV,8,1,0.145992994,5878,1
extreme_079,Extreme,OMP-BranchBoundMRV,8,2,0.134182930,5878,1
extreme_079,Extreme,OMP-BranchBoundMRV,8,3,0.163861036,5878,1
extreme_079,Extreme,OMP-BranchBoundMRV,8,4,0.108734846,5878,1
extreme_079,Extreme,OMP-BranchBoundMRV,8,5,0.116421938,5878,1
extreme_079,Extreme,OMP-BranchBoundMRV,16,1,0.286386013,5878,1
extreme_079,Extreme,OMP-BranchBoundMRV,16,2,0.275680065,5878,1
extreme_079,Extreme,OMP-BranchBoundMRV,16,3,0.202300072,5878,1
extreme_079,Extreme,OMP-BranchBoundMRV,16,4,0.228598833,5878,1
extreme_079,Extreme,OMP-BranchBoundMRV,16,5,0.234883070,5878,1
extreme_080,Extreme,Serial,1,1,0.116690375,222307,1
extreme_080,Extreme,Serial,1,2,0.113164083,222307,1
extreme_080,Extreme,Serial,1,3,0.110904083,222307,1
extreme_080,Extreme,Serial,1,4,0.109411958,222307,1
extreme_080,Extreme,Serial,1,5,0.110221000,222307,1
extreme_080,Extreme,Serial-MRV,1,1,0.100733916,7088,1
extreme_080,Extreme,Serial-MRV,1,2,0.097985167,7088,1
extreme_080,Extreme,Serial-MRV,1,3,0.099347334,7088,1
extreme_080,Extreme,Serial-MRV,1,4,0.096997208,7088,1
extreme_080,Extreme,Serial-MRV,1,5,0.097291583,7088,1
extreme_080,Extreme,BranchBound,1,1,0.090194375,222307,1
extreme_080,Extreme,BranchBound,1,2,0.090028333,222307,1
extreme_080,Extreme,BranchBound,1,3,0.092559625,222307,1
extreme_080,Extreme,BranchBound,1,4,0.090058292,222307,1
extreme_080,Extreme,BranchBound,1,5,0.090069000,222307,1
extreme_080,Extreme,BranchBoundMRV,1,1,0.125444500,7088,1
extreme_080,Extreme,BranchBoundMRV,1,2,0.127381375,7088,1
extreme_080,Extreme,BranchBoundMRV,1,3,0.125593875,7088,1
extreme_080,Extreme,BranchBoundMRV,1,4,0.125140291,7088,1
extreme_080,Extreme,BranchBoundMRV,1,5,0.124445542,7088,1
extreme_080,Extreme,OpenMP,4,1,0.012177944,1545,1
extreme_080,Extreme,OpenMP,4,2,0.012051105,1537,1
extreme_080,Extreme,OpenMP,4,3,0.012049198,1539,1
extreme_080,Extreme,OpenMP,4,4,0.012016058,1526,1
extreme_080,Extreme,OpenMP,4,5,0.011964083,1526,1
extreme_080,Extreme,OpenMP,8,1,0.014806986,1302,1
extreme_080,Extreme,OpenMP,8,2,0.014754057,1539,1
extreme_080,Extreme,OpenMP,8,3,0.014712811,1539,1
extreme_080,Extreme,OpenMP,8,4,0.017986059,1640,1
extreme_080,Extreme,OpenMP,8,5,0.018221140,1367,1
extreme_080,Extreme,OpenMP,16,1,0.109485149,4103,1
extreme_080,Extreme,OpenMP,16,2,0.036757946,1265,1
extreme_080,Extreme,OpenMP,16,3,0.062628984,2347,1
extreme_080,Extreme,OpenMP,16,4,0.030953169,1852,1
extreme_080,Extreme,OpenMP,16,5,0.034482002,1537,1
extreme_080,Extreme,OMP-BranchBoundMRV,4,1,0.015728951,1529,1
extreme_080,Extreme,OMP-BranchBoundMRV,4,2,0.015459061,1477,1
extreme_080,Extreme,OMP-BranchBoundMRV,4,3,0.015588045,1516,1
extreme_080,Extreme,OMP-BranchBoundMRV,4,4,0.015582800,1518,1
extreme_080,Extreme,OMP-BranchBoundMRV,4,5,0.015789032,1494,1
extreme_080,Extreme,OMP-BranchBoundMRV,8,1,0.019785166,1414,1
extreme_080,Extreme,OMP-BranchBoundMRV,8,2,0.021302938,1517,1
extreme_080,Extreme,OMP-BranchBoundMRV,8,3,0.015502930,1344,1
extreme_080,Extreme,OMP-BranchBoundMRV,8,4,0.021517992,1485,1
extreme_080,Extreme,OMP-BranchBoundMRV,8,5,0.021425962,1522,1
extreme_080,Extreme,OMP-BranchBoundMRV,16,1,0.040974140,1442,1
extreme_080,Extreme,OMP-BranchBoundMRV,16,2,0.070322990,2328,1
extreme_080,Extreme,OMP-BranchBoundMRV,16,3,0.026172876,987,1
extreme_080,Extreme,OMP-BranchBoundMRV,16,4,0.052618980,1344,1
extreme_080,Extreme,OMP-BranchBoundMRV,16,5,0.077836037,1731,1
extreme_081,Extreme,Serial,1,1,0.778266125,1616021,1
extreme_081,Extreme,Serial,1,2,0.778805084,1616021,1
extreme_081,Extreme,Serial,1,3,0.776712417,1616021,1
extreme_081,Extreme,Serial,1,4,0.776101250,1616021,1
extreme_081,Extreme,Serial,1,5,0.781613500,1616021,1
extreme_081,Extreme,Serial-MRV,1,1,0.090931792,5636,1
extreme_081,Extreme,Serial-MRV,1,2,0.090397042,5636,1
extreme_081,Extreme,Serial-MRV,1,3,0.090995459,5636,1
extreme_081,Extreme,Serial-MRV,1,4,0.090410166,5636,1
extreme_081,Extreme,Serial-MRV,1,5,0.090596083,5636,1
extreme_081,Extreme,BranchBound,1,1,0.718519375,1616021,1
extreme_081,Extreme,BranchBound,1,2,0.754697209,1616021,1
extreme_081,Extreme,BranchBound,1,3,0.971488875,1616021,1
extreme_081,Extreme,BranchBound,1,4,0.739518625,1616021,1
extreme_081,Extreme,BranchBound,1,5,0.723097292,1616021,1
extreme_081,Extreme,BranchBoundMRV,1,1,0.120478334,5636,1
extreme_081,Extreme,BranchBoundMRV,1,2,0.121152208,5636,1
extreme_081,Extreme,BranchBoundMRV,1,3,0.122420750,5636,1
extreme_081,Extreme,BranchBoundMRV,1,4,0.122978333,5636,1
extreme_081,Extreme,BranchBoundMRV,1,5,0.120938708,5636,1
extreme_081,Extreme,OpenMP,4,1,0.096192122,11313,1
extreme_081,Extreme,OpenMP,4,2,0.097101927,11326,1
extreme_081,Extreme,OpenMP,4,3,0.098506927,11296,1
extreme_081,Extreme,OpenMP,4,4,0.097388029,11376,1
extreme_081,Extreme,OpenMP,4,5,0.098715067,11349,1
extreme_081,Extreme,OpenMP,8,1,0.118777037,9733,1
extreme_081,Extreme,OpenMP,8,2,0.143982172,11729,1
extreme_081,Extreme,OpenMP,8,3,0.144348145,11227,1
extreme_081,Extreme,OpenMP,8,4,0.147197008,13291,1
extreme_081,Extreme,OpenMP,8,5,0.163444042,11903,1
extreme_081,Extreme,OpenMP,16,1,0.307564974,10656,1
extreme_081,Extreme,OpenMP,16,2,0.277158976,11989,1
extreme_081,Extreme,OpenMP,16,3,0.298404932,10788,1
extreme_081,Extreme,OpenMP,16,4,0.327914953,13185,1
extreme_081,Extreme,OpenMP,16,5,0.314194918,12665,1
extreme_081,Extreme,OMP-BranchBoundMRV,4,1,0.148807049,11539,1
extreme_081,Extreme,OMP-BranchBoundMRV,4,2,0.135469913,11322,1
extreme_081,Extreme,OMP-BranchBoundMRV,4,3,0.139549971,11350,1
extreme_081,Extreme,OMP-BranchBoundMRV,4,4,0.141093016,11353,1
extreme_081,Extreme,OMP-BranchBoundMRV,4,5,0.138087988,11299,1
extreme_081,Extreme,OMP-BranchBoundMRV,8,1,0.161321878,9744,1
extreme_081,Extreme,OMP-BranchBoundMRV,8,2,0.160032988,11014,1
extreme_081,Extreme,OMP-BranchBoundMRV,8,3,0.165378094,11752,1
extreme_081,Extreme,OMP-BranchBoundMRV,8,4,0.158608198,11217,1
extreme_081,Extreme,OMP-BranchBoundMRV,8,5,0.184443951,11145,1
extreme_081,Extreme,OMP-BranchBoundMRV,16,1,0.269800901,8253,1
extreme_081,Extreme,OMP-BranchBoundMRV,16,2,0.369195938,11810,1
extreme_081,Extreme,OMP-BranchBoundMRV,16,3,0.333077908,10394,1
extreme_081,Extreme,OMP-BranchBoundMRV,16,4,0.395143032,12334,1
extreme_081,Extreme,OMP-BranchBoundMRV,16,5,0.353844166,11429,1
extreme_082,Extreme,Serial,1,1,0.019469875,38387,1
extreme_082,Extreme,Serial,1,2,0.018927458,38387,1
extreme_082,Extreme,Serial,1,3,0.018495208,38387,1
extreme_082,Extreme,Serial,1,4,0.018784000,38387,1
extreme_082,Extreme,Serial,1,5,0.018527542,38387,1
extreme_082,Extreme,Serial-MRV,1,1,0.086071375,5457,1
extreme_082,Extreme,Serial-MRV,1,2,0.085965500,5457,1
extreme_082,Extreme,Serial-MRV,1,3,0.084806333,5457,1
extreme_082,Extreme,Serial-MRV,1,4,0.084663667,5457,1
extreme_082,Extreme,Serial-MRV,1,5,0.084595292,5457,1
extreme_082,Extreme,BranchBound,1,1,0.016491458,38387,1
extreme_082,Extreme,BranchBound,1,2,0.016833417,38387,1
extreme_082,Extreme,BranchBound,1,3,0.016997875,38387,1
extreme_082,Extreme,BranchBound,1,4,0.016672875,38387,1
extreme_082,Extreme,BranchBound,1,5,0.016893917,38387,1
extreme_082,Extreme,BranchBoundMRV,1,1,0.108528042,5457,1
extreme_082,Extreme,BranchBoundMRV,1,2,0.108114083,5457,1
extreme_082,Extreme,BranchBoundMRV,1,3,0.108543833,5457,1
extreme_082,Extreme,BranchBoundMRV,1,4,0.107993083,5457,1
extreme_082,Extreme,BranchBoundMRV,1,5,0.108028875,5457,1
extreme_082,Extreme,OpenMP,4,1,0.013880968,1609,1
extreme_082,Extreme,OpenMP,4,2,0.013992071,1611,1
extreme_082,Extreme,OpenMP,4,3,0.013864040,1603,1
extreme_082,Extreme,OpenMP,4,4,0.014127970,1628,1
extreme_082,Extreme,OpenMP,4,5,0.013797045,1605,1
extreme_082,Extreme,OpenMP,8,1,0.014762163,1117,1
extreme_082,Extreme,OpenMP,8,2,0.017158985,1522,1
extreme_082,Extreme,OpenMP,8,3,0.024601936,1901,1
extreme_082,Extreme,OpenMP,8,4,0.014630795,1408,1
extreme_082,Extreme,OpenMP,8,5,0.021965981,1939,1
extreme_082,Extreme,OpenMP,16,1,0.050859928,1808,1
extreme_082,Extreme,OpenMP,16,2,0.047490120,1828,1
extreme_082,Extreme,OpenMP,16,3,0.043174982,1721,1
extreme_082,Extreme,OpenMP,16,4,0.046967983,1685,1
extreme_082,Extreme,OpenMP,16,5,0.038557053,1473,1
extreme_082,Extreme,OMP-BranchBoundMRV,4,1,0.017856836,1608,1
extreme_082,Extreme,OMP-BranchBoundMRV,4,2,0.017658949,1624,1
extreme_082,Extreme,OMP-BranchBoundMRV,4,3,0.018166065,1634,1
extreme_082,Extreme,OMP-BranchBoundMRV,4,4,0.017976046,1622,1
extreme_082,Extreme,OMP-BranchBoundMRV,4,5,0.017803907,1621,1
extreme_082,Extreme,OMP-BranchBoundMRV,8,1,0.023375988,1760,1
extreme_082,Extreme,OMP-BranchBoundMRV,8,2,0.025948048,1567,1
extreme_082,Extreme,OMP-BranchBoundMRV,8,3,0.034875870,1817,1
extreme_082,Extreme,OMP-BranchBoundMRV,8,4,0.029402018,1972,1
extreme_082,Extreme,OMP-BranchBoundMRV,8,5,0.024423838,1512,1
extreme_082,Extreme,OMP-BranchBoundMRV,16,1,0.139364958,1441,1
extreme_082,Extreme,OMP-BranchBoundMRV,16,2,0.061256886,1851,1
extreme_082,Extreme,OMP-BranchBoundMRV,16,3,0.078564167,1997,1
extreme_082,Extreme,OMP-BranchBoundMRV,16,4,0.072666168,2238,1
extreme_082,Extreme,OMP-BranchBoundMRV,16,5,0.031738043,1401,1
extreme_083,Extreme,Serial,1,1,0.051975209,107727,1
extreme_083,Extreme,Serial,1,2,0.050963042,107727,1
extreme_083,Extreme,Serial,1,3,0.051145042,107727,1
extreme_083,Extreme,Serial,1,4,0.051297625,107727,1
extreme_083,Extreme,Serial,1,5,0.053238500,107727,1
extreme_083,Extreme,Serial-MRV,1,1,0.168144958,9452,1
extreme_083,Extreme,Serial-MRV,1,2,0.171011834,9452,1
extreme_083,Extreme,Serial-MRV,1,3,0.172043959,9452,1
extreme_083,Extreme,Serial-MRV,1,4,0.168814709,9452,1
extreme_083,Extreme,Serial-MRV,1,5,0.168692709,9452,1
extreme_083,Extreme,BranchBound,1,1,0.046012458,107727,1
extreme_083,Extreme,BranchBound,1,2,0.046100958,107727,1
extreme_083,Extreme,BranchBound,1,3,0.046502042,107727,1
extreme_083,Extreme,BranchBound,1,4,0.065154208,107727,1
extreme_083,Extreme,BranchBound,1,5,0.064985291,107727,1
extreme_083,Extreme,BranchBoundMRV,1,1,0.257939833,9452,1
extreme_083,Extreme,BranchBoundMRV,1,2,0.229098250,9452,1
extreme_083,Extreme,BranchBoundMRV,1,3,0.221607291,9452,1
extreme_083,Extreme,BranchBoundMRV,1,4,0.259327875,9452,1
extreme_083,Extreme,BranchBoundMRV,1,5,0.218377375,9452,1
extreme_083,Extreme,OpenMP,4,1,0.004276991,865,1
extreme_083,Extreme,OpenMP,4,2,0.004116058,839,1
extreme_083,Extreme,OpenMP,4,3,0.004176140,842,1
extreme_083,Extreme,OpenMP,4,4,0.004122972,839,1
extreme_083,Extreme,OpenMP,4,5,0.004113913,836,1
extreme_083,Extreme,OpenMP,8,1,0.010585070,2299,1
extreme_083,Extreme,OpenMP,8,2,0.011759043,2155,1
extreme_083,Extreme,OpenMP,8,3,0.004287004,890,1
extreme_083,Extreme,OpenMP,8,4,0.011301041,2074,1
extreme_083,Extreme,OpenMP,8,5,0.010882139,2258,1
extreme_083,Extreme,OpenMP,16,1,0.022152901,857,1
extreme_083,Extreme,OpenMP,16,2,0.016335964,1078,1
extreme_083,Extreme,OpenMP,16,3,0.030421972,1114,1
extreme_083,Extreme,OpenMP,16,4,0.080654144,2231,1
extreme_083,Extreme,OpenMP,16,5,0.039994955,2277,1
extreme_083,Extreme,OMP-BranchBoundMRV,4,1,0.006636858,932,1
extreme_083,Extreme,OMP-BranchBoundMRV,4,2,0.006062984,887,1
extreme_083,Extreme,OMP-BranchBoundMRV,4,3,0.006016970,843,1
extreme_083,Extreme,OMP-BranchBoundMRV,4,4,0.006143093,896,1
extreme_083,Extreme,OMP-BranchBoundMRV,4,5,0.006725073,977,1
extreme_083,Extreme,OMP-BranchBoundMRV,8,1,0.007463932,1196,1
extreme_083,Extreme,OMP-BranchBoundMRV,8,2,0.010888815,1209,1
extreme_083,Extreme,OMP-BranchBoundMRV,8,3,0.010426998,1598,1
extreme_083,Extreme,OMP-BranchBoundMRV,8,4,0.009703875,1373,1
extreme_083,Extreme,OMP-BranchBoundMRV,8,5,0.005918980,913,1
extreme_083,Extreme,OMP-BranchBoundMRV,16,1,0.170779943,4328,1
extreme_083,Extreme,OMP-BranchBoundMRV,16,2,0.057054043,1547,1
extreme_083,Extreme,OMP-BranchBoundMRV,16,3,0.028990030,1260,1
extreme_083,Extreme,OMP-BranchBoundMRV,16,4,0.045115948,2038,1
extreme_083,Extreme,OMP-BranchBoundMRV,16,5,0.041380882,835,1
extreme_084,Extreme,Serial,1,1,0.009768875,19039,1
extreme_084,Extreme,Serial,1,2,0.009561042,19039,1
extreme_084,Extreme,Serial,1,3,0.009634625,19039,1
extreme_084,Extreme,Serial,1,4,0.009524166,19039,1
extreme_084,Extreme,Serial,1,5,0.009549417,19039,1
extreme_084,Extreme,Serial-MRV,1,1,0.149913417,7284,1
extreme_084,Extreme,Serial-MRV,1,2,0.248494167,7284,1
extreme_084,Extreme,Serial-MRV,1,3,0.117638625,7284,1
extreme_084,Extreme,Serial-MRV,1,4,0.120042541,7284,1
extreme_084,Extreme,Serial-MRV,1,5,0.115971959,7284,1
extreme_084,Extreme,BranchBound,1,1,0.008271958,19039,1
extreme_084,Extreme,BranchBound,1,2,0.008348708,19039,1
extreme_084,Extreme,BranchBound,1,3,0.008269791,19039,1
extreme_084,Extreme,BranchBound,1,4,0.008326250,19039,1
extreme_084,Extreme,BranchBound,1,5,0.008282458,19039,1
extreme_084,Extreme,BranchBoundMRV,1,1,0.153005000,7284,1
extreme_084,Extreme,BranchBoundMRV,1,2,0.186380041,7284,1
extreme_084,Extreme,BranchBoundMRV,1,3,0.265030958,7284,1
extreme_084,Extreme,BranchBoundMRV,1,4,0.154176958,7284,1
extreme_084,Extreme,BranchBoundMRV,1,5,0.152422542,7284,1
extreme_084,Extreme,OpenMP,4,1,0.008413076,1822,1
extreme_084,Extreme,OpenMP,4,2,0.008385181,1866,1
extreme_084,Extreme,OpenMP,4,3,0.008388996,1828,1
extreme_084,Extreme,OpenMP,4,4,0.008394003,1872,1
extreme_084,Extreme,OpenMP,4,5,0.008389950,1832,1
extreme_084,Extreme,OpenMP,8,1,0.008456945,2062,1
extreme_084,Extreme,OpenMP,8,2,0.009351015,2338,1
extreme_084,Extreme,OpenMP,8,3,0.008803129,2058,1
extreme_084,Extreme,OpenMP,8,4,0.008435011,2044,1
extreme_084,Extreme,OpenMP,8,5,0.016252995,4097,1
extreme_084,Extreme,OpenMP,16,1,0.046880007,4527,1
extreme_084,Extreme,OpenMP,16,2,0.079322815,4342,1
extreme_084,Extreme,OpenMP,16,3,0.041418076,4212,1
extreme_084,Extreme,OpenMP,16,4,0.086087942,5955,1
extreme_084,Extreme,OpenMP,16,5,0.021148920,2857,1
extreme_084,Extreme,OMP-BranchBoundMRV,4,1,0.011494160,1849,1
extreme_084,Extreme,OMP-BranchBoundMRV,4,2,0.011327028,1839,1
extreme_084,Extreme,OMP-BranchBoundMRV,4,3,0.011225939,1848,1
extreme_084,Extreme,OMP-BranchBoundMRV,4,4,0.011065006,1821,1
extreme_084,Extreme,OMP-BranchBoundMRV,4,5,0.011049032,1825,1
extreme_084,Extreme,OMP-BranchBoundMRV,8,1,0.011137009,2060,1
extreme_084,Extreme,OMP-BranchBoundMRV,8,2,0.012422085,2298,1
extreme_084,Extreme,OMP-BranchBoundMRV,8,3,0.018167019,3611,1
extreme_084,Extreme,OMP-BranchBoundMRV,8,4,0.018841028,2726,1
extreme_084,Extreme,OMP-BranchBoundMRV,8,5,0.017335892,3385,1
extreme_084,Extreme,OMP-BranchBoundMRV,16,1,0.069635153,3044,1
extreme_084,Extreme,OMP-BranchBoundMRV,16,2,0.085734129,4600,1
extreme_084,Extreme,OMP-BranchBoundMRV,16,3,0.075654984,4885,1
extreme_084,Extreme,OMP-BranchBoundMRV,16,4,0.070179939,3470,1
extreme_084,Extreme,OMP-BranchBoundMRV,16,5,0.039530993,1827,1
extreme_085,Extreme,Serial,1,1,0.004111250,7659,1
extreme_085,Extreme,Serial,1,2,0.004085292,7659,1
extreme_085,Extreme,Serial,1,3,0.004175959,7659,1
extreme_085,Extreme,Serial,1,4,0.003957916,7659,1
extreme_085,Extreme,Serial,1,5,0.004016709,7659,1
extreme_085,Extreme,Serial-MRV,1,1,0.080384750,5165,1
extreme_085,Extreme,Serial-MRV,1,2,0.079509625,5165,1
extreme_085,Extreme,Serial-MRV,1,3,0.082006959,5165,1
extreme_085,Extreme,Serial-MRV,1,4,0.081881333,5165,1
extreme_085,Extreme,Serial-MRV,1,5,0.081592209,5165,1
extreme_085,Extreme,BranchBound,1,1,0.003500500,7659,1
extreme_085,Extreme,BranchBound,1,2,0.004737625,7659,1
extreme_085,Extreme,BranchBound,1,3,0.003768708,7659,1
extreme_085,Extreme,BranchBound,1,4,0.005343000,7659,1
extreme_085,Extreme,BranchBound,1,5,0.006209917,7659,1
extreme_085,Extreme,BranchBoundMRV,1,1,0.260249917,5165,1
extreme_085,Extreme,BranchBoundMRV,1,2,0.136714958,5165,1
extreme_085,Extreme,BranchBoundMRV,1,3,0.127015792,5165,1
extreme_085,Extreme,BranchBoundMRV,1,4,0.105410458,5165,1
extreme_085,Extreme,BranchBoundMRV,1,5,0.109813709,5165,1
extreme_085,Extreme,OpenMP,4,1,0.012572050,2616,1
extreme_085,Extreme,OpenMP,4,2,0.012405872,2880,1
extreme_085,Extreme,OpenMP,4,3,0.012409925,2860,1
extreme_085,Extreme,OpenMP,4,4,0.012366056,2554,1
extreme_085,Extreme,OpenMP,4,5,0.012367010,2863,1
extreme_085,Extreme,OpenMP,8,1,0.018643856,4772,1
extreme_085,Extreme,OpenMP,8,2,0.024626017,4834,1
extreme_085,Extreme,OpenMP,8,3,0.025160074,4938,1
extreme_085,Extreme,OpenMP,8,4,0.035017967,5848,1
extreme_085,Extreme,OpenMP,8,5,0.018663883,4238,1
extreme_085,Extreme,OpenMP,16,1,0.071995020,3092,1
extreme_085,Extreme,OpenMP,16,2,0.062041998,4761,1
extreme_085,Extreme,OpenMP,16,3,0.069084883,2730,1
extreme_085,Extreme,OpenMP,16,4,0.098649025,5027,1
extreme_085,Extreme,OpenMP,16,5,0.027481079,2794,1
extreme_085,Extreme,OMP-BranchBoundMRV,4,1,0.016940117,2843,1
extreme_085,Extreme,OMP-BranchBoundMRV,4,2,0.016767025,2880,1
extreme_085,Extreme,OMP-BranchBoundMRV,4,3,0.016794920,2855,1
extreme_085,Extreme,OMP-BranchBoundMRV,4,4,0.017004967,2888,1
extreme_085,Extreme,OMP-BranchBoundMRV,4,5,0.017030001,2833,1
extreme_085,Extreme,OMP-BranchBoundMRV,8,1,0.034520864,4713,1
extreme_085,Extreme,OMP-BranchBoundMRV,8,2,0.028203011,4249,1
extreme_085,Extreme,OMP-BranchBoundMRV,8,3,0.130861998,5546,1
extreme_085,Extreme,OMP-BranchBoundMRV,8,4,0.024801016,3804,1
extreme_085,Extreme,OMP-BranchBoundMRV,8,5,0.023487806,3931,1
extreme_085,Extreme,OMP-BranchBoundMRV,16,1,0.081681013,3690,1
extreme_085,Extreme,OMP-BranchBoundMRV,16,2,0.060830832,3706,1
extreme_085,Extreme,OMP-BranchBoundMRV,16,3,0.064599991,5381,1
extreme_085,Extreme,OMP-BranchBoundMRV,16,4,0.087705851,4139,1
extreme_085,Extreme,OMP-BranchBoundMRV,16,5,0.054847002,5122,1
extreme_086,Extreme,Serial,1,1,0.092611709,175134,1
extreme_086,Extreme,Serial,1,2,0.090883250,175134,1
extreme_086,Extreme,Serial,1,3,0.093335625,175134,1
extreme_086,Extreme,Serial,1,4,0.089731500,175134,1
extreme_086,Extreme,Serial,1,5,0.090610208,175134,1
extreme_086,Extreme,Serial-MRV,1,1,0.146665542,9712,1
extreme_086,Extreme,Serial-MRV,1,2,0.147499542,9712,1
extreme_086,Extreme,Serial-MRV,1,3,0.143178417,9712,1
extreme_086,Extreme,Serial-MRV,1,4,0.145622333,9712,1
extreme_086,Extreme,Serial-MRV,1,5,0.144621958,9712,1
extreme_086,Extreme,BranchBound,1,1,0.075145792,175134,1
extreme_086,Extreme,BranchBound,1,2,0.074618250,175134,1
extreme_086,Extreme,BranchBound,1,3,0.075934125,175134,1
extreme_086,Extreme,BranchBound,1,4,0.076279542,175134,1
extreme_086,Extreme,BranchBound,1,5,0.076038084,175134,1
extreme_086,Extreme,BranchBoundMRV,1,1,0.183792042,9712,1
extreme_086,Extreme,BranchBoundMRV,1,2,0.186515333,9712,1
extreme_086,Extreme,BranchBoundMRV,1,3,0.184278334,9712,1
extreme_086,Extreme,BranchBoundMRV,1,4,0.183166250,9712,1
extreme_086,Extreme,BranchBoundMRV,1,5,0.184466916,9712,1
extreme_086,Extreme,OpenMP,4,1,0.011545181,2603,1
extreme_086,Extreme,OpenMP,4,2,0.011307001,1963,1
extreme_086,Extreme,OpenMP,4,3,0.011750937,2699,1
extreme_086,Extreme,OpenMP,4,4,0.011365891,2593,1
extreme_086,Extreme,OpenMP,4,5,0.011395931,1960,1
extreme_086,Extreme,OpenMP,8,1,0.016523123,3910,1
extreme_086,Extreme,OpenMP,8,2,0.014000893,3358,1
extreme_086,Extreme,OpenMP,8,3,0.012347937,2241,1
extreme_086,Extreme,OpenMP,8,4,0.017161846,4368,1
extreme_086,Extreme,OpenMP,8,5,0.017234087,4020,1
extreme_086,Extreme,OpenMP,16,1,0.130362034,8099,1
extreme_086,Extreme,OpenMP,16,2,0.036550045,3700,1
extreme_086,Extreme,OpenMP,16,3,0.056482077,4949,1
extreme_086,Extreme,OpenMP,16,4,0.053211927,2794,1
extreme_086,Extreme,OpenMP,16,5,0.056393862,5663,1
extreme_086,Extreme,OMP-BranchBoundMRV,4,1,0.014174938,2619,1
extreme_086,Extreme,OMP-BranchBoundMRV,4,2,0.014139891,2655,1
extreme_086,Extreme,OMP-BranchBoundMRV,4,3,0.014142036,2652,1
extreme_086,Extreme,OMP-BranchBoundMRV,4,4,0.014151096,2659,1
extreme_086,Extreme,OMP-BranchBoundMRV,4,5,0.014201880,2668,1
extreme_086,Extreme,OMP-BranchBoundMRV,8,1,0.028964043,5559,1
extreme_086,Extreme,OMP-BranchBoundMRV,8,2,0.020385981,4298,1
extreme_086,Extreme,OMP-BranchBoundMRV,8,3,0.017578125,3413,1
extreme_086,Extreme,OMP-BranchBoundMRV,8,4,0.030207157,5762,1
extreme_086,Extreme,OMP-BranchBoundMRV,8,5,0.037474871,6385,1
extreme_086,Extreme,OMP-BranchBoundMRV,16,1,0.039108992,5381,1
extreme_086,Extreme,OMP-BranchBoundMRV,16,2,0.088346004,3742,1
extreme_086,Extreme,OMP-BranchBoundMRV,16,3,0.034873009,2673,1
extreme_086,Extreme,OMP-BranchBoundMRV,16,4,0.055783033,4828,1
extreme_086,Extreme,OMP-BranchBoundMRV,16,5,0.097604036,7033,1
extreme_087,Extreme,Serial,1,1,0.050544750,99061,1
extreme_087,Extreme,Serial,1,2,0.049090542,99061,1
extreme_087,Extreme,Serial,1,3,0.049178375,99061,1
extreme_087,Extreme,Serial,1,4,0.048952791,99061,1
extreme_087,Extreme,Serial,1,5,0.051067917,99061,1
extreme_087,Extreme,Serial-MRV,1,1,0.075598875,5169,1
extreme_087,Extreme,Serial-MRV,1,2,0.075928209,5169,1
extreme_087,Extreme,Serial-MRV,1,3,0.077023750,5169,1
extreme_087,Extreme,Serial-MRV,1,4,0.078548375,5169,1
extreme_087,Extreme,Serial-MRV,1,5,0.076238667,5169,1
extreme_087,Extreme,BranchBound,1,1,0.043137917,99061,1
extreme_087,Extreme,BranchBound,1,2,0.042989584,99061,1
extreme_087,Extreme,BranchBound,1,3,0.042874208,99061,1
extreme_087,Extreme,BranchBound,1,4,0.043971292,99061,1
extreme_087,Extreme,BranchBound,1,5,0.046402625,99061,1
extreme_087,Extreme,BranchBoundMRV,1,1,0.105058708,5169,1
extreme_087,Extreme,BranchBoundMRV,1,2,0.100278958,5169,1
extreme_087,Extreme,BranchBoundMRV,1,3,0.101580750,5169,1
extreme_087,Extreme,BranchBoundMRV,1,4,0.099707083,5169,1
extreme_087,Extreme,BranchBoundMRV,1,5,0.099660667,5169,1
extreme_087,Extreme,OpenMP,4,1,0.005748034,1281,1
extreme_087,Extreme,OpenMP,4,2,0.005647898,955,1
extreme_087,Extreme,OpenMP,4,3,0.005719900,964,1
extreme_087,Extreme,OpenMP,4,4,0.005616903,1268,1
extreme_087,Extreme,OpenMP,4,5,0.005951166,980,1
extreme_087,Extreme,OpenMP,8,1,0.013630867,2951,1
extreme_087,Extreme,OpenMP,8,2,0.007842064,1850,1
extreme_087,Extreme,OpenMP,8,3,0.006346941,1290,1
extreme_087,Extreme,OpenMP,8,4,0.010442972,2250,1
extreme_087,Extreme,OpenMP,8,5,0.006145000,1496,1
extreme_087,Extreme,OpenMP,16,1,0.024231911,2619,1
extreme_087,Extreme,OpenMP,16,2,0.016778946,1132,1
extreme_087,Extreme,OpenMP,16,3,0.021163940,1414,1
extreme_087,Extreme,OpenMP,16,4,0.046334028,3270,1
extreme_087,Extreme,OpenMP,16,5,0.053287983,2169,1
extreme_087,Extreme,OMP-BranchBoundMRV,4,1,0.007726908,1188,1
extreme_087,Extreme,OMP-BranchBoundMRV,4,2,0.007778883,1203,1
extreme_087,Extreme,OMP-BranchBoundMRV,4,3,0.007912874,933,1
extreme_087,Extreme,OMP-BranchBoundMRV,4,4,0.008008957,1193,1
extreme_087,Extreme,OMP-BranchBoundMRV,4,5,0.008489847,1001,1
extreme_087,Extreme,OMP-BranchBoundMRV,8,1,0.009440899,1391,1
extreme_087,Extreme,OMP-BranchBoundMRV,8,2,0.007738829,1258,1
extreme_087,Extreme,OMP-BranchBoundMRV,8,3,0.014205933,1629,1
extreme_087,Extreme,OMP-BranchBoundMRV,8,4,0.015508890,1917,1
extreme_087,Extreme,OMP-BranchBoundMRV,8,5,0.009861946,1228,1
extreme_087,Extreme,OMP-BranchBoundMRV,16,1,0.031211853,1285,1
extreme_087,Extreme,OMP-BranchBoundMRV,16,2,0.122852087,1483,1
extreme_087,Extreme,OMP-BranchBoundMRV,16,3,0.033880949,1432,1
extreme_087,Extreme,OMP-BranchBoundMRV,16,4,0.021317005,1335,1
extreme_087,Extreme,OMP-BranchBoundMRV,16,5,0.055876017,1787,1
extreme_088,Extreme,Serial,1,1,0.556520625,1097038,1
extreme_088,Extreme,Serial,1,2,0.542928209,1097038,1
extreme_088,Extreme,Serial,1,3,0.541333500,1097038,1
extreme_088,Extreme,Serial,1,4,0.540459334,1097038,1
extreme_088,Extreme,Serial,1,5,0.540275333,1097038,1
extreme_088,Extreme,Serial-MRV,1,1,0.141221250,10024,1
extreme_088,Extreme,Serial-MRV,1,2,0.142217666,10024,1
extreme_088,Extreme,Serial-MRV,1,3,0.140266500,10024,1
extreme_088,Extreme,Serial-MRV,1,4,0.139164875,10024,1
extreme_088,Extreme,Serial-MRV,1,5,0.139258959,10024,1
extreme_088,Extreme,BranchBound,1,1,0.484401750,1097038,1
extreme_088,Extreme,BranchBound,1,2,0.476169334,1097038,1
extreme_088,Extreme,BranchBound,1,3,0.479687333,1097038,1
extreme_088,Extreme,BranchBound,1,4,0.477505584,1097038,1
extreme_088,Extreme,BranchBound,1,5,0.480307833,1097038,1
extreme_088,Extreme,BranchBoundMRV,1,1,0.186949958,10024,1
extreme_088,Extreme,BranchBoundMRV,1,2,0.187716125,10024,1
extreme_088,Extreme,BranchBoundMRV,1,3,0.185117500,10024,1
extreme_088,Extreme,BranchBoundMRV,1,4,0.188374875,10024,1
extreme_088,Extreme,BranchBoundMRV,1,5,0.186137833,10024,1
extreme_088,Extreme,OpenMP,4,1,0.009912968,1266,1
extreme_088,Extreme,OpenMP,4,2,0.009935856,1266,1
extreme_088,Extreme,OpenMP,4,3,0.009889841,1268,1
extreme_088,Extreme,OpenMP,4,4,0.009886026,1246,1
extreme_088,Extreme,OpenMP,4,5,0.009893894,1269,1
extreme_088,Extreme,OpenMP,8,1,0.010348082,1266,1
extreme_088,Extreme,OpenMP,8,2,0.009898901,1267,1
extreme_088,Extreme,OpenMP,8,3,0.009931087,1268,1
extreme_088,Extreme,OpenMP,8,4,0.009905815,1272,1
extreme_088,Extreme,OpenMP,8,5,0.009897947,1268,1
extreme_088,Extreme,OpenMP,16,1,0.035497904,1547,1
extreme_088,Extreme,OpenMP,16,2,0.015534878,903,1
extreme_088,Extreme,OpenMP,16,3,0.044214964,1611,1
extreme_088,Extreme,OpenMP,16,4,0.022820950,991,1
extreme_088,Extreme,OpenMP,16,5,0.072646141,4564,1
extreme_088,Extreme,OMP-BranchBoundMRV,4,1,0.014294147,1260,1
extreme_088,Extreme,OMP-BranchBoundMRV,4,2,0.013935089,1281,1
extreme_088,Extreme,OMP-BranchBoundMRV,4,3,0.013891935,1272,1
extreme_088,Extreme,OMP-BranchBoundMRV,4,4,0.014085054,1282,1
extreme_088,Extreme,OMP-BranchBoundMRV,4,5,0.014085054,1287,1
extreme_088,Extreme,OMP-BranchBoundMRV,8,1,0.026551008,1476,1
extreme_088,Extreme,OMP-BranchBoundMRV,8,2,0.029710054,1508,1
extreme_088,Extreme,OMP-BranchBoundMRV,8,3,0.021117926,1288,1
extreme_088,Extreme,OMP-BranchBoundMRV,8,4,0.017791986,1436,1
extreme_088,Extreme,OMP-BranchBoundMRV,8,5,0.022004843,1383,1
extreme_088,Extreme,OMP-BranchBoundMRV,16,1,0.072054148,1225,1
extreme_088,Extreme,OMP-BranchBoundMRV,16,2,0.045111895,1070,1
extreme_088,Extreme,OMP-BranchBoundMRV,16,3,0.080656052,1095,1
extreme_088,Extreme,OMP-BranchBoundMRV,16,4,0.048616171,1585,1
extreme_088,Extreme,OMP-BranchBoundMRV,16,5,0.057636023,1335,1
extreme_089,Extreme,Serial,1,1,0.030267708,60774,1
extreme_089,Extreme,Serial,1,2,0.030307167,60774,1
extreme_089,Extreme,Serial,1,3,0.030032875,60774,1
extreme_089,Extreme,Serial,1,4,0.030142875,60774,1
extreme_089,Extreme,Serial,1,5,0.030230750,60774,1
extreme_089,Extreme,Serial-MRV,1,1,0.111221667,6608,1
extreme_089,Extreme,Serial-MRV,1,2,0.111789042,6608,1
extreme_089,Extreme,Serial-MRV,1,3,0.108431917,6608,1
extreme_089,Extreme,Serial-MRV,1,4,0.110382333,6608,1
extreme_089,Extreme,Serial-MRV,1,5,0.109307625,6608,1
extreme_089,Extreme,BranchBound,1,1,0.026398084,60774,1
extreme_089,Extreme,BranchBound,1,2,0.026414375,60774,1
extreme_089,Extreme,BranchBound,1,3,0.026302125,60774,1
extreme_089,Extreme,BranchBound,1,4,0.026469709,60774,1
extreme_089,Extreme,BranchBound,1,5,0.026435750,60774,1
extreme_089,Extreme,BranchBoundMRV,1,1,0.149374583,6608,1
extreme_089,Extreme,BranchBoundMRV,1,2,0.146490333,6608,1
extreme_089,Extreme,BranchBoundMRV,1,3,0.147629167,6608,1
extreme_089,Extreme,BranchBoundMRV,1,4,0.145443708,6608,1
extreme_089,Extreme,BranchBoundMRV,1,5,0.145781000,6608,1
extreme_089,Extreme,OpenMP,4,1,0.046411037,9886,1
extreme_089,Extreme,OpenMP,4,2,0.030462027,6223,1
extreme_089,Extreme,OpenMP,4,3,0.030365944,6209,1
extreme_089,Extreme,OpenMP,4,4,0.045647860,9886,1
extreme_089,Extreme,OpenMP,4,5,0.045629978,7990,1
extreme_089,Extreme,OpenMP,8,1,0.062220812,9886,1
extreme_089,Extreme,OpenMP,8,2,0.045889139,8207,1
extreme_089,Extreme,OpenMP,8,3,0.041188002,7216,1
extreme_089,Extreme,OpenMP,8,4,0.041923046,8491,1
extreme_089,Extreme,OpenMP,8,5,0.043859959,7602,1
extreme_089,Extreme,OpenMP,16,1,0.114375114,9886,1
extreme_089,Extreme,OpenMP,16,2,0.108751774,7509,1
extreme_089,Extreme,OpenMP,16,3,0.158318043,9402,1
extreme_089,Extreme,OpenMP,16,4,0.129062891,7727,1
extreme_089,Extreme,OpenMP,16,5,0.146908998,9274,1
extreme_089,Extreme,OMP-BranchBoundMRV,4,1,0.060461998,9886,1
extreme_089,Extreme,OMP-BranchBoundMRV,4,2,0.060135126,9886,1
extreme_089,Extreme,OMP-BranchBoundMRV,4,3,0.060145140,9886,1
extreme_089,Extreme,OMP-BranchBoundMRV,4,4,0.065869093,9886,1
extreme_089,Extreme,OMP-BranchBoundMRV,4,5,0.060427189,9886,1
extreme_089,Extreme,OMP-BranchBoundMRV,8,1,0.054949999,7979,1
extreme_089,Extreme,OMP-BranchBoundMRV,8,2,0.070101976,7332,1
extreme_089,Extreme,OMP-BranchBoundMRV,8,3,0.041545153,6169,1
extreme_089,Extreme,OMP-BranchBoundMRV,8,4,0.053936005,6811,1
extreme_089,Extreme,OMP-BranchBoundMRV,8,5,0.053982019,7554,1
extreme_089,Extreme,OMP-BranchBoundMRV,16,1,0.108791828,3733,1
extreme_089,Extreme,OMP-BranchBoundMRV,16,2,0.164365053,8889,1
extreme_089,Extreme,OMP-BranchBoundMRV,16,3,0.198780060,8416,1
extreme_089,Extreme,OMP-BranchBoundMRV,16,4,0.150550127,8754,1
extreme_089,Extreme,OMP-BranchBoundMRV,16,5,0.175075054,8018,1
extreme_090,Extreme,Serial,1,1,0.072800334,145945,1
extreme_090,Extreme,Serial,1,2,0.070752083,145945,1
extreme_090,Extreme,Serial,1,3,0.071855541,145945,1
extreme_090,Extreme,Serial,1,4,0.074580708,145945,1
extreme_090,Extreme,Serial,1,5,0.071447291,145945,1
extreme_090,Extreme,Serial-MRV,1,1,0.095161167,5494,1
extreme_090,Extreme,Serial-MRV,1,2,0.096233959,5494,1
extreme_090,Extreme,Serial-MRV,1,3,0.097732875,5494,1
extreme_090,Extreme,Serial-MRV,1,4,0.095636250,5494,1
extreme_090,Extreme,Serial-MRV,1,5,0.095458875,5494,1
extreme_090,Extreme,BranchBound,1,1,0.063297791,145945,1
extreme_090,Extreme,BranchBound,1,2,0.063232292,145945,1
extreme_090,Extreme,BranchBound,1,3,0.063253042,145945,1
extreme_090,Extreme,BranchBound,1,4,0.065574375,145945,1
extreme_090,Extreme,BranchBound,1,5,0.064315250,145945,1
extreme_090,Extreme,BranchBoundMRV,1,1,0.122217417,5494,1
extreme_090,Extreme,BranchBoundMRV,1,2,0.124165583,5494,1
extreme_090,Extreme,BranchBoundMRV,1,3,0.120504500,5494,1
extreme_090,Extreme,BranchBoundMRV,1,4,0.120130667,5494,1
extreme_090,Extreme,BranchBoundMRV,1,5,0.119750625,5494,1
extreme_090,Extreme,OpenMP,4,1,0.022435188,4914,1
extreme_090,Extreme,OpenMP,4,2,0.022446156,4935,1
extreme_090,Extreme,OpenMP,4,3,0.022400141,4920,1
extreme_090,Extreme,OpenMP,4,4,0.034945965,6911,1
extreme_090,Extreme,OpenMP,4,5,0.022378922,4929,1
extreme_090,Extreme,OpenMP,8,1,0.009624004,2250,1
extreme_090,Extreme,OpenMP,8,2,0.025045156,5702,1
extreme_090,Extreme,OpenMP,8,3,0.010720015,2762,1
extreme_090,Extreme,OpenMP,8,4,0.009590864,2784,1
extreme_090,Extreme,OpenMP,8,5,0.020138979,3756,1
extreme_090,Extreme,OpenMP,16,1,0.033061028,2608,1
extreme_090,Extreme,OpenMP,16,2,0.036689997,3595,1
extreme_090,Extreme,OpenMP,16,3,0.056869984,4208,1
extreme_090,Extreme,OpenMP,16,4,0.042336941,3646,1
extreme_090,Extreme,OpenMP,16,5,0.034805775,4285,1
extreme_090,Extreme,OMP-BranchBoundMRV,4,1,0.040032148,6479,1
extreme_090,Extreme,OMP-BranchBoundMRV,4,2,0.039680958,6450,1
extreme_090,Extreme,OMP-BranchBoundMRV,4,3,0.044082165,6916,1
extreme_090,Extreme,OMP-BranchBoundMRV,4,4,0.044076204,6931,1
extreme_090,Extreme,OMP-BranchBoundMRV,4,5,0.040403128,6486,1
extreme_090,Extreme,OMP-BranchBoundMRV,8,1,0.017912865,3382,1
extreme_090,Extreme,OMP-BranchBoundMRV,8,2,0.041827917,6798,1
extreme_090,Extreme,OMP-BranchBoundMRV,8,3,0.012456894,2361,1
extreme_090,Extreme,OMP-BranchBoundMRV,8,4,0.017884970,3473,1
extreme_090,Extreme,OMP-BranchBoundMRV,8,5,0.022542000,4782,1
extreme_090,Extreme,OMP-BranchBoundMRV,16,1,0.082406998,4971,1
extreme_090,Extreme,OMP-BranchBoundMRV,16,2,0.081634045,3478,1
extreme_090,Extreme,OMP-BranchBoundMRV,16,3,0.052543879,3432,1
extreme_090,Extreme,OMP-BranchBoundMRV,16,4,0.041136026,3796,1
extreme_090,Extreme,OMP-BranchBoundMRV,16,5,0.098019123,4883,1
extreme_091,Extreme,Serial,1,1,0.079890833,162184,1
extreme_091,Extreme,Serial,1,2,0.079899083,162184,1
extreme_091,Extreme,Serial,1,3,0.081925541,162184,1
extreme_091,Extreme,Serial,1,4,0.080710041,162184,1
extreme_091,Extreme,Serial,1,5,0.080143041,162184,1
extreme_091,Extreme,Serial-MRV,1,1,0.101723750,6074,1
extreme_091,Extreme,Serial-MRV,1,2,0.101912167,6074,1
extreme_091,Extreme,Serial-MRV,1,3,0.104006500,6074,1
extreme_091,Extreme,Serial-MRV,1,4,0.101265125,6074,1
extreme_091,Extreme,Serial-MRV,1,5,0.100980125,6074,1
extreme_091,Extreme,BranchBound,1,1,0.069396166,162184,1
extreme_091,Extreme,BranchBound,1,2,0.069592875,162184,1
extreme_091,Extreme,BranchBound,1,3,0.069936541,162184,1
extreme_091,Extreme,BranchBound,1,4,0.071294708,162184,1
extreme_091,Extreme,BranchBound,1,5,0.069363791,162184,1
extreme_091,Extreme,BranchBoundMRV,1,1,0.132631709,6074,1
extreme_091,Extreme,BranchBoundMRV,1,2,0.135482833,6074,1
extreme_091,Extreme,BranchBoundMRV,1,3,0.132457958,6074,1
extreme_091,Extreme,BranchBoundMRV,1,4,0.132515333,6074,1
extreme_091,Extreme,BranchBoundMRV,1,5,0.131964375,6074,1
extreme_091,Extreme,OpenMP,4,1,0.002194166,469,1
extreme_091,Extreme,OpenMP,4,2,0.002166033,463,1
extreme_091,Extreme,OpenMP,4,3,0.002169847,466,1
extreme_091,Extreme,OpenMP,4,4,0.002240896,464,1
extreme_091,Extreme,OpenMP,4,5,0.002164125,469,1
extreme_091,Extreme,OpenMP,8,1,0.005271912,1105,1
extreme_091,Extreme,OpenMP,8,2,0.002217054,433,1
extreme_091,Extreme,OpenMP,8,3,0.005206108,1124,1
extreme_091,Extreme,OpenMP,8,4,0.002192020,499,1
extreme_091,Extreme,OpenMP,8,5,0.005363941,945,1
extreme_091,Extreme,OpenMP,16,1,0.029617071,432,1
extreme_091,Extreme,OpenMP,16,2,0.021959066,435,1
extreme_091,Extreme,OpenMP,16,3,0.049669981,983,1
extreme_091,Extreme,OpenMP,16,4,0.033798933,323,1
extreme_091,Extreme,OpenMP,16,5,0.039771080,433,1
extreme_091,Extreme,OMP-BranchBoundMRV,4,1,0.005023956,677,1
extreme_091,Extreme,OMP-BranchBoundMRV,4,2,0.003473997,540,1
extreme_091,Extreme,OMP-BranchBoundMRV,4,3,0.003057003,470,1
extreme_091,Extreme,OMP-BranchBoundMRV,4,4,0.003350973,514,1
extreme_091,Extreme,OMP-BranchBoundMRV,4,5,0.003145218,447,1
extreme_091,Extreme,OMP-BranchBoundMRV,8,1,0.006344795,756,1
extreme_091,Extreme,OMP-BranchBoundMRV,8,2,0.007526875,965,1
extreme_091,Extreme,OMP-BranchBoundMRV,8,3,0.003314018,443,1
extreme_091,Extreme,OMP-BranchBoundMRV,8,4,0.005167007,680,1
extreme_091,Extreme,OMP-BranchBoundMRV,8,5,0.004885912,713,1
extreme_091,Extreme,OMP-BranchBoundMRV,16,1,0.042644978,925,1
extreme_091,Extreme,OMP-BranchBoundMRV,16,2,0.008208990,643,1
extreme_091,Extreme,OMP-BranchBoundMRV,16,3,0.016064882,431,1
extreme_091,Extreme,OMP-BranchBoundMRV,16,4,0.016119957,417,1
extreme_091,Extreme,OMP-BranchBoundMRV,16,5,0.082272053,1315,1
extreme_092,Extreme,Serial,1,1,0.020327000,39349,1
extreme_092,Extreme,Serial,1,2,0.020378625,39349,1
extreme_092,Extreme,Serial,1,3,0.020169625,39349,1
extreme_092,Extreme,Serial,1,4,0.020165375,39349,1
extreme_092,Extreme,Serial,1,5,0.019912958,39349,1
extreme_092,Extreme,Serial-MRV,1,1,0.115190375,6881,1
extreme_092,Extreme,Serial-MRV,1,2,0.118372084,6881,1
extreme_092,Extreme,Serial-MRV,1,3,0.114265917,6881,1
extreme_092,Extreme,Serial-MRV,1,4,0.114323416,6881,1
extreme_092,Extreme,Serial-MRV,1,5,0.114585375,6881,1
extreme_092,Extreme,BranchBound,1,1,0.016272416,39349,1
extreme_092,Extreme,BranchBound,1,2,0.016269167,39349,1
extreme_092,Extreme,BranchBound,1,3,0.016265417,39349,1
extreme_092,Extreme,BranchBound,1,4,0.016266917,39349,1
extreme_092,Extreme,BranchBound,1,5,0.016251000,39349,1
extreme_092,Extreme,BranchBoundMRV,1,1,0.148897125,6881,1
extreme_092,Extreme,BranchBoundMRV,1,2,0.150664292,6881,1
extreme_092,Extreme,BranchBoundMRV,1,3,0.147335375,6881,1
extreme_092,Extreme,BranchBoundMRV,1,4,0.147383541,6881,1
extreme_092,Extreme,BranchBoundMRV,1,5,0.146842917,6881,1
extreme_092,Extreme,OpenMP,4,1,0.017403841,3005,1
extreme_092,Extreme,OpenMP,4,2,0.032420874,5694,1
extreme_092,Extreme,OpenMP,4,3,0.017391920,3601,1
extreme_092,Extreme,OpenMP,4,4,0.017178059,2756,1
extreme_092,Extreme,OpenMP,4,5,0.017153025,2755,1
extreme_092,Extreme,OpenMP,8,1,0.023576021,3544,1
extreme_092,Extreme,OpenMP,8,2,0.024559975,3855,1
extreme_092,Extreme,OpenMP,8,3,0.026433945,3947,1
extreme_092,Extreme,OpenMP,8,4,0.037549019,4930,1
extreme_092,Extreme,OpenMP,8,5,0.019480944,3553,1
extreme_092,Extreme,OpenMP,16,1,0.057480097,4941,1
extreme_092,Extreme,OpenMP,16,2,0.096890926,4028,1
extreme_092,Extreme,OpenMP,16,3,0.049906969,3418,1
extreme_092,Extreme,OpenMP,16,4,0.077228069,3763,1
extreme_092,Extreme,OpenMP,16,5,0.052898884,3155,1
extreme_092,Extreme,OMP-BranchBoundMRV,4,1,0.022438049,3540,1
extreme_092,Extreme,OMP-BranchBoundMRV,4,2,0.023976088,3780,1
extreme_092,Extreme,OMP-BranchBoundMRV,4,3,0.023483992,3730,1
extreme_092,Extreme,OMP-BranchBoundMRV,4,4,0.022680044,3654,1
extreme_092,Extreme,OMP-BranchBoundMRV,4,5,0.022300005,3581,1
extreme_092,Extreme,OMP-BranchBoundMRV,8,1,0.034332991,4411,1
extreme_092,Extreme,OMP-BranchBoundMRV,8,2,0.035810947,4399,1
extreme_092,Extreme,OMP-BranchBoundMRV,8,3,0.033793926,4084,1
extreme_092,Extreme,OMP-BranchBoundMRV,8,4,0.041404009,4706,1
extreme_092,Extreme,OMP-BranchBoundMRV,8,5,0.033054113,3946,1
extreme_092,Extreme,OMP-BranchBoundMRV,16,1,0.106889009,3734,1
extreme_092,Extreme,OMP-BranchBoundMRV,16,2,0.051923037,2825,1
extreme_092,Extreme,OMP-BranchBoundMRV,16,3,0.097035170,4203,1
extreme_092,Extreme,OMP-BranchBoundMRV,16,4,0.082459927,4227,1
extreme_092,Extreme,OMP-BranchBoundMRV,16,5,0.090277910,4469,1
extreme_093,Extreme,Serial,1,1,0.095170000,198598,1
extreme_093,Extreme,Serial,1,2,0.093949083,198598,1
extreme_093,Extreme,Serial,1,3,0.096569917,198598,1
extreme_093,Extreme,Serial,1,4,0.093881459,198598,1
extreme_093,Extreme,Serial,1,5,0.094030292,198598,1
extreme_093,Extreme,Serial-MRV,1,1,0.111071458,7817,1
extreme_093,Extreme,Serial-MRV,1,2,0.111974333,7817,1
extreme_093,Extreme,Serial-MRV,1,3,0.112153666,7817,1
extreme_093,Extreme,Serial-MRV,1,4,0.111153667,7817,1
extreme_093,Extreme,Serial-MRV,1,5,0.110881167,7817,1
extreme_093,Extreme,BranchBound,1,1,0.082239458,198598,1
extreme_093,Extreme,BranchBound,1,2,0.082250417,198598,1
extreme_093,Extreme,BranchBound,1,3,0.084494041,198598,1
extreme_093,Extreme,BranchBound,1,4,0.082673458,198598,1
extreme_093,Extreme,BranchBound,1,5,0.082177709,198598,1
extreme_093,Extreme,BranchBoundMRV,1,1,0.149661708,7817,1
extreme_093,Extreme,BranchBoundMRV,1,2,0.151928875,7817,1
extreme_093,Extreme,BranchBoundMRV,1,3,0.149979458,7817,1
extreme_093,Extreme,BranchBoundMRV,1,4,0.151232792,7817,1
extreme_093,Extreme,BranchBoundMRV,1,5,0.149855333,7817,1
extreme_093,Extreme,OpenMP,4,1,0.025133848,4906,1
extreme_093,Extreme,OpenMP,4,2,0.025222063,6461,1
extreme_093,Extreme,OpenMP,4,3,0.025169134,6467,1
extreme_093,Extreme,OpenMP,4,4,0.025071144,6455,1
extreme_093,Extreme,OpenMP,4,5,0.025176048,6465,1
extreme_093,Extreme,OpenMP,8,1,0.036347151,7521,1
extreme_093,Extreme,OpenMP,8,2,0.037961006,7817,1
extreme_093,Extreme,OpenMP,8,3,0.052231073,7817,1
extreme_093,Extreme,OpenMP,8,4,0.041094065,7817,1
extreme_093,Extreme,OpenMP,8,5,0.042551994,7548,1
extreme_093,Extreme,OpenMP,16,1,0.104656935,7264,1
extreme_093,Extreme,OpenMP,16,2,0.110614061,7817,1
extreme_093,Extreme,OpenMP,16,3,0.098104000,7541,1
extreme_093,Extreme,OpenMP,16,4,0.109627962,6997,1
extreme_093,Extreme,OpenMP,16,5,0.080615997,7293,1
extreme_093,Extreme,OMP-BranchBoundMRV,4,1,0.033993006,6503,1
extreme_093,Extreme,OMP-BranchBoundMRV,4,2,0.034038067,6511,1
extreme_093,Extreme,OMP-BranchBoundMRV,4,3,0.034049988,6486,1
extreme_093,Extreme,OMP-BranchBoundMRV,4,4,0.034101009,6516,1
extreme_093,Extreme,OMP-BranchBoundMRV,4,5,0.037236929,6617,1
extreme_093,Extreme,OMP-BranchBoundMRV,8,1,0.049724102,6946,1
extreme_093,Extreme,OMP-BranchBoundMRV,8,2,0.103359938,7817,1
extreme_093,Extreme,OMP-BranchBoundMRV,8,3,0.042661190,7073,1
extreme_093,Extreme,OMP-BranchBoundMRV,8,4,0.049543142,7192,1
extreme_093,Extreme,OMP-BranchBoundMRV,8,5,0.042010784,7144,1
extreme_093,Extreme,OMP-BranchBoundMRV,16,1,0.173011065,7529,1
extreme_093,Extreme,OMP-BranchBoundMRV,16,2,0.158095837,7817,1
extreme_093,Extreme,OMP-BranchBoundMRV,16,3,0.143532038,7817,1
extreme_093,Extreme,OMP-BranchBoundMRV,16,4,0.076390982,6174,1
extreme_093,Extreme,OMP-BranchBoundMRV,16,5,0.128829956,7817,1
extreme_094,Extreme,Serial,1,1,0.011381333,23277,1
extreme_094,Extreme,Serial,1,2,0.011547417,23277,1
extreme_094,Extreme,Serial,1,3,0.011388833,23277,1
extreme_094,Extreme,Serial,1,4,0.011201125,23277,1
extreme_094,Extreme,Serial,1,5,0.011221666,23277,1
extreme_094,Extreme,Serial-MRV,1,1,0.100093959,5614,1
extreme_094,Extreme,Serial-MRV,1,2,0.102919333,5614,1
extreme_094,Extreme,Serial-MRV,1,3,0.101282959,5614,1
extreme_094,Extreme,Serial-MRV,1,4,0.099314084,5614,1
extreme_094,Extreme,Serial-MRV,1,5,0.100338167,5614,1
extreme_094,Extreme,BranchBound,1,1,0.010141542,23277,1
extreme_094,Extreme,BranchBound,1,2,0.010087375,23277,1
extreme_094,Extreme,BranchBound,1,3,0.010028250,23277,1
extreme_094,Extreme,BranchBound,1,4,0.010076125,23277,1
extreme_094,Extreme,BranchBound,1,5,0.010076958,23277,1
extreme_094,Extreme,BranchBoundMRV,1,1,0.130766417,5614,1
extreme_094,Extreme,BranchBoundMRV,1,2,0.135021500,5614,1
extreme_094,Extreme,BranchBoundMRV,1,3,0.131085250,5614,1
extreme_094,Extreme,BranchBoundMRV,1,4,0.133784625,5614,1
extreme_094,Extreme,BranchBoundMRV,1,5,0.130848083,5614,1
extreme_094,Extreme,OpenMP,4,1,0.008490086,1798,1
extreme_094,Extreme,OpenMP,4,2,0.008500099,1479,1
extreme_094,Extreme,OpenMP,4,3,0.008465052,1479,1
extreme_094,Extreme,OpenMP,4,4,0.008453846,1475,1
extreme_094,Extreme,OpenMP,4,5,0.001255989,257,1
extreme_094,Extreme,OpenMP,8,1,0.003013849,689,1
extreme_094,Extreme,OpenMP,8,2,0.003610849,1055,1
extreme_094,Extreme,OpenMP,8,3,0.001415968,354,1
extreme_094,Extreme,OpenMP,8,4,0.003369093,894,1
extreme_094,Extreme,OpenMP,8,5,0.001312017,326,1
extreme_094,Extreme,OpenMP,16,1,0.033318996,271,1
extreme_094,Extreme,OpenMP,16,2,0.043280840,277,1
extreme_094,Extreme,OpenMP,16,3,0.047580004,897,1
extreme_094,Extreme,OpenMP,16,4,0.033066988,768,1
extreme_094,Extreme,OpenMP,16,5,0.026427984,803,1
extreme_094,Extreme,OMP-BranchBoundMRV,4,1,0.012412071,1878,1
extreme_094,Extreme,OMP-BranchBoundMRV,4,2,0.012223005,1810,1
extreme_094,Extreme,OMP-BranchBoundMRV,4,3,0.012260914,1818,1
extreme_094,Extreme,OMP-BranchBoundMRV,4,4,0.012331963,1853,1
extreme_094,Extreme,OMP-BranchBoundMRV,4,5,0.013231039,1979,1
extreme_094,Extreme,OMP-BranchBoundMRV,8,1,0.002326965,307,1
extreme_094,Extreme,OMP-BranchBoundMRV,8,2,0.003154039,595,1
extreme_094,Extreme,OMP-BranchBoundMRV,8,3,0.002059221,256,1
extreme_094,Extreme,OMP-BranchBoundMRV,8,4,0.017602921,2765,1
extreme_094,Extreme,OMP-BranchBoundMRV,8,5,0.020312071,2947,1
extreme_094,Extreme,OMP-BranchBoundMRV,16,1,0.110965014,1823,1
extreme_094,Extreme,OMP-BranchBoundMRV,16,2,0.044675112,1050,1
extreme_094,Extreme,OMP-BranchBoundMRV,16,3,0.007994890,453,1
extreme_094,Extreme,OMP-BranchBoundMRV,16,4,0.015636921,710,1
extreme_094,Extreme,OMP-BranchBoundMRV,16,5,0.016306877,306,1
extreme_095,Extreme,Serial,1,1,0.116133542,227869,1
extreme_095,Extreme,Serial,1,2,0.116508792,227869,1
extreme_095,Extreme,Serial,1,3,0.116027875,227869,1
extreme_095,Extreme,Serial,1,4,0.115149125,227869,1
extreme_095,Extreme,Serial,1,5,0.115038750,227869,1
extreme_095,Extreme,Serial-MRV,1,1,0.166389125,10019,1
extreme_095,Extreme,Serial-MRV,1,2,0.165983708,10019,1
extreme_095,Extreme,Serial-MRV,1,3,0.162930666,10019,1
extreme_095,Extreme,Serial-MRV,1,4,0.162900209,10019,1
extreme_095,Extreme,Serial-MRV,1,5,0.165585667,10019,1
extreme_095,Extreme,BranchBound,1,1,0.100925375,227869,1
extreme_095,Extreme,BranchBound,1,2,0.100574625,227869,1
extreme_095,Extreme,BranchBound,1,3,0.103139167,227869,1
extreme_095,Extreme,BranchBound,1,4,0.100556833,227869,1
extreme_095,Extreme,BranchBound,1,5,0.101597625,227869,1
extreme_095,Extreme,BranchBoundMRV,1,1,0.230744541,10019,1
extreme_095,Extreme,BranchBoundMRV,1,2,0.228761334,10019,1
extreme_095,Extreme,BranchBoundMRV,1,3,0.228356125,10019,1
extreme_095,Extreme,BranchBoundMRV,1,4,0.227732291,10019,1
extreme_095,Extreme,BranchBoundMRV,1,5,0.230825875,10019,1
extreme_095,Extreme,OpenMP,4,1,0.001589060,224,1
extreme_095,Extreme,OpenMP,4,2,0.001550913,228,1
extreme_095,Extreme,OpenMP,4,3,0.001546144,226,1
extreme_095,Extreme,OpenMP,4,4,0.001546144,228,1
extreme_095,Extreme,OpenMP,4,5,0.001556158,228,1
extreme_095,Extreme,OpenMP,8,1,0.005985975,605,1
extreme_095,Extreme,OpenMP,8,2,0.001597166,271,1
extreme_095,Extreme,OpenMP,8,3,0.016896009,1022,1
extreme_095,Extreme,OpenMP,8,4,0.002129078,328,1
extreme_095,Extreme,OpenMP,8,5,0.002652168,221,1
extreme_095,Extreme,OpenMP,16,1,0.026334047,740,1
extreme_095,Extreme,OpenMP,16,2,0.023396015,269,1
extreme_095,Extreme,OpenMP,16,3,0.037750006,310,1
extreme_095,Extreme,OpenMP,16,4,0.057419062,243,1
extreme_095,Extreme,OpenMP,16,5,0.019436836,279,1
extreme_095,Extreme,OMP-BranchBoundMRV,4,1,0.002963066,231,1
extreme_095,Extreme,OMP-BranchBoundMRV,4,2,0.002786160,277,1
extreme_095,Extreme,OMP-BranchBoundMRV,4,3,0.002715826,138,1
extreme_095,Extreme,OMP-BranchBoundMRV,4,4,0.002854109,258,1
extreme_095,Extreme,OMP-BranchBoundMRV,4,5,0.002301931,228,1
extreme_095,Extreme,OMP-BranchBoundMRV,8,1,0.002300978,255,1
extreme_095,Extreme,OMP-BranchBoundMRV,8,2,0.011667967,1263,1
extreme_095,Extreme,OMP-BranchBoundMRV,8,3,0.005211115,508,1
extreme_095,Extreme,OMP-BranchBoundMRV,8,4,0.003575087,180,1
extreme_095,Extreme,OMP-BranchBoundMRV,8,5,0.003355026,343,1
extreme_095,Extreme,OMP-BranchBoundMRV,16,1,0.031184912,236,1
extreme_095,Extreme,OMP-BranchBoundMRV,16,2,0.012276888,373,1
extreme_095,Extreme,OMP-BranchBoundMRV,16,3,0.044075012,465,1
extreme_095,Extreme,OMP-BranchBoundMRV,16,4,0.026792049,270,1
extreme_095,Extreme,OMP-BranchBoundMRV,16,5,0.035566092,262,1
extreme_096,Extreme,Serial,1,1,0.337148583,638452,1
extreme_096,Extreme,Serial,1,2,0.327068542,638452,1
extreme_096,Extreme,Serial,1,3,0.322767000,638452,1
extreme_096,Extreme,Serial,1,4,0.320095917,638452,1
extreme_096,Extreme,Serial,1,5,0.317771208,638452,1
extreme_096,Extreme,Serial-MRV,1,1,0.229770375,14263,1
extreme_096,Extreme,Serial-MRV,1,2,0.224272917,14263,1
extreme_096,Extreme,Serial-MRV,1,3,0.222766708,14263,1
extreme_096,Extreme,Serial-MRV,1,4,0.223359250,14263,1
extreme_096,Extreme,Serial-MRV,1,5,0.225657583,14263,1
extreme_096,Extreme,BranchBound,1,1,0.313453667,638452,1
extreme_096,Extreme,BranchBound,1,2,0.262218125,638452,1
extreme_096,Extreme,BranchBound,1,3,0.264799000,638452,1
extreme_096,Extreme,BranchBound,1,4,0.262917000,638452,1
extreme_096,Extreme,BranchBound,1,5,0.267009375,638452,1
extreme_096,Extreme,BranchBoundMRV,1,1,0.296910833,14263,1
extreme_096,Extreme,BranchBoundMRV,1,2,0.292331459,14263,1
extreme_096,Extreme,BranchBoundMRV,1,3,0.291600875,14263,1
extreme_096,Extreme,BranchBoundMRV,1,4,0.294899083,14263,1
extreme_096,Extreme,BranchBoundMRV,1,5,0.293581833,14263,1
extreme_096,Extreme,OpenMP,4,1,0.069627047,12631,1
extreme_096,Extreme,OpenMP,4,2,0.068904877,12542,1
extreme_096,Extreme,OpenMP,4,3,0.069913864,12578,1
extreme_096,Extreme,OpenMP,4,4,0.072420120,12664,1
extreme_096,Extreme,OpenMP,4,5,0.069334030,13698,1
extreme_096,Extreme,OpenMP,8,1,0.118016958,13351,1
extreme_096,Extreme,OpenMP,8,2,0.110285997,14023,1
extreme_096,Extreme,OpenMP,8,3,0.085524082,12830,1
extreme_096,Extreme,OpenMP,8,4,0.105569839,14174,1
extreme_096,Extreme,OpenMP,8,5,0.120527029,14263,1
extreme_096,Extreme,OpenMP,16,1,0.239126921,12349,1
extreme_096,Extreme,OpenMP,16,2,0.246474028,12842,1
extreme_096,Extreme,OpenMP,16,3,0.253019810,14263,1
extreme_096,Extreme,OpenMP,16,4,0.223102093,14185,1
extreme_096,Extreme,OpenMP,16,5,0.176492929,12631,1
extreme_096,Extreme,OMP-BranchBoundMRV,4,1,0.090317965,8453,1
extreme_096,Extreme,OMP-BranchBoundMRV,4,2,0.096192122,12412,1
extreme_096,Extreme,OMP-BranchBoundMRV,4,3,0.101673841,12393,1
extreme_096,Extreme,OMP-BranchBoundMRV,4,4,0.092952967,12510,1
extreme_096,Extreme,OMP-BranchBoundMRV,4,5,0.093822956,12449,1
extreme_096,Extreme,OMP-BranchBoundMRV,8,1,0.125090837,12964,1
extreme_096,Extreme,OMP-BranchBoundMRV,8,2,0.103918076,12838,1
extreme_096,Extreme,OMP-BranchBoundMRV,8,3,0.126179934,13321,1
extreme_096,Extreme,OMP-BranchBoundMRV,8,4,0.102566957,12339,1
extreme_096,Extreme,OMP-BranchBoundMRV,8,5,0.156270981,13788,1
extreme_096,Extreme,OMP-BranchBoundMRV,16,1,0.408717871,14168,1
extreme_096,Extreme,OMP-BranchBoundMRV,16,2,0.286771059,13909,1
extreme_096,Extreme,OMP-BranchBoundMRV,16,3,0.339791059,13260,1
extreme_096,Extreme,OMP-BranchBoundMRV,16,4,0.306208849,14174,1
extreme_096,Extreme,OMP-BranchBoundMRV,16,5,0.331459045,13271,1
extreme_097,Extreme,Serial,1,1,0.070447458,125381,1
extreme_097,Extreme,Serial,1,2,0.067855625,125381,1
extreme_097,Extreme,Serial,1,3,0.064159084,125381,1
extreme_097,Extreme,Serial,1,4,0.066232375,125381,1
extreme_097,Extreme,Serial,1,5,0.064071209,125381,1
extreme_097,Extreme,Serial-MRV,1,1,0.142382250,10918,1
extreme_097,Extreme,Serial-MRV,1,2,0.144778458,10918,1
extreme_097,Extreme,Serial-MRV,1,3,0.141963584,10918,1
extreme_097,Extreme,Serial-MRV,1,4,0.141845917,10918,1
extreme_097,Extreme,Serial-MRV,1,5,0.142192834,10918,1
extreme_097,Extreme,BranchBound,1,1,0.056676084,125381,1
extreme_097,Extreme,BranchBound,1,2,0.056504250,125381,1
extreme_097,Extreme,BranchBound,1,3,0.056609709,125381,1
extreme_097,Extreme,BranchBound,1,4,0.058046834,125381,1
extreme_097,Extreme,BranchBound,1,5,0.057451917,125381,1
extreme_097,Extreme,BranchBoundMRV,1,1,0.176200708,10918,1
extreme_097,Extreme,BranchBoundMRV,1,2,0.178600833,10918,1
extreme_097,Extreme,BranchBoundMRV,1,3,0.175225083,10918,1
extreme_097,Extreme,BranchBoundMRV,1,4,0.175611834,10918,1
extreme_097,Extreme,BranchBoundMRV,1,5,0.175716958,10918,1
extreme_097,Extreme,OpenMP,4,1,0.150604010,10918,1
extreme_097,Extreme,OpenMP,4,2,0.153412104,10918,1
extreme_097,Extreme,OpenMP,4,3,0.153183937,10918,1
extreme_097,Extreme,OpenMP,4,4,0.156250000,10918,1
extreme_097,Extreme,OpenMP,4,5,0.156797886,10918,1
extreme_097,Extreme,OpenMP,8,1,0.207309961,10918,1
extreme_097,Extreme,OpenMP,8,2,0.223995924,10918,1
extreme_097,Extreme,OpenMP,8,3,0.242559910,10918,1
extreme_097,Extreme,OpenMP,8,4,0.224595070,10918,1
extreme_097,Extreme,OpenMP,8,5,0.210173130,10918,1
extreme_097,Extreme,OpenMP,16,1,0.560767889,10918,1
extreme_097,Extreme,OpenMP,16,2,0.399951935,10918,1
extreme_097,Extreme,OpenMP,16,3,0.456830978,10918,1
extreme_097,Extreme,OpenMP,16,4,0.387566805,10918,1
extreme_097,Extreme,OpenMP,16,5,0.410728931,10918,1
extreme_097,Extreme,OMP-BranchBoundMRV,4,1,0.205430031,10918,1
extreme_097,Extreme,OMP-BranchBoundMRV,4,2,0.202702999,10918,1
extreme_097,Extreme,OMP-BranchBoundMRV,4,3,0.205762863,10918,1
extreme_097,Extreme,OMP-BranchBoundMRV,4,4,0.206459999,10918,1
extreme_097,Extreme,OMP-BranchBoundMRV,4,5,0.206406116,10918,1
extreme_097,Extreme,OMP-BranchBoundMRV,8,1,0.277312994,10918,1
extreme_097,Extreme,OMP-BranchBoundMRV,8,2,0.248653173,10918,1
extreme_097,Extreme,OMP-BranchBoundMRV,8,3,0.275753021,10918,1
extreme_097,Extreme,OMP-BranchBoundMRV,8,4,0.209789991,10918,1
extreme_097,Extreme,OMP-BranchBoundMRV,8,5,0.217406034,10918,1
extreme_097,Extreme,OMP-BranchBoundMRV,16,1,0.591877937,10918,1
extreme_097,Extreme,OMP-BranchBoundMRV,16,2,0.489913940,10918,1
extreme_097,Extreme,OMP-BranchBoundMRV,16,3,0.513159990,10918,1
extreme_097,Extreme,OMP-BranchBoundMRV,16,4,0.592217922,10918,1
extreme_097,Extreme,OMP-BranchBoundMRV,16,5,0.491653919,10918,1
extreme_098,Extreme,Serial,1,1,0.043454875,82663,1
extreme_098,Extreme,Serial,1,2,0.042348333,82663,1
extreme_098,Extreme,Serial,1,3,0.041977458,82663,1
extreme_098,Extreme,Serial,1,4,0.041082833,82663,1
extreme_098,Extreme,Serial,1,5,0.040550333,82663,1
extreme_098,Extreme,Serial-MRV,1,1,0.087842667,5330,1
extreme_098,Extreme,Serial-MRV,1,2,0.087952708,5330,1
extreme_098,Extreme,Serial-MRV,1,3,0.087676208,5330,1
extreme_098,Extreme,Serial-MRV,1,4,0.087776458,5330,1
extreme_098,Extreme,Serial-MRV,1,5,0.087576208,5330,1
extreme_098,Extreme,BranchBound,1,1,0.035664375,82663,1
extreme_098,Extreme,BranchBound,1,2,0.035796458,82663,1
extreme_098,Extreme,BranchBound,1,3,0.035681084,82663,1
extreme_098,Extreme,BranchBound,1,4,0.035789709,82663,1
extreme_098,Extreme,BranchBound,1,5,0.035730958,82663,1
extreme_098,Extreme,BranchBoundMRV,1,1,0.113720750,5330,1
extreme_098,Extreme,BranchBoundMRV,1,2,0.114238834,5330,1
extreme_098,Extreme,BranchBoundMRV,1,3,0.114370333,5330,1
extreme_098,Extreme,BranchBoundMRV,1,4,0.114304042,5330,1
extreme_098,Extreme,BranchBoundMRV,1,5,0.114115875,5330,1
extreme_098,Extreme,OpenMP,4,1,0.001905918,385,1
extreme_098,Extreme,OpenMP,4,2,0.001901865,384,1
extreme_098,Extreme,OpenMP,4,3,0.001878023,388,1
extreme_098,Extreme,OpenMP,4,4,0.001864910,382,1
extreme_098,Extreme,OpenMP,4,5,0.001870871,387,1
extreme_098,Extreme,OpenMP,8,1,0.001885891,448,1
extreme_098,Extreme,OpenMP,8,2,0.004714966,1039,1
extreme_098,Extreme,OpenMP,8,3,0.004381895,949,1
extreme_098,Extreme,OpenMP,8,4,0.004910946,871,1
extreme_098,Extreme,OpenMP,8,5,0.001931190,391,1
extreme_098,Extreme,OpenMP,16,1,0.061082840,924,1
extreme_098,Extreme,OpenMP,16,2,0.020704985,988,1
extreme_098,Extreme,OpenMP,16,3,0.007222891,332,1
extreme_098,Extreme,OpenMP,16,4,0.016373873,946,1
extreme_098,Extreme,OpenMP,16,5,0.030271053,400,1
extreme_098,Extreme,OMP-BranchBoundMRV,4,1,0.002470970,376,1
extreme_098,Extreme,OMP-BranchBoundMRV,4,2,0.002497196,379,1
extreme_098,Extreme,OMP-BranchBoundMRV,4,3,0.002465010,376,1
extreme_098,Extreme,OMP-BranchBoundMRV,4,4,0.002485991,379,1
extreme_098,Extreme,OMP-BranchBoundMRV,4,5,0.002482891,376,1
extreme_098,Extreme,OMP-BranchBoundMRV,8,1,0.002487183,377,1
extreme_098,Extreme,OMP-BranchBoundMRV,8,2,0.002482891,434,1
extreme_098,Extreme,OMP-BranchBoundMRV,8,3,0.002564907,376,1
extreme_098,Extreme,OMP-BranchBoundMRV,8,4,0.002485991,435,1
extreme_098,Extreme,OMP-BranchBoundMRV,8,5,0.005659103,937,1
extreme_098,Extreme,OMP-BranchBoundMRV,16,1,0.041549921,394,1
extreme_098,Extreme,OMP-BranchBoundMRV,16,2,0.037546158,369,1
extreme_098,Extreme,OMP-BranchBoundMRV,16,3,0.040128946,382,1
extreme_098,Extreme,OMP-BranchBoundMRV,16,4,0.041668892,416,1
extreme_098,Extreme,OMP-BranchBoundMRV,16,5,0.049401999,392,1
extreme_099,Extreme,Serial,1,1,0.008868917,18025,1
extreme_099,Extreme,Serial,1,2,0.008869875,18025,1
extreme_099,Extreme,Serial,1,3,0.008861542,18025,1
extreme_099,Extreme,Serial,1,4,0.008869958,18025,1
extreme_099,Extreme,Serial,1,5,0.008810250,18025,1
extreme_099,Extreme,Serial-MRV,1,1,0.172047000,9753,1
extreme_099,Extreme,Serial-MRV,1,2,0.171872666,9753,1
extreme_099,Extreme,Serial-MRV,1,3,0.172201125,9753,1
extreme_099,Extreme,Serial-MRV,1,4,0.172353417,9753,1
extreme_099,Extreme,Serial-MRV,1,5,0.171959500,9753,1
extreme_099,Extreme,BranchBound,1,1,0.007508959,18025,1
extreme_099,Extreme,BranchBound,1,2,0.007479833,18025,1
extreme_099,Extreme,BranchBound,1,3,0.007473417,18025,1
extreme_099,Extreme,BranchBound,1,4,0.007485916,18025,1
extreme_099,Extreme,BranchBound,1,5,0.007464875,18025,1
extreme_099,Extreme,BranchBoundMRV,1,1,0.227369708,9753,1
extreme_099,Extreme,BranchBoundMRV,1,2,0.227280292,9753,1
extreme_099,Extreme,BranchBoundMRV,1,3,0.250915375,9753,1
extreme_099,Extreme,BranchBoundMRV,1,4,0.233293625,9753,1
extreme_099,Extreme,BranchBoundMRV,1,5,0.227870459,9753,1
extreme_099,Extreme,OpenMP,4,1,0.013296127,2127,1
extreme_099,Extreme,OpenMP,4,2,0.013280869,2124,1
extreme_099,Extreme,OpenMP,4,3,0.013283968,2125,1
extreme_099,Extreme,OpenMP,4,4,0.013259172,2124,1
extreme_099,Extreme,OpenMP,4,5,0.013277054,2130,1
extreme_099,Extreme,OpenMP,8,1,0.019403934,3193,1
extreme_099,Extreme,OpenMP,8,2,0.013339996,1514,1
extreme_099,Extreme,OpenMP,8,3,0.019464016,2956,1
extreme_099,Extreme,OpenMP,8,4,0.016193151,2770,1
extreme_099,Extreme,OpenMP,8,5,0.017898083,2691,1
extreme_099,Extreme,OpenMP,16,1,0.053961992,2104,1
extreme_099,Extreme,OpenMP,16,2,0.044456959,2325,1
extreme_099,Extreme,OpenMP,16,3,0.103530169,3588,1
extreme_099,Extreme,OpenMP,16,4,0.031958103,2625,1
extreme_099,Extreme,OpenMP,16,5,0.053056002,2410,1
extreme_099,Extreme,OMP-BranchBoundMRV,4,1,0.017772913,2143,1
extreme_099,Extreme,OMP-BranchBoundMRV,4,2,0.017783165,2146,1
extreme_099,Extreme,OMP-BranchBoundMRV,4,3,0.017774105,2142,1
extreme_099,Extreme,OMP-BranchBoundMRV,4,4,0.017863989,2140,1
extreme_099,Extreme,OMP-BranchBoundMRV,4,5,0.017916918,2143,1
extreme_099,Extreme,OMP-BranchBoundMRV,8,1,0.031198025,3421,1
extreme_099,Extreme,OMP-BranchBoundMRV,8,2,0.027382851,3175,1
extreme_099,Extreme,OMP-BranchBoundMRV,8,3,0.023615837,2780,1
extreme_099,Extreme,OMP-BranchBoundMRV,8,4,0.029675961,3375,1
extreme_099,Extreme,OMP-BranchBoundMRV,8,5,0.028077841,3264,1
extreme_099,Extreme,OMP-BranchBoundMRV,16,1,0.060811043,3251,1
extreme_099,Extreme,OMP-BranchBoundMRV,16,2,0.200244904,6734,1
extreme_099,Extreme,OMP-BranchBoundMRV,16,3,0.060734987,2644,1
extreme_099,Extreme,OMP-BranchBoundMRV,16,4,0.061542988,3170,1
extreme_099,Extreme,OMP-BranchBoundMRV,16,5,0.085756063,4400,1
extreme_100,Extreme,Serial,1,1,0.005275584,10943,1
extreme_100,Extreme,Serial,1,2,0.005317792,10943,1
extreme_100,Extreme,Serial,1,3,0.005030625,10943,1
extreme_100,Extreme,Serial,1,4,0.005319208,10943,1
extreme_100,Extreme,Serial,1,5,0.005155083,10943,1
extreme_100,Extreme,Serial-MRV,1,1,0.082911333,5632,1
extreme_100,Extreme,Serial-MRV,1,2,0.082492083,5632,1
extreme_100,Extreme,Serial-MRV,1,3,0.082010666,5632,1
extreme_100,Extreme,Serial-MRV,1,4,0.082285792,5632,1
extreme_100,Extreme,Serial-MRV,1,5,0.082265833,5632,1
extreme_100,Extreme,BranchBound,1,1,0.004472917,10943,1
extreme_100,Extreme,BranchBound,1,2,0.004558292,10943,1
extreme_100,Extreme,BranchBound,1,3,0.004445500,10943,1
extreme_100,Extreme,BranchBound,1,4,0.004440125,10943,1
extreme_100,Extreme,BranchBound,1,5,0.004491333,10943,1
extreme_100,Extreme,BranchBoundMRV,1,1,0.101792667,5632,1
extreme_100,Extreme,BranchBoundMRV,1,2,0.101699500,5632,1
extreme_100,Extreme,BranchBoundMRV,1,3,0.101814375,5632,1
extreme_100,Extreme,BranchBoundMRV,1,4,0.102100709,5632,1
extreme_100,Extreme,BranchBoundMRV,1,5,0.102075041,5632,1
extreme_100,Extreme,OpenMP,4,1,0.001166821,239,1
extreme_100,Extreme,OpenMP,4,2,0.001147032,238,1
extreme_100,Extreme,OpenMP,4,3,0.001147032,239,1
extreme_100,Extreme,OpenMP,4,4,0.001142025,239,1
extreme_100,Extreme,OpenMP,4,5,0.001138926,239,1
extreme_100,Extreme,OpenMP,8,1,0.001199007,161,1
extreme_100,Extreme,OpenMP,8,2,0.001168966,204,1
extreme_100,Extreme,OpenMP,8,3,0.001188040,196,1
extreme_100,Extreme,OpenMP,8,4,0.001145124,169,1
extreme_100,Extreme,OpenMP,8,5,0.001276970,225,1
extreme_100,Extreme,OpenMP,16,1,0.041139126,203,1
extreme_100,Extreme,OpenMP,16,2,0.085093975,2574,1
extreme_100,Extreme,OpenMP,16,3,0.025120020,173,1
extreme_100,Extreme,OpenMP,16,4,0.044770956,435,1
extreme_100,Extreme,OpenMP,16,5,0.051390886,166,1
extreme_100,Extreme,OMP-BranchBoundMRV,4,1,0.001800776,206,1
extreme_100,Extreme,OMP-BranchBoundMRV,4,2,0.001589060,243,1
extreme_100,Extreme,OMP-BranchBoundMRV,4,3,0.001585007,243,1
extreme_100,Extreme,OMP-BranchBoundMRV,4,4,0.001585007,244,1
extreme_100,Extreme,OMP-BranchBoundMRV,4,5,0.001583099,243,1
extreme_100,Extreme,OMP-BranchBoundMRV,8,1,0.003956079,285,1
extreme_100,Extreme,OMP-BranchBoundMRV,8,2,0.008404016,205,1
extreme_100,Extreme,OMP-BranchBoundMRV,8,3,0.001628876,174,1
extreme_100,Extreme,OMP-BranchBoundMRV,8,4,0.001871824,206,1
extreme_100,Extreme,OMP-BranchBoundMRV,8,5,0.001675129,163,1
extreme_100,Extreme,OMP-BranchBoundMRV,16,1,0.043038130,159,1
extreme_100,Extreme,OMP-BranchBoundMRV,16,2,0.017350197,202,1
extreme_100,Extreme,OMP-BranchBoundMRV,16,3,0.032042980,225,1
extreme_100,Extreme,OMP-BranchBoundMRV,16,4,0.044410944,151,1
extreme_100,Extreme,OMP-BranchBoundMRV,16,5,0.080870867,1903,1
