Board_ID,Difficulty,Algorithm,Threads,Rep,Time_s,Nodes,Correct
easy_001,Easy,Serial,1,1,0.002646375,5573,1
easy_001,Easy,Serial,1,2,0.002340458,5573,1
easy_001,Easy,Serial,1,3,0.002477375,5573,1
easy_001,Easy,Serial,1,4,0.002390458,5573,1
easy_001,Easy,Serial,1,5,0.002307000,5573,1
easy_001,Easy,Serial-MRV,1,1,0.000745709,51,1
easy_001,Easy,Serial-MRV,1,2,0.000767667,51,1
easy_001,Easy,Serial-MRV,1,3,0.000730750,51,1
easy_001,Easy,Serial-MRV,1,4,0.000678833,51,1
easy_001,Easy,Serial-MRV,1,5,0.000685375,51,1
easy_001,Easy,BranchBound,1,1,0.002700792,5573,1
easy_001,Easy,BranchBound,1,2,0.002606667,5573,1
easy_001,Easy,BranchBound,1,3,0.002559875,5573,1
easy_001,Easy,BranchBound,1,4,0.002517875,5573,1
easy_001,Easy,BranchBound,1,5,0.002639875,5573,1
easy_001,Easy,BranchBoundMRV,1,1,0.000767500,51,1
easy_001,Easy,BranchBoundMRV,1,2,0.000786292,51,1
easy_001,Easy,BranchBoundMRV,1,3,0.000813750,51,1
easy_001,Easy,BranchBoundMRV,1,4,0.000777833,51,1
easy_001,Easy,BranchBoundMRV,1,5,0.000750958,51,1
easy_001,Easy,OpenMP,4,1,0.000986099,51,1
easy_001,Easy,OpenMP,4,2,0.000766993,51,1
easy_001,Easy,OpenMP,4,3,0.000761032,51,1
easy_001,Easy,OpenMP,4,4,0.000797033,51,1
easy_001,Easy,OpenMP,4,5,0.000756025,51,1
easy_001,Easy,OpenMP,8,1,0.002635956,51,1
easy_001,Easy,OpenMP,8,2,0.000775814,51,1
easy_001,Easy,OpenMP,8,3,0.004216909,51,1
easy_001,Easy,OpenMP,8,4,0.001641035,51,1
easy_001,Easy,OpenMP,8,5,0.001098156,51,1
easy_001,Easy,OpenMP,16,1,0.004440069,51,1
easy_001,Easy,OpenMP,16,2,0.003491879,51,1
easy_001,Easy,OpenMP,16,3,0.013602018,51,1
easy_001,Easy,OpenMP,16,4,0.010376930,51,1
easy_001,Easy,OpenMP,16,5,0.018859148,51,1
easy_001,Easy,OMP-BranchBoundMRV,4,1,0.000839949,51,1
easy_001,Easy,OMP-BranchBoundMRV,4,2,0.000819921,51,1
easy_001,Easy,OMP-BranchBoundMRV,4,3,0.000797987,51,1
easy_001,Easy,OMP-BranchBoundMRV,4,4,0.000792027,51,1
easy_001,Easy,OMP-BranchBoundMRV,4,5,0.000796080,51,1
easy_001,Easy,OMP-BranchBoundMRV,8,1,0.002434969,51,1
easy_001,Easy,OMP-BranchBoundMRV,8,2,0.000890970,51,1
easy_001,Easy,OMP-BranchBoundMRV,8,3,0.001230955,51,1
easy_001,Easy,OMP-BranchBoundMRV,8,4,0.005578041,51,1
easy_001,Easy,OMP-BranchBoundMRV,8,5,0.000905037,51,1
easy_001,Easy,OMP-BranchBoundMRV,16,1,0.021361828,51,1
easy_001,Easy,OMP-BranchBoundMRV,16,2,0.025681973,51,1
easy_001,Easy,OMP-BranchBoundMRV,16,3,0.011136055,51,1
easy_001,Easy,OMP-BranchBoundMRV,16,4,0.030479193,51,1
easy_001,Easy,OMP-BranchBoundMRV,16,5,0.029159069,51,1
easy_002,Easy,Serial,1,1,0.001444708,3442,1
easy_002,Easy,Serial,1,2,0.001444167,3442,1
easy_002,Easy,Serial,1,3,0.001421083,3442,1
easy_002,Easy,Serial,1,4,0.001468291,3442,1
easy_002,Easy,Serial,1,5,0.001523667,3442,1
easy_002,Easy,Serial-MRV,1,1,0.000685625,53,1
easy_002,Easy,Serial-MRV,1,2,0.000725208,53,1
easy_002,Easy,Serial-MRV,1,3,0.000748875,53,1
easy_002,Easy,Serial-MRV,1,4,0.000785792,53,1
easy_002,Easy,Serial-MRV,1,5,0.000775167,53,1
easy_002,Easy,BranchBound,1,1,0.001430334,3442,1
easy_002,Easy,BranchBound,1,2,0.001447375,3442,1
easy_002,Easy,BranchBound,1,3,0.001467125,3442,1
easy_002,Easy,BranchBound,1,4,0.001429959,3442,1
easy_002,Easy,BranchBound,1,5,0.001565750,3442,1
easy_002,Easy,BranchBoundMRV,1,1,0.000754833,53,1
easy_002,Easy,BranchBoundMRV,1,2,0.000726083,53,1
easy_002,Easy,BranchBoundMRV,1,3,0.000820792,53,1
easy_002,Easy,BranchBoundMRV,1,4,0.000775750,53,1
easy_002,Easy,BranchBoundMRV,1,5,0.000718125,53,1
easy_002,Easy,OpenMP,4,1,0.000840902,53,1
easy_002,Easy,OpenMP,4,2,0.000766993,53,1
easy_002,Easy,OpenMP,4,3,0.001192093,53,1
easy_002,Easy,OpenMP,4,4,0.000777006,53,1
easy_002,Easy,OpenMP,4,5,0.000921965,53,1
easy_002,Easy,OpenMP,8,1,0.000800848,53,1
easy_002,Easy,OpenMP,8,2,0.002142906,53,1
easy_002,Easy,OpenMP,8,3,0.000790834,53,1
easy_002,Easy,OpenMP,8,4,0.001049995,53,1
easy_002,Easy,OpenMP,8,5,0.002334833,53,1
easy_002,Easy,OpenMP,16,1,0.009127140,53,1
easy_002,Easy,OpenMP,16,2,0.014221191,53,1
easy_002,Easy,OpenMP,16,3,0.005433083,53,1
easy_002,Easy,OpenMP,16,4,0.015711069,53,1
easy_002,Easy,OpenMP,16,5,0.033579826,53,1
easy_002,Easy,OMP-BranchBoundMRV,4,1,0.000868082,53,1
easy_002,Easy,OMP-BranchBoundMRV,4,2,0.000867128,53,1
easy_002,Easy,OMP-BranchBoundMRV,4,3,0.000854969,53,1
easy_002,Easy,OMP-BranchBoundMRV,4,4,0.000858068,53,1
easy_002,Easy,OMP-BranchBoundMRV,4,5,0.000854015,53,1
easy_002,Easy,OMP-BranchBoundMRV,8,1,0.000866890,53,1
easy_002,Easy,OMP-BranchBoundMRV,8,2,0.000849009,53,1
easy_002,Easy,OMP-BranchBoundMRV,8,3,0.000851154,53,1
easy_002,Easy,OMP-BranchBoundMRV,8,4,0.000845909,53,1
easy_002,Easy,OMP-BranchBoundMRV,8,5,0.000856876,53,1
easy_002,Easy,OMP-BranchBoundMRV,16,1,0.039772987,53,1
easy_002,Easy,OMP-BranchBoundMRV,16,2,0.021713018,53,1
easy_002,Easy,OMP-BranchBoundMRV,16,3,0.025822878,53,1
easy_002,Easy,OMP-BranchBoundMRV,16,4,0.012362003,53,1
easy_002,Easy,OMP-BranchBoundMRV,16,5,0.015786886,53,1
easy_003,Easy,Serial,1,1,0.012941875,28736,1
easy_003,Easy,Serial,1,2,0.013148583,28736,1
easy_003,Easy,Serial,1,3,0.012793417,28736,1
easy_003,Easy,Serial,1,4,0.012962750,28736,1
easy_003,Easy,Serial,1,5,0.013300625,28736,1
easy_003,Easy,Serial-MRV,1,1,0.000938459,70,1
easy_003,Easy,Serial-MRV,1,2,0.001004250,70,1
easy_003,Easy,Serial-MRV,1,3,0.000932167,70,1
easy_003,Easy,Serial-MRV,1,4,0.000997500,70,1
easy_003,Easy,Serial-MRV,1,5,0.000958458,70,1
easy_003,Easy,BranchBound,1,1,0.012445709,28736,1
easy_003,Easy,BranchBound,1,2,0.012650833,28736,1
easy_003,Easy,BranchBound,1,3,0.012588625,28736,1
easy_003,Easy,BranchBound,1,4,0.012668500,28736,1
easy_003,Easy,BranchBound,1,5,0.012208333,28736,1
easy_003,Easy,BranchBoundMRV,1,1,0.001337541,70,1
easy_003,Easy,BranchBoundMRV,1,2,0.001116875,70,1
easy_003,Easy,BranchBoundMRV,1,3,0.001053208,70,1
easy_003,Easy,BranchBoundMRV,1,4,0.001068875,70,1
easy_003,Easy,BranchBoundMRV,1,5,0.001052542,70,1
easy_003,Easy,OpenMP,4,1,0.001231909,196,1
easy_003,Easy,OpenMP,4,2,0.001219988,196,1
easy_003,Easy,OpenMP,4,3,0.001209974,196,1
easy_003,Easy,OpenMP,4,4,0.001236916,193,1
easy_003,Easy,OpenMP,4,5,0.001226187,197,1
easy_003,Easy,OpenMP,8,1,0.002573967,285,1
easy_003,Easy,OpenMP,8,2,0.002603054,288,1
easy_003,Easy,OpenMP,8,3,0.002305031,182,1
easy_003,Easy,OpenMP,8,4,0.001642942,165,1
easy_003,Easy,OpenMP,8,5,0.001219988,147,1
easy_003,Easy,OpenMP,16,1,0.036169052,172,1
easy_003,Easy,OpenMP,16,2,0.046150923,163,1
easy_003,Easy,OpenMP,16,3,0.007037878,146,1
easy_003,Easy,OpenMP,16,4,0.075986147,348,1
easy_003,Easy,OpenMP,16,5,0.010391951,348,1
easy_003,Easy,OMP-BranchBoundMRV,4,1,0.001641989,172,1
easy_003,Easy,OMP-BranchBoundMRV,4,2,0.001380920,196,1
easy_003,Easy,OMP-BranchBoundMRV,4,3,0.001356840,196,1
easy_003,Easy,OMP-BranchBoundMRV,4,4,0.001353025,196,1
easy_003,Easy,OMP-BranchBoundMRV,4,5,0.001347065,196,1
easy_003,Easy,OMP-BranchBoundMRV,8,1,0.002798080,280,1
easy_003,Easy,OMP-BranchBoundMRV,8,2,0.001347065,173,1
easy_003,Easy,OMP-BranchBoundMRV,8,3,0.003203154,286,1
easy_003,Easy,OMP-BranchBoundMRV,8,4,0.001351118,140,1
easy_003,Easy,OMP-BranchBoundMRV,8,5,0.002242088,247,1
easy_003,Easy,OMP-BranchBoundMRV,16,1,0.027179003,211,1
easy_003,Easy,OMP-BranchBoundMRV,16,2,0.020020962,118,1
easy_003,Easy,OMP-BranchBoundMRV,16,3,0.007381916,191,1
easy_003,Easy,OMP-BranchBoundMRV,16,4,0.005631208,148,1
easy_003,Easy,OMP-BranchBoundMRV,16,5,0.013221979,147,1
easy_004,Easy,Serial,1,1,0.001078709,2500,1
easy_004,Easy,Serial,1,2,0.001070041,2500,1
easy_004,Easy,Serial,1,3,0.001080875,2500,1
easy_004,Easy,Serial,1,4,0.001071917,2500,1
easy_004,Easy,Serial,1,5,0.001108209,2500,1
easy_004,Easy,Serial-MRV,1,1,0.000677708,53,1
easy_004,Easy,Serial-MRV,1,2,0.000663833,53,1
easy_004,Easy,Serial-MRV,1,3,0.000663458,53,1
easy_004,Easy,Serial-MRV,1,4,0.000681375,53,1
easy_004,Easy,Serial-MRV,1,5,0.000663375,53,1
easy_004,Easy,BranchBound,1,1,0.001094750,2500,1
easy_004,Easy,BranchBound,1,2,0.001073833,2500,1
easy_004,Easy,BranchBound,1,3,0.001087292,2500,1
easy_004,Easy,BranchBound,1,4,0.001090458,2500,1
easy_004,Easy,BranchBound,1,5,0.001067708,2500,1
easy_004,Easy,BranchBoundMRV,1,1,0.000730583,53,1
easy_004,Easy,BranchBoundMRV,1,2,0.000725708,53,1
easy_004,Easy,BranchBoundMRV,1,3,0.000725500,53,1
easy_004,Easy,BranchBoundMRV,1,4,0.000725042,53,1
easy_004,Easy,BranchBoundMRV,1,5,0.000724667,53,1
easy_004,Easy,OpenMP,4,1,0.000797033,53,1
easy_004,Easy,OpenMP,4,2,0.000792027,53,1
easy_004,Easy,OpenMP,4,3,0.000796080,53,1
easy_004,Easy,OpenMP,4,4,0.000782013,53,1
easy_004,Easy,OpenMP,4,5,0.000785828,53,1
easy_004,Easy,OpenMP,8,1,0.001257896,53,1
easy_004,Easy,OpenMP,8,2,0.000822067,53,1
easy_004,Easy,OpenMP,8,3,0.000806093,53,1
easy_004,Easy,OpenMP,8,4,0.001781940,53,1
easy_004,Easy,OpenMP,8,5,0.000783920,53,1
easy_004,Easy,OpenMP,16,1,0.043431044,53,1
easy_004,Easy,OpenMP,16,2,0.021345854,53,1
easy_004,Easy,OpenMP,16,3,0.015652895,53,1
easy_004,Easy,OpenMP,16,4,0.028347969,53,1
easy_004,Easy,OpenMP,16,5,0.016911030,53,1
easy_004,Easy,OMP-BranchBoundMRV,4,1,0.000972033,53,1
easy_004,Easy,OMP-BranchBoundMRV,4,2,0.000915051,53,1
easy_004,Easy,OMP-BranchBoundMRV,4,3,0.000930071,53,1
easy_004,Easy,OMP-BranchBoundMRV,4,4,0.001074791,53,1
easy_004,Easy,OMP-BranchBoundMRV,4,5,0.001054049,53,1
easy_004,Easy,OMP-BranchBoundMRV,8,1,0.000920057,53,1
easy_004,Easy,OMP-BranchBoundMRV,8,2,0.001042128,53,1
easy_004,Easy,OMP-BranchBoundMRV,8,3,0.000884056,53,1
easy_004,Easy,OMP-BranchBoundMRV,8,4,0.001402140,53,1
easy_004,Easy,OMP-BranchBoundMRV,8,5,0.000988960,53,1
easy_004,Easy,OMP-BranchBoundMRV,16,1,0.007349014,53,1
easy_004,Easy,OMP-BranchBoundMRV,16,2,0.004515886,53,1
easy_004,Easy,OMP-BranchBoundMRV,16,3,0.010173082,53,1
easy_004,Easy,OMP-BranchBoundMRV,16,4,0.009389162,53,1
easy_004,Easy,OMP-BranchBoundMRV,16,5,0.026237965,53,1
easy_005,Easy,Serial,1,1,0.000278833,554,1
easy_005,Easy,Serial,1,2,0.000241042,554,1
easy_005,Easy,Serial,1,3,0.000237458,554,1
easy_005,Easy,Serial,1,4,0.000237209,554,1
easy_005,Easy,Serial,1,5,0.000237250,554,1
easy_005,Easy,Serial-MRV,1,1,0.000859708,71,1
easy_005,Easy,Serial-MRV,1,2,0.000886625,71,1
easy_005,Easy,Serial-MRV,1,3,0.000938875,71,1
easy_005,Easy,Serial-MRV,1,4,0.000853750,71,1
easy_005,Easy,Serial-MRV,1,5,0.000852291,71,1
easy_005,Easy,BranchBound,1,1,0.000244875,554,1
easy_005,Easy,BranchBound,1,2,0.000238833,554,1
easy_005,Easy,BranchBound,1,3,0.000238500,554,1
easy_005,Easy,BranchBound,1,4,0.000238458,554,1
easy_005,Easy,BranchBound,1,5,0.000239083,554,1
easy_005,Easy,BranchBoundMRV,1,1,0.001043125,71,1
easy_005,Easy,BranchBoundMRV,1,2,0.000975625,71,1
easy_005,Easy,BranchBoundMRV,1,3,0.000978709,71,1
easy_005,Easy,BranchBoundMRV,1,4,0.000979375,71,1
easy_005,Easy,BranchBoundMRV,1,5,0.001009542,71,1
easy_005,Easy,OpenMP,4,1,0.001033068,71,1
easy_005,Easy,OpenMP,4,2,0.001025200,71,1
easy_005,Easy,OpenMP,4,3,0.001029968,71,1
easy_005,Easy,OpenMP,4,4,0.001180887,71,1
easy_005,Easy,OpenMP,4,5,0.001362801,71,1
easy_005,Easy,OpenMP,8,1,0.001847982,71,1
easy_005,Easy,OpenMP,8,2,0.010814905,71,1
easy_005,Easy,OpenMP,8,3,0.009768963,71,1
easy_005,Easy,OpenMP,8,4,0.020300865,71,1
easy_005,Easy,OpenMP,8,5,0.010338068,71,1
easy_005,Easy,OpenMP,16,1,0.011554003,71,1
easy_005,Easy,OpenMP,16,2,0.058863878,71,1
easy_005,Easy,OpenMP,16,3,0.012069941,71,1
easy_005,Easy,OpenMP,16,4,0.007816076,71,1
easy_005,Easy,OpenMP,16,5,0.015744925,71,1
easy_005,Easy,OMP-BranchBoundMRV,4,1,0.001142979,71,1
easy_005,Easy,OMP-BranchBoundMRV,4,2,0.001117945,71,1
easy_005,Easy,OMP-BranchBoundMRV,4,3,0.001218081,71,1
easy_005,Easy,OMP-BranchBoundMRV,4,4,0.001178026,71,1
easy_005,Easy,OMP-BranchBoundMRV,4,5,0.001237869,71,1
easy_005,Easy,OMP-BranchBoundMRV,8,1,0.005264997,71,1
easy_005,Easy,OMP-BranchBoundMRV,8,2,0.001432896,71,1
easy_005,Easy,OMP-BranchBoundMRV,8,3,0.002367973,71,1
easy_005,Easy,OMP-BranchBoundMRV,8,4,0.001168966,71,1
easy_005,Easy,OMP-BranchBoundMRV,8,5,0.001125097,71,1
easy_005,Easy,OMP-BranchBoundMRV,16,1,0.030407906,71,1
easy_005,Easy,OMP-BranchBoundMRV,16,2,0.028302908,71,1
easy_005,Easy,OMP-BranchBoundMRV,16,3,0.021372080,71,1
easy_005,Easy,OMP-BranchBoundMRV,16,4,0.040014982,71,1
easy_005,Easy,OMP-BranchBoundMRV,16,5,0.011084080,71,1
easy_006,Easy,Serial,1,1,0.001170417,1806,1
easy_006,Easy,Serial,1,2,0.001828333,1806,1
easy_006,Easy,Serial,1,3,0.000995875,1806,1
easy_006,Easy,Serial,1,4,0.001472208,1806,1
easy_006,Easy,Serial,1,5,0.001232667,1806,1
easy_006,Easy,Serial-MRV,1,1,0.001267459,77,1
easy_006,Easy,Serial-MRV,1,2,0.001159542,77,1
easy_006,Easy,Serial-MRV,1,3,0.001226292,77,1
easy_006,Easy,Serial-MRV,1,4,0.001986458,77,1
easy_006,Easy,Serial-MRV,1,5,0.002357167,77,1
easy_006,Easy,BranchBound,1,1,0.002364958,1806,1
easy_006,Easy,BranchBound,1,2,0.001969583,1806,1
easy_006,Easy,BranchBound,1,3,0.001947667,1806,1
easy_006,Easy,BranchBound,1,4,0.001250458,1806,1
easy_006,Easy,BranchBound,1,5,0.001997417,1806,1
easy_006,Easy,BranchBoundMRV,1,1,0.002443584,77,1
easy_006,Easy,BranchBoundMRV,1,2,0.002120125,77,1
easy_006,Easy,BranchBoundMRV,1,3,0.002361167,77,1
easy_006,Easy,BranchBoundMRV,1,4,0.001451125,77,1
easy_006,Easy,BranchBoundMRV,1,5,0.001375125,77,1
easy_006,Easy,OpenMP,4,1,0.001779079,77,1
easy_006,Easy,OpenMP,4,2,0.002257824,77,1
easy_006,Easy,OpenMP,4,3,0.002326965,77,1
easy_006,Easy,OpenMP,4,4,0.002863884,77,1
easy_006,Easy,OpenMP,4,5,0.003062010,77,1
easy_006,Easy,OpenMP,8,1,0.025382996,77,1
easy_006,Easy,OpenMP,8,2,0.018003941,77,1
easy_006,Easy,OpenMP,8,3,0.003851891,77,1
easy_006,Easy,OpenMP,8,4,0.051766872,77,1
easy_006,Easy,OpenMP,8,5,0.023679972,77,1
easy_006,Easy,OpenMP,16,1,0.119963169,77,1
easy_006,Easy,OpenMP,16,2,0.036226034,77,1
easy_006,Easy,OpenMP,16,3,0.013395071,77,1
easy_006,Easy,OpenMP,16,4,0.018868923,77,1
easy_006,Easy,OpenMP,16,5,0.013761997,77,1
easy_006,Easy,OMP-BranchBoundMRV,4,1,0.002650976,77,1
easy_006,Easy,OMP-BranchBoundMRV,4,2,0.001647949,77,1
easy_006,Easy,OMP-BranchBoundMRV,4,3,0.002822876,77,1
easy_006,Easy,OMP-BranchBoundMRV,4,4,0.001833916,77,1
easy_006,Easy,OMP-BranchBoundMRV,4,5,0.002055883,77,1
easy_006,Easy,OMP-BranchBoundMRV,8,1,0.010378122,77,1
easy_006,Easy,OMP-BranchBoundMRV,8,2,0.002476931,77,1
easy_006,Easy,OMP-BranchBoundMRV,8,3,0.002271891,77,1
easy_006,Easy,OMP-BranchBoundMRV,8,4,0.003921986,77,1
easy_006,Easy,OMP-BranchBoundMRV,8,5,0.012321949,77,1
easy_006,Easy,OMP-BranchBoundMRV,16,1,0.038071156,77,1
easy_006,Easy,OMP-BranchBoundMRV,16,2,0.007889032,77,1
easy_006,Easy,OMP-BranchBoundMRV,16,3,0.015450954,77,1
easy_006,Easy,OMP-BranchBoundMRV,16,4,0.008471966,77,1
easy_006,Easy,OMP-BranchBoundMRV,16,5,0.006826878,77,1
easy_007,Easy,Serial,1,1,0.002916416,5553,1
easy_007,Easy,Serial,1,2,0.002674292,5553,1
easy_007,Easy,Serial,1,3,0.002860125,5553,1
easy_007,Easy,Serial,1,4,0.002785292,5553,1
easy_007,Easy,Serial,1,5,0.002726459,5553,1
easy_007,Easy,Serial-MRV,1,1,0.000663167,51,1
easy_007,Easy,Serial-MRV,1,2,0.000630000,51,1
easy_007,Easy,Serial-MRV,1,3,0.000584625,51,1
easy_007,Easy,Serial-MRV,1,4,0.000583542,51,1
easy_007,Easy,Serial-MRV,1,5,0.000588250,51,1
easy_007,Easy,BranchBound,1,1,0.002787916,5553,1
easy_007,Easy,BranchBound,1,2,0.002527834,5553,1
easy_007,Easy,BranchBound,1,3,0.002583250,5553,1
easy_007,Easy,BranchBound,1,4,0.002561500,5553,1
easy_007,Easy,BranchBound,1,5,0.002790334,5553,1
easy_007,Easy,BranchBoundMRV,1,1,0.000752625,51,1
easy_007,Easy,BranchBoundMRV,1,2,0.000757917,51,1
easy_007,Easy,BranchBoundMRV,1,3,0.000768458,51,1
easy_007,Easy,BranchBoundMRV,1,4,0.000748083,51,1
easy_007,Easy,BranchBoundMRV,1,5,0.000753042,51,1
easy_007,Easy,OpenMP,4,1,0.000924110,51,1
easy_007,Easy,OpenMP,4,2,0.000865936,51,1
easy_007,Easy,OpenMP,4,3,0.000778913,51,1
easy_007,Easy,OpenMP,4,4,0.001147985,51,1
easy_007,Easy,OpenMP,4,5,0.000709057,51,1
easy_007,Easy,OpenMP,8,1,0.012772083,51,1
easy_007,Easy,OpenMP,8,2,0.002754211,51,1
easy_007,Easy,OpenMP,8,3,0.000746012,51,1
easy_007,Easy,OpenMP,8,4,0.000735998,51,1
easy_007,Easy,OpenMP,8,5,0.000730991,51,1
easy_007,Easy,OpenMP,16,1,0.016721010,51,1
easy_007,Easy,OpenMP,16,2,0.008533001,51,1
easy_007,Easy,OpenMP,16,3,0.008348942,51,1
easy_007,Easy,OpenMP,16,4,0.017020941,51,1
easy_007,Easy,OpenMP,16,5,0.007698059,51,1
easy_007,Easy,OMP-BranchBoundMRV,4,1,0.001014948,51,1
easy_007,Easy,OMP-BranchBoundMRV,4,2,0.001156092,51,1
easy_007,Easy,OMP-BranchBoundMRV,4,3,0.000851154,51,1
easy_007,Easy,OMP-BranchBoundMRV,4,4,0.000823975,51,1
easy_007,Easy,OMP-BranchBoundMRV,4,5,0.000813007,51,1
easy_007,Easy,OMP-BranchBoundMRV,8,1,0.000815868,51,1
easy_007,Easy,OMP-BranchBoundMRV,8,2,0.000804901,51,1
easy_007,Easy,OMP-BranchBoundMRV,8,3,0.003646851,51,1
easy_007,Easy,OMP-BranchBoundMRV,8,4,0.001443863,51,1
easy_007,Easy,OMP-BranchBoundMRV,8,5,0.001012802,51,1
easy_007,Easy,OMP-BranchBoundMRV,16,1,0.018297195,51,1
easy_007,Easy,OMP-BranchBoundMRV,16,2,0.017081976,51,1
easy_007,Easy,OMP-BranchBoundMRV,16,3,0.019784927,51,1
easy_007,Easy,OMP-BranchBoundMRV,16,4,0.024246216,51,1
easy_007,Easy,OMP-BranchBoundMRV,16,5,0.008287191,51,1
easy_008,Easy,Serial,1,1,0.000031625,70,1
easy_008,Easy,Serial,1,2,0.000028708,70,1
easy_008,Easy,Serial,1,3,0.000025666,70,1
easy_008,Easy,Serial,1,4,0.000024209,70,1
easy_008,Easy,Serial,1,5,0.000023709,70,1
easy_008,Easy,Serial-MRV,1,1,0.000467708,47,1
easy_008,Easy,Serial-MRV,1,2,0.000447250,47,1
easy_008,Easy,Serial-MRV,1,3,0.000454083,47,1
easy_008,Easy,Serial-MRV,1,4,0.000444042,47,1
easy_008,Easy,Serial-MRV,1,5,0.000450292,47,1
easy_008,Easy,BranchBound,1,1,0.000029125,70,1
easy_008,Easy,BranchBound,1,2,0.000026166,70,1
easy_008,Easy,BranchBound,1,3,0.000024917,70,1
easy_008,Easy,BranchBound,1,4,0.000030458,70,1
easy_008,Easy,BranchBound,1,5,0.000027625,70,1
easy_008,Easy,BranchBoundMRV,1,1,0.000543958,47,1
easy_008,Easy,BranchBoundMRV,1,2,0.000516708,47,1
easy_008,Easy,BranchBoundMRV,1,3,0.000512625,47,1
easy_008,Easy,BranchBoundMRV,1,4,0.000521708,47,1
easy_008,Easy,BranchBoundMRV,1,5,0.000513000,47,1
easy_008,Easy,OpenMP,4,1,0.000577927,47,1
easy_008,Easy,OpenMP,4,2,0.000565052,47,1
easy_008,Easy,OpenMP,4,3,0.000561953,47,1
easy_008,Easy,OpenMP,4,4,0.000567913,47,1
easy_008,Easy,OpenMP,4,5,0.000560999,47,1
easy_008,Easy,OpenMP,8,1,0.000574112,47,1
easy_008,Easy,OpenMP,8,2,0.000566959,47,1
easy_008,Easy,OpenMP,8,3,0.000586987,47,1
easy_008,Easy,OpenMP,8,4,0.006085157,47,1
easy_008,Easy,OpenMP,8,5,0.000560999,47,1
easy_008,Easy,OpenMP,16,1,0.022214174,47,1
easy_008,Easy,OpenMP,16,2,0.020142078,47,1
easy_008,Easy,OpenMP,16,3,0.034646988,47,1
easy_008,Easy,OpenMP,16,4,0.025168896,47,1
easy_008,Easy,OpenMP,16,5,0.001126051,47,1
easy_008,Easy,OMP-BranchBoundMRV,4,1,0.000648975,47,1
easy_008,Easy,OMP-BranchBoundMRV,4,2,0.000644207,47,1
easy_008,Easy,OMP-BranchBoundMRV,4,3,0.000638008,47,1
easy_008,Easy,OMP-BranchBoundMRV,4,4,0.000643015,47,1
easy_008,Easy,OMP-BranchBoundMRV,4,5,0.000643015,47,1
easy_008,Easy,OMP-BranchBoundMRV,8,1,0.000849962,47,1
easy_008,Easy,OMP-BranchBoundMRV,8,2,0.001155853,47,1
easy_008,Easy,OMP-BranchBoundMRV,8,3,0.000848055,47,1
easy_008,Easy,OMP-BranchBoundMRV,8,4,0.001105785,47,1
easy_008,Easy,OMP-BranchBoundMRV,8,5,0.000758886,47,1
easy_008,Easy,OMP-BranchBoundMRV,16,1,0.011934042,47,1
easy_008,Easy,OMP-BranchBoundMRV,16,2,0.006211996,47,1
easy_008,Easy,OMP-BranchBoundMRV,16,3,0.013733864,47,1
easy_008,Easy,OMP-BranchBoundMRV,16,4,0.006646872,47,1
easy_008,Easy,OMP-BranchBoundMRV,16,5,0.011795044,47,1
easy_009,Easy,Serial,1,1,0.000092459,221,1
easy_009,Easy,Serial,1,2,0.000131208,221,1
easy_009,Easy,Serial,1,3,0.000090583,221,1
easy_009,Easy,Serial,1,4,0.000083458,221,1
easy_009,Easy,Serial,1,5,0.000082500,221,1
easy_009,Easy,Serial-MRV,1,1,0.000496291,50,1
easy_009,Easy,Serial-MRV,1,2,0.000490083,50,1
easy_009,Easy,Serial-MRV,1,3,0.000482333,50,1
easy_009,Easy,Serial-MRV,1,4,0.000471083,50,1
easy_009,Easy,Serial-MRV,1,5,0.000472459,50,1
easy_009,Easy,BranchBound,1,1,0.000093167,221,1
easy_009,Easy,BranchBound,1,2,0.000089000,221,1
easy_009,Easy,BranchBound,1,3,0.000088542,221,1
easy_009,Easy,BranchBound,1,4,0.000089125,221,1
easy_009,Easy,BranchBound,1,5,0.000138792,221,1
easy_009,Easy,BranchBoundMRV,1,1,0.000578875,50,1
easy_009,Easy,BranchBoundMRV,1,2,0.000526834,50,1
easy_009,Easy,BranchBoundMRV,1,3,0.000574500,50,1
easy_009,Easy,BranchBoundMRV,1,4,0.000532916,50,1
easy_009,Easy,BranchBoundMRV,1,5,0.000534291,50,1
easy_009,Easy,OpenMP,4,1,0.000589848,50,1
easy_009,Easy,OpenMP,4,2,0.000575781,50,1
easy_009,Easy,OpenMP,4,3,0.000623941,50,1
easy_009,Easy,OpenMP,4,4,0.000569820,50,1
easy_009,Easy,OpenMP,4,5,0.000669003,50,1
easy_009,Easy,OpenMP,8,1,0.001308918,50,1
easy_009,Easy,OpenMP,8,2,0.000574112,50,1
easy_009,Easy,OpenMP,8,3,0.000856161,50,1
easy_009,Easy,OpenMP,8,4,0.000838995,50,1
easy_009,Easy,OpenMP,8,5,0.000583172,50,1
easy_009,Easy,OpenMP,16,1,0.021156073,50,1
easy_009,Easy,OpenMP,16,2,0.039288044,50,1
easy_009,Easy,OpenMP,16,3,0.023322105,50,1
easy_009,Easy,OpenMP,16,4,0.019798994,50,1
easy_009,Easy,OpenMP,16,5,0.034012079,50,1
easy_009,Easy,OMP-BranchBoundMRV,4,1,0.000707150,50,1
easy_009,Easy,OMP-BranchBoundMRV,4,2,0.000648022,50,1
easy_009,Easy,OMP-BranchBoundMRV,4,3,0.000641823,50,1
easy_009,Easy,OMP-BranchBoundMRV,4,4,0.000632048,50,1
easy_009,Easy,OMP-BranchBoundMRV,4,5,0.000638008,50,1
easy_009,Easy,OMP-BranchBoundMRV,8,1,0.000748873,50,1
easy_009,Easy,OMP-BranchBoundMRV,8,2,0.000786066,50,1
easy_009,Easy,OMP-BranchBoundMRV,8,3,0.000643015,50,1
easy_009,Easy,OMP-BranchBoundMRV,8,4,0.002014160,50,1
easy_009,Easy,OMP-BranchBoundMRV,8,5,0.000637054,50,1
easy_009,Easy,OMP-BranchBoundMRV,16,1,0.020807981,50,1
easy_009,Easy,OMP-BranchBoundMRV,16,2,0.006780863,50,1
easy_009,Easy,OMP-BranchBoundMRV,16,3,0.022140980,50,1
easy_009,Easy,OMP-BranchBoundMRV,16,4,0.027181149,50,1
easy_009,Easy,OMP-BranchBoundMRV,16,5,0.011096001,50,1
easy_010,Easy,Serial,1,1,0.000032291,78,1
easy_010,Easy,Serial,1,2,0.000030875,78,1
easy_010,Easy,Serial,1,3,0.000030625,78,1
easy_010,Easy,Serial,1,4,0.000030167,78,1
easy_010,Easy,Serial,1,5,0.000029083,78,1
easy_010,Easy,Serial-MRV,1,1,0.000433584,44,1
easy_010,Easy,Serial-MRV,1,2,0.000442750,44,1
easy_010,Easy,Serial-MRV,1,3,0.000423708,44,1
easy_010,Easy,Serial-MRV,1,4,0.000423459,44,1
easy_010,Easy,Serial-MRV,1,5,0.000448583,44,1
easy_010,Easy,BranchBound,1,1,0.000032083,78,1
easy_010,Easy,BranchBound,1,2,0.000030792,78,1
easy_010,Easy,BranchBound,1,3,0.000039584,78,1
easy_010,Easy,BranchBound,1,4,0.000030000,78,1
easy_010,Easy,BranchBound,1,5,0.000028792,78,1
easy_010,Easy,BranchBoundMRV,1,1,0.000480250,44,1
easy_010,Easy,BranchBoundMRV,1,2,0.000473709,44,1
easy_010,Easy,BranchBoundMRV,1,3,0.000472333,44,1
easy_010,Easy,BranchBoundMRV,1,4,0.000471541,44,1
easy_010,Easy,BranchBoundMRV,1,5,0.000470500,44,1
easy_010,Easy,OpenMP,4,1,0.000535011,44,1
easy_010,Easy,OpenMP,4,2,0.000521898,44,1
easy_010,Easy,OpenMP,4,3,0.000514984,44,1
easy_010,Easy,OpenMP,4,4,0.000514984,44,1
easy_010,Easy,OpenMP,4,5,0.000516176,44,1
easy_010,Easy,OpenMP,8,1,0.001257896,44,1
easy_010,Easy,OpenMP,8,2,0.000519037,44,1
easy_010,Easy,OpenMP,8,3,0.001106024,44,1
easy_010,Easy,OpenMP,8,4,0.001103878,44,1
easy_010,Easy,OpenMP,8,5,0.000814915,44,1
easy_010,Easy,OpenMP,16,1,0.020716906,44,1
easy_010,Easy,OpenMP,16,2,0.038438082,44,1
easy_010,Easy,OpenMP,16,3,0.048684120,44,1
easy_010,Easy,OpenMP,16,4,0.021370888,44,1
easy_010,Easy,OpenMP,16,5,0.005761862,44,1
easy_010,Easy,OMP-BranchBoundMRV,4,1,0.000604153,44,1
easy_010,Easy,OMP-BranchBoundMRV,4,2,0.000601053,44,1
easy_010,Easy,OMP-BranchBoundMRV,4,3,0.000593185,44,1
easy_010,Easy,OMP-BranchBoundMRV,4,4,0.000648022,44,1
easy_010,Easy,OMP-BranchBoundMRV,4,5,0.000578165,44,1
easy_010,Easy,OMP-BranchBoundMRV,8,1,0.001079082,44,1
easy_010,Easy,OMP-BranchBoundMRV,8,2,0.000761986,44,1
easy_010,Easy,OMP-BranchBoundMRV,8,3,0.002003908,44,1
easy_010,Easy,OMP-BranchBoundMRV,8,4,0.000600815,44,1
easy_010,Easy,OMP-BranchBoundMRV,8,5,0.001246929,44,1
easy_010,Easy,OMP-BranchBoundMRV,16,1,0.004655838,44,1
easy_010,Easy,OMP-BranchBoundMRV,16,2,0.007697105,44,1
easy_010,Easy,OMP-BranchBoundMRV,16,3,0.005222082,44,1
easy_010,Easy,OMP-BranchBoundMRV,16,4,0.007152081,44,1
easy_010,Easy,OMP-BranchBoundMRV,16,5,0.012106895,44,1
easy_011,Easy,Serial,1,1,0.000268875,595,1
easy_011,Easy,Serial,1,2,0.000243625,595,1
easy_011,Easy,Serial,1,3,0.000248709,595,1
easy_011,Easy,Serial,1,4,0.000226083,595,1
easy_011,Easy,Serial,1,5,0.000225875,595,1
easy_011,Easy,Serial-MRV,1,1,0.000736459,64,1
easy_011,Easy,Serial-MRV,1,2,0.000724750,64,1
easy_011,Easy,Serial-MRV,1,3,0.000667833,64,1
easy_011,Easy,Serial-MRV,1,4,0.000686833,64,1
easy_011,Easy,Serial-MRV,1,5,0.000662458,64,1
easy_011,Easy,BranchBound,1,1,0.000257917,595,1
easy_011,Easy,BranchBound,1,2,0.000243417,595,1
easy_011,Easy,BranchBound,1,3,0.000241583,595,1
easy_011,Easy,BranchBound,1,4,0.000294875,595,1
easy_011,Easy,BranchBound,1,5,0.000295958,595,1
easy_011,Easy,BranchBoundMRV,1,1,0.000841250,64,1
easy_011,Easy,BranchBoundMRV,1,2,0.000828875,64,1
easy_011,Easy,BranchBoundMRV,1,3,0.000826083,64,1
easy_011,Easy,BranchBoundMRV,1,4,0.000837375,64,1
easy_011,Easy,BranchBoundMRV,1,5,0.000878958,64,1
easy_011,Easy,OpenMP,4,1,0.000895023,64,1
easy_011,Easy,OpenMP,4,2,0.000856161,64,1
easy_011,Easy,OpenMP,4,3,0.000859976,64,1
easy_011,Easy,OpenMP,4,4,0.000854969,64,1
easy_011,Easy,OpenMP,4,5,0.000869989,64,1
easy_011,Easy,OpenMP,8,1,0.001020193,64,1
easy_011,Easy,OpenMP,8,2,0.007352114,64,1
easy_011,Easy,OpenMP,8,3,0.006715059,64,1
easy_011,Easy,OpenMP,8,4,0.000877142,64,1
easy_011,Easy,OpenMP,8,5,0.000894070,64,1
easy_011,Easy,OpenMP,16,1,0.048385143,64,1
easy_011,Easy,OpenMP,16,2,0.029621124,64,1
easy_011,Easy,OpenMP,16,3,0.029896975,64,1
easy_011,Easy,OpenMP,16,4,0.022966862,64,1
easy_011,Easy,OpenMP,16,5,0.023184061,64,1
easy_011,Easy,OMP-BranchBoundMRV,4,1,0.001101971,64,1
easy_011,Easy,OMP-BranchBoundMRV,4,2,0.001191854,64,1
easy_011,Easy,OMP-BranchBoundMRV,4,3,0.000935078,64,1
easy_011,Easy,OMP-BranchBoundMRV,4,4,0.001188993,64,1
easy_011,Easy,OMP-BranchBoundMRV,4,5,0.002002001,64,1
easy_011,Easy,OMP-BranchBoundMRV,8,1,0.015080929,64,1
easy_011,Easy,OMP-BranchBoundMRV,8,2,0.021486998,64,1
easy_011,Easy,OMP-BranchBoundMRV,8,3,0.000972986,64,1
easy_011,Easy,OMP-BranchBoundMRV,8,4,0.010417938,64,1
easy_011,Easy,OMP-BranchBoundMRV,8,5,0.001607895,64,1
easy_011,Easy,OMP-BranchBoundMRV,16,1,0.006031036,64,1
easy_011,Easy,OMP-BranchBoundMRV,16,2,0.013394833,64,1
easy_011,Easy,OMP-BranchBoundMRV,16,3,0.071953058,64,1
easy_011,Easy,OMP-BranchBoundMRV,16,4,0.020920992,64,1
easy_011,Easy,OMP-BranchBoundMRV,16,5,0.029798985,64,1
easy_012,Easy,Serial,1,1,0.001373041,3356,1
easy_012,Easy,Serial,1,2,0.001352292,3356,1
easy_012,Easy,Serial,1,3,0.001360625,3356,1
easy_012,Easy,Serial,1,4,0.001354417,3356,1
easy_012,Easy,Serial,1,5,0.001384791,3356,1
easy_012,Easy,Serial-MRV,1,1,0.000734959,53,1
easy_012,Easy,Serial-MRV,1,2,0.000794334,53,1
easy_012,Easy,Serial-MRV,1,3,0.000680417,53,1
easy_012,Easy,Serial-MRV,1,4,0.000675417,53,1
easy_012,Easy,Serial-MRV,1,5,0.000752875,53,1
easy_012,Easy,BranchBound,1,1,0.001365333,3356,1
easy_012,Easy,BranchBound,1,2,0.001546166,3356,1
easy_012,Easy,BranchBound,1,3,0.001390000,3356,1
easy_012,Easy,BranchBound,1,4,0.001358625,3356,1
easy_012,Easy,BranchBound,1,5,0.001508167,3356,1
easy_012,Easy,BranchBoundMRV,1,1,0.000766291,53,1
easy_012,Easy,BranchBoundMRV,1,2,0.000731625,53,1
easy_012,Easy,BranchBoundMRV,1,3,0.000731750,53,1
easy_012,Easy,BranchBoundMRV,1,4,0.000772750,53,1
easy_012,Easy,BranchBoundMRV,1,5,0.000798208,53,1
easy_012,Easy,OpenMP,4,1,0.000818014,53,1
easy_012,Easy,OpenMP,4,2,0.000842810,53,1
easy_012,Easy,OpenMP,4,3,0.000799894,53,1
easy_012,Easy,OpenMP,4,4,0.000797033,53,1
easy_012,Easy,OpenMP,4,5,0.000891209,53,1
easy_012,Easy,OpenMP,8,1,0.000808954,53,1
easy_012,Easy,OpenMP,8,2,0.002321005,53,1
easy_012,Easy,OpenMP,8,3,0.001123905,53,1
easy_012,Easy,OpenMP,8,4,0.000808954,53,1
easy_012,Easy,OpenMP,8,5,0.000801086,53,1
easy_012,Easy,OpenMP,16,1,0.014850855,53,1
easy_012,Easy,OpenMP,16,2,0.010484934,53,1
easy_012,Easy,OpenMP,16,3,0.005774021,53,1
easy_012,Easy,OpenMP,16,4,0.015553951,53,1
easy_012,Easy,OpenMP,16,5,0.008303881,53,1
easy_012,Easy,OMP-BranchBoundMRV,4,1,0.000892162,53,1
easy_012,Easy,OMP-BranchBoundMRV,4,2,0.000881195,53,1
easy_012,Easy,OMP-BranchBoundMRV,4,3,0.000976086,53,1
easy_012,Easy,OMP-BranchBoundMRV,4,4,0.000890970,53,1
easy_012,Easy,OMP-BranchBoundMRV,4,5,0.000937939,53,1
easy_012,Easy,OMP-BranchBoundMRV,8,1,0.000909805,53,1
easy_012,Easy,OMP-BranchBoundMRV,8,2,0.000961065,53,1
easy_012,Easy,OMP-BranchBoundMRV,8,3,0.001020908,53,1
easy_012,Easy,OMP-BranchBoundMRV,8,4,0.000910997,53,1
easy_012,Easy,OMP-BranchBoundMRV,8,5,0.001692057,53,1
easy_012,Easy,OMP-BranchBoundMRV,16,1,0.012676001,53,1
easy_012,Easy,OMP-BranchBoundMRV,16,2,0.004441023,53,1
easy_012,Easy,OMP-BranchBoundMRV,16,3,0.047605991,53,1
easy_012,Easy,OMP-BranchBoundMRV,16,4,0.039289951,53,1
easy_012,Easy,OMP-BranchBoundMRV,16,5,0.017345905,53,1
easy_013,Easy,Serial,1,1,0.008990042,22344,1
easy_013,Easy,Serial,1,2,0.009004625,22344,1
easy_013,Easy,Serial,1,3,0.008993209,22344,1
easy_013,Easy,Serial,1,4,0.008982667,22344,1
easy_013,Easy,Serial,1,5,0.009001167,22344,1
easy_013,Easy,Serial-MRV,1,1,0.000702542,52,1
easy_013,Easy,Serial-MRV,1,2,0.000663667,52,1
easy_013,Easy,Serial-MRV,1,3,0.000644791,52,1
easy_013,Easy,Serial-MRV,1,4,0.000667209,52,1
easy_013,Easy,Serial-MRV,1,5,0.000815917,52,1
easy_013,Easy,BranchBound,1,1,0.009075000,22344,1
easy_013,Easy,BranchBound,1,2,0.008974875,22344,1
easy_013,Easy,BranchBound,1,3,0.009036500,22344,1
easy_013,Easy,BranchBound,1,4,0.009207417,22344,1
easy_013,Easy,BranchBound,1,5,0.009116792,22344,1
easy_013,Easy,BranchBoundMRV,1,1,0.000710208,52,1
easy_013,Easy,BranchBoundMRV,1,2,0.000779458,52,1
easy_013,Easy,BranchBoundMRV,1,3,0.000727834,52,1
easy_013,Easy,BranchBoundMRV,1,4,0.000704292,52,1
easy_013,Easy,BranchBoundMRV,1,5,0.000707625,52,1
easy_013,Easy,OpenMP,4,1,0.000778198,52,1
easy_013,Easy,OpenMP,4,2,0.000750065,52,1
easy_013,Easy,OpenMP,4,3,0.000755072,52,1
easy_013,Easy,OpenMP,4,4,0.000750065,52,1
easy_013,Easy,OpenMP,4,5,0.000747204,52,1
easy_013,Easy,OpenMP,8,1,0.000768185,52,1
easy_013,Easy,OpenMP,8,2,0.000870943,52,1
easy_013,Easy,OpenMP,8,3,0.000757933,52,1
easy_013,Easy,OpenMP,8,4,0.001371145,52,1
easy_013,Easy,OpenMP,8,5,0.000813007,52,1
easy_013,Easy,OpenMP,16,1,0.015733004,52,1
easy_013,Easy,OpenMP,16,2,0.016562939,52,1
easy_013,Easy,OpenMP,16,3,0.018108130,52,1
easy_013,Easy,OpenMP,16,4,0.014330864,52,1
easy_013,Easy,OpenMP,16,5,0.028424025,52,1
easy_013,Easy,OMP-BranchBoundMRV,4,1,0.000844002,52,1
easy_013,Easy,OMP-BranchBoundMRV,4,2,0.000871181,52,1
easy_013,Easy,OMP-BranchBoundMRV,4,3,0.001042128,52,1
easy_013,Easy,OMP-BranchBoundMRV,4,4,0.000842094,52,1
easy_013,Easy,OMP-BranchBoundMRV,4,5,0.000897169,52,1
easy_013,Easy,OMP-BranchBoundMRV,8,1,0.000857115,52,1
easy_013,Easy,OMP-BranchBoundMRV,8,2,0.001266003,52,1
easy_013,Easy,OMP-BranchBoundMRV,8,3,0.000938177,52,1
easy_013,Easy,OMP-BranchBoundMRV,8,4,0.000833035,52,1
easy_013,Easy,OMP-BranchBoundMRV,8,5,0.001240969,52,1
easy_013,Easy,OMP-BranchBoundMRV,16,1,0.018908978,52,1
easy_013,Easy,OMP-BranchBoundMRV,16,2,0.005748034,52,1
easy_013,Easy,OMP-BranchBoundMRV,16,3,0.017122030,52,1
easy_013,Easy,OMP-BranchBoundMRV,16,4,0.011564016,52,1
easy_013,Easy,OMP-BranchBoundMRV,16,5,0.013409853,52,1
easy_014,Easy,Serial,1,1,0.009968792,24248,1
easy_014,Easy,Serial,1,2,0.009731791,24248,1
easy_014,Easy,Serial,1,3,0.010010167,24248,1
easy_014,Easy,Serial,1,4,0.009496500,24248,1
easy_014,Easy,Serial,1,5,0.009426458,24248,1
easy_014,Easy,Serial-MRV,1,1,0.000757125,56,1
easy_014,Easy,Serial-MRV,1,2,0.000766916,56,1
easy_014,Easy,Serial-MRV,1,3,0.000752958,56,1
easy_014,Easy,Serial-MRV,1,4,0.000747792,56,1
easy_014,Easy,Serial-MRV,1,5,0.000751208,56,1
easy_014,Easy,BranchBound,1,1,0.009602750,24248,1
easy_014,Easy,BranchBound,1,2,0.009510500,24248,1
easy_014,Easy,BranchBound,1,3,0.009621875,24248,1
easy_014,Easy,BranchBound,1,4,0.009480625,24248,1
easy_014,Easy,BranchBound,1,5,0.009546875,24248,1
easy_014,Easy,BranchBoundMRV,1,1,0.000862583,56,1
easy_014,Easy,BranchBoundMRV,1,2,0.000805542,56,1
easy_014,Easy,BranchBoundMRV,1,3,0.000804166,56,1
easy_014,Easy,BranchBoundMRV,1,4,0.000801000,56,1
easy_014,Easy,BranchBoundMRV,1,5,0.000806000,56,1
easy_014,Easy,OpenMP,4,1,0.000898123,56,1
easy_014,Easy,OpenMP,4,2,0.000874043,56,1
easy_014,Easy,OpenMP,4,3,0.000873089,56,1
easy_014,Easy,OpenMP,4,4,0.000869036,56,1
easy_014,Easy,OpenMP,4,5,0.000880003,56,1
easy_014,Easy,OpenMP,8,1,0.002005816,56,1
easy_014,Easy,OpenMP,8,2,0.001992941,56,1
easy_014,Easy,OpenMP,8,3,0.001951933,56,1
easy_014,Easy,OpenMP,8,4,0.000874996,56,1
easy_014,Easy,OpenMP,8,5,0.000952959,56,1
easy_014,Easy,OpenMP,16,1,0.020106077,56,1
easy_014,Easy,OpenMP,16,2,0.011920929,56,1
easy_014,Easy,OpenMP,16,3,0.017205000,56,1
easy_014,Easy,OpenMP,16,4,0.009667873,56,1
easy_014,Easy,OpenMP,16,5,0.019787073,56,1
easy_014,Easy,OMP-BranchBoundMRV,4,1,0.001068115,56,1
easy_014,Easy,OMP-BranchBoundMRV,4,2,0.001127005,56,1
easy_014,Easy,OMP-BranchBoundMRV,4,3,0.001013994,56,1
easy_014,Easy,OMP-BranchBoundMRV,4,4,0.001052141,56,1
easy_014,Easy,OMP-BranchBoundMRV,4,5,0.000972033,56,1
easy_014,Easy,OMP-BranchBoundMRV,8,1,0.001363993,56,1
easy_014,Easy,OMP-BranchBoundMRV,8,2,0.001313925,56,1
easy_014,Easy,OMP-BranchBoundMRV,8,3,0.001245022,56,1
easy_014,Easy,OMP-BranchBoundMRV,8,4,0.002228975,56,1
easy_014,Easy,OMP-BranchBoundMRV,8,5,0.001919985,56,1
easy_014,Easy,OMP-BranchBoundMRV,16,1,0.013698101,56,1
easy_014,Easy,OMP-BranchBoundMRV,16,2,0.005800009,56,1
easy_014,Easy,OMP-BranchBoundMRV,16,3,0.007463932,56,1
easy_014,Easy,OMP-BranchBoundMRV,16,4,0.012067795,56,1
easy_014,Easy,OMP-BranchBoundMRV,16,5,0.014027119,56,1
easy_015,Easy,Serial,1,1,0.000856834,1702,1
easy_015,Easy,Serial,1,2,0.000810000,1702,1
easy_015,Easy,Serial,1,3,0.000809791,1702,1
easy_015,Easy,Serial,1,4,0.000809334,1702,1
easy_015,Easy,Serial,1,5,0.000812500,1702,1
easy_015,Easy,Serial-MRV,1,1,0.000554375,50,1
easy_015,Easy,Serial-MRV,1,2,0.000577875,50,1
easy_015,Easy,Serial-MRV,1,3,0.000554000,50,1
easy_015,Easy,Serial-MRV,1,4,0.000547292,50,1
easy_015,Easy,Serial-MRV,1,5,0.000543958,50,1
easy_015,Easy,BranchBound,1,1,0.000838583,1702,1
easy_015,Easy,BranchBound,1,2,0.000835416,1702,1
easy_015,Easy,BranchBound,1,3,0.000824208,1702,1
easy_015,Easy,BranchBound,1,4,0.000833083,1702,1
easy_015,Easy,BranchBound,1,5,0.000823750,1702,1
easy_015,Easy,BranchBoundMRV,1,1,0.000624125,50,1
easy_015,Easy,BranchBoundMRV,1,2,0.000653625,50,1
easy_015,Easy,BranchBoundMRV,1,3,0.000615709,50,1
easy_015,Easy,BranchBoundMRV,1,4,0.000614416,50,1
easy_015,Easy,BranchBoundMRV,1,5,0.000613500,50,1
easy_015,Easy,OpenMP,4,1,0.000684023,50,1
easy_015,Easy,OpenMP,4,2,0.000669003,50,1
easy_015,Easy,OpenMP,4,3,0.000668049,50,1
easy_015,Easy,OpenMP,4,4,0.000682116,50,1
easy_015,Easy,OpenMP,4,5,0.000674009,50,1
easy_015,Easy,OpenMP,8,1,0.000683069,50,1
easy_015,Easy,OpenMP,8,2,0.000679016,50,1
easy_015,Easy,OpenMP,8,3,0.000694990,50,1
easy_015,Easy,OpenMP,8,4,0.000683069,50,1
easy_015,Easy,OpenMP,8,5,0.000743866,50,1
easy_015,Easy,OpenMP,16,1,0.028512955,50,1
easy_015,Easy,OpenMP,16,2,0.020451069,50,1
easy_015,Easy,OpenMP,16,3,0.020860910,50,1
easy_015,Easy,OpenMP,16,4,0.020955801,50,1
easy_015,Easy,OpenMP,16,5,0.033880949,50,1
easy_015,Easy,OMP-BranchBoundMRV,4,1,0.000859022,50,1
easy_015,Easy,OMP-BranchBoundMRV,4,2,0.000753880,50,1
easy_015,Easy,OMP-BranchBoundMRV,4,3,0.000757933,50,1
easy_015,Easy,OMP-BranchBoundMRV,4,4,0.000753164,50,1
easy_015,Easy,OMP-BranchBoundMRV,4,5,0.000823021,50,1
easy_015,Easy,OMP-BranchBoundMRV,8,1,0.000793934,50,1
easy_015,Easy,OMP-BranchBoundMRV,8,2,0.001619101,50,1
easy_015,Easy,OMP-BranchBoundMRV,8,3,0.001597881,50,1
easy_015,Easy,OMP-BranchBoundMRV,8,4,0.000843048,50,1
easy_015,Easy,OMP-BranchBoundMRV,8,5,0.000940800,50,1
easy_015,Easy,OMP-BranchBoundMRV,16,1,0.010923147,50,1
easy_015,Easy,OMP-BranchBoundMRV,16,2,0.008209944,50,1
easy_015,Easy,OMP-BranchBoundMRV,16,3,0.008048058,50,1
easy_015,Easy,OMP-BranchBoundMRV,16,4,0.015866995,50,1
easy_015,Easy,OMP-BranchBoundMRV,16,5,0.005913973,50,1
easy_016,Easy,Serial,1,1,0.000030333,76,1
easy_016,Easy,Serial,1,2,0.000029209,76,1
easy_016,Easy,Serial,1,3,0.000027083,76,1
easy_016,Easy,Serial,1,4,0.000026125,76,1
easy_016,Easy,Serial,1,5,0.000025959,76,1
easy_016,Easy,Serial-MRV,1,1,0.000431541,44,1
easy_016,Easy,Serial-MRV,1,2,0.000421792,44,1
easy_016,Easy,Serial-MRV,1,3,0.000437125,44,1
easy_016,Easy,Serial-MRV,1,4,0.000484708,44,1
easy_016,Easy,Serial-MRV,1,5,0.000501333,44,1
easy_016,Easy,BranchBound,1,1,0.000030167,76,1
easy_016,Easy,BranchBound,1,2,0.000027458,76,1
easy_016,Easy,BranchBound,1,3,0.000026250,76,1
easy_016,Easy,BranchBound,1,4,0.000035541,76,1
easy_016,Easy,BranchBound,1,5,0.000032125,76,1
easy_016,Easy,BranchBoundMRV,1,1,0.000485500,44,1
easy_016,Easy,BranchBoundMRV,1,2,0.000533375,44,1
easy_016,Easy,BranchBoundMRV,1,3,0.000482875,44,1
easy_016,Easy,BranchBoundMRV,1,4,0.000470417,44,1
easy_016,Easy,BranchBoundMRV,1,5,0.000483000,44,1
easy_016,Easy,OpenMP,4,1,0.000540018,44,1
easy_016,Easy,OpenMP,4,2,0.000581026,44,1
easy_016,Easy,OpenMP,4,3,0.000519991,44,1
easy_016,Easy,OpenMP,4,4,0.000527143,44,1
easy_016,Easy,OpenMP,4,5,0.000572920,44,1
easy_016,Easy,OpenMP,8,1,0.001985073,44,1
easy_016,Easy,OpenMP,8,2,0.000771046,44,1
easy_016,Easy,OpenMP,8,3,0.000522852,44,1
easy_016,Easy,OpenMP,8,4,0.000633001,44,1
easy_016,Easy,OpenMP,8,5,0.000542879,44,1
easy_016,Easy,OpenMP,16,1,0.011317968,44,1
easy_016,Easy,OpenMP,16,2,0.008853912,44,1
easy_016,Easy,OpenMP,16,3,0.025863886,44,1
easy_016,Easy,OpenMP,16,4,0.028338909,44,1
easy_016,Easy,OpenMP,16,5,0.035835028,44,1
easy_016,Easy,OMP-BranchBoundMRV,4,1,0.000592947,44,1
easy_016,Easy,OMP-BranchBoundMRV,4,2,0.000588179,44,1
easy_016,Easy,OMP-BranchBoundMRV,4,3,0.000587940,44,1
easy_016,Easy,OMP-BranchBoundMRV,4,4,0.000579834,44,1
easy_016,Easy,OMP-BranchBoundMRV,4,5,0.000581980,44,1
easy_016,Easy,OMP-BranchBoundMRV,8,1,0.001214981,44,1
easy_016,Easy,OMP-BranchBoundMRV,8,2,0.000676870,44,1
easy_016,Easy,OMP-BranchBoundMRV,8,3,0.000612974,44,1
easy_016,Easy,OMP-BranchBoundMRV,8,4,0.001245975,44,1
easy_016,Easy,OMP-BranchBoundMRV,8,5,0.000614882,44,1
easy_016,Easy,OMP-BranchBoundMRV,16,1,0.021357059,44,1
easy_016,Easy,OMP-BranchBoundMRV,16,2,0.012891054,44,1
easy_016,Easy,OMP-BranchBoundMRV,16,3,0.006721020,44,1
easy_016,Easy,OMP-BranchBoundMRV,16,4,0.007270813,44,1
easy_016,Easy,OMP-BranchBoundMRV,16,5,0.014135122,44,1
easy_017,Easy,Serial,1,1,0.002615458,5568,1
easy_017,Easy,Serial,1,2,0.002679042,5568,1
easy_017,Easy,Serial,1,3,0.002626042,5568,1
easy_017,Easy,Serial,1,4,0.002458667,5568,1
easy_017,Easy,Serial,1,5,0.002682833,5568,1
easy_017,Easy,Serial-MRV,1,1,0.000827584,59,1
easy_017,Easy,Serial-MRV,1,2,0.000949625,59,1
easy_017,Easy,Serial-MRV,1,3,0.000847291,59,1
easy_017,Easy,Serial-MRV,1,4,0.000887917,59,1
easy_017,Easy,Serial-MRV,1,5,0.000815167,59,1
easy_017,Easy,BranchBound,1,1,0.002614916,5568,1
easy_017,Easy,BranchBound,1,2,0.002546167,5568,1
easy_017,Easy,BranchBound,1,3,0.002597959,5568,1
easy_017,Easy,BranchBound,1,4,0.002611792,5568,1
easy_017,Easy,BranchBound,1,5,0.002503416,5568,1
easy_017,Easy,BranchBoundMRV,1,1,0.000934625,59,1
easy_017,Easy,BranchBoundMRV,1,2,0.000863416,59,1
easy_017,Easy,BranchBoundMRV,1,3,0.000877667,59,1
easy_017,Easy,BranchBoundMRV,1,4,0.000856667,59,1
easy_017,Easy,BranchBoundMRV,1,5,0.000896125,59,1
easy_017,Easy,OpenMP,4,1,0.000951052,59,1
easy_017,Easy,OpenMP,4,2,0.000983953,59,1
easy_017,Easy,OpenMP,4,3,0.000946999,59,1
easy_017,Easy,OpenMP,4,4,0.000923872,59,1
easy_017,Easy,OpenMP,4,5,0.000995874,59,1
easy_017,Easy,OpenMP,8,1,0.000960112,59,1
easy_017,Easy,OpenMP,8,2,0.002031088,59,1
easy_017,Easy,OpenMP,8,3,0.001228094,59,1
easy_017,Easy,OpenMP,8,4,0.001729012,59,1
easy_017,Easy,OpenMP,8,5,0.000915051,59,1
easy_017,Easy,OpenMP,16,1,0.006564140,59,1
easy_017,Easy,OpenMP,16,2,0.016011953,59,1
easy_017,Easy,OpenMP,16,3,0.024646997,59,1
easy_017,Easy,OpenMP,16,4,0.009531021,59,1
easy_017,Easy,OpenMP,16,5,0.028339148,59,1
easy_017,Easy,OMP-BranchBoundMRV,4,1,0.001074076,59,1
easy_017,Easy,OMP-BranchBoundMRV,4,2,0.001011848,59,1
easy_017,Easy,OMP-BranchBoundMRV,4,3,0.001014948,59,1
easy_017,Easy,OMP-BranchBoundMRV,4,4,0.001013041,59,1
easy_017,Easy,OMP-BranchBoundMRV,4,5,0.000995874,59,1
easy_017,Easy,OMP-BranchBoundMRV,8,1,0.002328157,59,1
easy_017,Easy,OMP-BranchBoundMRV,8,2,0.001082897,59,1
easy_017,Easy,OMP-BranchBoundMRV,8,3,0.001010895,59,1
easy_017,Easy,OMP-BranchBoundMRV,8,4,0.001012802,59,1
easy_017,Easy,OMP-BranchBoundMRV,8,5,0.000992060,59,1
easy_017,Easy,OMP-BranchBoundMRV,16,1,0.021142006,59,1
easy_017,Easy,OMP-BranchBoundMRV,16,2,0.013885975,59,1
easy_017,Easy,OMP-BranchBoundMRV,16,3,0.020266056,59,1
easy_017,Easy,OMP-BranchBoundMRV,16,4,0.020164013,59,1
easy_017,Easy,OMP-BranchBoundMRV,16,5,0.020920992,59,1
easy_018,Easy,Serial,1,1,0.000251250,580,1
easy_018,Easy,Serial,1,2,0.000306125,580,1
easy_018,Easy,Serial,1,3,0.000233250,580,1
easy_018,Easy,Serial,1,4,0.000255458,580,1
easy_018,Easy,Serial,1,5,0.000255625,580,1
easy_018,Easy,Serial-MRV,1,1,0.001180750,90,1
easy_018,Easy,Serial-MRV,1,2,0.001094375,90,1
easy_018,Easy,Serial-MRV,1,3,0.001041291,90,1
easy_018,Easy,Serial-MRV,1,4,0.001063958,90,1
easy_018,Easy,Serial-MRV,1,5,0.001146416,90,1
easy_018,Easy,BranchBound,1,1,0.000235959,580,1
easy_018,Easy,BranchBound,1,2,0.000230291,580,1
easy_018,Easy,BranchBound,1,3,0.000261875,580,1
easy_018,Easy,BranchBound,1,4,0.000258250,580,1
easy_018,Easy,BranchBound,1,5,0.000229708,580,1
easy_018,Easy,BranchBoundMRV,1,1,0.001288625,90,1
easy_018,Easy,BranchBoundMRV,1,2,0.001325834,90,1
easy_018,Easy,BranchBoundMRV,1,3,0.001260666,90,1
easy_018,Easy,BranchBoundMRV,1,4,0.001267500,90,1
easy_018,Easy,BranchBoundMRV,1,5,0.001361084,90,1
easy_018,Easy,OpenMP,4,1,0.000678062,85,1
easy_018,Easy,OpenMP,4,2,0.000696182,86,1
easy_018,Easy,OpenMP,4,3,0.000664949,85,1
easy_018,Easy,OpenMP,4,4,0.000663996,85,1
easy_018,Easy,OpenMP,4,5,0.000675917,67,1
easy_018,Easy,OpenMP,8,1,0.001427889,89,1
easy_018,Easy,OpenMP,8,2,0.000709057,63,1
easy_018,Easy,OpenMP,8,3,0.000686884,85,1
easy_018,Easy,OpenMP,8,4,0.001529932,92,1
easy_018,Easy,OpenMP,8,5,0.000662088,85,1
easy_018,Easy,OpenMP,16,1,0.015453815,92,1
easy_018,Easy,OpenMP,16,2,0.008379936,92,1
easy_018,Easy,OpenMP,16,3,0.008053780,81,1
easy_018,Easy,OpenMP,16,4,0.007968903,85,1
easy_018,Easy,OpenMP,16,5,0.013589859,83,1
easy_018,Easy,OMP-BranchBoundMRV,4,1,0.000771999,86,1
easy_018,Easy,OMP-BranchBoundMRV,4,2,0.000767946,87,1
easy_018,Easy,OMP-BranchBoundMRV,4,3,0.001086950,92,1
easy_018,Easy,OMP-BranchBoundMRV,4,4,0.000802994,87,1
easy_018,Easy,OMP-BranchBoundMRV,4,5,0.000843048,90,1
easy_018,Easy,OMP-BranchBoundMRV,8,1,0.000803947,87,1
easy_018,Easy,OMP-BranchBoundMRV,8,2,0.000799894,83,1
easy_018,Easy,OMP-BranchBoundMRV,8,3,0.001575947,82,1
easy_018,Easy,OMP-BranchBoundMRV,8,4,0.000769854,62,1
easy_018,Easy,OMP-BranchBoundMRV,8,5,0.000796795,62,1
easy_018,Easy,OMP-BranchBoundMRV,16,1,0.045794964,85,1
easy_018,Easy,OMP-BranchBoundMRV,16,2,0.020745039,62,1
easy_018,Easy,OMP-BranchBoundMRV,16,3,0.025610924,92,1
easy_018,Easy,OMP-BranchBoundMRV,16,4,0.025815964,87,1
easy_018,Easy,OMP-BranchBoundMRV,16,5,0.028439999,92,1
easy_019,Easy,Serial,1,1,0.000477250,1112,1
easy_019,Easy,Serial,1,2,0.000454458,1112,1
easy_019,Easy,Serial,1,3,0.000436875,1112,1
easy_019,Easy,Serial,1,4,0.000435875,1112,1
easy_019,Easy,Serial,1,5,0.000437083,1112,1
easy_019,Easy,Serial-MRV,1,1,0.001086958,79,1
easy_019,Easy,Serial-MRV,1,2,0.000978500,79,1
easy_019,Easy,Serial-MRV,1,3,0.001088583,79,1
easy_019,Easy,Serial-MRV,1,4,0.000968292,79,1
easy_019,Easy,Serial-MRV,1,5,0.001107458,79,1
easy_019,Easy,BranchBound,1,1,0.000460792,1112,1
easy_019,Easy,BranchBound,1,2,0.000438916,1112,1
easy_019,Easy,BranchBound,1,3,0.000496792,1112,1
easy_019,Easy,BranchBound,1,4,0.000438791,1112,1
easy_019,Easy,BranchBound,1,5,0.000442000,1112,1
easy_019,Easy,BranchBoundMRV,1,1,0.001173875,79,1
easy_019,Easy,BranchBoundMRV,1,2,0.001261334,79,1
easy_019,Easy,BranchBoundMRV,1,3,0.001187375,79,1
easy_019,Easy,BranchBoundMRV,1,4,0.001203167,79,1
easy_019,Easy,BranchBoundMRV,1,5,0.001256250,79,1
easy_019,Easy,OpenMP,4,1,0.001271009,79,1
easy_019,Easy,OpenMP,4,2,0.001238108,79,1
easy_019,Easy,OpenMP,4,3,0.001574993,79,1
easy_019,Easy,OpenMP,4,4,0.001282930,79,1
easy_019,Easy,OpenMP,4,5,0.001299858,79,1
easy_019,Easy,OpenMP,8,1,0.002826929,79,1
easy_019,Easy,OpenMP,8,2,0.002913952,79,1
easy_019,Easy,OpenMP,8,3,0.001228094,79,1
easy_019,Easy,OpenMP,8,4,0.001252174,79,1
easy_019,Easy,OpenMP,8,5,0.001251936,79,1
easy_019,Easy,OpenMP,16,1,0.005542994,79,1
easy_019,Easy,OpenMP,16,2,0.007455111,79,1
easy_019,Easy,OpenMP,16,3,0.010556936,79,1
easy_019,Easy,OpenMP,16,4,0.012875080,79,1
easy_019,Easy,OpenMP,16,5,0.035972118,79,1
easy_019,Easy,OMP-BranchBoundMRV,4,1,0.001317024,79,1
easy_019,Easy,OMP-BranchBoundMRV,4,2,0.001312017,79,1
easy_019,Easy,OMP-BranchBoundMRV,4,3,0.001311064,79,1
easy_019,Easy,OMP-BranchBoundMRV,4,4,0.001303911,79,1
easy_019,Easy,OMP-BranchBoundMRV,4,5,0.001303196,79,1
easy_019,Easy,OMP-BranchBoundMRV,8,1,0.001332045,79,1
easy_019,Easy,OMP-BranchBoundMRV,8,2,0.001305103,79,1
easy_019,Easy,OMP-BranchBoundMRV,8,3,0.001303911,79,1
easy_019,Easy,OMP-BranchBoundMRV,8,4,0.001318932,79,1
easy_019,Easy,OMP-BranchBoundMRV,8,5,0.001307011,79,1
easy_019,Easy,OMP-BranchBoundMRV,16,1,0.029226065,79,1
easy_019,Easy,OMP-BranchBoundMRV,16,2,0.024019957,79,1
easy_019,Easy,OMP-BranchBoundMRV,16,3,0.030277014,79,1
easy_019,Easy,OMP-BranchBoundMRV,16,4,0.023945808,79,1
easy_019,Easy,OMP-BranchBoundMRV,16,5,0.013435125,79,1
easy_020,Easy,Serial,1,1,0.000069542,169,1
easy_020,Easy,Serial,1,2,0.000064125,169,1
easy_020,Easy,Serial,1,3,0.000078916,169,1
easy_020,Easy,Serial,1,4,0.000063166,169,1
easy_020,Easy,Serial,1,5,0.000062834,169,1
easy_020,Easy,Serial-MRV,1,1,0.000467875,44,1
easy_020,Easy,Serial-MRV,1,2,0.000444833,44,1
easy_020,Easy,Serial-MRV,1,3,0.000616250,44,1
easy_020,Easy,Serial-MRV,1,4,0.000472500,44,1
easy_020,Easy,Serial-MRV,1,5,0.000478958,44,1
easy_020,Easy,BranchBound,1,1,0.000083458,169,1
easy_020,Easy,BranchBound,1,2,0.000084375,169,1
easy_020,Easy,BranchBound,1,3,0.000063583,169,1
easy_020,Easy,BranchBound,1,4,0.000063334,169,1
easy_020,Easy,BranchBound,1,5,0.000063208,169,1
easy_020,Easy,BranchBoundMRV,1,1,0.000469292,44,1
easy_020,Easy,BranchBoundMRV,1,2,0.000467208,44,1
easy_020,Easy,BranchBoundMRV,1,3,0.000463291,44,1
easy_020,Easy,BranchBoundMRV,1,4,0.000463166,44,1
easy_020,Easy,BranchBoundMRV,1,5,0.000504084,44,1
easy_020,Easy,OpenMP,4,1,0.000593901,44,1
easy_020,Easy,OpenMP,4,2,0.000541925,44,1
easy_020,Easy,OpenMP,4,3,0.000536919,44,1
easy_020,Easy,OpenMP,4,4,0.000517845,44,1
easy_020,Easy,OpenMP,4,5,0.000518084,44,1
easy_020,Easy,OpenMP,8,1,0.000524998,44,1
easy_020,Easy,OpenMP,8,2,0.000936031,44,1
easy_020,Easy,OpenMP,8,3,0.000629902,44,1
easy_020,Easy,OpenMP,8,4,0.000549793,44,1
easy_020,Easy,OpenMP,8,5,0.000563860,44,1
easy_020,Easy,OpenMP,16,1,0.007954121,44,1
easy_020,Easy,OpenMP,16,2,0.011151075,44,1
easy_020,Easy,OpenMP,16,3,0.010874033,44,1
easy_020,Easy,OpenMP,16,4,0.012452841,44,1
easy_020,Easy,OpenMP,16,5,0.020848989,44,1
easy_020,Easy,OMP-BranchBoundMRV,4,1,0.000587940,44,1
easy_020,Easy,OMP-BranchBoundMRV,4,2,0.000612020,44,1
easy_020,Easy,OMP-BranchBoundMRV,4,3,0.000579834,44,1
easy_020,Easy,OMP-BranchBoundMRV,4,4,0.000583887,44,1
easy_020,Easy,OMP-BranchBoundMRV,4,5,0.000577927,44,1
easy_020,Easy,OMP-BranchBoundMRV,8,1,0.000590086,44,1
easy_020,Easy,OMP-BranchBoundMRV,8,2,0.000580072,44,1
easy_020,Easy,OMP-BranchBoundMRV,8,3,0.000611067,44,1
easy_020,Easy,OMP-BranchBoundMRV,8,4,0.000681877,44,1
easy_020,Easy,OMP-BranchBoundMRV,8,5,0.000581980,44,1
easy_020,Easy,OMP-BranchBoundMRV,16,1,0.048515797,44,1
easy_020,Easy,OMP-BranchBoundMRV,16,2,0.020740032,44,1
easy_020,Easy,OMP-BranchBoundMRV,16,3,0.032101870,44,1
easy_020,Easy,OMP-BranchBoundMRV,16,4,0.042281866,44,1
easy_020,Easy,OMP-BranchBoundMRV,16,5,0.018771172,44,1
easy_021,Easy,Serial,1,1,0.000073208,183,1
easy_021,Easy,Serial,1,2,0.000065834,183,1
easy_021,Easy,Serial,1,3,0.000064875,183,1
easy_021,Easy,Serial,1,4,0.000064792,183,1
easy_021,Easy,Serial,1,5,0.000064708,183,1
easy_021,Easy,Serial-MRV,1,1,0.000509791,48,1
easy_021,Easy,Serial-MRV,1,2,0.000551750,48,1
easy_021,Easy,Serial-MRV,1,3,0.000502750,48,1
easy_021,Easy,Serial-MRV,1,4,0.000502125,48,1
easy_021,Easy,Serial-MRV,1,5,0.000502125,48,1
easy_021,Easy,BranchBound,1,1,0.000070500,183,1
easy_021,Easy,BranchBound,1,2,0.000078292,183,1
easy_021,Easy,BranchBound,1,3,0.000068042,183,1
easy_021,Easy,BranchBound,1,4,0.000068250,183,1
easy_021,Easy,BranchBound,1,5,0.000065250,183,1
easy_021,Easy,BranchBoundMRV,1,1,0.000617625,48,1
easy_021,Easy,BranchBoundMRV,1,2,0.000658875,48,1
easy_021,Easy,BranchBoundMRV,1,3,0.000579750,48,1
easy_021,Easy,BranchBoundMRV,1,4,0.000651708,48,1
easy_021,Easy,BranchBoundMRV,1,5,0.000602791,48,1
easy_021,Easy,OpenMP,4,1,0.000646830,48,1
easy_021,Easy,OpenMP,4,2,0.000949860,48,1
easy_021,Easy,OpenMP,4,3,0.000649929,48,1
easy_021,Easy,OpenMP,4,4,0.000653028,48,1
easy_021,Easy,OpenMP,4,5,0.000645876,48,1
easy_021,Easy,OpenMP,8,1,0.000687122,48,1
easy_021,Easy,OpenMP,8,2,0.001666069,48,1
easy_021,Easy,OpenMP,8,3,0.000637054,48,1
easy_021,Easy,OpenMP,8,4,0.001388073,48,1
easy_021,Easy,OpenMP,8,5,0.000707150,48,1
easy_021,Easy,OpenMP,16,1,0.017493963,48,1
easy_021,Easy,OpenMP,16,2,0.017171860,48,1
easy_021,Easy,OpenMP,16,3,0.018383980,48,1
easy_021,Easy,OpenMP,16,4,0.021643877,48,1
easy_021,Easy,OpenMP,16,5,0.029726982,48,1
easy_021,Easy,OMP-BranchBoundMRV,4,1,0.000732899,48,1
easy_021,Easy,OMP-BranchBoundMRV,4,2,0.000714064,48,1
easy_021,Easy,OMP-BranchBoundMRV,4,3,0.000720978,48,1
easy_021,Easy,OMP-BranchBoundMRV,4,4,0.000710964,48,1
easy_021,Easy,OMP-BranchBoundMRV,4,5,0.000717878,48,1
easy_021,Easy,OMP-BranchBoundMRV,8,1,0.000823975,48,1
easy_021,Easy,OMP-BranchBoundMRV,8,2,0.001569033,48,1
easy_021,Easy,OMP-BranchBoundMRV,8,3,0.000794888,48,1
easy_021,Easy,OMP-BranchBoundMRV,8,4,0.001483917,48,1
easy_021,Easy,OMP-BranchBoundMRV,8,5,0.000797033,48,1
easy_021,Easy,OMP-BranchBoundMRV,16,1,0.018939972,48,1
easy_021,Easy,OMP-BranchBoundMRV,16,2,0.021395922,48,1
easy_021,Easy,OMP-BranchBoundMRV,16,3,0.020168781,48,1
easy_021,Easy,OMP-BranchBoundMRV,16,4,0.022977114,48,1
easy_021,Easy,OMP-BranchBoundMRV,16,5,0.010558128,48,1
easy_022,Easy,Serial,1,1,0.000724375,1575,1
easy_022,Easy,Serial,1,2,0.000667584,1575,1
easy_022,Easy,Serial,1,3,0.000674750,1575,1
easy_022,Easy,Serial,1,4,0.000626000,1575,1
easy_022,Easy,Serial,1,5,0.000626334,1575,1
easy_022,Easy,Serial-MRV,1,1,0.000948792,79,1
easy_022,Easy,Serial-MRV,1,2,0.000863000,79,1
easy_022,Easy,Serial-MRV,1,3,0.000874666,79,1
easy_022,Easy,Serial-MRV,1,4,0.000827667,79,1
easy_022,Easy,Serial-MRV,1,5,0.000862083,79,1
easy_022,Easy,BranchBound,1,1,0.000757958,1575,1
easy_022,Easy,BranchBound,1,2,0.000671042,1575,1
easy_022,Easy,BranchBound,1,3,0.000684542,1575,1
easy_022,Easy,BranchBound,1,4,0.000670167,1575,1
easy_022,Easy,BranchBound,1,5,0.000631667,1575,1
easy_022,Easy,BranchBoundMRV,1,1,0.001103458,79,1
easy_022,Easy,BranchBoundMRV,1,2,0.001021292,79,1
easy_022,Easy,BranchBoundMRV,1,3,0.000962708,79,1
easy_022,Easy,BranchBoundMRV,1,4,0.000960125,79,1
easy_022,Easy,BranchBoundMRV,1,5,0.001240375,79,1
easy_022,Easy,OpenMP,4,1,0.001133919,79,1
easy_022,Easy,OpenMP,4,2,0.001055002,79,1
easy_022,Easy,OpenMP,4,3,0.001046896,79,1
easy_022,Easy,OpenMP,4,4,0.001188993,79,1
easy_022,Easy,OpenMP,4,5,0.001098871,79,1
easy_022,Easy,OpenMP,8,1,0.001092911,79,1
easy_022,Easy,OpenMP,8,2,0.001429081,79,1
easy_022,Easy,OpenMP,8,3,0.001379967,79,1
easy_022,Easy,OpenMP,8,4,0.001781940,79,1
easy_022,Easy,OpenMP,8,5,0.001055956,79,1
easy_022,Easy,OpenMP,16,1,0.027376890,79,1
easy_022,Easy,OpenMP,16,2,0.008056879,79,1
easy_022,Easy,OpenMP,16,3,0.011577129,79,1
easy_022,Easy,OpenMP,16,4,0.012238979,79,1
easy_022,Easy,OpenMP,16,5,0.030277014,79,1
easy_022,Easy,OMP-BranchBoundMRV,4,1,0.001155853,79,1
easy_022,Easy,OMP-BranchBoundMRV,4,2,0.001130819,79,1
easy_022,Easy,OMP-BranchBoundMRV,4,3,0.001152992,79,1
easy_022,Easy,OMP-BranchBoundMRV,4,4,0.001114130,79,1
easy_022,Easy,OMP-BranchBoundMRV,4,5,0.001114130,79,1
easy_022,Easy,OMP-BranchBoundMRV,8,1,0.001132965,79,1
easy_022,Easy,OMP-BranchBoundMRV,8,2,0.001112938,79,1
easy_022,Easy,OMP-BranchBoundMRV,8,3,0.002526045,79,1
easy_022,Easy,OMP-BranchBoundMRV,8,4,0.002549887,79,1
easy_022,Easy,OMP-BranchBoundMRV,8,5,0.001183033,79,1
easy_022,Easy,OMP-BranchBoundMRV,16,1,0.030395031,79,1
easy_022,Easy,OMP-BranchBoundMRV,16,2,0.026945114,79,1
easy_022,Easy,OMP-BranchBoundMRV,16,3,0.027797937,79,1
easy_022,Easy,OMP-BranchBoundMRV,16,4,0.007861137,79,1
easy_022,Easy,OMP-BranchBoundMRV,16,5,0.004923105,79,1
easy_023,Easy,Serial,1,1,0.001994083,5027,1
easy_023,Easy,Serial,1,2,0.002121042,5027,1
easy_023,Easy,Serial,1,3,0.002055084,5027,1
easy_023,Easy,Serial,1,4,0.002062125,5027,1
easy_023,Easy,Serial,1,5,0.002094625,5027,1
easy_023,Easy,Serial-MRV,1,1,0.000721959,55,1
easy_023,Easy,Serial-MRV,1,2,0.000771958,55,1
easy_023,Easy,Serial-MRV,1,3,0.000724708,55,1
easy_023,Easy,Serial-MRV,1,4,0.000690625,55,1
easy_023,Easy,Serial-MRV,1,5,0.000799167,55,1
easy_023,Easy,BranchBound,1,1,0.002096125,5027,1
easy_023,Easy,BranchBound,1,2,0.002086166,5027,1
easy_023,Easy,BranchBound,1,3,0.002088917,5027,1
easy_023,Easy,BranchBound,1,4,0.002096417,5027,1
easy_023,Easy,BranchBound,1,5,0.002028250,5027,1
easy_023,Easy,BranchBoundMRV,1,1,0.000793208,55,1
easy_023,Easy,BranchBoundMRV,1,2,0.000856333,55,1
easy_023,Easy,BranchBoundMRV,1,3,0.000883917,55,1
easy_023,Easy,BranchBoundMRV,1,4,0.000906875,55,1
easy_023,Easy,BranchBoundMRV,1,5,0.000809292,55,1
easy_023,Easy,OpenMP,4,1,0.000873089,55,1
easy_023,Easy,OpenMP,4,2,0.000885010,55,1
easy_023,Easy,OpenMP,4,3,0.000854969,55,1
easy_023,Easy,OpenMP,4,4,0.000898123,55,1
easy_023,Easy,OpenMP,4,5,0.000854969,55,1
easy_023,Easy,OpenMP,8,1,0.000872850,55,1
easy_023,Easy,OpenMP,8,2,0.001664877,55,1
easy_023,Easy,OpenMP,8,3,0.000869036,55,1
easy_023,Easy,OpenMP,8,4,0.000859022,55,1
easy_023,Easy,OpenMP,8,5,0.001852036,55,1
easy_023,Easy,OpenMP,16,1,0.044620991,55,1
easy_023,Easy,OpenMP,16,2,0.010341883,55,1
easy_023,Easy,OpenMP,16,3,0.021158934,55,1
easy_023,Easy,OpenMP,16,4,0.020359039,55,1
easy_023,Easy,OpenMP,16,5,0.016631126,55,1
easy_023,Easy,OMP-BranchBoundMRV,4,1,0.000957012,55,1
easy_023,Easy,OMP-BranchBoundMRV,4,2,0.000946999,55,1
easy_023,Easy,OMP-BranchBoundMRV,4,3,0.000941992,55,1
easy_023,Easy,OMP-BranchBoundMRV,4,4,0.000941038,55,1
easy_023,Easy,OMP-BranchBoundMRV,4,5,0.000944138,55,1
easy_023,Easy,OMP-BranchBoundMRV,8,1,0.000959158,55,1
easy_023,Easy,OMP-BranchBoundMRV,8,2,0.000967026,55,1
easy_023,Easy,OMP-BranchBoundMRV,8,3,0.000952959,55,1
easy_023,Easy,OMP-BranchBoundMRV,8,4,0.000962973,55,1
easy_023,Easy,OMP-BranchBoundMRV,8,5,0.001041174,55,1
easy_023,Easy,OMP-BranchBoundMRV,16,1,0.054915190,55,1
easy_023,Easy,OMP-BranchBoundMRV,16,2,0.009930134,55,1
easy_023,Easy,OMP-BranchBoundMRV,16,3,0.008475065,55,1
easy_023,Easy,OMP-BranchBoundMRV,16,4,0.010166168,55,1
easy_023,Easy,OMP-BranchBoundMRV,16,5,0.006469965,55,1
easy_024,Easy,Serial,1,1,0.007719083,16636,1
easy_024,Easy,Serial,1,2,0.007615250,16636,1
easy_024,Easy,Serial,1,3,0.007546834,16636,1
easy_024,Easy,Serial,1,4,0.007808292,16636,1
easy_024,Easy,Serial,1,5,0.007617792,16636,1
easy_024,Easy,Serial-MRV,1,1,0.001018000,67,1
easy_024,Easy,Serial-MRV,1,2,0.000932667,67,1
easy_024,Easy,Serial-MRV,1,3,0.000973625,67,1
easy_024,Easy,Serial-MRV,1,4,0.000945708,67,1
easy_024,Easy,Serial-MRV,1,5,0.000957084,67,1
easy_024,Easy,BranchBound,1,1,0.007738167,16636,1
easy_024,Easy,BranchBound,1,2,0.007284750,16636,1
easy_024,Easy,BranchBound,1,3,0.007280166,16636,1
easy_024,Easy,BranchBound,1,4,0.007309458,16636,1
easy_024,Easy,BranchBound,1,5,0.007300584,16636,1
easy_024,Easy,BranchBoundMRV,1,1,0.000994917,67,1
easy_024,Easy,BranchBoundMRV,1,2,0.000987209,67,1
easy_024,Easy,BranchBoundMRV,1,3,0.001001041,67,1
easy_024,Easy,BranchBoundMRV,1,4,0.001013583,67,1
easy_024,Easy,BranchBoundMRV,1,5,0.000989375,67,1
easy_024,Easy,OpenMP,4,1,0.001095057,67,1
easy_024,Easy,OpenMP,4,2,0.001073837,67,1
easy_024,Easy,OpenMP,4,3,0.001075983,67,1
easy_024,Easy,OpenMP,4,4,0.001070976,67,1
easy_024,Easy,OpenMP,4,5,0.001066923,67,1
easy_024,Easy,OpenMP,8,1,0.001093864,67,1
easy_024,Easy,OpenMP,8,2,0.002462864,67,1
easy_024,Easy,OpenMP,8,3,0.001060963,67,1
easy_024,Easy,OpenMP,8,4,0.001066923,67,1
easy_024,Easy,OpenMP,8,5,0.001082897,67,1
easy_024,Easy,OpenMP,16,1,0.131709099,67,1
easy_024,Easy,OpenMP,16,2,0.019437075,67,1
easy_024,Easy,OpenMP,16,3,0.012397051,67,1
easy_024,Easy,OpenMP,16,4,0.022713184,67,1
easy_024,Easy,OpenMP,16,5,0.012017965,67,1
easy_024,Easy,OMP-BranchBoundMRV,4,1,0.001194954,67,1
easy_024,Easy,OMP-BranchBoundMRV,4,2,0.001164198,67,1
easy_024,Easy,OMP-BranchBoundMRV,4,3,0.001163006,67,1
easy_024,Easy,OMP-BranchBoundMRV,4,4,0.001250982,67,1
easy_024,Easy,OMP-BranchBoundMRV,4,5,0.001181841,67,1
easy_024,Easy,OMP-BranchBoundMRV,8,1,0.001810074,67,1
easy_024,Easy,OMP-BranchBoundMRV,8,2,0.001209021,67,1
easy_024,Easy,OMP-BranchBoundMRV,8,3,0.001173973,67,1
easy_024,Easy,OMP-BranchBoundMRV,8,4,0.001327991,67,1
easy_024,Easy,OMP-BranchBoundMRV,8,5,0.001175880,67,1
easy_024,Easy,OMP-BranchBoundMRV,16,1,0.008606911,67,1
easy_024,Easy,OMP-BranchBoundMRV,16,2,0.025960207,67,1
easy_024,Easy,OMP-BranchBoundMRV,16,3,0.021116972,67,1
easy_024,Easy,OMP-BranchBoundMRV,16,4,0.020347118,67,1
easy_024,Easy,OMP-BranchBoundMRV,16,5,0.030255079,67,1
easy_025,Easy,Serial,1,1,0.005315125,11857,1
easy_025,Easy,Serial,1,2,0.005255875,11857,1
easy_025,Easy,Serial,1,3,0.005237959,11857,1
easy_025,Easy,Serial,1,4,0.005290625,11857,1
easy_025,Easy,Serial,1,5,0.005295917,11857,1
easy_025,Easy,Serial-MRV,1,1,0.001372292,88,1
easy_025,Easy,Serial-MRV,1,2,0.001381542,88,1
easy_025,Easy,Serial-MRV,1,3,0.001365250,88,1
easy_025,Easy,Serial-MRV,1,4,0.001363167,88,1
easy_025,Easy,Serial-MRV,1,5,0.001364500,88,1
easy_025,Easy,BranchBound,1,1,0.005289750,11857,1
easy_025,Easy,BranchBound,1,2,0.005274875,11857,1
easy_025,Easy,BranchBound,1,3,0.005272292,11857,1
easy_025,Easy,BranchBound,1,4,0.005347875,11857,1
easy_025,Easy,BranchBound,1,5,0.005273250,11857,1
easy_025,Easy,BranchBoundMRV,1,1,0.001480208,88,1
easy_025,Easy,BranchBoundMRV,1,2,0.001486083,88,1
easy_025,Easy,BranchBoundMRV,1,3,0.001498417,88,1
easy_025,Easy,BranchBoundMRV,1,4,0.001603792,88,1
easy_025,Easy,BranchBoundMRV,1,5,0.001527625,88,1
easy_025,Easy,OpenMP,4,1,0.001013041,88,1
easy_025,Easy,OpenMP,4,2,0.000990868,88,1
easy_025,Easy,OpenMP,4,3,0.000995874,88,1
easy_025,Easy,OpenMP,4,4,0.000989914,88,1
easy_025,Easy,OpenMP,4,5,0.000988960,88,1
easy_025,Easy,OpenMP,8,1,0.002306938,88,1
easy_025,Easy,OpenMP,8,2,0.001048088,85,1
easy_025,Easy,OpenMP,8,3,0.001106024,88,1
easy_025,Easy,OpenMP,8,4,0.001056910,85,1
easy_025,Easy,OpenMP,8,5,0.001033068,84,1
easy_025,Easy,OpenMP,16,1,0.020239115,88,1
easy_025,Easy,OpenMP,16,2,0.008744001,88,1
easy_025,Easy,OpenMP,16,3,0.054930925,88,1
easy_025,Easy,OpenMP,16,4,0.012606859,88,1
easy_025,Easy,OpenMP,16,5,0.010941029,86,1
easy_025,Easy,OMP-BranchBoundMRV,4,1,0.001538992,88,1
easy_025,Easy,OMP-BranchBoundMRV,4,2,0.001224995,88,1
easy_025,Easy,OMP-BranchBoundMRV,4,3,0.001157999,88,1
easy_025,Easy,OMP-BranchBoundMRV,4,4,0.001146078,88,1
easy_025,Easy,OMP-BranchBoundMRV,4,5,0.001267195,88,1
easy_025,Easy,OMP-BranchBoundMRV,8,1,0.002583981,88,1
easy_025,Easy,OMP-BranchBoundMRV,8,2,0.002357006,88,1
easy_025,Easy,OMP-BranchBoundMRV,8,3,0.002343893,88,1
easy_025,Easy,OMP-BranchBoundMRV,8,4,0.002665997,88,1
easy_025,Easy,OMP-BranchBoundMRV,8,5,0.002462864,88,1
easy_025,Easy,OMP-BranchBoundMRV,16,1,0.013151884,88,1
easy_025,Easy,OMP-BranchBoundMRV,16,2,0.007097006,88,1
easy_025,Easy,OMP-BranchBoundMRV,16,3,0.010152102,88,1
easy_025,Easy,OMP-BranchBoundMRV,16,4,0.013548136,84,1
easy_025,Easy,OMP-BranchBoundMRV,16,5,0.012906075,88,1
easy_026,Easy,Serial,1,1,0.000643209,1601,1
easy_026,Easy,Serial,1,2,0.000620917,1601,1
easy_026,Easy,Serial,1,3,0.000617417,1601,1
easy_026,Easy,Serial,1,4,0.000650667,1601,1
easy_026,Easy,Serial,1,5,0.000620375,1601,1
easy_026,Easy,Serial-MRV,1,1,0.000780000,56,1
easy_026,Easy,Serial-MRV,1,2,0.000778667,56,1
easy_026,Easy,Serial-MRV,1,3,0.000776333,56,1
easy_026,Easy,Serial-MRV,1,4,0.000805750,56,1
easy_026,Easy,Serial-MRV,1,5,0.000775667,56,1
easy_026,Easy,BranchBound,1,1,0.000625375,1601,1
easy_026,Easy,BranchBound,1,2,0.000621375,1601,1
easy_026,Easy,BranchBound,1,3,0.000623958,1601,1
easy_026,Easy,BranchBound,1,4,0.000621084,1601,1
easy_026,Easy,BranchBound,1,5,0.000621000,1601,1
easy_026,Easy,BranchBoundMRV,1,1,0.000891042,56,1
easy_026,Easy,BranchBoundMRV,1,2,0.000962708,56,1
easy_026,Easy,BranchBoundMRV,1,3,0.000916750,56,1
easy_026,Easy,BranchBoundMRV,1,4,0.000883250,56,1
easy_026,Easy,BranchBoundMRV,1,5,0.000886500,56,1
easy_026,Easy,OpenMP,4,1,0.001011848,56,1
easy_026,Easy,OpenMP,4,2,0.000962973,56,1
easy_026,Easy,OpenMP,4,3,0.000957012,56,1
easy_026,Easy,OpenMP,4,4,0.000956059,56,1
easy_026,Easy,OpenMP,4,5,0.000957966,56,1
easy_026,Easy,OpenMP,8,1,0.000978947,56,1
easy_026,Easy,OpenMP,8,2,0.000968218,56,1
easy_026,Easy,OpenMP,8,3,0.003704071,56,1
easy_026,Easy,OpenMP,8,4,0.000962973,56,1
easy_026,Easy,OpenMP,8,5,0.000953197,56,1
easy_026,Easy,OpenMP,16,1,0.029424906,56,1
easy_026,Easy,OpenMP,16,2,0.042172194,56,1
easy_026,Easy,OpenMP,16,3,0.032907009,56,1
easy_026,Easy,OpenMP,16,4,0.020915985,56,1
easy_026,Easy,OpenMP,16,5,0.008118868,56,1
easy_026,Easy,OMP-BranchBoundMRV,4,1,0.001090050,56,1
easy_026,Easy,OMP-BranchBoundMRV,4,2,0.001060009,56,1
easy_026,Easy,OMP-BranchBoundMRV,4,3,0.001122952,56,1
easy_026,Easy,OMP-BranchBoundMRV,4,4,0.001123905,56,1
easy_026,Easy,OMP-BranchBoundMRV,4,5,0.001075983,56,1
easy_026,Easy,OMP-BranchBoundMRV,8,1,0.001255989,56,1
easy_026,Easy,OMP-BranchBoundMRV,8,2,0.001060009,56,1
easy_026,Easy,OMP-BranchBoundMRV,8,3,0.001145840,56,1
easy_026,Easy,OMP-BranchBoundMRV,8,4,0.001178026,56,1
easy_026,Easy,OMP-BranchBoundMRV,8,5,0.001145124,56,1
easy_026,Easy,OMP-BranchBoundMRV,16,1,0.009459019,56,1
easy_026,Easy,OMP-BranchBoundMRV,16,2,0.010005951,56,1
easy_026,Easy,OMP-BranchBoundMRV,16,3,0.008198023,56,1
easy_026,Easy,OMP-BranchBoundMRV,16,4,0.009100914,56,1
easy_026,Easy,OMP-BranchBoundMRV,16,5,0.006699085,56,1
easy_027,Easy,Serial,1,1,0.000711834,1685,1
easy_027,Easy,Serial,1,2,0.000677625,1685,1
easy_027,Easy,Serial,1,3,0.000636125,1685,1
easy_027,Easy,Serial,1,4,0.000631333,1685,1
easy_027,Easy,Serial,1,5,0.000634042,1685,1
easy_027,Easy,Serial-MRV,1,1,0.000754584,53,1
easy_027,Easy,Serial-MRV,1,2,0.000654459,53,1
easy_027,Easy,Serial-MRV,1,3,0.000720125,53,1
easy_027,Easy,Serial-MRV,1,4,0.000649625,53,1
easy_027,Easy,Serial-MRV,1,5,0.000650792,53,1
easy_027,Easy,BranchBound,1,1,0.000685708,1685,1
easy_027,Easy,BranchBound,1,2,0.000747166,1685,1
easy_027,Easy,BranchBound,1,3,0.000647334,1685,1
easy_027,Easy,BranchBound,1,4,0.000702375,1685,1
easy_027,Easy,BranchBound,1,5,0.000661458,1685,1
easy_027,Easy,BranchBoundMRV,1,1,0.000825000,53,1
easy_027,Easy,BranchBoundMRV,1,2,0.000762750,53,1
easy_027,Easy,BranchBoundMRV,1,3,0.000762333,53,1
easy_027,Easy,BranchBoundMRV,1,4,0.000728417,53,1
easy_027,Easy,BranchBoundMRV,1,5,0.000728292,53,1
easy_027,Easy,OpenMP,4,1,0.000809908,53,1
easy_027,Easy,OpenMP,4,2,0.000796080,53,1
easy_027,Easy,OpenMP,4,3,0.000941038,53,1
easy_027,Easy,OpenMP,4,4,0.000829935,53,1
easy_027,Easy,OpenMP,4,5,0.000800133,53,1
easy_027,Easy,OpenMP,8,1,0.000808001,53,1
easy_027,Easy,OpenMP,8,2,0.000805140,53,1
easy_027,Easy,OpenMP,8,3,0.000838041,53,1
easy_027,Easy,OpenMP,8,4,0.000846148,53,1
easy_027,Easy,OpenMP,8,5,0.000795126,53,1
easy_027,Easy,OpenMP,16,1,0.019711018,53,1
easy_027,Easy,OpenMP,16,2,0.034785032,53,1
easy_027,Easy,OpenMP,16,3,0.036159992,53,1
easy_027,Easy,OpenMP,16,4,0.022344112,53,1
easy_027,Easy,OpenMP,16,5,0.025755167,53,1
easy_027,Easy,OMP-BranchBoundMRV,4,1,0.000888824,53,1
easy_027,Easy,OMP-BranchBoundMRV,4,2,0.000938892,53,1
easy_027,Easy,OMP-BranchBoundMRV,4,3,0.000880957,53,1
easy_027,Easy,OMP-BranchBoundMRV,4,4,0.000885010,53,1
easy_027,Easy,OMP-BranchBoundMRV,4,5,0.000918865,53,1
easy_027,Easy,OMP-BranchBoundMRV,8,1,0.001580000,53,1
easy_027,Easy,OMP-BranchBoundMRV,8,2,0.000937939,53,1
easy_027,Easy,OMP-BranchBoundMRV,8,3,0.001091003,53,1
easy_027,Easy,OMP-BranchBoundMRV,8,4,0.000895977,53,1
easy_027,Easy,OMP-BranchBoundMRV,8,5,0.000885010,53,1
easy_027,Easy,OMP-BranchBoundMRV,16,1,0.020614862,53,1
easy_027,Easy,OMP-BranchBoundMRV,16,2,0.007272005,53,1
easy_027,Easy,OMP-BranchBoundMRV,16,3,0.020406961,53,1
easy_027,Easy,OMP-BranchBoundMRV,16,4,0.013771057,53,1
easy_027,Easy,OMP-BranchBoundMRV,16,5,0.006586075,53,1
easy_028,Easy,Serial,1,1,0.000167417,371,1
easy_028,Easy,Serial,1,2,0.000156833,371,1
easy_028,Easy,Serial,1,3,0.000139416,371,1
easy_028,Easy,Serial,1,4,0.000139291,371,1
easy_028,Easy,Serial,1,5,0.000188041,371,1
easy_028,Easy,Serial-MRV,1,1,0.001056667,69,1
easy_028,Easy,Serial-MRV,1,2,0.001022041,69,1
easy_028,Easy,Serial-MRV,1,3,0.000952459,69,1
easy_028,Easy,Serial-MRV,1,4,0.000967500,69,1
easy_028,Easy,Serial-MRV,1,5,0.001068208,69,1
easy_028,Easy,BranchBound,1,1,0.000145459,371,1
easy_028,Easy,BranchBound,1,2,0.000141041,371,1
easy_028,Easy,BranchBound,1,3,0.000140459,371,1
easy_028,Easy,BranchBound,1,4,0.000175083,371,1
easy_028,Easy,BranchBound,1,5,0.000140709,371,1
easy_028,Easy,BranchBoundMRV,1,1,0.001114667,69,1
easy_028,Easy,BranchBoundMRV,1,2,0.001122459,69,1
easy_028,Easy,BranchBoundMRV,1,3,0.001172708,69,1
easy_028,Easy,BranchBoundMRV,1,4,0.001022167,69,1
easy_028,Easy,BranchBoundMRV,1,5,0.001066750,69,1
easy_028,Easy,OpenMP,4,1,0.001121044,76,1
easy_028,Easy,OpenMP,4,2,0.001109123,76,1
easy_028,Easy,OpenMP,4,3,0.001101017,76,1
easy_028,Easy,OpenMP,4,4,0.001101971,76,1
easy_028,Easy,OpenMP,4,5,0.001111984,76,1
easy_028,Easy,OpenMP,8,1,0.002550840,76,1
easy_028,Easy,OpenMP,8,2,0.002655983,76,1
easy_028,Easy,OpenMP,8,3,0.001108170,76,1
easy_028,Easy,OpenMP,8,4,0.001151085,76,1
easy_028,Easy,OpenMP,8,5,0.002146959,76,1
easy_028,Easy,OpenMP,16,1,0.022917032,76,1
easy_028,Easy,OpenMP,16,2,0.037025928,76,1
easy_028,Easy,OpenMP,16,3,0.030431032,76,1
easy_028,Easy,OpenMP,16,4,0.040444136,76,1
easy_028,Easy,OpenMP,16,5,0.009311199,75,1
easy_028,Easy,OMP-BranchBoundMRV,4,1,0.001236916,76,1
easy_028,Easy,OMP-BranchBoundMRV,4,2,0.001190901,76,1
easy_028,Easy,OMP-BranchBoundMRV,4,3,0.001384974,76,1
easy_028,Easy,OMP-BranchBoundMRV,4,4,0.001220942,76,1
easy_028,Easy,OMP-BranchBoundMRV,4,5,0.001184940,76,1
easy_028,Easy,OMP-BranchBoundMRV,8,1,0.001245022,76,1
easy_028,Easy,OMP-BranchBoundMRV,8,2,0.001713037,76,1
easy_028,Easy,OMP-BranchBoundMRV,8,3,0.001195192,76,1
easy_028,Easy,OMP-BranchBoundMRV,8,4,0.002940893,76,1
easy_028,Easy,OMP-BranchBoundMRV,8,5,0.001195908,76,1
easy_028,Easy,OMP-BranchBoundMRV,16,1,0.010025978,76,1
easy_028,Easy,OMP-BranchBoundMRV,16,2,0.015780210,76,1
easy_028,Easy,OMP-BranchBoundMRV,16,3,0.012269020,76,1
easy_028,Easy,OMP-BranchBoundMRV,16,4,0.006601810,70,1
easy_028,Easy,OMP-BranchBoundMRV,16,5,0.012356043,76,1
easy_029,Easy,Serial,1,1,0.000428000,946,1
easy_029,Easy,Serial,1,2,0.000412834,946,1
easy_029,Easy,Serial,1,3,0.000411625,946,1
easy_029,Easy,Serial,1,4,0.000411459,946,1
easy_029,Easy,Serial,1,5,0.000414750,946,1
easy_029,Easy,Serial-MRV,1,1,0.000663000,61,1
easy_029,Easy,Serial-MRV,1,2,0.000685792,61,1
easy_029,Easy,Serial-MRV,1,3,0.000658666,61,1
easy_029,Easy,Serial-MRV,1,4,0.000692167,61,1
easy_029,Easy,Serial-MRV,1,5,0.000661541,61,1
easy_029,Easy,BranchBound,1,1,0.000443875,946,1
easy_029,Easy,BranchBound,1,2,0.000465083,946,1
easy_029,Easy,BranchBound,1,3,0.000439916,946,1
easy_029,Easy,BranchBound,1,4,0.000413417,946,1
easy_029,Easy,BranchBound,1,5,0.000413625,946,1
easy_029,Easy,BranchBoundMRV,1,1,0.000760083,61,1
easy_029,Easy,BranchBoundMRV,1,2,0.000756000,61,1
easy_029,Easy,BranchBoundMRV,1,3,0.000754542,61,1
easy_029,Easy,BranchBoundMRV,1,4,0.000754333,61,1
easy_029,Easy,BranchBoundMRV,1,5,0.000809417,61,1
easy_029,Easy,OpenMP,4,1,0.000864029,61,1
easy_029,Easy,OpenMP,4,2,0.000818014,61,1
easy_029,Easy,OpenMP,4,3,0.000814915,61,1
easy_029,Easy,OpenMP,4,4,0.000813007,61,1
easy_029,Easy,OpenMP,4,5,0.000808954,61,1
easy_029,Easy,OpenMP,8,1,0.000818014,61,1
easy_029,Easy,OpenMP,8,2,0.000827074,61,1
easy_029,Easy,OpenMP,8,3,0.001852036,61,1
easy_029,Easy,OpenMP,8,4,0.000827074,61,1
easy_029,Easy,OpenMP,8,5,0.000823021,61,1
easy_029,Easy,OpenMP,16,1,0.020002127,61,1
easy_029,Easy,OpenMP,16,2,0.050664902,61,1
easy_029,Easy,OpenMP,16,3,0.052238941,61,1
easy_029,Easy,OpenMP,16,4,0.015493870,61,1
easy_029,Easy,OpenMP,16,5,0.012840986,61,1
easy_029,Easy,OMP-BranchBoundMRV,4,1,0.003831148,61,1
easy_029,Easy,OMP-BranchBoundMRV,4,2,0.003607035,61,1
easy_029,Easy,OMP-BranchBoundMRV,4,3,0.001037121,61,1
easy_029,Easy,OMP-BranchBoundMRV,4,4,0.001734972,61,1
easy_029,Easy,OMP-BranchBoundMRV,4,5,0.001268148,61,1
easy_029,Easy,OMP-BranchBoundMRV,8,1,0.011032104,61,1
easy_029,Easy,OMP-BranchBoundMRV,8,2,0.005477905,61,1
easy_029,Easy,OMP-BranchBoundMRV,8,3,0.001711130,61,1
easy_029,Easy,OMP-BranchBoundMRV,8,4,0.001758099,61,1
easy_029,Easy,OMP-BranchBoundMRV,8,5,0.001918077,61,1
easy_029,Easy,OMP-BranchBoundMRV,16,1,0.017829895,61,1
easy_029,Easy,OMP-BranchBoundMRV,16,2,0.004014015,61,1
easy_029,Easy,OMP-BranchBoundMRV,16,3,0.007964134,61,1
easy_029,Easy,OMP-BranchBoundMRV,16,4,0.013221979,61,1
easy_029,Easy,OMP-BranchBoundMRV,16,5,0.024044037,61,1
easy_030,Easy,Serial,1,1,0.000188333,465,1
easy_030,Easy,Serial,1,2,0.000187583,465,1
easy_030,Easy,Serial,1,3,0.000182083,465,1
easy_030,Easy,Serial,1,4,0.000182000,465,1
easy_030,Easy,Serial,1,5,0.000181875,465,1
easy_030,Easy,Serial-MRV,1,1,0.000558334,49,1
easy_030,Easy,Serial-MRV,1,2,0.000555542,49,1
easy_030,Easy,Serial-MRV,1,3,0.000551958,49,1
easy_030,Easy,Serial-MRV,1,4,0.000551875,49,1
easy_030,Easy,Serial-MRV,1,5,0.000551417,49,1
easy_030,Easy,BranchBound,1,1,0.000191458,465,1
easy_030,Easy,BranchBound,1,2,0.000183417,465,1
easy_030,Easy,BranchBound,1,3,0.000183458,465,1
easy_030,Easy,BranchBound,1,4,0.000186167,465,1
easy_030,Easy,BranchBound,1,5,0.000201000,465,1
easy_030,Easy,BranchBoundMRV,1,1,0.000618083,49,1
easy_030,Easy,BranchBoundMRV,1,2,0.000614875,49,1
easy_030,Easy,BranchBoundMRV,1,3,0.000597833,49,1
easy_030,Easy,BranchBoundMRV,1,4,0.000596250,49,1
easy_030,Easy,BranchBoundMRV,1,5,0.000592375,49,1
easy_030,Easy,OpenMP,4,1,0.000667810,49,1
easy_030,Easy,OpenMP,4,2,0.000649929,49,1
easy_030,Easy,OpenMP,4,3,0.000653028,49,1
easy_030,Easy,OpenMP,4,4,0.000647068,49,1
easy_030,Easy,OpenMP,4,5,0.000648975,49,1
easy_030,Easy,OpenMP,8,1,0.000666857,49,1
easy_030,Easy,OpenMP,8,2,0.001634836,49,1
easy_030,Easy,OpenMP,8,3,0.000713825,49,1
easy_030,Easy,OpenMP,8,4,0.000669956,49,1
easy_030,Easy,OpenMP,8,5,0.001497984,49,1
easy_030,Easy,OpenMP,16,1,0.019402027,49,1
easy_030,Easy,OpenMP,16,2,0.035278082,49,1
easy_030,Easy,OpenMP,16,3,0.036994934,49,1
easy_030,Easy,OpenMP,16,4,0.022436142,49,1
easy_030,Easy,OpenMP,16,5,0.014312983,49,1
easy_030,Easy,OMP-BranchBoundMRV,4,1,0.000827074,49,1
easy_030,Easy,OMP-BranchBoundMRV,4,2,0.000837088,49,1
easy_030,Easy,OMP-BranchBoundMRV,4,3,0.000819921,49,1
easy_030,Easy,OMP-BranchBoundMRV,4,4,0.000756979,49,1
easy_030,Easy,OMP-BranchBoundMRV,4,5,0.000734806,49,1
easy_030,Easy,OMP-BranchBoundMRV,8,1,0.010359049,49,1
easy_030,Easy,OMP-BranchBoundMRV,8,2,0.000738144,49,1
easy_030,Easy,OMP-BranchBoundMRV,8,3,0.010444880,49,1
easy_030,Easy,OMP-BranchBoundMRV,8,4,0.001179934,49,1
easy_030,Easy,OMP-BranchBoundMRV,8,5,0.010576010,49,1
easy_030,Easy,OMP-BranchBoundMRV,16,1,0.022204876,49,1
easy_030,Easy,OMP-BranchBoundMRV,16,2,0.017771959,49,1
easy_030,Easy,OMP-BranchBoundMRV,16,3,0.042301178,49,1
easy_030,Easy,OMP-BranchBoundMRV,16,4,0.024090052,49,1
easy_030,Easy,OMP-BranchBoundMRV,16,5,0.030092001,49,1
easy_031,Easy,Serial,1,1,0.000069542,68,1
easy_031,Easy,Serial,1,2,0.000028000,68,1
easy_031,Easy,Serial,1,3,0.000022916,68,1
easy_031,Easy,Serial,1,4,0.000022792,68,1
easy_031,Easy,Serial,1,5,0.000022750,68,1
easy_031,Easy,Serial-MRV,1,1,0.000458834,45,1
easy_031,Easy,Serial-MRV,1,2,0.000449042,45,1
easy_031,Easy,Serial-MRV,1,3,0.000447708,45,1
easy_031,Easy,Serial-MRV,1,4,0.000447834,45,1
easy_031,Easy,Serial-MRV,1,5,0.000457625,45,1
easy_031,Easy,BranchBound,1,1,0.000125916,68,1
easy_031,Easy,BranchBound,1,2,0.000025125,68,1
easy_031,Easy,BranchBound,1,3,0.000023500,68,1
easy_031,Easy,BranchBound,1,4,0.000025416,68,1
easy_031,Easy,BranchBound,1,5,0.000031292,68,1
easy_031,Easy,BranchBoundMRV,1,1,0.000539583,45,1
easy_031,Easy,BranchBoundMRV,1,2,0.000492625,45,1
easy_031,Easy,BranchBoundMRV,1,3,0.000491500,45,1
easy_031,Easy,BranchBoundMRV,1,4,0.000494416,45,1
easy_031,Easy,BranchBoundMRV,1,5,0.000491208,45,1
easy_031,Easy,OpenMP,4,1,0.000560999,45,1
easy_031,Easy,OpenMP,4,2,0.000543833,45,1
easy_031,Easy,OpenMP,4,3,0.000535965,45,1
easy_031,Easy,OpenMP,4,4,0.000540018,45,1
easy_031,Easy,OpenMP,4,5,0.000542164,45,1
easy_031,Easy,OpenMP,8,1,0.000551224,45,1
easy_031,Easy,OpenMP,8,2,0.001219988,45,1
easy_031,Easy,OpenMP,8,3,0.000575066,45,1
easy_031,Easy,OpenMP,8,4,0.001227140,45,1
easy_031,Easy,OpenMP,8,5,0.000547171,45,1
easy_031,Easy,OpenMP,16,1,0.021505117,45,1
easy_031,Easy,OpenMP,16,2,0.012537003,45,1
easy_031,Easy,OpenMP,16,3,0.007132053,45,1
easy_031,Easy,OpenMP,16,4,0.003738165,45,1
easy_031,Easy,OpenMP,16,5,0.008409023,45,1
easy_031,Easy,OMP-BranchBoundMRV,4,1,0.000666857,45,1
easy_031,Easy,OMP-BranchBoundMRV,4,2,0.000628948,45,1
easy_031,Easy,OMP-BranchBoundMRV,4,3,0.000612020,45,1
easy_031,Easy,OMP-BranchBoundMRV,4,4,0.000609875,45,1
easy_031,Easy,OMP-BranchBoundMRV,4,5,0.000651836,45,1
easy_031,Easy,OMP-BranchBoundMRV,8,1,0.001527071,45,1
easy_031,Easy,OMP-BranchBoundMRV,8,2,0.001504183,45,1
easy_031,Easy,OMP-BranchBoundMRV,8,3,0.000771046,45,1
easy_031,Easy,OMP-BranchBoundMRV,8,4,0.000800133,45,1
easy_031,Easy,OMP-BranchBoundMRV,8,5,0.000654936,45,1
easy_031,Easy,OMP-BranchBoundMRV,16,1,0.024966002,45,1
easy_031,Easy,OMP-BranchBoundMRV,16,2,0.004212856,45,1
easy_031,Easy,OMP-BranchBoundMRV,16,3,0.008388042,45,1
easy_031,Easy,OMP-BranchBoundMRV,16,4,0.014556885,45,1
easy_031,Easy,OMP-BranchBoundMRV,16,5,0.020446062,45,1
easy_032,Easy,Serial,1,1,0.000822167,1952,1
easy_032,Easy,Serial,1,2,0.000814250,1952,1
easy_032,Easy,Serial,1,3,0.000811625,1952,1
easy_032,Easy,Serial,1,4,0.000850459,1952,1
easy_032,Easy,Serial,1,5,0.000828791,1952,1
easy_032,Easy,Serial-MRV,1,1,0.000722250,59,1
easy_032,Easy,Serial-MRV,1,2,0.000786709,59,1
easy_032,Easy,Serial-MRV,1,3,0.000730000,59,1
easy_032,Easy,Serial-MRV,1,4,0.000714625,59,1
easy_032,Easy,Serial-MRV,1,5,0.000703833,59,1
easy_032,Easy,BranchBound,1,1,0.000820292,1952,1
easy_032,Easy,BranchBound,1,2,0.000828708,1952,1
easy_032,Easy,BranchBound,1,3,0.000813250,1952,1
easy_032,Easy,BranchBound,1,4,0.000813500,1952,1
easy_032,Easy,BranchBound,1,5,0.000816458,1952,1
easy_032,Easy,BranchBoundMRV,1,1,0.000783667,59,1
easy_032,Easy,BranchBoundMRV,1,2,0.000780916,59,1
easy_032,Easy,BranchBoundMRV,1,3,0.000781083,59,1
easy_032,Easy,BranchBoundMRV,1,4,0.000796250,59,1
easy_032,Easy,BranchBoundMRV,1,5,0.000779042,59,1
easy_032,Easy,OpenMP,4,1,0.000862122,59,1
easy_032,Easy,OpenMP,4,2,0.000844955,59,1
easy_032,Easy,OpenMP,4,3,0.000840902,59,1
easy_032,Easy,OpenMP,4,4,0.000837803,59,1
easy_032,Easy,OpenMP,4,5,0.000836849,59,1
easy_032,Easy,OpenMP,8,1,0.000866890,59,1
easy_032,Easy,OpenMP,8,2,0.000903130,59,1
easy_032,Easy,OpenMP,8,3,0.001152992,59,1
easy_032,Easy,OpenMP,8,4,0.001976967,59,1
easy_032,Easy,OpenMP,8,5,0.000857830,59,1
easy_032,Easy,OpenMP,16,1,0.014910936,59,1
easy_032,Easy,OpenMP,16,2,0.014652967,59,1
easy_032,Easy,OpenMP,16,3,0.046696901,59,1
easy_032,Easy,OpenMP,16,4,0.028041840,59,1
easy_032,Easy,OpenMP,16,5,0.026340008,59,1
easy_032,Easy,OMP-BranchBoundMRV,4,1,0.001026154,59,1
easy_032,Easy,OMP-BranchBoundMRV,4,2,0.000976086,59,1
easy_032,Easy,OMP-BranchBoundMRV,4,3,0.000949144,59,1
easy_032,Easy,OMP-BranchBoundMRV,4,4,0.000935078,59,1
easy_032,Easy,OMP-BranchBoundMRV,4,5,0.000935078,59,1
easy_032,Easy,OMP-BranchBoundMRV,8,1,0.001374006,59,1
easy_032,Easy,OMP-BranchBoundMRV,8,2,0.001871109,59,1
easy_032,Easy,OMP-BranchBoundMRV,8,3,0.001132011,59,1
easy_032,Easy,OMP-BranchBoundMRV,8,4,0.001259089,59,1
easy_032,Easy,OMP-BranchBoundMRV,8,5,0.000938177,59,1
easy_032,Easy,OMP-BranchBoundMRV,16,1,0.018890858,59,1
easy_032,Easy,OMP-BranchBoundMRV,16,2,0.008085966,59,1
easy_032,Easy,OMP-BranchBoundMRV,16,3,0.006751060,59,1
easy_032,Easy,OMP-BranchBoundMRV,16,4,0.012420893,59,1
easy_032,Easy,OMP-BranchBoundMRV,16,5,0.013123989,59,1
easy_033,Easy,Serial,1,1,0.000222583,521,1
easy_033,Easy,Serial,1,2,0.000200792,521,1
easy_033,Easy,Serial,1,3,0.000196500,521,1
easy_033,Easy,Serial,1,4,0.000195958,521,1
easy_033,Easy,Serial,1,5,0.000195542,521,1
easy_033,Easy,Serial-MRV,1,1,0.000694292,53,1
easy_033,Easy,Serial-MRV,1,2,0.000794167,53,1
easy_033,Easy,Serial-MRV,1,3,0.000768542,53,1
easy_033,Easy,Serial-MRV,1,4,0.000753792,53,1
easy_033,Easy,Serial-MRV,1,5,0.000738250,53,1
easy_033,Easy,BranchBound,1,1,0.000204459,521,1
easy_033,Easy,BranchBound,1,2,0.000196834,521,1
easy_033,Easy,BranchBound,1,3,0.000196541,521,1
easy_033,Easy,BranchBound,1,4,0.000196333,521,1
easy_033,Easy,BranchBound,1,5,0.000196417,521,1
easy_033,Easy,BranchBoundMRV,1,1,0.000827167,53,1
easy_033,Easy,BranchBoundMRV,1,2,0.000726500,53,1
easy_033,Easy,BranchBoundMRV,1,3,0.000776542,53,1
easy_033,Easy,BranchBoundMRV,1,4,0.000724583,53,1
easy_033,Easy,BranchBoundMRV,1,5,0.000721125,53,1
easy_033,Easy,OpenMP,4,1,0.000810146,53,1
easy_033,Easy,OpenMP,4,2,0.000849962,53,1
easy_033,Easy,OpenMP,4,3,0.000864029,53,1
easy_033,Easy,OpenMP,4,4,0.000788927,53,1
easy_033,Easy,OpenMP,4,5,0.000780821,53,1
easy_033,Easy,OpenMP,8,1,0.001882076,53,1
easy_033,Easy,OpenMP,8,2,0.005062819,53,1
easy_033,Easy,OpenMP,8,3,0.001268864,53,1
easy_033,Easy,OpenMP,8,4,0.001791000,53,1
easy_033,Easy,OpenMP,8,5,0.001754999,53,1
easy_033,Easy,OpenMP,16,1,0.045192957,53,1
easy_033,Easy,OpenMP,16,2,0.026936054,53,1
easy_033,Easy,OpenMP,16,3,0.041924953,53,1
easy_033,Easy,OpenMP,16,4,0.016251802,53,1
easy_033,Easy,OpenMP,16,5,0.005300999,53,1
easy_033,Easy,OMP-BranchBoundMRV,4,1,0.000894070,53,1
easy_033,Easy,OMP-BranchBoundMRV,4,2,0.000874043,53,1
easy_033,Easy,OMP-BranchBoundMRV,4,3,0.000882864,53,1
easy_033,Easy,OMP-BranchBoundMRV,4,4,0.000994921,53,1
easy_033,Easy,OMP-BranchBoundMRV,4,5,0.000909090,53,1
easy_033,Easy,OMP-BranchBoundMRV,8,1,0.000890017,53,1
easy_033,Easy,OMP-BranchBoundMRV,8,2,0.000874996,53,1
easy_033,Easy,OMP-BranchBoundMRV,8,3,0.001654863,53,1
easy_033,Easy,OMP-BranchBoundMRV,8,4,0.000994921,53,1
easy_033,Easy,OMP-BranchBoundMRV,8,5,0.002050161,53,1
easy_033,Easy,OMP-BranchBoundMRV,16,1,0.005836010,53,1
easy_033,Easy,OMP-BranchBoundMRV,16,2,0.018871069,53,1
easy_033,Easy,OMP-BranchBoundMRV,16,3,0.004972935,53,1
easy_033,Easy,OMP-BranchBoundMRV,16,4,0.011461020,53,1
easy_033,Easy,OMP-BranchBoundMRV,16,5,0.011702061,53,1
easy_034,Easy,Serial,1,1,0.000154583,373,1
easy_034,Easy,Serial,1,2,0.000184917,373,1
easy_034,Easy,Serial,1,3,0.000146291,373,1
easy_034,Easy,Serial,1,4,0.000145958,373,1
easy_034,Easy,Serial,1,5,0.000146167,373,1
easy_034,Easy,Serial-MRV,1,1,0.000421375,44,1
easy_034,Easy,Serial-MRV,1,2,0.000410292,44,1
easy_034,Easy,Serial-MRV,1,3,0.000409042,44,1
easy_034,Easy,Serial-MRV,1,4,0.000424542,44,1
easy_034,Easy,Serial-MRV,1,5,0.000535750,44,1
easy_034,Easy,BranchBound,1,1,0.000173375,373,1
easy_034,Easy,BranchBound,1,2,0.000147458,373,1
easy_034,Easy,BranchBound,1,3,0.000147083,373,1
easy_034,Easy,BranchBound,1,4,0.000156416,373,1
easy_034,Easy,BranchBound,1,5,0.000156500,373,1
easy_034,Easy,BranchBoundMRV,1,1,0.000529125,44,1
easy_034,Easy,BranchBoundMRV,1,2,0.000537084,44,1
easy_034,Easy,BranchBoundMRV,1,3,0.000527875,44,1
easy_034,Easy,BranchBoundMRV,1,4,0.000576167,44,1
easy_034,Easy,BranchBoundMRV,1,5,0.000490875,44,1
easy_034,Easy,OpenMP,4,1,0.000582933,44,1
easy_034,Easy,OpenMP,4,2,0.000545025,44,1
easy_034,Easy,OpenMP,4,3,0.000537872,44,1
easy_034,Easy,OpenMP,4,4,0.000526905,44,1
easy_034,Easy,OpenMP,4,5,0.000525951,44,1
easy_034,Easy,OpenMP,8,1,0.000771046,44,1
easy_034,Easy,OpenMP,8,2,0.001180172,44,1
easy_034,Easy,OpenMP,8,3,0.001345158,44,1
easy_034,Easy,OpenMP,8,4,0.001092911,44,1
easy_034,Easy,OpenMP,8,5,0.001213074,44,1
easy_034,Easy,OpenMP,16,1,0.016998053,44,1
easy_034,Easy,OpenMP,16,2,0.047407866,44,1
easy_034,Easy,OpenMP,16,3,0.030857086,44,1
easy_034,Easy,OpenMP,16,4,0.041078091,44,1
easy_034,Easy,OpenMP,16,5,0.015732050,44,1
easy_034,Easy,OMP-BranchBoundMRV,4,1,0.000626087,44,1
easy_034,Easy,OMP-BranchBoundMRV,4,2,0.000608921,44,1
easy_034,Easy,OMP-BranchBoundMRV,4,3,0.000669003,44,1
easy_034,Easy,OMP-BranchBoundMRV,4,4,0.000598907,44,1
easy_034,Easy,OMP-BranchBoundMRV,4,5,0.000613213,44,1
easy_034,Easy,OMP-BranchBoundMRV,8,1,0.001256943,44,1
easy_034,Easy,OMP-BranchBoundMRV,8,2,0.000647783,44,1
easy_034,Easy,OMP-BranchBoundMRV,8,3,0.001881838,44,1
easy_034,Easy,OMP-BranchBoundMRV,8,4,0.001302004,44,1
easy_034,Easy,OMP-BranchBoundMRV,8,5,0.001250982,44,1
easy_034,Easy,OMP-BranchBoundMRV,16,1,0.010535955,44,1
easy_034,Easy,OMP-BranchBoundMRV,16,2,0.008356094,44,1
easy_034,Easy,OMP-BranchBoundMRV,16,3,0.012928963,44,1
easy_034,Easy,OMP-BranchBoundMRV,16,4,0.006162882,44,1
easy_034,Easy,OMP-BranchBoundMRV,16,5,0.008559942,44,1
easy_035,Easy,Serial,1,1,0.000109166,204,1
easy_035,Easy,Serial,1,2,0.000103875,204,1
easy_035,Easy,Serial,1,3,0.000080958,204,1
easy_035,Easy,Serial,1,4,0.000080000,204,1
easy_035,Easy,Serial,1,5,0.000079708,204,1
easy_035,Easy,Serial-MRV,1,1,0.000644708,53,1
easy_035,Easy,Serial-MRV,1,2,0.000706334,53,1
easy_035,Easy,Serial-MRV,1,3,0.000639375,53,1
easy_035,Easy,Serial-MRV,1,4,0.000662625,53,1
easy_035,Easy,Serial-MRV,1,5,0.000747458,53,1
easy_035,Easy,BranchBound,1,1,0.000097833,204,1
easy_035,Easy,BranchBound,1,2,0.000080834,204,1
easy_035,Easy,BranchBound,1,3,0.000080458,204,1
easy_035,Easy,BranchBound,1,4,0.000080333,204,1
easy_035,Easy,BranchBound,1,5,0.000080500,204,1
easy_035,Easy,BranchBoundMRV,1,1,0.000789625,53,1
easy_035,Easy,BranchBoundMRV,1,2,0.000786416,53,1
easy_035,Easy,BranchBoundMRV,1,3,0.000755625,53,1
easy_035,Easy,BranchBoundMRV,1,4,0.000742750,53,1
easy_035,Easy,BranchBoundMRV,1,5,0.000879750,53,1
easy_035,Easy,OpenMP,4,1,0.000848055,53,1
easy_035,Easy,OpenMP,4,2,0.000818968,53,1
easy_035,Easy,OpenMP,4,3,0.000793934,53,1
easy_035,Easy,OpenMP,4,4,0.000974894,53,1
easy_035,Easy,OpenMP,4,5,0.000833035,53,1
easy_035,Easy,OpenMP,8,1,0.002282143,53,1
easy_035,Easy,OpenMP,8,2,0.000801086,53,1
easy_035,Easy,OpenMP,8,3,0.001041889,53,1
easy_035,Easy,OpenMP,8,4,0.001737833,53,1
easy_035,Easy,OpenMP,8,5,0.000787020,53,1
easy_035,Easy,OpenMP,16,1,0.005810022,53,1
easy_035,Easy,OpenMP,16,2,0.014966011,53,1
easy_035,Easy,OpenMP,16,3,0.025666952,53,1
easy_035,Easy,OpenMP,16,4,0.022218943,53,1
easy_035,Easy,OpenMP,16,5,0.030279875,53,1
easy_035,Easy,OMP-BranchBoundMRV,4,1,0.000887156,53,1
easy_035,Easy,OMP-BranchBoundMRV,4,2,0.000880003,53,1
easy_035,Easy,OMP-BranchBoundMRV,4,3,0.000874043,53,1
easy_035,Easy,OMP-BranchBoundMRV,4,4,0.000872850,53,1
easy_035,Easy,OMP-BranchBoundMRV,4,5,0.000873804,53,1
easy_035,Easy,OMP-BranchBoundMRV,8,1,0.001186848,53,1
easy_035,Easy,OMP-BranchBoundMRV,8,2,0.001900911,53,1
easy_035,Easy,OMP-BranchBoundMRV,8,3,0.001865864,53,1
easy_035,Easy,OMP-BranchBoundMRV,8,4,0.000880957,53,1
easy_035,Easy,OMP-BranchBoundMRV,8,5,0.001132011,53,1
easy_035,Easy,OMP-BranchBoundMRV,16,1,0.029689074,53,1
easy_035,Easy,OMP-BranchBoundMRV,16,2,0.011405945,53,1
easy_035,Easy,OMP-BranchBoundMRV,16,3,0.009100914,53,1
easy_035,Easy,OMP-BranchBoundMRV,16,4,0.007365942,53,1
easy_035,Easy,OMP-BranchBoundMRV,16,5,0.012484074,53,1
easy_036,Easy,Serial,1,1,0.001728625,4004,1
easy_036,Easy,Serial,1,2,0.001593875,4004,1
easy_036,Easy,Serial,1,3,0.001783417,4004,1
easy_036,Easy,Serial,1,4,0.001705500,4004,1
easy_036,Easy,Serial,1,5,0.001755333,4004,1
easy_036,Easy,Serial-MRV,1,1,0.001129333,89,1
easy_036,Easy,Serial-MRV,1,2,0.001012125,89,1
easy_036,Easy,Serial-MRV,1,3,0.001126333,89,1
easy_036,Easy,Serial-MRV,1,4,0.001014667,89,1
easy_036,Easy,Serial-MRV,1,5,0.001102000,89,1
easy_036,Easy,BranchBound,1,1,0.001690083,4004,1
easy_036,Easy,BranchBound,1,2,0.001715583,4004,1
easy_036,Easy,BranchBound,1,3,0.001609250,4004,1
easy_036,Easy,BranchBound,1,4,0.001702625,4004,1
easy_036,Easy,BranchBound,1,5,0.001724000,4004,1
easy_036,Easy,BranchBoundMRV,1,1,0.001280292,89,1
easy_036,Easy,BranchBoundMRV,1,2,0.001278500,89,1
easy_036,Easy,BranchBoundMRV,1,3,0.001242709,89,1
easy_036,Easy,BranchBoundMRV,1,4,0.001229625,89,1
easy_036,Easy,BranchBoundMRV,1,5,0.001246417,89,1
easy_036,Easy,OpenMP,4,1,0.001370907,89,1
easy_036,Easy,OpenMP,4,2,0.001391888,89,1
easy_036,Easy,OpenMP,4,3,0.001384974,89,1
easy_036,Easy,OpenMP,4,4,0.001332045,89,1
easy_036,Easy,OpenMP,4,5,0.001273870,89,1
easy_036,Easy,OpenMP,8,1,0.002655983,89,1
easy_036,Easy,OpenMP,8,2,0.001710892,89,1
easy_036,Easy,OpenMP,8,3,0.001344919,89,1
easy_036,Easy,OpenMP,8,4,0.001422882,89,1
easy_036,Easy,OpenMP,8,5,0.002876043,89,1
easy_036,Easy,OpenMP,16,1,0.006264925,89,1
easy_036,Easy,OpenMP,16,2,0.015267134,89,1
easy_036,Easy,OpenMP,16,3,0.012757063,89,1
easy_036,Easy,OpenMP,16,4,0.019716024,89,1
easy_036,Easy,OpenMP,16,5,0.020092964,89,1
easy_036,Easy,OMP-BranchBoundMRV,4,1,0.001371145,89,1
easy_036,Easy,OMP-BranchBoundMRV,4,2,0.001449108,89,1
easy_036,Easy,OMP-BranchBoundMRV,4,3,0.001362085,89,1
easy_036,Easy,OMP-BranchBoundMRV,4,4,0.001352072,89,1
easy_036,Easy,OMP-BranchBoundMRV,4,5,0.001358986,89,1
easy_036,Easy,OMP-BranchBoundMRV,8,1,0.001372099,89,1
easy_036,Easy,OMP-BranchBoundMRV,8,2,0.003165960,89,1
easy_036,Easy,OMP-BranchBoundMRV,8,3,0.001405954,89,1
easy_036,Easy,OMP-BranchBoundMRV,8,4,0.001363039,89,1
easy_036,Easy,OMP-BranchBoundMRV,8,5,0.001364946,89,1
easy_036,Easy,OMP-BranchBoundMRV,16,1,0.030139923,89,1
easy_036,Easy,OMP-BranchBoundMRV,16,2,0.030120850,89,1
easy_036,Easy,OMP-BranchBoundMRV,16,3,0.024374008,89,1
easy_036,Easy,OMP-BranchBoundMRV,16,4,0.009059906,89,1
easy_036,Easy,OMP-BranchBoundMRV,16,5,0.007277012,89,1
easy_037,Easy,Serial,1,1,0.001533292,3906,1
easy_037,Easy,Serial,1,2,0.001688000,3906,1
easy_037,Easy,Serial,1,3,0.001628000,3906,1
easy_037,Easy,Serial,1,4,0.001611625,3906,1
easy_037,Easy,Serial,1,5,0.001675042,3906,1
easy_037,Easy,Serial-MRV,1,1,0.000619584,52,1
easy_037,Easy,Serial-MRV,1,2,0.000612750,52,1
easy_037,Easy,Serial-MRV,1,3,0.000641916,52,1
easy_037,Easy,Serial-MRV,1,4,0.000741958,52,1
easy_037,Easy,Serial-MRV,1,5,0.000650625,52,1
easy_037,Easy,BranchBound,1,1,0.001606667,3906,1
easy_037,Easy,BranchBound,1,2,0.001739791,3906,1
easy_037,Easy,BranchBound,1,3,0.001598416,3906,1
easy_037,Easy,BranchBound,1,4,0.001530917,3906,1
easy_037,Easy,BranchBound,1,5,0.001749208,3906,1
easy_037,Easy,BranchBoundMRV,1,1,0.000736334,52,1
easy_037,Easy,BranchBoundMRV,1,2,0.000705917,52,1
easy_037,Easy,BranchBoundMRV,1,3,0.000705584,52,1
easy_037,Easy,BranchBoundMRV,1,4,0.000793375,52,1
easy_037,Easy,BranchBoundMRV,1,5,0.000697792,52,1
easy_037,Easy,OpenMP,4,1,0.000790119,52,1
easy_037,Easy,OpenMP,4,2,0.000743151,52,1
easy_037,Easy,OpenMP,4,3,0.000741959,52,1
easy_037,Easy,OpenMP,4,4,0.000772953,52,1
easy_037,Easy,OpenMP,4,5,0.000825882,52,1
easy_037,Easy,OpenMP,8,1,0.001724005,52,1
easy_037,Easy,OpenMP,8,2,0.000746012,52,1
easy_037,Easy,OpenMP,8,3,0.000855923,52,1
easy_037,Easy,OpenMP,8,4,0.000748873,52,1
easy_037,Easy,OpenMP,8,5,0.000878096,52,1
easy_037,Easy,OpenMP,16,1,0.009121895,52,1
easy_037,Easy,OpenMP,16,2,0.029346943,52,1
easy_037,Easy,OpenMP,16,3,0.013136148,52,1
easy_037,Easy,OpenMP,16,4,0.005015135,52,1
easy_037,Easy,OpenMP,16,5,0.081775188,52,1
easy_037,Easy,OMP-BranchBoundMRV,4,1,0.000830889,52,1
easy_037,Easy,OMP-BranchBoundMRV,4,2,0.000829220,52,1
easy_037,Easy,OMP-BranchBoundMRV,4,3,0.000824928,52,1
easy_037,Easy,OMP-BranchBoundMRV,4,4,0.000825882,52,1
easy_037,Easy,OMP-BranchBoundMRV,4,5,0.000820160,52,1
easy_037,Easy,OMP-BranchBoundMRV,8,1,0.000838995,52,1
easy_037,Easy,OMP-BranchBoundMRV,8,2,0.000822067,52,1
easy_037,Easy,OMP-BranchBoundMRV,8,3,0.000819921,52,1
easy_037,Easy,OMP-BranchBoundMRV,8,4,0.000820875,52,1
easy_037,Easy,OMP-BranchBoundMRV,8,5,0.000927925,52,1
easy_037,Easy,OMP-BranchBoundMRV,16,1,0.026199818,52,1
easy_037,Easy,OMP-BranchBoundMRV,16,2,0.021728992,52,1
easy_037,Easy,OMP-BranchBoundMRV,16,3,0.011044025,52,1
easy_037,Easy,OMP-BranchBoundMRV,16,4,0.009722233,52,1
easy_037,Easy,OMP-BranchBoundMRV,16,5,0.005831957,52,1
easy_038,Easy,Serial,1,1,0.000431750,998,1
easy_038,Easy,Serial,1,2,0.000450208,998,1
easy_038,Easy,Serial,1,3,0.000490791,998,1
easy_038,Easy,Serial,1,4,0.000404417,998,1
easy_038,Easy,Serial,1,5,0.000407291,998,1
easy_038,Easy,Serial-MRV,1,1,0.000539333,49,1
easy_038,Easy,Serial-MRV,1,2,0.000534208,49,1
easy_038,Easy,Serial-MRV,1,3,0.000532750,49,1
easy_038,Easy,Serial-MRV,1,4,0.000577334,49,1
easy_038,Easy,Serial-MRV,1,5,0.000637917,49,1
easy_038,Easy,BranchBound,1,1,0.000414750,998,1
easy_038,Easy,BranchBound,1,2,0.000407125,998,1
easy_038,Easy,BranchBound,1,3,0.000492250,998,1
easy_038,Easy,BranchBound,1,4,0.000423333,998,1
easy_038,Easy,BranchBound,1,5,0.000415625,998,1
easy_038,Easy,BranchBoundMRV,1,1,0.000601334,49,1
easy_038,Easy,BranchBoundMRV,1,2,0.000707834,49,1
easy_038,Easy,BranchBoundMRV,1,3,0.000597167,49,1
easy_038,Easy,BranchBoundMRV,1,4,0.000601583,49,1
easy_038,Easy,BranchBoundMRV,1,5,0.000623250,49,1
easy_038,Easy,OpenMP,4,1,0.000643015,49,1
easy_038,Easy,OpenMP,4,2,0.000627041,49,1
easy_038,Easy,OpenMP,4,3,0.000623941,49,1
easy_038,Easy,OpenMP,4,4,0.000705004,49,1
easy_038,Easy,OpenMP,4,5,0.000628948,49,1
easy_038,Easy,OpenMP,8,1,0.000644207,49,1
easy_038,Easy,OpenMP,8,2,0.000643969,49,1
easy_038,Easy,OpenMP,8,3,0.001403809,49,1
easy_038,Easy,OpenMP,8,4,0.000668049,49,1
easy_038,Easy,OpenMP,8,5,0.000633955,49,1
easy_038,Easy,OpenMP,16,1,0.012595177,49,1
easy_038,Easy,OpenMP,16,2,0.010125160,49,1
easy_038,Easy,OpenMP,16,3,0.005723000,49,1
easy_038,Easy,OpenMP,16,4,0.011866808,49,1
easy_038,Easy,OpenMP,16,5,0.030495882,49,1
easy_038,Easy,OMP-BranchBoundMRV,4,1,0.000720978,49,1
easy_038,Easy,OMP-BranchBoundMRV,4,2,0.000716925,49,1
easy_038,Easy,OMP-BranchBoundMRV,4,3,0.000715017,49,1
easy_038,Easy,OMP-BranchBoundMRV,4,4,0.000706911,49,1
easy_038,Easy,OMP-BranchBoundMRV,4,5,0.000698090,49,1
easy_038,Easy,OMP-BranchBoundMRV,8,1,0.000710011,49,1
easy_038,Easy,OMP-BranchBoundMRV,8,2,0.001994848,49,1
easy_038,Easy,OMP-BranchBoundMRV,8,3,0.000725031,49,1
easy_038,Easy,OMP-BranchBoundMRV,8,4,0.000807047,49,1
easy_038,Easy,OMP-BranchBoundMRV,8,5,0.001538992,49,1
easy_038,Easy,OMP-BranchBoundMRV,16,1,0.008157015,49,1
easy_038,Easy,OMP-BranchBoundMRV,16,2,0.020750046,49,1
easy_038,Easy,OMP-BranchBoundMRV,16,3,0.033935070,49,1
easy_038,Easy,OMP-BranchBoundMRV,16,4,0.030811071,49,1
easy_038,Easy,OMP-BranchBoundMRV,16,5,0.036185980,49,1
easy_039,Easy,Serial,1,1,0.001894334,4455,1
easy_039,Easy,Serial,1,2,0.001890333,4455,1
easy_039,Easy,Serial,1,3,0.001976041,4455,1
easy_039,Easy,Serial,1,4,0.001858375,4455,1
easy_039,Easy,Serial,1,5,0.001985167,4455,1
easy_039,Easy,Serial-MRV,1,1,0.001079834,87,1
easy_039,Easy,Serial-MRV,1,2,0.001102750,87,1
easy_039,Easy,Serial-MRV,1,3,0.001187250,87,1
easy_039,Easy,Serial-MRV,1,4,0.001127792,87,1
easy_039,Easy,Serial-MRV,1,5,0.001069000,87,1
easy_039,Easy,BranchBound,1,1,0.001970083,4455,1
easy_039,Easy,BranchBound,1,2,0.001889000,4455,1
easy_039,Easy,BranchBound,1,3,0.001985000,4455,1
easy_039,Easy,BranchBound,1,4,0.001928667,4455,1
easy_039,Easy,BranchBound,1,5,0.001946417,4455,1
easy_039,Easy,BranchBoundMRV,1,1,0.001176666,87,1
easy_039,Easy,BranchBoundMRV,1,2,0.001154916,87,1
easy_039,Easy,BranchBoundMRV,1,3,0.001223417,87,1
easy_039,Easy,BranchBoundMRV,1,4,0.001168083,87,1
easy_039,Easy,BranchBoundMRV,1,5,0.001137375,87,1
easy_039,Easy,OpenMP,4,1,0.001205921,87,1
easy_039,Easy,OpenMP,4,2,0.001224995,87,1
easy_039,Easy,OpenMP,4,3,0.001260996,87,1
easy_039,Easy,OpenMP,4,4,0.001188040,87,1
easy_039,Easy,OpenMP,4,5,0.001311779,87,1
easy_039,Easy,OpenMP,8,1,0.001229048,87,1
easy_039,Easy,OpenMP,8,2,0.002423048,87,1
easy_039,Easy,OpenMP,8,3,0.001203060,87,1
easy_039,Easy,OpenMP,8,4,0.001210928,87,1
easy_039,Easy,OpenMP,8,5,0.002811909,87,1
easy_039,Easy,OpenMP,16,1,0.015481949,87,1
easy_039,Easy,OpenMP,16,2,0.009528875,87,1
easy_039,Easy,OpenMP,16,3,0.006922960,87,1
easy_039,Easy,OpenMP,16,4,0.049330950,87,1
easy_039,Easy,OpenMP,16,5,0.045457840,87,1
easy_039,Easy,OMP-BranchBoundMRV,4,1,0.001284122,87,1
easy_039,Easy,OMP-BranchBoundMRV,4,2,0.001281023,87,1
easy_039,Easy,OMP-BranchBoundMRV,4,3,0.001273870,87,1
easy_039,Easy,OMP-BranchBoundMRV,4,4,0.001271963,87,1
easy_039,Easy,OMP-BranchBoundMRV,4,5,0.001275063,87,1
easy_039,Easy,OMP-BranchBoundMRV,8,1,0.001376152,87,1
easy_039,Easy,OMP-BranchBoundMRV,8,2,0.001352072,87,1
easy_039,Easy,OMP-BranchBoundMRV,8,3,0.001273155,87,1
easy_039,Easy,OMP-BranchBoundMRV,8,4,0.001281023,87,1
easy_039,Easy,OMP-BranchBoundMRV,8,5,0.001266956,87,1
easy_039,Easy,OMP-BranchBoundMRV,16,1,0.018343925,87,1
easy_039,Easy,OMP-BranchBoundMRV,16,2,0.021762848,87,1
easy_039,Easy,OMP-BranchBoundMRV,16,3,0.010360956,87,1
easy_039,Easy,OMP-BranchBoundMRV,16,4,0.009721994,87,1
easy_039,Easy,OMP-BranchBoundMRV,16,5,0.013537169,87,1
easy_040,Easy,Serial,1,1,0.001203792,2995,1
easy_040,Easy,Serial,1,2,0.001283917,2995,1
easy_040,Easy,Serial,1,3,0.001222334,2995,1
easy_040,Easy,Serial,1,4,0.001187833,2995,1
easy_040,Easy,Serial,1,5,0.001207500,2995,1
easy_040,Easy,Serial-MRV,1,1,0.000756208,53,1
easy_040,Easy,Serial-MRV,1,2,0.000695167,53,1
easy_040,Easy,Serial-MRV,1,3,0.000698750,53,1
easy_040,Easy,Serial-MRV,1,4,0.000663500,53,1
easy_040,Easy,Serial-MRV,1,5,0.000663208,53,1
easy_040,Easy,BranchBound,1,1,0.001286542,2995,1
easy_040,Easy,BranchBound,1,2,0.001266209,2995,1
easy_040,Easy,BranchBound,1,3,0.001213875,2995,1
easy_040,Easy,BranchBound,1,4,0.001300459,2995,1
easy_040,Easy,BranchBound,1,5,0.001252833,2995,1
easy_040,Easy,BranchBoundMRV,1,1,0.000731375,53,1
easy_040,Easy,BranchBoundMRV,1,2,0.000724875,53,1
easy_040,Easy,BranchBoundMRV,1,3,0.000786375,53,1
easy_040,Easy,BranchBoundMRV,1,4,0.000792292,53,1
easy_040,Easy,BranchBoundMRV,1,5,0.000747292,53,1
easy_040,Easy,OpenMP,4,1,0.000800133,53,1
easy_040,Easy,OpenMP,4,2,0.000805140,53,1
easy_040,Easy,OpenMP,4,3,0.000790119,53,1
easy_040,Easy,OpenMP,4,4,0.000802994,53,1
easy_040,Easy,OpenMP,4,5,0.000792980,53,1
easy_040,Easy,OpenMP,8,1,0.000820875,53,1
easy_040,Easy,OpenMP,8,2,0.001029968,53,1
easy_040,Easy,OpenMP,8,3,0.000890970,53,1
easy_040,Easy,OpenMP,8,4,0.001364946,53,1
easy_040,Easy,OpenMP,8,5,0.001760006,53,1
easy_040,Easy,OpenMP,16,1,0.008392096,53,1
easy_040,Easy,OpenMP,16,2,0.007085800,53,1
easy_040,Easy,OpenMP,16,3,0.016041040,53,1
easy_040,Easy,OpenMP,16,4,0.024176121,53,1
easy_040,Easy,OpenMP,16,5,0.031641006,53,1
easy_040,Easy,OMP-BranchBoundMRV,4,1,0.000890017,53,1
easy_040,Easy,OMP-BranchBoundMRV,4,2,0.000880003,53,1
easy_040,Easy,OMP-BranchBoundMRV,4,3,0.000869036,53,1
easy_040,Easy,OMP-BranchBoundMRV,4,4,0.000880957,53,1
easy_040,Easy,OMP-BranchBoundMRV,4,5,0.000879049,53,1
easy_040,Easy,OMP-BranchBoundMRV,8,1,0.000893116,53,1
easy_040,Easy,OMP-BranchBoundMRV,8,2,0.001841068,53,1
easy_040,Easy,OMP-BranchBoundMRV,8,3,0.000885010,53,1
easy_040,Easy,OMP-BranchBoundMRV,8,4,0.000874043,53,1
easy_040,Easy,OMP-BranchBoundMRV,8,5,0.001873970,53,1
easy_040,Easy,OMP-BranchBoundMRV,16,1,0.037912130,53,1
easy_040,Easy,OMP-BranchBoundMRV,16,2,0.038164139,53,1
easy_040,Easy,OMP-BranchBoundMRV,16,3,0.013736963,53,1
easy_040,Easy,OMP-BranchBoundMRV,16,4,0.005249023,53,1
easy_040,Easy,OMP-BranchBoundMRV,16,5,0.005640984,53,1
easy_041,Easy,Serial,1,1,0.000163042,367,1
easy_041,Easy,Serial,1,2,0.000211667,367,1
easy_041,Easy,Serial,1,3,0.000154667,367,1
easy_041,Easy,Serial,1,4,0.000206333,367,1
easy_041,Easy,Serial,1,5,0.000160000,367,1
easy_041,Easy,Serial-MRV,1,1,0.000643625,53,1
easy_041,Easy,Serial-MRV,1,2,0.000703333,53,1
easy_041,Easy,Serial-MRV,1,3,0.000634917,53,1
easy_041,Easy,Serial-MRV,1,4,0.000634709,53,1
easy_041,Easy,Serial-MRV,1,5,0.000634333,53,1
easy_041,Easy,BranchBound,1,1,0.000150500,367,1
easy_041,Easy,BranchBound,1,2,0.000144792,367,1
easy_041,Easy,BranchBound,1,3,0.000144250,367,1
easy_041,Easy,BranchBound,1,4,0.000166917,367,1
easy_041,Easy,BranchBound,1,5,0.000158792,367,1
easy_041,Easy,BranchBoundMRV,1,1,0.000824041,53,1
easy_041,Easy,BranchBoundMRV,1,2,0.000731208,53,1
easy_041,Easy,BranchBoundMRV,1,3,0.000737625,53,1
easy_041,Easy,BranchBoundMRV,1,4,0.000710334,53,1
easy_041,Easy,BranchBoundMRV,1,5,0.000767083,53,1
easy_041,Easy,OpenMP,4,1,0.000921011,99,1
easy_041,Easy,OpenMP,4,2,0.000768900,93,1
easy_041,Easy,OpenMP,4,3,0.000800133,96,1
easy_041,Easy,OpenMP,4,4,0.000777006,96,1
easy_041,Easy,OpenMP,4,5,0.000776052,96,1
easy_041,Easy,OpenMP,8,1,0.000834942,65,1
easy_041,Easy,OpenMP,8,2,0.000788927,65,1
easy_041,Easy,OpenMP,8,3,0.000823975,75,1
easy_041,Easy,OpenMP,8,4,0.000980139,93,1
easy_041,Easy,OpenMP,8,5,0.002029181,127,1
easy_041,Easy,OpenMP,16,1,0.014130116,98,1
easy_041,Easy,OpenMP,16,2,0.008261919,59,1
easy_041,Easy,OpenMP,16,3,0.008095980,75,1
easy_041,Easy,OpenMP,16,4,0.010781050,84,1
easy_041,Easy,OpenMP,16,5,0.011007071,96,1
easy_041,Easy,OMP-BranchBoundMRV,4,1,0.000864983,93,1
easy_041,Easy,OMP-BranchBoundMRV,4,2,0.000854969,93,1
easy_041,Easy,OMP-BranchBoundMRV,4,3,0.000923872,72,1
easy_041,Easy,OMP-BranchBoundMRV,4,4,0.000850916,93,1
easy_041,Easy,OMP-BranchBoundMRV,4,5,0.000903845,91,1
easy_041,Easy,OMP-BranchBoundMRV,8,1,0.001408100,127,1
easy_041,Easy,OMP-BranchBoundMRV,8,2,0.001134157,99,1
easy_041,Easy,OMP-BranchBoundMRV,8,3,0.000879049,56,1
easy_041,Easy,OMP-BranchBoundMRV,8,4,0.000878096,65,1
easy_041,Easy,OMP-BranchBoundMRV,8,5,0.001873016,127,1
easy_041,Easy,OMP-BranchBoundMRV,16,1,0.008737803,64,1
easy_041,Easy,OMP-BranchBoundMRV,16,2,0.026736021,64,1
easy_041,Easy,OMP-BranchBoundMRV,16,3,0.030143976,98,1
easy_041,Easy,OMP-BranchBoundMRV,16,4,0.030314207,65,1
easy_041,Easy,OMP-BranchBoundMRV,16,5,0.034260988,93,1
easy_042,Easy,Serial,1,1,0.001325208,3317,1
easy_042,Easy,Serial,1,2,0.001456833,3317,1
easy_042,Easy,Serial,1,3,0.001401708,3317,1
easy_042,Easy,Serial,1,4,0.001321291,3317,1
easy_042,Easy,Serial,1,5,0.001464917,3317,1
easy_042,Easy,Serial-MRV,1,1,0.000966166,68,1
easy_042,Easy,Serial-MRV,1,2,0.000962250,68,1
easy_042,Easy,Serial-MRV,1,3,0.001123416,68,1
easy_042,Easy,Serial-MRV,1,4,0.001027625,68,1
easy_042,Easy,Serial-MRV,1,5,0.000955875,68,1
easy_042,Easy,BranchBound,1,1,0.001367792,3317,1
easy_042,Easy,BranchBound,1,2,0.001499167,3317,1
easy_042,Easy,BranchBound,1,3,0.001351750,3317,1
easy_042,Easy,BranchBound,1,4,0.001334458,3317,1
easy_042,Easy,BranchBound,1,5,0.001473125,3317,1
easy_042,Easy,BranchBoundMRV,1,1,0.001074375,68,1
easy_042,Easy,BranchBoundMRV,1,2,0.001154125,68,1
easy_042,Easy,BranchBoundMRV,1,3,0.001265167,68,1
easy_042,Easy,BranchBoundMRV,1,4,0.001098166,68,1
easy_042,Easy,BranchBoundMRV,1,5,0.001105625,68,1
easy_042,Easy,OpenMP,4,1,0.000853062,97,1
easy_042,Easy,OpenMP,4,2,0.000874043,98,1
easy_042,Easy,OpenMP,4,3,0.000867844,101,1
easy_042,Easy,OpenMP,4,4,0.000859976,104,1
easy_042,Easy,OpenMP,4,5,0.000848055,99,1
easy_042,Easy,OpenMP,8,1,0.001195908,78,1
easy_042,Easy,OpenMP,8,2,0.001896858,117,1
easy_042,Easy,OpenMP,8,3,0.002122879,106,1
easy_042,Easy,OpenMP,8,4,0.002156019,124,1
easy_042,Easy,OpenMP,8,5,0.005404949,99,1
easy_042,Easy,OpenMP,16,1,0.019449949,70,1
easy_042,Easy,OpenMP,16,2,0.012584925,124,1
easy_042,Easy,OpenMP,16,3,0.019937992,70,1
easy_042,Easy,OpenMP,16,4,0.017417192,98,1
easy_042,Easy,OpenMP,16,5,0.012431145,81,1
easy_042,Easy,OMP-BranchBoundMRV,4,1,0.000958920,102,1
easy_042,Easy,OMP-BranchBoundMRV,4,2,0.000923872,101,1
easy_042,Easy,OMP-BranchBoundMRV,4,3,0.000954866,97,1
easy_042,Easy,OMP-BranchBoundMRV,4,4,0.000944138,102,1
easy_042,Easy,OMP-BranchBoundMRV,4,5,0.000933170,98,1
easy_042,Easy,OMP-BranchBoundMRV,8,1,0.000987053,79,1
easy_042,Easy,OMP-BranchBoundMRV,8,2,0.002122164,124,1
easy_042,Easy,OMP-BranchBoundMRV,8,3,0.001998901,124,1
easy_042,Easy,OMP-BranchBoundMRV,8,4,0.000986814,79,1
easy_042,Easy,OMP-BranchBoundMRV,8,5,0.001023054,101,1
easy_042,Easy,OMP-BranchBoundMRV,16,1,0.017993927,79,1
easy_042,Easy,OMP-BranchBoundMRV,16,2,0.033370018,97,1
easy_042,Easy,OMP-BranchBoundMRV,16,3,0.023230076,104,1
easy_042,Easy,OMP-BranchBoundMRV,16,4,0.010211945,100,1
easy_042,Easy,OMP-BranchBoundMRV,16,5,0.006175041,96,1
easy_043,Easy,Serial,1,1,0.007049625,15642,1
easy_043,Easy,Serial,1,2,0.007224291,15642,1
easy_043,Easy,Serial,1,3,0.007293958,15642,1
easy_043,Easy,Serial,1,4,0.007057667,15642,1
easy_043,Easy,Serial,1,5,0.007012334,15642,1
easy_043,Easy,Serial-MRV,1,1,0.000814958,54,1
easy_043,Easy,Serial-MRV,1,2,0.000768834,54,1
easy_043,Easy,Serial-MRV,1,3,0.000737833,54,1
easy_043,Easy,Serial-MRV,1,4,0.000731667,54,1
easy_043,Easy,Serial-MRV,1,5,0.000708583,54,1
easy_043,Easy,BranchBound,1,1,0.007107000,15642,1
easy_043,Easy,BranchBound,1,2,0.007186417,15642,1
easy_043,Easy,BranchBound,1,3,0.007089041,15642,1
easy_043,Easy,BranchBound,1,4,0.006986625,15642,1
easy_043,Easy,BranchBound,1,5,0.007159333,15642,1
easy_043,Easy,BranchBoundMRV,1,1,0.000757542,54,1
easy_043,Easy,BranchBoundMRV,1,2,0.000812042,54,1
easy_043,Easy,BranchBoundMRV,1,3,0.000801958,54,1
easy_043,Easy,BranchBoundMRV,1,4,0.000781792,54,1
easy_043,Easy,BranchBoundMRV,1,5,0.000768167,54,1
easy_043,Easy,OpenMP,4,1,0.000831842,54,1
easy_043,Easy,OpenMP,4,2,0.000813961,54,1
easy_043,Easy,OpenMP,4,3,0.000817060,54,1
easy_043,Easy,OpenMP,4,4,0.000816107,54,1
easy_043,Easy,OpenMP,4,5,0.000815153,54,1
easy_043,Easy,OpenMP,8,1,0.000833988,54,1
easy_043,Easy,OpenMP,8,2,0.001433134,54,1
easy_043,Easy,OpenMP,8,3,0.000829935,54,1
easy_043,Easy,OpenMP,8,4,0.000823021,54,1
easy_043,Easy,OpenMP,8,5,0.001863956,54,1
easy_043,Easy,OpenMP,16,1,0.085341930,54,1
easy_043,Easy,OpenMP,16,2,0.030753851,54,1
easy_043,Easy,OpenMP,16,3,0.026900053,54,1
easy_043,Easy,OpenMP,16,4,0.011864185,54,1
easy_043,Easy,OpenMP,16,5,0.006422043,54,1
easy_043,Easy,OMP-BranchBoundMRV,4,1,0.000996828,54,1
easy_043,Easy,OMP-BranchBoundMRV,4,2,0.000943899,54,1
easy_043,Easy,OMP-BranchBoundMRV,4,3,0.000936985,54,1
easy_043,Easy,OMP-BranchBoundMRV,4,4,0.000923157,54,1
easy_043,Easy,OMP-BranchBoundMRV,4,5,0.000906944,54,1
easy_043,Easy,OMP-BranchBoundMRV,8,1,0.000978947,54,1
easy_043,Easy,OMP-BranchBoundMRV,8,2,0.000951052,54,1
easy_043,Easy,OMP-BranchBoundMRV,8,3,0.002037048,54,1
easy_043,Easy,OMP-BranchBoundMRV,8,4,0.000916958,54,1
easy_043,Easy,OMP-BranchBoundMRV,8,5,0.000959158,54,1
easy_043,Easy,OMP-BranchBoundMRV,16,1,0.024096012,54,1
easy_043,Easy,OMP-BranchBoundMRV,16,2,0.008629084,54,1
easy_043,Easy,OMP-BranchBoundMRV,16,3,0.007610083,54,1
easy_043,Easy,OMP-BranchBoundMRV,16,4,0.036259174,54,1
easy_043,Easy,OMP-BranchBoundMRV,16,5,0.026625156,54,1
easy_044,Easy,Serial,1,1,0.000200292,488,1
easy_044,Easy,Serial,1,2,0.000193875,488,1
easy_044,Easy,Serial,1,3,0.000193500,488,1
easy_044,Easy,Serial,1,4,0.000193417,488,1
easy_044,Easy,Serial,1,5,0.000205667,488,1
easy_044,Easy,Serial-MRV,1,1,0.000518375,48,1
easy_044,Easy,Serial-MRV,1,2,0.000509542,48,1
easy_044,Easy,Serial-MRV,1,3,0.000504875,48,1
easy_044,Easy,Serial-MRV,1,4,0.000505042,48,1
easy_044,Easy,Serial-MRV,1,5,0.000522708,48,1
easy_044,Easy,BranchBound,1,1,0.000202208,488,1
easy_044,Easy,BranchBound,1,2,0.000199542,488,1
easy_044,Easy,BranchBound,1,3,0.000194833,488,1
easy_044,Easy,BranchBound,1,4,0.000194459,488,1
easy_044,Easy,BranchBound,1,5,0.000194458,488,1
easy_044,Easy,BranchBoundMRV,1,1,0.000551834,48,1
easy_044,Easy,BranchBoundMRV,1,2,0.000545959,48,1
easy_044,Easy,BranchBoundMRV,1,3,0.000548416,48,1
easy_044,Easy,BranchBoundMRV,1,4,0.000545166,48,1
easy_044,Easy,BranchBoundMRV,1,5,0.000544958,48,1
easy_044,Easy,OpenMP,4,1,0.000618935,48,1
easy_044,Easy,OpenMP,4,2,0.000602961,48,1
easy_044,Easy,OpenMP,4,3,0.000598907,48,1
easy_044,Easy,OpenMP,4,4,0.000597954,48,1
easy_044,Easy,OpenMP,4,5,0.000592947,48,1
easy_044,Easy,OpenMP,8,1,0.000607967,48,1
easy_044,Easy,OpenMP,8,2,0.001379013,48,1
easy_044,Easy,OpenMP,8,3,0.001360178,48,1
easy_044,Easy,OpenMP,8,4,0.000626087,48,1
easy_044,Easy,OpenMP,8,5,0.000595093,48,1
easy_044,Easy,OpenMP,16,1,0.118297100,48,1
easy_044,Easy,OpenMP,16,2,0.016216993,48,1
easy_044,Easy,OpenMP,16,3,0.010931969,48,1
easy_044,Easy,OpenMP,16,4,0.010350943,48,1
easy_044,Easy,OpenMP,16,5,0.010533094,48,1
easy_044,Easy,OMP-BranchBoundMRV,4,1,0.000730038,48,1
easy_044,Easy,OMP-BranchBoundMRV,4,2,0.000684023,48,1
easy_044,Easy,OMP-BranchBoundMRV,4,3,0.000677109,48,1
easy_044,Easy,OMP-BranchBoundMRV,4,4,0.000987053,48,1
easy_044,Easy,OMP-BranchBoundMRV,4,5,0.000684023,48,1
easy_044,Easy,OMP-BranchBoundMRV,8,1,0.000898838,48,1
easy_044,Easy,OMP-BranchBoundMRV,8,2,0.000679016,48,1
easy_044,Easy,OMP-BranchBoundMRV,8,3,0.001370907,48,1
easy_044,Easy,OMP-BranchBoundMRV,8,4,0.000752926,48,1
easy_044,Easy,OMP-BranchBoundMRV,8,5,0.000722885,48,1
easy_044,Easy,OMP-BranchBoundMRV,16,1,0.007337093,48,1
easy_044,Easy,OMP-BranchBoundMRV,16,2,0.006357908,48,1
easy_044,Easy,OMP-BranchBoundMRV,16,3,0.015349865,48,1
easy_044,Easy,OMP-BranchBoundMRV,16,4,0.006000042,48,1
easy_044,Easy,OMP-BranchBoundMRV,16,5,0.004701138,48,1
easy_045,Easy,Serial,1,1,0.001444959,3266,1
easy_045,Easy,Serial,1,2,0.001394458,3266,1
easy_045,Easy,Serial,1,3,0.001461667,3266,1
easy_045,Easy,Serial,1,4,0.001395500,3266,1
easy_045,Easy,Serial,1,5,0.001395792,3266,1
easy_045,Easy,Serial-MRV,1,1,0.000788916,55,1
easy_045,Easy,Serial-MRV,1,2,0.000732542,55,1
easy_045,Easy,Serial-MRV,1,3,0.000752375,55,1
easy_045,Easy,Serial-MRV,1,4,0.000759750,55,1
easy_045,Easy,Serial-MRV,1,5,0.000732208,55,1
easy_045,Easy,BranchBound,1,1,0.001409500,3266,1
easy_045,Easy,BranchBound,1,2,0.001405292,3266,1
easy_045,Easy,BranchBound,1,3,0.001416667,3266,1
easy_045,Easy,BranchBound,1,4,0.001405000,3266,1
easy_045,Easy,BranchBound,1,5,0.001416125,3266,1
easy_045,Easy,BranchBoundMRV,1,1,0.000794500,55,1
easy_045,Easy,BranchBoundMRV,1,2,0.000770666,55,1
easy_045,Easy,BranchBoundMRV,1,3,0.000775292,55,1
easy_045,Easy,BranchBoundMRV,1,4,0.000772458,55,1
easy_045,Easy,BranchBoundMRV,1,5,0.000769458,55,1
easy_045,Easy,OpenMP,4,1,0.000857115,55,1
easy_045,Easy,OpenMP,4,2,0.000852823,55,1
easy_045,Easy,OpenMP,4,3,0.000839949,55,1
easy_045,Easy,OpenMP,4,4,0.000839949,55,1
easy_045,Easy,OpenMP,4,5,0.000913858,55,1
easy_045,Easy,OpenMP,8,1,0.000905037,55,1
easy_045,Easy,OpenMP,8,2,0.000841141,55,1
easy_045,Easy,OpenMP,8,3,0.000842094,55,1
easy_045,Easy,OpenMP,8,4,0.001872063,55,1
easy_045,Easy,OpenMP,8,5,0.000830173,55,1
easy_045,Easy,OpenMP,16,1,0.050482035,55,1
easy_045,Easy,OpenMP,16,2,0.030281067,55,1
easy_045,Easy,OpenMP,16,3,0.027194023,55,1
easy_045,Easy,OpenMP,16,4,0.021358967,55,1
easy_045,Easy,OpenMP,16,5,0.055737019,55,1
easy_045,Easy,OMP-BranchBoundMRV,4,1,0.000954866,55,1
easy_045,Easy,OMP-BranchBoundMRV,4,2,0.000932932,55,1
easy_045,Easy,OMP-BranchBoundMRV,4,3,0.000951052,55,1
easy_045,Easy,OMP-BranchBoundMRV,4,4,0.000924826,55,1
easy_045,Easy,OMP-BranchBoundMRV,4,5,0.000944853,55,1
easy_045,Easy,OMP-BranchBoundMRV,8,1,0.001121998,55,1
easy_045,Easy,OMP-BranchBoundMRV,8,2,0.000992060,55,1
easy_045,Easy,OMP-BranchBoundMRV,8,3,0.001502037,55,1
easy_045,Easy,OMP-BranchBoundMRV,8,4,0.000940084,55,1
easy_045,Easy,OMP-BranchBoundMRV,8,5,0.000935078,55,1
easy_045,Easy,OMP-BranchBoundMRV,16,1,0.020210981,55,1
easy_045,Easy,OMP-BranchBoundMRV,16,2,0.014216900,55,1
easy_045,Easy,OMP-BranchBoundMRV,16,3,0.011122942,55,1
easy_045,Easy,OMP-BranchBoundMRV,16,4,0.018303871,55,1
easy_045,Easy,OMP-BranchBoundMRV,16,5,0.017594099,55,1
easy_046,Easy,Serial,1,1,0.000481083,1097,1
easy_046,Easy,Serial,1,2,0.000472542,1097,1
easy_046,Easy,Serial,1,3,0.000529791,1097,1
easy_046,Easy,Serial,1,4,0.000476500,1097,1
easy_046,Easy,Serial,1,5,0.000482292,1097,1
easy_046,Easy,Serial-MRV,1,1,0.000604167,51,1
easy_046,Easy,Serial-MRV,1,2,0.000599583,51,1
easy_046,Easy,Serial-MRV,1,3,0.000600250,51,1
easy_046,Easy,Serial-MRV,1,4,0.000599333,51,1
easy_046,Easy,Serial-MRV,1,5,0.000598083,51,1
easy_046,Easy,BranchBound,1,1,0.000481958,1097,1
easy_046,Easy,BranchBound,1,2,0.000478875,1097,1
easy_046,Easy,BranchBound,1,3,0.000486917,1097,1
easy_046,Easy,BranchBound,1,4,0.000477833,1097,1
easy_046,Easy,BranchBound,1,5,0.000499166,1097,1
easy_046,Easy,BranchBoundMRV,1,1,0.000696542,51,1
easy_046,Easy,BranchBoundMRV,1,2,0.000672375,51,1
easy_046,Easy,BranchBoundMRV,1,3,0.000674917,51,1
easy_046,Easy,BranchBoundMRV,1,4,0.000674542,51,1
easy_046,Easy,BranchBoundMRV,1,5,0.000677833,51,1
easy_046,Easy,OpenMP,4,1,0.000748158,51,1
easy_046,Easy,OpenMP,4,2,0.000734091,51,1
easy_046,Easy,OpenMP,4,3,0.000735998,51,1
easy_046,Easy,OpenMP,4,4,0.000732183,51,1
easy_046,Easy,OpenMP,4,5,0.000730991,51,1
easy_046,Easy,OpenMP,8,1,0.000751972,51,1
easy_046,Easy,OpenMP,8,2,0.000743151,51,1
easy_046,Easy,OpenMP,8,3,0.000821114,51,1
easy_046,Easy,OpenMP,8,4,0.001621008,51,1
easy_046,Easy,OpenMP,8,5,0.001675844,51,1
easy_046,Easy,OpenMP,16,1,0.032680988,51,1
easy_046,Easy,OpenMP,16,2,0.038290024,51,1
easy_046,Easy,OpenMP,16,3,0.025280952,51,1
easy_046,Easy,OpenMP,16,4,0.023020983,51,1
easy_046,Easy,OpenMP,16,5,0.008344889,51,1
easy_046,Easy,OMP-BranchBoundMRV,4,1,0.000851154,51,1
easy_046,Easy,OMP-BranchBoundMRV,4,2,0.000961065,51,1
easy_046,Easy,OMP-BranchBoundMRV,4,3,0.000828028,51,1
easy_046,Easy,OMP-BranchBoundMRV,4,4,0.001121998,51,1
easy_046,Easy,OMP-BranchBoundMRV,4,5,0.000825167,51,1
easy_046,Easy,OMP-BranchBoundMRV,8,1,0.001713991,51,1
easy_046,Easy,OMP-BranchBoundMRV,8,2,0.000818968,51,1
easy_046,Easy,OMP-BranchBoundMRV,8,3,0.000984907,51,1
easy_046,Easy,OMP-BranchBoundMRV,8,4,0.000821829,51,1
easy_046,Easy,OMP-BranchBoundMRV,8,5,0.000918865,51,1
easy_046,Easy,OMP-BranchBoundMRV,16,1,0.017133951,51,1
easy_046,Easy,OMP-BranchBoundMRV,16,2,0.007523060,51,1
easy_046,Easy,OMP-BranchBoundMRV,16,3,0.009120941,51,1
easy_046,Easy,OMP-BranchBoundMRV,16,4,0.007465839,51,1
easy_046,Easy,OMP-BranchBoundMRV,16,5,0.008487940,51,1
easy_047,Easy,Serial,1,1,0.000072041,168,1
easy_047,Easy,Serial,1,2,0.000071709,168,1
easy_047,Easy,Serial,1,3,0.000076792,168,1
easy_047,Easy,Serial,1,4,0.000078916,168,1
easy_047,Easy,Serial,1,5,0.000131125,168,1
easy_047,Easy,Serial-MRV,1,1,0.000564667,48,1
easy_047,Easy,Serial-MRV,1,2,0.000496000,48,1
easy_047,Easy,Serial-MRV,1,3,0.000544625,48,1
easy_047,Easy,Serial-MRV,1,4,0.000547667,48,1
easy_047,Easy,Serial-MRV,1,5,0.000560291,48,1
easy_047,Easy,BranchBound,1,1,0.000083250,168,1
easy_047,Easy,BranchBound,1,2,0.000067667,168,1
easy_047,Easy,BranchBound,1,3,0.000065333,168,1
easy_047,Easy,BranchBound,1,4,0.000065167,168,1
easy_047,Easy,BranchBound,1,5,0.000064958,168,1
easy_047,Easy,BranchBoundMRV,1,1,0.000596042,48,1
easy_047,Easy,BranchBoundMRV,1,2,0.000591709,48,1
easy_047,Easy,BranchBoundMRV,1,3,0.000555125,48,1
easy_047,Easy,BranchBoundMRV,1,4,0.000556708,48,1
easy_047,Easy,BranchBoundMRV,1,5,0.000577042,48,1
easy_047,Easy,OpenMP,4,1,0.000620127,48,1
easy_047,Easy,OpenMP,4,2,0.000648975,48,1
easy_047,Easy,OpenMP,4,3,0.000656843,48,1
easy_047,Easy,OpenMP,4,4,0.000610828,48,1
easy_047,Easy,OpenMP,4,5,0.000602961,48,1
easy_047,Easy,OpenMP,8,1,0.000693083,48,1
easy_047,Easy,OpenMP,8,2,0.001396179,48,1
easy_047,Easy,OpenMP,8,3,0.000669956,48,1
easy_047,Easy,OpenMP,8,4,0.000610828,48,1
easy_047,Easy,OpenMP,8,5,0.001971006,48,1
easy_047,Easy,OpenMP,16,1,0.018584967,48,1
easy_047,Easy,OpenMP,16,2,0.020374775,48,1
easy_047,Easy,OpenMP,16,3,0.029320002,48,1
easy_047,Easy,OpenMP,16,4,0.024574995,48,1
easy_047,Easy,OpenMP,16,5,0.035614014,48,1
easy_047,Easy,OMP-BranchBoundMRV,4,1,0.000725985,48,1
easy_047,Easy,OMP-BranchBoundMRV,4,2,0.000751019,48,1
easy_047,Easy,OMP-BranchBoundMRV,4,3,0.000720978,48,1
easy_047,Easy,OMP-BranchBoundMRV,4,4,0.000692129,48,1
easy_047,Easy,OMP-BranchBoundMRV,4,5,0.000684023,48,1
easy_047,Easy,OMP-BranchBoundMRV,8,1,0.000767946,48,1
easy_047,Easy,OMP-BranchBoundMRV,8,2,0.000815868,48,1
easy_047,Easy,OMP-BranchBoundMRV,8,3,0.000866890,48,1
easy_047,Easy,OMP-BranchBoundMRV,8,4,0.000688076,48,1
easy_047,Easy,OMP-BranchBoundMRV,8,5,0.000694990,48,1
easy_047,Easy,OMP-BranchBoundMRV,16,1,0.017989874,48,1
easy_047,Easy,OMP-BranchBoundMRV,16,2,0.019069910,48,1
easy_047,Easy,OMP-BranchBoundMRV,16,3,0.059396029,48,1
easy_047,Easy,OMP-BranchBoundMRV,16,4,0.010941982,48,1
easy_047,Easy,OMP-BranchBoundMRV,16,5,0.016227007,48,1
easy_048,Easy,Serial,1,1,0.185528167,416222,1
easy_048,Easy,Serial,1,2,0.179992708,416222,1
easy_048,Easy,Serial,1,3,0.179785958,416222,1
easy_048,Easy,Serial,1,4,0.179666750,416222,1
easy_048,Easy,Serial,1,5,0.179731791,416222,1
easy_048,Easy,Serial-MRV,1,1,0.001050209,72,1
easy_048,Easy,Serial-MRV,1,2,0.001060917,72,1
easy_048,Easy,Serial-MRV,1,3,0.001032959,72,1
easy_048,Easy,Serial-MRV,1,4,0.001049000,72,1
easy_048,Easy,Serial-MRV,1,5,0.001021708,72,1
easy_048,Easy,BranchBound,1,1,0.180117083,416222,1
easy_048,Easy,BranchBound,1,2,0.185343500,416222,1
easy_048,Easy,BranchBound,1,3,0.180174542,416222,1
easy_048,Easy,BranchBound,1,4,0.180245291,416222,1
easy_048,Easy,BranchBound,1,5,0.180543292,416222,1
easy_048,Easy,BranchBoundMRV,1,1,0.001178042,72,1
easy_048,Easy,BranchBoundMRV,1,2,0.001163917,72,1
easy_048,Easy,BranchBoundMRV,1,3,0.001162333,72,1
easy_048,Easy,BranchBoundMRV,1,4,0.001194625,72,1
easy_048,Easy,BranchBoundMRV,1,5,0.001160583,72,1
easy_048,Easy,OpenMP,4,1,0.001290083,72,1
easy_048,Easy,OpenMP,4,2,0.001259089,72,1
easy_048,Easy,OpenMP,4,3,0.001264095,72,1
easy_048,Easy,OpenMP,4,4,0.001255989,72,1
easy_048,Easy,OpenMP,4,5,0.001244783,72,1
easy_048,Easy,OpenMP,8,1,0.001271009,72,1
easy_048,Easy,OpenMP,8,2,0.001259089,72,1
easy_048,Easy,OpenMP,8,3,0.001255035,72,1
easy_048,Easy,OpenMP,8,4,0.001250982,72,1
easy_048,Easy,OpenMP,8,5,0.001313925,72,1
easy_048,Easy,OpenMP,16,1,0.025281906,72,1
easy_048,Easy,OpenMP,16,2,0.020724058,72,1
easy_048,Easy,OpenMP,16,3,0.038743973,72,1
easy_048,Easy,OpenMP,16,4,0.021286011,72,1
easy_048,Easy,OpenMP,16,5,0.030574083,72,1
easy_048,Easy,OMP-BranchBoundMRV,4,1,0.001360893,72,1
easy_048,Easy,OMP-BranchBoundMRV,4,2,0.001362085,72,1
easy_048,Easy,OMP-BranchBoundMRV,4,3,0.001355171,72,1
easy_048,Easy,OMP-BranchBoundMRV,4,4,0.001352072,72,1
easy_048,Easy,OMP-BranchBoundMRV,4,5,0.001345158,72,1
easy_048,Easy,OMP-BranchBoundMRV,8,1,0.001369953,72,1
easy_048,Easy,OMP-BranchBoundMRV,8,2,0.001351118,72,1
easy_048,Easy,OMP-BranchBoundMRV,8,3,0.001353979,72,1
easy_048,Easy,OMP-BranchBoundMRV,8,4,0.001356125,72,1
easy_048,Easy,OMP-BranchBoundMRV,8,5,0.001350164,72,1
easy_048,Easy,OMP-BranchBoundMRV,16,1,0.034289837,72,1
easy_048,Easy,OMP-BranchBoundMRV,16,2,0.019558907,72,1
easy_048,Easy,OMP-BranchBoundMRV,16,3,0.018213034,72,1
easy_048,Easy,OMP-BranchBoundMRV,16,4,0.009535074,72,1
easy_048,Easy,OMP-BranchBoundMRV,16,5,0.022108078,72,1
easy_049,Easy,Serial,1,1,0.001577417,3589,1
easy_049,Easy,Serial,1,2,0.001742958,3589,1
easy_049,Easy,Serial,1,3,0.001571666,3589,1
easy_049,Easy,Serial,1,4,0.001624875,3589,1
easy_049,Easy,Serial,1,5,0.001576583,3589,1
easy_049,Easy,Serial-MRV,1,1,0.000656292,55,1
easy_049,Easy,Serial-MRV,1,2,0.000652750,55,1
easy_049,Easy,Serial-MRV,1,3,0.000652041,55,1
easy_049,Easy,Serial-MRV,1,4,0.000821250,55,1
easy_049,Easy,Serial-MRV,1,5,0.000699834,55,1
easy_049,Easy,BranchBound,1,1,0.001599708,3589,1
easy_049,Easy,BranchBound,1,2,0.001687625,3589,1
easy_049,Easy,BranchBound,1,3,0.001597000,3589,1
easy_049,Easy,BranchBound,1,4,0.001525000,3589,1
easy_049,Easy,BranchBound,1,5,0.001711084,3589,1
easy_049,Easy,BranchBoundMRV,1,1,0.000776916,55,1
easy_049,Easy,BranchBoundMRV,1,2,0.000730750,55,1
easy_049,Easy,BranchBoundMRV,1,3,0.000718875,55,1
easy_049,Easy,BranchBoundMRV,1,4,0.000845750,55,1
easy_049,Easy,BranchBoundMRV,1,5,0.000722417,55,1
easy_049,Easy,OpenMP,4,1,0.000816107,55,1
easy_049,Easy,OpenMP,4,2,0.000797987,55,1
easy_049,Easy,OpenMP,4,3,0.000788927,55,1
easy_049,Easy,OpenMP,4,4,0.000888109,55,1
easy_049,Easy,OpenMP,4,5,0.000793934,55,1
easy_049,Easy,OpenMP,8,1,0.001132965,55,1
easy_049,Easy,OpenMP,8,2,0.000808954,55,1
easy_049,Easy,OpenMP,8,3,0.000890970,55,1
easy_049,Easy,OpenMP,8,4,0.001754999,55,1
easy_049,Easy,OpenMP,8,5,0.000796080,55,1
easy_049,Easy,OpenMP,16,1,0.010981083,55,1
easy_049,Easy,OpenMP,16,2,0.040012121,55,1
easy_049,Easy,OpenMP,16,3,0.028568029,55,1
easy_049,Easy,OpenMP,16,4,0.046239138,55,1
easy_049,Easy,OpenMP,16,5,0.057423115,55,1
easy_049,Easy,OMP-BranchBoundMRV,4,1,0.000885963,55,1
easy_049,Easy,OMP-BranchBoundMRV,4,2,0.000868082,55,1
easy_049,Easy,OMP-BranchBoundMRV,4,3,0.001072168,55,1
easy_049,Easy,OMP-BranchBoundMRV,4,4,0.000900030,55,1
easy_049,Easy,OMP-BranchBoundMRV,4,5,0.000881195,55,1
easy_049,Easy,OMP-BranchBoundMRV,8,1,0.001566172,55,1
easy_049,Easy,OMP-BranchBoundMRV,8,2,0.001883030,55,1
easy_049,Easy,OMP-BranchBoundMRV,8,3,0.000887156,55,1
easy_049,Easy,OMP-BranchBoundMRV,8,4,0.000866890,55,1
easy_049,Easy,OMP-BranchBoundMRV,8,5,0.000915051,55,1
easy_049,Easy,OMP-BranchBoundMRV,16,1,0.011630058,55,1
easy_049,Easy,OMP-BranchBoundMRV,16,2,0.005656004,55,1
easy_049,Easy,OMP-BranchBoundMRV,16,3,0.008059978,55,1
easy_049,Easy,OMP-BranchBoundMRV,16,4,0.015895844,55,1
easy_049,Easy,OMP-BranchBoundMRV,16,5,0.016185999,55,1
easy_050,Easy,Serial,1,1,0.000141583,355,1
easy_050,Easy,Serial,1,2,0.000137833,355,1
easy_050,Easy,Serial,1,3,0.000133791,355,1
easy_050,Easy,Serial,1,4,0.000133792,355,1
easy_050,Easy,Serial,1,5,0.000133750,355,1
easy_050,Easy,Serial-MRV,1,1,0.000547916,49,1
easy_050,Easy,Serial-MRV,1,2,0.000520375,49,1
easy_050,Easy,Serial-MRV,1,3,0.000572958,49,1
easy_050,Easy,Serial-MRV,1,4,0.000603917,49,1
easy_050,Easy,Serial-MRV,1,5,0.000512209,49,1
easy_050,Easy,BranchBound,1,1,0.000160833,355,1
easy_050,Easy,BranchBound,1,2,0.000149333,355,1
easy_050,Easy,BranchBound,1,3,0.000169833,355,1
easy_050,Easy,BranchBound,1,4,0.000135250,355,1
easy_050,Easy,BranchBound,1,5,0.000144041,355,1
easy_050,Easy,BranchBoundMRV,1,1,0.000637875,49,1
easy_050,Easy,BranchBoundMRV,1,2,0.000627292,49,1
easy_050,Easy,BranchBoundMRV,1,3,0.000642791,49,1
easy_050,Easy,BranchBoundMRV,1,4,0.000697084,49,1
easy_050,Easy,BranchBoundMRV,1,5,0.000627708,49,1
easy_050,Easy,OpenMP,4,1,0.000714064,49,1
easy_050,Easy,OpenMP,4,2,0.000683784,49,1
easy_050,Easy,OpenMP,4,3,0.000675917,49,1
easy_050,Easy,OpenMP,4,4,0.000684023,49,1
easy_050,Easy,OpenMP,4,5,0.000694990,49,1
easy_050,Easy,OpenMP,8,1,0.000705957,49,1
easy_050,Easy,OpenMP,8,2,0.000696898,49,1
easy_050,Easy,OpenMP,8,3,0.000686169,49,1
easy_050,Easy,OpenMP,8,4,0.000679970,49,1
easy_050,Easy,OpenMP,8,5,0.000681877,49,1
easy_050,Easy,OpenMP,16,1,0.019771099,49,1
easy_050,Easy,OpenMP,16,2,0.034831047,49,1
easy_050,Easy,OpenMP,16,3,0.004661083,49,1
easy_050,Easy,OpenMP,16,4,0.027430058,49,1
easy_050,Easy,OpenMP,16,5,0.020101070,49,1
easy_050,Easy,OMP-BranchBoundMRV,4,1,0.000783920,49,1
easy_050,Easy,OMP-BranchBoundMRV,4,2,0.000778913,49,1
easy_050,Easy,OMP-BranchBoundMRV,4,3,0.000768900,49,1
easy_050,Easy,OMP-BranchBoundMRV,4,4,0.000767946,49,1
easy_050,Easy,OMP-BranchBoundMRV,4,5,0.000779152,49,1
easy_050,Easy,OMP-BranchBoundMRV,8,1,0.001666069,49,1
easy_050,Easy,OMP-BranchBoundMRV,8,2,0.000766039,49,1
easy_050,Easy,OMP-BranchBoundMRV,8,3,0.001666069,49,1
easy_050,Easy,OMP-BranchBoundMRV,8,4,0.000771999,49,1
easy_050,Easy,OMP-BranchBoundMRV,8,5,0.000885010,49,1
easy_050,Easy,OMP-BranchBoundMRV,16,1,0.024452925,49,1
easy_050,Easy,OMP-BranchBoundMRV,16,2,0.015093088,49,1
easy_050,Easy,OMP-BranchBoundMRV,16,3,0.010392189,49,1
easy_050,Easy,OMP-BranchBoundMRV,16,4,0.019907951,49,1
easy_050,Easy,OMP-BranchBoundMRV,16,5,0.007967949,49,1
easy_051,Easy,Serial,1,1,0.000042291,104,1
easy_051,Easy,Serial,1,2,0.000040667,104,1
easy_051,Easy,Serial,1,3,0.000044958,104,1
easy_051,Easy,Serial,1,4,0.000039167,104,1
easy_051,Easy,Serial,1,5,0.000050709,104,1
easy_051,Easy,Serial-MRV,1,1,0.000506250,45,1
easy_051,Easy,Serial-MRV,1,2,0.000495209,45,1
easy_051,Easy,Serial-MRV,1,3,0.000470625,45,1
easy_051,Easy,Serial-MRV,1,4,0.000558667,45,1
easy_051,Easy,Serial-MRV,1,5,0.000415666,45,1
easy_051,Easy,BranchBound,1,1,0.000047542,104,1
easy_051,Easy,BranchBound,1,2,0.000054917,104,1
easy_051,Easy,BranchBound,1,3,0.000041791,104,1
easy_051,Easy,BranchBound,1,4,0.000038084,104,1
easy_051,Easy,BranchBound,1,5,0.000038125,104,1
easy_051,Easy,BranchBoundMRV,1,1,0.000524750,45,1
easy_051,Easy,BranchBoundMRV,1,2,0.000510750,45,1
easy_051,Easy,BranchBoundMRV,1,3,0.000596792,45,1
easy_051,Easy,BranchBoundMRV,1,4,0.000489125,45,1
easy_051,Easy,BranchBoundMRV,1,5,0.000485625,45,1
easy_051,Easy,OpenMP,4,1,0.000554085,45,1
easy_051,Easy,OpenMP,4,2,0.000582218,45,1
easy_051,Easy,OpenMP,4,3,0.000537872,45,1
easy_051,Easy,OpenMP,4,4,0.000540972,45,1
easy_051,Easy,OpenMP,4,5,0.000586987,45,1
easy_051,Easy,OpenMP,8,1,0.000574112,45,1
easy_051,Easy,OpenMP,8,2,0.001748085,45,1
easy_051,Easy,OpenMP,8,3,0.000563145,45,1
easy_051,Easy,OpenMP,8,4,0.000590086,45,1
easy_051,Easy,OpenMP,8,5,0.001156092,45,1
easy_051,Easy,OpenMP,16,1,0.019997835,45,1
easy_051,Easy,OpenMP,16,2,0.030942917,45,1
easy_051,Easy,OpenMP,16,3,0.033968925,45,1
easy_051,Easy,OpenMP,16,4,0.030757904,45,1
easy_051,Easy,OpenMP,16,5,0.053915977,45,1
easy_051,Easy,OMP-BranchBoundMRV,4,1,0.000617981,45,1
easy_051,Easy,OMP-BranchBoundMRV,4,2,0.000613928,45,1
easy_051,Easy,OMP-BranchBoundMRV,4,3,0.000613928,45,1
easy_051,Easy,OMP-BranchBoundMRV,4,4,0.000600815,45,1
easy_051,Easy,OMP-BranchBoundMRV,4,5,0.000599861,45,1
easy_051,Easy,OMP-BranchBoundMRV,8,1,0.001294851,45,1
easy_051,Easy,OMP-BranchBoundMRV,8,2,0.001297951,45,1
easy_051,Easy,OMP-BranchBoundMRV,8,3,0.000602961,45,1
easy_051,Easy,OMP-BranchBoundMRV,8,4,0.000603914,45,1
easy_051,Easy,OMP-BranchBoundMRV,8,5,0.001228809,45,1
easy_051,Easy,OMP-BranchBoundMRV,16,1,0.021440029,45,1
easy_051,Easy,OMP-BranchBoundMRV,16,2,0.019131184,45,1
easy_051,Easy,OMP-BranchBoundMRV,16,3,0.012696028,45,1
easy_051,Easy,OMP-BranchBoundMRV,16,4,0.006334782,45,1
easy_051,Easy,OMP-BranchBoundMRV,16,5,0.010144949,45,1
easy_052,Easy,Serial,1,1,0.000344250,845,1
easy_052,Easy,Serial,1,2,0.000334000,845,1
easy_052,Easy,Serial,1,3,0.000332750,845,1
easy_052,Easy,Serial,1,4,0.000332500,845,1
easy_052,Easy,Serial,1,5,0.000370500,845,1
easy_052,Easy,Serial-MRV,1,1,0.000531500,44,1
easy_052,Easy,Serial-MRV,1,2,0.000432625,44,1
easy_052,Easy,Serial-MRV,1,3,0.000490208,44,1
easy_052,Easy,Serial-MRV,1,4,0.000464250,44,1
easy_052,Easy,Serial-MRV,1,5,0.000431583,44,1
easy_052,Easy,BranchBound,1,1,0.000345209,845,1
easy_052,Easy,BranchBound,1,2,0.000336042,845,1
easy_052,Easy,BranchBound,1,3,0.000366791,845,1
easy_052,Easy,BranchBound,1,4,0.000346959,845,1
easy_052,Easy,BranchBound,1,5,0.000414500,845,1
easy_052,Easy,BranchBoundMRV,1,1,0.000497541,44,1
easy_052,Easy,BranchBoundMRV,1,2,0.000478875,44,1
easy_052,Easy,BranchBoundMRV,1,3,0.000488083,44,1
easy_052,Easy,BranchBoundMRV,1,4,0.000467250,44,1
easy_052,Easy,BranchBoundMRV,1,5,0.000461417,44,1
easy_052,Easy,OpenMP,4,1,0.000509024,44,1
easy_052,Easy,OpenMP,4,2,0.000499010,44,1
easy_052,Easy,OpenMP,4,3,0.000640869,44,1
easy_052,Easy,OpenMP,4,4,0.000499964,44,1
easy_052,Easy,OpenMP,4,5,0.000497103,44,1
easy_052,Easy,OpenMP,8,1,0.000514030,44,1
easy_052,Easy,OpenMP,8,2,0.000500202,44,1
easy_052,Easy,OpenMP,8,3,0.001123905,44,1
easy_052,Easy,OpenMP,8,4,0.001172066,44,1
easy_052,Easy,OpenMP,8,5,0.000704050,44,1
easy_052,Easy,OpenMP,16,1,0.007716179,44,1
easy_052,Easy,OpenMP,16,2,0.011384964,44,1
easy_052,Easy,OpenMP,16,3,0.005040884,44,1
easy_052,Easy,OpenMP,16,4,0.014901876,44,1
easy_052,Easy,OpenMP,16,5,0.009531021,44,1
easy_052,Easy,OMP-BranchBoundMRV,4,1,0.000574827,44,1
easy_052,Easy,OMP-BranchBoundMRV,4,2,0.000566959,44,1
easy_052,Easy,OMP-BranchBoundMRV,4,3,0.000560999,44,1
easy_052,Easy,OMP-BranchBoundMRV,4,4,0.000563860,44,1
easy_052,Easy,OMP-BranchBoundMRV,4,5,0.000556946,44,1
easy_052,Easy,OMP-BranchBoundMRV,8,1,0.000577927,44,1
easy_052,Easy,OMP-BranchBoundMRV,8,2,0.000596046,44,1
easy_052,Easy,OMP-BranchBoundMRV,8,3,0.001171827,44,1
easy_052,Easy,OMP-BranchBoundMRV,8,4,0.000591993,44,1
easy_052,Easy,OMP-BranchBoundMRV,8,5,0.001160145,44,1
easy_052,Easy,OMP-BranchBoundMRV,16,1,0.043443918,44,1
easy_052,Easy,OMP-BranchBoundMRV,16,2,0.026825905,44,1
easy_052,Easy,OMP-BranchBoundMRV,16,3,0.038542986,44,1
easy_052,Easy,OMP-BranchBoundMRV,16,4,0.020197868,44,1
easy_052,Easy,OMP-BranchBoundMRV,16,5,0.030916929,44,1
easy_053,Easy,Serial,1,1,0.000124959,252,1
easy_053,Easy,Serial,1,2,0.000117209,252,1
easy_053,Easy,Serial,1,3,0.000106917,252,1
easy_053,Easy,Serial,1,4,0.000101667,252,1
easy_053,Easy,Serial,1,5,0.000101666,252,1
easy_053,Easy,Serial-MRV,1,1,0.000642709,51,1
easy_053,Easy,Serial-MRV,1,2,0.000615000,51,1
easy_053,Easy,Serial-MRV,1,3,0.000594291,51,1
easy_053,Easy,Serial-MRV,1,4,0.000701916,51,1
easy_053,Easy,Serial-MRV,1,5,0.000612625,51,1
easy_053,Easy,BranchBound,1,1,0.000107458,252,1
easy_053,Easy,BranchBound,1,2,0.000103084,252,1
easy_053,Easy,BranchBound,1,3,0.000102334,252,1
easy_053,Easy,BranchBound,1,4,0.000102125,252,1
easy_053,Easy,BranchBound,1,5,0.000119291,252,1
easy_053,Easy,BranchBoundMRV,1,1,0.000704750,51,1
easy_053,Easy,BranchBoundMRV,1,2,0.000661791,51,1
easy_053,Easy,BranchBoundMRV,1,3,0.000663542,51,1
easy_053,Easy,BranchBoundMRV,1,4,0.000783958,51,1
easy_053,Easy,BranchBoundMRV,1,5,0.000660250,51,1
easy_053,Easy,OpenMP,4,1,0.000788927,51,1
easy_053,Easy,OpenMP,4,2,0.000789881,51,1
easy_053,Easy,OpenMP,4,3,0.000732899,51,1
easy_053,Easy,OpenMP,4,4,0.000970125,51,1
easy_053,Easy,OpenMP,4,5,0.000722170,51,1
easy_053,Easy,OpenMP,8,1,0.000758171,51,1
easy_053,Easy,OpenMP,8,2,0.000735998,51,1
easy_053,Easy,OpenMP,8,3,0.000728846,51,1
easy_053,Easy,OpenMP,8,4,0.001358986,51,1
easy_053,Easy,OpenMP,8,5,0.000719786,51,1
easy_053,Easy,OpenMP,16,1,0.007994890,51,1
easy_053,Easy,OpenMP,16,2,0.012257099,51,1
easy_053,Easy,OpenMP,16,3,0.008163929,51,1
easy_053,Easy,OpenMP,16,4,0.006930113,51,1
easy_053,Easy,OpenMP,16,5,0.007721186,51,1
easy_053,Easy,OMP-BranchBoundMRV,4,1,0.000833988,51,1
easy_053,Easy,OMP-BranchBoundMRV,4,2,0.000927210,51,1
easy_053,Easy,OMP-BranchBoundMRV,4,3,0.000802040,51,1
easy_053,Easy,OMP-BranchBoundMRV,4,4,0.000801086,51,1
easy_053,Easy,OMP-BranchBoundMRV,4,5,0.000928164,51,1
easy_053,Easy,OMP-BranchBoundMRV,8,1,0.000855923,51,1
easy_053,Easy,OMP-BranchBoundMRV,8,2,0.000810862,51,1
easy_053,Easy,OMP-BranchBoundMRV,8,3,0.000881910,51,1
easy_053,Easy,OMP-BranchBoundMRV,8,4,0.001869917,51,1
easy_053,Easy,OMP-BranchBoundMRV,8,5,0.000906944,51,1
easy_053,Easy,OMP-BranchBoundMRV,16,1,0.006237984,51,1
easy_053,Easy,OMP-BranchBoundMRV,16,2,0.016307116,51,1
easy_053,Easy,OMP-BranchBoundMRV,16,3,0.016310930,51,1
easy_053,Easy,OMP-BranchBoundMRV,16,4,0.026392937,51,1
easy_053,Easy,OMP-BranchBoundMRV,16,5,0.007896900,51,1
easy_054,Easy,Serial,1,1,0.000699834,1584,1
easy_054,Easy,Serial,1,2,0.000651583,1584,1
easy_054,Easy,Serial,1,3,0.000669667,1584,1
easy_054,Easy,Serial,1,4,0.000698208,1584,1
easy_054,Easy,Serial,1,5,0.000648000,1584,1
easy_054,Easy,Serial-MRV,1,1,0.000656750,53,1
easy_054,Easy,Serial-MRV,1,2,0.000647500,53,1
easy_054,Easy,Serial-MRV,1,3,0.000648167,53,1
easy_054,Easy,Serial-MRV,1,4,0.000650458,53,1
easy_054,Easy,Serial-MRV,1,5,0.000647375,53,1
easy_054,Easy,BranchBound,1,1,0.000659916,1584,1
easy_054,Easy,BranchBound,1,2,0.000654917,1584,1
easy_054,Easy,BranchBound,1,3,0.000670125,1584,1
easy_054,Easy,BranchBound,1,4,0.000651083,1584,1
easy_054,Easy,BranchBound,1,5,0.000654125,1584,1
easy_054,Easy,BranchBoundMRV,1,1,0.000748208,53,1
easy_054,Easy,BranchBoundMRV,1,2,0.000726583,53,1
easy_054,Easy,BranchBoundMRV,1,3,0.000731042,53,1
easy_054,Easy,BranchBoundMRV,1,4,0.000725709,53,1
easy_054,Easy,BranchBoundMRV,1,5,0.000727833,53,1
easy_054,Easy,OpenMP,4,1,0.000808001,53,1
easy_054,Easy,OpenMP,4,2,0.000790834,53,1
easy_054,Easy,OpenMP,4,3,0.000785828,53,1
easy_054,Easy,OpenMP,4,4,0.000799894,53,1
easy_054,Easy,OpenMP,4,5,0.000785828,53,1
easy_054,Easy,OpenMP,8,1,0.000810862,53,1
easy_054,Easy,OpenMP,8,2,0.001797915,53,1
easy_054,Easy,OpenMP,8,3,0.001800060,53,1
easy_054,Easy,OpenMP,8,4,0.001807928,53,1
easy_054,Easy,OpenMP,8,5,0.001803160,53,1
easy_054,Easy,OpenMP,16,1,0.020293951,53,1
easy_054,Easy,OpenMP,16,2,0.027045965,53,1
easy_054,Easy,OpenMP,16,3,0.010854006,53,1
easy_054,Easy,OpenMP,16,4,0.016951084,53,1
easy_054,Easy,OpenMP,16,5,0.015208960,53,1
easy_054,Easy,OMP-BranchBoundMRV,4,1,0.000920057,53,1
easy_054,Easy,OMP-BranchBoundMRV,4,2,0.000880957,53,1
easy_054,Easy,OMP-BranchBoundMRV,4,3,0.000880003,53,1
easy_054,Easy,OMP-BranchBoundMRV,4,4,0.000936985,53,1
easy_054,Easy,OMP-BranchBoundMRV,4,5,0.000908852,53,1
easy_054,Easy,OMP-BranchBoundMRV,8,1,0.001441002,53,1
easy_054,Easy,OMP-BranchBoundMRV,8,2,0.000894070,53,1
easy_054,Easy,OMP-BranchBoundMRV,8,3,0.000997066,53,1
easy_054,Easy,OMP-BranchBoundMRV,8,4,0.001987934,53,1
easy_054,Easy,OMP-BranchBoundMRV,8,5,0.000896931,53,1
easy_054,Easy,OMP-BranchBoundMRV,16,1,0.012518883,53,1
easy_054,Easy,OMP-BranchBoundMRV,16,2,0.009501934,53,1
easy_054,Easy,OMP-BranchBoundMRV,16,3,0.010231018,53,1
easy_054,Easy,OMP-BranchBoundMRV,16,4,0.024266958,53,1
easy_054,Easy,OMP-BranchBoundMRV,16,5,0.027678967,53,1
easy_055,Easy,Serial,1,1,0.007931375,18312,1
easy_055,Easy,Serial,1,2,0.007851042,18312,1
easy_055,Easy,Serial,1,3,0.007914208,18312,1
easy_055,Easy,Serial,1,4,0.007862958,18312,1
easy_055,Easy,Serial,1,5,0.007868625,18312,1
easy_055,Easy,Serial-MRV,1,1,0.000765250,56,1
easy_055,Easy,Serial-MRV,1,2,0.000759750,56,1
easy_055,Easy,Serial-MRV,1,3,0.000736250,56,1
easy_055,Easy,Serial-MRV,1,4,0.000775708,56,1
easy_055,Easy,Serial-MRV,1,5,0.000738666,56,1
easy_055,Easy,BranchBound,1,1,0.007932458,18312,1
easy_055,Easy,BranchBound,1,2,0.007942167,18312,1
easy_055,Easy,BranchBound,1,3,0.007966709,18312,1
easy_055,Easy,BranchBound,1,4,0.007945958,18312,1
easy_055,Easy,BranchBound,1,5,0.007994042,18312,1
easy_055,Easy,BranchBoundMRV,1,1,0.000817291,56,1
easy_055,Easy,BranchBoundMRV,1,2,0.000829916,56,1
easy_055,Easy,BranchBoundMRV,1,3,0.000799959,56,1
easy_055,Easy,BranchBoundMRV,1,4,0.000803125,56,1
easy_055,Easy,BranchBoundMRV,1,5,0.000802084,56,1
easy_055,Easy,OpenMP,4,1,0.000856161,56,1
easy_055,Easy,OpenMP,4,2,0.000853062,56,1
easy_055,Easy,OpenMP,4,3,0.000844002,56,1
easy_055,Easy,OpenMP,4,4,0.000848055,56,1
easy_055,Easy,OpenMP,4,5,0.001424074,56,1
easy_055,Easy,OpenMP,8,1,0.005042076,56,1
easy_055,Easy,OpenMP,8,2,0.000904083,56,1
easy_055,Easy,OpenMP,8,3,0.001886845,56,1
easy_055,Easy,OpenMP,8,4,0.000866890,56,1
easy_055,Easy,OpenMP,8,5,0.000863075,56,1
easy_055,Easy,OpenMP,16,1,0.042807102,56,1
easy_055,Easy,OpenMP,16,2,0.012281895,56,1
easy_055,Easy,OpenMP,16,3,0.081716061,56,1
easy_055,Easy,OpenMP,16,4,0.069728851,56,1
easy_055,Easy,OpenMP,16,5,0.024656057,56,1
easy_055,Easy,OMP-BranchBoundMRV,4,1,0.000951052,56,1
easy_055,Easy,OMP-BranchBoundMRV,4,2,0.000949144,56,1
easy_055,Easy,OMP-BranchBoundMRV,4,3,0.000971079,56,1
easy_055,Easy,OMP-BranchBoundMRV,4,4,0.000941038,56,1
easy_055,Easy,OMP-BranchBoundMRV,4,5,0.000951052,56,1
easy_055,Easy,OMP-BranchBoundMRV,8,1,0.000966072,56,1
easy_055,Easy,OMP-BranchBoundMRV,8,2,0.001979113,56,1
easy_055,Easy,OMP-BranchBoundMRV,8,3,0.001981020,56,1
easy_055,Easy,OMP-BranchBoundMRV,8,4,0.000954151,56,1
easy_055,Easy,OMP-BranchBoundMRV,8,5,0.001983166,56,1
easy_055,Easy,OMP-BranchBoundMRV,16,1,0.021039963,56,1
easy_055,Easy,OMP-BranchBoundMRV,16,2,0.030396938,56,1
easy_055,Easy,OMP-BranchBoundMRV,16,3,0.070935965,56,1
easy_055,Easy,OMP-BranchBoundMRV,16,4,0.037357092,56,1
easy_055,Easy,OMP-BranchBoundMRV,16,5,0.020185947,56,1
easy_056,Easy,Serial,1,1,0.080154208,190388,1
easy_056,Easy,Serial,1,2,0.077671333,190388,1
easy_056,Easy,Serial,1,3,0.075739083,190388,1
easy_056,Easy,Serial,1,4,0.075819708,190388,1
easy_056,Easy,Serial,1,5,0.075904667,190388,1
easy_056,Easy,Serial-MRV,1,1,0.000633083,52,1
easy_056,Easy,Serial-MRV,1,2,0.000611959,52,1
easy_056,Easy,Serial-MRV,1,3,0.000614125,52,1
easy_056,Easy,Serial-MRV,1,4,0.000609667,52,1
easy_056,Easy,Serial-MRV,1,5,0.000610000,52,1
easy_056,Easy,BranchBound,1,1,0.075728792,190388,1
easy_056,Easy,BranchBound,1,2,0.075959875,190388,1
easy_056,Easy,BranchBound,1,3,0.077209083,190388,1
easy_056,Easy,BranchBound,1,4,0.079120333,190388,1
easy_056,Easy,BranchBound,1,5,0.077015292,190388,1
easy_056,Easy,BranchBoundMRV,1,1,0.000694667,52,1
easy_056,Easy,BranchBoundMRV,1,2,0.000678209,52,1
easy_056,Easy,BranchBoundMRV,1,3,0.000674584,52,1
easy_056,Easy,BranchBoundMRV,1,4,0.000674208,52,1
easy_056,Easy,BranchBoundMRV,1,5,0.000677375,52,1
easy_056,Easy,OpenMP,4,1,0.000753880,52,1
easy_056,Easy,OpenMP,4,2,0.000751972,52,1
easy_056,Easy,OpenMP,4,3,0.000741959,52,1
easy_056,Easy,OpenMP,4,4,0.000741005,52,1
easy_056,Easy,OpenMP,4,5,0.000732899,52,1
easy_056,Easy,OpenMP,8,1,0.000756025,52,1
easy_056,Easy,OpenMP,8,2,0.000747919,52,1
easy_056,Easy,OpenMP,8,3,0.001710892,52,1
easy_056,Easy,OpenMP,8,4,0.001618862,52,1
easy_056,Easy,OpenMP,8,5,0.000783920,52,1
easy_056,Easy,OpenMP,16,1,0.044656992,52,1
easy_056,Easy,OpenMP,16,2,0.040178061,52,1
easy_056,Easy,OpenMP,16,3,0.021172047,52,1
easy_056,Easy,OpenMP,16,4,0.034416914,52,1
easy_056,Easy,OpenMP,16,5,0.023630142,52,1
easy_056,Easy,OMP-BranchBoundMRV,4,1,0.000844002,52,1
easy_056,Easy,OMP-BranchBoundMRV,4,2,0.000826120,52,1
easy_056,Easy,OMP-BranchBoundMRV,4,3,0.000825167,52,1
easy_056,Easy,OMP-BranchBoundMRV,4,4,0.000828028,52,1
easy_056,Easy,OMP-BranchBoundMRV,4,5,0.000821114,52,1
easy_056,Easy,OMP-BranchBoundMRV,8,1,0.001787901,52,1
easy_056,Easy,OMP-BranchBoundMRV,8,2,0.000818968,52,1
easy_056,Easy,OMP-BranchBoundMRV,8,3,0.000832081,52,1
easy_056,Easy,OMP-BranchBoundMRV,8,4,0.000835180,52,1
easy_056,Easy,OMP-BranchBoundMRV,8,5,0.000936031,52,1
easy_056,Easy,OMP-BranchBoundMRV,16,1,0.027086020,52,1
easy_056,Easy,OMP-BranchBoundMRV,16,2,0.025002003,52,1
easy_056,Easy,OMP-BranchBoundMRV,16,3,0.010860920,52,1
easy_056,Easy,OMP-BranchBoundMRV,16,4,0.014991045,52,1
easy_056,Easy,OMP-BranchBoundMRV,16,5,0.045455933,52,1
easy_057,Easy,Serial,1,1,0.005085334,11770,1
easy_057,Easy,Serial,1,2,0.005024125,11770,1
easy_057,Easy,Serial,1,3,0.005335625,11770,1
easy_057,Easy,Serial,1,4,0.005923875,11770,1
easy_057,Easy,Serial,1,5,0.004941291,11770,1
easy_057,Easy,Serial-MRV,1,1,0.000676166,51,1
easy_057,Easy,Serial-MRV,1,2,0.000639250,51,1
easy_057,Easy,Serial-MRV,1,3,0.000639250,51,1
easy_057,Easy,Serial-MRV,1,4,0.000655166,51,1
easy_057,Easy,Serial-MRV,1,5,0.000652208,51,1
easy_057,Easy,BranchBound,1,1,0.005010584,11770,1
easy_057,Easy,BranchBound,1,2,0.004878333,11770,1
easy_057,Easy,BranchBound,1,3,0.004909791,11770,1
easy_057,Easy,BranchBound,1,4,0.004907417,11770,1
easy_057,Easy,BranchBound,1,5,0.004899791,11770,1
easy_057,Easy,BranchBoundMRV,1,1,0.000702583,51,1
easy_057,Easy,BranchBoundMRV,1,2,0.000725458,51,1
easy_057,Easy,BranchBoundMRV,1,3,0.000680750,51,1
easy_057,Easy,BranchBoundMRV,1,4,0.000668792,51,1
easy_057,Easy,BranchBoundMRV,1,5,0.000668125,51,1
easy_057,Easy,OpenMP,4,1,0.000755072,51,1
easy_057,Easy,OpenMP,4,2,0.000735998,51,1
easy_057,Easy,OpenMP,4,3,0.000738144,51,1
easy_057,Easy,OpenMP,4,4,0.000735998,51,1
easy_057,Easy,OpenMP,4,5,0.000727892,51,1
easy_057,Easy,OpenMP,8,1,0.001018047,51,1
easy_057,Easy,OpenMP,8,2,0.000735998,51,1
easy_057,Easy,OpenMP,8,3,0.000731945,51,1
easy_057,Easy,OpenMP,8,4,0.000749111,51,1
easy_057,Easy,OpenMP,8,5,0.001059055,51,1
easy_057,Easy,OpenMP,16,1,0.104984045,51,1
easy_057,Easy,OpenMP,16,2,0.020115852,51,1
easy_057,Easy,OpenMP,16,3,0.032433987,51,1
easy_057,Easy,OpenMP,16,4,0.009523869,51,1
easy_057,Easy,OpenMP,16,5,0.004304886,51,1
easy_057,Easy,OMP-BranchBoundMRV,4,1,0.000880957,51,1
easy_057,Easy,OMP-BranchBoundMRV,4,2,0.000826120,51,1
easy_057,Easy,OMP-BranchBoundMRV,4,3,0.000847101,51,1
easy_057,Easy,OMP-BranchBoundMRV,4,4,0.000881910,51,1
easy_057,Easy,OMP-BranchBoundMRV,4,5,0.000853062,51,1
easy_057,Easy,OMP-BranchBoundMRV,8,1,0.001760006,51,1
easy_057,Easy,OMP-BranchBoundMRV,8,2,0.001250029,51,1
easy_057,Easy,OMP-BranchBoundMRV,8,3,0.001841068,51,1
easy_057,Easy,OMP-BranchBoundMRV,8,4,0.000941038,51,1
easy_057,Easy,OMP-BranchBoundMRV,8,5,0.001992941,51,1
easy_057,Easy,OMP-BranchBoundMRV,16,1,0.013740063,51,1
easy_057,Easy,OMP-BranchBoundMRV,16,2,0.009365797,51,1
easy_057,Easy,OMP-BranchBoundMRV,16,3,0.007384062,51,1
easy_057,Easy,OMP-BranchBoundMRV,16,4,0.008819103,51,1
easy_057,Easy,OMP-BranchBoundMRV,16,5,0.008293867,51,1
easy_058,Easy,Serial,1,1,0.000111042,226,1
easy_058,Easy,Serial,1,2,0.000103208,226,1
easy_058,Easy,Serial,1,3,0.000103333,226,1
easy_058,Easy,Serial,1,4,0.000084292,226,1
easy_058,Easy,Serial,1,5,0.000084083,226,1
easy_058,Easy,Serial-MRV,1,1,0.000437291,44,1
easy_058,Easy,Serial-MRV,1,2,0.000452166,44,1
easy_058,Easy,Serial-MRV,1,3,0.000444084,44,1
easy_058,Easy,Serial-MRV,1,4,0.000419250,44,1
easy_058,Easy,Serial-MRV,1,5,0.000415542,44,1
easy_058,Easy,BranchBound,1,1,0.000093042,226,1
easy_058,Easy,BranchBound,1,2,0.000084625,226,1
easy_058,Easy,BranchBound,1,3,0.000084209,226,1
easy_058,Easy,BranchBound,1,4,0.000084333,226,1
easy_058,Easy,BranchBound,1,5,0.000084167,226,1
easy_058,Easy,BranchBoundMRV,1,1,0.000510542,44,1
easy_058,Easy,BranchBoundMRV,1,2,0.000523709,44,1
easy_058,Easy,BranchBoundMRV,1,3,0.000468042,44,1
easy_058,Easy,BranchBoundMRV,1,4,0.000483750,44,1
easy_058,Easy,BranchBoundMRV,1,5,0.000475166,44,1
easy_058,Easy,OpenMP,4,1,0.000632048,44,1
easy_058,Easy,OpenMP,4,2,0.000501871,44,1
easy_058,Easy,OpenMP,4,3,0.000490904,44,1
easy_058,Easy,OpenMP,4,4,0.000494957,44,1
easy_058,Easy,OpenMP,4,5,0.000528812,44,1
easy_058,Easy,OpenMP,8,1,0.000900030,44,1
easy_058,Easy,OpenMP,8,2,0.000503063,44,1
easy_058,Easy,OpenMP,8,3,0.000495195,44,1
easy_058,Easy,OpenMP,8,4,0.000504017,44,1
easy_058,Easy,OpenMP,8,5,0.000502110,44,1
easy_058,Easy,OpenMP,16,1,0.020678043,44,1
easy_058,Easy,OpenMP,16,2,0.034518003,44,1
easy_058,Easy,OpenMP,16,3,0.034525871,44,1
easy_058,Easy,OpenMP,16,4,0.030595064,44,1
easy_058,Easy,OpenMP,16,5,0.025487185,44,1
easy_058,Easy,OMP-BranchBoundMRV,4,1,0.000595093,44,1
easy_058,Easy,OMP-BranchBoundMRV,4,2,0.000560999,44,1
easy_058,Easy,OMP-BranchBoundMRV,4,3,0.000566959,44,1
easy_058,Easy,OMP-BranchBoundMRV,4,4,0.000550985,44,1
easy_058,Easy,OMP-BranchBoundMRV,4,5,0.000675917,44,1
easy_058,Easy,OMP-BranchBoundMRV,8,1,0.000859976,44,1
easy_058,Easy,OMP-BranchBoundMRV,8,2,0.000649929,44,1
easy_058,Easy,OMP-BranchBoundMRV,8,3,0.000566959,44,1
easy_058,Easy,OMP-BranchBoundMRV,8,4,0.001310110,44,1
easy_058,Easy,OMP-BranchBoundMRV,8,5,0.000669003,44,1
easy_058,Easy,OMP-BranchBoundMRV,16,1,0.013079882,44,1
easy_058,Easy,OMP-BranchBoundMRV,16,2,0.010308981,44,1
easy_058,Easy,OMP-BranchBoundMRV,16,3,0.005336046,44,1
easy_058,Easy,OMP-BranchBoundMRV,16,4,0.006956816,44,1
easy_058,Easy,OMP-BranchBoundMRV,16,5,0.028078079,44,1
easy_059,Easy,Serial,1,1,0.000618250,1345,1
easy_059,Easy,Serial,1,2,0.000575208,1345,1
easy_059,Easy,Serial,1,3,0.000683708,1345,1
easy_059,Easy,Serial,1,4,0.000592292,1345,1
easy_059,Easy,Serial,1,5,0.000613459,1345,1
easy_059,Easy,Serial-MRV,1,1,0.000731834,54,1
easy_059,Easy,Serial-MRV,1,2,0.000802834,54,1
easy_059,Easy,Serial-MRV,1,3,0.000740500,54,1
easy_059,Easy,Serial-MRV,1,4,0.000769041,54,1
easy_059,Easy,Serial-MRV,1,5,0.000829417,54,1
easy_059,Easy,BranchBound,1,1,0.000565541,1345,1
easy_059,Easy,BranchBound,1,2,0.000615834,1345,1
easy_059,Easy,BranchBound,1,3,0.000552375,1345,1
easy_059,Easy,BranchBound,1,4,0.000548875,1345,1
easy_059,Easy,BranchBound,1,5,0.000574875,1345,1
easy_059,Easy,BranchBoundMRV,1,1,0.000853416,54,1
easy_059,Easy,BranchBoundMRV,1,2,0.000809000,54,1
easy_059,Easy,BranchBoundMRV,1,3,0.000808583,54,1
easy_059,Easy,BranchBoundMRV,1,4,0.000800042,54,1
easy_059,Easy,BranchBoundMRV,1,5,0.000833292,54,1
easy_059,Easy,OpenMP,4,1,0.000942945,54,1
easy_059,Easy,OpenMP,4,2,0.000895023,54,1
easy_059,Easy,OpenMP,4,3,0.000851154,54,1
easy_059,Easy,OpenMP,4,4,0.000847101,54,1
easy_059,Easy,OpenMP,4,5,0.000844002,54,1
easy_059,Easy,OpenMP,8,1,0.000862122,54,1
easy_059,Easy,OpenMP,8,2,0.001911879,54,1
easy_059,Easy,OpenMP,8,3,0.000917912,54,1
easy_059,Easy,OpenMP,8,4,0.000900984,54,1
easy_059,Easy,OpenMP,8,5,0.001924992,54,1
easy_059,Easy,OpenMP,16,1,0.012131929,54,1
easy_059,Easy,OpenMP,16,2,0.016982794,54,1
easy_059,Easy,OpenMP,16,3,0.025728941,54,1
easy_059,Easy,OpenMP,16,4,0.023478985,54,1
easy_059,Easy,OpenMP,16,5,0.055663109,54,1
easy_059,Easy,OMP-BranchBoundMRV,4,1,0.000953913,54,1
easy_059,Easy,OMP-BranchBoundMRV,4,2,0.001053095,54,1
easy_059,Easy,OMP-BranchBoundMRV,4,3,0.000930786,54,1
easy_059,Easy,OMP-BranchBoundMRV,4,4,0.000997066,54,1
easy_059,Easy,OMP-BranchBoundMRV,4,5,0.001029015,54,1
easy_059,Easy,OMP-BranchBoundMRV,8,1,0.001134872,54,1
easy_059,Easy,OMP-BranchBoundMRV,8,2,0.000934124,54,1
easy_059,Easy,OMP-BranchBoundMRV,8,3,0.000982046,54,1
easy_059,Easy,OMP-BranchBoundMRV,8,4,0.000946045,54,1
easy_059,Easy,OMP-BranchBoundMRV,8,5,0.001338005,54,1
easy_059,Easy,OMP-BranchBoundMRV,16,1,0.011254072,54,1
easy_059,Easy,OMP-BranchBoundMRV,16,2,0.015228033,54,1
easy_059,Easy,OMP-BranchBoundMRV,16,3,0.006509066,54,1
easy_059,Easy,OMP-BranchBoundMRV,16,4,0.009334087,54,1
easy_059,Easy,OMP-BranchBoundMRV,16,5,0.009087086,54,1
easy_060,Easy,Serial,1,1,0.000927416,2039,1
easy_060,Easy,Serial,1,2,0.000908083,2039,1
easy_060,Easy,Serial,1,3,0.000873125,2039,1
easy_060,Easy,Serial,1,4,0.001002875,2039,1
easy_060,Easy,Serial,1,5,0.000895875,2039,1
easy_060,Easy,Serial-MRV,1,1,0.000698500,54,1
easy_060,Easy,Serial-MRV,1,2,0.000652542,54,1
easy_060,Easy,Serial-MRV,1,3,0.000648042,54,1
easy_060,Easy,Serial-MRV,1,4,0.000647917,54,1
easy_060,Easy,Serial-MRV,1,5,0.000706375,54,1
easy_060,Easy,BranchBound,1,1,0.001019250,2039,1
easy_060,Easy,BranchBound,1,2,0.001016125,2039,1
easy_060,Easy,BranchBound,1,3,0.000946167,2039,1
easy_060,Easy,BranchBound,1,4,0.000905542,2039,1
easy_060,Easy,BranchBound,1,5,0.000871625,2039,1
easy_060,Easy,BranchBoundMRV,1,1,0.000755250,54,1
easy_060,Easy,BranchBoundMRV,1,2,0.000750125,54,1
easy_060,Easy,BranchBoundMRV,1,3,0.000756208,54,1
easy_060,Easy,BranchBoundMRV,1,4,0.000761709,54,1
easy_060,Easy,BranchBoundMRV,1,5,0.000748791,54,1
easy_060,Easy,OpenMP,4,1,0.000838995,58,1
easy_060,Easy,OpenMP,4,2,0.000914812,58,1
easy_060,Easy,OpenMP,4,3,0.000826836,58,1
easy_060,Easy,OpenMP,4,4,0.000824928,58,1
easy_060,Easy,OpenMP,4,5,0.000823975,58,1
easy_060,Easy,OpenMP,8,1,0.001131058,58,1
easy_060,Easy,OpenMP,8,2,0.001378059,58,1
easy_060,Easy,OpenMP,8,3,0.001173019,58,1
easy_060,Easy,OpenMP,8,4,0.000880957,58,1
easy_060,Easy,OpenMP,8,5,0.000856876,58,1
easy_060,Easy,OpenMP,16,1,0.006903887,58,1
easy_060,Easy,OpenMP,16,2,0.029861927,58,1
easy_060,Easy,OpenMP,16,3,0.047894955,58,1
easy_060,Easy,OpenMP,16,4,0.023550987,58,1
easy_060,Easy,OpenMP,16,5,0.021171093,58,1
easy_060,Easy,OMP-BranchBoundMRV,4,1,0.000968933,58,1
easy_060,Easy,OMP-BranchBoundMRV,4,2,0.000921011,58,1
easy_060,Easy,OMP-BranchBoundMRV,4,3,0.000906944,58,1
easy_060,Easy,OMP-BranchBoundMRV,4,4,0.000976086,58,1
easy_060,Easy,OMP-BranchBoundMRV,4,5,0.000923872,58,1
easy_060,Easy,OMP-BranchBoundMRV,8,1,0.000916958,58,1
easy_060,Easy,OMP-BranchBoundMRV,8,2,0.001264095,58,1
easy_060,Easy,OMP-BranchBoundMRV,8,3,0.001167059,58,1
easy_060,Easy,OMP-BranchBoundMRV,8,4,0.000916958,58,1
easy_060,Easy,OMP-BranchBoundMRV,8,5,0.001762867,58,1
easy_060,Easy,OMP-BranchBoundMRV,16,1,0.030088186,58,1
easy_060,Easy,OMP-BranchBoundMRV,16,2,0.012282133,58,1
easy_060,Easy,OMP-BranchBoundMRV,16,3,0.007579088,58,1
easy_060,Easy,OMP-BranchBoundMRV,16,4,0.026896000,58,1
easy_060,Easy,OMP-BranchBoundMRV,16,5,0.010166883,55,1
easy_061,Easy,Serial,1,1,0.000021125,55,1
easy_061,Easy,Serial,1,2,0.000020333,55,1
easy_061,Easy,Serial,1,3,0.000019458,55,1
easy_061,Easy,Serial,1,4,0.000018500,55,1
easy_061,Easy,Serial,1,5,0.000018542,55,1
easy_061,Easy,Serial-MRV,1,1,0.000426417,44,1
easy_061,Easy,Serial-MRV,1,2,0.000417292,44,1
easy_061,Easy,Serial-MRV,1,3,0.000417667,44,1
easy_061,Easy,Serial-MRV,1,4,0.000416375,44,1
easy_061,Easy,Serial-MRV,1,5,0.000415416,44,1
easy_061,Easy,BranchBound,1,1,0.000022084,55,1
easy_061,Easy,BranchBound,1,2,0.000019375,55,1
easy_061,Easy,BranchBound,1,3,0.000018583,55,1
easy_061,Easy,BranchBound,1,4,0.000018500,55,1
easy_061,Easy,BranchBound,1,5,0.000018333,55,1
easy_061,Easy,BranchBoundMRV,1,1,0.000478333,44,1
easy_061,Easy,BranchBoundMRV,1,2,0.000470333,44,1
easy_061,Easy,BranchBoundMRV,1,3,0.000467042,44,1
easy_061,Easy,BranchBoundMRV,1,4,0.000466458,44,1
easy_061,Easy,BranchBoundMRV,1,5,0.000466916,44,1
easy_061,Easy,OpenMP,4,1,0.000558138,44,1
easy_061,Easy,OpenMP,4,2,0.000519991,44,1
easy_061,Easy,OpenMP,4,3,0.000521898,44,1
easy_061,Easy,OpenMP,4,4,0.000513077,44,1
easy_061,Easy,OpenMP,4,5,0.000513792,44,1
easy_061,Easy,OpenMP,8,1,0.000556946,44,1
easy_061,Easy,OpenMP,8,2,0.002017975,44,1
easy_061,Easy,OpenMP,8,3,0.002773046,44,1
easy_061,Easy,OpenMP,8,4,0.000554800,44,1
easy_061,Easy,OpenMP,8,5,0.000530958,44,1
easy_061,Easy,OpenMP,16,1,0.017393112,44,1
easy_061,Easy,OpenMP,16,2,0.030988932,44,1
easy_061,Easy,OpenMP,16,3,0.025573015,44,1
easy_061,Easy,OpenMP,16,4,0.023591995,44,1
easy_061,Easy,OpenMP,16,5,0.030147076,44,1
easy_061,Easy,OMP-BranchBoundMRV,4,1,0.000594139,44,1
easy_061,Easy,OMP-BranchBoundMRV,4,2,0.000605106,44,1
easy_061,Easy,OMP-BranchBoundMRV,4,3,0.000592947,44,1
easy_061,Easy,OMP-BranchBoundMRV,4,4,0.000578880,44,1
easy_061,Easy,OMP-BranchBoundMRV,4,5,0.000573874,44,1
easy_061,Easy,OMP-BranchBoundMRV,8,1,0.001108885,44,1
easy_061,Easy,OMP-BranchBoundMRV,8,2,0.000588894,44,1
easy_061,Easy,OMP-BranchBoundMRV,8,3,0.000638008,44,1
easy_061,Easy,OMP-BranchBoundMRV,8,4,0.000602007,44,1
easy_061,Easy,OMP-BranchBoundMRV,8,5,0.001694918,44,1
easy_061,Easy,OMP-BranchBoundMRV,16,1,0.006005049,44,1
easy_061,Easy,OMP-BranchBoundMRV,16,2,0.008471012,44,1
easy_061,Easy,OMP-BranchBoundMRV,16,3,0.010154009,44,1
easy_061,Easy,OMP-BranchBoundMRV,16,4,0.006068945,44,1
easy_061,Easy,OMP-BranchBoundMRV,16,5,0.009323835,44,1
easy_062,Easy,Serial,1,1,0.001001292,2326,1
easy_062,Easy,Serial,1,2,0.000934833,2326,1
easy_062,Easy,Serial,1,3,0.000901417,2326,1
easy_062,Easy,Serial,1,4,0.000901583,2326,1
easy_062,Easy,Serial,1,5,0.001041000,2326,1
easy_062,Easy,Serial-MRV,1,1,0.001242583,97,1
easy_062,Easy,Serial-MRV,1,2,0.001216208,97,1
easy_062,Easy,Serial-MRV,1,3,0.001321292,97,1
easy_062,Easy,Serial-MRV,1,4,0.001226709,97,1
easy_062,Easy,Serial-MRV,1,5,0.001215166,97,1
easy_062,Easy,BranchBound,1,1,0.000918167,2326,1
easy_062,Easy,BranchBound,1,2,0.001001166,2326,1
easy_062,Easy,BranchBound,1,3,0.000925542,2326,1
easy_062,Easy,BranchBound,1,4,0.000946500,2326,1
easy_062,Easy,BranchBound,1,5,0.001039292,2326,1
easy_062,Easy,BranchBoundMRV,1,1,0.001417208,97,1
easy_062,Easy,BranchBoundMRV,1,2,0.001357583,97,1
easy_062,Easy,BranchBoundMRV,1,3,0.001356333,97,1
easy_062,Easy,BranchBoundMRV,1,4,0.001427625,97,1
easy_062,Easy,BranchBoundMRV,1,5,0.001355584,97,1
easy_062,Easy,OpenMP,4,1,0.001552820,97,1
easy_062,Easy,OpenMP,4,2,0.001461983,97,1
easy_062,Easy,OpenMP,4,3,0.001454830,97,1
easy_062,Easy,OpenMP,4,4,0.001456022,97,1
easy_062,Easy,OpenMP,4,5,0.001456022,97,1
easy_062,Easy,OpenMP,8,1,0.001744986,97,1
easy_062,Easy,OpenMP,8,2,0.001478195,97,1
easy_062,Easy,OpenMP,8,3,0.001507998,97,1
easy_062,Easy,OpenMP,8,4,0.001486063,97,1
easy_062,Easy,OpenMP,8,5,0.001471996,97,1
easy_062,Easy,OpenMP,16,1,0.020347118,97,1
easy_062,Easy,OpenMP,16,2,0.039362907,97,1
easy_062,Easy,OpenMP,16,3,0.042528868,97,1
easy_062,Easy,OpenMP,16,4,0.023020029,97,1
easy_062,Easy,OpenMP,16,5,0.019449949,97,1
easy_062,Easy,OMP-BranchBoundMRV,4,1,0.001712084,97,1
easy_062,Easy,OMP-BranchBoundMRV,4,2,0.001549959,97,1
easy_062,Easy,OMP-BranchBoundMRV,4,3,0.001739025,97,1
easy_062,Easy,OMP-BranchBoundMRV,4,4,0.001554012,97,1
easy_062,Easy,OMP-BranchBoundMRV,4,5,0.001574993,97,1
easy_062,Easy,OMP-BranchBoundMRV,8,1,0.001779079,97,1
easy_062,Easy,OMP-BranchBoundMRV,8,2,0.001542091,97,1
easy_062,Easy,OMP-BranchBoundMRV,8,3,0.003111124,97,1
easy_062,Easy,OMP-BranchBoundMRV,8,4,0.003842831,97,1
easy_062,Easy,OMP-BranchBoundMRV,8,5,0.003735065,97,1
easy_062,Easy,OMP-BranchBoundMRV,16,1,0.012971163,97,1
easy_062,Easy,OMP-BranchBoundMRV,16,2,0.010998011,97,1
easy_062,Easy,OMP-BranchBoundMRV,16,3,0.010566950,97,1
easy_062,Easy,OMP-BranchBoundMRV,16,4,0.014055014,97,1
easy_062,Easy,OMP-BranchBoundMRV,16,5,0.020417929,97,1
easy_063,Easy,Serial,1,1,0.290562959,707417,1
easy_063,Easy,Serial,1,2,0.286755916,707417,1
easy_063,Easy,Serial,1,3,0.287749833,707417,1
easy_063,Easy,Serial,1,4,0.286399500,707417,1
easy_063,Easy,Serial,1,5,0.288886042,707417,1
easy_063,Easy,Serial-MRV,1,1,0.000798250,56,1
easy_063,Easy,Serial-MRV,1,2,0.000777875,56,1
easy_063,Easy,Serial-MRV,1,3,0.000776917,56,1
easy_063,Easy,Serial-MRV,1,4,0.000773250,56,1
easy_063,Easy,Serial-MRV,1,5,0.000772625,56,1
easy_063,Easy,BranchBound,1,1,0.292566833,707417,1
easy_063,Easy,BranchBound,1,2,0.288811000,707417,1
easy_063,Easy,BranchBound,1,3,0.288586417,707417,1
easy_063,Easy,BranchBound,1,4,0.288246667,707417,1
easy_063,Easy,BranchBound,1,5,0.290415792,707417,1
easy_063,Easy,BranchBoundMRV,1,1,0.000876958,56,1
easy_063,Easy,BranchBoundMRV,1,2,0.000852000,56,1
easy_063,Easy,BranchBoundMRV,1,3,0.000843000,56,1
easy_063,Easy,BranchBoundMRV,1,4,0.000850500,56,1
easy_063,Easy,BranchBoundMRV,1,5,0.000845083,56,1
easy_063,Easy,OpenMP,4,1,0.000938177,56,1
easy_063,Easy,OpenMP,4,2,0.000912905,56,1
easy_063,Easy,OpenMP,4,3,0.000918865,56,1
easy_063,Easy,OpenMP,4,4,0.000911951,56,1
easy_063,Easy,OpenMP,4,5,0.000912905,56,1
easy_063,Easy,OpenMP,8,1,0.000936031,56,1
easy_063,Easy,OpenMP,8,2,0.000921011,56,1
easy_063,Easy,OpenMP,8,3,0.000918865,56,1
easy_063,Easy,OpenMP,8,4,0.000918150,56,1
easy_063,Easy,OpenMP,8,5,0.000931025,56,1
easy_063,Easy,OpenMP,16,1,0.030323982,56,1
easy_063,Easy,OpenMP,16,2,0.023777962,56,1
easy_063,Easy,OpenMP,16,3,0.031462908,56,1
easy_063,Easy,OpenMP,16,4,0.027112961,56,1
easy_063,Easy,OpenMP,16,5,0.029386997,56,1
easy_063,Easy,OMP-BranchBoundMRV,4,1,0.001015902,56,1
easy_063,Easy,OMP-BranchBoundMRV,4,2,0.001019001,56,1
easy_063,Easy,OMP-BranchBoundMRV,4,3,0.001011133,56,1
easy_063,Easy,OMP-BranchBoundMRV,4,4,0.001004934,56,1
easy_063,Easy,OMP-BranchBoundMRV,4,5,0.001005888,56,1
easy_063,Easy,OMP-BranchBoundMRV,8,1,0.001029968,56,1
easy_063,Easy,OMP-BranchBoundMRV,8,2,0.001022816,56,1
easy_063,Easy,OMP-BranchBoundMRV,8,3,0.001014948,56,1
easy_063,Easy,OMP-BranchBoundMRV,8,4,0.001116991,56,1
easy_063,Easy,OMP-BranchBoundMRV,8,5,0.001018047,56,1
easy_063,Easy,OMP-BranchBoundMRV,16,1,0.038015127,56,1
easy_063,Easy,OMP-BranchBoundMRV,16,2,0.009590149,56,1
easy_063,Easy,OMP-BranchBoundMRV,16,3,0.004662991,56,1
easy_063,Easy,OMP-BranchBoundMRV,16,4,0.007573128,56,1
easy_063,Easy,OMP-BranchBoundMRV,16,5,0.006191969,56,1
easy_064,Easy,Serial,1,1,0.000079333,174,1
easy_064,Easy,Serial,1,2,0.000072584,174,1
easy_064,Easy,Serial,1,3,0.000073125,174,1
easy_064,Easy,Serial,1,4,0.000069375,174,1
easy_064,Easy,Serial,1,5,0.000069250,174,1
easy_064,Easy,Serial-MRV,1,1,0.000575875,49,1
easy_064,Easy,Serial-MRV,1,2,0.000596375,49,1
easy_064,Easy,Serial-MRV,1,3,0.000668583,49,1
easy_064,Easy,Serial-MRV,1,4,0.000581250,49,1
easy_064,Easy,Serial-MRV,1,5,0.000536959,49,1
easy_064,Easy,BranchBound,1,1,0.000074667,174,1
easy_064,Easy,BranchBound,1,2,0.000070375,174,1
easy_064,Easy,BranchBound,1,3,0.000070041,174,1
easy_064,Easy,BranchBound,1,4,0.000069834,174,1
easy_064,Easy,BranchBound,1,5,0.000069833,174,1
easy_064,Easy,BranchBoundMRV,1,1,0.000587416,49,1
easy_064,Easy,BranchBoundMRV,1,2,0.000616791,49,1
easy_064,Easy,BranchBoundMRV,1,3,0.000709167,49,1
easy_064,Easy,BranchBoundMRV,1,4,0.000602375,49,1
easy_064,Easy,BranchBoundMRV,1,5,0.000642708,49,1
easy_064,Easy,OpenMP,4,1,0.000651121,49,1
easy_064,Easy,OpenMP,4,2,0.000700951,49,1
easy_064,Easy,OpenMP,4,3,0.000640154,49,1
easy_064,Easy,OpenMP,4,4,0.000694036,49,1
easy_064,Easy,OpenMP,4,5,0.000648022,49,1
easy_064,Easy,OpenMP,8,1,0.000862122,49,1
easy_064,Easy,OpenMP,8,2,0.000681162,49,1
easy_064,Easy,OpenMP,8,3,0.000662088,49,1
easy_064,Easy,OpenMP,8,4,0.001450062,49,1
easy_064,Easy,OpenMP,8,5,0.000648022,49,1
easy_064,Easy,OpenMP,16,1,0.022176981,49,1
easy_064,Easy,OpenMP,16,2,0.028645039,49,1
easy_064,Easy,OpenMP,16,3,0.006654978,49,1
easy_064,Easy,OpenMP,16,4,0.010155201,49,1
easy_064,Easy,OpenMP,16,5,0.019923925,49,1
easy_064,Easy,OMP-BranchBoundMRV,4,1,0.000721931,49,1
easy_064,Easy,OMP-BranchBoundMRV,4,2,0.000717878,49,1
easy_064,Easy,OMP-BranchBoundMRV,4,3,0.000714779,49,1
easy_064,Easy,OMP-BranchBoundMRV,4,4,0.000712872,49,1
easy_064,Easy,OMP-BranchBoundMRV,4,5,0.000711918,49,1
easy_064,Easy,OMP-BranchBoundMRV,8,1,0.000725031,49,1
easy_064,Easy,OMP-BranchBoundMRV,8,2,0.000713110,49,1
easy_064,Easy,OMP-BranchBoundMRV,8,3,0.000712872,49,1
easy_064,Easy,OMP-BranchBoundMRV,8,4,0.000800848,49,1
easy_064,Easy,OMP-BranchBoundMRV,8,5,0.000838995,49,1
easy_064,Easy,OMP-BranchBoundMRV,16,1,0.030626059,49,1
easy_064,Easy,OMP-BranchBoundMRV,16,2,0.035240173,49,1
easy_064,Easy,OMP-BranchBoundMRV,16,3,0.027575016,49,1
easy_064,Easy,OMP-BranchBoundMRV,16,4,0.017949104,49,1
easy_064,Easy,OMP-BranchBoundMRV,16,5,0.008395910,49,1
easy_065,Easy,Serial,1,1,0.000087125,173,1
easy_065,Easy,Serial,1,2,0.000077542,173,1
easy_065,Easy,Serial,1,3,0.000069875,173,1
easy_065,Easy,Serial,1,4,0.000069666,173,1
easy_065,Easy,Serial,1,5,0.000069584,173,1
easy_065,Easy,Serial-MRV,1,1,0.000357959,41,1
easy_065,Easy,Serial-MRV,1,2,0.000347667,41,1
easy_065,Easy,Serial-MRV,1,3,0.000346916,41,1
easy_065,Easy,Serial-MRV,1,4,0.000346666,41,1
easy_065,Easy,Serial-MRV,1,5,0.000388667,41,1
easy_065,Easy,BranchBound,1,1,0.000084333,173,1
easy_065,Easy,BranchBound,1,2,0.000076000,173,1
easy_065,Easy,BranchBound,1,3,0.000110000,173,1
easy_065,Easy,BranchBound,1,4,0.000076500,173,1
easy_065,Easy,BranchBound,1,5,0.000086334,173,1
easy_065,Easy,BranchBoundMRV,1,1,0.000437125,41,1
easy_065,Easy,BranchBoundMRV,1,2,0.000392916,41,1
easy_065,Easy,BranchBoundMRV,1,3,0.000433250,41,1
easy_065,Easy,BranchBoundMRV,1,4,0.000426416,41,1
easy_065,Easy,BranchBoundMRV,1,5,0.000431375,41,1
easy_065,Easy,OpenMP,4,1,0.000446081,41,1
easy_065,Easy,OpenMP,4,2,0.000441074,41,1
easy_065,Easy,OpenMP,4,3,0.000674963,41,1
easy_065,Easy,OpenMP,4,4,0.000543833,41,1
easy_065,Easy,OpenMP,4,5,0.000447035,41,1
easy_065,Easy,OpenMP,8,1,0.000791788,41,1
easy_065,Easy,OpenMP,8,2,0.000441074,41,1
easy_065,Easy,OpenMP,8,3,0.000426054,41,1
easy_065,Easy,OpenMP,8,4,0.000468969,41,1
easy_065,Easy,OpenMP,8,5,0.000450850,41,1
easy_065,Easy,OpenMP,16,1,0.009979963,41,1
easy_065,Easy,OpenMP,16,2,0.008568048,41,1
easy_065,Easy,OpenMP,16,3,0.015521049,41,1
easy_065,Easy,OpenMP,16,4,0.006345987,41,1
easy_065,Easy,OpenMP,16,5,0.008388996,41,1
easy_065,Easy,OMP-BranchBoundMRV,4,1,0.000517130,41,1
easy_065,Easy,OMP-BranchBoundMRV,4,2,0.000506163,41,1
easy_065,Easy,OMP-BranchBoundMRV,4,3,0.000595093,41,1
easy_065,Easy,OMP-BranchBoundMRV,4,4,0.000504017,41,1
easy_065,Easy,OMP-BranchBoundMRV,4,5,0.000494003,41,1
easy_065,Easy,OMP-BranchBoundMRV,8,1,0.000506163,41,1
easy_065,Easy,OMP-BranchBoundMRV,8,2,0.001047134,41,1
easy_065,Easy,OMP-BranchBoundMRV,8,3,0.001132965,41,1
easy_065,Easy,OMP-BranchBoundMRV,8,4,0.000506878,41,1
easy_065,Easy,OMP-BranchBoundMRV,8,5,0.000494957,41,1
easy_065,Easy,OMP-BranchBoundMRV,16,1,0.006124973,41,1
easy_065,Easy,OMP-BranchBoundMRV,16,2,0.010919094,41,1
easy_065,Easy,OMP-BranchBoundMRV,16,3,0.006633997,41,1
easy_065,Easy,OMP-BranchBoundMRV,16,4,0.038066864,41,1
easy_065,Easy,OMP-BranchBoundMRV,16,5,0.036631107,41,1
easy_066,Easy,Serial,1,1,0.000617209,1386,1
easy_066,Easy,Serial,1,2,0.000540166,1386,1
easy_066,Easy,Serial,1,3,0.000539750,1386,1
easy_066,Easy,Serial,1,4,0.000542959,1386,1
easy_066,Easy,Serial,1,5,0.000539750,1386,1
easy_066,Easy,Serial-MRV,1,1,0.000427041,44,1
easy_066,Easy,Serial-MRV,1,2,0.000421917,44,1
easy_066,Easy,Serial-MRV,1,3,0.000420959,44,1
easy_066,Easy,Serial-MRV,1,4,0.000423583,44,1
easy_066,Easy,Serial-MRV,1,5,0.000420416,44,1
easy_066,Easy,BranchBound,1,1,0.000549333,1386,1
easy_066,Easy,BranchBound,1,2,0.000542333,1386,1
easy_066,Easy,BranchBound,1,3,0.000550917,1386,1
easy_066,Easy,BranchBound,1,4,0.000553667,1386,1
easy_066,Easy,BranchBound,1,5,0.000567042,1386,1
easy_066,Easy,BranchBoundMRV,1,1,0.000466792,44,1
easy_066,Easy,BranchBoundMRV,1,2,0.000456958,44,1
easy_066,Easy,BranchBoundMRV,1,3,0.000456583,44,1
easy_066,Easy,BranchBoundMRV,1,4,0.000456083,44,1
easy_066,Easy,BranchBoundMRV,1,5,0.000461125,44,1
easy_066,Easy,OpenMP,4,1,0.000519991,44,1
easy_066,Easy,OpenMP,4,2,0.000512838,44,1
easy_066,Easy,OpenMP,4,3,0.000501871,44,1
easy_066,Easy,OpenMP,4,4,0.000509024,44,1
easy_066,Easy,OpenMP,4,5,0.000504017,44,1
easy_066,Easy,OpenMP,8,1,0.000605106,44,1
easy_066,Easy,OpenMP,8,2,0.000498056,44,1
easy_066,Easy,OpenMP,8,3,0.001147032,44,1
easy_066,Easy,OpenMP,8,4,0.000510931,44,1
easy_066,Easy,OpenMP,8,5,0.001176119,44,1
easy_066,Easy,OpenMP,16,1,0.025185108,44,1
easy_066,Easy,OpenMP,16,2,0.028994083,44,1
easy_066,Easy,OpenMP,16,3,0.010379076,44,1
easy_066,Easy,OpenMP,16,4,0.008843899,44,1
easy_066,Easy,OpenMP,16,5,0.014066935,44,1
easy_066,Easy,OMP-BranchBoundMRV,4,1,0.000647068,44,1
easy_066,Easy,OMP-BranchBoundMRV,4,2,0.000576973,44,1
easy_066,Easy,OMP-BranchBoundMRV,4,3,0.000565052,44,1
easy_066,Easy,OMP-BranchBoundMRV,4,4,0.000755072,44,1
easy_066,Easy,OMP-BranchBoundMRV,4,5,0.000630856,44,1
easy_066,Easy,OMP-BranchBoundMRV,8,1,0.001219988,44,1
easy_066,Easy,OMP-BranchBoundMRV,8,2,0.000869989,44,1
easy_066,Easy,OMP-BranchBoundMRV,8,3,0.001206875,44,1
easy_066,Easy,OMP-BranchBoundMRV,8,4,0.001477003,44,1
easy_066,Easy,OMP-BranchBoundMRV,8,5,0.001296043,44,1
easy_066,Easy,OMP-BranchBoundMRV,16,1,0.009288073,44,1
easy_066,Easy,OMP-BranchBoundMRV,16,2,0.007951021,44,1
easy_066,Easy,OMP-BranchBoundMRV,16,3,0.005650997,44,1
easy_066,Easy,OMP-BranchBoundMRV,16,4,0.004890203,44,1
easy_066,Easy,OMP-BranchBoundMRV,16,5,0.044147015,44,1
easy_067,Easy,Serial,1,1,0.021008333,53245,1
easy_067,Easy,Serial,1,2,0.020926875,53245,1
easy_067,Easy,Serial,1,3,0.021029125,53245,1
easy_067,Easy,Serial,1,4,0.020978167,53245,1
easy_067,Easy,Serial,1,5,0.020906000,53245,1
easy_067,Easy,Serial-MRV,1,1,0.000703500,53,1
easy_067,Easy,Serial-MRV,1,2,0.000695458,53,1
easy_067,Easy,Serial-MRV,1,3,0.000697375,53,1
easy_067,Easy,Serial-MRV,1,4,0.000693625,53,1
easy_067,Easy,Serial-MRV,1,5,0.000693417,53,1
easy_067,Easy,BranchBound,1,1,0.021989375,53245,1
easy_067,Easy,BranchBound,1,2,0.022034416,53245,1
easy_067,Easy,BranchBound,1,3,0.022393875,53245,1
easy_067,Easy,BranchBound,1,4,0.022182250,53245,1
easy_067,Easy,BranchBound,1,5,0.022097458,53245,1
easy_067,Easy,BranchBoundMRV,1,1,0.000750833,53,1
easy_067,Easy,BranchBoundMRV,1,2,0.000834625,53,1
easy_067,Easy,BranchBoundMRV,1,3,0.000779958,53,1
easy_067,Easy,BranchBoundMRV,1,4,0.000799416,53,1
easy_067,Easy,BranchBoundMRV,1,5,0.000750458,53,1
easy_067,Easy,OpenMP,4,1,0.000808954,53,1
easy_067,Easy,OpenMP,4,2,0.000784874,53,1
easy_067,Easy,OpenMP,4,3,0.000783920,53,1
easy_067,Easy,OpenMP,4,4,0.000784159,53,1
easy_067,Easy,OpenMP,4,5,0.000782013,53,1
easy_067,Easy,OpenMP,8,1,0.000849009,53,1
easy_067,Easy,OpenMP,8,2,0.000794172,53,1
easy_067,Easy,OpenMP,8,3,0.000883102,53,1
easy_067,Easy,OpenMP,8,4,0.001749992,53,1
easy_067,Easy,OpenMP,8,5,0.000791073,53,1
easy_067,Easy,OpenMP,16,1,0.014817953,53,1
easy_067,Easy,OpenMP,16,2,0.021634817,53,1
easy_067,Easy,OpenMP,16,3,0.010181904,53,1
easy_067,Easy,OpenMP,16,4,0.027234077,53,1
easy_067,Easy,OpenMP,16,5,0.006958961,53,1
easy_067,Easy,OMP-BranchBoundMRV,4,1,0.000912905,53,1
easy_067,Easy,OMP-BranchBoundMRV,4,2,0.000869989,53,1
easy_067,Easy,OMP-BranchBoundMRV,4,3,0.000870943,53,1
easy_067,Easy,OMP-BranchBoundMRV,4,4,0.000867844,53,1
easy_067,Easy,OMP-BranchBoundMRV,4,5,0.000869989,53,1
easy_067,Easy,OMP-BranchBoundMRV,8,1,0.000894785,53,1
easy_067,Easy,OMP-BranchBoundMRV,8,2,0.001844883,53,1
easy_067,Easy,OMP-BranchBoundMRV,8,3,0.001839161,53,1
easy_067,Easy,OMP-BranchBoundMRV,8,4,0.000873089,53,1
easy_067,Easy,OMP-BranchBoundMRV,8,5,0.001991987,53,1
easy_067,Easy,OMP-BranchBoundMRV,16,1,0.082499981,53,1
easy_067,Easy,OMP-BranchBoundMRV,16,2,0.030855894,53,1
easy_067,Easy,OMP-BranchBoundMRV,16,3,0.008945942,53,1
easy_067,Easy,OMP-BranchBoundMRV,16,4,0.006975889,53,1
easy_067,Easy,OMP-BranchBoundMRV,16,5,0.008150816,53,1
easy_068,Easy,Serial,1,1,0.000198959,415,1
easy_068,Easy,Serial,1,2,0.000158250,415,1
easy_068,Easy,Serial,1,3,0.000161208,415,1
easy_068,Easy,Serial,1,4,0.000167083,415,1
easy_068,Easy,Serial,1,5,0.000161792,415,1
easy_068,Easy,Serial-MRV,1,1,0.000744667,61,1
easy_068,Easy,Serial-MRV,1,2,0.000793333,61,1
easy_068,Easy,Serial-MRV,1,3,0.000751625,61,1
easy_068,Easy,Serial-MRV,1,4,0.000777667,61,1
easy_068,Easy,Serial-MRV,1,5,0.000721792,61,1
easy_068,Easy,BranchBound,1,1,0.000165209,415,1
easy_068,Easy,BranchBound,1,2,0.000155459,415,1
easy_068,Easy,BranchBound,1,3,0.000155000,415,1
easy_068,Easy,BranchBound,1,4,0.000154833,415,1
easy_068,Easy,BranchBound,1,5,0.000158042,415,1
easy_068,Easy,BranchBoundMRV,1,1,0.000832625,61,1
easy_068,Easy,BranchBoundMRV,1,2,0.000817958,61,1
easy_068,Easy,BranchBoundMRV,1,3,0.000812916,61,1
easy_068,Easy,BranchBoundMRV,1,4,0.000787625,61,1
easy_068,Easy,BranchBoundMRV,1,5,0.000816833,61,1
easy_068,Easy,OpenMP,4,1,0.000531912,63,1
easy_068,Easy,OpenMP,4,2,0.000550032,63,1
easy_068,Easy,OpenMP,4,3,0.000514030,63,1
easy_068,Easy,OpenMP,4,4,0.000544071,63,1
easy_068,Easy,OpenMP,4,5,0.000499964,63,1
easy_068,Easy,OpenMP,8,1,0.000534058,63,1
easy_068,Easy,OpenMP,8,2,0.001180887,63,1
easy_068,Easy,OpenMP,8,3,0.001460075,63,1
easy_068,Easy,OpenMP,8,4,0.000565052,63,1
easy_068,Easy,OpenMP,8,5,0.000741005,63,1
easy_068,Easy,OpenMP,16,1,0.016206980,63,1
easy_068,Easy,OpenMP,16,2,0.018762827,63,1
easy_068,Easy,OpenMP,16,3,0.002285004,63,1
easy_068,Easy,OpenMP,16,4,0.018379927,63,1
easy_068,Easy,OpenMP,16,5,0.012960911,63,1
easy_068,Easy,OMP-BranchBoundMRV,4,1,0.000640869,63,1
easy_068,Easy,OMP-BranchBoundMRV,4,2,0.000630856,63,1
easy_068,Easy,OMP-BranchBoundMRV,4,3,0.000618935,63,1
easy_068,Easy,OMP-BranchBoundMRV,4,4,0.000627995,63,1
easy_068,Easy,OMP-BranchBoundMRV,4,5,0.000623941,63,1
easy_068,Easy,OMP-BranchBoundMRV,8,1,0.000766993,63,1
easy_068,Easy,OMP-BranchBoundMRV,8,2,0.000627995,63,1
easy_068,Easy,OMP-BranchBoundMRV,8,3,0.000720978,63,1
easy_068,Easy,OMP-BranchBoundMRV,8,4,0.000629902,63,1
easy_068,Easy,OMP-BranchBoundMRV,8,5,0.000624895,63,1
easy_068,Easy,OMP-BranchBoundMRV,16,1,0.006999969,63,1
easy_068,Easy,OMP-BranchBoundMRV,16,2,0.020090103,63,1
easy_068,Easy,OMP-BranchBoundMRV,16,3,0.023272991,63,1
easy_068,Easy,OMP-BranchBoundMRV,16,4,0.030426025,63,1
easy_068,Easy,OMP-BranchBoundMRV,16,5,0.051809072,63,1
easy_069,Easy,Serial,1,1,0.000542542,1078,1
easy_069,Easy,Serial,1,2,0.000453667,1078,1
easy_069,Easy,Serial,1,3,0.000434750,1078,1
easy_069,Easy,Serial,1,4,0.000459542,1078,1
easy_069,Easy,Serial,1,5,0.000450750,1078,1
easy_069,Easy,Serial-MRV,1,1,0.000493250,45,1
easy_069,Easy,Serial-MRV,1,2,0.000485458,45,1
easy_069,Easy,Serial-MRV,1,3,0.000485208,45,1
easy_069,Easy,Serial-MRV,1,4,0.000484542,45,1
easy_069,Easy,Serial-MRV,1,5,0.000584792,45,1
easy_069,Easy,BranchBound,1,1,0.000508458,1078,1
easy_069,Easy,BranchBound,1,2,0.000438625,1078,1
easy_069,Easy,BranchBound,1,3,0.000451791,1078,1
easy_069,Easy,BranchBound,1,4,0.000490875,1078,1
easy_069,Easy,BranchBound,1,5,0.000425166,1078,1
easy_069,Easy,BranchBoundMRV,1,1,0.000507208,45,1
easy_069,Easy,BranchBoundMRV,1,2,0.000504334,45,1
easy_069,Easy,BranchBoundMRV,1,3,0.000568792,45,1
easy_069,Easy,BranchBoundMRV,1,4,0.000600083,45,1
easy_069,Easy,BranchBoundMRV,1,5,0.000522416,45,1
easy_069,Easy,OpenMP,4,1,0.000607967,45,1
easy_069,Easy,OpenMP,4,2,0.000559092,45,1
easy_069,Easy,OpenMP,4,3,0.000551939,45,1
easy_069,Easy,OpenMP,4,4,0.000552893,45,1
easy_069,Easy,OpenMP,4,5,0.000549078,45,1
easy_069,Easy,OpenMP,8,1,0.000653028,45,1
easy_069,Easy,OpenMP,8,2,0.000570059,45,1
easy_069,Easy,OpenMP,8,3,0.000560999,45,1
easy_069,Easy,OpenMP,8,4,0.000550032,45,1
easy_069,Easy,OpenMP,8,5,0.000560999,45,1
easy_069,Easy,OpenMP,16,1,0.030507088,45,1
easy_069,Easy,OpenMP,16,2,0.012070179,45,1
easy_069,Easy,OpenMP,16,3,0.006535053,45,1
easy_069,Easy,OpenMP,16,4,0.009786129,45,1
easy_069,Easy,OpenMP,16,5,0.015996933,45,1
easy_069,Easy,OMP-BranchBoundMRV,4,1,0.000636816,45,1
easy_069,Easy,OMP-BranchBoundMRV,4,2,0.000645876,45,1
easy_069,Easy,OMP-BranchBoundMRV,4,3,0.000618935,45,1
easy_069,Easy,OMP-BranchBoundMRV,4,4,0.000647068,45,1
easy_069,Easy,OMP-BranchBoundMRV,4,5,0.000619888,45,1
easy_069,Easy,OMP-BranchBoundMRV,8,1,0.000630856,45,1
easy_069,Easy,OMP-BranchBoundMRV,8,2,0.000610828,45,1
easy_069,Easy,OMP-BranchBoundMRV,8,3,0.000617027,45,1
easy_069,Easy,OMP-BranchBoundMRV,8,4,0.000620127,45,1
easy_069,Easy,OMP-BranchBoundMRV,8,5,0.000679970,45,1
easy_069,Easy,OMP-BranchBoundMRV,16,1,0.011451960,45,1
easy_069,Easy,OMP-BranchBoundMRV,16,2,0.013595819,45,1
easy_069,Easy,OMP-BranchBoundMRV,16,3,0.030160904,45,1
easy_069,Easy,OMP-BranchBoundMRV,16,4,0.034828901,45,1
easy_069,Easy,OMP-BranchBoundMRV,16,5,0.021193027,45,1
easy_070,Easy,Serial,1,1,0.000036041,77,1
easy_070,Easy,Serial,1,2,0.000039042,77,1
easy_070,Easy,Serial,1,3,0.000028083,77,1
easy_070,Easy,Serial,1,4,0.000027375,77,1
easy_070,Easy,Serial,1,5,0.000027375,77,1
easy_070,Easy,Serial-MRV,1,1,0.000454208,44,1
easy_070,Easy,Serial-MRV,1,2,0.000419625,44,1
easy_070,Easy,Serial-MRV,1,3,0.000447625,44,1
easy_070,Easy,Serial-MRV,1,4,0.000504792,44,1
easy_070,Easy,Serial-MRV,1,5,0.000417250,44,1
easy_070,Easy,BranchBound,1,1,0.000031666,77,1
easy_070,Easy,BranchBound,1,2,0.000028167,77,1
easy_070,Easy,BranchBound,1,3,0.000027541,77,1
easy_070,Easy,BranchBound,1,4,0.000027459,77,1
easy_070,Easy,BranchBound,1,5,0.000027417,77,1
easy_070,Easy,BranchBoundMRV,1,1,0.000518250,44,1
easy_070,Easy,BranchBoundMRV,1,2,0.000478500,44,1
easy_070,Easy,BranchBoundMRV,1,3,0.000462584,44,1
easy_070,Easy,BranchBoundMRV,1,4,0.000462333,44,1
easy_070,Easy,BranchBoundMRV,1,5,0.000465333,44,1
easy_070,Easy,OpenMP,4,1,0.000539064,44,1
easy_070,Easy,OpenMP,4,2,0.000587225,44,1
easy_070,Easy,OpenMP,4,3,0.000534058,44,1
easy_070,Easy,OpenMP,4,4,0.000516176,44,1
easy_070,Easy,OpenMP,4,5,0.000516891,44,1
easy_070,Easy,OpenMP,8,1,0.000888109,44,1
easy_070,Easy,OpenMP,8,2,0.000566006,44,1
easy_070,Easy,OpenMP,8,3,0.001001120,44,1
easy_070,Easy,OpenMP,8,4,0.000719070,44,1
easy_070,Easy,OpenMP,8,5,0.000533104,44,1
easy_070,Easy,OpenMP,16,1,0.014106989,44,1
easy_070,Easy,OpenMP,16,2,0.008898020,44,1
easy_070,Easy,OpenMP,16,3,0.012166023,44,1
easy_070,Easy,OpenMP,16,4,0.008994102,44,1
easy_070,Easy,OpenMP,16,5,0.007036209,44,1
easy_070,Easy,OMP-BranchBoundMRV,4,1,0.000586033,44,1
easy_070,Easy,OMP-BranchBoundMRV,4,2,0.000578880,44,1
easy_070,Easy,OMP-BranchBoundMRV,4,3,0.000611067,44,1
easy_070,Easy,OMP-BranchBoundMRV,4,4,0.000581980,44,1
easy_070,Easy,OMP-BranchBoundMRV,4,5,0.000576973,44,1
easy_070,Easy,OMP-BranchBoundMRV,8,1,0.001133919,44,1
easy_070,Easy,OMP-BranchBoundMRV,8,2,0.000596046,44,1
easy_070,Easy,OMP-BranchBoundMRV,8,3,0.000589132,44,1
easy_070,Easy,OMP-BranchBoundMRV,8,4,0.000614166,44,1
easy_070,Easy,OMP-BranchBoundMRV,8,5,0.000583887,44,1
easy_070,Easy,OMP-BranchBoundMRV,16,1,0.010334969,44,1
easy_070,Easy,OMP-BranchBoundMRV,16,2,0.004770041,44,1
easy_070,Easy,OMP-BranchBoundMRV,16,3,0.012665033,44,1
easy_070,Easy,OMP-BranchBoundMRV,16,4,0.011824846,44,1
easy_070,Easy,OMP-BranchBoundMRV,16,5,0.010200977,44,1
easy_071,Easy,Serial,1,1,0.000147000,318,1
easy_071,Easy,Serial,1,2,0.000136542,318,1
easy_071,Easy,Serial,1,3,0.000135958,318,1
easy_071,Easy,Serial,1,4,0.000135750,318,1
easy_071,Easy,Serial,1,5,0.000135583,318,1
easy_071,Easy,Serial-MRV,1,1,0.000676584,53,1
easy_071,Easy,Serial-MRV,1,2,0.000670500,53,1
easy_071,Easy,Serial-MRV,1,3,0.000666792,53,1
easy_071,Easy,Serial-MRV,1,4,0.000667375,53,1
easy_071,Easy,Serial-MRV,1,5,0.000668917,53,1
easy_071,Easy,BranchBound,1,1,0.000142250,318,1
easy_071,Easy,BranchBound,1,2,0.000137458,318,1
easy_071,Easy,BranchBound,1,3,0.000136833,318,1
easy_071,Easy,BranchBound,1,4,0.000136709,318,1
easy_071,Easy,BranchBound,1,5,0.000136666,318,1
easy_071,Easy,BranchBoundMRV,1,1,0.000744042,53,1
easy_071,Easy,BranchBoundMRV,1,2,0.000736750,53,1
easy_071,Easy,BranchBoundMRV,1,3,0.000751875,53,1
easy_071,Easy,BranchBoundMRV,1,4,0.000732750,53,1
easy_071,Easy,BranchBoundMRV,1,5,0.000735792,53,1
easy_071,Easy,OpenMP,4,1,0.000813007,53,1
easy_071,Easy,OpenMP,4,2,0.000810146,53,1
easy_071,Easy,OpenMP,4,3,0.000795126,53,1
easy_071,Easy,OpenMP,4,4,0.000797033,53,1
easy_071,Easy,OpenMP,4,5,0.000794888,53,1
easy_071,Easy,OpenMP,8,1,0.000814915,53,1
easy_071,Easy,OpenMP,8,2,0.000828028,53,1
easy_071,Easy,OpenMP,8,3,0.000812054,53,1
easy_071,Easy,OpenMP,8,4,0.001780987,53,1
easy_071,Easy,OpenMP,8,5,0.000790834,53,1
easy_071,Easy,OpenMP,16,1,0.022086143,53,1
easy_071,Easy,OpenMP,16,2,0.026845932,53,1
easy_071,Easy,OpenMP,16,3,0.023000956,53,1
easy_071,Easy,OpenMP,16,4,0.022542000,53,1
easy_071,Easy,OpenMP,16,5,0.020254135,53,1
easy_071,Easy,OMP-BranchBoundMRV,4,1,0.000916958,53,1
easy_071,Easy,OMP-BranchBoundMRV,4,2,0.000925064,53,1
easy_071,Easy,OMP-BranchBoundMRV,4,3,0.000891924,53,1
easy_071,Easy,OMP-BranchBoundMRV,4,4,0.000888824,53,1
easy_071,Easy,OMP-BranchBoundMRV,4,5,0.001023054,53,1
easy_071,Easy,OMP-BranchBoundMRV,8,1,0.002070189,53,1
easy_071,Easy,OMP-BranchBoundMRV,8,2,0.002161026,53,1
easy_071,Easy,OMP-BranchBoundMRV,8,3,0.001064062,53,1
easy_071,Easy,OMP-BranchBoundMRV,8,4,0.000905037,53,1
easy_071,Easy,OMP-BranchBoundMRV,8,5,0.002054930,53,1
easy_071,Easy,OMP-BranchBoundMRV,16,1,0.009909868,53,1
easy_071,Easy,OMP-BranchBoundMRV,16,2,0.005569220,53,1
easy_071,Easy,OMP-BranchBoundMRV,16,3,0.010142088,53,1
easy_071,Easy,OMP-BranchBoundMRV,16,4,0.021713972,53,1
easy_071,Easy,OMP-BranchBoundMRV,16,5,0.010517836,53,1
easy_072,Easy,Serial,1,1,0.000295750,682,1
easy_072,Easy,Serial,1,2,0.000284583,682,1
easy_072,Easy,Serial,1,3,0.000284083,682,1
easy_072,Easy,Serial,1,4,0.000284958,682,1
easy_072,Easy,Serial,1,5,0.000284416,682,1
easy_072,Easy,Serial-MRV,1,1,0.000648333,53,1
easy_072,Easy,Serial-MRV,1,2,0.000644084,53,1
easy_072,Easy,Serial-MRV,1,3,0.000649500,53,1
easy_072,Easy,Serial-MRV,1,4,0.000642833,53,1
easy_072,Easy,Serial-MRV,1,5,0.000651167,53,1
easy_072,Easy,BranchBound,1,1,0.000295542,682,1
easy_072,Easy,BranchBound,1,2,0.000288500,682,1
easy_072,Easy,BranchBound,1,3,0.000287166,682,1
easy_072,Easy,BranchBound,1,4,0.000286959,682,1
easy_072,Easy,BranchBound,1,5,0.000288500,682,1
easy_072,Easy,BranchBoundMRV,1,1,0.000697375,53,1
easy_072,Easy,BranchBoundMRV,1,2,0.000695000,53,1
easy_072,Easy,BranchBoundMRV,1,3,0.000698042,53,1
easy_072,Easy,BranchBoundMRV,1,4,0.000690167,53,1
easy_072,Easy,BranchBoundMRV,1,5,0.000694083,53,1
easy_072,Easy,OpenMP,4,1,0.000764132,53,1
easy_072,Easy,OpenMP,4,2,0.000767946,53,1
easy_072,Easy,OpenMP,4,3,0.000753880,53,1
easy_072,Easy,OpenMP,4,4,0.000789165,53,1
easy_072,Easy,OpenMP,4,5,0.000760078,53,1
easy_072,Easy,OpenMP,8,1,0.001949072,53,1
easy_072,Easy,OpenMP,8,2,0.001718998,53,1
easy_072,Easy,OpenMP,8,3,0.001369953,53,1
easy_072,Easy,OpenMP,8,4,0.001093864,53,1
easy_072,Easy,OpenMP,8,5,0.001649857,53,1
easy_072,Easy,OpenMP,16,1,0.008782148,53,1
easy_072,Easy,OpenMP,16,2,0.019165039,53,1
easy_072,Easy,OpenMP,16,3,0.027585030,53,1
easy_072,Easy,OpenMP,16,4,0.040968180,53,1
easy_072,Easy,OpenMP,16,5,0.020877123,53,1
easy_072,Easy,OMP-BranchBoundMRV,4,1,0.000847101,53,1
easy_072,Easy,OMP-BranchBoundMRV,4,2,0.001025915,53,1
easy_072,Easy,OMP-BranchBoundMRV,4,3,0.000888109,53,1
easy_072,Easy,OMP-BranchBoundMRV,4,4,0.000863075,53,1
easy_072,Easy,OMP-BranchBoundMRV,4,5,0.000835896,53,1
easy_072,Easy,OMP-BranchBoundMRV,8,1,0.000851870,53,1
easy_072,Easy,OMP-BranchBoundMRV,8,2,0.000897169,53,1
easy_072,Easy,OMP-BranchBoundMRV,8,3,0.000844955,53,1
easy_072,Easy,OMP-BranchBoundMRV,8,4,0.000851870,53,1
easy_072,Easy,OMP-BranchBoundMRV,8,5,0.000917912,53,1
easy_072,Easy,OMP-BranchBoundMRV,16,1,0.012516975,53,1
easy_072,Easy,OMP-BranchBoundMRV,16,2,0.012712002,53,1
easy_072,Easy,OMP-BranchBoundMRV,16,3,0.012809992,53,1
easy_072,Easy,OMP-BranchBoundMRV,16,4,0.010226011,53,1
easy_072,Easy,OMP-BranchBoundMRV,16,5,0.009279966,53,1
easy_073,Easy,Serial,1,1,0.001860042,4635,1
easy_073,Easy,Serial,1,2,0.001935125,4635,1
easy_073,Easy,Serial,1,3,0.001906125,4635,1
easy_073,Easy,Serial,1,4,0.002028666,4635,1
easy_073,Easy,Serial,1,5,0.001863500,4635,1
easy_073,Easy,Serial-MRV,1,1,0.000679667,53,1
easy_073,Easy,Serial-MRV,1,2,0.000770083,53,1
easy_073,Easy,Serial-MRV,1,3,0.000694166,53,1
easy_073,Easy,Serial-MRV,1,4,0.000703000,53,1
easy_073,Easy,Serial-MRV,1,5,0.000718375,53,1
easy_073,Easy,BranchBound,1,1,0.001995125,4635,1
easy_073,Easy,BranchBound,1,2,0.001878292,4635,1
easy_073,Easy,BranchBound,1,3,0.001881291,4635,1
easy_073,Easy,BranchBound,1,4,0.001939458,4635,1
easy_073,Easy,BranchBound,1,5,0.001906333,4635,1
easy_073,Easy,BranchBoundMRV,1,1,0.000787041,53,1
easy_073,Easy,BranchBoundMRV,1,2,0.000752541,53,1
easy_073,Easy,BranchBoundMRV,1,3,0.000742000,53,1
easy_073,Easy,BranchBoundMRV,1,4,0.000853083,53,1
easy_073,Easy,BranchBoundMRV,1,5,0.000728791,53,1
easy_073,Easy,OpenMP,4,1,0.000795126,56,1
easy_073,Easy,OpenMP,4,2,0.000771999,56,1
easy_073,Easy,OpenMP,4,3,0.000779152,56,1
easy_073,Easy,OpenMP,4,4,0.000771046,56,1
easy_073,Easy,OpenMP,4,5,0.000769138,56,1
easy_073,Easy,OpenMP,8,1,0.000795841,56,1
easy_073,Easy,OpenMP,8,2,0.000793934,56,1
easy_073,Easy,OpenMP,8,3,0.001789808,56,1
easy_073,Easy,OpenMP,8,4,0.000771999,56,1
easy_073,Easy,OpenMP,8,5,0.000764132,56,1
easy_073,Easy,OpenMP,16,1,0.040076017,56,1
easy_073,Easy,OpenMP,16,2,0.025132895,56,1
easy_073,Easy,OpenMP,16,3,0.030073881,56,1
easy_073,Easy,OpenMP,16,4,0.024866104,56,1
easy_073,Easy,OpenMP,16,5,0.024038076,56,1
easy_073,Easy,OMP-BranchBoundMRV,4,1,0.000994921,56,1
easy_073,Easy,OMP-BranchBoundMRV,4,2,0.000907183,56,1
easy_073,Easy,OMP-BranchBoundMRV,4,3,0.000898123,56,1
easy_073,Easy,OMP-BranchBoundMRV,4,4,0.000854015,56,1
easy_073,Easy,OMP-BranchBoundMRV,4,5,0.000858784,56,1
easy_073,Easy,OMP-BranchBoundMRV,8,1,0.000905037,56,1
easy_073,Easy,OMP-BranchBoundMRV,8,2,0.000879049,56,1
easy_073,Easy,OMP-BranchBoundMRV,8,3,0.000875950,56,1
easy_073,Easy,OMP-BranchBoundMRV,8,4,0.002247810,56,1
easy_073,Easy,OMP-BranchBoundMRV,8,5,0.001019001,56,1
easy_073,Easy,OMP-BranchBoundMRV,16,1,0.021209002,56,1
easy_073,Easy,OMP-BranchBoundMRV,16,2,0.010216951,56,1
easy_073,Easy,OMP-BranchBoundMRV,16,3,0.009152174,56,1
easy_073,Easy,OMP-BranchBoundMRV,16,4,0.017484903,56,1
easy_073,Easy,OMP-BranchBoundMRV,16,5,0.022207975,56,1
easy_074,Easy,Serial,1,1,0.003336583,8304,1
easy_074,Easy,Serial,1,2,0.003352125,8304,1
easy_074,Easy,Serial,1,3,0.003240375,8304,1
easy_074,Easy,Serial,1,4,0.003262042,8304,1
easy_074,Easy,Serial,1,5,0.003241791,8304,1
easy_074,Easy,Serial-MRV,1,1,0.000693959,59,1
easy_074,Easy,Serial-MRV,1,2,0.000691208,59,1
easy_074,Easy,Serial-MRV,1,3,0.000687750,59,1
easy_074,Easy,Serial-MRV,1,4,0.000764625,59,1
easy_074,Easy,Serial-MRV,1,5,0.000694042,59,1
easy_074,Easy,BranchBound,1,1,0.003264458,8304,1
easy_074,Easy,BranchBound,1,2,0.003255792,8304,1
easy_074,Easy,BranchBound,1,3,0.003382875,8304,1
easy_074,Easy,BranchBound,1,4,0.003292083,8304,1
easy_074,Easy,BranchBound,1,5,0.003254541,8304,1
easy_074,Easy,BranchBoundMRV,1,1,0.000787042,59,1
easy_074,Easy,BranchBoundMRV,1,2,0.000781042,59,1
easy_074,Easy,BranchBoundMRV,1,3,0.000777375,59,1
easy_074,Easy,BranchBoundMRV,1,4,0.000779584,59,1
easy_074,Easy,BranchBoundMRV,1,5,0.000783083,59,1
easy_074,Easy,OpenMP,4,1,0.000859022,59,1
easy_074,Easy,OpenMP,4,2,0.000854969,59,1
easy_074,Easy,OpenMP,4,3,0.000848055,59,1
easy_074,Easy,OpenMP,4,4,0.000908136,59,1
easy_074,Easy,OpenMP,4,5,0.000842094,59,1
easy_074,Easy,OpenMP,8,1,0.000865936,59,1
easy_074,Easy,OpenMP,8,2,0.000863075,59,1
easy_074,Easy,OpenMP,8,3,0.000855207,59,1
easy_074,Easy,OpenMP,8,4,0.000853062,59,1
easy_074,Easy,OpenMP,8,5,0.000851154,59,1
easy_074,Easy,OpenMP,16,1,0.025047064,59,1
easy_074,Easy,OpenMP,16,2,0.016504049,59,1
easy_074,Easy,OpenMP,16,3,0.010059118,59,1
easy_074,Easy,OpenMP,16,4,0.027518988,59,1
easy_074,Easy,OpenMP,16,5,0.010968924,59,1
easy_074,Easy,OMP-BranchBoundMRV,4,1,0.001012087,59,1
easy_074,Easy,OMP-BranchBoundMRV,4,2,0.001002789,59,1
easy_074,Easy,OMP-BranchBoundMRV,4,3,0.001103878,59,1
easy_074,Easy,OMP-BranchBoundMRV,4,4,0.001004934,59,1
easy_074,Easy,OMP-BranchBoundMRV,4,5,0.000940800,59,1
easy_074,Easy,OMP-BranchBoundMRV,8,1,0.000956059,59,1
easy_074,Easy,OMP-BranchBoundMRV,8,2,0.001032114,59,1
easy_074,Easy,OMP-BranchBoundMRV,8,3,0.001038074,59,1
easy_074,Easy,OMP-BranchBoundMRV,8,4,0.000961065,59,1
easy_074,Easy,OMP-BranchBoundMRV,8,5,0.001183033,59,1
easy_074,Easy,OMP-BranchBoundMRV,16,1,0.012048960,59,1
easy_074,Easy,OMP-BranchBoundMRV,16,2,0.008590937,59,1
easy_074,Easy,OMP-BranchBoundMRV,16,3,0.008056879,59,1
easy_074,Easy,OMP-BranchBoundMRV,16,4,0.007616043,59,1
easy_074,Easy,OMP-BranchBoundMRV,16,5,0.007709026,59,1
easy_075,Easy,Serial,1,1,0.000072917,79,1
easy_075,Easy,Serial,1,2,0.000032167,79,1
easy_075,Easy,Serial,1,3,0.000031541,79,1
easy_075,Easy,Serial,1,4,0.000033833,79,1
easy_075,Easy,Serial,1,5,0.000038333,79,1
easy_075,Easy,Serial-MRV,1,1,0.000474083,41,1
easy_075,Easy,Serial-MRV,1,2,0.000354709,41,1
easy_075,Easy,Serial-MRV,1,3,0.000350917,41,1
easy_075,Easy,Serial-MRV,1,4,0.000389042,41,1
easy_075,Easy,Serial-MRV,1,5,0.000388958,41,1
easy_075,Easy,BranchBound,1,1,0.000033416,79,1
easy_075,Easy,BranchBound,1,2,0.000030042,79,1
easy_075,Easy,BranchBound,1,3,0.000029417,79,1
easy_075,Easy,BranchBound,1,4,0.000029125,79,1
easy_075,Easy,BranchBound,1,5,0.000029208,79,1
easy_075,Easy,BranchBoundMRV,1,1,0.000398041,41,1
easy_075,Easy,BranchBoundMRV,1,2,0.000392500,41,1
easy_075,Easy,BranchBoundMRV,1,3,0.000391625,41,1
easy_075,Easy,BranchBoundMRV,1,4,0.000392083,41,1
easy_075,Easy,BranchBoundMRV,1,5,0.000472416,41,1
easy_075,Easy,OpenMP,4,1,0.000442982,41,1
easy_075,Easy,OpenMP,4,2,0.000435114,41,1
easy_075,Easy,OpenMP,4,3,0.000428915,41,1
easy_075,Easy,OpenMP,4,4,0.000468016,41,1
easy_075,Easy,OpenMP,4,5,0.000437021,41,1
easy_075,Easy,OpenMP,8,1,0.000474930,41,1
easy_075,Easy,OpenMP,8,2,0.000617981,41,1
easy_075,Easy,OpenMP,8,3,0.000947952,41,1
easy_075,Easy,OpenMP,8,4,0.000497818,41,1
easy_075,Easy,OpenMP,8,5,0.000963926,41,1
easy_075,Easy,OpenMP,16,1,0.008317947,41,1
easy_075,Easy,OpenMP,16,2,0.005825043,41,1
easy_075,Easy,OpenMP,16,3,0.013505936,41,1
easy_075,Easy,OpenMP,16,4,0.015137911,41,1
easy_075,Easy,OpenMP,16,5,0.021224976,41,1
easy_075,Easy,OMP-BranchBoundMRV,4,1,0.000499010,41,1
easy_075,Easy,OMP-BranchBoundMRV,4,2,0.000499010,41,1
easy_075,Easy,OMP-BranchBoundMRV,4,3,0.000499964,41,1
easy_075,Easy,OMP-BranchBoundMRV,4,4,0.000499964,41,1
easy_075,Easy,OMP-BranchBoundMRV,4,5,0.000493050,41,1
easy_075,Easy,OMP-BranchBoundMRV,8,1,0.025537014,41,1
easy_075,Easy,OMP-BranchBoundMRV,8,2,0.014240026,41,1
easy_075,Easy,OMP-BranchBoundMRV,8,3,0.024015903,41,1
easy_075,Easy,OMP-BranchBoundMRV,8,4,0.006952047,41,1
easy_075,Easy,OMP-BranchBoundMRV,8,5,0.001046896,41,1
easy_075,Easy,OMP-BranchBoundMRV,16,1,0.022644997,41,1
easy_075,Easy,OMP-BranchBoundMRV,16,2,0.021807909,41,1
easy_075,Easy,OMP-BranchBoundMRV,16,3,0.030519962,41,1
easy_075,Easy,OMP-BranchBoundMRV,16,4,0.025141001,41,1
easy_075,Easy,OMP-BranchBoundMRV,16,5,0.021403074,41,1
easy_076,Easy,Serial,1,1,0.000122958,343,1
easy_076,Easy,Serial,1,2,0.000123958,343,1
easy_076,Easy,Serial,1,3,0.000126166,343,1
easy_076,Easy,Serial,1,4,0.000114167,343,1
easy_076,Easy,Serial,1,5,0.000130333,343,1
easy_076,Easy,Serial-MRV,1,1,0.000557292,49,1
easy_076,Easy,Serial-MRV,1,2,0.000560334,49,1
easy_076,Easy,Serial-MRV,1,3,0.000537792,49,1
easy_076,Easy,Serial-MRV,1,4,0.000545542,49,1
easy_076,Easy,Serial-MRV,1,5,0.000651250,49,1
easy_076,Easy,BranchBound,1,1,0.000122167,343,1
easy_076,Easy,BranchBound,1,2,0.000134625,343,1
easy_076,Easy,BranchBound,1,3,0.000129375,343,1
easy_076,Easy,BranchBound,1,4,0.000116792,343,1
easy_076,Easy,BranchBound,1,5,0.000140583,343,1
easy_076,Easy,BranchBoundMRV,1,1,0.000602459,49,1
easy_076,Easy,BranchBoundMRV,1,2,0.000667208,49,1
easy_076,Easy,BranchBoundMRV,1,3,0.000578875,49,1
easy_076,Easy,BranchBoundMRV,1,4,0.000570792,49,1
easy_076,Easy,BranchBoundMRV,1,5,0.000656292,49,1
easy_076,Easy,OpenMP,4,1,0.002227068,49,1
easy_076,Easy,OpenMP,4,2,0.000633001,49,1
easy_076,Easy,OpenMP,4,3,0.000624895,49,1
easy_076,Easy,OpenMP,4,4,0.000692844,49,1
easy_076,Easy,OpenMP,4,5,0.000639915,49,1
easy_076,Easy,OpenMP,8,1,0.000894070,49,1
easy_076,Easy,OpenMP,8,2,0.000629902,49,1
easy_076,Easy,OpenMP,8,3,0.000627041,49,1
easy_076,Easy,OpenMP,8,4,0.000663042,49,1
easy_076,Easy,OpenMP,8,5,0.000634909,49,1
easy_076,Easy,OpenMP,16,1,0.004870892,49,1
easy_076,Easy,OpenMP,16,2,0.025827885,49,1
easy_076,Easy,OpenMP,16,3,0.033460855,49,1
easy_076,Easy,OpenMP,16,4,0.021867037,49,1
easy_076,Easy,OpenMP,16,5,0.005894899,49,1
easy_076,Easy,OMP-BranchBoundMRV,4,1,0.000715971,49,1
easy_076,Easy,OMP-BranchBoundMRV,4,2,0.000692129,49,1
easy_076,Easy,OMP-BranchBoundMRV,4,3,0.000714064,49,1
easy_076,Easy,OMP-BranchBoundMRV,4,4,0.000792027,49,1
easy_076,Easy,OMP-BranchBoundMRV,4,5,0.000696898,49,1
easy_076,Easy,OMP-BranchBoundMRV,8,1,0.001527071,49,1
easy_076,Easy,OMP-BranchBoundMRV,8,2,0.000730038,49,1
easy_076,Easy,OMP-BranchBoundMRV,8,3,0.000924826,49,1
easy_076,Easy,OMP-BranchBoundMRV,8,4,0.000855923,49,1
easy_076,Easy,OMP-BranchBoundMRV,8,5,0.001422882,49,1
easy_076,Easy,OMP-BranchBoundMRV,16,1,0.013787985,49,1
easy_076,Easy,OMP-BranchBoundMRV,16,2,0.007346153,49,1
easy_076,Easy,OMP-BranchBoundMRV,16,3,0.007905960,49,1
easy_076,Easy,OMP-BranchBoundMRV,16,4,0.023422003,49,1
easy_076,Easy,OMP-BranchBoundMRV,16,5,0.011970997,49,1
easy_077,Easy,Serial,1,1,0.000071000,129,1
easy_077,Easy,Serial,1,2,0.000059792,129,1
easy_077,Easy,Serial,1,3,0.000058833,129,1
easy_077,Easy,Serial,1,4,0.000055833,129,1
easy_077,Easy,Serial,1,5,0.000050375,129,1
easy_077,Easy,Serial-MRV,1,1,0.000447000,45,1
easy_077,Easy,Serial-MRV,1,2,0.000461833,45,1
easy_077,Easy,Serial-MRV,1,3,0.000461417,45,1
easy_077,Easy,Serial-MRV,1,4,0.000443458,45,1
easy_077,Easy,Serial-MRV,1,5,0.000442708,45,1
easy_077,Easy,BranchBound,1,1,0.000056667,129,1
easy_077,Easy,BranchBound,1,2,0.000052125,129,1
easy_077,Easy,BranchBound,1,3,0.000051458,129,1
easy_077,Easy,BranchBound,1,4,0.000051125,129,1
easy_077,Easy,BranchBound,1,5,0.000056416,129,1
easy_077,Easy,BranchBoundMRV,1,1,0.000513333,45,1
easy_077,Easy,BranchBoundMRV,1,2,0.000484709,45,1
easy_077,Easy,BranchBoundMRV,1,3,0.000482917,45,1
easy_077,Easy,BranchBoundMRV,1,4,0.000482167,45,1
easy_077,Easy,BranchBoundMRV,1,5,0.000491541,45,1
easy_077,Easy,OpenMP,4,1,0.000544071,45,1
easy_077,Easy,OpenMP,4,2,0.000550985,45,1
easy_077,Easy,OpenMP,4,3,0.000530005,45,1
easy_077,Easy,OpenMP,4,4,0.000528097,45,1
easy_077,Easy,OpenMP,4,5,0.000530005,45,1
easy_077,Easy,OpenMP,8,1,0.000546932,45,1
easy_077,Easy,OpenMP,8,2,0.001220942,45,1
easy_077,Easy,OpenMP,8,3,0.000573158,45,1
easy_077,Easy,OpenMP,8,4,0.000537157,45,1
easy_077,Easy,OpenMP,8,5,0.000524998,45,1
easy_077,Easy,OpenMP,16,1,0.029203176,45,1
easy_077,Easy,OpenMP,16,2,0.021967173,45,1
easy_077,Easy,OpenMP,16,3,0.033235073,45,1
easy_077,Easy,OpenMP,16,4,0.019704103,45,1
easy_077,Easy,OpenMP,16,5,0.025979042,45,1
easy_077,Easy,OMP-BranchBoundMRV,4,1,0.000615120,45,1
easy_077,Easy,OMP-BranchBoundMRV,4,2,0.000599146,45,1
easy_077,Easy,OMP-BranchBoundMRV,4,3,0.000597954,45,1
easy_077,Easy,OMP-BranchBoundMRV,4,4,0.000879049,45,1
easy_077,Easy,OMP-BranchBoundMRV,4,5,0.000643969,45,1
easy_077,Easy,OMP-BranchBoundMRV,8,1,0.001267195,45,1
easy_077,Easy,OMP-BranchBoundMRV,8,2,0.000603914,45,1
easy_077,Easy,OMP-BranchBoundMRV,8,3,0.000593901,45,1
easy_077,Easy,OMP-BranchBoundMRV,8,4,0.000608921,45,1
easy_077,Easy,OMP-BranchBoundMRV,8,5,0.000868797,45,1
easy_077,Easy,OMP-BranchBoundMRV,16,1,0.019851923,45,1
easy_077,Easy,OMP-BranchBoundMRV,16,2,0.046343803,45,1
easy_077,Easy,OMP-BranchBoundMRV,16,3,0.022304058,45,1
easy_077,Easy,OMP-BranchBoundMRV,16,4,0.026197910,45,1
easy_077,Easy,OMP-BranchBoundMRV,16,5,0.023471832,45,1
easy_078,Easy,Serial,1,1,0.000077875,181,1
easy_078,Easy,Serial,1,2,0.000067875,181,1
easy_078,Easy,Serial,1,3,0.000067583,181,1
easy_078,Easy,Serial,1,4,0.000067500,181,1
easy_078,Easy,Serial,1,5,0.000067417,181,1
easy_078,Easy,Serial-MRV,1,1,0.000443667,44,1
easy_078,Easy,Serial-MRV,1,2,0.000438042,44,1
easy_078,Easy,Serial-MRV,1,3,0.000463041,44,1
easy_078,Easy,Serial-MRV,1,4,0.000436667,44,1
easy_078,Easy,Serial-MRV,1,5,0.000436125,44,1
easy_078,Easy,BranchBound,1,1,0.000072375,181,1
easy_078,Easy,BranchBound,1,2,0.000068208,181,1
easy_078,Easy,BranchBound,1,3,0.000067625,181,1
easy_078,Easy,BranchBound,1,4,0.000067584,181,1
easy_078,Easy,BranchBound,1,5,0.000067583,181,1
easy_078,Easy,BranchBoundMRV,1,1,0.000467458,44,1
easy_078,Easy,BranchBoundMRV,1,2,0.000459958,44,1
easy_078,Easy,BranchBoundMRV,1,3,0.000459167,44,1
easy_078,Easy,BranchBoundMRV,1,4,0.000459417,44,1
easy_078,Easy,BranchBoundMRV,1,5,0.000460625,44,1
easy_078,Easy,OpenMP,4,1,0.000519037,44,1
easy_078,Easy,OpenMP,4,2,0.000585079,44,1
easy_078,Easy,OpenMP,4,3,0.000504017,44,1
easy_078,Easy,OpenMP,4,4,0.000503063,44,1
easy_078,Easy,OpenMP,4,5,0.000499964,44,1
easy_078,Easy,OpenMP,8,1,0.000620127,44,1
easy_078,Easy,OpenMP,8,2,0.000503063,44,1
easy_078,Easy,OpenMP,8,3,0.000536203,44,1
easy_078,Easy,OpenMP,8,4,0.000503063,44,1
easy_078,Easy,OpenMP,8,5,0.000854015,44,1
easy_078,Easy,OpenMP,16,1,0.058931112,44,1
easy_078,Easy,OpenMP,16,2,0.013158083,44,1
easy_078,Easy,OpenMP,16,3,0.007813931,44,1
easy_078,Easy,OpenMP,16,4,0.007519007,44,1
easy_078,Easy,OpenMP,16,5,0.008342981,44,1
easy_078,Easy,OMP-BranchBoundMRV,4,1,0.000597954,44,1
easy_078,Easy,OMP-BranchBoundMRV,4,2,0.000643969,44,1
easy_078,Easy,OMP-BranchBoundMRV,4,3,0.000571966,44,1
easy_078,Easy,OMP-BranchBoundMRV,4,4,0.000566006,44,1
easy_078,Easy,OMP-BranchBoundMRV,4,5,0.000877857,44,1
easy_078,Easy,OMP-BranchBoundMRV,8,1,0.000774145,44,1
easy_078,Easy,OMP-BranchBoundMRV,8,2,0.000916958,44,1
easy_078,Easy,OMP-BranchBoundMRV,8,3,0.001245975,44,1
easy_078,Easy,OMP-BranchBoundMRV,8,4,0.000805140,44,1
easy_078,Easy,OMP-BranchBoundMRV,8,5,0.000607967,44,1
easy_078,Easy,OMP-BranchBoundMRV,16,1,0.005326033,44,1
easy_078,Easy,OMP-BranchBoundMRV,16,2,0.007745028,44,1
easy_078,Easy,OMP-BranchBoundMRV,16,3,0.005131006,44,1
easy_078,Easy,OMP-BranchBoundMRV,16,4,0.009459019,44,1
easy_078,Easy,OMP-BranchBoundMRV,16,5,0.021231890,44,1
easy_079,Easy,Serial,1,1,0.000377250,819,1
easy_079,Easy,Serial,1,2,0.000390541,819,1
easy_079,Easy,Serial,1,3,0.000349000,819,1
easy_079,Easy,Serial,1,4,0.000344708,819,1
easy_079,Easy,Serial,1,5,0.000344541,819,1
easy_079,Easy,Serial-MRV,1,1,0.001238625,87,1
easy_079,Easy,Serial-MRV,1,2,0.001210333,87,1
easy_079,Easy,Serial-MRV,1,3,0.001255166,87,1
easy_079,Easy,Serial-MRV,1,4,0.001258250,87,1
easy_079,Easy,Serial-MRV,1,5,0.001221083,87,1
easy_079,Easy,BranchBound,1,1,0.000357125,819,1
easy_079,Easy,BranchBound,1,2,0.000346708,819,1
easy_079,Easy,BranchBound,1,3,0.000346291,819,1
easy_079,Easy,BranchBound,1,4,0.000346417,819,1
easy_079,Easy,BranchBound,1,5,0.000346209,819,1
easy_079,Easy,BranchBoundMRV,1,1,0.001381084,87,1
easy_079,Easy,BranchBoundMRV,1,2,0.001360500,87,1
easy_079,Easy,BranchBoundMRV,1,3,0.001364958,87,1
easy_079,Easy,BranchBoundMRV,1,4,0.001371333,87,1
easy_079,Easy,BranchBoundMRV,1,5,0.001357084,87,1
easy_079,Easy,OpenMP,4,1,0.001322031,126,1
easy_079,Easy,OpenMP,4,2,0.001305103,126,1
easy_079,Easy,OpenMP,4,3,0.000882149,126,1
easy_079,Easy,OpenMP,4,4,0.000880957,126,1
easy_079,Easy,OpenMP,4,5,0.000933886,126,1
easy_079,Easy,OpenMP,8,1,0.002081871,126,1
easy_079,Easy,OpenMP,8,2,0.000896931,116,1
easy_079,Easy,OpenMP,8,3,0.001821995,126,1
easy_079,Easy,OpenMP,8,4,0.000941992,121,1
easy_079,Easy,OpenMP,8,5,0.000959158,111,1
easy_079,Easy,OpenMP,16,1,0.021543980,110,1
easy_079,Easy,OpenMP,16,2,0.037240028,126,1
easy_079,Easy,OpenMP,16,3,0.052636147,117,1
easy_079,Easy,OpenMP,16,4,0.023833036,126,1
easy_079,Easy,OpenMP,16,5,0.012476921,105,1
easy_079,Easy,OMP-BranchBoundMRV,4,1,0.001454115,126,1
easy_079,Easy,OMP-BranchBoundMRV,4,2,0.001571178,126,1
easy_079,Easy,OMP-BranchBoundMRV,4,3,0.001558065,126,1
easy_079,Easy,OMP-BranchBoundMRV,4,4,0.001494169,126,1
easy_079,Easy,OMP-BranchBoundMRV,4,5,0.001534939,126,1
easy_079,Easy,OMP-BranchBoundMRV,8,1,0.002197981,126,1
easy_079,Easy,OMP-BranchBoundMRV,8,2,0.002485037,126,1
easy_079,Easy,OMP-BranchBoundMRV,8,3,0.001017094,116,1
easy_079,Easy,OMP-BranchBoundMRV,8,4,0.001888990,126,1
easy_079,Easy,OMP-BranchBoundMRV,8,5,0.001742840,126,1
easy_079,Easy,OMP-BranchBoundMRV,16,1,0.019572973,108,1
easy_079,Easy,OMP-BranchBoundMRV,16,2,0.006005049,109,1
easy_079,Easy,OMP-BranchBoundMRV,16,3,0.018901110,126,1
easy_079,Easy,OMP-BranchBoundMRV,16,4,0.017039061,126,1
easy_079,Easy,OMP-BranchBoundMRV,16,5,0.071023941,119,1
easy_080,Easy,Serial,1,1,0.000630541,1475,1
easy_080,Easy,Serial,1,2,0.000615416,1475,1
easy_080,Easy,Serial,1,3,0.000611334,1475,1
easy_080,Easy,Serial,1,4,0.000619750,1475,1
easy_080,Easy,Serial,1,5,0.000614292,1475,1
easy_080,Easy,Serial-MRV,1,1,0.000808625,58,1
easy_080,Easy,Serial-MRV,1,2,0.000779042,58,1
easy_080,Easy,Serial-MRV,1,3,0.000734250,58,1
easy_080,Easy,Serial-MRV,1,4,0.000733041,58,1
easy_080,Easy,Serial-MRV,1,5,0.000732542,58,1
easy_080,Easy,BranchBound,1,1,0.000650958,1475,1
easy_080,Easy,BranchBound,1,2,0.000659541,1475,1
easy_080,Easy,BranchBound,1,3,0.000642875,1475,1
easy_080,Easy,BranchBound,1,4,0.000617500,1475,1
easy_080,Easy,BranchBound,1,5,0.000614041,1475,1
easy_080,Easy,BranchBoundMRV,1,1,0.000863875,58,1
easy_080,Easy,BranchBoundMRV,1,2,0.000853833,58,1
easy_080,Easy,BranchBoundMRV,1,3,0.000856917,58,1
easy_080,Easy,BranchBoundMRV,1,4,0.000921583,58,1
easy_080,Easy,BranchBoundMRV,1,5,0.000874375,58,1
easy_080,Easy,OpenMP,4,1,0.000947952,58,1
easy_080,Easy,OpenMP,4,2,0.000930786,58,1
easy_080,Easy,OpenMP,4,3,0.000931978,58,1
easy_080,Easy,OpenMP,4,4,0.000924110,58,1
easy_080,Easy,OpenMP,4,5,0.000928164,58,1
easy_080,Easy,OpenMP,8,1,0.000947952,58,1
easy_080,Easy,OpenMP,8,2,0.000985861,58,1
easy_080,Easy,OpenMP,8,3,0.000929832,58,1
easy_080,Easy,OpenMP,8,4,0.000929832,58,1
easy_080,Easy,OpenMP,8,5,0.000930071,58,1
easy_080,Easy,OpenMP,16,1,0.038177967,58,1
easy_080,Easy,OpenMP,16,2,0.020549059,58,1
easy_080,Easy,OpenMP,16,3,0.022281885,58,1
easy_080,Easy,OpenMP,16,4,0.007997990,58,1
easy_080,Easy,OpenMP,16,5,0.008426905,58,1
easy_080,Easy,OMP-BranchBoundMRV,4,1,0.001096964,58,1
easy_080,Easy,OMP-BranchBoundMRV,4,2,0.001101971,58,1
easy_080,Easy,OMP-BranchBoundMRV,4,3,0.001022100,58,1
easy_080,Easy,OMP-BranchBoundMRV,4,4,0.001142025,58,1
easy_080,Easy,OMP-BranchBoundMRV,4,5,0.001090050,58,1
easy_080,Easy,OMP-BranchBoundMRV,8,1,0.002049923,58,1
easy_080,Easy,OMP-BranchBoundMRV,8,2,0.001309872,58,1
easy_080,Easy,OMP-BranchBoundMRV,8,3,0.001025915,58,1
easy_080,Easy,OMP-BranchBoundMRV,8,4,0.001044035,58,1
easy_080,Easy,OMP-BranchBoundMRV,8,5,0.002212048,58,1
easy_080,Easy,OMP-BranchBoundMRV,16,1,0.011929989,58,1
easy_080,Easy,OMP-BranchBoundMRV,16,2,0.006610155,58,1
easy_080,Easy,OMP-BranchBoundMRV,16,3,0.010241985,58,1
easy_080,Easy,OMP-BranchBoundMRV,16,4,0.053934813,58,1
easy_080,Easy,OMP-BranchBoundMRV,16,5,0.026557922,58,1
easy_081,Easy,Serial,1,1,0.000180292,444,1
easy_081,Easy,Serial,1,2,0.000176416,444,1
easy_081,Easy,Serial,1,3,0.000175667,444,1
easy_081,Easy,Serial,1,4,0.000174917,444,1
easy_081,Easy,Serial,1,5,0.000174791,444,1
easy_081,Easy,Serial-MRV,1,1,0.000700041,53,1
easy_081,Easy,Serial-MRV,1,2,0.000692958,53,1
easy_081,Easy,Serial-MRV,1,3,0.000681208,53,1
easy_081,Easy,Serial-MRV,1,4,0.000677708,53,1
easy_081,Easy,Serial-MRV,1,5,0.000677375,53,1
easy_081,Easy,BranchBound,1,1,0.000181209,444,1
easy_081,Easy,BranchBound,1,2,0.000176709,444,1
easy_081,Easy,BranchBound,1,3,0.000176166,444,1
easy_081,Easy,BranchBound,1,4,0.000176042,444,1
easy_081,Easy,BranchBound,1,5,0.000176000,444,1
easy_081,Easy,BranchBoundMRV,1,1,0.000733666,53,1
easy_081,Easy,BranchBoundMRV,1,2,0.000723792,53,1
easy_081,Easy,BranchBoundMRV,1,3,0.000723500,53,1
easy_081,Easy,BranchBoundMRV,1,4,0.000726708,53,1
easy_081,Easy,BranchBoundMRV,1,5,0.000723292,53,1
easy_081,Easy,OpenMP,4,1,0.000802994,53,1
easy_081,Easy,OpenMP,4,2,0.000789165,53,1
easy_081,Easy,OpenMP,4,3,0.000792980,53,1
easy_081,Easy,OpenMP,4,4,0.000791073,53,1
easy_081,Easy,OpenMP,4,5,0.000787020,53,1
easy_081,Easy,OpenMP,8,1,0.007265091,53,1
easy_081,Easy,OpenMP,8,2,0.001822948,53,1
easy_081,Easy,OpenMP,8,3,0.000790119,53,1
easy_081,Easy,OpenMP,8,4,0.001818895,53,1
easy_081,Easy,OpenMP,8,5,0.002172947,53,1
easy_081,Easy,OpenMP,16,1,0.022424936,53,1
easy_081,Easy,OpenMP,16,2,0.040765047,53,1
easy_081,Easy,OpenMP,16,3,0.012418985,53,1
easy_081,Easy,OpenMP,16,4,0.006688118,53,1
easy_081,Easy,OpenMP,16,5,0.008023977,53,1
easy_081,Easy,OMP-BranchBoundMRV,4,1,0.000874996,53,1
easy_081,Easy,OMP-BranchBoundMRV,4,2,0.000994921,53,1
easy_081,Easy,OMP-BranchBoundMRV,4,3,0.000921965,53,1
easy_081,Easy,OMP-BranchBoundMRV,4,4,0.001157999,53,1
easy_081,Easy,OMP-BranchBoundMRV,4,5,0.000900984,53,1
easy_081,Easy,OMP-BranchBoundMRV,8,1,0.000905037,53,1
easy_081,Easy,OMP-BranchBoundMRV,8,2,0.000966072,53,1
easy_081,Easy,OMP-BranchBoundMRV,8,3,0.002132177,53,1
easy_081,Easy,OMP-BranchBoundMRV,8,4,0.000972986,53,1
easy_081,Easy,OMP-BranchBoundMRV,8,5,0.002792120,53,1
easy_081,Easy,OMP-BranchBoundMRV,16,1,0.012488127,53,1
easy_081,Easy,OMP-BranchBoundMRV,16,2,0.007596016,53,1
easy_081,Easy,OMP-BranchBoundMRV,16,3,0.018646955,53,1
easy_081,Easy,OMP-BranchBoundMRV,16,4,0.020359993,53,1
easy_081,Easy,OMP-BranchBoundMRV,16,5,0.012903929,53,1
easy_082,Easy,Serial,1,1,0.000126250,293,1
easy_082,Easy,Serial,1,2,0.000114667,293,1
easy_082,Easy,Serial,1,3,0.000111792,293,1
easy_082,Easy,Serial,1,4,0.000111583,293,1
easy_082,Easy,Serial,1,5,0.000111416,293,1
easy_082,Easy,Serial-MRV,1,1,0.000487209,44,1
easy_082,Easy,Serial-MRV,1,2,0.000491792,44,1
easy_082,Easy,Serial-MRV,1,3,0.000438000,44,1
easy_082,Easy,Serial-MRV,1,4,0.000496417,44,1
easy_082,Easy,Serial-MRV,1,5,0.000435084,44,1
easy_082,Easy,BranchBound,1,1,0.000116833,293,1
easy_082,Easy,BranchBound,1,2,0.000113000,293,1
easy_082,Easy,BranchBound,1,3,0.000112458,293,1
easy_082,Easy,BranchBound,1,4,0.000112250,293,1
easy_082,Easy,BranchBound,1,5,0.000112208,293,1
easy_082,Easy,BranchBoundMRV,1,1,0.000459041,44,1
easy_082,Easy,BranchBoundMRV,1,2,0.000453667,44,1
easy_082,Easy,BranchBoundMRV,1,3,0.000453000,44,1
easy_082,Easy,BranchBoundMRV,1,4,0.000455875,44,1
easy_082,Easy,BranchBoundMRV,1,5,0.000452583,44,1
easy_082,Easy,OpenMP,4,1,0.000514984,44,1
easy_082,Easy,OpenMP,4,2,0.000495911,44,1
easy_082,Easy,OpenMP,4,3,0.000504971,44,1
easy_082,Easy,OpenMP,4,4,0.000503063,44,1
easy_082,Easy,OpenMP,4,5,0.000499964,44,1
easy_082,Easy,OpenMP,8,1,0.000539780,44,1
easy_082,Easy,OpenMP,8,2,0.000511885,44,1
easy_082,Easy,OpenMP,8,3,0.000567913,44,1
easy_082,Easy,OpenMP,8,4,0.000500917,44,1
easy_082,Easy,OpenMP,8,5,0.000569820,44,1
easy_082,Easy,OpenMP,16,1,0.005117893,44,1
easy_082,Easy,OpenMP,16,2,0.060276985,44,1
easy_082,Easy,OpenMP,16,3,0.020938158,44,1
easy_082,Easy,OpenMP,16,4,0.026383162,44,1
easy_082,Easy,OpenMP,16,5,0.020370007,44,1
easy_082,Easy,OMP-BranchBoundMRV,4,1,0.000950098,44,1
easy_082,Easy,OMP-BranchBoundMRV,4,2,0.001147032,44,1
easy_082,Easy,OMP-BranchBoundMRV,4,3,0.000561953,44,1
easy_082,Easy,OMP-BranchBoundMRV,4,4,0.000765085,44,1
easy_082,Easy,OMP-BranchBoundMRV,4,5,0.000597000,44,1
easy_082,Easy,OMP-BranchBoundMRV,8,1,0.000727892,44,1
easy_082,Easy,OMP-BranchBoundMRV,8,2,0.000582933,44,1
easy_082,Easy,OMP-BranchBoundMRV,8,3,0.000887871,44,1
easy_082,Easy,OMP-BranchBoundMRV,8,4,0.000773907,44,1
easy_082,Easy,OMP-BranchBoundMRV,8,5,0.000836134,44,1
easy_082,Easy,OMP-BranchBoundMRV,16,1,0.011414051,44,1
easy_082,Easy,OMP-BranchBoundMRV,16,2,0.013621092,44,1
easy_082,Easy,OMP-BranchBoundMRV,16,3,0.005585194,44,1
easy_082,Easy,OMP-BranchBoundMRV,16,4,0.008960962,44,1
easy_082,Easy,OMP-BranchBoundMRV,16,5,0.008424044,44,1
medium_001,Medium,Serial,1,1,0.007195208,17189,1
medium_001,Medium,Serial,1,2,0.007152333,17189,1
medium_001,Medium,Serial,1,3,0.007152583,17189,1
medium_001,Medium,Serial,1,4,0.006879125,17189,1
medium_001,Medium,Serial,1,5,0.006926167,17189,1
medium_001,Medium,Serial-MRV,1,1,0.006424458,433,1
medium_001,Medium,Serial-MRV,1,2,0.006445250,433,1
medium_001,Medium,Serial-MRV,1,3,0.006525416,433,1
medium_001,Medium,Serial-MRV,1,4,0.006472542,433,1
medium_001,Medium,Serial-MRV,1,5,0.006502500,433,1
medium_001,Medium,BranchBound,1,1,0.006915708,17189,1
medium_001,Medium,BranchBound,1,2,0.006893041,17189,1
medium_001,Medium,BranchBound,1,3,0.006900667,17189,1
medium_001,Medium,BranchBound,1,4,0.006865625,17189,1
medium_001,Medium,BranchBound,1,5,0.006944333,17189,1
medium_001,Medium,BranchBoundMRV,1,1,0.006936000,433,1
medium_001,Medium,BranchBoundMRV,1,2,0.006835916,433,1
medium_001,Medium,BranchBoundMRV,1,3,0.006839584,433,1
medium_001,Medium,BranchBoundMRV,1,4,0.006850583,433,1
medium_001,Medium,BranchBoundMRV,1,5,0.006838084,433,1
medium_001,Medium,OpenMP,4,1,0.007323027,433,1
medium_001,Medium,OpenMP,4,2,0.007310152,433,1
medium_001,Medium,OpenMP,4,3,0.007656097,433,1
medium_001,Medium,OpenMP,4,4,0.007394075,433,1
medium_001,Medium,OpenMP,4,5,0.007704020,433,1
medium_001,Medium,OpenMP,8,1,0.010274887,433,1
medium_001,Medium,OpenMP,8,2,0.013427973,433,1
medium_001,Medium,OpenMP,8,3,0.012835026,433,1
medium_001,Medium,OpenMP,8,4,0.014825106,433,1
medium_001,Medium,OpenMP,8,5,0.010161161,433,1
medium_001,Medium,OpenMP,16,1,0.031909943,433,1
medium_001,Medium,OpenMP,16,2,0.030837059,433,1
medium_001,Medium,OpenMP,16,3,0.033757210,433,1
medium_001,Medium,OpenMP,16,4,0.066541910,433,1
medium_001,Medium,OpenMP,16,5,0.035457134,433,1
medium_001,Medium,OMP-BranchBoundMRV,4,1,0.007992983,433,1
medium_001,Medium,OMP-BranchBoundMRV,4,2,0.007518053,433,1
medium_001,Medium,OMP-BranchBoundMRV,4,3,0.008193016,433,1
medium_001,Medium,OMP-BranchBoundMRV,4,4,0.007550955,433,1
medium_001,Medium,OMP-BranchBoundMRV,4,5,0.007410049,433,1
medium_001,Medium,OMP-BranchBoundMRV,8,1,0.007471085,433,1
medium_001,Medium,OMP-BranchBoundMRV,8,2,0.007462025,433,1
medium_001,Medium,OMP-BranchBoundMRV,8,3,0.013180971,433,1
medium_001,Medium,OMP-BranchBoundMRV,8,4,0.007755995,433,1
medium_001,Medium,OMP-BranchBoundMRV,8,5,0.013158083,433,1
medium_001,Medium,OMP-BranchBoundMRV,16,1,0.201344967,433,1
medium_001,Medium,OMP-BranchBoundMRV,16,2,0.017602921,433,1
medium_001,Medium,OMP-BranchBoundMRV,16,3,0.013999939,433,1
medium_001,Medium,OMP-BranchBoundMRV,16,4,0.027889013,433,1
medium_001,Medium,OMP-BranchBoundMRV,16,5,0.034370184,433,1
medium_002,Medium,Serial,1,1,0.039283417,90298,1
medium_002,Medium,Serial,1,2,0.039366292,90298,1
medium_002,Medium,Serial,1,3,0.039300792,90298,1
medium_002,Medium,Serial,1,4,0.039255042,90298,1
medium_002,Medium,Serial,1,5,0.039306792,90298,1
medium_002,Medium,Serial-MRV,1,1,0.004105333,328,1
medium_002,Medium,Serial-MRV,1,2,0.004346667,328,1
medium_002,Medium,Serial-MRV,1,3,0.004376042,328,1
medium_002,Medium,Serial-MRV,1,4,0.004322250,328,1
medium_002,Medium,Serial-MRV,1,5,0.004265416,328,1
medium_002,Medium,BranchBound,1,1,0.041419375,90298,1
medium_002,Medium,BranchBound,1,2,0.041152333,90298,1
medium_002,Medium,BranchBound,1,3,0.039659292,90298,1
medium_002,Medium,BranchBound,1,4,0.039564208,90298,1
medium_002,Medium,BranchBound,1,5,0.039530334,90298,1
medium_002,Medium,BranchBoundMRV,1,1,0.005029292,328,1
medium_002,Medium,BranchBoundMRV,1,2,0.004882959,328,1
medium_002,Medium,BranchBoundMRV,1,3,0.004982583,328,1
medium_002,Medium,BranchBoundMRV,1,4,0.004917042,328,1
medium_002,Medium,BranchBoundMRV,1,5,0.005006125,328,1
medium_002,Medium,OpenMP,4,1,0.005307913,328,1
medium_002,Medium,OpenMP,4,2,0.005231857,328,1
medium_002,Medium,OpenMP,4,3,0.005538940,328,1
medium_002,Medium,OpenMP,4,4,0.005195856,328,1
medium_002,Medium,OpenMP,4,5,0.005403042,328,1
medium_002,Medium,OpenMP,8,1,0.010706902,328,1
medium_002,Medium,OpenMP,8,2,0.011543036,328,1
medium_002,Medium,OpenMP,8,3,0.005778074,328,1
medium_002,Medium,OpenMP,8,4,0.006452799,328,1
medium_002,Medium,OpenMP,8,5,0.011569977,328,1
medium_002,Medium,OpenMP,16,1,0.023363829,328,1
medium_002,Medium,OpenMP,16,2,0.025533915,328,1
medium_002,Medium,OpenMP,16,3,0.030647993,328,1
medium_002,Medium,OpenMP,16,4,0.020557880,328,1
medium_002,Medium,OpenMP,16,5,0.047308922,328,1
medium_002,Medium,OMP-BranchBoundMRV,4,1,0.005470037,328,1
medium_002,Medium,OMP-BranchBoundMRV,4,2,0.005387783,328,1
medium_002,Medium,OMP-BranchBoundMRV,4,3,0.005671024,328,1
medium_002,Medium,OMP-BranchBoundMRV,4,4,0.005144119,328,1
medium_002,Medium,OMP-BranchBoundMRV,4,5,0.005192995,328,1
medium_002,Medium,OMP-BranchBoundMRV,8,1,0.008361816,328,1
medium_002,Medium,OMP-BranchBoundMRV,8,2,0.006098986,328,1
medium_002,Medium,OMP-BranchBoundMRV,8,3,0.005141020,328,1
medium_002,Medium,OMP-BranchBoundMRV,8,4,0.005123854,328,1
medium_002,Medium,OMP-BranchBoundMRV,8,5,0.008356094,328,1
medium_002,Medium,OMP-BranchBoundMRV,16,1,0.015459061,328,1
medium_002,Medium,OMP-BranchBoundMRV,16,2,0.055291891,328,1
medium_002,Medium,OMP-BranchBoundMRV,16,3,0.057044983,328,1
medium_002,Medium,OMP-BranchBoundMRV,16,4,0.025456905,328,1
medium_002,Medium,OMP-BranchBoundMRV,16,5,0.014714956,328,1
medium_003,Medium,Serial,1,1,0.019537292,44506,1
medium_003,Medium,Serial,1,2,0.019701667,44506,1
medium_003,Medium,Serial,1,3,0.019536959,44506,1
medium_003,Medium,Serial,1,4,0.019279917,44506,1
medium_003,Medium,Serial,1,5,0.018697583,44506,1
medium_003,Medium,Serial-MRV,1,1,0.009728167,663,1
medium_003,Medium,Serial-MRV,1,2,0.009758584,663,1
medium_003,Medium,Serial-MRV,1,3,0.009687750,663,1
medium_003,Medium,Serial-MRV,1,4,0.009908625,663,1
medium_003,Medium,Serial-MRV,1,5,0.009704791,663,1
medium_003,Medium,BranchBound,1,1,0.018683208,44506,1
medium_003,Medium,BranchBound,1,2,0.018690833,44506,1
medium_003,Medium,BranchBound,1,3,0.018738125,44506,1
medium_003,Medium,BranchBound,1,4,0.019646166,44506,1
medium_003,Medium,BranchBound,1,5,0.019775291,44506,1
medium_003,Medium,BranchBoundMRV,1,1,0.011290709,663,1
medium_003,Medium,BranchBoundMRV,1,2,0.011105542,663,1
medium_003,Medium,BranchBoundMRV,1,3,0.011132917,663,1
medium_003,Medium,BranchBoundMRV,1,4,0.011236125,663,1
medium_003,Medium,BranchBoundMRV,1,5,0.011321042,663,1
medium_003,Medium,OpenMP,4,1,0.003280163,518,1
medium_003,Medium,OpenMP,4,2,0.003309011,533,1
medium_003,Medium,OpenMP,4,3,0.003043890,508,1
medium_003,Medium,OpenMP,4,4,0.003012896,505,1
medium_003,Medium,OpenMP,4,5,0.002997160,502,1
medium_003,Medium,OpenMP,8,1,0.003127098,446,1
medium_003,Medium,OpenMP,8,2,0.003067017,413,1
medium_003,Medium,OpenMP,8,3,0.003141880,478,1
medium_003,Medium,OpenMP,8,4,0.007086992,634,1
medium_003,Medium,OpenMP,8,5,0.007045984,632,1
medium_003,Medium,OpenMP,16,1,0.027580023,634,1
medium_003,Medium,OpenMP,16,2,0.026880026,511,1
medium_003,Medium,OpenMP,16,3,0.020168066,492,1
medium_003,Medium,OpenMP,16,4,0.030414104,634,1
medium_003,Medium,OpenMP,16,5,0.030702114,472,1
medium_003,Medium,OMP-BranchBoundMRV,4,1,0.003259182,586,1
medium_003,Medium,OMP-BranchBoundMRV,4,2,0.003190041,598,1
medium_003,Medium,OMP-BranchBoundMRV,4,3,0.003174067,575,1
medium_003,Medium,OMP-BranchBoundMRV,4,4,0.003234863,582,1
medium_003,Medium,OMP-BranchBoundMRV,4,5,0.003159046,576,1
medium_003,Medium,OMP-BranchBoundMRV,8,1,0.006503105,681,1
medium_003,Medium,OMP-BranchBoundMRV,8,2,0.003169060,510,1
medium_003,Medium,OMP-BranchBoundMRV,8,3,0.003284931,489,1
medium_003,Medium,OMP-BranchBoundMRV,8,4,0.003106833,450,1
medium_003,Medium,OMP-BranchBoundMRV,8,5,0.003175974,435,1
medium_003,Medium,OMP-BranchBoundMRV,16,1,0.042948961,515,1
medium_003,Medium,OMP-BranchBoundMRV,16,2,0.046245098,483,1
medium_003,Medium,OMP-BranchBoundMRV,16,3,0.020209074,469,1
medium_003,Medium,OMP-BranchBoundMRV,16,4,0.020240068,483,1
medium_003,Medium,OMP-BranchBoundMRV,16,5,0.031074047,850,1
medium_004,Medium,Serial,1,1,0.006520583,14343,1
medium_004,Medium,Serial,1,2,0.006582166,14343,1
medium_004,Medium,Serial,1,3,0.006522916,14343,1
medium_004,Medium,Serial,1,4,0.006485667,14343,1
medium_004,Medium,Serial,1,5,0.006628958,14343,1
medium_004,Medium,Serial-MRV,1,1,0.002693125,203,1
medium_004,Medium,Serial-MRV,1,2,0.002655583,203,1
medium_004,Medium,Serial-MRV,1,3,0.002781000,203,1
medium_004,Medium,Serial-MRV,1,4,0.002665500,203,1
medium_004,Medium,Serial-MRV,1,5,0.002672583,203,1
medium_004,Medium,BranchBound,1,1,0.006716541,14343,1
medium_004,Medium,BranchBound,1,2,0.006746292,14343,1
medium_004,Medium,BranchBound,1,3,0.006523292,14343,1
medium_004,Medium,BranchBound,1,4,0.006722208,14343,1
medium_004,Medium,BranchBound,1,5,0.006559625,14343,1
medium_004,Medium,BranchBoundMRV,1,1,0.003146458,203,1
medium_004,Medium,BranchBoundMRV,1,2,0.002966334,203,1
medium_004,Medium,BranchBoundMRV,1,3,0.003139042,203,1
medium_004,Medium,BranchBoundMRV,1,4,0.003064292,203,1
medium_004,Medium,BranchBoundMRV,1,5,0.002964750,203,1
medium_004,Medium,OpenMP,4,1,0.003263950,203,1
medium_004,Medium,OpenMP,4,2,0.003242970,203,1
medium_004,Medium,OpenMP,4,3,0.003309011,203,1
medium_004,Medium,OpenMP,4,4,0.003214121,203,1
medium_004,Medium,OpenMP,4,5,0.003103971,203,1
medium_004,Medium,OpenMP,8,1,0.007219076,203,1
medium_004,Medium,OpenMP,8,2,0.003119946,203,1
medium_004,Medium,OpenMP,8,3,0.003203869,203,1
medium_004,Medium,OpenMP,8,4,0.007133007,203,1
medium_004,Medium,OpenMP,8,5,0.003123999,203,1
medium_004,Medium,OpenMP,16,1,0.017414093,203,1
medium_004,Medium,OpenMP,16,2,0.020140171,203,1
medium_004,Medium,OpenMP,16,3,0.022414923,203,1
medium_004,Medium,OpenMP,16,4,0.017609835,203,1
medium_004,Medium,OpenMP,16,5,0.032871962,203,1
medium_004,Medium,OMP-BranchBoundMRV,4,1,0.003271818,203,1
medium_004,Medium,OMP-BranchBoundMRV,4,2,0.003230810,203,1
medium_004,Medium,OMP-BranchBoundMRV,4,3,0.003272057,203,1
medium_004,Medium,OMP-BranchBoundMRV,4,4,0.003350973,203,1
medium_004,Medium,OMP-BranchBoundMRV,4,5,0.003207922,203,1
medium_004,Medium,OMP-BranchBoundMRV,8,1,0.003223896,203,1
medium_004,Medium,OMP-BranchBoundMRV,8,2,0.007781982,203,1
medium_004,Medium,OMP-BranchBoundMRV,8,3,0.006036997,203,1
medium_004,Medium,OMP-BranchBoundMRV,8,4,0.006561041,203,1
medium_004,Medium,OMP-BranchBoundMRV,8,5,0.005895853,203,1
medium_004,Medium,OMP-BranchBoundMRV,16,1,0.037869930,203,1
medium_004,Medium,OMP-BranchBoundMRV,16,2,0.008102894,203,1
medium_004,Medium,OMP-BranchBoundMRV,16,3,0.016723871,203,1
medium_004,Medium,OMP-BranchBoundMRV,16,4,0.008121014,203,1
medium_004,Medium,OMP-BranchBoundMRV,16,5,0.084863186,203,1
medium_005,Medium,Serial,1,1,0.023178958,51784,1
medium_005,Medium,Serial,1,2,0.023209375,51784,1
medium_005,Medium,Serial,1,3,0.023025750,51784,1
medium_005,Medium,Serial,1,4,0.023153083,51784,1
medium_005,Medium,Serial,1,5,0.022393000,51784,1
medium_005,Medium,Serial-MRV,1,1,0.004449542,303,1
medium_005,Medium,Serial-MRV,1,2,0.004416333,303,1
medium_005,Medium,Serial-MRV,1,3,0.004410250,303,1
medium_005,Medium,Serial-MRV,1,4,0.004481000,303,1
medium_005,Medium,Serial-MRV,1,5,0.004430542,303,1
medium_005,Medium,BranchBound,1,1,0.021965583,51784,1
medium_005,Medium,BranchBound,1,2,0.021893750,51784,1
medium_005,Medium,BranchBound,1,3,0.022266875,51784,1
medium_005,Medium,BranchBound,1,4,0.022958125,51784,1
medium_005,Medium,BranchBound,1,5,0.023131791,51784,1
medium_005,Medium,BranchBoundMRV,1,1,0.005364875,303,1
medium_005,Medium,BranchBoundMRV,1,2,0.005306583,303,1
medium_005,Medium,BranchBoundMRV,1,3,0.005221542,303,1
medium_005,Medium,BranchBoundMRV,1,4,0.005440750,303,1
medium_005,Medium,BranchBoundMRV,1,5,0.005312417,303,1
medium_005,Medium,OpenMP,4,1,0.005939960,624,1
medium_005,Medium,OpenMP,4,2,0.005532980,593,1
medium_005,Medium,OpenMP,4,3,0.005735874,624,1
medium_005,Medium,OpenMP,4,4,0.005698204,624,1
medium_005,Medium,OpenMP,4,5,0.005611897,623,1
medium_005,Medium,OpenMP,8,1,0.013679028,624,1
medium_005,Medium,OpenMP,8,2,0.005447865,439,1
medium_005,Medium,OpenMP,8,3,0.005410194,624,1
medium_005,Medium,OpenMP,8,4,0.005465984,624,1
medium_005,Medium,OpenMP,8,5,0.005429029,624,1
medium_005,Medium,OpenMP,16,1,0.018244982,624,1
medium_005,Medium,OpenMP,16,2,0.018094063,624,1
medium_005,Medium,OpenMP,16,3,0.099011898,552,1
medium_005,Medium,OpenMP,16,4,0.015218019,308,1
medium_005,Medium,OpenMP,16,5,0.020012856,624,1
medium_005,Medium,OMP-BranchBoundMRV,4,1,0.005667925,624,1
medium_005,Medium,OMP-BranchBoundMRV,4,2,0.005733967,624,1
medium_005,Medium,OMP-BranchBoundMRV,4,3,0.005768061,624,1
medium_005,Medium,OMP-BranchBoundMRV,4,4,0.005660057,624,1
medium_005,Medium,OMP-BranchBoundMRV,4,5,0.005636930,603,1
medium_005,Medium,OMP-BranchBoundMRV,8,1,0.006186962,476,1
medium_005,Medium,OMP-BranchBoundMRV,8,2,0.011410952,624,1
medium_005,Medium,OMP-BranchBoundMRV,8,3,0.005778074,453,1
medium_005,Medium,OMP-BranchBoundMRV,8,4,0.008902073,624,1
medium_005,Medium,OMP-BranchBoundMRV,8,5,0.005530119,430,1
medium_005,Medium,OMP-BranchBoundMRV,16,1,0.042505980,624,1
medium_005,Medium,OMP-BranchBoundMRV,16,2,0.013006926,623,1
medium_005,Medium,OMP-BranchBoundMRV,16,3,0.030952930,622,1
medium_005,Medium,OMP-BranchBoundMRV,16,4,0.030532122,433,1
medium_005,Medium,OMP-BranchBoundMRV,16,5,0.040747881,624,1
medium_006,Medium,Serial,1,1,0.006010625,12315,1
medium_006,Medium,Serial,1,2,0.005737667,12315,1
medium_006,Medium,Serial,1,3,0.005890459,12315,1
medium_006,Medium,Serial,1,4,0.005857708,12315,1
medium_006,Medium,Serial,1,5,0.005670125,12315,1
medium_006,Medium,Serial-MRV,1,1,0.005549209,285,1
medium_006,Medium,Serial-MRV,1,2,0.005470625,285,1
medium_006,Medium,Serial-MRV,1,3,0.005409833,285,1
medium_006,Medium,Serial-MRV,1,4,0.005414416,285,1
medium_006,Medium,Serial-MRV,1,5,0.005397417,285,1
medium_006,Medium,BranchBound,1,1,0.005729875,12315,1
medium_006,Medium,BranchBound,1,2,0.005776625,12315,1
medium_006,Medium,BranchBound,1,3,0.005779166,12315,1
medium_006,Medium,BranchBound,1,4,0.005716708,12315,1
medium_006,Medium,BranchBound,1,5,0.005562416,12315,1
medium_006,Medium,BranchBoundMRV,1,1,0.005988916,285,1
medium_006,Medium,BranchBoundMRV,1,2,0.005867917,285,1
medium_006,Medium,BranchBoundMRV,1,3,0.005831834,285,1
medium_006,Medium,BranchBoundMRV,1,4,0.005960750,285,1
medium_006,Medium,BranchBoundMRV,1,5,0.005863000,285,1
medium_006,Medium,OpenMP,4,1,0.003487825,285,1
medium_006,Medium,OpenMP,4,2,0.003504038,285,1
medium_006,Medium,OpenMP,4,3,0.003470898,285,1
medium_006,Medium,OpenMP,4,4,0.003455877,285,1
medium_006,Medium,OpenMP,4,5,0.003447056,285,1
medium_006,Medium,OpenMP,8,1,0.003473997,285,1
medium_006,Medium,OpenMP,8,2,0.003591061,285,1
medium_006,Medium,OpenMP,8,3,0.008084059,285,1
medium_006,Medium,OpenMP,8,4,0.008040190,285,1
medium_006,Medium,OpenMP,8,5,0.003444910,285,1
medium_006,Medium,OpenMP,16,1,0.028959036,285,1
medium_006,Medium,OpenMP,16,2,0.028744936,285,1
medium_006,Medium,OpenMP,16,3,0.029081106,285,1
medium_006,Medium,OpenMP,16,4,0.014876842,211,1
medium_006,Medium,OpenMP,16,5,0.010755062,285,1
medium_006,Medium,OMP-BranchBoundMRV,4,1,0.003761053,285,1
medium_006,Medium,OMP-BranchBoundMRV,4,2,0.003873110,285,1
medium_006,Medium,OMP-BranchBoundMRV,4,3,0.003695965,285,1
medium_006,Medium,OMP-BranchBoundMRV,4,4,0.003934860,285,1
medium_006,Medium,OMP-BranchBoundMRV,4,5,0.004050970,285,1
medium_006,Medium,OMP-BranchBoundMRV,8,1,0.008331060,285,1
medium_006,Medium,OMP-BranchBoundMRV,8,2,0.008919954,285,1
medium_006,Medium,OMP-BranchBoundMRV,8,3,0.008131027,285,1
medium_006,Medium,OMP-BranchBoundMRV,8,4,0.006494999,285,1
medium_006,Medium,OMP-BranchBoundMRV,8,5,0.003602982,285,1
medium_006,Medium,OMP-BranchBoundMRV,16,1,0.020163059,225,1
medium_006,Medium,OMP-BranchBoundMRV,16,2,0.024870157,285,1
medium_006,Medium,OMP-BranchBoundMRV,16,3,0.017036915,285,1
medium_006,Medium,OMP-BranchBoundMRV,16,4,0.014571905,285,1
medium_006,Medium,OMP-BranchBoundMRV,16,5,0.040202856,285,1
medium_007,Medium,Serial,1,1,0.004224708,9724,1
medium_007,Medium,Serial,1,2,0.004216791,9724,1
medium_007,Medium,Serial,1,3,0.004228750,9724,1
medium_007,Medium,Serial,1,4,0.004281875,9724,1
medium_007,Medium,Serial,1,5,0.004273375,9724,1
medium_007,Medium,Serial-MRV,1,1,0.006302000,488,1
medium_007,Medium,Serial-MRV,1,2,0.006577542,488,1
medium_007,Medium,Serial-MRV,1,3,0.006629458,488,1
medium_007,Medium,Serial-MRV,1,4,0.006712792,488,1
medium_007,Medium,Serial-MRV,1,5,0.006661875,488,1
medium_007,Medium,BranchBound,1,1,0.004600375,9724,1
medium_007,Medium,BranchBound,1,2,0.004505667,9724,1
medium_007,Medium,BranchBound,1,3,0.004411791,9724,1
medium_007,Medium,BranchBound,1,4,0.004537083,9724,1
medium_007,Medium,BranchBound,1,5,0.004423584,9724,1
medium_007,Medium,BranchBoundMRV,1,1,0.007842250,488,1
medium_007,Medium,BranchBoundMRV,1,2,0.007625458,488,1
medium_007,Medium,BranchBoundMRV,1,3,0.007694125,488,1
medium_007,Medium,BranchBoundMRV,1,4,0.007729916,488,1
medium_007,Medium,BranchBoundMRV,1,5,0.007697750,488,1
medium_007,Medium,OpenMP,4,1,0.008105993,488,1
medium_007,Medium,OpenMP,4,2,0.007966042,488,1
medium_007,Medium,OpenMP,4,3,0.007873058,488,1
medium_007,Medium,OpenMP,4,4,0.007791042,488,1
medium_007,Medium,OpenMP,4,5,0.007808924,488,1
medium_007,Medium,OpenMP,8,1,0.007780075,488,1
medium_007,Medium,OpenMP,8,2,0.018413067,488,1
medium_007,Medium,OpenMP,8,3,0.013583183,488,1
medium_007,Medium,OpenMP,8,4,0.007766962,488,1
medium_007,Medium,OpenMP,8,5,0.007778168,488,1
medium_007,Medium,OpenMP,16,1,0.025462866,488,1
medium_007,Medium,OpenMP,16,2,0.030677080,488,1
medium_007,Medium,OpenMP,16,3,0.046779156,488,1
medium_007,Medium,OpenMP,16,4,0.020968914,488,1
medium_007,Medium,OpenMP,16,5,0.099794865,488,1
medium_007,Medium,OMP-BranchBoundMRV,4,1,0.007874966,488,1
medium_007,Medium,OMP-BranchBoundMRV,4,2,0.007821083,488,1
medium_007,Medium,OMP-BranchBoundMRV,4,3,0.007844925,488,1
medium_007,Medium,OMP-BranchBoundMRV,4,4,0.007812977,488,1
medium_007,Medium,OMP-BranchBoundMRV,4,5,0.007814169,488,1
medium_007,Medium,OMP-BranchBoundMRV,8,1,0.007930040,488,1
medium_007,Medium,OMP-BranchBoundMRV,8,2,0.007802010,488,1
medium_007,Medium,OMP-BranchBoundMRV,8,3,0.007805824,488,1
medium_007,Medium,OMP-BranchBoundMRV,8,4,0.007836103,488,1
medium_007,Medium,OMP-BranchBoundMRV,8,5,0.007844925,488,1
medium_007,Medium,OMP-BranchBoundMRV,16,1,0.025221825,488,1
medium_007,Medium,OMP-BranchBoundMRV,16,2,0.030218840,488,1
medium_007,Medium,OMP-BranchBoundMRV,16,3,0.013448000,488,1
medium_007,Medium,OMP-BranchBoundMRV,16,4,0.051137924,488,1
medium_007,Medium,OMP-BranchBoundMRV,16,5,0.020370007,488,1
medium_008,Medium,Serial,1,1,0.005613667,13163,1
medium_008,Medium,Serial,1,2,0.005522000,13163,1
medium_008,Medium,Serial,1,3,0.005658208,13163,1
medium_008,Medium,Serial,1,4,0.005610750,13163,1
medium_008,Medium,Serial,1,5,0.005742834,13163,1
medium_008,Medium,Serial-MRV,1,1,0.003263834,221,1
medium_008,Medium,Serial-MRV,1,2,0.003449250,221,1
medium_008,Medium,Serial-MRV,1,3,0.003347500,221,1
medium_008,Medium,Serial-MRV,1,4,0.003391500,221,1
medium_008,Medium,Serial-MRV,1,5,0.003481583,221,1
medium_008,Medium,BranchBound,1,1,0.005532750,13163,1
medium_008,Medium,BranchBound,1,2,0.005676500,13163,1
medium_008,Medium,BranchBound,1,3,0.005635334,13163,1
medium_008,Medium,BranchBound,1,4,0.005487959,13163,1
medium_008,Medium,BranchBound,1,5,0.005607166,13163,1
medium_008,Medium,BranchBoundMRV,1,1,0.003763292,221,1
medium_008,Medium,BranchBoundMRV,1,2,0.003742000,221,1
medium_008,Medium,BranchBoundMRV,1,3,0.003821500,221,1
medium_008,Medium,BranchBoundMRV,1,4,0.003551500,221,1
medium_008,Medium,BranchBoundMRV,1,5,0.003648083,221,1
medium_008,Medium,OpenMP,4,1,0.002852917,221,1
medium_008,Medium,OpenMP,4,2,0.002830029,221,1
medium_008,Medium,OpenMP,4,3,0.002830982,221,1
medium_008,Medium,OpenMP,4,4,0.002837896,221,1
medium_008,Medium,OpenMP,4,5,0.002833843,221,1
medium_008,Medium,OpenMP,8,1,0.006613970,221,1
medium_008,Medium,OpenMP,8,2,0.002846956,221,1
medium_008,Medium,OpenMP,8,3,0.004070997,221,1
medium_008,Medium,OpenMP,8,4,0.002835035,221,1
medium_008,Medium,OpenMP,8,5,0.006595850,221,1
medium_008,Medium,OpenMP,16,1,0.030086040,221,1
medium_008,Medium,OpenMP,16,2,0.018077135,221,1
medium_008,Medium,OpenMP,16,3,0.025238037,221,1
medium_008,Medium,OpenMP,16,4,0.029494047,221,1
medium_008,Medium,OpenMP,16,5,0.015995979,221,1
medium_008,Medium,OMP-BranchBoundMRV,4,1,0.003121138,221,1
medium_008,Medium,OMP-BranchBoundMRV,4,2,0.003297091,221,1
medium_008,Medium,OMP-BranchBoundMRV,4,3,0.003180027,221,1
medium_008,Medium,OMP-BranchBoundMRV,4,4,0.003145933,221,1
medium_008,Medium,OMP-BranchBoundMRV,4,5,0.003329992,221,1
medium_008,Medium,OMP-BranchBoundMRV,8,1,0.005875826,221,1
medium_008,Medium,OMP-BranchBoundMRV,8,2,0.003194809,221,1
medium_008,Medium,OMP-BranchBoundMRV,8,3,0.004879951,221,1
medium_008,Medium,OMP-BranchBoundMRV,8,4,0.003385067,221,1
medium_008,Medium,OMP-BranchBoundMRV,8,5,0.004509926,221,1
medium_008,Medium,OMP-BranchBoundMRV,16,1,0.018848181,221,1
medium_008,Medium,OMP-BranchBoundMRV,16,2,0.046895027,218,1
medium_008,Medium,OMP-BranchBoundMRV,16,3,0.016448021,221,1
medium_008,Medium,OMP-BranchBoundMRV,16,4,0.033212900,221,1
medium_008,Medium,OMP-BranchBoundMRV,16,5,0.059072018,221,1
medium_009,Medium,Serial,1,1,0.003503667,8461,1
medium_009,Medium,Serial,1,2,0.003554667,8461,1
medium_009,Medium,Serial,1,3,0.003487375,8461,1
medium_009,Medium,Serial,1,4,0.003391875,8461,1
medium_009,Medium,Serial,1,5,0.003600500,8461,1
medium_009,Medium,Serial-MRV,1,1,0.008387542,546,1
medium_009,Medium,Serial-MRV,1,2,0.008392125,546,1
medium_009,Medium,Serial-MRV,1,3,0.008563625,546,1
medium_009,Medium,Serial-MRV,1,4,0.008296041,546,1
medium_009,Medium,Serial-MRV,1,5,0.008540167,546,1
medium_009,Medium,BranchBound,1,1,0.003680958,8461,1
medium_009,Medium,BranchBound,1,2,0.003647750,8461,1
medium_009,Medium,BranchBound,1,3,0.003410041,8461,1
medium_009,Medium,BranchBound,1,4,0.003650208,8461,1
medium_009,Medium,BranchBound,1,5,0.003425708,8461,1
medium_009,Medium,BranchBoundMRV,1,1,0.009498250,546,1
medium_009,Medium,BranchBoundMRV,1,2,0.009247625,546,1
medium_009,Medium,BranchBoundMRV,1,3,0.008891042,546,1
medium_009,Medium,BranchBoundMRV,1,4,0.008997583,546,1
medium_009,Medium,BranchBoundMRV,1,5,0.008889875,546,1
medium_009,Medium,OpenMP,4,1,0.003825903,758,1
medium_009,Medium,OpenMP,4,2,0.003799915,758,1
medium_009,Medium,OpenMP,4,3,0.003830910,761,1
medium_009,Medium,OpenMP,4,4,0.003800869,757,1
medium_009,Medium,OpenMP,4,5,0.003813028,758,1
medium_009,Medium,OpenMP,8,1,0.001935959,438,1
medium_009,Medium,OpenMP,8,2,0.000903845,179,1
medium_009,Medium,OpenMP,8,3,0.001968861,449,1
medium_009,Medium,OpenMP,8,4,0.001971960,396,1
medium_009,Medium,OpenMP,8,5,0.001903772,424,1
medium_009,Medium,OpenMP,16,1,0.020169020,427,1
medium_009,Medium,OpenMP,16,2,0.030121088,443,1
medium_009,Medium,OpenMP,16,3,0.019191027,427,1
medium_009,Medium,OpenMP,16,4,0.025310993,509,1
medium_009,Medium,OpenMP,16,5,0.019538879,313,1
medium_009,Medium,OMP-BranchBoundMRV,4,1,0.004212141,780,1
medium_009,Medium,OMP-BranchBoundMRV,4,2,0.004106045,769,1
medium_009,Medium,OMP-BranchBoundMRV,4,3,0.004165888,776,1
medium_009,Medium,OMP-BranchBoundMRV,4,4,0.004072905,772,1
medium_009,Medium,OMP-BranchBoundMRV,4,5,0.004133940,755,1
medium_009,Medium,OMP-BranchBoundMRV,8,1,0.002020121,411,1
medium_009,Medium,OMP-BranchBoundMRV,8,2,0.001411915,208,1
medium_009,Medium,OMP-BranchBoundMRV,8,3,0.001760960,352,1
medium_009,Medium,OMP-BranchBoundMRV,8,4,0.002259970,482,1
medium_009,Medium,OMP-BranchBoundMRV,8,5,0.002175093,467,1
medium_009,Medium,OMP-BranchBoundMRV,16,1,0.018743038,367,1
medium_009,Medium,OMP-BranchBoundMRV,16,2,0.009027004,312,1
medium_009,Medium,OMP-BranchBoundMRV,16,3,0.011914015,366,1
medium_009,Medium,OMP-BranchBoundMRV,16,4,0.021358967,449,1
medium_009,Medium,OMP-BranchBoundMRV,16,5,0.034081936,371,1
medium_010,Medium,Serial,1,1,0.001002875,2270,1
medium_010,Medium,Serial,1,2,0.001150292,2270,1
medium_010,Medium,Serial,1,3,0.000967625,2270,1
medium_010,Medium,Serial,1,4,0.000969542,2270,1
medium_010,Medium,Serial,1,5,0.000966459,2270,1
medium_010,Medium,Serial-MRV,1,1,0.005484291,384,1
medium_010,Medium,Serial-MRV,1,2,0.005504791,384,1
medium_010,Medium,Serial-MRV,1,3,0.005476000,384,1
medium_010,Medium,Serial-MRV,1,4,0.005686291,384,1
medium_010,Medium,Serial-MRV,1,5,0.005496834,384,1
medium_010,Medium,BranchBound,1,1,0.000981000,2270,1
medium_010,Medium,BranchBound,1,2,0.000973708,2270,1
medium_010,Medium,BranchBound,1,3,0.000973666,2270,1
medium_010,Medium,BranchBound,1,4,0.000980125,2270,1
medium_010,Medium,BranchBound,1,5,0.000974292,2270,1
medium_010,Medium,BranchBoundMRV,1,1,0.006044041,384,1
medium_010,Medium,BranchBoundMRV,1,2,0.006085291,384,1
medium_010,Medium,BranchBoundMRV,1,3,0.006086916,384,1
medium_010,Medium,BranchBoundMRV,1,4,0.006055583,384,1
medium_010,Medium,BranchBoundMRV,1,5,0.006053792,384,1
medium_010,Medium,OpenMP,4,1,0.005460024,497,1
medium_010,Medium,OpenMP,4,2,0.005540133,497,1
medium_010,Medium,OpenMP,4,3,0.005584955,497,1
medium_010,Medium,OpenMP,4,4,0.005575895,497,1
medium_010,Medium,OpenMP,4,5,0.005599022,497,1
medium_010,Medium,OpenMP,8,1,0.011298895,497,1
medium_010,Medium,OpenMP,8,2,0.011423111,497,1
medium_010,Medium,OpenMP,8,3,0.006196022,497,1
medium_010,Medium,OpenMP,8,4,0.006456852,497,1
medium_010,Medium,OpenMP,8,5,0.006237030,497,1
medium_010,Medium,OpenMP,16,1,0.017965078,497,1
medium_010,Medium,OpenMP,16,2,0.027945042,497,1
medium_010,Medium,OpenMP,16,3,0.015868902,497,1
medium_010,Medium,OpenMP,16,4,0.032160997,497,1
medium_010,Medium,OpenMP,16,5,0.070752144,494,1
medium_010,Medium,OMP-BranchBoundMRV,4,1,0.005782127,497,1
medium_010,Medium,OMP-BranchBoundMRV,4,2,0.005675077,497,1
medium_010,Medium,OMP-BranchBoundMRV,4,3,0.005800009,497,1
medium_010,Medium,OMP-BranchBoundMRV,4,4,0.005748987,497,1
medium_010,Medium,OMP-BranchBoundMRV,4,5,0.005785942,497,1
medium_010,Medium,OMP-BranchBoundMRV,8,1,0.006201029,497,1
medium_010,Medium,OMP-BranchBoundMRV,8,2,0.006506920,497,1
medium_010,Medium,OMP-BranchBoundMRV,8,3,0.006761074,497,1
medium_010,Medium,OMP-BranchBoundMRV,8,4,0.009469032,497,1
medium_010,Medium,OMP-BranchBoundMRV,8,5,0.007056952,497,1
medium_010,Medium,OMP-BranchBoundMRV,16,1,0.031559944,497,1
medium_010,Medium,OMP-BranchBoundMRV,16,2,0.024363995,497,1
medium_010,Medium,OMP-BranchBoundMRV,16,3,0.042889118,375,1
medium_010,Medium,OMP-BranchBoundMRV,16,4,0.038674116,497,1
medium_010,Medium,OMP-BranchBoundMRV,16,5,0.012337923,497,1
medium_011,Medium,Serial,1,1,0.203881667,338054,1
medium_011,Medium,Serial,1,2,0.157833709,338054,1
medium_011,Medium,Serial,1,3,0.153299166,338054,1
medium_011,Medium,Serial,1,4,0.153184833,338054,1
medium_011,Medium,Serial,1,5,0.153374791,338054,1
medium_011,Medium,Serial-MRV,1,1,0.008421291,538,1
medium_011,Medium,Serial-MRV,1,2,0.008395500,538,1
medium_011,Medium,Serial-MRV,1,3,0.008470083,538,1
medium_011,Medium,Serial-MRV,1,4,0.008396458,538,1
medium_011,Medium,Serial-MRV,1,5,0.008383000,538,1
medium_011,Medium,BranchBound,1,1,0.154136708,338054,1
medium_011,Medium,BranchBound,1,2,0.158922333,338054,1
medium_011,Medium,BranchBound,1,3,0.155327791,338054,1
medium_011,Medium,BranchBound,1,4,0.155198000,338054,1
medium_011,Medium,BranchBound,1,5,0.154128834,338054,1
medium_011,Medium,BranchBoundMRV,1,1,0.009351750,538,1
medium_011,Medium,BranchBoundMRV,1,2,0.009346166,538,1
medium_011,Medium,BranchBoundMRV,1,3,0.009331792,538,1
medium_011,Medium,BranchBoundMRV,1,4,0.009377750,538,1
medium_011,Medium,BranchBoundMRV,1,5,0.009430500,538,1
medium_011,Medium,OpenMP,4,1,0.001204967,170,1
medium_011,Medium,OpenMP,4,2,0.001168966,170,1
medium_011,Medium,OpenMP,4,3,0.001157999,170,1
medium_011,Medium,OpenMP,4,4,0.001166105,170,1
medium_011,Medium,OpenMP,4,5,0.001160145,170,1
medium_011,Medium,OpenMP,8,1,0.002626896,249,1
medium_011,Medium,OpenMP,8,2,0.001184940,136,1
medium_011,Medium,OpenMP,8,3,0.001230001,168,1
medium_011,Medium,OpenMP,8,4,0.001161098,137,1
medium_011,Medium,OpenMP,8,5,0.001204967,137,1
medium_011,Medium,OpenMP,16,1,0.020207882,260,1
medium_011,Medium,OpenMP,16,2,0.020426989,136,1
medium_011,Medium,OpenMP,16,3,0.044353962,138,1
medium_011,Medium,OpenMP,16,4,0.064630032,123,1
medium_011,Medium,OpenMP,16,5,0.021034002,124,1
medium_011,Medium,OMP-BranchBoundMRV,4,1,0.001354933,172,1
medium_011,Medium,OMP-BranchBoundMRV,4,2,0.001301050,173,1
medium_011,Medium,OMP-BranchBoundMRV,4,3,0.001415968,177,1
medium_011,Medium,OMP-BranchBoundMRV,4,4,0.001324892,172,1
medium_011,Medium,OMP-BranchBoundMRV,4,5,0.001320839,168,1
medium_011,Medium,OMP-BranchBoundMRV,8,1,0.001616955,181,1
medium_011,Medium,OMP-BranchBoundMRV,8,2,0.001921177,189,1
medium_011,Medium,OMP-BranchBoundMRV,8,3,0.002768993,217,1
medium_011,Medium,OMP-BranchBoundMRV,8,4,0.003409863,297,1
medium_011,Medium,OMP-BranchBoundMRV,8,5,0.001350880,133,1
medium_011,Medium,OMP-BranchBoundMRV,16,1,0.009109020,145,1
medium_011,Medium,OMP-BranchBoundMRV,16,2,0.008247137,185,1
medium_011,Medium,OMP-BranchBoundMRV,16,3,0.021136999,220,1
medium_011,Medium,OMP-BranchBoundMRV,16,4,0.010217905,133,1
medium_011,Medium,OMP-BranchBoundMRV,16,5,0.006087065,240,1
medium_012,Medium,Serial,1,1,0.001135208,2408,1
medium_012,Medium,Serial,1,2,0.001081625,2408,1
medium_012,Medium,Serial,1,3,0.001033708,2408,1
medium_012,Medium,Serial,1,4,0.001080000,2408,1
medium_012,Medium,Serial,1,5,0.001011166,2408,1
medium_012,Medium,Serial-MRV,1,1,0.003099209,220,1
medium_012,Medium,Serial-MRV,1,2,0.003132542,220,1
medium_012,Medium,Serial-MRV,1,3,0.003153250,220,1
medium_012,Medium,Serial-MRV,1,4,0.003181167,220,1
medium_012,Medium,Serial-MRV,1,5,0.003122875,220,1
medium_012,Medium,BranchBound,1,1,0.001002000,2408,1
medium_012,Medium,BranchBound,1,2,0.001006541,2408,1
medium_012,Medium,BranchBound,1,3,0.000995459,2408,1
medium_012,Medium,BranchBound,1,4,0.001000541,2408,1
medium_012,Medium,BranchBound,1,5,0.000995625,2408,1
medium_012,Medium,BranchBoundMRV,1,1,0.003542500,220,1
medium_012,Medium,BranchBoundMRV,1,2,0.003533208,220,1
medium_012,Medium,BranchBoundMRV,1,3,0.003504417,220,1
medium_012,Medium,BranchBoundMRV,1,4,0.003547917,220,1
medium_012,Medium,BranchBoundMRV,1,5,0.003489000,220,1
medium_012,Medium,OpenMP,4,1,0.000808954,100,1
medium_012,Medium,OpenMP,4,2,0.000808954,107,1
medium_012,Medium,OpenMP,4,3,0.000786066,106,1
medium_012,Medium,OpenMP,4,4,0.000781059,106,1
medium_012,Medium,OpenMP,4,5,0.000795841,107,1
medium_012,Medium,OpenMP,8,1,0.001799107,166,1
medium_012,Medium,OpenMP,8,2,0.000817060,100,1
medium_012,Medium,OpenMP,8,3,0.001739025,161,1
medium_012,Medium,OpenMP,8,4,0.000836849,83,1
medium_012,Medium,OpenMP,8,5,0.001778841,107,1
medium_012,Medium,OpenMP,16,1,0.015464067,101,1
medium_012,Medium,OpenMP,16,2,0.008353949,159,1
medium_012,Medium,OpenMP,16,3,0.043437958,86,1
medium_012,Medium,OpenMP,16,4,0.015866995,166,1
medium_012,Medium,OpenMP,16,5,0.013216972,107,1
medium_012,Medium,OMP-BranchBoundMRV,4,1,0.000970125,110,1
medium_012,Medium,OMP-BranchBoundMRV,4,2,0.000966072,103,1
medium_012,Medium,OMP-BranchBoundMRV,4,3,0.001067162,107,1
medium_012,Medium,OMP-BranchBoundMRV,4,4,0.000962019,111,1
medium_012,Medium,OMP-BranchBoundMRV,4,5,0.000923157,109,1
medium_012,Medium,OMP-BranchBoundMRV,8,1,0.001260042,115,1
medium_012,Medium,OMP-BranchBoundMRV,8,2,0.001692057,150,1
medium_012,Medium,OMP-BranchBoundMRV,8,3,0.003504038,89,1
medium_012,Medium,OMP-BranchBoundMRV,8,4,0.001457214,108,1
medium_012,Medium,OMP-BranchBoundMRV,8,5,0.001927137,167,1
medium_012,Medium,OMP-BranchBoundMRV,16,1,0.008963108,199,1
medium_012,Medium,OMP-BranchBoundMRV,16,2,0.011908054,167,1
medium_012,Medium,OMP-BranchBoundMRV,16,3,0.008001804,118,1
medium_012,Medium,OMP-BranchBoundMRV,16,4,0.008674860,107,1
medium_012,Medium,OMP-BranchBoundMRV,16,5,0.014133930,113,1
medium_013,Medium,Serial,1,1,0.005455542,13265,1
medium_013,Medium,Serial,1,2,0.005398667,13265,1
medium_013,Medium,Serial,1,3,0.005526542,13265,1
medium_013,Medium,Serial,1,4,0.005421959,13265,1
medium_013,Medium,Serial,1,5,0.005445833,13265,1
medium_013,Medium,Serial-MRV,1,1,0.002770708,212,1
medium_013,Medium,Serial-MRV,1,2,0.002671000,212,1
medium_013,Medium,Serial-MRV,1,3,0.002675583,212,1
medium_013,Medium,Serial-MRV,1,4,0.002735792,212,1
medium_013,Medium,Serial-MRV,1,5,0.002670417,212,1
medium_013,Medium,BranchBound,1,1,0.005264791,13265,1
medium_013,Medium,BranchBound,1,2,0.005153625,13265,1
medium_013,Medium,BranchBound,1,3,0.005262208,13265,1
medium_013,Medium,BranchBound,1,4,0.005197292,13265,1
medium_013,Medium,BranchBound,1,5,0.005166416,13265,1
medium_013,Medium,BranchBoundMRV,1,1,0.003084458,212,1
medium_013,Medium,BranchBoundMRV,1,2,0.003045666,212,1
medium_013,Medium,BranchBoundMRV,1,3,0.003093792,212,1
medium_013,Medium,BranchBoundMRV,1,4,0.003121667,212,1
medium_013,Medium,BranchBoundMRV,1,5,0.003058750,212,1
medium_013,Medium,OpenMP,4,1,0.003281832,212,1
medium_013,Medium,OpenMP,4,2,0.003255844,212,1
medium_013,Medium,OpenMP,4,3,0.003252029,212,1
medium_013,Medium,OpenMP,4,4,0.003258944,212,1
medium_013,Medium,OpenMP,4,5,0.003255844,212,1
medium_013,Medium,OpenMP,8,1,0.003337145,212,1
medium_013,Medium,OpenMP,8,2,0.003277063,212,1
medium_013,Medium,OpenMP,8,3,0.003288984,212,1
medium_013,Medium,OpenMP,8,4,0.003257990,212,1
medium_013,Medium,OpenMP,8,5,0.003304958,212,1
medium_013,Medium,OpenMP,16,1,0.019584894,212,1
medium_013,Medium,OpenMP,16,2,0.019441843,212,1
medium_013,Medium,OpenMP,16,3,0.021177053,212,1
medium_013,Medium,OpenMP,16,4,0.034548998,212,1
medium_013,Medium,OpenMP,16,5,0.016776800,212,1
medium_013,Medium,OMP-BranchBoundMRV,4,1,0.003785133,212,1
medium_013,Medium,OMP-BranchBoundMRV,4,2,0.003446102,212,1
medium_013,Medium,OMP-BranchBoundMRV,4,3,0.003627062,212,1
medium_013,Medium,OMP-BranchBoundMRV,4,4,0.003350973,212,1
medium_013,Medium,OMP-BranchBoundMRV,4,5,0.003460884,212,1
medium_013,Medium,OMP-BranchBoundMRV,8,1,0.003363848,212,1
medium_013,Medium,OMP-BranchBoundMRV,8,2,0.004530907,212,1
medium_013,Medium,OMP-BranchBoundMRV,8,3,0.003370047,212,1
medium_013,Medium,OMP-BranchBoundMRV,8,4,0.003840208,212,1
medium_013,Medium,OMP-BranchBoundMRV,8,5,0.004890919,212,1
medium_013,Medium,OMP-BranchBoundMRV,16,1,0.045557022,212,1
medium_013,Medium,OMP-BranchBoundMRV,16,2,0.025727987,212,1
medium_013,Medium,OMP-BranchBoundMRV,16,3,0.020334959,212,1
medium_013,Medium,OMP-BranchBoundMRV,16,4,0.028964996,212,1
medium_013,Medium,OMP-BranchBoundMRV,16,5,0.030416012,212,1
medium_014,Medium,Serial,1,1,0.007021416,16533,1
medium_014,Medium,Serial,1,2,0.007161042,16533,1
medium_014,Medium,Serial,1,3,0.007207875,16533,1
medium_014,Medium,Serial,1,4,0.007322542,16533,1
medium_014,Medium,Serial,1,5,0.007278042,16533,1
medium_014,Medium,Serial-MRV,1,1,0.005641834,347,1
medium_014,Medium,Serial-MRV,1,2,0.005691417,347,1
medium_014,Medium,Serial-MRV,1,3,0.005576125,347,1
medium_014,Medium,Serial-MRV,1,4,0.005704084,347,1
medium_014,Medium,Serial-MRV,1,5,0.005667125,347,1
medium_014,Medium,BranchBound,1,1,0.007477542,16533,1
medium_014,Medium,BranchBound,1,2,0.007303541,16533,1
medium_014,Medium,BranchBound,1,3,0.007291875,16533,1
medium_014,Medium,BranchBound,1,4,0.007165541,16533,1
medium_014,Medium,BranchBound,1,5,0.007383750,16533,1
medium_014,Medium,BranchBoundMRV,1,1,0.006379750,347,1
medium_014,Medium,BranchBoundMRV,1,2,0.006260750,347,1
medium_014,Medium,BranchBoundMRV,1,3,0.006089500,347,1
medium_014,Medium,BranchBoundMRV,1,4,0.005967833,347,1
medium_014,Medium,BranchBoundMRV,1,5,0.005944125,347,1
medium_014,Medium,OpenMP,4,1,0.002454996,273,1
medium_014,Medium,OpenMP,4,2,0.002435923,273,1
medium_014,Medium,OpenMP,4,3,0.002450943,272,1
medium_014,Medium,OpenMP,4,4,0.002435923,273,1
medium_014,Medium,OpenMP,4,5,0.002436876,273,1
medium_014,Medium,OpenMP,8,1,0.002537966,216,1
medium_014,Medium,OpenMP,8,2,0.002480030,206,1
medium_014,Medium,OpenMP,8,3,0.005668879,273,1
medium_014,Medium,OpenMP,8,4,0.002437115,273,1
medium_014,Medium,OpenMP,8,5,0.002424002,272,1
medium_014,Medium,OpenMP,16,1,0.017940998,248,1
medium_014,Medium,OpenMP,16,2,0.044496059,204,1
medium_014,Medium,OpenMP,16,3,0.032549858,273,1
medium_014,Medium,OpenMP,16,4,0.023657084,273,1
medium_014,Medium,OpenMP,16,5,0.036307096,362,1
medium_014,Medium,OMP-BranchBoundMRV,4,1,0.002603054,272,1
medium_014,Medium,OMP-BranchBoundMRV,4,2,0.002562046,270,1
medium_014,Medium,OMP-BranchBoundMRV,4,3,0.002762079,280,1
medium_014,Medium,OMP-BranchBoundMRV,4,4,0.002665997,266,1
medium_014,Medium,OMP-BranchBoundMRV,4,5,0.002534866,273,1
medium_014,Medium,OMP-BranchBoundMRV,8,1,0.002611876,241,1
medium_014,Medium,OMP-BranchBoundMRV,8,2,0.002917051,274,1
medium_014,Medium,OMP-BranchBoundMRV,8,3,0.002692938,203,1
medium_014,Medium,OMP-BranchBoundMRV,8,4,0.006483078,362,1
medium_014,Medium,OMP-BranchBoundMRV,8,5,0.002873182,248,1
medium_014,Medium,OMP-BranchBoundMRV,16,1,0.091242075,362,1
medium_014,Medium,OMP-BranchBoundMRV,16,2,0.031336069,275,1
medium_014,Medium,OMP-BranchBoundMRV,16,3,0.030163050,206,1
medium_014,Medium,OMP-BranchBoundMRV,16,4,0.025516987,206,1
medium_014,Medium,OMP-BranchBoundMRV,16,5,0.019948959,362,1
medium_015,Medium,Serial,1,1,0.007727916,17977,1
medium_015,Medium,Serial,1,2,0.007793709,17977,1
medium_015,Medium,Serial,1,3,0.007857250,17977,1
medium_015,Medium,Serial,1,4,0.007739958,17977,1
medium_015,Medium,Serial,1,5,0.007830625,17977,1
medium_015,Medium,Serial-MRV,1,1,0.003336958,245,1
medium_015,Medium,Serial-MRV,1,2,0.003500750,245,1
medium_015,Medium,Serial-MRV,1,3,0.003426333,245,1
medium_015,Medium,Serial-MRV,1,4,0.003511958,245,1
medium_015,Medium,Serial-MRV,1,5,0.003405250,245,1
medium_015,Medium,BranchBound,1,1,0.007778292,17977,1
medium_015,Medium,BranchBound,1,2,0.007701875,17977,1
medium_015,Medium,BranchBound,1,3,0.007689666,17977,1
medium_015,Medium,BranchBound,1,4,0.007495958,17977,1
medium_015,Medium,BranchBound,1,5,0.007388125,17977,1
medium_015,Medium,BranchBoundMRV,1,1,0.003717292,245,1
medium_015,Medium,BranchBoundMRV,1,2,0.003657042,245,1
medium_015,Medium,BranchBoundMRV,1,3,0.003626166,245,1
medium_015,Medium,BranchBoundMRV,1,4,0.003629959,245,1
medium_015,Medium,BranchBoundMRV,1,5,0.003644416,245,1
medium_015,Medium,OpenMP,4,1,0.001319885,269,1
medium_015,Medium,OpenMP,4,2,0.001458883,302,1
medium_015,Medium,OpenMP,4,3,0.001458168,302,1
medium_015,Medium,OpenMP,4,4,0.001456022,300,1
medium_015,Medium,OpenMP,4,5,0.001461029,303,1
medium_015,Medium,OpenMP,8,1,0.003074884,370,1
medium_015,Medium,OpenMP,8,2,0.001359940,208,1
medium_015,Medium,OpenMP,8,3,0.002965927,336,1
medium_015,Medium,OpenMP,8,4,0.002954960,408,1
medium_015,Medium,OpenMP,8,5,0.002966881,319,1
medium_015,Medium,OpenMP,16,1,0.014382124,425,1
medium_015,Medium,OpenMP,16,2,0.017835140,385,1
medium_015,Medium,OpenMP,16,3,0.039455175,166,1
medium_015,Medium,OpenMP,16,4,0.015560150,166,1
medium_015,Medium,OpenMP,16,5,0.033869028,425,1
medium_015,Medium,OMP-BranchBoundMRV,4,1,0.001637936,288,1
medium_015,Medium,OMP-BranchBoundMRV,4,2,0.003051043,425,1
medium_015,Medium,OMP-BranchBoundMRV,4,3,0.001724958,319,1
medium_015,Medium,OMP-BranchBoundMRV,4,4,0.001864910,340,1
medium_015,Medium,OMP-BranchBoundMRV,4,5,0.001645803,302,1
medium_015,Medium,OMP-BranchBoundMRV,8,1,0.008650064,267,1
medium_015,Medium,OMP-BranchBoundMRV,8,2,0.004939079,244,1
medium_015,Medium,OMP-BranchBoundMRV,8,3,0.008050919,373,1
medium_015,Medium,OMP-BranchBoundMRV,8,4,0.010482073,257,1
medium_015,Medium,OMP-BranchBoundMRV,8,5,0.013339043,312,1
medium_015,Medium,OMP-BranchBoundMRV,16,1,0.065606117,210,1
medium_015,Medium,OMP-BranchBoundMRV,16,2,0.051227093,224,1
medium_015,Medium,OMP-BranchBoundMRV,16,3,0.023180008,238,1
medium_015,Medium,OMP-BranchBoundMRV,16,4,0.026684999,317,1
medium_015,Medium,OMP-BranchBoundMRV,16,5,0.013957024,328,1
medium_016,Medium,Serial,1,1,0.003630292,7735,1
medium_016,Medium,Serial,1,2,0.003454292,7735,1
medium_016,Medium,Serial,1,3,0.003418208,7735,1
medium_016,Medium,Serial,1,4,0.003544709,7735,1
medium_016,Medium,Serial,1,5,0.003553458,7735,1
medium_016,Medium,Serial-MRV,1,1,0.003949625,223,1
medium_016,Medium,Serial-MRV,1,2,0.003934791,223,1
medium_016,Medium,Serial-MRV,1,3,0.003858500,223,1
medium_016,Medium,Serial-MRV,1,4,0.003833167,223,1
medium_016,Medium,Serial-MRV,1,5,0.003866583,223,1
medium_016,Medium,BranchBound,1,1,0.003642792,7735,1
medium_016,Medium,BranchBound,1,2,0.003484709,7735,1
medium_016,Medium,BranchBound,1,3,0.003574208,7735,1
medium_016,Medium,BranchBound,1,4,0.003500791,7735,1
medium_016,Medium,BranchBound,1,5,0.003463292,7735,1
medium_016,Medium,BranchBoundMRV,1,1,0.004289375,223,1
medium_016,Medium,BranchBoundMRV,1,2,0.004398750,223,1
medium_016,Medium,BranchBoundMRV,1,3,0.004273708,223,1
medium_016,Medium,BranchBoundMRV,1,4,0.004178875,223,1
medium_016,Medium,BranchBoundMRV,1,5,0.004072875,223,1
medium_016,Medium,OpenMP,4,1,0.004431963,434,1
medium_016,Medium,OpenMP,4,2,0.004390001,440,1
medium_016,Medium,OpenMP,4,3,0.004392147,438,1
medium_016,Medium,OpenMP,4,4,0.004379034,439,1
medium_016,Medium,OpenMP,4,5,0.004387856,439,1
medium_016,Medium,OpenMP,8,1,0.004414082,308,1
medium_016,Medium,OpenMP,8,2,0.010367155,455,1
medium_016,Medium,OpenMP,8,3,0.004467010,442,1
medium_016,Medium,OpenMP,8,4,0.004439831,308,1
medium_016,Medium,OpenMP,8,5,0.010514021,436,1
medium_016,Medium,OpenMP,16,1,0.030662060,455,1
medium_016,Medium,OpenMP,16,2,0.029791832,455,1
medium_016,Medium,OpenMP,16,3,0.028202057,455,1
medium_016,Medium,OpenMP,16,4,0.038233995,307,1
medium_016,Medium,OpenMP,16,5,0.023830175,317,1
medium_016,Medium,OMP-BranchBoundMRV,4,1,0.004643917,436,1
medium_016,Medium,OMP-BranchBoundMRV,4,2,0.004554033,439,1
medium_016,Medium,OMP-BranchBoundMRV,4,3,0.004461050,436,1
medium_016,Medium,OMP-BranchBoundMRV,4,4,0.004514933,433,1
medium_016,Medium,OMP-BranchBoundMRV,4,5,0.004600048,409,1
medium_016,Medium,OMP-BranchBoundMRV,8,1,0.005804062,374,1
medium_016,Medium,OMP-BranchBoundMRV,8,2,0.005635023,455,1
medium_016,Medium,OMP-BranchBoundMRV,8,3,0.007668018,403,1
medium_016,Medium,OMP-BranchBoundMRV,8,4,0.004664898,280,1
medium_016,Medium,OMP-BranchBoundMRV,8,5,0.007854939,386,1
medium_016,Medium,OMP-BranchBoundMRV,16,1,0.051681995,306,1
medium_016,Medium,OMP-BranchBoundMRV,16,2,0.023531914,438,1
medium_016,Medium,OMP-BranchBoundMRV,16,3,0.089997053,455,1
medium_016,Medium,OMP-BranchBoundMRV,16,4,0.022114992,418,1
medium_016,Medium,OMP-BranchBoundMRV,16,5,0.011017084,282,1
medium_017,Medium,Serial,1,1,0.002788542,6824,1
medium_017,Medium,Serial,1,2,0.002804875,6824,1
medium_017,Medium,Serial,1,3,0.002816583,6824,1
medium_017,Medium,Serial,1,4,0.002754666,6824,1
medium_017,Medium,Serial,1,5,0.002766125,6824,1
medium_017,Medium,Serial-MRV,1,1,0.003247250,207,1
medium_017,Medium,Serial-MRV,1,2,0.003345458,207,1
medium_017,Medium,Serial-MRV,1,3,0.003372375,207,1
medium_017,Medium,Serial-MRV,1,4,0.003375541,207,1
medium_017,Medium,Serial-MRV,1,5,0.003291167,207,1
medium_017,Medium,BranchBound,1,1,0.002717500,6824,1
medium_017,Medium,BranchBound,1,2,0.002808500,6824,1
medium_017,Medium,BranchBound,1,3,0.002743042,6824,1
medium_017,Medium,BranchBound,1,4,0.002733500,6824,1
medium_017,Medium,BranchBound,1,5,0.002769125,6824,1
medium_017,Medium,BranchBoundMRV,1,1,0.003557875,207,1
medium_017,Medium,BranchBoundMRV,1,2,0.003799208,207,1
medium_017,Medium,BranchBoundMRV,1,3,0.003373125,207,1
medium_017,Medium,BranchBoundMRV,1,4,0.003443666,207,1
medium_017,Medium,BranchBoundMRV,1,5,0.003363375,207,1
medium_017,Medium,OpenMP,4,1,0.003624916,398,1
medium_017,Medium,OpenMP,4,2,0.003637075,398,1
medium_017,Medium,OpenMP,4,3,0.003621101,398,1
medium_017,Medium,OpenMP,4,4,0.003588915,398,1
medium_017,Medium,OpenMP,4,5,0.003594875,398,1
medium_017,Medium,OpenMP,8,1,0.003663063,398,1
medium_017,Medium,OpenMP,8,2,0.010545015,398,1
medium_017,Medium,OpenMP,8,3,0.003597975,398,1
medium_017,Medium,OpenMP,8,4,0.003673077,398,1
medium_017,Medium,OpenMP,8,5,0.003582954,398,1
medium_017,Medium,OpenMP,16,1,0.109575987,398,1
medium_017,Medium,OpenMP,16,2,0.017750978,398,1
medium_017,Medium,OpenMP,16,3,0.012219906,398,1
medium_017,Medium,OpenMP,16,4,0.024075985,290,1
medium_017,Medium,OpenMP,16,5,0.027613878,384,1
medium_017,Medium,OMP-BranchBoundMRV,4,1,0.003973961,398,1
medium_017,Medium,OMP-BranchBoundMRV,4,2,0.003746986,378,1
medium_017,Medium,OMP-BranchBoundMRV,4,3,0.003668070,398,1
medium_017,Medium,OMP-BranchBoundMRV,4,4,0.003700972,398,1
medium_017,Medium,OMP-BranchBoundMRV,4,5,0.003665924,398,1
medium_017,Medium,OMP-BranchBoundMRV,8,1,0.003713131,398,1
medium_017,Medium,OMP-BranchBoundMRV,8,2,0.003678083,398,1
medium_017,Medium,OMP-BranchBoundMRV,8,3,0.009015083,398,1
medium_017,Medium,OMP-BranchBoundMRV,8,4,0.003757000,398,1
medium_017,Medium,OMP-BranchBoundMRV,8,5,0.003690958,398,1
medium_017,Medium,OMP-BranchBoundMRV,16,1,0.032613993,398,1
medium_017,Medium,OMP-BranchBoundMRV,16,2,0.023746014,398,1
medium_017,Medium,OMP-BranchBoundMRV,16,3,0.022051811,398,1
medium_017,Medium,OMP-BranchBoundMRV,16,4,0.050113916,398,1
medium_017,Medium,OMP-BranchBoundMRV,16,5,0.030251026,398,1
medium_018,Medium,Serial,1,1,0.007440250,15663,1
medium_018,Medium,Serial,1,2,0.007323750,15663,1
medium_018,Medium,Serial,1,3,0.007361791,15663,1
medium_018,Medium,Serial,1,4,0.007226458,15663,1
medium_018,Medium,Serial,1,5,0.007279167,15663,1
medium_018,Medium,Serial-MRV,1,1,0.013381667,956,1
medium_018,Medium,Serial-MRV,1,2,0.013205584,956,1
medium_018,Medium,Serial-MRV,1,3,0.013043791,956,1
medium_018,Medium,Serial-MRV,1,4,0.012998334,956,1
medium_018,Medium,Serial-MRV,1,5,0.013097333,956,1
medium_018,Medium,BranchBound,1,1,0.007035041,15663,1
medium_018,Medium,BranchBound,1,2,0.007026042,15663,1
medium_018,Medium,BranchBound,1,3,0.007036375,15663,1
medium_018,Medium,BranchBound,1,4,0.007011792,15663,1
medium_018,Medium,BranchBound,1,5,0.007022416,15663,1
medium_018,Medium,BranchBoundMRV,1,1,0.014347084,956,1
medium_018,Medium,BranchBoundMRV,1,2,0.014356125,956,1
medium_018,Medium,BranchBoundMRV,1,3,0.014120792,956,1
medium_018,Medium,BranchBoundMRV,1,4,0.014264125,956,1
medium_018,Medium,BranchBoundMRV,1,5,0.014589125,956,1
medium_018,Medium,OpenMP,4,1,0.008440971,956,1
medium_018,Medium,OpenMP,4,2,0.008747101,956,1
medium_018,Medium,OpenMP,4,3,0.008373976,956,1
medium_018,Medium,OpenMP,4,4,0.008394003,956,1
medium_018,Medium,OpenMP,4,5,0.008452892,956,1
medium_018,Medium,OpenMP,8,1,0.008357048,723,1
medium_018,Medium,OpenMP,8,2,0.016552925,956,1
medium_018,Medium,OpenMP,8,3,0.012027025,956,1
medium_018,Medium,OpenMP,8,4,0.016918898,956,1
medium_018,Medium,OpenMP,8,5,0.012548923,956,1
medium_018,Medium,OpenMP,16,1,0.024368048,956,1
medium_018,Medium,OpenMP,16,2,0.042476892,956,1
medium_018,Medium,OpenMP,16,3,0.053951979,956,1
medium_018,Medium,OpenMP,16,4,0.016739130,770,1
medium_018,Medium,OpenMP,16,5,0.017976999,956,1
medium_018,Medium,OMP-BranchBoundMRV,4,1,0.008532047,956,1
medium_018,Medium,OMP-BranchBoundMRV,4,2,0.008378029,956,1
medium_018,Medium,OMP-BranchBoundMRV,4,3,0.008421898,956,1
medium_018,Medium,OMP-BranchBoundMRV,4,4,0.008227825,956,1
medium_018,Medium,OMP-BranchBoundMRV,4,5,0.008888960,956,1
medium_018,Medium,OMP-BranchBoundMRV,8,1,0.009278059,819,1
medium_018,Medium,OMP-BranchBoundMRV,8,2,0.014018059,956,1
medium_018,Medium,OMP-BranchBoundMRV,8,3,0.008130074,956,1
medium_018,Medium,OMP-BranchBoundMRV,8,4,0.008137941,871,1
medium_018,Medium,OMP-BranchBoundMRV,8,5,0.008146048,726,1
medium_018,Medium,OMP-BranchBoundMRV,16,1,0.086287022,956,1
medium_018,Medium,OMP-BranchBoundMRV,16,2,0.033454895,956,1
medium_018,Medium,OMP-BranchBoundMRV,16,3,0.034404039,956,1
medium_018,Medium,OMP-BranchBoundMRV,16,4,0.036245823,956,1
medium_018,Medium,OMP-BranchBoundMRV,16,5,0.014131069,621,1
medium_019,Medium,Serial,1,1,0.000632917,1446,1
medium_019,Medium,Serial,1,2,0.000617833,1446,1
medium_019,Medium,Serial,1,3,0.000665500,1446,1
medium_019,Medium,Serial,1,4,0.000609875,1446,1
medium_019,Medium,Serial,1,5,0.000651250,1446,1
medium_019,Medium,Serial-MRV,1,1,0.014838625,919,1
medium_019,Medium,Serial-MRV,1,2,0.014439417,919,1
medium_019,Medium,Serial-MRV,1,3,0.014326875,919,1
medium_019,Medium,Serial-MRV,1,4,0.014382958,919,1
medium_019,Medium,Serial-MRV,1,5,0.014378709,919,1
medium_019,Medium,BranchBound,1,1,0.000610083,1446,1
medium_019,Medium,BranchBound,1,2,0.000597000,1446,1
medium_019,Medium,BranchBound,1,3,0.000599875,1446,1
medium_019,Medium,BranchBound,1,4,0.000596834,1446,1
medium_019,Medium,BranchBound,1,5,0.000601375,1446,1
medium_019,Medium,BranchBoundMRV,1,1,0.016269125,919,1
medium_019,Medium,BranchBoundMRV,1,2,0.016106042,919,1
medium_019,Medium,BranchBoundMRV,1,3,0.016097250,919,1
medium_019,Medium,BranchBoundMRV,1,4,0.015974542,919,1
medium_019,Medium,BranchBoundMRV,1,5,0.016133458,919,1
medium_019,Medium,OpenMP,4,1,0.003334045,517,1
medium_019,Medium,OpenMP,4,2,0.003283024,515,1
medium_019,Medium,OpenMP,4,3,0.003333092,519,1
medium_019,Medium,OpenMP,4,4,0.003291130,515,1
medium_019,Medium,OpenMP,4,5,0.003283978,516,1
medium_019,Medium,OpenMP,8,1,0.007745981,645,1
medium_019,Medium,OpenMP,8,2,0.003343105,523,1
medium_019,Medium,OpenMP,8,3,0.007801056,646,1
medium_019,Medium,OpenMP,8,4,0.003483057,524,1
medium_019,Medium,OpenMP,8,5,0.003372192,523,1
medium_019,Medium,OpenMP,16,1,0.012813091,426,1
medium_019,Medium,OpenMP,16,2,0.026669025,919,1
medium_019,Medium,OpenMP,16,3,0.019304991,911,1
medium_019,Medium,OpenMP,16,4,0.021190882,786,1
medium_019,Medium,OpenMP,16,5,0.018844843,479,1
medium_019,Medium,OMP-BranchBoundMRV,4,1,0.003933907,515,1
medium_019,Medium,OMP-BranchBoundMRV,4,2,0.003687859,526,1
medium_019,Medium,OMP-BranchBoundMRV,4,3,0.003484964,572,1
medium_019,Medium,OMP-BranchBoundMRV,4,4,0.003527164,516,1
medium_019,Medium,OMP-BranchBoundMRV,4,5,0.003540993,522,1
medium_019,Medium,OMP-BranchBoundMRV,8,1,0.003451824,423,1
medium_019,Medium,OMP-BranchBoundMRV,8,2,0.003453016,512,1
medium_019,Medium,OMP-BranchBoundMRV,8,3,0.003535986,535,1
medium_019,Medium,OMP-BranchBoundMRV,8,4,0.003517151,425,1
medium_019,Medium,OMP-BranchBoundMRV,8,5,0.008469105,890,1
medium_019,Medium,OMP-BranchBoundMRV,16,1,0.030936003,919,1
medium_019,Medium,OMP-BranchBoundMRV,16,2,0.031155825,407,1
medium_019,Medium,OMP-BranchBoundMRV,16,3,0.112191916,524,1
medium_019,Medium,OMP-BranchBoundMRV,16,4,0.023535013,424,1
medium_019,Medium,OMP-BranchBoundMRV,16,5,0.012099981,202,1
medium_020,Medium,Serial,1,1,0.001392875,2917,1
medium_020,Medium,Serial,1,2,0.001293625,2917,1
medium_020,Medium,Serial,1,3,0.001309458,2917,1
medium_020,Medium,Serial,1,4,0.001363417,2917,1
medium_020,Medium,Serial,1,5,0.001385291,2917,1
medium_020,Medium,Serial-MRV,1,1,0.003919334,280,1
medium_020,Medium,Serial-MRV,1,2,0.003850375,280,1
medium_020,Medium,Serial-MRV,1,3,0.003949500,280,1
medium_020,Medium,Serial-MRV,1,4,0.003947167,280,1
medium_020,Medium,Serial-MRV,1,5,0.003933333,280,1
medium_020,Medium,BranchBound,1,1,0.001286416,2917,1
medium_020,Medium,BranchBound,1,2,0.001381542,2917,1
medium_020,Medium,BranchBound,1,3,0.001342375,2917,1
medium_020,Medium,BranchBound,1,4,0.001279375,2917,1
medium_020,Medium,BranchBound,1,5,0.001458625,2917,1
medium_020,Medium,BranchBoundMRV,1,1,0.004255708,280,1
medium_020,Medium,BranchBoundMRV,1,2,0.004401041,280,1
medium_020,Medium,BranchBoundMRV,1,3,0.004283167,280,1
medium_020,Medium,BranchBoundMRV,1,4,0.004326292,280,1
medium_020,Medium,BranchBoundMRV,1,5,0.004369000,280,1
medium_020,Medium,OpenMP,4,1,0.004511833,280,1
medium_020,Medium,OpenMP,4,2,0.004418850,280,1
medium_020,Medium,OpenMP,4,3,0.004512072,280,1
medium_020,Medium,OpenMP,4,4,0.004410982,280,1
medium_020,Medium,OpenMP,4,5,0.004520178,280,1
medium_020,Medium,OpenMP,8,1,0.004419804,280,1
medium_020,Medium,OpenMP,8,2,0.011483908,280,1
medium_020,Medium,OpenMP,8,3,0.004408836,280,1
medium_020,Medium,OpenMP,8,4,0.004405975,280,1
medium_020,Medium,OpenMP,8,5,0.004450083,280,1
medium_020,Medium,OpenMP,16,1,0.025496006,280,1
medium_020,Medium,OpenMP,16,2,0.028788090,280,1
medium_020,Medium,OpenMP,16,3,0.033211946,280,1
medium_020,Medium,OpenMP,16,4,0.038524866,280,1
medium_020,Medium,OpenMP,16,5,0.006766081,280,1
medium_020,Medium,OMP-BranchBoundMRV,4,1,0.004714966,280,1
medium_020,Medium,OMP-BranchBoundMRV,4,2,0.004629850,280,1
medium_020,Medium,OMP-BranchBoundMRV,4,3,0.004840851,280,1
medium_020,Medium,OMP-BranchBoundMRV,4,4,0.004606962,280,1
medium_020,Medium,OMP-BranchBoundMRV,4,5,0.004570007,280,1
medium_020,Medium,OMP-BranchBoundMRV,8,1,0.006249189,280,1
medium_020,Medium,OMP-BranchBoundMRV,8,2,0.006828070,280,1
medium_020,Medium,OMP-BranchBoundMRV,8,3,0.009968996,280,1
medium_020,Medium,OMP-BranchBoundMRV,8,4,0.011201859,280,1
medium_020,Medium,OMP-BranchBoundMRV,8,5,0.005339861,280,1
medium_020,Medium,OMP-BranchBoundMRV,16,1,0.146781921,280,1
medium_020,Medium,OMP-BranchBoundMRV,16,2,0.020547152,280,1
medium_020,Medium,OMP-BranchBoundMRV,16,3,0.037237883,280,1
medium_020,Medium,OMP-BranchBoundMRV,16,4,0.013549805,280,1
medium_020,Medium,OMP-BranchBoundMRV,16,5,0.020791054,280,1
medium_021,Medium,Serial,1,1,0.002267209,5224,1
medium_021,Medium,Serial,1,2,0.002231584,5224,1
medium_021,Medium,Serial,1,3,0.002231542,5224,1
medium_021,Medium,Serial,1,4,0.002255084,5224,1
medium_021,Medium,Serial,1,5,0.002206542,5224,1
medium_021,Medium,Serial-MRV,1,1,0.003214292,209,1
medium_021,Medium,Serial-MRV,1,2,0.003239625,209,1
medium_021,Medium,Serial-MRV,1,3,0.003187000,209,1
medium_021,Medium,Serial-MRV,1,4,0.003247500,209,1
medium_021,Medium,Serial-MRV,1,5,0.003177042,209,1
medium_021,Medium,BranchBound,1,1,0.002205542,5224,1
medium_021,Medium,BranchBound,1,2,0.002240375,5224,1
medium_021,Medium,BranchBound,1,3,0.002211250,5224,1
medium_021,Medium,BranchBound,1,4,0.002240417,5224,1
medium_021,Medium,BranchBound,1,5,0.002200250,5224,1
medium_021,Medium,BranchBoundMRV,1,1,0.003470208,209,1
medium_021,Medium,BranchBoundMRV,1,2,0.003469417,209,1
medium_021,Medium,BranchBoundMRV,1,3,0.003659584,209,1
medium_021,Medium,BranchBoundMRV,1,4,0.003457834,209,1
medium_021,Medium,BranchBoundMRV,1,5,0.003456625,209,1
medium_021,Medium,OpenMP,4,1,0.000833035,133,1
medium_021,Medium,OpenMP,4,2,0.000831842,133,1
medium_021,Medium,OpenMP,4,3,0.000808954,133,1
medium_021,Medium,OpenMP,4,4,0.000810146,133,1
medium_021,Medium,OpenMP,4,5,0.000810146,133,1
medium_021,Medium,OpenMP,8,1,0.001862049,183,1
medium_021,Medium,OpenMP,8,2,0.001827955,209,1
medium_021,Medium,OpenMP,8,3,0.000826120,152,1
medium_021,Medium,OpenMP,8,4,0.002541065,209,1
medium_021,Medium,OpenMP,8,5,0.000892162,106,1
medium_021,Medium,OpenMP,16,1,0.097454071,209,1
medium_021,Medium,OpenMP,16,2,0.021310091,209,1
medium_021,Medium,OpenMP,16,3,0.031284094,209,1
medium_021,Medium,OpenMP,16,4,0.021503210,209,1
medium_021,Medium,OpenMP,16,5,0.008994102,209,1
medium_021,Medium,OMP-BranchBoundMRV,4,1,0.000947952,133,1
medium_021,Medium,OMP-BranchBoundMRV,4,2,0.000930071,133,1
medium_021,Medium,OMP-BranchBoundMRV,4,3,0.000916004,133,1
medium_021,Medium,OMP-BranchBoundMRV,4,4,0.000910044,118,1
medium_021,Medium,OMP-BranchBoundMRV,4,5,0.000963926,130,1
medium_021,Medium,OMP-BranchBoundMRV,8,1,0.001979113,165,1
medium_021,Medium,OMP-BranchBoundMRV,8,2,0.001693010,162,1
medium_021,Medium,OMP-BranchBoundMRV,8,3,0.001003027,125,1
medium_021,Medium,OMP-BranchBoundMRV,8,4,0.001277924,182,1
medium_021,Medium,OMP-BranchBoundMRV,8,5,0.001556158,121,1
medium_021,Medium,OMP-BranchBoundMRV,16,1,0.013902903,85,1
medium_021,Medium,OMP-BranchBoundMRV,16,2,0.042599201,209,1
medium_021,Medium,OMP-BranchBoundMRV,16,3,0.016031027,158,1
medium_021,Medium,OMP-BranchBoundMRV,16,4,0.020582914,183,1
medium_021,Medium,OMP-BranchBoundMRV,16,5,0.031188965,132,1
medium_022,Medium,Serial,1,1,0.012581458,30945,1
medium_022,Medium,Serial,1,2,0.012607834,30945,1
medium_022,Medium,Serial,1,3,0.012492834,30945,1
medium_022,Medium,Serial,1,4,0.012613833,30945,1
medium_022,Medium,Serial,1,5,0.012495625,30945,1
medium_022,Medium,Serial-MRV,1,1,0.005786334,411,1
medium_022,Medium,Serial-MRV,1,2,0.006109792,411,1
medium_022,Medium,Serial-MRV,1,3,0.005903917,411,1
medium_022,Medium,Serial-MRV,1,4,0.005988750,411,1
medium_022,Medium,Serial-MRV,1,5,0.005961500,411,1
medium_022,Medium,BranchBound,1,1,0.013380958,30945,1
medium_022,Medium,BranchBound,1,2,0.013071042,30945,1
medium_022,Medium,BranchBound,1,3,0.013153084,30945,1
medium_022,Medium,BranchBound,1,4,0.013062583,30945,1
medium_022,Medium,BranchBound,1,5,0.013235500,30945,1
medium_022,Medium,BranchBoundMRV,1,1,0.006355208,411,1
medium_022,Medium,BranchBoundMRV,1,2,0.006483709,411,1
medium_022,Medium,BranchBoundMRV,1,3,0.006134375,411,1
medium_022,Medium,BranchBoundMRV,1,4,0.006167833,411,1
medium_022,Medium,BranchBoundMRV,1,5,0.006104208,411,1
medium_022,Medium,OpenMP,4,1,0.006549120,411,1
medium_022,Medium,OpenMP,4,2,0.006494045,411,1
medium_022,Medium,OpenMP,4,3,0.006509781,411,1
medium_022,Medium,OpenMP,4,4,0.006440878,411,1
medium_022,Medium,OpenMP,4,5,0.006453037,411,1
medium_022,Medium,OpenMP,8,1,0.006517172,411,1
medium_022,Medium,OpenMP,8,2,0.006446123,411,1
medium_022,Medium,OpenMP,8,3,0.006503105,411,1
medium_022,Medium,OpenMP,8,4,0.015805960,411,1
medium_022,Medium,OpenMP,8,5,0.006438017,411,1
medium_022,Medium,OpenMP,16,1,0.020755053,411,1
medium_022,Medium,OpenMP,16,2,0.020217180,411,1
medium_022,Medium,OpenMP,16,3,0.049276114,411,1
medium_022,Medium,OpenMP,16,4,0.017338037,411,1
medium_022,Medium,OpenMP,16,5,0.021712065,411,1
medium_022,Medium,OMP-BranchBoundMRV,4,1,0.006727219,411,1
medium_022,Medium,OMP-BranchBoundMRV,4,2,0.006731033,411,1
medium_022,Medium,OMP-BranchBoundMRV,4,3,0.007179022,411,1
medium_022,Medium,OMP-BranchBoundMRV,4,4,0.006882191,411,1
medium_022,Medium,OMP-BranchBoundMRV,4,5,0.006724119,411,1
medium_022,Medium,OMP-BranchBoundMRV,8,1,0.011749029,411,1
medium_022,Medium,OMP-BranchBoundMRV,8,2,0.006551981,411,1
medium_022,Medium,OMP-BranchBoundMRV,8,3,0.006551027,411,1
medium_022,Medium,OMP-BranchBoundMRV,8,4,0.006519079,411,1
medium_022,Medium,OMP-BranchBoundMRV,8,5,0.006613970,411,1
medium_022,Medium,OMP-BranchBoundMRV,16,1,0.023854017,411,1
medium_022,Medium,OMP-BranchBoundMRV,16,2,0.010012150,411,1
medium_022,Medium,OMP-BranchBoundMRV,16,3,0.031429052,411,1
medium_022,Medium,OMP-BranchBoundMRV,16,4,0.019948959,411,1
medium_022,Medium,OMP-BranchBoundMRV,16,5,0.061101198,411,1
medium_023,Medium,Serial,1,1,0.000511209,1171,1
medium_023,Medium,Serial,1,2,0.000516333,1171,1
medium_023,Medium,Serial,1,3,0.000566250,1171,1
medium_023,Medium,Serial,1,4,0.000492750,1171,1
medium_023,Medium,Serial,1,5,0.000492500,1171,1
medium_023,Medium,Serial-MRV,1,1,0.009065500,656,1
medium_023,Medium,Serial-MRV,1,2,0.009118750,656,1
medium_023,Medium,Serial-MRV,1,3,0.009035291,656,1
medium_023,Medium,Serial-MRV,1,4,0.009022250,656,1
medium_023,Medium,Serial-MRV,1,5,0.009196625,656,1
medium_023,Medium,BranchBound,1,1,0.000503083,1171,1
medium_023,Medium,BranchBound,1,2,0.000527708,1171,1
medium_023,Medium,BranchBound,1,3,0.000533667,1171,1
medium_023,Medium,BranchBound,1,4,0.000511000,1171,1
medium_023,Medium,BranchBound,1,5,0.000511292,1171,1
medium_023,Medium,BranchBoundMRV,1,1,0.010406916,656,1
medium_023,Medium,BranchBoundMRV,1,2,0.010275708,656,1
medium_023,Medium,BranchBoundMRV,1,3,0.010502833,656,1
medium_023,Medium,BranchBoundMRV,1,4,0.010237959,656,1
medium_023,Medium,BranchBoundMRV,1,5,0.009882250,656,1
medium_023,Medium,OpenMP,4,1,0.010543108,1079,1
medium_023,Medium,OpenMP,4,2,0.010431051,1079,1
medium_023,Medium,OpenMP,4,3,0.010360956,1079,1
medium_023,Medium,OpenMP,4,4,0.010442019,1079,1
medium_023,Medium,OpenMP,4,5,0.010365009,1079,1
medium_023,Medium,OpenMP,8,1,0.010881901,1079,1
medium_023,Medium,OpenMP,8,2,0.010379076,1079,1
medium_023,Medium,OpenMP,8,3,0.010432959,1079,1
medium_023,Medium,OpenMP,8,4,0.016268969,1079,1
medium_023,Medium,OpenMP,8,5,0.016646862,1024,1
medium_023,Medium,OpenMP,16,1,0.122438192,1079,1
medium_023,Medium,OpenMP,16,2,0.059068918,1079,1
medium_023,Medium,OpenMP,16,3,0.076185942,1079,1
medium_023,Medium,OpenMP,16,4,0.023844957,954,1
medium_023,Medium,OpenMP,16,5,0.033331871,1079,1
medium_023,Medium,OMP-BranchBoundMRV,4,1,0.010640144,1079,1
medium_023,Medium,OMP-BranchBoundMRV,4,2,0.010537148,1079,1
medium_023,Medium,OMP-BranchBoundMRV,4,3,0.010531902,1079,1
medium_023,Medium,OMP-BranchBoundMRV,4,4,0.010540009,1079,1
medium_023,Medium,OMP-BranchBoundMRV,4,5,0.010673046,1079,1
medium_023,Medium,OMP-BranchBoundMRV,8,1,0.010639906,1079,1
medium_023,Medium,OMP-BranchBoundMRV,8,2,0.016579151,1079,1
medium_023,Medium,OMP-BranchBoundMRV,8,3,0.011129141,1079,1
medium_023,Medium,OMP-BranchBoundMRV,8,4,0.025812149,1079,1
medium_023,Medium,OMP-BranchBoundMRV,8,5,0.010586977,1079,1
medium_023,Medium,OMP-BranchBoundMRV,16,1,0.099672079,1079,1
medium_023,Medium,OMP-BranchBoundMRV,16,2,0.019390106,1079,1
medium_023,Medium,OMP-BranchBoundMRV,16,3,0.041887999,1079,1
medium_023,Medium,OMP-BranchBoundMRV,16,4,0.048449039,1079,1
medium_023,Medium,OMP-BranchBoundMRV,16,5,0.038742065,1079,1
medium_024,Medium,Serial,1,1,0.001443292,3231,1
medium_024,Medium,Serial,1,2,0.001426625,3231,1
medium_024,Medium,Serial,1,3,0.001424500,3231,1
medium_024,Medium,Serial,1,4,0.001427666,3231,1
medium_024,Medium,Serial,1,5,0.001424458,3231,1
medium_024,Medium,Serial-MRV,1,1,0.003613709,253,1
medium_024,Medium,Serial-MRV,1,2,0.003601208,253,1
medium_024,Medium,Serial-MRV,1,3,0.003624416,253,1
medium_024,Medium,Serial-MRV,1,4,0.003576583,253,1
medium_024,Medium,Serial-MRV,1,5,0.003595792,253,1
medium_024,Medium,BranchBound,1,1,0.001481667,3231,1
medium_024,Medium,BranchBound,1,2,0.001440333,3231,1
medium_024,Medium,BranchBound,1,3,0.001433458,3231,1
medium_024,Medium,BranchBound,1,4,0.001440208,3231,1
medium_024,Medium,BranchBound,1,5,0.001498458,3231,1
medium_024,Medium,BranchBoundMRV,1,1,0.003768833,253,1
medium_024,Medium,BranchBoundMRV,1,2,0.003736291,253,1
medium_024,Medium,BranchBoundMRV,1,3,0.003699333,253,1
medium_024,Medium,BranchBoundMRV,1,4,0.003687833,253,1
medium_024,Medium,BranchBoundMRV,1,5,0.003680666,253,1
medium_024,Medium,OpenMP,4,1,0.003958941,253,1
medium_024,Medium,OpenMP,4,2,0.003956079,253,1
medium_024,Medium,OpenMP,4,3,0.003978014,253,1
medium_024,Medium,OpenMP,4,4,0.003931999,253,1
medium_024,Medium,OpenMP,4,5,0.003946066,253,1
medium_024,Medium,OpenMP,8,1,0.009887218,253,1
medium_024,Medium,OpenMP,8,2,0.004004955,253,1
medium_024,Medium,OpenMP,8,3,0.003994942,253,1
medium_024,Medium,OpenMP,8,4,0.003952026,253,1
medium_024,Medium,OpenMP,8,5,0.003944874,253,1
medium_024,Medium,OpenMP,16,1,0.030588865,253,1
medium_024,Medium,OpenMP,16,2,0.020478964,253,1
medium_024,Medium,OpenMP,16,3,0.029762983,253,1
medium_024,Medium,OpenMP,16,4,0.030821085,253,1
medium_024,Medium,OpenMP,16,5,0.040174007,253,1
medium_024,Medium,OMP-BranchBoundMRV,4,1,0.004375935,253,1
medium_024,Medium,OMP-BranchBoundMRV,4,2,0.004280090,253,1
medium_024,Medium,OMP-BranchBoundMRV,4,3,0.004426003,253,1
medium_024,Medium,OMP-BranchBoundMRV,4,4,0.004169226,253,1
medium_024,Medium,OMP-BranchBoundMRV,4,5,0.004308939,253,1
medium_024,Medium,OMP-BranchBoundMRV,8,1,0.006691217,253,1
medium_024,Medium,OMP-BranchBoundMRV,8,2,0.004215956,253,1
medium_024,Medium,OMP-BranchBoundMRV,8,3,0.006945848,253,1
medium_024,Medium,OMP-BranchBoundMRV,8,4,0.006402969,253,1
medium_024,Medium,OMP-BranchBoundMRV,8,5,0.005241156,253,1
medium_024,Medium,OMP-BranchBoundMRV,16,1,0.068808079,253,1
medium_024,Medium,OMP-BranchBoundMRV,16,2,0.020292997,253,1
medium_024,Medium,OMP-BranchBoundMRV,16,3,0.031370878,253,1
medium_024,Medium,OMP-BranchBoundMRV,16,4,0.027771950,253,1
medium_024,Medium,OMP-BranchBoundMRV,16,5,0.025422812,253,1
medium_025,Medium,Serial,1,1,0.000467709,1029,1
medium_025,Medium,Serial,1,2,0.000427250,1029,1
medium_025,Medium,Serial,1,3,0.000426250,1029,1
medium_025,Medium,Serial,1,4,0.000436166,1029,1
medium_025,Medium,Serial,1,5,0.000431959,1029,1
medium_025,Medium,Serial-MRV,1,1,0.006912166,459,1
medium_025,Medium,Serial-MRV,1,2,0.007173416,459,1
medium_025,Medium,Serial-MRV,1,3,0.007061709,459,1
medium_025,Medium,Serial-MRV,1,4,0.006983875,459,1
medium_025,Medium,Serial-MRV,1,5,0.007071291,459,1
medium_025,Medium,BranchBound,1,1,0.000440250,1029,1
medium_025,Medium,BranchBound,1,2,0.000428875,1029,1
medium_025,Medium,BranchBound,1,3,0.000523167,1029,1
medium_025,Medium,BranchBound,1,4,0.000447541,1029,1
medium_025,Medium,BranchBound,1,5,0.000431916,1029,1
medium_025,Medium,BranchBoundMRV,1,1,0.008019042,459,1
medium_025,Medium,BranchBoundMRV,1,2,0.008059875,459,1
medium_025,Medium,BranchBoundMRV,1,3,0.008097875,459,1
medium_025,Medium,BranchBoundMRV,1,4,0.008123250,459,1
medium_025,Medium,BranchBoundMRV,1,5,0.007944833,459,1
medium_025,Medium,OpenMP,4,1,0.002307177,370,1
medium_025,Medium,OpenMP,4,2,0.002391100,379,1
medium_025,Medium,OpenMP,4,3,0.002279043,368,1
medium_025,Medium,OpenMP,4,4,0.002276182,370,1
medium_025,Medium,OpenMP,4,5,0.002290010,371,1
medium_025,Medium,OpenMP,8,1,0.005445957,517,1
medium_025,Medium,OpenMP,8,2,0.002322912,367,1
medium_025,Medium,OpenMP,8,3,0.002616882,341,1
medium_025,Medium,OpenMP,8,4,0.002332926,353,1
medium_025,Medium,OpenMP,8,5,0.002335072,299,1
medium_025,Medium,OpenMP,16,1,0.021605968,299,1
medium_025,Medium,OpenMP,16,2,0.024207830,517,1
medium_025,Medium,OpenMP,16,3,0.022968054,418,1
medium_025,Medium,OpenMP,16,4,0.027652025,357,1
medium_025,Medium,OpenMP,16,5,0.013001919,517,1
medium_025,Medium,OMP-BranchBoundMRV,4,1,0.002561092,419,1
medium_025,Medium,OMP-BranchBoundMRV,4,2,0.002407074,432,1
medium_025,Medium,OMP-BranchBoundMRV,4,3,0.002543926,443,1
medium_025,Medium,OMP-BranchBoundMRV,4,4,0.002410889,434,1
medium_025,Medium,OMP-BranchBoundMRV,4,5,0.002522945,414,1
medium_025,Medium,OMP-BranchBoundMRV,8,1,0.006196022,463,1
medium_025,Medium,OMP-BranchBoundMRV,8,2,0.005681038,517,1
medium_025,Medium,OMP-BranchBoundMRV,8,3,0.004245996,491,1
medium_025,Medium,OMP-BranchBoundMRV,8,4,0.002805948,433,1
medium_025,Medium,OMP-BranchBoundMRV,8,5,0.003029108,401,1
medium_025,Medium,OMP-BranchBoundMRV,16,1,0.016613960,393,1
medium_025,Medium,OMP-BranchBoundMRV,16,2,0.023901939,263,1
medium_025,Medium,OMP-BranchBoundMRV,16,3,0.010148048,341,1
medium_025,Medium,OMP-BranchBoundMRV,16,4,0.016518116,506,1
medium_025,Medium,OMP-BranchBoundMRV,16,5,0.016906023,517,1
medium_026,Medium,Serial,1,1,0.000947208,2242,1
medium_026,Medium,Serial,1,2,0.000925917,2242,1
medium_026,Medium,Serial,1,3,0.000908250,2242,1
medium_026,Medium,Serial,1,4,0.000958667,2242,1
medium_026,Medium,Serial,1,5,0.000908208,2242,1
medium_026,Medium,Serial-MRV,1,1,0.004858042,326,1
medium_026,Medium,Serial-MRV,1,2,0.004866541,326,1
medium_026,Medium,Serial-MRV,1,3,0.004930375,326,1
medium_026,Medium,Serial-MRV,1,4,0.004830000,326,1
medium_026,Medium,Serial-MRV,1,5,0.004887625,326,1
medium_026,Medium,BranchBound,1,1,0.000943625,2242,1
medium_026,Medium,BranchBound,1,2,0.000938750,2242,1
medium_026,Medium,BranchBound,1,3,0.000939542,2242,1
medium_026,Medium,BranchBound,1,4,0.000942292,2242,1
medium_026,Medium,BranchBound,1,5,0.000911917,2242,1
medium_026,Medium,BranchBoundMRV,1,1,0.005376917,326,1
medium_026,Medium,BranchBoundMRV,1,2,0.005307625,326,1
medium_026,Medium,BranchBoundMRV,1,3,0.005367125,326,1
medium_026,Medium,BranchBoundMRV,1,4,0.005347291,326,1
medium_026,Medium,BranchBoundMRV,1,5,0.005373500,326,1
medium_026,Medium,OpenMP,4,1,0.002372980,291,1
medium_026,Medium,OpenMP,4,2,0.002362967,292,1
medium_026,Medium,OpenMP,4,3,0.002349138,291,1
medium_026,Medium,OpenMP,4,4,0.002345085,291,1
medium_026,Medium,OpenMP,4,5,0.002346992,291,1
medium_026,Medium,OpenMP,8,1,0.002395868,224,1
medium_026,Medium,OpenMP,8,2,0.002440929,226,1
medium_026,Medium,OpenMP,8,3,0.002388000,223,1
medium_026,Medium,OpenMP,8,4,0.005941153,331,1
medium_026,Medium,OpenMP,8,5,0.005606174,331,1
medium_026,Medium,OpenMP,16,1,0.010708809,296,1
medium_026,Medium,OpenMP,16,2,0.012989044,331,1
medium_026,Medium,OpenMP,16,3,0.010063887,216,1
medium_026,Medium,OpenMP,16,4,0.008992910,320,1
medium_026,Medium,OpenMP,16,5,0.029540062,297,1
medium_026,Medium,OMP-BranchBoundMRV,4,1,0.002703190,306,1
medium_026,Medium,OMP-BranchBoundMRV,4,2,0.002671957,301,1
medium_026,Medium,OMP-BranchBoundMRV,4,3,0.002670050,303,1
medium_026,Medium,OMP-BranchBoundMRV,4,4,0.002624989,303,1
medium_026,Medium,OMP-BranchBoundMRV,4,5,0.002812862,303,1
medium_026,Medium,OMP-BranchBoundMRV,8,1,0.002564192,302,1
medium_026,Medium,OMP-BranchBoundMRV,8,2,0.004734039,331,1
medium_026,Medium,OMP-BranchBoundMRV,8,3,0.004194021,331,1
medium_026,Medium,OMP-BranchBoundMRV,8,4,0.005922079,331,1
medium_026,Medium,OMP-BranchBoundMRV,8,5,0.006374121,331,1
medium_026,Medium,OMP-BranchBoundMRV,16,1,0.014800072,331,1
medium_026,Medium,OMP-BranchBoundMRV,16,2,0.082082033,331,1
medium_026,Medium,OMP-BranchBoundMRV,16,3,0.021666050,261,1
medium_026,Medium,OMP-BranchBoundMRV,16,4,0.006928921,303,1
medium_026,Medium,OMP-BranchBoundMRV,16,5,0.023969889,331,1
medium_027,Medium,Serial,1,1,0.001229000,2902,1
medium_027,Medium,Serial,1,2,0.001283000,2902,1
medium_027,Medium,Serial,1,3,0.001182959,2902,1
medium_027,Medium,Serial,1,4,0.001314750,2902,1
medium_027,Medium,Serial,1,5,0.001211708,2902,1
medium_027,Medium,Serial-MRV,1,1,0.003703541,217,1
medium_027,Medium,Serial-MRV,1,2,0.003613208,217,1
medium_027,Medium,Serial-MRV,1,3,0.003742084,217,1
medium_027,Medium,Serial-MRV,1,4,0.003633125,217,1
medium_027,Medium,Serial-MRV,1,5,0.003725041,217,1
medium_027,Medium,BranchBound,1,1,0.001267209,2902,1
medium_027,Medium,BranchBound,1,2,0.001220625,2902,1
medium_027,Medium,BranchBound,1,3,0.001291584,2902,1
medium_027,Medium,BranchBound,1,4,0.001219000,2902,1
medium_027,Medium,BranchBound,1,5,0.001219375,2902,1
medium_027,Medium,BranchBoundMRV,1,1,0.004071083,217,1
medium_027,Medium,BranchBoundMRV,1,2,0.004028958,217,1
medium_027,Medium,BranchBoundMRV,1,3,0.004032792,217,1
medium_027,Medium,BranchBoundMRV,1,4,0.003933042,217,1
medium_027,Medium,BranchBoundMRV,1,5,0.004050584,217,1
medium_027,Medium,OpenMP,4,1,0.001394033,204,1
medium_027,Medium,OpenMP,4,2,0.001338005,206,1
medium_027,Medium,OpenMP,4,3,0.001249075,195,1
medium_027,Medium,OpenMP,4,4,0.001334906,206,1
medium_027,Medium,OpenMP,4,5,0.001419067,217,1
medium_027,Medium,OpenMP,8,1,0.002882004,222,1
medium_027,Medium,OpenMP,8,2,0.002830982,222,1
medium_027,Medium,OpenMP,8,3,0.001299858,159,1
medium_027,Medium,OpenMP,8,4,0.002742052,222,1
medium_027,Medium,OpenMP,8,5,0.001293898,167,1
medium_027,Medium,OpenMP,16,1,0.020610094,206,1
medium_027,Medium,OpenMP,16,2,0.032644987,207,1
medium_027,Medium,OpenMP,16,3,0.075191021,222,1
medium_027,Medium,OpenMP,16,4,0.017928123,222,1
medium_027,Medium,OpenMP,16,5,0.012956858,222,1
medium_027,Medium,OMP-BranchBoundMRV,4,1,0.001519918,218,1
medium_027,Medium,OMP-BranchBoundMRV,4,2,0.001553059,199,1
medium_027,Medium,OMP-BranchBoundMRV,4,3,0.001497984,212,1
medium_027,Medium,OMP-BranchBoundMRV,4,4,0.001497984,218,1
medium_027,Medium,OMP-BranchBoundMRV,4,5,0.001591921,195,1
medium_027,Medium,OMP-BranchBoundMRV,8,1,0.001680851,222,1
medium_027,Medium,OMP-BranchBoundMRV,8,2,0.002269030,188,1
medium_027,Medium,OMP-BranchBoundMRV,8,3,0.003700972,222,1
medium_027,Medium,OMP-BranchBoundMRV,8,4,0.003508806,222,1
medium_027,Medium,OMP-BranchBoundMRV,8,5,0.003004074,222,1
medium_027,Medium,OMP-BranchBoundMRV,16,1,0.021809816,173,1
medium_027,Medium,OMP-BranchBoundMRV,16,2,0.007799149,149,1
medium_027,Medium,OMP-BranchBoundMRV,16,3,0.011118889,222,1
medium_027,Medium,OMP-BranchBoundMRV,16,4,0.021671057,205,1
medium_027,Medium,OMP-BranchBoundMRV,16,5,0.032771111,174,1
medium_028,Medium,Serial,1,1,0.002738709,6537,1
medium_028,Medium,Serial,1,2,0.002825458,6537,1
medium_028,Medium,Serial,1,3,0.002732791,6537,1
medium_028,Medium,Serial,1,4,0.002747917,6537,1
medium_028,Medium,Serial,1,5,0.002819083,6537,1
medium_028,Medium,Serial-MRV,1,1,0.003887625,296,1
medium_028,Medium,Serial-MRV,1,2,0.003824583,296,1
medium_028,Medium,Serial-MRV,1,3,0.003991500,296,1
medium_028,Medium,Serial-MRV,1,4,0.003840083,296,1
medium_028,Medium,Serial-MRV,1,5,0.003945166,296,1
medium_028,Medium,BranchBound,1,1,0.002791542,6537,1
medium_028,Medium,BranchBound,1,2,0.002786500,6537,1
medium_028,Medium,BranchBound,1,3,0.002795583,6537,1
medium_028,Medium,BranchBound,1,4,0.002751333,6537,1
medium_028,Medium,BranchBound,1,5,0.002750250,6537,1
medium_028,Medium,BranchBoundMRV,1,1,0.004260750,296,1
medium_028,Medium,BranchBoundMRV,1,2,0.004215042,296,1
medium_028,Medium,BranchBoundMRV,1,3,0.004200625,296,1
medium_028,Medium,BranchBoundMRV,1,4,0.004228500,296,1
medium_028,Medium,BranchBoundMRV,1,5,0.004181167,296,1
medium_028,Medium,OpenMP,4,1,0.004490852,442,1
medium_028,Medium,OpenMP,4,2,0.004469872,442,1
medium_028,Medium,OpenMP,4,3,0.004465103,442,1
medium_028,Medium,OpenMP,4,4,0.004484177,442,1
medium_028,Medium,OpenMP,4,5,0.005040169,442,1
medium_028,Medium,OpenMP,8,1,0.004543066,442,1
medium_028,Medium,OpenMP,8,2,0.011744976,442,1
medium_028,Medium,OpenMP,8,3,0.010824919,442,1
medium_028,Medium,OpenMP,8,4,0.004672050,442,1
medium_028,Medium,OpenMP,8,5,0.010616064,442,1
medium_028,Medium,OpenMP,16,1,0.035888910,434,1
medium_028,Medium,OpenMP,16,2,0.013406992,356,1
medium_028,Medium,OpenMP,16,3,0.047204971,442,1
medium_028,Medium,OpenMP,16,4,0.080711842,442,1
medium_028,Medium,OpenMP,16,5,0.022606134,442,1
medium_028,Medium,OMP-BranchBoundMRV,4,1,0.004733086,442,1
medium_028,Medium,OMP-BranchBoundMRV,4,2,0.004669189,442,1
medium_028,Medium,OMP-BranchBoundMRV,4,3,0.004709959,442,1
medium_028,Medium,OMP-BranchBoundMRV,4,4,0.004640102,442,1
medium_028,Medium,OMP-BranchBoundMRV,4,5,0.005121946,442,1
medium_028,Medium,OMP-BranchBoundMRV,8,1,0.004731894,442,1
medium_028,Medium,OMP-BranchBoundMRV,8,2,0.006298780,442,1
medium_028,Medium,OMP-BranchBoundMRV,8,3,0.010662079,442,1
medium_028,Medium,OMP-BranchBoundMRV,8,4,0.012241125,442,1
medium_028,Medium,OMP-BranchBoundMRV,8,5,0.006067038,442,1
medium_028,Medium,OMP-BranchBoundMRV,16,1,0.093225002,442,1
medium_028,Medium,OMP-BranchBoundMRV,16,2,0.049799919,442,1
medium_028,Medium,OMP-BranchBoundMRV,16,3,0.020774841,442,1
medium_028,Medium,OMP-BranchBoundMRV,16,4,0.017198086,442,1
medium_028,Medium,OMP-BranchBoundMRV,16,5,0.016661167,442,1
medium_029,Medium,Serial,1,1,0.005767250,12375,1
medium_029,Medium,Serial,1,2,0.005649084,12375,1
medium_029,Medium,Serial,1,3,0.005656375,12375,1
medium_029,Medium,Serial,1,4,0.005499708,12375,1
medium_029,Medium,Serial,1,5,0.005490500,12375,1
medium_029,Medium,Serial-MRV,1,1,0.006973208,499,1
medium_029,Medium,Serial-MRV,1,2,0.006847791,499,1
medium_029,Medium,Serial-MRV,1,3,0.006638542,499,1
medium_029,Medium,Serial-MRV,1,4,0.006549000,499,1
medium_029,Medium,Serial-MRV,1,5,0.006590125,499,1
medium_029,Medium,BranchBound,1,1,0.005348334,12375,1
medium_029,Medium,BranchBound,1,2,0.005395125,12375,1
medium_029,Medium,BranchBound,1,3,0.005425959,12375,1
medium_029,Medium,BranchBound,1,4,0.005323500,12375,1
medium_029,Medium,BranchBound,1,5,0.005370250,12375,1
medium_029,Medium,BranchBoundMRV,1,1,0.007719625,499,1
medium_029,Medium,BranchBoundMRV,1,2,0.007772458,499,1
medium_029,Medium,BranchBoundMRV,1,3,0.007582875,499,1
medium_029,Medium,BranchBoundMRV,1,4,0.007659875,499,1
medium_029,Medium,BranchBoundMRV,1,5,0.007705208,499,1
medium_029,Medium,OpenMP,4,1,0.001728058,288,1
medium_029,Medium,OpenMP,4,2,0.001671076,377,1
medium_029,Medium,OpenMP,4,3,0.001688004,286,1
medium_029,Medium,OpenMP,4,4,0.001665115,284,1
medium_029,Medium,OpenMP,4,5,0.001684189,286,1
medium_029,Medium,OpenMP,8,1,0.003988981,506,1
medium_029,Medium,OpenMP,8,2,0.001725912,194,1
medium_029,Medium,OpenMP,8,3,0.001754999,312,1
medium_029,Medium,OpenMP,8,4,0.001771212,322,1
medium_029,Medium,OpenMP,8,5,0.001709938,312,1
medium_029,Medium,OpenMP,16,1,0.017074108,582,1
medium_029,Medium,OpenMP,16,2,0.018085003,380,1
medium_029,Medium,OpenMP,16,3,0.010059834,321,1
medium_029,Medium,OpenMP,16,4,0.030487061,312,1
medium_029,Medium,OpenMP,16,5,0.028486013,247,1
medium_029,Medium,OMP-BranchBoundMRV,4,1,0.001898050,380,1
medium_029,Medium,OMP-BranchBoundMRV,4,2,0.003517866,564,1
medium_029,Medium,OMP-BranchBoundMRV,4,3,0.001879930,384,1
medium_029,Medium,OMP-BranchBoundMRV,4,4,0.002220154,430,1
medium_029,Medium,OMP-BranchBoundMRV,4,5,0.003522158,565,1
medium_029,Medium,OMP-BranchBoundMRV,8,1,0.003531218,395,1
medium_029,Medium,OMP-BranchBoundMRV,8,2,0.001837969,307,1
medium_029,Medium,OMP-BranchBoundMRV,8,3,0.002178192,246,1
medium_029,Medium,OMP-BranchBoundMRV,8,4,0.005206108,511,1
medium_029,Medium,OMP-BranchBoundMRV,8,5,0.004151106,549,1
medium_029,Medium,OMP-BranchBoundMRV,16,1,0.023154020,546,1
medium_029,Medium,OMP-BranchBoundMRV,16,2,0.021008968,511,1
medium_029,Medium,OMP-BranchBoundMRV,16,3,0.021202087,582,1
medium_029,Medium,OMP-BranchBoundMRV,16,4,0.026981115,262,1
medium_029,Medium,OMP-BranchBoundMRV,16,5,0.026782036,319,1
medium_030,Medium,Serial,1,1,0.004442166,11561,1
medium_030,Medium,Serial,1,2,0.004462458,11561,1
medium_030,Medium,Serial,1,3,0.004471459,11561,1
medium_030,Medium,Serial,1,4,0.004455916,11561,1
medium_030,Medium,Serial,1,5,0.004435458,11561,1
medium_030,Medium,Serial-MRV,1,1,0.003253500,233,1
medium_030,Medium,Serial-MRV,1,2,0.003148417,233,1
medium_030,Medium,Serial-MRV,1,3,0.003151708,233,1
medium_030,Medium,Serial-MRV,1,4,0.003149958,233,1
medium_030,Medium,Serial-MRV,1,5,0.003140250,233,1
medium_030,Medium,BranchBound,1,1,0.004566958,11561,1
medium_030,Medium,BranchBound,1,2,0.004562375,11561,1
medium_030,Medium,BranchBound,1,3,0.004453542,11561,1
medium_030,Medium,BranchBound,1,4,0.004830042,11561,1
medium_030,Medium,BranchBound,1,5,0.004608792,11561,1
medium_030,Medium,BranchBoundMRV,1,1,0.003761875,233,1
medium_030,Medium,BranchBoundMRV,1,2,0.003813166,233,1
medium_030,Medium,BranchBoundMRV,1,3,0.003768209,233,1
medium_030,Medium,BranchBoundMRV,1,4,0.003719416,233,1
medium_030,Medium,BranchBoundMRV,1,5,0.003741541,233,1
medium_030,Medium,OpenMP,4,1,0.003901958,233,1
medium_030,Medium,OpenMP,4,2,0.003901958,233,1
medium_030,Medium,OpenMP,4,3,0.004046917,233,1
medium_030,Medium,OpenMP,4,4,0.003951073,233,1
medium_030,Medium,OpenMP,4,5,0.003809929,233,1
medium_030,Medium,OpenMP,8,1,0.007862091,233,1
medium_030,Medium,OpenMP,8,2,0.003799915,233,1
medium_030,Medium,OpenMP,8,3,0.007790089,233,1
medium_030,Medium,OpenMP,8,4,0.003988028,233,1
medium_030,Medium,OpenMP,8,5,0.006239891,233,1
medium_030,Medium,OpenMP,16,1,0.021337986,233,1
medium_030,Medium,OpenMP,16,2,0.020139933,233,1
medium_030,Medium,OpenMP,16,3,0.018833876,233,1
medium_030,Medium,OpenMP,16,4,0.032957077,233,1
medium_030,Medium,OpenMP,16,5,0.006886005,233,1
medium_030,Medium,OMP-BranchBoundMRV,4,1,0.003905058,233,1
medium_030,Medium,OMP-BranchBoundMRV,4,2,0.003849030,233,1
medium_030,Medium,OMP-BranchBoundMRV,4,3,0.003844976,233,1
medium_030,Medium,OMP-BranchBoundMRV,4,4,0.003855944,233,1
medium_030,Medium,OMP-BranchBoundMRV,4,5,0.003844023,233,1
medium_030,Medium,OMP-BranchBoundMRV,8,1,0.003868103,233,1
medium_030,Medium,OMP-BranchBoundMRV,8,2,0.003851175,233,1
medium_030,Medium,OMP-BranchBoundMRV,8,3,0.003854036,233,1
medium_030,Medium,OMP-BranchBoundMRV,8,4,0.004058838,233,1
medium_030,Medium,OMP-BranchBoundMRV,8,5,0.004954815,233,1
medium_030,Medium,OMP-BranchBoundMRV,16,1,0.021523952,233,1
medium_030,Medium,OMP-BranchBoundMRV,16,2,0.090426922,233,1
medium_030,Medium,OMP-BranchBoundMRV,16,3,0.017066002,233,1
medium_030,Medium,OMP-BranchBoundMRV,16,4,0.032881021,233,1
medium_030,Medium,OMP-BranchBoundMRV,16,5,0.028409004,233,1
medium_031,Medium,Serial,1,1,0.010864209,26328,1
medium_031,Medium,Serial,1,2,0.012513334,26328,1
medium_031,Medium,Serial,1,3,0.011751083,26328,1
medium_031,Medium,Serial,1,4,0.012024666,26328,1
medium_031,Medium,Serial,1,5,0.011548833,26328,1
medium_031,Medium,Serial-MRV,1,1,0.006571833,355,1
medium_031,Medium,Serial-MRV,1,2,0.006706833,355,1
medium_031,Medium,Serial-MRV,1,3,0.006396750,355,1
medium_031,Medium,Serial-MRV,1,4,0.008701541,355,1
medium_031,Medium,Serial-MRV,1,5,0.006450125,355,1
medium_031,Medium,BranchBound,1,1,0.011313625,26328,1
medium_031,Medium,BranchBound,1,2,0.011579958,26328,1
medium_031,Medium,BranchBound,1,3,0.011311291,26328,1
medium_031,Medium,BranchBound,1,4,0.011024875,26328,1
medium_031,Medium,BranchBound,1,5,0.011041083,26328,1
medium_031,Medium,BranchBoundMRV,1,1,0.006648250,355,1
medium_031,Medium,BranchBoundMRV,1,2,0.006596875,355,1
medium_031,Medium,BranchBoundMRV,1,3,0.006588500,355,1
medium_031,Medium,BranchBoundMRV,1,4,0.006599542,355,1
medium_031,Medium,BranchBoundMRV,1,5,0.006593792,355,1
medium_031,Medium,OpenMP,4,1,0.003069162,240,1
medium_031,Medium,OpenMP,4,2,0.005182981,355,1
medium_031,Medium,OpenMP,4,3,0.003173113,315,1
medium_031,Medium,OpenMP,4,4,0.004020929,303,1
medium_031,Medium,OpenMP,4,5,0.004377842,329,1
medium_031,Medium,OpenMP,8,1,0.009831905,290,1
medium_031,Medium,OpenMP,8,2,0.008400917,241,1
medium_031,Medium,OpenMP,8,3,0.003754854,239,1
medium_031,Medium,OpenMP,8,4,0.013613939,355,1
medium_031,Medium,OpenMP,8,5,0.031192064,355,1
medium_031,Medium,OpenMP,16,1,0.026515007,355,1
medium_031,Medium,OpenMP,16,2,0.041884899,355,1
medium_031,Medium,OpenMP,16,3,0.053770065,355,1
medium_031,Medium,OpenMP,16,4,0.017664909,322,1
medium_031,Medium,OpenMP,16,5,0.025146008,241,1
medium_031,Medium,OMP-BranchBoundMRV,4,1,0.003141880,324,1
medium_031,Medium,OMP-BranchBoundMRV,4,2,0.003152132,240,1
medium_031,Medium,OMP-BranchBoundMRV,4,3,0.003117800,324,1
medium_031,Medium,OMP-BranchBoundMRV,4,4,0.003137112,241,1
medium_031,Medium,OMP-BranchBoundMRV,4,5,0.003110886,324,1
medium_031,Medium,OMP-BranchBoundMRV,8,1,0.010106087,355,1
medium_031,Medium,OMP-BranchBoundMRV,8,2,0.007697105,355,1
medium_031,Medium,OMP-BranchBoundMRV,8,3,0.032853842,355,1
medium_031,Medium,OMP-BranchBoundMRV,8,4,0.010350943,324,1
medium_031,Medium,OMP-BranchBoundMRV,8,5,0.010196924,325,1
medium_031,Medium,OMP-BranchBoundMRV,16,1,0.073112011,241,1
medium_031,Medium,OMP-BranchBoundMRV,16,2,0.030540943,324,1
medium_031,Medium,OMP-BranchBoundMRV,16,3,0.022804022,355,1
medium_031,Medium,OMP-BranchBoundMRV,16,4,0.026153088,291,1
medium_031,Medium,OMP-BranchBoundMRV,16,5,0.019799948,355,1
medium_032,Medium,Serial,1,1,0.000381625,828,1
medium_032,Medium,Serial,1,2,0.000443125,828,1
medium_032,Medium,Serial,1,3,0.000364125,828,1
medium_032,Medium,Serial,1,4,0.000343750,828,1
medium_032,Medium,Serial,1,5,0.000342042,828,1
medium_032,Medium,Serial-MRV,1,1,0.005012625,312,1
medium_032,Medium,Serial-MRV,1,2,0.004965167,312,1
medium_032,Medium,Serial-MRV,1,3,0.005160333,312,1
medium_032,Medium,Serial-MRV,1,4,0.005155833,312,1
medium_032,Medium,Serial-MRV,1,5,0.004978000,312,1
medium_032,Medium,BranchBound,1,1,0.000350833,828,1
medium_032,Medium,BranchBound,1,2,0.000346875,828,1
medium_032,Medium,BranchBound,1,3,0.000343542,828,1
medium_032,Medium,BranchBound,1,4,0.000389416,828,1
medium_032,Medium,BranchBound,1,5,0.000464208,828,1
medium_032,Medium,BranchBoundMRV,1,1,0.005498500,312,1
medium_032,Medium,BranchBoundMRV,1,2,0.005457750,312,1
medium_032,Medium,BranchBoundMRV,1,3,0.005632375,312,1
medium_032,Medium,BranchBoundMRV,1,4,0.005288541,312,1
medium_032,Medium,BranchBoundMRV,1,5,0.005345125,312,1
medium_032,Medium,OpenMP,4,1,0.000787020,120,1
medium_032,Medium,OpenMP,4,2,0.000765085,120,1
medium_032,Medium,OpenMP,4,3,0.000766993,120,1
medium_032,Medium,OpenMP,4,4,0.000768185,120,1
medium_032,Medium,OpenMP,4,5,0.000769138,120,1
medium_032,Medium,OpenMP,8,1,0.001791000,261,1
medium_032,Medium,OpenMP,8,2,0.001755953,272,1
medium_032,Medium,OpenMP,8,3,0.001754999,294,1
medium_032,Medium,OpenMP,8,4,0.001776934,259,1
medium_032,Medium,OpenMP,8,5,0.001734018,295,1
medium_032,Medium,OpenMP,16,1,0.020792007,286,1
medium_032,Medium,OpenMP,16,2,0.021634817,152,1
medium_032,Medium,OpenMP,16,3,0.017805099,116,1
medium_032,Medium,OpenMP,16,4,0.030227900,168,1
medium_032,Medium,OpenMP,16,5,0.062372923,295,1
medium_032,Medium,OMP-BranchBoundMRV,4,1,0.002124786,347,1
medium_032,Medium,OMP-BranchBoundMRV,4,2,0.000891924,156,1
medium_032,Medium,OMP-BranchBoundMRV,4,3,0.001000881,176,1
medium_032,Medium,OMP-BranchBoundMRV,4,4,0.000941992,149,1
medium_032,Medium,OMP-BranchBoundMRV,4,5,0.002124071,348,1
medium_032,Medium,OMP-BranchBoundMRV,8,1,0.001626015,174,1
medium_032,Medium,OMP-BranchBoundMRV,8,2,0.000972986,127,1
medium_032,Medium,OMP-BranchBoundMRV,8,3,0.001867056,269,1
medium_032,Medium,OMP-BranchBoundMRV,8,4,0.001899958,279,1
medium_032,Medium,OMP-BranchBoundMRV,8,5,0.001915932,270,1
medium_032,Medium,OMP-BranchBoundMRV,16,1,0.008597136,88,1
medium_032,Medium,OMP-BranchBoundMRV,16,2,0.007244110,130,1
medium_032,Medium,OMP-BranchBoundMRV,16,3,0.008712053,212,1
medium_032,Medium,OMP-BranchBoundMRV,16,4,0.008254051,284,1
medium_032,Medium,OMP-BranchBoundMRV,16,5,0.008013010,137,1
medium_033,Medium,Serial,1,1,0.049543792,111998,1
medium_033,Medium,Serial,1,2,0.047829792,111998,1
medium_033,Medium,Serial,1,3,0.047748167,111998,1
medium_033,Medium,Serial,1,4,0.050122791,111998,1
medium_033,Medium,Serial,1,5,0.050067583,111998,1
medium_033,Medium,Serial-MRV,1,1,0.012439209,882,1
medium_033,Medium,Serial-MRV,1,2,0.012220000,882,1
medium_033,Medium,Serial-MRV,1,3,0.012092333,882,1
medium_033,Medium,Serial-MRV,1,4,0.012237375,882,1
medium_033,Medium,Serial-MRV,1,5,0.012140292,882,1
medium_033,Medium,BranchBound,1,1,0.048081042,111998,1
medium_033,Medium,BranchBound,1,2,0.048031792,111998,1
medium_033,Medium,BranchBound,1,3,0.048185792,111998,1
medium_033,Medium,BranchBound,1,4,0.050213083,111998,1
medium_033,Medium,BranchBound,1,5,0.049887917,111998,1
medium_033,Medium,BranchBoundMRV,1,1,0.013155083,882,1
medium_033,Medium,BranchBoundMRV,1,2,0.013129541,882,1
medium_033,Medium,BranchBoundMRV,1,3,0.013101583,882,1
medium_033,Medium,BranchBoundMRV,1,4,0.013201208,882,1
medium_033,Medium,BranchBoundMRV,1,5,0.013053209,882,1
medium_033,Medium,OpenMP,4,1,0.007066965,893,1
medium_033,Medium,OpenMP,4,2,0.007299900,893,1
medium_033,Medium,OpenMP,4,3,0.007278919,893,1
medium_033,Medium,OpenMP,4,4,0.007380962,893,1
medium_033,Medium,OpenMP,4,5,0.007058859,893,1
medium_033,Medium,OpenMP,8,1,0.009383917,868,1
medium_033,Medium,OpenMP,8,2,0.010025024,893,1
medium_033,Medium,OpenMP,8,3,0.012963057,893,1
medium_033,Medium,OpenMP,8,4,0.012892962,893,1
medium_033,Medium,OpenMP,8,5,0.007071018,675,1
medium_033,Medium,OpenMP,16,1,0.030141115,893,1
medium_033,Medium,OpenMP,16,2,0.020165205,893,1
medium_033,Medium,OpenMP,16,3,0.065793037,893,1
medium_033,Medium,OpenMP,16,4,0.018496990,893,1
medium_033,Medium,OpenMP,16,5,0.015292883,875,1
medium_033,Medium,OMP-BranchBoundMRV,4,1,0.007590055,893,1
medium_033,Medium,OMP-BranchBoundMRV,4,2,0.008388042,893,1
medium_033,Medium,OMP-BranchBoundMRV,4,3,0.007465839,893,1
medium_033,Medium,OMP-BranchBoundMRV,4,4,0.007288933,893,1
medium_033,Medium,OMP-BranchBoundMRV,4,5,0.007431984,893,1
medium_033,Medium,OMP-BranchBoundMRV,8,1,0.007252932,893,1
medium_033,Medium,OMP-BranchBoundMRV,8,2,0.007148027,893,1
medium_033,Medium,OMP-BranchBoundMRV,8,3,0.016454935,893,1
medium_033,Medium,OMP-BranchBoundMRV,8,4,0.007264137,678,1
medium_033,Medium,OMP-BranchBoundMRV,8,5,0.013124943,893,1
medium_033,Medium,OMP-BranchBoundMRV,16,1,0.118357897,893,1
medium_033,Medium,OMP-BranchBoundMRV,16,2,0.025362015,893,1
medium_033,Medium,OMP-BranchBoundMRV,16,3,0.027651072,850,1
medium_033,Medium,OMP-BranchBoundMRV,16,4,0.055469990,874,1
medium_033,Medium,OMP-BranchBoundMRV,16,5,0.060691833,577,1
medium_034,Medium,Serial,1,1,0.004852458,11496,1
medium_034,Medium,Serial,1,2,0.004816292,11496,1
medium_034,Medium,Serial,1,3,0.004805291,11496,1
medium_034,Medium,Serial,1,4,0.004969584,11496,1
medium_034,Medium,Serial,1,5,0.004849958,11496,1
medium_034,Medium,Serial-MRV,1,1,0.005389583,380,1
medium_034,Medium,Serial-MRV,1,2,0.005461084,380,1
medium_034,Medium,Serial-MRV,1,3,0.005407333,380,1
medium_034,Medium,Serial-MRV,1,4,0.005486125,380,1
medium_034,Medium,Serial-MRV,1,5,0.005508125,380,1
medium_034,Medium,BranchBound,1,1,0.004911167,11496,1
medium_034,Medium,BranchBound,1,2,0.004850250,11496,1
medium_034,Medium,BranchBound,1,3,0.004835458,11496,1
medium_034,Medium,BranchBound,1,4,0.004840750,11496,1
medium_034,Medium,BranchBound,1,5,0.004864125,11496,1
medium_034,Medium,BranchBoundMRV,1,1,0.005941292,380,1
medium_034,Medium,BranchBoundMRV,1,2,0.005934042,380,1
medium_034,Medium,BranchBoundMRV,1,3,0.005988208,380,1
medium_034,Medium,BranchBoundMRV,1,4,0.005940208,380,1
medium_034,Medium,BranchBoundMRV,1,5,0.005932125,380,1
medium_034,Medium,OpenMP,4,1,0.002197027,272,1
medium_034,Medium,OpenMP,4,2,0.002148151,271,1
medium_034,Medium,OpenMP,4,3,0.002141953,271,1
medium_034,Medium,OpenMP,4,4,0.002141953,271,1
medium_034,Medium,OpenMP,4,5,0.002149105,271,1
medium_034,Medium,OpenMP,8,1,0.002165079,271,1
medium_034,Medium,OpenMP,8,2,0.005165100,380,1
medium_034,Medium,OpenMP,8,3,0.005002022,380,1
medium_034,Medium,OpenMP,8,4,0.002187967,269,1
medium_034,Medium,OpenMP,8,5,0.002181053,269,1
medium_034,Medium,OpenMP,16,1,0.019004107,380,1
medium_034,Medium,OpenMP,16,2,0.020351171,380,1
medium_034,Medium,OpenMP,16,3,0.020056963,271,1
medium_034,Medium,OpenMP,16,4,0.027857780,266,1
medium_034,Medium,OpenMP,16,5,0.008186102,209,1
medium_034,Medium,OMP-BranchBoundMRV,4,1,0.002377033,279,1
medium_034,Medium,OMP-BranchBoundMRV,4,2,0.002589941,290,1
medium_034,Medium,OMP-BranchBoundMRV,4,3,0.002304792,267,1
medium_034,Medium,OMP-BranchBoundMRV,4,4,0.002327919,264,1
medium_034,Medium,OMP-BranchBoundMRV,4,5,0.002350092,263,1
medium_034,Medium,OMP-BranchBoundMRV,8,1,0.004358053,243,1
medium_034,Medium,OMP-BranchBoundMRV,8,2,0.004864931,263,1
medium_034,Medium,OMP-BranchBoundMRV,8,3,0.002909899,233,1
medium_034,Medium,OMP-BranchBoundMRV,8,4,0.002291918,201,1
medium_034,Medium,OMP-BranchBoundMRV,8,5,0.002296209,265,1
medium_034,Medium,OMP-BranchBoundMRV,16,1,0.011740923,380,1
medium_034,Medium,OMP-BranchBoundMRV,16,2,0.015161037,299,1
medium_034,Medium,OMP-BranchBoundMRV,16,3,0.013805151,380,1
medium_034,Medium,OMP-BranchBoundMRV,16,4,0.027467966,380,1
medium_034,Medium,OMP-BranchBoundMRV,16,5,0.020478010,265,1
medium_035,Medium,Serial,1,1,0.000219250,516,1
medium_035,Medium,Serial,1,2,0.000212959,516,1
medium_035,Medium,Serial,1,3,0.000212792,516,1
medium_035,Medium,Serial,1,4,0.000212166,516,1
medium_035,Medium,Serial,1,5,0.000211167,516,1
medium_035,Medium,Serial-MRV,1,1,0.003259708,211,1
medium_035,Medium,Serial-MRV,1,2,0.003037875,211,1
medium_035,Medium,Serial-MRV,1,3,0.003044875,211,1
medium_035,Medium,Serial-MRV,1,4,0.003058583,211,1
medium_035,Medium,Serial-MRV,1,5,0.003018625,211,1
medium_035,Medium,BranchBound,1,1,0.000213625,516,1
medium_035,Medium,BranchBound,1,2,0.000208084,516,1
medium_035,Medium,BranchBound,1,3,0.000207458,516,1
medium_035,Medium,BranchBound,1,4,0.000207167,516,1
medium_035,Medium,BranchBound,1,5,0.000207416,516,1
medium_035,Medium,BranchBoundMRV,1,1,0.003426917,211,1
medium_035,Medium,BranchBoundMRV,1,2,0.003526166,211,1
medium_035,Medium,BranchBoundMRV,1,3,0.003426458,211,1
medium_035,Medium,BranchBoundMRV,1,4,0.003397833,211,1
medium_035,Medium,BranchBoundMRV,1,5,0.003401125,211,1
medium_035,Medium,OpenMP,4,1,0.003734112,442,1
medium_035,Medium,OpenMP,4,2,0.003653049,442,1
medium_035,Medium,OpenMP,4,3,0.003650188,442,1
medium_035,Medium,OpenMP,4,4,0.003660917,442,1
medium_035,Medium,OpenMP,4,5,0.003638983,442,1
medium_035,Medium,OpenMP,8,1,0.003663063,408,1
medium_035,Medium,OpenMP,8,2,0.003669977,378,1
medium_035,Medium,OpenMP,8,3,0.008918047,442,1
medium_035,Medium,OpenMP,8,4,0.003698111,442,1
medium_035,Medium,OpenMP,8,5,0.003667831,397,1
medium_035,Medium,OpenMP,16,1,0.042110205,442,1
medium_035,Medium,OpenMP,16,2,0.014739037,442,1
medium_035,Medium,OpenMP,16,3,0.011525154,442,1
medium_035,Medium,OpenMP,16,4,0.022610903,442,1
medium_035,Medium,OpenMP,16,5,0.012169123,442,1
medium_035,Medium,OMP-BranchBoundMRV,4,1,0.003879070,442,1
medium_035,Medium,OMP-BranchBoundMRV,4,2,0.003786087,442,1
medium_035,Medium,OMP-BranchBoundMRV,4,3,0.003928900,442,1
medium_035,Medium,OMP-BranchBoundMRV,4,4,0.003762960,442,1
medium_035,Medium,OMP-BranchBoundMRV,4,5,0.004219055,442,1
medium_035,Medium,OMP-BranchBoundMRV,8,1,0.003826141,417,1
medium_035,Medium,OMP-BranchBoundMRV,8,2,0.008856058,442,1
medium_035,Medium,OMP-BranchBoundMRV,8,3,0.005322933,442,1
medium_035,Medium,OMP-BranchBoundMRV,8,4,0.003859997,434,1
medium_035,Medium,OMP-BranchBoundMRV,8,5,0.008852005,371,1
medium_035,Medium,OMP-BranchBoundMRV,16,1,0.015742064,442,1
medium_035,Medium,OMP-BranchBoundMRV,16,2,0.026874065,442,1
medium_035,Medium,OMP-BranchBoundMRV,16,3,0.015435934,396,1
medium_035,Medium,OMP-BranchBoundMRV,16,4,0.016714096,442,1
medium_035,Medium,OMP-BranchBoundMRV,16,5,0.052855968,394,1
medium_036,Medium,Serial,1,1,0.084847750,179668,1
medium_036,Medium,Serial,1,2,0.084103958,179668,1
medium_036,Medium,Serial,1,3,0.082014291,179668,1
medium_036,Medium,Serial,1,4,0.081593875,179668,1
medium_036,Medium,Serial,1,5,0.081611583,179668,1
medium_036,Medium,Serial-MRV,1,1,0.003404209,211,1
medium_036,Medium,Serial-MRV,1,2,0.003381958,211,1
medium_036,Medium,Serial-MRV,1,3,0.003459292,211,1
medium_036,Medium,Serial-MRV,1,4,0.003376417,211,1
medium_036,Medium,Serial-MRV,1,5,0.003384292,211,1
medium_036,Medium,BranchBound,1,1,0.082199334,179668,1
medium_036,Medium,BranchBound,1,2,0.082103084,179668,1
medium_036,Medium,BranchBound,1,3,0.085218000,179668,1
medium_036,Medium,BranchBound,1,4,0.083716625,179668,1
medium_036,Medium,BranchBound,1,5,0.082149959,179668,1
medium_036,Medium,BranchBoundMRV,1,1,0.003797208,211,1
medium_036,Medium,BranchBoundMRV,1,2,0.003731792,211,1
medium_036,Medium,BranchBoundMRV,1,3,0.003735833,211,1
medium_036,Medium,BranchBoundMRV,1,4,0.003769875,211,1
medium_036,Medium,BranchBoundMRV,1,5,0.003760417,211,1
medium_036,Medium,OpenMP,4,1,0.001837969,278,1
medium_036,Medium,OpenMP,4,2,0.001802921,277,1
medium_036,Medium,OpenMP,4,3,0.001810074,278,1
medium_036,Medium,OpenMP,4,4,0.001806974,278,1
medium_036,Medium,OpenMP,4,5,0.001837969,279,1
medium_036,Medium,OpenMP,8,1,0.001875877,278,1
medium_036,Medium,OpenMP,8,2,0.001816988,221,1
medium_036,Medium,OpenMP,8,3,0.001791954,276,1
medium_036,Medium,OpenMP,8,4,0.001812935,174,1
medium_036,Medium,OpenMP,8,5,0.001847029,232,1
medium_036,Medium,OpenMP,16,1,0.019340038,175,1
medium_036,Medium,OpenMP,16,2,0.051481962,299,1
medium_036,Medium,OpenMP,16,3,0.020175934,232,1
medium_036,Medium,OpenMP,16,4,0.020267963,299,1
medium_036,Medium,OpenMP,16,5,0.024827957,299,1
medium_036,Medium,OMP-BranchBoundMRV,4,1,0.001936913,278,1
medium_036,Medium,OMP-BranchBoundMRV,4,2,0.001921892,279,1
medium_036,Medium,OMP-BranchBoundMRV,4,3,0.001950979,280,1
medium_036,Medium,OMP-BranchBoundMRV,4,4,0.001922131,279,1
medium_036,Medium,OMP-BranchBoundMRV,4,5,0.001928806,279,1
medium_036,Medium,OMP-BranchBoundMRV,8,1,0.001950979,279,1
medium_036,Medium,OMP-BranchBoundMRV,8,2,0.001964808,222,1
medium_036,Medium,OMP-BranchBoundMRV,8,3,0.004338980,299,1
medium_036,Medium,OMP-BranchBoundMRV,8,4,0.001955986,222,1
medium_036,Medium,OMP-BranchBoundMRV,8,5,0.001922846,279,1
medium_036,Medium,OMP-BranchBoundMRV,16,1,0.037337065,213,1
medium_036,Medium,OMP-BranchBoundMRV,16,2,0.013606071,299,1
medium_036,Medium,OMP-BranchBoundMRV,16,3,0.005959988,188,1
medium_036,Medium,OMP-BranchBoundMRV,16,4,0.007270813,226,1
medium_036,Medium,OMP-BranchBoundMRV,16,5,0.007848978,183,1
medium_037,Medium,Serial,1,1,0.011224208,25258,1
medium_037,Medium,Serial,1,2,0.011256500,25258,1
medium_037,Medium,Serial,1,3,0.011216958,25258,1
medium_037,Medium,Serial,1,4,0.010942791,25258,1
medium_037,Medium,Serial,1,5,0.010652208,25258,1
medium_037,Medium,Serial-MRV,1,1,0.004060875,242,1
medium_037,Medium,Serial-MRV,1,2,0.003983208,242,1
medium_037,Medium,Serial-MRV,1,3,0.004106458,242,1
medium_037,Medium,Serial-MRV,1,4,0.003970875,242,1
medium_037,Medium,Serial-MRV,1,5,0.004002833,242,1
medium_037,Medium,BranchBound,1,1,0.010717500,25258,1
medium_037,Medium,BranchBound,1,2,0.010836750,25258,1
medium_037,Medium,BranchBound,1,3,0.010714458,25258,1
medium_037,Medium,BranchBound,1,4,0.010706625,25258,1
medium_037,Medium,BranchBound,1,5,0.010662083,25258,1
medium_037,Medium,BranchBoundMRV,1,1,0.004537917,242,1
medium_037,Medium,BranchBoundMRV,1,2,0.004439750,242,1
medium_037,Medium,BranchBoundMRV,1,3,0.004447417,242,1
medium_037,Medium,BranchBoundMRV,1,4,0.004470458,242,1
medium_037,Medium,BranchBoundMRV,1,5,0.004433834,242,1
medium_037,Medium,OpenMP,4,1,0.004777193,242,1
medium_037,Medium,OpenMP,4,2,0.004785061,242,1
medium_037,Medium,OpenMP,4,3,0.004776955,242,1
medium_037,Medium,OpenMP,4,4,0.004750013,242,1
medium_037,Medium,OpenMP,4,5,0.004761934,242,1
medium_037,Medium,OpenMP,8,1,0.004840136,242,1
medium_037,Medium,OpenMP,8,2,0.004853010,242,1
medium_037,Medium,OpenMP,8,3,0.010577917,242,1
medium_037,Medium,OpenMP,8,4,0.010597944,242,1
medium_037,Medium,OpenMP,8,5,0.004755974,242,1
medium_037,Medium,OpenMP,16,1,0.023409843,242,1
medium_037,Medium,OpenMP,16,2,0.011173010,242,1
medium_037,Medium,OpenMP,16,3,0.011216164,242,1
medium_037,Medium,OpenMP,16,4,0.016844988,242,1
medium_037,Medium,OpenMP,16,5,0.033318996,242,1
medium_037,Medium,OMP-BranchBoundMRV,4,1,0.004992008,242,1
medium_037,Medium,OMP-BranchBoundMRV,4,2,0.005125999,242,1
medium_037,Medium,OMP-BranchBoundMRV,4,3,0.005093813,242,1
medium_037,Medium,OMP-BranchBoundMRV,4,4,0.005131006,242,1
medium_037,Medium,OMP-BranchBoundMRV,4,5,0.004831076,242,1
medium_037,Medium,OMP-BranchBoundMRV,8,1,0.009696007,242,1
medium_037,Medium,OMP-BranchBoundMRV,8,2,0.004858017,242,1
medium_037,Medium,OMP-BranchBoundMRV,8,3,0.004959106,242,1
medium_037,Medium,OMP-BranchBoundMRV,8,4,0.004866123,242,1
medium_037,Medium,OMP-BranchBoundMRV,8,5,0.004971027,242,1
medium_037,Medium,OMP-BranchBoundMRV,16,1,0.057653904,242,1
medium_037,Medium,OMP-BranchBoundMRV,16,2,0.029124022,242,1
medium_037,Medium,OMP-BranchBoundMRV,16,3,0.045378923,242,1
medium_037,Medium,OMP-BranchBoundMRV,16,4,0.011615038,242,1
medium_037,Medium,OMP-BranchBoundMRV,16,5,0.056689024,242,1
medium_038,Medium,Serial,1,1,0.000433542,961,1
medium_038,Medium,Serial,1,2,0.000423250,961,1
medium_038,Medium,Serial,1,3,0.000412167,961,1
medium_038,Medium,Serial,1,4,0.000440834,961,1
medium_038,Medium,Serial,1,5,0.000401875,961,1
medium_038,Medium,Serial-MRV,1,1,0.011045125,790,1
medium_038,Medium,Serial-MRV,1,2,0.011012000,790,1
medium_038,Medium,Serial-MRV,1,3,0.010972167,790,1
medium_038,Medium,Serial-MRV,1,4,0.011094458,790,1
medium_038,Medium,Serial-MRV,1,5,0.011017500,790,1
medium_038,Medium,BranchBound,1,1,0.000409833,961,1
medium_038,Medium,BranchBound,1,2,0.000406667,961,1
medium_038,Medium,BranchBound,1,3,0.000430875,961,1
medium_038,Medium,BranchBound,1,4,0.000401875,961,1
medium_038,Medium,BranchBound,1,5,0.000402125,961,1
medium_038,Medium,BranchBoundMRV,1,1,0.012411167,790,1
medium_038,Medium,BranchBoundMRV,1,2,0.012394542,790,1
medium_038,Medium,BranchBoundMRV,1,3,0.012412208,790,1
medium_038,Medium,BranchBoundMRV,1,4,0.012392084,790,1
medium_038,Medium,BranchBoundMRV,1,5,0.012367000,790,1
medium_038,Medium,OpenMP,4,1,0.001754045,281,1
medium_038,Medium,OpenMP,4,2,0.001728058,279,1
medium_038,Medium,OpenMP,4,3,0.001732111,280,1
medium_038,Medium,OpenMP,4,4,0.001739025,281,1
medium_038,Medium,OpenMP,4,5,0.001729965,280,1
medium_038,Medium,OpenMP,8,1,0.001753807,385,1
medium_038,Medium,OpenMP,8,2,0.004001856,538,1
medium_038,Medium,OpenMP,8,3,0.001761913,271,1
medium_038,Medium,OpenMP,8,4,0.001808882,337,1
medium_038,Medium,OpenMP,8,5,0.001837969,279,1
medium_038,Medium,OpenMP,16,1,0.020093918,325,1
medium_038,Medium,OpenMP,16,2,0.052970886,681,1
medium_038,Medium,OpenMP,16,3,0.010287046,189,1
medium_038,Medium,OpenMP,16,4,0.020694971,575,1
medium_038,Medium,OpenMP,16,5,0.016348124,299,1
medium_038,Medium,OMP-BranchBoundMRV,4,1,0.002238035,424,1
medium_038,Medium,OMP-BranchBoundMRV,4,2,0.001895905,299,1
medium_038,Medium,OMP-BranchBoundMRV,4,3,0.001911879,367,1
medium_038,Medium,OMP-BranchBoundMRV,4,4,0.001936913,301,1
medium_038,Medium,OMP-BranchBoundMRV,4,5,0.002038956,382,1
medium_038,Medium,OMP-BranchBoundMRV,8,1,0.002144098,288,1
medium_038,Medium,OMP-BranchBoundMRV,8,2,0.001953125,289,1
medium_038,Medium,OMP-BranchBoundMRV,8,3,0.001915932,278,1
medium_038,Medium,OMP-BranchBoundMRV,8,4,0.002357006,350,1
medium_038,Medium,OMP-BranchBoundMRV,8,5,0.003449917,338,1
medium_038,Medium,OMP-BranchBoundMRV,16,1,0.021248102,350,1
medium_038,Medium,OMP-BranchBoundMRV,16,2,0.021968842,233,1
medium_038,Medium,OMP-BranchBoundMRV,16,3,0.013575077,552,1
medium_038,Medium,OMP-BranchBoundMRV,16,4,0.017744064,348,1
medium_038,Medium,OMP-BranchBoundMRV,16,5,0.020382166,539,1
medium_039,Medium,Serial,1,1,0.001420417,3314,1
medium_039,Medium,Serial,1,2,0.001348458,3314,1
medium_039,Medium,Serial,1,3,0.001337875,3314,1
medium_039,Medium,Serial,1,4,0.001339792,3314,1
medium_039,Medium,Serial,1,5,0.001335625,3314,1
medium_039,Medium,Serial-MRV,1,1,0.005987250,345,1
medium_039,Medium,Serial-MRV,1,2,0.005882333,345,1
medium_039,Medium,Serial-MRV,1,3,0.005884459,345,1
medium_039,Medium,Serial-MRV,1,4,0.005882916,345,1
medium_039,Medium,Serial-MRV,1,5,0.005905667,345,1
medium_039,Medium,BranchBound,1,1,0.001352166,3314,1
medium_039,Medium,BranchBound,1,2,0.001360209,3314,1
medium_039,Medium,BranchBound,1,3,0.001343458,3314,1
medium_039,Medium,BranchBound,1,4,0.001344208,3314,1
medium_039,Medium,BranchBound,1,5,0.001345791,3314,1
medium_039,Medium,BranchBoundMRV,1,1,0.006715875,345,1
medium_039,Medium,BranchBoundMRV,1,2,0.006919917,345,1
medium_039,Medium,BranchBoundMRV,1,3,0.006929750,345,1
medium_039,Medium,BranchBoundMRV,1,4,0.006776500,345,1
medium_039,Medium,BranchBoundMRV,1,5,0.006731708,345,1
medium_039,Medium,OpenMP,4,1,0.001912832,275,1
medium_039,Medium,OpenMP,4,2,0.001904964,276,1
medium_039,Medium,OpenMP,4,3,0.001892090,275,1
medium_039,Medium,OpenMP,4,4,0.001899004,244,1
medium_039,Medium,OpenMP,4,5,0.002320051,273,1
medium_039,Medium,OpenMP,8,1,0.001945972,246,1
medium_039,Medium,OpenMP,8,2,0.007301092,345,1
medium_039,Medium,OpenMP,8,3,0.002012968,246,1
medium_039,Medium,OpenMP,8,4,0.004470110,320,1
medium_039,Medium,OpenMP,8,5,0.002183914,255,1
medium_039,Medium,OpenMP,16,1,0.011920929,345,1
medium_039,Medium,OpenMP,16,2,0.016195059,211,1
medium_039,Medium,OpenMP,16,3,0.014472008,214,1
medium_039,Medium,OpenMP,16,4,0.025511026,249,1
medium_039,Medium,OpenMP,16,5,0.048808098,345,1
medium_039,Medium,OMP-BranchBoundMRV,4,1,0.002081871,299,1
medium_039,Medium,OMP-BranchBoundMRV,4,2,0.002052069,299,1
medium_039,Medium,OMP-BranchBoundMRV,4,3,0.002061844,299,1
medium_039,Medium,OMP-BranchBoundMRV,4,4,0.002059937,299,1
medium_039,Medium,OMP-BranchBoundMRV,4,5,0.002057076,299,1
medium_039,Medium,OMP-BranchBoundMRV,8,1,0.002206802,252,1
medium_039,Medium,OMP-BranchBoundMRV,8,2,0.002077103,246,1
medium_039,Medium,OMP-BranchBoundMRV,8,3,0.002084970,200,1
medium_039,Medium,OMP-BranchBoundMRV,8,4,0.004763842,345,1
medium_039,Medium,OMP-BranchBoundMRV,8,5,0.002087831,246,1
medium_039,Medium,OMP-BranchBoundMRV,16,1,0.052259922,345,1
medium_039,Medium,OMP-BranchBoundMRV,16,2,0.018793106,314,1
medium_039,Medium,OMP-BranchBoundMRV,16,3,0.015842915,345,1
medium_039,Medium,OMP-BranchBoundMRV,16,4,0.025826216,345,1
medium_039,Medium,OMP-BranchBoundMRV,16,5,0.010307074,291,1
medium_040,Medium,Serial,1,1,0.027002167,60491,1
medium_040,Medium,Serial,1,2,0.025737167,60491,1
medium_040,Medium,Serial,1,3,0.025810041,60491,1
medium_040,Medium,Serial,1,4,0.025450750,60491,1
medium_040,Medium,Serial,1,5,0.025674416,60491,1
medium_040,Medium,Serial-MRV,1,1,0.002914666,216,1
medium_040,Medium,Serial-MRV,1,2,0.002908708,216,1
medium_040,Medium,Serial-MRV,1,3,0.002901125,216,1
medium_040,Medium,Serial-MRV,1,4,0.002938834,216,1
medium_040,Medium,Serial-MRV,1,5,0.002906291,216,1
medium_040,Medium,BranchBound,1,1,0.025812792,60491,1
medium_040,Medium,BranchBound,1,2,0.025605375,60491,1
medium_040,Medium,BranchBound,1,3,0.026660708,60491,1
medium_040,Medium,BranchBound,1,4,0.027037459,60491,1
medium_040,Medium,BranchBound,1,5,0.027100791,60491,1
medium_040,Medium,BranchBoundMRV,1,1,0.003459458,216,1
medium_040,Medium,BranchBoundMRV,1,2,0.003458375,216,1
medium_040,Medium,BranchBoundMRV,1,3,0.003480333,216,1
medium_040,Medium,BranchBoundMRV,1,4,0.003449541,216,1
medium_040,Medium,BranchBoundMRV,1,5,0.003463833,216,1
medium_040,Medium,OpenMP,4,1,0.003703117,216,1
medium_040,Medium,OpenMP,4,2,0.003895044,216,1
medium_040,Medium,OpenMP,4,3,0.003556013,216,1
medium_040,Medium,OpenMP,4,4,0.003611803,216,1
medium_040,Medium,OpenMP,4,5,0.003546000,216,1
medium_040,Medium,OpenMP,8,1,0.008702993,216,1
medium_040,Medium,OpenMP,8,2,0.003534794,216,1
medium_040,Medium,OpenMP,8,3,0.003556967,216,1
medium_040,Medium,OpenMP,8,4,0.004810095,216,1
medium_040,Medium,OpenMP,8,5,0.003579140,216,1
medium_040,Medium,OpenMP,16,1,0.029354811,216,1
medium_040,Medium,OpenMP,16,2,0.028071880,216,1
medium_040,Medium,OpenMP,16,3,0.030104876,216,1
medium_040,Medium,OpenMP,16,4,0.050177097,216,1
medium_040,Medium,OpenMP,16,5,0.017909050,216,1
medium_040,Medium,OMP-BranchBoundMRV,4,1,0.003991842,216,1
medium_040,Medium,OMP-BranchBoundMRV,4,2,0.003807068,216,1
medium_040,Medium,OMP-BranchBoundMRV,4,3,0.003971100,216,1
medium_040,Medium,OMP-BranchBoundMRV,4,4,0.004124165,216,1
medium_040,Medium,OMP-BranchBoundMRV,4,5,0.003788948,216,1
medium_040,Medium,OMP-BranchBoundMRV,8,1,0.005068064,216,1
medium_040,Medium,OMP-BranchBoundMRV,8,2,0.003659964,216,1
medium_040,Medium,OMP-BranchBoundMRV,8,3,0.003738165,216,1
medium_040,Medium,OMP-BranchBoundMRV,8,4,0.007220030,216,1
medium_040,Medium,OMP-BranchBoundMRV,8,5,0.005296946,216,1
medium_040,Medium,OMP-BranchBoundMRV,16,1,0.010516167,216,1
medium_040,Medium,OMP-BranchBoundMRV,16,2,0.012387991,216,1
medium_040,Medium,OMP-BranchBoundMRV,16,3,0.005402803,216,1
medium_040,Medium,OMP-BranchBoundMRV,16,4,0.011240959,216,1
medium_040,Medium,OMP-BranchBoundMRV,16,5,0.013312817,216,1
medium_041,Medium,Serial,1,1,0.010451458,22214,1
medium_041,Medium,Serial,1,2,0.010291833,22214,1
medium_041,Medium,Serial,1,3,0.010326042,22214,1
medium_041,Medium,Serial,1,4,0.010490625,22214,1
medium_041,Medium,Serial,1,5,0.010352709,22214,1
medium_041,Medium,Serial-MRV,1,1,0.003289500,209,1
medium_041,Medium,Serial-MRV,1,2,0.003356083,209,1
medium_041,Medium,Serial-MRV,1,3,0.003228917,209,1
medium_041,Medium,Serial-MRV,1,4,0.003228125,209,1
medium_041,Medium,Serial-MRV,1,5,0.003256500,209,1
medium_041,Medium,BranchBound,1,1,0.010431833,22214,1
medium_041,Medium,BranchBound,1,2,0.010439583,22214,1
medium_041,Medium,BranchBound,1,3,0.010361917,22214,1
medium_041,Medium,BranchBound,1,4,0.011024791,22214,1
medium_041,Medium,BranchBound,1,5,0.010952667,22214,1
medium_041,Medium,BranchBoundMRV,1,1,0.003760708,209,1
medium_041,Medium,BranchBoundMRV,1,2,0.003708000,209,1
medium_041,Medium,BranchBoundMRV,1,3,0.003731500,209,1
medium_041,Medium,BranchBoundMRV,1,4,0.003715375,209,1
medium_041,Medium,BranchBoundMRV,1,5,0.003644917,209,1
medium_041,Medium,OpenMP,4,1,0.001657963,165,1
medium_041,Medium,OpenMP,4,2,0.001321077,149,1
medium_041,Medium,OpenMP,4,3,0.001626968,166,1
medium_041,Medium,OpenMP,4,4,0.001324892,151,1
medium_041,Medium,OpenMP,4,5,0.001322985,151,1
medium_041,Medium,OpenMP,8,1,0.001275063,99,1
medium_041,Medium,OpenMP,8,2,0.002011061,138,1
medium_041,Medium,OpenMP,8,3,0.002350092,165,1
medium_041,Medium,OpenMP,8,4,0.001730204,133,1
medium_041,Medium,OpenMP,8,5,0.001280069,100,1
medium_041,Medium,OpenMP,16,1,0.027265072,148,1
medium_041,Medium,OpenMP,16,2,0.024204016,108,1
medium_041,Medium,OpenMP,16,3,0.024610996,146,1
medium_041,Medium,OpenMP,16,4,0.008567095,148,1
medium_041,Medium,OpenMP,16,5,0.055115938,148,1
medium_041,Medium,OMP-BranchBoundMRV,4,1,0.001394033,149,1
medium_041,Medium,OMP-BranchBoundMRV,4,2,0.001368999,149,1
medium_041,Medium,OMP-BranchBoundMRV,4,3,0.001370192,149,1
medium_041,Medium,OMP-BranchBoundMRV,4,4,0.001370907,149,1
medium_041,Medium,OMP-BranchBoundMRV,4,5,0.001361847,149,1
medium_041,Medium,OMP-BranchBoundMRV,8,1,0.001482964,154,1
medium_041,Medium,OMP-BranchBoundMRV,8,2,0.001430988,101,1
medium_041,Medium,OMP-BranchBoundMRV,8,3,0.003026962,209,1
medium_041,Medium,OMP-BranchBoundMRV,8,4,0.001458168,100,1
medium_041,Medium,OMP-BranchBoundMRV,8,5,0.001708984,162,1
medium_041,Medium,OMP-BranchBoundMRV,16,1,0.030703068,149,1
medium_041,Medium,OMP-BranchBoundMRV,16,2,0.007734060,100,1
medium_041,Medium,OMP-BranchBoundMRV,16,3,0.006973982,209,1
medium_041,Medium,OMP-BranchBoundMRV,16,4,0.013236046,77,1
medium_041,Medium,OMP-BranchBoundMRV,16,5,0.016406059,191,1
medium_042,Medium,Serial,1,1,0.000784333,1841,1
medium_042,Medium,Serial,1,2,0.000765875,1841,1
medium_042,Medium,Serial,1,3,0.000871542,1841,1
medium_042,Medium,Serial,1,4,0.000777417,1841,1
medium_042,Medium,Serial,1,5,0.000830417,1841,1
medium_042,Medium,Serial-MRV,1,1,0.004209917,288,1
medium_042,Medium,Serial-MRV,1,2,0.004194833,288,1
medium_042,Medium,Serial-MRV,1,3,0.004157583,288,1
medium_042,Medium,Serial-MRV,1,4,0.004224542,288,1
medium_042,Medium,Serial-MRV,1,5,0.004153083,288,1
medium_042,Medium,BranchBound,1,1,0.000781958,1841,1
medium_042,Medium,BranchBound,1,2,0.000847875,1841,1
medium_042,Medium,BranchBound,1,3,0.000767167,1841,1
medium_042,Medium,BranchBound,1,4,0.000858791,1841,1
medium_042,Medium,BranchBound,1,5,0.000770000,1841,1
medium_042,Medium,BranchBoundMRV,1,1,0.004756292,288,1
medium_042,Medium,BranchBoundMRV,1,2,0.004951500,288,1
medium_042,Medium,BranchBoundMRV,1,3,0.004538625,288,1
medium_042,Medium,BranchBoundMRV,1,4,0.004581875,288,1
medium_042,Medium,BranchBoundMRV,1,5,0.004494416,288,1
medium_042,Medium,OpenMP,4,1,0.004853964,458,1
medium_042,Medium,OpenMP,4,2,0.004849911,458,1
medium_042,Medium,OpenMP,4,3,0.004847050,458,1
medium_042,Medium,OpenMP,4,4,0.004868031,458,1
medium_042,Medium,OpenMP,4,5,0.004812002,458,1
medium_042,Medium,OpenMP,8,1,0.010681868,458,1
medium_042,Medium,OpenMP,8,2,0.004864931,458,1
medium_042,Medium,OpenMP,8,3,0.004836798,458,1
medium_042,Medium,OpenMP,8,4,0.004791975,458,1
medium_042,Medium,OpenMP,8,5,0.004823923,458,1
medium_042,Medium,OpenMP,16,1,0.013912201,458,1
medium_042,Medium,OpenMP,16,2,0.020069122,458,1
medium_042,Medium,OpenMP,16,3,0.028141022,458,1
medium_042,Medium,OpenMP,16,4,0.020589828,454,1
medium_042,Medium,OpenMP,16,5,0.015666008,398,1
medium_042,Medium,OMP-BranchBoundMRV,4,1,0.005234003,458,1
medium_042,Medium,OMP-BranchBoundMRV,4,2,0.005126953,458,1
medium_042,Medium,OMP-BranchBoundMRV,4,3,0.005310059,458,1
medium_042,Medium,OMP-BranchBoundMRV,4,4,0.005028963,458,1
medium_042,Medium,OMP-BranchBoundMRV,4,5,0.005069971,458,1
medium_042,Medium,OMP-BranchBoundMRV,8,1,0.004916906,395,1
medium_042,Medium,OMP-BranchBoundMRV,8,2,0.005686998,458,1
medium_042,Medium,OMP-BranchBoundMRV,8,3,0.011000872,458,1
medium_042,Medium,OMP-BranchBoundMRV,8,4,0.009490013,458,1
medium_042,Medium,OMP-BranchBoundMRV,8,5,0.009688854,458,1
medium_042,Medium,OMP-BranchBoundMRV,16,1,0.014138937,458,1
medium_042,Medium,OMP-BranchBoundMRV,16,2,0.017811060,458,1
medium_042,Medium,OMP-BranchBoundMRV,16,3,0.033336878,458,1
medium_042,Medium,OMP-BranchBoundMRV,16,4,0.056941986,406,1
medium_042,Medium,OMP-BranchBoundMRV,16,5,0.027474165,458,1
medium_043,Medium,Serial,1,1,0.006128375,14373,1
medium_043,Medium,Serial,1,2,0.006199500,14373,1
medium_043,Medium,Serial,1,3,0.006184041,14373,1
medium_043,Medium,Serial,1,4,0.006271916,14373,1
medium_043,Medium,Serial,1,5,0.006175666,14373,1
medium_043,Medium,Serial-MRV,1,1,0.007630250,481,1
medium_043,Medium,Serial-MRV,1,2,0.007501292,481,1
medium_043,Medium,Serial-MRV,1,3,0.007508583,481,1
medium_043,Medium,Serial-MRV,1,4,0.007577291,481,1
medium_043,Medium,Serial-MRV,1,5,0.007606167,481,1
medium_043,Medium,BranchBound,1,1,0.006239625,14373,1
medium_043,Medium,BranchBound,1,2,0.006097500,14373,1
medium_043,Medium,BranchBound,1,3,0.006394416,14373,1
medium_043,Medium,BranchBound,1,4,0.005986666,14373,1
medium_043,Medium,BranchBound,1,5,0.005921375,14373,1
medium_043,Medium,BranchBoundMRV,1,1,0.007746667,481,1
medium_043,Medium,BranchBoundMRV,1,2,0.007773417,481,1
medium_043,Medium,BranchBoundMRV,1,3,0.007745750,481,1
medium_043,Medium,BranchBoundMRV,1,4,0.007704667,481,1
medium_043,Medium,BranchBoundMRV,1,5,0.007741208,481,1
medium_043,Medium,OpenMP,4,1,0.001813889,378,1
medium_043,Medium,OpenMP,4,2,0.001751900,371,1
medium_043,Medium,OpenMP,4,3,0.001197815,238,1
medium_043,Medium,OpenMP,4,4,0.001720905,366,1
medium_043,Medium,OpenMP,4,5,0.001726151,366,1
medium_043,Medium,OpenMP,8,1,0.001223803,215,1
medium_043,Medium,OpenMP,8,2,0.001250029,248,1
medium_043,Medium,OpenMP,8,3,0.001204967,248,1
medium_043,Medium,OpenMP,8,4,0.002802849,403,1
medium_043,Medium,OpenMP,8,5,0.002814054,503,1
medium_043,Medium,OpenMP,16,1,0.032156944,406,1
medium_043,Medium,OpenMP,16,2,0.026591063,254,1
medium_043,Medium,OpenMP,16,3,0.021741152,421,1
medium_043,Medium,OpenMP,16,4,0.012465954,373,1
medium_043,Medium,OpenMP,16,5,0.019786835,387,1
medium_043,Medium,OMP-BranchBoundMRV,4,1,0.001327038,231,1
medium_043,Medium,OMP-BranchBoundMRV,4,2,0.001339912,238,1
medium_043,Medium,OMP-BranchBoundMRV,4,3,0.001412153,227,1
medium_043,Medium,OMP-BranchBoundMRV,4,4,0.001368046,241,1
medium_043,Medium,OMP-BranchBoundMRV,4,5,0.001343012,228,1
medium_043,Medium,OMP-BranchBoundMRV,8,1,0.001407146,207,1
medium_043,Medium,OMP-BranchBoundMRV,8,2,0.002266169,387,1
medium_043,Medium,OMP-BranchBoundMRV,8,3,0.002315044,359,1
medium_043,Medium,OMP-BranchBoundMRV,8,4,0.001920938,414,1
medium_043,Medium,OMP-BranchBoundMRV,8,5,0.003355980,480,1
medium_043,Medium,OMP-BranchBoundMRV,16,1,0.010123014,186,1
medium_043,Medium,OMP-BranchBoundMRV,16,2,0.040234089,524,1
medium_043,Medium,OMP-BranchBoundMRV,16,3,0.065127134,167,1
medium_043,Medium,OMP-BranchBoundMRV,16,4,0.040836096,522,1
medium_043,Medium,OMP-BranchBoundMRV,16,5,0.027807951,286,1
medium_044,Medium,Serial,1,1,0.000549458,1325,1
medium_044,Medium,Serial,1,2,0.000575166,1325,1
medium_044,Medium,Serial,1,3,0.000664333,1325,1
medium_044,Medium,Serial,1,4,0.000579459,1325,1
medium_044,Medium,Serial,1,5,0.000542375,1325,1
medium_044,Medium,Serial-MRV,1,1,0.006575500,389,1
medium_044,Medium,Serial-MRV,1,2,0.006517333,389,1
medium_044,Medium,Serial-MRV,1,3,0.006793417,389,1
medium_044,Medium,Serial-MRV,1,4,0.006592708,389,1
medium_044,Medium,Serial-MRV,1,5,0.008776084,389,1
medium_044,Medium,BranchBound,1,1,0.000589709,1325,1
medium_044,Medium,BranchBound,1,2,0.000565833,1325,1
medium_044,Medium,BranchBound,1,3,0.000557250,1325,1
medium_044,Medium,BranchBound,1,4,0.000653625,1325,1
medium_044,Medium,BranchBound,1,5,0.000560250,1325,1
medium_044,Medium,BranchBoundMRV,1,1,0.007550250,389,1
medium_044,Medium,BranchBoundMRV,1,2,0.008179375,389,1
medium_044,Medium,BranchBoundMRV,1,3,0.007408792,389,1
medium_044,Medium,BranchBoundMRV,1,4,0.007324167,389,1
medium_044,Medium,BranchBoundMRV,1,5,0.007394875,389,1
medium_044,Medium,OpenMP,4,1,0.003286839,280,1
medium_044,Medium,OpenMP,4,2,0.003566980,384,1
medium_044,Medium,OpenMP,4,3,0.003133059,353,1
medium_044,Medium,OpenMP,4,4,0.002928972,353,1
medium_044,Medium,OpenMP,4,5,0.002888918,345,1
medium_044,Medium,OpenMP,8,1,0.002966881,355,1
medium_044,Medium,OpenMP,8,2,0.002960920,278,1
medium_044,Medium,OpenMP,8,3,0.006284952,394,1
medium_044,Medium,OpenMP,8,4,0.002871990,279,1
medium_044,Medium,OpenMP,8,5,0.006928921,357,1
medium_044,Medium,OpenMP,16,1,0.028337955,277,1
medium_044,Medium,OpenMP,16,2,0.066653013,394,1
medium_044,Medium,OpenMP,16,3,0.010909796,394,1
medium_044,Medium,OpenMP,16,4,0.005436897,268,1
medium_044,Medium,OpenMP,16,5,0.015872002,394,1
medium_044,Medium,OMP-BranchBoundMRV,4,1,0.003087997,355,1
medium_044,Medium,OMP-BranchBoundMRV,4,2,0.003283024,366,1
medium_044,Medium,OMP-BranchBoundMRV,4,3,0.003262997,357,1
medium_044,Medium,OMP-BranchBoundMRV,4,4,0.003421068,382,1
medium_044,Medium,OMP-BranchBoundMRV,4,5,0.003101110,355,1
medium_044,Medium,OMP-BranchBoundMRV,8,1,0.004612207,311,1
medium_044,Medium,OMP-BranchBoundMRV,8,2,0.004400015,394,1
medium_044,Medium,OMP-BranchBoundMRV,8,3,0.005623102,394,1
medium_044,Medium,OMP-BranchBoundMRV,8,4,0.004089117,365,1
medium_044,Medium,OMP-BranchBoundMRV,8,5,0.004875183,328,1
medium_044,Medium,OMP-BranchBoundMRV,16,1,0.005010843,178,1
medium_044,Medium,OMP-BranchBoundMRV,16,2,0.013956070,394,1
medium_044,Medium,OMP-BranchBoundMRV,16,3,0.064239979,226,1
medium_044,Medium,OMP-BranchBoundMRV,16,4,0.078296900,342,1
medium_044,Medium,OMP-BranchBoundMRV,16,5,0.014208078,335,1
medium_045,Medium,Serial,1,1,0.004431959,9510,1
medium_045,Medium,Serial,1,2,0.004181584,9510,1
medium_045,Medium,Serial,1,3,0.004365958,9510,1
medium_045,Medium,Serial,1,4,0.004188750,9510,1
medium_045,Medium,Serial,1,5,0.004346125,9510,1
medium_045,Medium,Serial-MRV,1,1,0.003953750,274,1
medium_045,Medium,Serial-MRV,1,2,0.004041209,274,1
medium_045,Medium,Serial-MRV,1,3,0.004045500,274,1
medium_045,Medium,Serial-MRV,1,4,0.004080250,274,1
medium_045,Medium,Serial-MRV,1,5,0.004004292,274,1
medium_045,Medium,BranchBound,1,1,0.004348041,9510,1
medium_045,Medium,BranchBound,1,2,0.004203542,9510,1
medium_045,Medium,BranchBound,1,3,0.004327541,9510,1
medium_045,Medium,BranchBound,1,4,0.004257709,9510,1
medium_045,Medium,BranchBound,1,5,0.004275375,9510,1
medium_045,Medium,BranchBoundMRV,1,1,0.004291792,274,1
medium_045,Medium,BranchBoundMRV,1,2,0.004426292,274,1
medium_045,Medium,BranchBoundMRV,1,3,0.004372083,274,1
medium_045,Medium,BranchBoundMRV,1,4,0.004377250,274,1
medium_045,Medium,BranchBoundMRV,1,5,0.004356750,274,1
medium_045,Medium,OpenMP,4,1,0.002546072,274,1
medium_045,Medium,OpenMP,4,2,0.002336025,274,1
medium_045,Medium,OpenMP,4,3,0.002299070,274,1
medium_045,Medium,OpenMP,4,4,0.002387047,274,1
medium_045,Medium,OpenMP,4,5,0.002293110,274,1
medium_045,Medium,OpenMP,8,1,0.002302885,274,1
medium_045,Medium,OpenMP,8,2,0.002295017,274,1
medium_045,Medium,OpenMP,8,3,0.005414963,274,1
medium_045,Medium,OpenMP,8,4,0.002300024,274,1
medium_045,Medium,OpenMP,8,5,0.005400181,274,1
medium_045,Medium,OpenMP,16,1,0.020081043,274,1
medium_045,Medium,OpenMP,16,2,0.025416851,274,1
medium_045,Medium,OpenMP,16,3,0.012817860,274,1
medium_045,Medium,OpenMP,16,4,0.030144930,274,1
medium_045,Medium,OpenMP,16,5,0.019444942,238,1
medium_045,Medium,OMP-BranchBoundMRV,4,1,0.002593994,274,1
medium_045,Medium,OMP-BranchBoundMRV,4,2,0.002652168,274,1
medium_045,Medium,OMP-BranchBoundMRV,4,3,0.002454042,274,1
medium_045,Medium,OMP-BranchBoundMRV,4,4,0.002505064,274,1
medium_045,Medium,OMP-BranchBoundMRV,4,5,0.002608776,274,1
medium_045,Medium,OMP-BranchBoundMRV,8,1,0.004160881,274,1
medium_045,Medium,OMP-BranchBoundMRV,8,2,0.005705118,274,1
medium_045,Medium,OMP-BranchBoundMRV,8,3,0.004677057,274,1
medium_045,Medium,OMP-BranchBoundMRV,8,4,0.004173040,274,1
medium_045,Medium,OMP-BranchBoundMRV,8,5,0.002542019,239,1
medium_045,Medium,OMP-BranchBoundMRV,16,1,0.010729790,274,1
medium_045,Medium,OMP-BranchBoundMRV,16,2,0.022171974,274,1
medium_045,Medium,OMP-BranchBoundMRV,16,3,0.018278122,265,1
medium_045,Medium,OMP-BranchBoundMRV,16,4,0.024814129,274,1
medium_045,Medium,OMP-BranchBoundMRV,16,5,0.016658783,263,1
medium_046,Medium,Serial,1,1,0.000181500,424,1
medium_046,Medium,Serial,1,2,0.000185917,424,1
medium_046,Medium,Serial,1,3,0.000168083,424,1
medium_046,Medium,Serial,1,4,0.000163500,424,1
medium_046,Medium,Serial,1,5,0.000170625,424,1
medium_046,Medium,Serial-MRV,1,1,0.005483292,475,1
medium_046,Medium,Serial-MRV,1,2,0.005366875,475,1
medium_046,Medium,Serial-MRV,1,3,0.005355458,475,1
medium_046,Medium,Serial-MRV,1,4,0.005555792,475,1
medium_046,Medium,Serial-MRV,1,5,0.005336375,475,1
medium_046,Medium,BranchBound,1,1,0.000172417,424,1
medium_046,Medium,BranchBound,1,2,0.000168208,424,1
medium_046,Medium,BranchBound,1,3,0.000169625,424,1
medium_046,Medium,BranchBound,1,4,0.000163583,424,1
medium_046,Medium,BranchBound,1,5,0.000166875,424,1
medium_046,Medium,BranchBoundMRV,1,1,0.005902583,475,1
medium_046,Medium,BranchBoundMRV,1,2,0.006002708,475,1
medium_046,Medium,BranchBoundMRV,1,3,0.005944416,475,1
medium_046,Medium,BranchBoundMRV,1,4,0.006004333,475,1
medium_046,Medium,BranchBoundMRV,1,5,0.005913625,475,1
medium_046,Medium,OpenMP,4,1,0.006217957,475,1
medium_046,Medium,OpenMP,4,2,0.006196976,475,1
medium_046,Medium,OpenMP,4,3,0.006424904,475,1
medium_046,Medium,OpenMP,4,4,0.006402016,475,1
medium_046,Medium,OpenMP,4,5,0.006527901,475,1
medium_046,Medium,OpenMP,8,1,0.009845018,475,1
medium_046,Medium,OpenMP,8,2,0.006275892,475,1
medium_046,Medium,OpenMP,8,3,0.006201029,475,1
medium_046,Medium,OpenMP,8,4,0.008744001,475,1
medium_046,Medium,OpenMP,8,5,0.013598919,475,1
medium_046,Medium,OpenMP,16,1,0.006687164,475,1
medium_046,Medium,OpenMP,16,2,0.015211105,475,1
medium_046,Medium,OpenMP,16,3,0.020443916,475,1
medium_046,Medium,OpenMP,16,4,0.040241957,475,1
medium_046,Medium,OpenMP,16,5,0.021540880,475,1
medium_046,Medium,OMP-BranchBoundMRV,4,1,0.006325960,475,1
medium_046,Medium,OMP-BranchBoundMRV,4,2,0.006330013,475,1
medium_046,Medium,OMP-BranchBoundMRV,4,3,0.006318092,475,1
medium_046,Medium,OMP-BranchBoundMRV,4,4,0.006320000,475,1
medium_046,Medium,OMP-BranchBoundMRV,4,5,0.006334066,475,1
medium_046,Medium,OMP-BranchBoundMRV,8,1,0.006325006,475,1
medium_046,Medium,OMP-BranchBoundMRV,8,2,0.006312132,475,1
medium_046,Medium,OMP-BranchBoundMRV,8,3,0.006303072,475,1
medium_046,Medium,OMP-BranchBoundMRV,8,4,0.012176037,475,1
medium_046,Medium,OMP-BranchBoundMRV,8,5,0.006351948,475,1
medium_046,Medium,OMP-BranchBoundMRV,16,1,0.017477989,475,1
medium_046,Medium,OMP-BranchBoundMRV,16,2,0.022848845,475,1
medium_046,Medium,OMP-BranchBoundMRV,16,3,0.026700020,475,1
medium_046,Medium,OMP-BranchBoundMRV,16,4,0.009842873,475,1
medium_046,Medium,OMP-BranchBoundMRV,16,5,0.045834064,475,1
medium_047,Medium,Serial,1,1,0.022582083,52849,1
medium_047,Medium,Serial,1,2,0.021812959,52849,1
medium_047,Medium,Serial,1,3,0.021875750,52849,1
medium_047,Medium,Serial,1,4,0.022281584,52849,1
medium_047,Medium,Serial,1,5,0.022793917,52849,1
medium_047,Medium,Serial-MRV,1,1,0.004220875,228,1
medium_047,Medium,Serial-MRV,1,2,0.004111625,228,1
medium_047,Medium,Serial-MRV,1,3,0.004263375,228,1
medium_047,Medium,Serial-MRV,1,4,0.004115917,228,1
medium_047,Medium,Serial-MRV,1,5,0.004154000,228,1
medium_047,Medium,BranchBound,1,1,0.022956708,52849,1
medium_047,Medium,BranchBound,1,2,0.022756958,52849,1
medium_047,Medium,BranchBound,1,3,0.022051417,52849,1
medium_047,Medium,BranchBound,1,4,0.021904292,52849,1
medium_047,Medium,BranchBound,1,5,0.021905666,52849,1
medium_047,Medium,BranchBoundMRV,1,1,0.004326584,228,1
medium_047,Medium,BranchBoundMRV,1,2,0.004310375,228,1
medium_047,Medium,BranchBoundMRV,1,3,0.004377292,228,1
medium_047,Medium,BranchBoundMRV,1,4,0.004312125,228,1
medium_047,Medium,BranchBoundMRV,1,5,0.004342250,228,1
medium_047,Medium,OpenMP,4,1,0.001009941,176,1
medium_047,Medium,OpenMP,4,2,0.000823021,132,1
medium_047,Medium,OpenMP,4,3,0.000818968,132,1
medium_047,Medium,OpenMP,4,4,0.000974894,176,1
medium_047,Medium,OpenMP,4,5,0.000821114,132,1
medium_047,Medium,OpenMP,8,1,0.000887156,149,1
medium_047,Medium,OpenMP,8,2,0.000854969,136,1
medium_047,Medium,OpenMP,8,3,0.001929998,208,1
medium_047,Medium,OpenMP,8,4,0.000850916,156,1
medium_047,Medium,OpenMP,8,5,0.000869989,162,1
medium_047,Medium,OpenMP,16,1,0.010051012,128,1
medium_047,Medium,OpenMP,16,2,0.022459030,136,1
medium_047,Medium,OpenMP,16,3,0.025751114,124,1
medium_047,Medium,OpenMP,16,4,0.019444942,190,1
medium_047,Medium,OpenMP,16,5,0.004158020,206,1
medium_047,Medium,OMP-BranchBoundMRV,4,1,0.001147985,180,1
medium_047,Medium,OMP-BranchBoundMRV,4,2,0.001354933,185,1
medium_047,Medium,OMP-BranchBoundMRV,4,3,0.001152992,176,1
medium_047,Medium,OMP-BranchBoundMRV,4,4,0.001149178,180,1
medium_047,Medium,OMP-BranchBoundMRV,4,5,0.001282930,164,1
medium_047,Medium,OMP-BranchBoundMRV,8,1,0.000983000,124,1
medium_047,Medium,OMP-BranchBoundMRV,8,2,0.001993895,235,1
medium_047,Medium,OMP-BranchBoundMRV,8,3,0.001894951,188,1
medium_047,Medium,OMP-BranchBoundMRV,8,4,0.001909971,235,1
medium_047,Medium,OMP-BranchBoundMRV,8,5,0.001611948,134,1
medium_047,Medium,OMP-BranchBoundMRV,16,1,0.015078068,157,1
medium_047,Medium,OMP-BranchBoundMRV,16,2,0.008926153,140,1
medium_047,Medium,OMP-BranchBoundMRV,16,3,0.007777929,189,1
medium_047,Medium,OMP-BranchBoundMRV,16,4,0.008234024,137,1
medium_047,Medium,OMP-BranchBoundMRV,16,5,0.016035080,161,1
medium_048,Medium,Serial,1,1,0.004700417,11918,1
medium_048,Medium,Serial,1,2,0.004753833,11918,1
medium_048,Medium,Serial,1,3,0.004730125,11918,1
medium_048,Medium,Serial,1,4,0.004575667,11918,1
medium_048,Medium,Serial,1,5,0.004450292,11918,1
medium_048,Medium,Serial-MRV,1,1,0.002900041,204,1
medium_048,Medium,Serial-MRV,1,2,0.002894125,204,1
medium_048,Medium,Serial-MRV,1,3,0.002870958,204,1
medium_048,Medium,Serial-MRV,1,4,0.002857334,204,1
medium_048,Medium,Serial-MRV,1,5,0.002874250,204,1
medium_048,Medium,BranchBound,1,1,0.004566042,11918,1
medium_048,Medium,BranchBound,1,2,0.004511375,11918,1
medium_048,Medium,BranchBound,1,3,0.004495917,11918,1
medium_048,Medium,BranchBound,1,4,0.004493583,11918,1
medium_048,Medium,BranchBound,1,5,0.004518417,11918,1
medium_048,Medium,BranchBoundMRV,1,1,0.003131167,204,1
medium_048,Medium,BranchBoundMRV,1,2,0.003121875,204,1
medium_048,Medium,BranchBoundMRV,1,3,0.003165542,204,1
medium_048,Medium,BranchBoundMRV,1,4,0.003125417,204,1
medium_048,Medium,BranchBoundMRV,1,5,0.003123416,204,1
medium_048,Medium,OpenMP,4,1,0.003345966,204,1
medium_048,Medium,OpenMP,4,2,0.003367901,204,1
medium_048,Medium,OpenMP,4,3,0.003352880,204,1
medium_048,Medium,OpenMP,4,4,0.003328085,204,1
medium_048,Medium,OpenMP,4,5,0.003355980,204,1
medium_048,Medium,OpenMP,8,1,0.003411055,204,1
medium_048,Medium,OpenMP,8,2,0.003336191,204,1
medium_048,Medium,OpenMP,8,3,0.003354073,204,1
medium_048,Medium,OpenMP,8,4,0.003380060,204,1
medium_048,Medium,OpenMP,8,5,0.007878065,204,1
medium_048,Medium,OpenMP,16,1,0.036198854,204,1
medium_048,Medium,OpenMP,16,2,0.032762051,204,1
medium_048,Medium,OpenMP,16,3,0.009723186,204,1
medium_048,Medium,OpenMP,16,4,0.007745981,204,1
medium_048,Medium,OpenMP,16,5,0.015861988,204,1
medium_048,Medium,OMP-BranchBoundMRV,4,1,0.003894091,204,1
medium_048,Medium,OMP-BranchBoundMRV,4,2,0.003741980,204,1
medium_048,Medium,OMP-BranchBoundMRV,4,3,0.003479004,204,1
medium_048,Medium,OMP-BranchBoundMRV,4,4,0.003773928,204,1
medium_048,Medium,OMP-BranchBoundMRV,4,5,0.003638029,204,1
medium_048,Medium,OMP-BranchBoundMRV,8,1,0.004698992,204,1
medium_048,Medium,OMP-BranchBoundMRV,8,2,0.005162954,204,1
medium_048,Medium,OMP-BranchBoundMRV,8,3,0.003443956,204,1
medium_048,Medium,OMP-BranchBoundMRV,8,4,0.004153013,204,1
medium_048,Medium,OMP-BranchBoundMRV,8,5,0.008414030,204,1
medium_048,Medium,OMP-BranchBoundMRV,16,1,0.044531107,204,1
medium_048,Medium,OMP-BranchBoundMRV,16,2,0.044596195,204,1
medium_048,Medium,OMP-BranchBoundMRV,16,3,0.040796041,204,1
medium_048,Medium,OMP-BranchBoundMRV,16,4,0.035705090,204,1
medium_048,Medium,OMP-BranchBoundMRV,16,5,0.012835026,204,1
medium_049,Medium,Serial,1,1,0.002769667,6332,1
medium_049,Medium,Serial,1,2,0.002885916,6332,1
medium_049,Medium,Serial,1,3,0.002740625,6332,1
medium_049,Medium,Serial,1,4,0.002794833,6332,1
medium_049,Medium,Serial,1,5,0.002844125,6332,1
medium_049,Medium,Serial-MRV,1,1,0.003696333,209,1
medium_049,Medium,Serial-MRV,1,2,0.003829250,209,1
medium_049,Medium,Serial-MRV,1,3,0.003615042,209,1
medium_049,Medium,Serial-MRV,1,4,0.003689875,209,1
medium_049,Medium,Serial-MRV,1,5,0.003739250,209,1
medium_049,Medium,BranchBound,1,1,0.002761750,6332,1
medium_049,Medium,BranchBound,1,2,0.002855542,6332,1
medium_049,Medium,BranchBound,1,3,0.002759000,6332,1
medium_049,Medium,BranchBound,1,4,0.002808291,6332,1
medium_049,Medium,BranchBound,1,5,0.002738458,6332,1
medium_049,Medium,BranchBoundMRV,1,1,0.004084500,209,1
medium_049,Medium,BranchBoundMRV,1,2,0.004106791,209,1
medium_049,Medium,BranchBoundMRV,1,3,0.004054792,209,1
medium_049,Medium,BranchBoundMRV,1,4,0.004145250,209,1
medium_049,Medium,BranchBoundMRV,1,5,0.004243208,209,1
medium_049,Medium,OpenMP,4,1,0.003350973,209,1
medium_049,Medium,OpenMP,4,2,0.003398180,209,1
medium_049,Medium,OpenMP,4,3,0.003684998,209,1
medium_049,Medium,OpenMP,4,4,0.003696918,209,1
medium_049,Medium,OpenMP,4,5,0.003263950,209,1
medium_049,Medium,OpenMP,8,1,0.006474972,209,1
medium_049,Medium,OpenMP,8,2,0.003319025,209,1
medium_049,Medium,OpenMP,8,3,0.006315231,209,1
medium_049,Medium,OpenMP,8,4,0.003298044,209,1
medium_049,Medium,OpenMP,8,5,0.006309986,209,1
medium_049,Medium,OpenMP,16,1,0.121781111,209,1
medium_049,Medium,OpenMP,16,2,0.008428097,209,1
medium_049,Medium,OpenMP,16,3,0.008018017,209,1
medium_049,Medium,OpenMP,16,4,0.008971930,209,1
medium_049,Medium,OpenMP,16,5,0.014633894,173,1
medium_049,Medium,OMP-BranchBoundMRV,4,1,0.003563881,209,1
medium_049,Medium,OMP-BranchBoundMRV,4,2,0.003418922,209,1
medium_049,Medium,OMP-BranchBoundMRV,4,3,0.003422022,209,1
medium_049,Medium,OMP-BranchBoundMRV,4,4,0.003428936,209,1
medium_049,Medium,OMP-BranchBoundMRV,4,5,0.003442049,209,1
medium_049,Medium,OMP-BranchBoundMRV,8,1,0.004746914,209,1
medium_049,Medium,OMP-BranchBoundMRV,8,2,0.004748821,209,1
medium_049,Medium,OMP-BranchBoundMRV,8,3,0.005784988,209,1
medium_049,Medium,OMP-BranchBoundMRV,8,4,0.003401041,209,1
medium_049,Medium,OMP-BranchBoundMRV,8,5,0.005220890,209,1
medium_049,Medium,OMP-BranchBoundMRV,16,1,0.012351990,209,1
medium_049,Medium,OMP-BranchBoundMRV,16,2,0.038610935,209,1
medium_049,Medium,OMP-BranchBoundMRV,16,3,0.038538933,209,1
medium_049,Medium,OMP-BranchBoundMRV,16,4,0.025234222,209,1
medium_049,Medium,OMP-BranchBoundMRV,16,5,0.038007021,209,1
medium_050,Medium,Serial,1,1,0.003704375,8038,1
medium_050,Medium,Serial,1,2,0.003727041,8038,1
medium_050,Medium,Serial,1,3,0.004002709,8038,1
medium_050,Medium,Serial,1,4,0.003848750,8038,1
medium_050,Medium,Serial,1,5,0.003895417,8038,1
medium_050,Medium,Serial-MRV,1,1,0.004669334,308,1
medium_050,Medium,Serial-MRV,1,2,0.004720667,308,1
medium_050,Medium,Serial-MRV,1,3,0.004737875,308,1
medium_050,Medium,Serial-MRV,1,4,0.004780083,308,1
medium_050,Medium,Serial-MRV,1,5,0.004707042,308,1
medium_050,Medium,BranchBound,1,1,0.003954666,8038,1
medium_050,Medium,BranchBound,1,2,0.003876000,8038,1
medium_050,Medium,BranchBound,1,3,0.004021125,8038,1
medium_050,Medium,BranchBound,1,4,0.003886917,8038,1
medium_050,Medium,BranchBound,1,5,0.003900167,8038,1
medium_050,Medium,BranchBoundMRV,1,1,0.005396500,308,1
medium_050,Medium,BranchBoundMRV,1,2,0.005389666,308,1
medium_050,Medium,BranchBoundMRV,1,3,0.005364542,308,1
medium_050,Medium,BranchBoundMRV,1,4,0.005355542,308,1
medium_050,Medium,BranchBoundMRV,1,5,0.005283834,308,1
medium_050,Medium,OpenMP,4,1,0.001208067,186,1
medium_050,Medium,OpenMP,4,2,0.001225948,253,1
medium_050,Medium,OpenMP,4,3,0.001168966,188,1
medium_050,Medium,OpenMP,4,4,0.001392126,202,1
medium_050,Medium,OpenMP,4,5,0.001258135,251,1
medium_050,Medium,OpenMP,8,1,0.002732992,419,1
medium_050,Medium,OpenMP,8,2,0.002808094,323,1
medium_050,Medium,OpenMP,8,3,0.001562119,229,1
medium_050,Medium,OpenMP,8,4,0.002269030,315,1
medium_050,Medium,OpenMP,8,5,0.001229048,207,1
medium_050,Medium,OpenMP,16,1,0.013012886,207,1
medium_050,Medium,OpenMP,16,2,0.020081043,705,1
medium_050,Medium,OpenMP,16,3,0.022231102,415,1
medium_050,Medium,OpenMP,16,4,0.017138004,333,1
medium_050,Medium,OpenMP,16,5,0.030268908,210,1
medium_050,Medium,OMP-BranchBoundMRV,4,1,0.001291037,248,1
medium_050,Medium,OMP-BranchBoundMRV,4,2,0.001276016,246,1
medium_050,Medium,OMP-BranchBoundMRV,4,3,0.001277924,248,1
medium_050,Medium,OMP-BranchBoundMRV,4,4,0.001274824,248,1
medium_050,Medium,OMP-BranchBoundMRV,4,5,0.002588034,412,1
medium_050,Medium,OMP-BranchBoundMRV,8,1,0.002852917,437,1
medium_050,Medium,OMP-BranchBoundMRV,8,2,0.002796173,410,1
medium_050,Medium,OMP-BranchBoundMRV,8,3,0.003210068,289,1
medium_050,Medium,OMP-BranchBoundMRV,8,4,0.002052069,281,1
medium_050,Medium,OMP-BranchBoundMRV,8,5,0.001611948,214,1
medium_050,Medium,OMP-BranchBoundMRV,16,1,0.007941008,165,1
medium_050,Medium,OMP-BranchBoundMRV,16,2,0.008477926,238,1
medium_050,Medium,OMP-BranchBoundMRV,16,3,0.007933855,396,1
medium_050,Medium,OMP-BranchBoundMRV,16,4,0.012715816,163,1
medium_050,Medium,OMP-BranchBoundMRV,16,5,0.024682045,619,1
medium_051,Medium,Serial,1,1,0.033481292,74935,1
medium_051,Medium,Serial,1,2,0.032044084,74935,1
medium_051,Medium,Serial,1,3,0.031887083,74935,1
medium_051,Medium,Serial,1,4,0.031756000,74935,1
medium_051,Medium,Serial,1,5,0.032701833,74935,1
medium_051,Medium,Serial-MRV,1,1,0.007833709,453,1
medium_051,Medium,Serial-MRV,1,2,0.007799000,453,1
medium_051,Medium,Serial-MRV,1,3,0.007827250,453,1
medium_051,Medium,Serial-MRV,1,4,0.007812250,453,1
medium_051,Medium,Serial-MRV,1,5,0.007663375,453,1
medium_051,Medium,BranchBound,1,1,0.033451750,74935,1
medium_051,Medium,BranchBound,1,2,0.032060625,74935,1
medium_051,Medium,BranchBound,1,3,0.031967375,74935,1
medium_051,Medium,BranchBound,1,4,0.032062375,74935,1
medium_051,Medium,BranchBound,1,5,0.031958834,74935,1
medium_051,Medium,BranchBoundMRV,1,1,0.008058834,453,1
medium_051,Medium,BranchBoundMRV,1,2,0.007954500,453,1
medium_051,Medium,BranchBoundMRV,1,3,0.007981000,453,1
medium_051,Medium,BranchBoundMRV,1,4,0.008063750,453,1
medium_051,Medium,BranchBoundMRV,1,5,0.007883459,453,1
medium_051,Medium,OpenMP,4,1,0.009086847,453,1
medium_051,Medium,OpenMP,4,2,0.008659840,453,1
medium_051,Medium,OpenMP,4,3,0.008621931,453,1
medium_051,Medium,OpenMP,4,4,0.008687019,453,1
medium_051,Medium,OpenMP,4,5,0.008567095,453,1
medium_051,Medium,OpenMP,8,1,0.010314941,453,1
medium_051,Medium,OpenMP,8,2,0.012763977,453,1
medium_051,Medium,OpenMP,8,3,0.008603811,453,1
medium_051,Medium,OpenMP,8,4,0.008154869,453,1
medium_051,Medium,OpenMP,8,5,0.019584894,453,1
medium_051,Medium,OpenMP,16,1,0.040362120,453,1
medium_051,Medium,OpenMP,16,2,0.052464008,453,1
medium_051,Medium,OpenMP,16,3,0.020440102,453,1
medium_051,Medium,OpenMP,16,4,0.015362024,453,1
medium_051,Medium,OpenMP,16,5,0.025537014,453,1
medium_051,Medium,OMP-BranchBoundMRV,4,1,0.008602142,453,1
medium_051,Medium,OMP-BranchBoundMRV,4,2,0.008683920,453,1
medium_051,Medium,OMP-BranchBoundMRV,4,3,0.008353233,453,1
medium_051,Medium,OMP-BranchBoundMRV,4,4,0.008294106,453,1
medium_051,Medium,OMP-BranchBoundMRV,4,5,0.008630991,453,1
medium_051,Medium,OMP-BranchBoundMRV,8,1,0.014330864,453,1
medium_051,Medium,OMP-BranchBoundMRV,8,2,0.015669823,453,1
medium_051,Medium,OMP-BranchBoundMRV,8,3,0.008255005,453,1
medium_051,Medium,OMP-BranchBoundMRV,8,4,0.013421059,453,1
medium_051,Medium,OMP-BranchBoundMRV,8,5,0.014031887,453,1
medium_051,Medium,OMP-BranchBoundMRV,16,1,0.019767046,453,1
medium_051,Medium,OMP-BranchBoundMRV,16,2,0.020447969,453,1
medium_051,Medium,OMP-BranchBoundMRV,16,3,0.018164158,453,1
medium_051,Medium,OMP-BranchBoundMRV,16,4,0.037832975,453,1
medium_051,Medium,OMP-BranchBoundMRV,16,5,0.055984020,453,1
medium_052,Medium,Serial,1,1,0.001970833,4165,1
medium_052,Medium,Serial,1,2,0.001850709,4165,1
medium_052,Medium,Serial,1,3,0.001865500,4165,1
medium_052,Medium,Serial,1,4,0.001861708,4165,1
medium_052,Medium,Serial,1,5,0.001935792,4165,1
medium_052,Medium,Serial-MRV,1,1,0.005482250,363,1
medium_052,Medium,Serial-MRV,1,2,0.005514875,363,1
medium_052,Medium,Serial-MRV,1,3,0.005533000,363,1
medium_052,Medium,Serial-MRV,1,4,0.005560000,363,1
medium_052,Medium,Serial-MRV,1,5,0.005635833,363,1
medium_052,Medium,BranchBound,1,1,0.001861250,4165,1
medium_052,Medium,BranchBound,1,2,0.001928042,4165,1
medium_052,Medium,BranchBound,1,3,0.001913625,4165,1
medium_052,Medium,BranchBound,1,4,0.001970459,4165,1
medium_052,Medium,BranchBound,1,5,0.001904417,4165,1
medium_052,Medium,BranchBoundMRV,1,1,0.005991375,363,1
medium_052,Medium,BranchBoundMRV,1,2,0.005916792,363,1
medium_052,Medium,BranchBoundMRV,1,3,0.005924708,363,1
medium_052,Medium,BranchBoundMRV,1,4,0.005850458,363,1
medium_052,Medium,BranchBoundMRV,1,5,0.005894333,363,1
medium_052,Medium,OpenMP,4,1,0.003232956,575,1
medium_052,Medium,OpenMP,4,2,0.003209829,508,1
medium_052,Medium,OpenMP,4,3,0.003218889,506,1
medium_052,Medium,OpenMP,4,4,0.003213882,506,1
medium_052,Medium,OpenMP,4,5,0.003210068,575,1
medium_052,Medium,OpenMP,8,1,0.003246069,638,1
medium_052,Medium,OpenMP,8,2,0.003273964,563,1
medium_052,Medium,OpenMP,8,3,0.003214836,640,1
medium_052,Medium,OpenMP,8,4,0.007690907,1123,1
medium_052,Medium,OpenMP,8,5,0.003262997,634,1
medium_052,Medium,OpenMP,16,1,0.087590933,971,1
medium_052,Medium,OpenMP,16,2,0.024985075,856,1
medium_052,Medium,OpenMP,16,3,0.036259174,1098,1
medium_052,Medium,OpenMP,16,4,0.010210037,848,1
medium_052,Medium,OpenMP,16,5,0.022560835,909,1
medium_052,Medium,OMP-BranchBoundMRV,4,1,0.003420830,675,1
medium_052,Medium,OMP-BranchBoundMRV,4,2,0.003455877,631,1
medium_052,Medium,OMP-BranchBoundMRV,4,3,0.003382921,669,1
medium_052,Medium,OMP-BranchBoundMRV,4,4,0.003396034,670,1
medium_052,Medium,OMP-BranchBoundMRV,4,5,0.003387928,674,1
medium_052,Medium,OMP-BranchBoundMRV,8,1,0.003404856,550,1
medium_052,Medium,OMP-BranchBoundMRV,8,2,0.003419876,619,1
medium_052,Medium,OMP-BranchBoundMRV,8,3,0.003426075,463,1
medium_052,Medium,OMP-BranchBoundMRV,8,4,0.008111954,972,1
medium_052,Medium,OMP-BranchBoundMRV,8,5,0.003386021,559,1
medium_052,Medium,OMP-BranchBoundMRV,16,1,0.053001165,546,1
medium_052,Medium,OMP-BranchBoundMRV,16,2,0.089394093,637,1
medium_052,Medium,OMP-BranchBoundMRV,16,3,0.035869122,637,1
medium_052,Medium,OMP-BranchBoundMRV,16,4,0.012276888,478,1
medium_052,Medium,OMP-BranchBoundMRV,16,5,0.026589870,1065,1
medium_053,Medium,Serial,1,1,0.030123584,61811,1
medium_053,Medium,Serial,1,2,0.029787125,61811,1
medium_053,Medium,Serial,1,3,0.028838917,61811,1
medium_053,Medium,Serial,1,4,0.028875083,61811,1
medium_053,Medium,Serial,1,5,0.028840375,61811,1
medium_053,Medium,Serial-MRV,1,1,0.003603916,242,1
medium_053,Medium,Serial-MRV,1,2,0.003610291,242,1
medium_053,Medium,Serial-MRV,1,3,0.003617792,242,1
medium_053,Medium,Serial-MRV,1,4,0.003596625,242,1
medium_053,Medium,Serial-MRV,1,5,0.003608792,242,1
medium_053,Medium,BranchBound,1,1,0.028955875,61811,1
medium_053,Medium,BranchBound,1,2,0.029995416,61811,1
medium_053,Medium,BranchBound,1,3,0.030599041,61811,1
medium_053,Medium,BranchBound,1,4,0.030394208,61811,1
medium_053,Medium,BranchBound,1,5,0.030039167,61811,1
medium_053,Medium,BranchBoundMRV,1,1,0.003814833,242,1
medium_053,Medium,BranchBoundMRV,1,2,0.003725084,242,1
medium_053,Medium,BranchBoundMRV,1,3,0.003856417,242,1
medium_053,Medium,BranchBoundMRV,1,4,0.003789459,242,1
medium_053,Medium,BranchBoundMRV,1,5,0.003736625,242,1
medium_053,Medium,OpenMP,4,1,0.002259970,242,1
medium_053,Medium,OpenMP,4,2,0.002244949,242,1
medium_053,Medium,OpenMP,4,3,0.002254009,242,1
medium_053,Medium,OpenMP,4,4,0.002246141,242,1
medium_053,Medium,OpenMP,4,5,0.002248049,242,1
medium_053,Medium,OpenMP,8,1,0.002269030,189,1
medium_053,Medium,OpenMP,8,2,0.002258062,242,1
medium_053,Medium,OpenMP,8,3,0.005282164,242,1
medium_053,Medium,OpenMP,8,4,0.002273083,242,1
medium_053,Medium,OpenMP,8,5,0.002261162,188,1
medium_053,Medium,OpenMP,16,1,0.018234968,242,1
medium_053,Medium,OpenMP,16,2,0.017676115,178,1
medium_053,Medium,OpenMP,16,3,0.022835970,242,1
medium_053,Medium,OpenMP,16,4,0.030362844,242,1
medium_053,Medium,OpenMP,16,5,0.050345898,242,1
medium_053,Medium,OMP-BranchBoundMRV,4,1,0.002358913,242,1
medium_053,Medium,OMP-BranchBoundMRV,4,2,0.002356052,242,1
medium_053,Medium,OMP-BranchBoundMRV,4,3,0.002359152,242,1
medium_053,Medium,OMP-BranchBoundMRV,4,4,0.002362967,242,1
medium_053,Medium,OMP-BranchBoundMRV,4,5,0.002357006,242,1
medium_053,Medium,OMP-BranchBoundMRV,8,1,0.002377987,242,1
medium_053,Medium,OMP-BranchBoundMRV,8,2,0.002351999,242,1
medium_053,Medium,OMP-BranchBoundMRV,8,3,0.002504826,242,1
medium_053,Medium,OMP-BranchBoundMRV,8,4,0.005512953,242,1
medium_053,Medium,OMP-BranchBoundMRV,8,5,0.004390001,242,1
medium_053,Medium,OMP-BranchBoundMRV,16,1,0.011584044,190,1
medium_053,Medium,OMP-BranchBoundMRV,16,2,0.011041164,242,1
medium_053,Medium,OMP-BranchBoundMRV,16,3,0.017169952,190,1
medium_053,Medium,OMP-BranchBoundMRV,16,4,0.011862993,186,1
medium_053,Medium,OMP-BranchBoundMRV,16,5,0.013613939,242,1
medium_054,Medium,Serial,1,1,0.011129875,25583,1
medium_054,Medium,Serial,1,2,0.010846708,25583,1
medium_054,Medium,Serial,1,3,0.010979166,25583,1
medium_054,Medium,Serial,1,4,0.010790792,25583,1
medium_054,Medium,Serial,1,5,0.010824625,25583,1
medium_054,Medium,Serial-MRV,1,1,0.010003000,579,1
medium_054,Medium,Serial-MRV,1,2,0.009912333,579,1
medium_054,Medium,Serial-MRV,1,3,0.009957625,579,1
medium_054,Medium,Serial-MRV,1,4,0.009868125,579,1
medium_054,Medium,Serial-MRV,1,5,0.010130458,579,1
medium_054,Medium,BranchBound,1,1,0.010625084,25583,1
medium_054,Medium,BranchBound,1,2,0.010686875,25583,1
medium_054,Medium,BranchBound,1,3,0.010541834,25583,1
medium_054,Medium,BranchBound,1,4,0.011171667,25583,1
medium_054,Medium,BranchBound,1,5,0.011233792,25583,1
medium_054,Medium,BranchBoundMRV,1,1,0.011497125,579,1
medium_054,Medium,BranchBoundMRV,1,2,0.011442958,579,1
medium_054,Medium,BranchBoundMRV,1,3,0.011649417,579,1
medium_054,Medium,BranchBoundMRV,1,4,0.011444166,579,1
medium_054,Medium,BranchBoundMRV,1,5,0.011410333,579,1
medium_054,Medium,OpenMP,4,1,0.001462936,242,1
medium_054,Medium,OpenMP,4,2,0.001379013,248,1
medium_054,Medium,OpenMP,4,3,0.001507998,273,1
medium_054,Medium,OpenMP,4,4,0.001448870,255,1
medium_054,Medium,OpenMP,4,5,0.001380920,245,1
medium_054,Medium,OpenMP,8,1,0.002997160,382,1
medium_054,Medium,OpenMP,8,2,0.002959013,414,1
medium_054,Medium,OpenMP,8,3,0.001760006,216,1
medium_054,Medium,OpenMP,8,4,0.002979040,417,1
medium_054,Medium,OpenMP,8,5,0.001353979,235,1
medium_054,Medium,OpenMP,16,1,0.005096912,314,1
medium_054,Medium,OpenMP,16,2,0.006519079,342,1
medium_054,Medium,OpenMP,16,3,0.008136034,430,1
medium_054,Medium,OpenMP,16,4,0.007933140,272,1
medium_054,Medium,OpenMP,16,5,0.026679993,187,1
medium_054,Medium,OMP-BranchBoundMRV,4,1,0.001510859,267,1
medium_054,Medium,OMP-BranchBoundMRV,4,2,0.001508951,267,1
medium_054,Medium,OMP-BranchBoundMRV,4,3,0.001505136,267,1
medium_054,Medium,OMP-BranchBoundMRV,4,4,0.001505136,267,1
medium_054,Medium,OMP-BranchBoundMRV,4,5,0.001487970,265,1
medium_054,Medium,OMP-BranchBoundMRV,8,1,0.003341913,473,1
medium_054,Medium,OMP-BranchBoundMRV,8,2,0.001796007,247,1
medium_054,Medium,OMP-BranchBoundMRV,8,3,0.003585100,468,1
medium_054,Medium,OMP-BranchBoundMRV,8,4,0.003432035,398,1
medium_054,Medium,OMP-BranchBoundMRV,8,5,0.001543999,190,1
medium_054,Medium,OMP-BranchBoundMRV,16,1,0.047543049,386,1
medium_054,Medium,OMP-BranchBoundMRV,16,2,0.022629976,157,1
medium_054,Medium,OMP-BranchBoundMRV,16,3,0.011869907,253,1
medium_054,Medium,OMP-BranchBoundMRV,16,4,0.019663095,216,1
medium_054,Medium,OMP-BranchBoundMRV,16,5,0.008601904,184,1
medium_055,Medium,Serial,1,1,0.006810875,14637,1
medium_055,Medium,Serial,1,2,0.006814875,14637,1
medium_055,Medium,Serial,1,3,0.006676417,14637,1
medium_055,Medium,Serial,1,4,0.006702250,14637,1
medium_055,Medium,Serial,1,5,0.006818584,14637,1
medium_055,Medium,Serial-MRV,1,1,0.004339333,260,1
medium_055,Medium,Serial-MRV,1,2,0.004293917,260,1
medium_055,Medium,Serial-MRV,1,3,0.004195292,260,1
medium_055,Medium,Serial-MRV,1,4,0.004117542,260,1
medium_055,Medium,Serial-MRV,1,5,0.004103333,260,1
medium_055,Medium,BranchBound,1,1,0.006501625,14637,1
medium_055,Medium,BranchBound,1,2,0.006383334,14637,1
medium_055,Medium,BranchBound,1,3,0.006404541,14637,1
medium_055,Medium,BranchBound,1,4,0.006408125,14637,1
medium_055,Medium,BranchBound,1,5,0.006378875,14637,1
medium_055,Medium,BranchBoundMRV,1,1,0.004664333,260,1
medium_055,Medium,BranchBoundMRV,1,2,0.004525292,260,1
medium_055,Medium,BranchBoundMRV,1,3,0.004534250,260,1
medium_055,Medium,BranchBoundMRV,1,4,0.004569167,260,1
medium_055,Medium,BranchBoundMRV,1,5,0.004509709,260,1
medium_055,Medium,OpenMP,4,1,0.001546860,165,1
medium_055,Medium,OpenMP,4,2,0.001548052,164,1
medium_055,Medium,OpenMP,4,3,0.001535892,165,1
medium_055,Medium,OpenMP,4,4,0.001526833,165,1
medium_055,Medium,OpenMP,4,5,0.001955032,187,1
medium_055,Medium,OpenMP,8,1,0.001537800,118,1
medium_055,Medium,OpenMP,8,2,0.001570940,168,1
medium_055,Medium,OpenMP,8,3,0.001577854,168,1
medium_055,Medium,OpenMP,8,4,0.003612041,260,1
medium_055,Medium,OpenMP,8,5,0.003505945,260,1
medium_055,Medium,OpenMP,16,1,0.106038094,250,1
medium_055,Medium,OpenMP,16,2,0.069312811,260,1
medium_055,Medium,OpenMP,16,3,0.016099930,117,1
medium_055,Medium,OpenMP,16,4,0.040930033,211,1
medium_055,Medium,OpenMP,16,5,0.022697926,168,1
medium_055,Medium,OMP-BranchBoundMRV,4,1,0.001660109,167,1
medium_055,Medium,OMP-BranchBoundMRV,4,2,0.001653910,167,1
medium_055,Medium,OMP-BranchBoundMRV,4,3,0.001713037,171,1
medium_055,Medium,OMP-BranchBoundMRV,4,4,0.001646042,167,1
medium_055,Medium,OMP-BranchBoundMRV,4,5,0.001650095,167,1
medium_055,Medium,OMP-BranchBoundMRV,8,1,0.003618002,260,1
medium_055,Medium,OMP-BranchBoundMRV,8,2,0.003887177,260,1
medium_055,Medium,OMP-BranchBoundMRV,8,3,0.001727104,172,1
medium_055,Medium,OMP-BranchBoundMRV,8,4,0.001747131,121,1
medium_055,Medium,OMP-BranchBoundMRV,8,5,0.001660109,167,1
medium_055,Medium,OMP-BranchBoundMRV,16,1,0.028056145,260,1
medium_055,Medium,OMP-BranchBoundMRV,16,2,0.058402061,111,1
medium_055,Medium,OMP-BranchBoundMRV,16,3,0.030731201,206,1
medium_055,Medium,OMP-BranchBoundMRV,16,4,0.030632019,175,1
medium_055,Medium,OMP-BranchBoundMRV,16,5,0.030341864,169,1
medium_056,Medium,Serial,1,1,0.001972583,4236,1
medium_056,Medium,Serial,1,2,0.002032750,4236,1
medium_056,Medium,Serial,1,3,0.001815709,4236,1
medium_056,Medium,Serial,1,4,0.001934000,4236,1
medium_056,Medium,Serial,1,5,0.001866375,4236,1
medium_056,Medium,Serial-MRV,1,1,0.003807500,263,1
medium_056,Medium,Serial-MRV,1,2,0.003820417,263,1
medium_056,Medium,Serial-MRV,1,3,0.003749125,263,1
medium_056,Medium,Serial-MRV,1,4,0.003793833,263,1
medium_056,Medium,Serial-MRV,1,5,0.003832375,263,1
medium_056,Medium,BranchBound,1,1,0.001809500,4236,1
medium_056,Medium,BranchBound,1,2,0.001942916,4236,1
medium_056,Medium,BranchBound,1,3,0.001897583,4236,1
medium_056,Medium,BranchBound,1,4,0.001941708,4236,1
medium_056,Medium,BranchBound,1,5,0.001824875,4236,1
medium_056,Medium,BranchBoundMRV,1,1,0.004164708,263,1
medium_056,Medium,BranchBoundMRV,1,2,0.004098916,263,1
medium_056,Medium,BranchBoundMRV,1,3,0.004092709,263,1
medium_056,Medium,BranchBoundMRV,1,4,0.004105417,263,1
medium_056,Medium,BranchBoundMRV,1,5,0.004169000,263,1
medium_056,Medium,OpenMP,4,1,0.004230976,263,1
medium_056,Medium,OpenMP,4,2,0.004734993,263,1
medium_056,Medium,OpenMP,4,3,0.004396200,263,1
medium_056,Medium,OpenMP,4,4,0.004405975,263,1
medium_056,Medium,OpenMP,4,5,0.004295111,263,1
medium_056,Medium,OpenMP,8,1,0.004253864,263,1
medium_056,Medium,OpenMP,8,2,0.009930849,263,1
medium_056,Medium,OpenMP,8,3,0.008572102,263,1
medium_056,Medium,OpenMP,8,4,0.009875059,263,1
medium_056,Medium,OpenMP,8,5,0.005213022,263,1
medium_056,Medium,OpenMP,16,1,0.015992165,263,1
medium_056,Medium,OpenMP,16,2,0.007724047,263,1
medium_056,Medium,OpenMP,16,3,0.014488935,263,1
medium_056,Medium,OpenMP,16,4,0.035381794,263,1
medium_056,Medium,OpenMP,16,5,0.023488045,263,1
medium_056,Medium,OMP-BranchBoundMRV,4,1,0.004474163,263,1
medium_056,Medium,OMP-BranchBoundMRV,4,2,0.004390955,263,1
medium_056,Medium,OMP-BranchBoundMRV,4,3,0.004494905,263,1
medium_056,Medium,OMP-BranchBoundMRV,4,4,0.004627943,263,1
medium_056,Medium,OMP-BranchBoundMRV,4,5,0.004693031,263,1
medium_056,Medium,OMP-BranchBoundMRV,8,1,0.008136034,263,1
medium_056,Medium,OMP-BranchBoundMRV,8,2,0.004340172,263,1
medium_056,Medium,OMP-BranchBoundMRV,8,3,0.006946802,263,1
medium_056,Medium,OMP-BranchBoundMRV,8,4,0.006551027,263,1
medium_056,Medium,OMP-BranchBoundMRV,8,5,0.004884005,263,1
medium_056,Medium,OMP-BranchBoundMRV,16,1,0.013311863,263,1
medium_056,Medium,OMP-BranchBoundMRV,16,2,0.041140079,263,1
medium_056,Medium,OMP-BranchBoundMRV,16,3,0.037657976,263,1
medium_056,Medium,OMP-BranchBoundMRV,16,4,0.024750948,263,1
medium_056,Medium,OMP-BranchBoundMRV,16,5,0.034313917,263,1
medium_057,Medium,Serial,1,1,0.007653917,17342,1
medium_057,Medium,Serial,1,2,0.007571458,17342,1
medium_057,Medium,Serial,1,3,0.007473917,17342,1
medium_057,Medium,Serial,1,4,0.007538333,17342,1
medium_057,Medium,Serial,1,5,0.007528250,17342,1
medium_057,Medium,Serial-MRV,1,1,0.005381292,342,1
medium_057,Medium,Serial-MRV,1,2,0.005456917,342,1
medium_057,Medium,Serial-MRV,1,3,0.005514541,342,1
medium_057,Medium,Serial-MRV,1,4,0.005398583,342,1
medium_057,Medium,Serial-MRV,1,5,0.005368250,342,1
medium_057,Medium,BranchBound,1,1,0.007527375,17342,1
medium_057,Medium,BranchBound,1,2,0.007632500,17342,1
medium_057,Medium,BranchBound,1,3,0.007573500,17342,1
medium_057,Medium,BranchBound,1,4,0.007560625,17342,1
medium_057,Medium,BranchBound,1,5,0.007670167,17342,1
medium_057,Medium,BranchBoundMRV,1,1,0.005709708,342,1
medium_057,Medium,BranchBoundMRV,1,2,0.005524666,342,1
medium_057,Medium,BranchBoundMRV,1,3,0.005493041,342,1
medium_057,Medium,BranchBoundMRV,1,4,0.005545250,342,1
medium_057,Medium,BranchBoundMRV,1,5,0.005519000,342,1
medium_057,Medium,OpenMP,4,1,0.002589941,334,1
medium_057,Medium,OpenMP,4,2,0.002501011,328,1
medium_057,Medium,OpenMP,4,3,0.002542019,332,1
medium_057,Medium,OpenMP,4,4,0.002506018,329,1
medium_057,Medium,OpenMP,4,5,0.002491951,328,1
medium_057,Medium,OpenMP,8,1,0.002549887,342,1
medium_057,Medium,OpenMP,8,2,0.002534151,285,1
medium_057,Medium,OpenMP,8,3,0.002532005,342,1
medium_057,Medium,OpenMP,8,4,0.002519846,342,1
medium_057,Medium,OpenMP,8,5,0.005882978,342,1
medium_057,Medium,OpenMP,16,1,0.081140041,342,1
medium_057,Medium,OpenMP,16,2,0.021849155,342,1
medium_057,Medium,OpenMP,16,3,0.012186050,286,1
medium_057,Medium,OpenMP,16,4,0.011304140,342,1
medium_057,Medium,OpenMP,16,5,0.008089066,342,1
medium_057,Medium,OMP-BranchBoundMRV,4,1,0.003041029,342,1
medium_057,Medium,OMP-BranchBoundMRV,4,2,0.002727032,336,1
medium_057,Medium,OMP-BranchBoundMRV,4,3,0.003031969,342,1
medium_057,Medium,OMP-BranchBoundMRV,4,4,0.003108978,342,1
medium_057,Medium,OMP-BranchBoundMRV,4,5,0.002619028,329,1
medium_057,Medium,OMP-BranchBoundMRV,8,1,0.003767967,342,1
medium_057,Medium,OMP-BranchBoundMRV,8,2,0.006149054,342,1
medium_057,Medium,OMP-BranchBoundMRV,8,3,0.002685070,342,1
medium_057,Medium,OMP-BranchBoundMRV,8,4,0.002667189,342,1
medium_057,Medium,OMP-BranchBoundMRV,8,5,0.004199982,342,1
medium_057,Medium,OMP-BranchBoundMRV,16,1,0.025368929,258,1
medium_057,Medium,OMP-BranchBoundMRV,16,2,0.072796106,275,1
medium_057,Medium,OMP-BranchBoundMRV,16,3,0.020230055,342,1
medium_057,Medium,OMP-BranchBoundMRV,16,4,0.049011946,342,1
medium_057,Medium,OMP-BranchBoundMRV,16,5,0.022868872,342,1
medium_058,Medium,Serial,1,1,0.002504208,6183,1
medium_058,Medium,Serial,1,2,0.002601459,6183,1
medium_058,Medium,Serial,1,3,0.002557583,6183,1
medium_058,Medium,Serial,1,4,0.002465333,6183,1
medium_058,Medium,Serial,1,5,0.002704500,6183,1
medium_058,Medium,Serial-MRV,1,1,0.004352542,258,1
medium_058,Medium,Serial-MRV,1,2,0.004314583,258,1
medium_058,Medium,Serial-MRV,1,3,0.004334792,258,1
medium_058,Medium,Serial-MRV,1,4,0.004431375,258,1
medium_058,Medium,Serial-MRV,1,5,0.004382334,258,1
medium_058,Medium,BranchBound,1,1,0.002559792,6183,1
medium_058,Medium,BranchBound,1,2,0.002628541,6183,1
medium_058,Medium,BranchBound,1,3,0.002496333,6183,1
medium_058,Medium,BranchBound,1,4,0.002696292,6183,1
medium_058,Medium,BranchBound,1,5,0.002547250,6183,1
medium_058,Medium,BranchBoundMRV,1,1,0.004726000,258,1
medium_058,Medium,BranchBoundMRV,1,2,0.004669083,258,1
medium_058,Medium,BranchBoundMRV,1,3,0.004781292,258,1
medium_058,Medium,BranchBoundMRV,1,4,0.004642875,258,1
medium_058,Medium,BranchBoundMRV,1,5,0.004881375,258,1
medium_058,Medium,OpenMP,4,1,0.004973173,258,1
medium_058,Medium,OpenMP,4,2,0.004816055,258,1
medium_058,Medium,OpenMP,4,3,0.004978895,258,1
medium_058,Medium,OpenMP,4,4,0.004799128,258,1
medium_058,Medium,OpenMP,4,5,0.004797935,258,1
medium_058,Medium,OpenMP,8,1,0.004804850,258,1
medium_058,Medium,OpenMP,8,2,0.004791975,258,1
medium_058,Medium,OpenMP,8,3,0.010624170,258,1
medium_058,Medium,OpenMP,8,4,0.010637045,258,1
medium_058,Medium,OpenMP,8,5,0.004796982,258,1
medium_058,Medium,OpenMP,16,1,0.040060043,258,1
medium_058,Medium,OpenMP,16,2,0.062208891,258,1
medium_058,Medium,OpenMP,16,3,0.017300129,258,1
medium_058,Medium,OpenMP,16,4,0.013869047,258,1
medium_058,Medium,OpenMP,16,5,0.035068989,258,1
medium_058,Medium,OMP-BranchBoundMRV,4,1,0.005030870,258,1
medium_058,Medium,OMP-BranchBoundMRV,4,2,0.004940033,258,1
medium_058,Medium,OMP-BranchBoundMRV,4,3,0.005411148,258,1
medium_058,Medium,OMP-BranchBoundMRV,4,4,0.005151987,258,1
medium_058,Medium,OMP-BranchBoundMRV,4,5,0.005012989,258,1
medium_058,Medium,OMP-BranchBoundMRV,8,1,0.010765076,258,1
medium_058,Medium,OMP-BranchBoundMRV,8,2,0.004863977,258,1
medium_058,Medium,OMP-BranchBoundMRV,8,3,0.004878998,258,1
medium_058,Medium,OMP-BranchBoundMRV,8,4,0.004865885,258,1
medium_058,Medium,OMP-BranchBoundMRV,8,5,0.010731936,258,1
medium_058,Medium,OMP-BranchBoundMRV,16,1,0.020768881,258,1
medium_058,Medium,OMP-BranchBoundMRV,16,2,0.029662132,258,1
medium_058,Medium,OMP-BranchBoundMRV,16,3,0.035022974,258,1
medium_058,Medium,OMP-BranchBoundMRV,16,4,0.016724825,258,1
medium_058,Medium,OMP-BranchBoundMRV,16,5,0.040441036,258,1
medium_059,Medium,Serial,1,1,0.002197167,4767,1
medium_059,Medium,Serial,1,2,0.002258250,4767,1
medium_059,Medium,Serial,1,3,0.002221500,4767,1
medium_059,Medium,Serial,1,4,0.002226292,4767,1
medium_059,Medium,Serial,1,5,0.002218500,4767,1
medium_059,Medium,Serial-MRV,1,1,0.003269667,246,1
medium_059,Medium,Serial-MRV,1,2,0.003398208,246,1
medium_059,Medium,Serial-MRV,1,3,0.003376291,246,1
medium_059,Medium,Serial-MRV,1,4,0.003560041,246,1
medium_059,Medium,Serial-MRV,1,5,0.003355000,246,1
medium_059,Medium,BranchBound,1,1,0.002141084,4767,1
medium_059,Medium,BranchBound,1,2,0.002347458,4767,1
medium_059,Medium,BranchBound,1,3,0.002218250,4767,1
medium_059,Medium,BranchBound,1,4,0.002169458,4767,1
medium_059,Medium,BranchBound,1,5,0.002387125,4767,1
medium_059,Medium,BranchBoundMRV,1,1,0.003910667,246,1
medium_059,Medium,BranchBoundMRV,1,2,0.004066958,246,1
medium_059,Medium,BranchBoundMRV,1,3,0.004017709,246,1
medium_059,Medium,BranchBoundMRV,1,4,0.003944125,246,1
medium_059,Medium,BranchBoundMRV,1,5,0.003965083,246,1
medium_059,Medium,OpenMP,4,1,0.004017115,246,1
medium_059,Medium,OpenMP,4,2,0.004376888,246,1
medium_059,Medium,OpenMP,4,3,0.004024029,246,1
medium_059,Medium,OpenMP,4,4,0.004168987,246,1
medium_059,Medium,OpenMP,4,5,0.003976822,246,1
medium_059,Medium,OpenMP,8,1,0.008146048,246,1
medium_059,Medium,OpenMP,8,2,0.005299091,246,1
medium_059,Medium,OpenMP,8,3,0.004034996,246,1
medium_059,Medium,OpenMP,8,4,0.007112980,246,1
medium_059,Medium,OpenMP,8,5,0.006891966,246,1
medium_059,Medium,OpenMP,16,1,0.144122124,246,1
medium_059,Medium,OpenMP,16,2,0.032387972,246,1
medium_059,Medium,OpenMP,16,3,0.023265123,246,1
medium_059,Medium,OpenMP,16,4,0.026942968,246,1
medium_059,Medium,OpenMP,16,5,0.009879112,246,1
medium_059,Medium,OMP-BranchBoundMRV,4,1,0.004076958,246,1
medium_059,Medium,OMP-BranchBoundMRV,4,2,0.004076958,246,1
medium_059,Medium,OMP-BranchBoundMRV,4,3,0.004057169,246,1
medium_059,Medium,OMP-BranchBoundMRV,4,4,0.004045963,246,1
medium_059,Medium,OMP-BranchBoundMRV,4,5,0.004042864,246,1
medium_059,Medium,OMP-BranchBoundMRV,8,1,0.004161119,246,1
medium_059,Medium,OMP-BranchBoundMRV,8,2,0.004053116,246,1
medium_059,Medium,OMP-BranchBoundMRV,8,3,0.004054070,246,1
medium_059,Medium,OMP-BranchBoundMRV,8,4,0.004167080,246,1
medium_059,Medium,OMP-BranchBoundMRV,8,5,0.009474039,246,1
medium_059,Medium,OMP-BranchBoundMRV,16,1,0.005009890,246,1
medium_059,Medium,OMP-BranchBoundMRV,16,2,0.086949825,246,1
medium_059,Medium,OMP-BranchBoundMRV,16,3,0.025802135,246,1
medium_059,Medium,OMP-BranchBoundMRV,16,4,0.030699968,246,1
medium_059,Medium,OMP-BranchBoundMRV,16,5,0.022557974,246,1
medium_060,Medium,Serial,1,1,0.027835750,63634,1
medium_060,Medium,Serial,1,2,0.027528459,63634,1
medium_060,Medium,Serial,1,3,0.027821542,63634,1
medium_060,Medium,Serial,1,4,0.026852250,63634,1
medium_060,Medium,Serial,1,5,0.026428250,63634,1
medium_060,Medium,Serial-MRV,1,1,0.006790958,457,1
medium_060,Medium,Serial-MRV,1,2,0.006789875,457,1
medium_060,Medium,Serial-MRV,1,3,0.006747958,457,1
medium_060,Medium,Serial-MRV,1,4,0.006779458,457,1
medium_060,Medium,Serial-MRV,1,5,0.006853042,457,1
medium_060,Medium,BranchBound,1,1,0.026512459,63634,1
medium_060,Medium,BranchBound,1,2,0.027666625,63634,1
medium_060,Medium,BranchBound,1,3,0.027855667,63634,1
medium_060,Medium,BranchBound,1,4,0.027919959,63634,1
medium_060,Medium,BranchBound,1,5,0.027898625,63634,1
medium_060,Medium,BranchBoundMRV,1,1,0.007393709,457,1
medium_060,Medium,BranchBoundMRV,1,2,0.007274333,457,1
medium_060,Medium,BranchBoundMRV,1,3,0.007269417,457,1
medium_060,Medium,BranchBoundMRV,1,4,0.007337708,457,1
medium_060,Medium,BranchBoundMRV,1,5,0.007260375,457,1
medium_060,Medium,OpenMP,4,1,0.005885839,457,1
medium_060,Medium,OpenMP,4,2,0.005882025,457,1
medium_060,Medium,OpenMP,4,3,0.005867958,457,1
medium_060,Medium,OpenMP,4,4,0.005862951,457,1
medium_060,Medium,OpenMP,4,5,0.005870104,457,1
medium_060,Medium,OpenMP,8,1,0.012635946,457,1
medium_060,Medium,OpenMP,8,2,0.011646986,457,1
medium_060,Medium,OpenMP,8,3,0.005879879,457,1
medium_060,Medium,OpenMP,8,4,0.005961895,457,1
medium_060,Medium,OpenMP,8,5,0.005866051,457,1
medium_060,Medium,OpenMP,16,1,0.035804033,457,1
medium_060,Medium,OpenMP,16,2,0.030385017,457,1
medium_060,Medium,OpenMP,16,3,0.037630796,457,1
medium_060,Medium,OpenMP,16,4,0.018660069,457,1
medium_060,Medium,OpenMP,16,5,0.012411833,457,1
medium_060,Medium,OMP-BranchBoundMRV,4,1,0.006332159,457,1
medium_060,Medium,OMP-BranchBoundMRV,4,2,0.006361008,457,1
medium_060,Medium,OMP-BranchBoundMRV,4,3,0.006170034,457,1
medium_060,Medium,OMP-BranchBoundMRV,4,4,0.006299973,457,1
medium_060,Medium,OMP-BranchBoundMRV,4,5,0.006160975,457,1
medium_060,Medium,OMP-BranchBoundMRV,8,1,0.008925915,457,1
medium_060,Medium,OMP-BranchBoundMRV,8,2,0.007885933,457,1
medium_060,Medium,OMP-BranchBoundMRV,8,3,0.006714106,457,1
medium_060,Medium,OMP-BranchBoundMRV,8,4,0.010565042,457,1
medium_060,Medium,OMP-BranchBoundMRV,8,5,0.015064001,457,1
medium_060,Medium,OMP-BranchBoundMRV,16,1,0.061526060,380,1
medium_060,Medium,OMP-BranchBoundMRV,16,2,0.021054983,457,1
medium_060,Medium,OMP-BranchBoundMRV,16,3,0.055351019,457,1
medium_060,Medium,OMP-BranchBoundMRV,16,4,0.013744116,379,1
medium_060,Medium,OMP-BranchBoundMRV,16,5,0.025556087,376,1
medium_061,Medium,Serial,1,1,0.052689250,121352,1
medium_061,Medium,Serial,1,2,0.050525833,121352,1
medium_061,Medium,Serial,1,3,0.055149375,121352,1
medium_061,Medium,Serial,1,4,0.064732458,121352,1
medium_061,Medium,Serial,1,5,0.053475542,121352,1
medium_061,Medium,Serial-MRV,1,1,0.015673792,908,1
medium_061,Medium,Serial-MRV,1,2,0.015202834,908,1
medium_061,Medium,Serial-MRV,1,3,0.014750500,908,1
medium_061,Medium,Serial-MRV,1,4,0.017698750,908,1
medium_061,Medium,Serial-MRV,1,5,0.014894333,908,1
medium_061,Medium,BranchBound,1,1,0.051515167,121352,1
medium_061,Medium,BranchBound,1,2,0.057850458,121352,1
medium_061,Medium,BranchBound,1,3,0.052845166,121352,1
medium_061,Medium,BranchBound,1,4,0.064579375,121352,1
medium_061,Medium,BranchBound,1,5,0.057535208,121352,1
medium_061,Medium,BranchBoundMRV,1,1,0.016478625,908,1
medium_061,Medium,BranchBoundMRV,1,2,0.016285750,908,1
medium_061,Medium,BranchBoundMRV,1,3,0.016340208,908,1
medium_061,Medium,BranchBoundMRV,1,4,0.016232625,908,1
medium_061,Medium,BranchBoundMRV,1,5,0.016372083,908,1
medium_061,Medium,OpenMP,4,1,0.005387068,375,1
medium_061,Medium,OpenMP,4,2,0.008823872,608,1
medium_061,Medium,OpenMP,4,3,0.008140087,657,1
medium_061,Medium,OpenMP,4,4,0.005410910,449,1
medium_061,Medium,OpenMP,4,5,0.005379915,575,1
medium_061,Medium,OpenMP,8,1,0.011128902,666,1
medium_061,Medium,OpenMP,8,2,0.016237020,670,1
medium_061,Medium,OpenMP,8,3,0.020076036,678,1
medium_061,Medium,OpenMP,8,4,0.010152817,410,1
medium_061,Medium,OpenMP,8,5,0.020143032,830,1
medium_061,Medium,OpenMP,16,1,0.038667917,908,1
medium_061,Medium,OpenMP,16,2,0.027036905,556,1
medium_061,Medium,OpenMP,16,3,0.017436981,611,1
medium_061,Medium,OpenMP,16,4,0.017670870,601,1
medium_061,Medium,OpenMP,16,5,0.031834126,388,1
medium_061,Medium,OMP-BranchBoundMRV,4,1,0.005655050,561,1
medium_061,Medium,OMP-BranchBoundMRV,4,2,0.005662203,581,1
medium_061,Medium,OMP-BranchBoundMRV,4,3,0.005550146,584,1
medium_061,Medium,OMP-BranchBoundMRV,4,4,0.005554199,587,1
medium_061,Medium,OMP-BranchBoundMRV,4,5,0.005520105,582,1
medium_061,Medium,OMP-BranchBoundMRV,8,1,0.005635977,591,1
medium_061,Medium,OMP-BranchBoundMRV,8,2,0.013070822,880,1
medium_061,Medium,OMP-BranchBoundMRV,8,3,0.005696058,592,1
medium_061,Medium,OMP-BranchBoundMRV,8,4,0.005505085,583,1
medium_061,Medium,OMP-BranchBoundMRV,8,5,0.011305094,874,1
medium_061,Medium,OMP-BranchBoundMRV,16,1,0.021963120,583,1
medium_061,Medium,OMP-BranchBoundMRV,16,2,0.080935001,821,1
medium_061,Medium,OMP-BranchBoundMRV,16,3,0.028749943,409,1
medium_061,Medium,OMP-BranchBoundMRV,16,4,0.020429850,625,1
medium_061,Medium,OMP-BranchBoundMRV,16,5,0.013297081,301,1
medium_062,Medium,Serial,1,1,0.004048417,8814,1
medium_062,Medium,Serial,1,2,0.004167667,8814,1
medium_062,Medium,Serial,1,3,0.004045042,8814,1
medium_062,Medium,Serial,1,4,0.004181917,8814,1
medium_062,Medium,Serial,1,5,0.004016833,8814,1
medium_062,Medium,Serial-MRV,1,1,0.004472375,345,1
medium_062,Medium,Serial-MRV,1,2,0.004336083,345,1
medium_062,Medium,Serial-MRV,1,3,0.004418500,345,1
medium_062,Medium,Serial-MRV,1,4,0.004361500,345,1
medium_062,Medium,Serial-MRV,1,5,0.004418292,345,1
medium_062,Medium,BranchBound,1,1,0.003974000,8814,1
medium_062,Medium,BranchBound,1,2,0.004056250,8814,1
medium_062,Medium,BranchBound,1,3,0.004011250,8814,1
medium_062,Medium,BranchBound,1,4,0.004061166,8814,1
medium_062,Medium,BranchBound,1,5,0.004010292,8814,1
medium_062,Medium,BranchBoundMRV,1,1,0.004925083,345,1
medium_062,Medium,BranchBoundMRV,1,2,0.004873334,345,1
medium_062,Medium,BranchBoundMRV,1,3,0.004761416,345,1
medium_062,Medium,BranchBoundMRV,1,4,0.004792500,345,1
medium_062,Medium,BranchBoundMRV,1,5,0.004772500,345,1
medium_062,Medium,OpenMP,4,1,0.005069017,345,1
medium_062,Medium,OpenMP,4,2,0.005007029,345,1
medium_062,Medium,OpenMP,4,3,0.005018950,345,1
medium_062,Medium,OpenMP,4,4,0.005007029,345,1
medium_062,Medium,OpenMP,4,5,0.005017996,345,1
medium_062,Medium,OpenMP,8,1,0.005059958,345,1
medium_062,Medium,OpenMP,8,2,0.005020857,345,1
medium_062,Medium,OpenMP,8,3,0.004999876,345,1
medium_062,Medium,OpenMP,8,4,0.005004168,345,1
medium_062,Medium,OpenMP,8,5,0.005024910,345,1
medium_062,Medium,OpenMP,16,1,0.038746119,345,1
medium_062,Medium,OpenMP,16,2,0.026000977,345,1
medium_062,Medium,OpenMP,16,3,0.038487911,345,1
medium_062,Medium,OpenMP,16,4,0.015469074,345,1
medium_062,Medium,OpenMP,16,5,0.017076969,345,1
medium_062,Medium,OMP-BranchBoundMRV,4,1,0.005170107,345,1
medium_062,Medium,OMP-BranchBoundMRV,4,2,0.005192041,345,1
medium_062,Medium,OMP-BranchBoundMRV,4,3,0.005162954,345,1
medium_062,Medium,OMP-BranchBoundMRV,4,4,0.005329132,345,1
medium_062,Medium,OMP-BranchBoundMRV,4,5,0.005536079,345,1
medium_062,Medium,OMP-BranchBoundMRV,8,1,0.008655787,345,1
medium_062,Medium,OMP-BranchBoundMRV,8,2,0.006804943,345,1
medium_062,Medium,OMP-BranchBoundMRV,8,3,0.009337902,345,1
medium_062,Medium,OMP-BranchBoundMRV,8,4,0.005110025,345,1
medium_062,Medium,OMP-BranchBoundMRV,8,5,0.005084991,345,1
medium_062,Medium,OMP-BranchBoundMRV,16,1,0.055185080,345,1
medium_062,Medium,OMP-BranchBoundMRV,16,2,0.030187130,345,1
medium_062,Medium,OMP-BranchBoundMRV,16,3,0.037215948,345,1
medium_062,Medium,OMP-BranchBoundMRV,16,4,0.041375875,345,1
medium_062,Medium,OMP-BranchBoundMRV,16,5,0.021753073,345,1
medium_063,Medium,Serial,1,1,0.013298958,29220,1
medium_063,Medium,Serial,1,2,0.012922375,29220,1
medium_063,Medium,Serial,1,3,0.013000875,29220,1
medium_063,Medium,Serial,1,4,0.012957167,29220,1
medium_063,Medium,Serial,1,5,0.012950292,29220,1
medium_063,Medium,Serial-MRV,1,1,0.008649834,578,1
medium_063,Medium,Serial-MRV,1,2,0.008624084,578,1
medium_063,Medium,Serial-MRV,1,3,0.008551084,578,1
medium_063,Medium,Serial-MRV,1,4,0.008533375,578,1
medium_063,Medium,Serial-MRV,1,5,0.008507375,578,1
medium_063,Medium,BranchBound,1,1,0.012535000,29220,1
medium_063,Medium,BranchBound,1,2,0.012397750,29220,1
medium_063,Medium,BranchBound,1,3,0.012507875,29220,1
medium_063,Medium,BranchBound,1,4,0.012446750,29220,1
medium_063,Medium,BranchBound,1,5,0.012404459,29220,1
medium_063,Medium,BranchBoundMRV,1,1,0.009589792,578,1
medium_063,Medium,BranchBoundMRV,1,2,0.009607416,578,1
medium_063,Medium,BranchBoundMRV,1,3,0.009615834,578,1
medium_063,Medium,BranchBoundMRV,1,4,0.010003375,578,1
medium_063,Medium,BranchBoundMRV,1,5,0.009931084,578,1
medium_063,Medium,OpenMP,4,1,0.002116919,459,1
medium_063,Medium,OpenMP,4,2,0.002151966,470,1
medium_063,Medium,OpenMP,4,3,0.002326012,505,1
medium_063,Medium,OpenMP,4,4,0.002140999,468,1
medium_063,Medium,OpenMP,4,5,0.002233028,479,1
medium_063,Medium,OpenMP,8,1,0.004876137,772,1
medium_063,Medium,OpenMP,8,2,0.004886150,589,1
medium_063,Medium,OpenMP,8,3,0.002141953,383,1
medium_063,Medium,OpenMP,8,4,0.002162933,360,1
medium_063,Medium,OpenMP,8,5,0.002542019,413,1
medium_063,Medium,OpenMP,16,1,0.022299051,565,1
medium_063,Medium,OpenMP,16,2,0.017382860,411,1
medium_063,Medium,OpenMP,16,3,0.009675980,241,1
medium_063,Medium,OpenMP,16,4,0.006684065,392,1
medium_063,Medium,OpenMP,16,5,0.020314217,1124,1
medium_063,Medium,OMP-BranchBoundMRV,4,1,0.002266884,483,1
medium_063,Medium,OMP-BranchBoundMRV,4,2,0.002248049,470,1
medium_063,Medium,OMP-BranchBoundMRV,4,3,0.002243996,481,1
medium_063,Medium,OMP-BranchBoundMRV,4,4,0.002240896,480,1
medium_063,Medium,OMP-BranchBoundMRV,4,5,0.002243042,479,1
medium_063,Medium,OMP-BranchBoundMRV,8,1,0.002270937,323,1
medium_063,Medium,OMP-BranchBoundMRV,8,2,0.002237797,412,1
medium_063,Medium,OMP-BranchBoundMRV,8,3,0.004951954,773,1
medium_063,Medium,OMP-BranchBoundMRV,8,4,0.002273083,334,1
medium_063,Medium,OMP-BranchBoundMRV,8,5,0.002278090,335,1
medium_063,Medium,OMP-BranchBoundMRV,16,1,0.020502806,269,1
medium_063,Medium,OMP-BranchBoundMRV,16,2,0.025825024,374,1
medium_063,Medium,OMP-BranchBoundMRV,16,3,0.032191992,414,1
medium_063,Medium,OMP-BranchBoundMRV,16,4,0.012141943,204,1
medium_063,Medium,OMP-BranchBoundMRV,16,5,0.005028963,397,1
medium_064,Medium,Serial,1,1,0.001197708,2704,1
medium_064,Medium,Serial,1,2,0.001233917,2704,1
medium_064,Medium,Serial,1,3,0.001185583,2704,1
medium_064,Medium,Serial,1,4,0.001156875,2704,1
medium_064,Medium,Serial,1,5,0.001313459,2704,1
medium_064,Medium,Serial-MRV,1,1,0.004997000,337,1
medium_064,Medium,Serial-MRV,1,2,0.004953166,337,1
medium_064,Medium,Serial-MRV,1,3,0.005397250,337,1
medium_064,Medium,Serial-MRV,1,4,0.005068459,337,1
medium_064,Medium,Serial-MRV,1,5,0.005067750,337,1
medium_064,Medium,BranchBound,1,1,0.001160583,2704,1
medium_064,Medium,BranchBound,1,2,0.001341292,2704,1
medium_064,Medium,BranchBound,1,3,0.001188792,2704,1
medium_064,Medium,BranchBound,1,4,0.001171834,2704,1
medium_064,Medium,BranchBound,1,5,0.001270916,2704,1
medium_064,Medium,BranchBoundMRV,1,1,0.005704959,337,1
medium_064,Medium,BranchBoundMRV,1,2,0.005532250,337,1
medium_064,Medium,BranchBoundMRV,1,3,0.005699667,337,1
medium_064,Medium,BranchBoundMRV,1,4,0.005628250,337,1
medium_064,Medium,BranchBoundMRV,1,5,0.005647000,337,1
medium_064,Medium,OpenMP,4,1,0.001031876,154,1
medium_064,Medium,OpenMP,4,2,0.001016855,157,1
medium_064,Medium,OpenMP,4,3,0.000962973,155,1
medium_064,Medium,OpenMP,4,4,0.000991106,135,1
medium_064,Medium,OpenMP,4,5,0.000976086,153,1
medium_064,Medium,OpenMP,8,1,0.000978947,126,1
medium_064,Medium,OpenMP,8,2,0.002209902,215,1
medium_064,Medium,OpenMP,8,3,0.002100945,279,1
medium_064,Medium,OpenMP,8,4,0.002135038,261,1
medium_064,Medium,OpenMP,8,5,0.002202034,222,1
medium_064,Medium,OpenMP,16,1,0.005582094,121,1
medium_064,Medium,OpenMP,16,2,0.004554033,124,1
medium_064,Medium,OpenMP,16,3,0.016521931,281,1
medium_064,Medium,OpenMP,16,4,0.018105030,282,1
medium_064,Medium,OpenMP,16,5,0.022285938,128,1
medium_064,Medium,OMP-BranchBoundMRV,4,1,0.001070023,154,1
medium_064,Medium,OMP-BranchBoundMRV,4,2,0.001060009,150,1
medium_064,Medium,OMP-BranchBoundMRV,4,3,0.001116991,159,1
medium_064,Medium,OMP-BranchBoundMRV,4,4,0.001115799,159,1
medium_064,Medium,OMP-BranchBoundMRV,4,5,0.001050949,154,1
medium_064,Medium,OMP-BranchBoundMRV,8,1,0.001104116,129,1
medium_064,Medium,OMP-BranchBoundMRV,8,2,0.002214909,281,1
medium_064,Medium,OMP-BranchBoundMRV,8,3,0.002326965,289,1
medium_064,Medium,OMP-BranchBoundMRV,8,4,0.002308130,287,1
medium_064,Medium,OMP-BranchBoundMRV,8,5,0.001272917,127,1
medium_064,Medium,OMP-BranchBoundMRV,16,1,0.015465021,160,1
medium_064,Medium,OMP-BranchBoundMRV,16,2,0.004721880,282,1
medium_064,Medium,OMP-BranchBoundMRV,16,3,0.040502787,282,1
medium_064,Medium,OMP-BranchBoundMRV,16,4,0.010185003,154,1
medium_064,Medium,OMP-BranchBoundMRV,16,5,0.008425951,311,1
medium_065,Medium,Serial,1,1,0.005797583,13545,1
medium_065,Medium,Serial,1,2,0.005994750,13545,1
medium_065,Medium,Serial,1,3,0.005828334,13545,1
medium_065,Medium,Serial,1,4,0.005699333,13545,1
medium_065,Medium,Serial,1,5,0.005958125,13545,1
medium_065,Medium,Serial-MRV,1,1,0.006821292,526,1
medium_065,Medium,Serial-MRV,1,2,0.006743208,526,1
medium_065,Medium,Serial-MRV,1,3,0.006868041,526,1
medium_065,Medium,Serial-MRV,1,4,0.006987750,526,1
medium_065,Medium,Serial-MRV,1,5,0.007116125,526,1
medium_065,Medium,BranchBound,1,1,0.005901125,13545,1
medium_065,Medium,BranchBound,1,2,0.005879500,13545,1
medium_065,Medium,BranchBound,1,3,0.005618125,13545,1
medium_065,Medium,BranchBound,1,4,0.005942417,13545,1
medium_065,Medium,BranchBound,1,5,0.006184083,13545,1
medium_065,Medium,BranchBoundMRV,1,1,0.007866208,526,1
medium_065,Medium,BranchBoundMRV,1,2,0.007355375,526,1
medium_065,Medium,BranchBoundMRV,1,3,0.007482458,526,1
medium_065,Medium,BranchBoundMRV,1,4,0.007387958,526,1
medium_065,Medium,BranchBoundMRV,1,5,0.007368292,526,1
medium_065,Medium,OpenMP,4,1,0.007898092,526,1
medium_065,Medium,OpenMP,4,2,0.007881165,526,1
medium_065,Medium,OpenMP,4,3,0.007831097,526,1
medium_065,Medium,OpenMP,4,4,0.007905960,526,1
medium_065,Medium,OpenMP,4,5,0.007810831,526,1
medium_065,Medium,OpenMP,8,1,0.007871151,526,1
medium_065,Medium,OpenMP,8,2,0.007827997,526,1
medium_065,Medium,OpenMP,8,3,0.007848978,526,1
medium_065,Medium,OpenMP,8,4,0.007877111,526,1
medium_065,Medium,OpenMP,8,5,0.007842064,526,1
medium_065,Medium,OpenMP,16,1,0.022062063,526,1
medium_065,Medium,OpenMP,16,2,0.020135880,526,1
medium_065,Medium,OpenMP,16,3,0.044468164,526,1
medium_065,Medium,OpenMP,16,4,0.154770136,526,1
medium_065,Medium,OpenMP,16,5,0.026425838,526,1
medium_065,Medium,OMP-BranchBoundMRV,4,1,0.007931948,526,1
medium_065,Medium,OMP-BranchBoundMRV,4,2,0.007972002,526,1
medium_065,Medium,OMP-BranchBoundMRV,4,3,0.007951975,526,1
medium_065,Medium,OMP-BranchBoundMRV,4,4,0.007934809,526,1
medium_065,Medium,OMP-BranchBoundMRV,4,5,0.007930994,526,1
medium_065,Medium,OMP-BranchBoundMRV,8,1,0.007909060,526,1
medium_065,Medium,OMP-BranchBoundMRV,8,2,0.007941008,526,1
medium_065,Medium,OMP-BranchBoundMRV,8,3,0.007909060,526,1
medium_065,Medium,OMP-BranchBoundMRV,8,4,0.007902861,526,1
medium_065,Medium,OMP-BranchBoundMRV,8,5,0.007924080,526,1
medium_065,Medium,OMP-BranchBoundMRV,16,1,0.091835022,526,1
medium_065,Medium,OMP-BranchBoundMRV,16,2,0.030141115,526,1
medium_065,Medium,OMP-BranchBoundMRV,16,3,0.022033930,526,1
medium_065,Medium,OMP-BranchBoundMRV,16,4,0.026618004,526,1
medium_065,Medium,OMP-BranchBoundMRV,16,5,0.027534962,526,1
medium_066,Medium,Serial,1,1,0.002865917,7037,1
medium_066,Medium,Serial,1,2,0.002835625,7037,1
medium_066,Medium,Serial,1,3,0.002832000,7037,1
medium_066,Medium,Serial,1,4,0.002859166,7037,1
medium_066,Medium,Serial,1,5,0.002757209,7037,1
medium_066,Medium,Serial-MRV,1,1,0.005252209,291,1
medium_066,Medium,Serial-MRV,1,2,0.005015500,291,1
medium_066,Medium,Serial-MRV,1,3,0.005011334,291,1
medium_066,Medium,Serial-MRV,1,4,0.004850125,291,1
medium_066,Medium,Serial-MRV,1,5,0.004915458,291,1
medium_066,Medium,BranchBound,1,1,0.002753333,7037,1
medium_066,Medium,BranchBound,1,2,0.002786250,7037,1
medium_066,Medium,BranchBound,1,3,0.002766458,7037,1
medium_066,Medium,BranchBound,1,4,0.002733375,7037,1
medium_066,Medium,BranchBound,1,5,0.002740458,7037,1
medium_066,Medium,BranchBoundMRV,1,1,0.005058750,291,1
medium_066,Medium,BranchBoundMRV,1,2,0.005057875,291,1
medium_066,Medium,BranchBoundMRV,1,3,0.005059625,291,1
medium_066,Medium,BranchBoundMRV,1,4,0.005181792,291,1
medium_066,Medium,BranchBoundMRV,1,5,0.005174209,291,1
medium_066,Medium,OpenMP,4,1,0.005384922,291,1
medium_066,Medium,OpenMP,4,2,0.005450010,291,1
medium_066,Medium,OpenMP,4,3,0.005424023,291,1
medium_066,Medium,OpenMP,4,4,0.005352974,291,1
medium_066,Medium,OpenMP,4,5,0.005598068,291,1
medium_066,Medium,OpenMP,8,1,0.010623217,291,1
medium_066,Medium,OpenMP,8,2,0.010273933,291,1
medium_066,Medium,OpenMP,8,3,0.018595934,291,1
medium_066,Medium,OpenMP,8,4,0.010185957,291,1
medium_066,Medium,OpenMP,8,5,0.011307955,291,1
medium_066,Medium,OpenMP,16,1,0.051491976,291,1
medium_066,Medium,OpenMP,16,2,0.078901052,291,1
medium_066,Medium,OpenMP,16,3,0.022130013,291,1
medium_066,Medium,OpenMP,16,4,0.017872095,291,1
medium_066,Medium,OpenMP,16,5,0.021128893,291,1
medium_066,Medium,OMP-BranchBoundMRV,4,1,0.005497932,291,1
medium_066,Medium,OMP-BranchBoundMRV,4,2,0.005506039,291,1
medium_066,Medium,OMP-BranchBoundMRV,4,3,0.005462885,291,1
medium_066,Medium,OMP-BranchBoundMRV,4,4,0.005456924,291,1
medium_066,Medium,OMP-BranchBoundMRV,4,5,0.005448818,291,1
medium_066,Medium,OMP-BranchBoundMRV,8,1,0.005465984,291,1
medium_066,Medium,OMP-BranchBoundMRV,8,2,0.005922079,291,1
medium_066,Medium,OMP-BranchBoundMRV,8,3,0.005469084,291,1
medium_066,Medium,OMP-BranchBoundMRV,8,4,0.005455017,291,1
medium_066,Medium,OMP-BranchBoundMRV,8,5,0.013236046,291,1
medium_066,Medium,OMP-BranchBoundMRV,16,1,0.053193092,291,1
medium_066,Medium,OMP-BranchBoundMRV,16,2,0.009860039,291,1
medium_066,Medium,OMP-BranchBoundMRV,16,3,0.038380861,291,1
medium_066,Medium,OMP-BranchBoundMRV,16,4,0.031872034,291,1
medium_066,Medium,OMP-BranchBoundMRV,16,5,0.018793106,291,1
medium_067,Medium,Serial,1,1,0.002539625,6028,1
medium_067,Medium,Serial,1,2,0.002632334,6028,1
medium_067,Medium,Serial,1,3,0.002584666,6028,1
medium_067,Medium,Serial,1,4,0.002589209,6028,1
medium_067,Medium,Serial,1,5,0.002766167,6028,1
medium_067,Medium,Serial-MRV,1,1,0.003715834,252,1
medium_067,Medium,Serial-MRV,1,2,0.003736333,252,1
medium_067,Medium,Serial-MRV,1,3,0.003709083,252,1
medium_067,Medium,Serial-MRV,1,4,0.003709584,252,1
medium_067,Medium,Serial-MRV,1,5,0.003662666,252,1
medium_067,Medium,BranchBound,1,1,0.002629667,6028,1
medium_067,Medium,BranchBound,1,2,0.002619042,6028,1
medium_067,Medium,BranchBound,1,3,0.002582125,6028,1
medium_067,Medium,BranchBound,1,4,0.002668625,6028,1
medium_067,Medium,BranchBound,1,5,0.002640000,6028,1
medium_067,Medium,BranchBoundMRV,1,1,0.004182041,252,1
medium_067,Medium,BranchBoundMRV,1,2,0.004140083,252,1
medium_067,Medium,BranchBoundMRV,1,3,0.004221750,252,1
medium_067,Medium,BranchBoundMRV,1,4,0.004188791,252,1
medium_067,Medium,BranchBoundMRV,1,5,0.004293333,252,1
medium_067,Medium,OpenMP,4,1,0.004371166,458,1
medium_067,Medium,OpenMP,4,2,0.004534960,471,1
medium_067,Medium,OpenMP,4,3,0.004368067,449,1
medium_067,Medium,OpenMP,4,4,0.004409075,467,1
medium_067,Medium,OpenMP,4,5,0.004403114,448,1
medium_067,Medium,OpenMP,8,1,0.006098032,497,1
medium_067,Medium,OpenMP,8,2,0.004999161,436,1
medium_067,Medium,OpenMP,8,3,0.004687071,465,1
medium_067,Medium,OpenMP,8,4,0.004347086,340,1
medium_067,Medium,OpenMP,8,5,0.010111809,568,1
medium_067,Medium,OpenMP,16,1,0.095824957,568,1
medium_067,Medium,OpenMP,16,2,0.028187037,366,1
medium_067,Medium,OpenMP,16,3,0.028943062,425,1
medium_067,Medium,OpenMP,16,4,0.027043104,568,1
medium_067,Medium,OpenMP,16,5,0.006661892,488,1
medium_067,Medium,OMP-BranchBoundMRV,4,1,0.004429102,461,1
medium_067,Medium,OMP-BranchBoundMRV,4,2,0.004387140,457,1
medium_067,Medium,OMP-BranchBoundMRV,4,3,0.004383087,461,1
medium_067,Medium,OMP-BranchBoundMRV,4,4,0.004462004,466,1
medium_067,Medium,OMP-BranchBoundMRV,4,5,0.004367828,461,1
medium_067,Medium,OMP-BranchBoundMRV,8,1,0.004405022,371,1
medium_067,Medium,OMP-BranchBoundMRV,8,2,0.004431963,342,1
medium_067,Medium,OMP-BranchBoundMRV,8,3,0.004703999,462,1
medium_067,Medium,OMP-BranchBoundMRV,8,4,0.004415035,462,1
medium_067,Medium,OMP-BranchBoundMRV,8,5,0.007692099,409,1
medium_067,Medium,OMP-BranchBoundMRV,16,1,0.056209087,456,1
medium_067,Medium,OMP-BranchBoundMRV,16,2,0.024077177,341,1
medium_067,Medium,OMP-BranchBoundMRV,16,3,0.028048992,453,1
medium_067,Medium,OMP-BranchBoundMRV,16,4,0.052190065,568,1
medium_067,Medium,OMP-BranchBoundMRV,16,5,0.010180950,430,1
medium_068,Medium,Serial,1,1,0.004199292,9454,1
medium_068,Medium,Serial,1,2,0.004228250,9454,1
medium_068,Medium,Serial,1,3,0.004128666,9454,1
medium_068,Medium,Serial,1,4,0.004070333,9454,1
medium_068,Medium,Serial,1,5,0.004073375,9454,1
medium_068,Medium,Serial-MRV,1,1,0.004455083,320,1
medium_068,Medium,Serial-MRV,1,2,0.004270375,320,1
medium_068,Medium,Serial-MRV,1,3,0.004377958,320,1
medium_068,Medium,Serial-MRV,1,4,0.004266791,320,1
medium_068,Medium,Serial-MRV,1,5,0.004244084,320,1
medium_068,Medium,BranchBound,1,1,0.004094750,9454,1
medium_068,Medium,BranchBound,1,2,0.004148959,9454,1
medium_068,Medium,BranchBound,1,3,0.004084125,9454,1
medium_068,Medium,BranchBound,1,4,0.004145000,9454,1
medium_068,Medium,BranchBound,1,5,0.004094834,9454,1
medium_068,Medium,BranchBoundMRV,1,1,0.004820500,320,1
medium_068,Medium,BranchBoundMRV,1,2,0.004964250,320,1
medium_068,Medium,BranchBoundMRV,1,3,0.004806041,320,1
medium_068,Medium,BranchBoundMRV,1,4,0.004948042,320,1
medium_068,Medium,BranchBoundMRV,1,5,0.004791625,320,1
medium_068,Medium,OpenMP,4,1,0.003247023,322,1
medium_068,Medium,OpenMP,4,2,0.003046989,322,1
medium_068,Medium,OpenMP,4,3,0.003032923,322,1
medium_068,Medium,OpenMP,4,4,0.003042221,322,1
medium_068,Medium,OpenMP,4,5,0.003036976,322,1
medium_068,Medium,OpenMP,8,1,0.003051996,322,1
medium_068,Medium,OpenMP,8,2,0.007182837,322,1
medium_068,Medium,OpenMP,8,3,0.003070831,322,1
medium_068,Medium,OpenMP,8,4,0.003036022,322,1
medium_068,Medium,OpenMP,8,5,0.003034115,322,1
medium_068,Medium,OpenMP,16,1,0.119515896,322,1
medium_068,Medium,OpenMP,16,2,0.012058973,321,1
medium_068,Medium,OpenMP,16,3,0.010234833,219,1
medium_068,Medium,OpenMP,16,4,0.015201092,322,1
medium_068,Medium,OpenMP,16,5,0.015300989,322,1
medium_068,Medium,OMP-BranchBoundMRV,4,1,0.003603220,322,1
medium_068,Medium,OMP-BranchBoundMRV,4,2,0.003535986,322,1
medium_068,Medium,OMP-BranchBoundMRV,4,3,0.003189087,322,1
medium_068,Medium,OMP-BranchBoundMRV,4,4,0.003360987,322,1
medium_068,Medium,OMP-BranchBoundMRV,4,5,0.003350019,322,1
medium_068,Medium,OMP-BranchBoundMRV,8,1,0.004711151,322,1
medium_068,Medium,OMP-BranchBoundMRV,8,2,0.005767107,322,1
medium_068,Medium,OMP-BranchBoundMRV,8,3,0.003190994,317,1
medium_068,Medium,OMP-BranchBoundMRV,8,4,0.003159046,322,1
medium_068,Medium,OMP-BranchBoundMRV,8,5,0.003172874,322,1
medium_068,Medium,OMP-BranchBoundMRV,16,1,0.046026945,322,1
medium_068,Medium,OMP-BranchBoundMRV,16,2,0.020390987,322,1
medium_068,Medium,OMP-BranchBoundMRV,16,3,0.030081987,322,1
medium_068,Medium,OMP-BranchBoundMRV,16,4,0.040293932,322,1
medium_068,Medium,OMP-BranchBoundMRV,16,5,0.048418999,322,1
medium_069,Medium,Serial,1,1,0.002401208,5282,1
medium_069,Medium,Serial,1,2,0.002406333,5282,1
medium_069,Medium,Serial,1,3,0.002542416,5282,1
medium_069,Medium,Serial,1,4,0.002337708,5282,1
medium_069,Medium,Serial,1,5,0.002486333,5282,1
medium_069,Medium,Serial-MRV,1,1,0.005601292,436,1
medium_069,Medium,Serial-MRV,1,2,0.005707917,436,1
medium_069,Medium,Serial-MRV,1,3,0.005632250,436,1
medium_069,Medium,Serial-MRV,1,4,0.005737666,436,1
medium_069,Medium,Serial-MRV,1,5,0.005747125,436,1
medium_069,Medium,BranchBound,1,1,0.002418959,5282,1
medium_069,Medium,BranchBound,1,2,0.002350084,5282,1
medium_069,Medium,BranchBound,1,3,0.002542209,5282,1
medium_069,Medium,BranchBound,1,4,0.002353833,5282,1
medium_069,Medium,BranchBound,1,5,0.002446916,5282,1
medium_069,Medium,BranchBoundMRV,1,1,0.006270125,436,1
medium_069,Medium,BranchBoundMRV,1,2,0.006200500,436,1
medium_069,Medium,BranchBoundMRV,1,3,0.006226833,436,1
medium_069,Medium,BranchBoundMRV,1,4,0.006273416,436,1
medium_069,Medium,BranchBoundMRV,1,5,0.006434417,436,1
medium_069,Medium,OpenMP,4,1,0.000998020,121,1
medium_069,Medium,OpenMP,4,2,0.000987053,122,1
medium_069,Medium,OpenMP,4,3,0.000976086,121,1
medium_069,Medium,OpenMP,4,4,0.000973225,120,1
medium_069,Medium,OpenMP,4,5,0.001012087,118,1
medium_069,Medium,OpenMP,8,1,0.000998020,121,1
medium_069,Medium,OpenMP,8,2,0.001023054,121,1
medium_069,Medium,OpenMP,8,3,0.000981092,121,1
medium_069,Medium,OpenMP,8,4,0.000977993,121,1
medium_069,Medium,OpenMP,8,5,0.000990868,122,1
medium_069,Medium,OpenMP,16,1,0.011118889,121,1
medium_069,Medium,OpenMP,16,2,0.040206909,81,1
medium_069,Medium,OpenMP,16,3,0.016614914,121,1
medium_069,Medium,OpenMP,16,4,0.016123772,120,1
medium_069,Medium,OpenMP,16,5,0.020034075,121,1
medium_069,Medium,OMP-BranchBoundMRV,4,1,0.001101017,124,1
medium_069,Medium,OMP-BranchBoundMRV,4,2,0.001110077,125,1
medium_069,Medium,OMP-BranchBoundMRV,4,3,0.001391172,133,1
medium_069,Medium,OMP-BranchBoundMRV,4,4,0.001253128,129,1
medium_069,Medium,OMP-BranchBoundMRV,4,5,0.001208067,124,1
medium_069,Medium,OMP-BranchBoundMRV,8,1,0.002334833,207,1
medium_069,Medium,OMP-BranchBoundMRV,8,2,0.001127958,82,1
medium_069,Medium,OMP-BranchBoundMRV,8,3,0.001204967,124,1
medium_069,Medium,OMP-BranchBoundMRV,8,4,0.001291037,90,1
medium_069,Medium,OMP-BranchBoundMRV,8,5,0.001113892,77,1
medium_069,Medium,OMP-BranchBoundMRV,16,1,0.035535097,127,1
medium_069,Medium,OMP-BranchBoundMRV,16,2,0.007972002,122,1
medium_069,Medium,OMP-BranchBoundMRV,16,3,0.007719040,101,1
medium_069,Medium,OMP-BranchBoundMRV,16,4,0.009652853,72,1
medium_069,Medium,OMP-BranchBoundMRV,16,5,0.016979933,135,1
medium_070,Medium,Serial,1,1,0.037668375,87678,1
medium_070,Medium,Serial,1,2,0.036999042,87678,1
medium_070,Medium,Serial,1,3,0.036718500,87678,1
medium_070,Medium,Serial,1,4,0.038116667,87678,1
medium_070,Medium,Serial,1,5,0.038527833,87678,1
medium_070,Medium,Serial-MRV,1,1,0.002547542,208,1
medium_070,Medium,Serial-MRV,1,2,0.002423292,208,1
medium_070,Medium,Serial-MRV,1,3,0.002506542,208,1
medium_070,Medium,Serial-MRV,1,4,0.002501750,208,1
medium_070,Medium,Serial-MRV,1,5,0.002468958,208,1
medium_070,Medium,BranchBound,1,1,0.037904792,87678,1
medium_070,Medium,BranchBound,1,2,0.037004875,87678,1
medium_070,Medium,BranchBound,1,3,0.036915083,87678,1
medium_070,Medium,BranchBound,1,4,0.036894208,87678,1
medium_070,Medium,BranchBound,1,5,0.036784500,87678,1
medium_070,Medium,BranchBoundMRV,1,1,0.002618666,208,1
medium_070,Medium,BranchBoundMRV,1,2,0.002616958,208,1
medium_070,Medium,BranchBoundMRV,1,3,0.002884542,208,1
medium_070,Medium,BranchBoundMRV,1,4,0.002715084,208,1
medium_070,Medium,BranchBoundMRV,1,5,0.002760708,208,1
medium_070,Medium,OpenMP,4,1,0.003025055,208,1
medium_070,Medium,OpenMP,4,2,0.002844095,208,1
medium_070,Medium,OpenMP,4,3,0.002940178,208,1
medium_070,Medium,OpenMP,4,4,0.002819061,208,1
medium_070,Medium,OpenMP,4,5,0.002859831,208,1
medium_070,Medium,OpenMP,8,1,0.005681992,208,1
medium_070,Medium,OpenMP,8,2,0.006664038,208,1
medium_070,Medium,OpenMP,8,3,0.005326033,208,1
medium_070,Medium,OpenMP,8,4,0.004371881,208,1
medium_070,Medium,OpenMP,8,5,0.007551908,208,1
medium_070,Medium,OpenMP,16,1,0.009634972,208,1
medium_070,Medium,OpenMP,16,2,0.005933046,208,1
medium_070,Medium,OpenMP,16,3,0.012971163,208,1
medium_070,Medium,OpenMP,16,4,0.009511948,208,1
medium_070,Medium,OpenMP,16,5,0.010392904,208,1
medium_070,Medium,OMP-BranchBoundMRV,4,1,0.002928019,208,1
medium_070,Medium,OMP-BranchBoundMRV,4,2,0.002905130,208,1
medium_070,Medium,OMP-BranchBoundMRV,4,3,0.003021955,208,1
medium_070,Medium,OMP-BranchBoundMRV,4,4,0.002887964,208,1
medium_070,Medium,OMP-BranchBoundMRV,4,5,0.002957106,208,1
medium_070,Medium,OMP-BranchBoundMRV,8,1,0.006656170,208,1
medium_070,Medium,OMP-BranchBoundMRV,8,2,0.002892971,208,1
medium_070,Medium,OMP-BranchBoundMRV,8,3,0.002877951,208,1
medium_070,Medium,OMP-BranchBoundMRV,8,4,0.002887011,208,1
medium_070,Medium,OMP-BranchBoundMRV,8,5,0.002887011,208,1
medium_070,Medium,OMP-BranchBoundMRV,16,1,0.025122166,208,1
medium_070,Medium,OMP-BranchBoundMRV,16,2,0.014778137,208,1
medium_070,Medium,OMP-BranchBoundMRV,16,3,0.042325020,208,1
medium_070,Medium,OMP-BranchBoundMRV,16,4,0.034807920,208,1
medium_070,Medium,OMP-BranchBoundMRV,16,5,0.007910013,208,1
medium_071,Medium,Serial,1,1,0.002330834,5261,1
medium_071,Medium,Serial,1,2,0.002312291,5261,1
medium_071,Medium,Serial,1,3,0.002305208,5261,1
medium_071,Medium,Serial,1,4,0.002504583,5261,1
medium_071,Medium,Serial,1,5,0.002247458,5261,1
medium_071,Medium,Serial-MRV,1,1,0.005561583,411,1
medium_071,Medium,Serial-MRV,1,2,0.005424958,411,1
medium_071,Medium,Serial-MRV,1,3,0.005542708,411,1
medium_071,Medium,Serial-MRV,1,4,0.005521208,411,1
medium_071,Medium,Serial-MRV,1,5,0.005370000,411,1
medium_071,Medium,BranchBound,1,1,0.002425875,5261,1
medium_071,Medium,BranchBound,1,2,0.002226500,5261,1
medium_071,Medium,BranchBound,1,3,0.002304791,5261,1
medium_071,Medium,BranchBound,1,4,0.002416708,5261,1
medium_071,Medium,BranchBound,1,5,0.002340917,5261,1
medium_071,Medium,BranchBoundMRV,1,1,0.006083917,411,1
medium_071,Medium,BranchBoundMRV,1,2,0.006028917,411,1
medium_071,Medium,BranchBoundMRV,1,3,0.006086208,411,1
medium_071,Medium,BranchBoundMRV,1,4,0.006084667,411,1
medium_071,Medium,BranchBoundMRV,1,5,0.005987084,411,1
medium_071,Medium,OpenMP,4,1,0.001801968,316,1
medium_071,Medium,OpenMP,4,2,0.001780987,322,1
medium_071,Medium,OpenMP,4,3,0.001785994,320,1
medium_071,Medium,OpenMP,4,4,0.001782894,323,1
medium_071,Medium,OpenMP,4,5,0.001828909,329,1
medium_071,Medium,OpenMP,8,1,0.004153967,492,1
medium_071,Medium,OpenMP,8,2,0.004199982,469,1
medium_071,Medium,OpenMP,8,3,0.001845837,311,1
medium_071,Medium,OpenMP,8,4,0.004148960,470,1
medium_071,Medium,OpenMP,8,5,0.004080057,469,1
medium_071,Medium,OpenMP,16,1,0.026458979,434,1
medium_071,Medium,OpenMP,16,2,0.051963091,310,1
medium_071,Medium,OpenMP,16,3,0.027868986,289,1
medium_071,Medium,OpenMP,16,4,0.030950069,449,1
medium_071,Medium,OpenMP,16,5,0.006684065,390,1
medium_071,Medium,OMP-BranchBoundMRV,4,1,0.001951933,439,1
medium_071,Medium,OMP-BranchBoundMRV,4,2,0.001989841,407,1
medium_071,Medium,OMP-BranchBoundMRV,4,3,0.001936913,436,1
medium_071,Medium,OMP-BranchBoundMRV,4,4,0.001919985,397,1
medium_071,Medium,OMP-BranchBoundMRV,4,5,0.001924992,419,1
medium_071,Medium,OMP-BranchBoundMRV,8,1,0.002567053,362,1
medium_071,Medium,OMP-BranchBoundMRV,8,2,0.004330873,509,1
medium_071,Medium,OMP-BranchBoundMRV,8,3,0.004087925,483,1
medium_071,Medium,OMP-BranchBoundMRV,8,4,0.001959801,297,1
medium_071,Medium,OMP-BranchBoundMRV,8,5,0.001945019,333,1
medium_071,Medium,OMP-BranchBoundMRV,16,1,0.013863087,285,1
medium_071,Medium,OMP-BranchBoundMRV,16,2,0.023171902,520,1
medium_071,Medium,OMP-BranchBoundMRV,16,3,0.016172886,335,1
medium_071,Medium,OMP-BranchBoundMRV,16,4,0.029445887,271,1
medium_071,Medium,OMP-BranchBoundMRV,16,5,0.021522999,369,1
medium_072,Medium,Serial,1,1,0.012574875,30449,1
medium_072,Medium,Serial,1,2,0.012415500,30449,1
medium_072,Medium,Serial,1,3,0.012276333,30449,1
medium_072,Medium,Serial,1,4,0.012260417,30449,1
medium_072,Medium,Serial,1,5,0.012276000,30449,1
medium_072,Medium,Serial-MRV,1,1,0.004903792,434,1
medium_072,Medium,Serial-MRV,1,2,0.004876250,434,1
medium_072,Medium,Serial-MRV,1,3,0.005211375,434,1
medium_072,Medium,Serial-MRV,1,4,0.005152791,434,1
medium_072,Medium,Serial-MRV,1,5,0.005088667,434,1
medium_072,Medium,BranchBound,1,1,0.013112833,30449,1
medium_072,Medium,BranchBound,1,2,0.013022541,30449,1
medium_072,Medium,BranchBound,1,3,0.012984250,30449,1
medium_072,Medium,BranchBound,1,4,0.013034250,30449,1
medium_072,Medium,BranchBound,1,5,0.013119208,30449,1
medium_072,Medium,BranchBoundMRV,1,1,0.005878792,434,1
medium_072,Medium,BranchBoundMRV,1,2,0.005960792,434,1
medium_072,Medium,BranchBoundMRV,1,3,0.005870916,434,1
medium_072,Medium,BranchBoundMRV,1,4,0.005979000,434,1
medium_072,Medium,BranchBoundMRV,1,5,0.005579625,434,1
medium_072,Medium,OpenMP,4,1,0.006085157,434,1
medium_072,Medium,OpenMP,4,2,0.005930185,434,1
medium_072,Medium,OpenMP,4,3,0.005930901,434,1
medium_072,Medium,OpenMP,4,4,0.005925894,434,1
medium_072,Medium,OpenMP,4,5,0.005925894,434,1
medium_072,Medium,OpenMP,8,1,0.011801004,434,1
medium_072,Medium,OpenMP,8,2,0.011749983,434,1
medium_072,Medium,OpenMP,8,3,0.005960941,434,1
medium_072,Medium,OpenMP,8,4,0.005964994,434,1
medium_072,Medium,OpenMP,8,5,0.005956888,434,1
medium_072,Medium,OpenMP,16,1,0.061912060,434,1
medium_072,Medium,OpenMP,16,2,0.018339157,434,1
medium_072,Medium,OpenMP,16,3,0.006424189,434,1
medium_072,Medium,OpenMP,16,4,0.018209934,434,1
medium_072,Medium,OpenMP,16,5,0.027848005,434,1
medium_072,Medium,OMP-BranchBoundMRV,4,1,0.006145000,434,1
medium_072,Medium,OMP-BranchBoundMRV,4,2,0.006056070,434,1
medium_072,Medium,OMP-BranchBoundMRV,4,3,0.006128073,434,1
medium_072,Medium,OMP-BranchBoundMRV,4,4,0.006106138,434,1
medium_072,Medium,OMP-BranchBoundMRV,4,5,0.006025076,434,1
medium_072,Medium,OMP-BranchBoundMRV,8,1,0.006043911,434,1
medium_072,Medium,OMP-BranchBoundMRV,8,2,0.012259007,434,1
medium_072,Medium,OMP-BranchBoundMRV,8,3,0.006043196,434,1
medium_072,Medium,OMP-BranchBoundMRV,8,4,0.006045103,434,1
medium_072,Medium,OMP-BranchBoundMRV,8,5,0.014472008,434,1
medium_072,Medium,OMP-BranchBoundMRV,16,1,0.129040956,434,1
medium_072,Medium,OMP-BranchBoundMRV,16,2,0.029376984,434,1
medium_072,Medium,OMP-BranchBoundMRV,16,3,0.036305904,434,1
medium_072,Medium,OMP-BranchBoundMRV,16,4,0.019219875,434,1
medium_072,Medium,OMP-BranchBoundMRV,16,5,0.015527964,434,1
medium_073,Medium,Serial,1,1,0.002901250,6884,1
medium_073,Medium,Serial,1,2,0.002788291,6884,1
medium_073,Medium,Serial,1,3,0.002749167,6884,1
medium_073,Medium,Serial,1,4,0.002812458,6884,1
medium_073,Medium,Serial,1,5,0.002764209,6884,1
medium_073,Medium,Serial-MRV,1,1,0.009942208,644,1
medium_073,Medium,Serial-MRV,1,2,0.009645708,644,1
medium_073,Medium,Serial-MRV,1,3,0.009689500,644,1
medium_073,Medium,Serial-MRV,1,4,0.009700542,644,1
medium_073,Medium,Serial-MRV,1,5,0.009666541,644,1
medium_073,Medium,BranchBound,1,1,0.002767792,6884,1
medium_073,Medium,BranchBound,1,2,0.002761541,6884,1
medium_073,Medium,BranchBound,1,3,0.002766500,6884,1
medium_073,Medium,BranchBound,1,4,0.002780709,6884,1
medium_073,Medium,BranchBound,1,5,0.002803583,6884,1
medium_073,Medium,BranchBoundMRV,1,1,0.010749750,644,1
medium_073,Medium,BranchBoundMRV,1,2,0.010432916,644,1
medium_073,Medium,BranchBoundMRV,1,3,0.010411875,644,1
medium_073,Medium,BranchBoundMRV,1,4,0.010439417,644,1
medium_073,Medium,BranchBoundMRV,1,5,0.010417042,644,1
medium_073,Medium,OpenMP,4,1,0.000953913,182,1
medium_073,Medium,OpenMP,4,2,0.000912905,190,1
medium_073,Medium,OpenMP,4,3,0.000930786,179,1
medium_073,Medium,OpenMP,4,4,0.000916004,190,1
medium_073,Medium,OpenMP,4,5,0.000925064,182,1
medium_073,Medium,OpenMP,8,1,0.000978947,187,1
medium_073,Medium,OpenMP,8,2,0.000946999,166,1
medium_073,Medium,OpenMP,8,3,0.000976801,161,1
medium_073,Medium,OpenMP,8,4,0.000975847,139,1
medium_073,Medium,OpenMP,8,5,0.002124071,387,1
medium_073,Medium,OpenMP,16,1,0.020061970,194,1
medium_073,Medium,OpenMP,16,2,0.028235912,386,1
medium_073,Medium,OpenMP,16,3,0.042149067,192,1
medium_073,Medium,OpenMP,16,4,0.024704933,656,1
medium_073,Medium,OpenMP,16,5,0.011229038,162,1
medium_073,Medium,OMP-BranchBoundMRV,4,1,0.001188993,204,1
medium_073,Medium,OMP-BranchBoundMRV,4,2,0.001080990,195,1
medium_073,Medium,OMP-BranchBoundMRV,4,3,0.001330137,218,1
medium_073,Medium,OMP-BranchBoundMRV,4,4,0.001127005,196,1
medium_073,Medium,OMP-BranchBoundMRV,4,5,0.001066923,192,1
medium_073,Medium,OMP-BranchBoundMRV,8,1,0.001601934,168,1
medium_073,Medium,OMP-BranchBoundMRV,8,2,0.001205921,164,1
medium_073,Medium,OMP-BranchBoundMRV,8,3,0.001137972,172,1
medium_073,Medium,OMP-BranchBoundMRV,8,4,0.001657009,136,1
medium_073,Medium,OMP-BranchBoundMRV,8,5,0.001092911,181,1
medium_073,Medium,OMP-BranchBoundMRV,16,1,0.013562918,378,1
medium_073,Medium,OMP-BranchBoundMRV,16,2,0.009181023,215,1
medium_073,Medium,OMP-BranchBoundMRV,16,3,0.007608891,161,1
medium_073,Medium,OMP-BranchBoundMRV,16,4,0.013659954,463,1
medium_073,Medium,OMP-BranchBoundMRV,16,5,0.027140856,200,1
medium_074,Medium,Serial,1,1,0.006666417,15575,1
medium_074,Medium,Serial,1,2,0.006654250,15575,1
medium_074,Medium,Serial,1,3,0.006680583,15575,1
medium_074,Medium,Serial,1,4,0.006725375,15575,1
medium_074,Medium,Serial,1,5,0.006612208,15575,1
medium_074,Medium,Serial-MRV,1,1,0.005301958,359,1
medium_074,Medium,Serial-MRV,1,2,0.005300000,359,1
medium_074,Medium,Serial-MRV,1,3,0.005565041,359,1
medium_074,Medium,Serial-MRV,1,4,0.005449458,359,1
medium_074,Medium,Serial-MRV,1,5,0.005307041,359,1
medium_074,Medium,BranchBound,1,1,0.006660250,15575,1
medium_074,Medium,BranchBound,1,2,0.006718250,15575,1
medium_074,Medium,BranchBound,1,3,0.006659583,15575,1
medium_074,Medium,BranchBound,1,4,0.006662833,15575,1
medium_074,Medium,BranchBound,1,5,0.006704584,15575,1
medium_074,Medium,BranchBoundMRV,1,1,0.005828417,359,1
medium_074,Medium,BranchBoundMRV,1,2,0.005812625,359,1
medium_074,Medium,BranchBoundMRV,1,3,0.005801291,359,1
medium_074,Medium,BranchBoundMRV,1,4,0.005850750,359,1
medium_074,Medium,BranchBoundMRV,1,5,0.006239625,359,1
medium_074,Medium,OpenMP,4,1,0.006387949,359,1
medium_074,Medium,OpenMP,4,2,0.006397009,359,1
medium_074,Medium,OpenMP,4,3,0.006644011,359,1
medium_074,Medium,OpenMP,4,4,0.006493092,359,1
medium_074,Medium,OpenMP,4,5,0.006501913,359,1
medium_074,Medium,OpenMP,8,1,0.008073807,359,1
medium_074,Medium,OpenMP,8,2,0.008872032,359,1
medium_074,Medium,OpenMP,8,3,0.009371996,359,1
medium_074,Medium,OpenMP,8,4,0.013622999,359,1
medium_074,Medium,OpenMP,8,5,0.013943195,359,1
medium_074,Medium,OpenMP,16,1,0.016187906,359,1
medium_074,Medium,OpenMP,16,2,0.112768888,359,1
medium_074,Medium,OpenMP,16,3,0.011348963,359,1
medium_074,Medium,OpenMP,16,4,0.021000862,359,1
medium_074,Medium,OpenMP,16,5,0.025057077,359,1
medium_074,Medium,OMP-BranchBoundMRV,4,1,0.006761074,359,1
medium_074,Medium,OMP-BranchBoundMRV,4,2,0.006411791,359,1
medium_074,Medium,OMP-BranchBoundMRV,4,3,0.006397963,359,1
medium_074,Medium,OMP-BranchBoundMRV,4,4,0.006486893,359,1
medium_074,Medium,OMP-BranchBoundMRV,4,5,0.006439924,359,1
medium_074,Medium,OMP-BranchBoundMRV,8,1,0.006485939,359,1
medium_074,Medium,OMP-BranchBoundMRV,8,2,0.006305933,359,1
medium_074,Medium,OMP-BranchBoundMRV,8,3,0.011114836,359,1
medium_074,Medium,OMP-BranchBoundMRV,8,4,0.006325960,359,1
medium_074,Medium,OMP-BranchBoundMRV,8,5,0.006304979,359,1
medium_074,Medium,OMP-BranchBoundMRV,16,1,0.068527937,359,1
medium_074,Medium,OMP-BranchBoundMRV,16,2,0.041213036,359,1
medium_074,Medium,OMP-BranchBoundMRV,16,3,0.037636042,359,1
medium_074,Medium,OMP-BranchBoundMRV,16,4,0.023904800,359,1
medium_074,Medium,OMP-BranchBoundMRV,16,5,0.028693914,359,1
medium_075,Medium,Serial,1,1,0.004282333,8996,1
medium_075,Medium,Serial,1,2,0.004196667,8996,1
medium_075,Medium,Serial,1,3,0.004187708,8996,1
medium_075,Medium,Serial,1,4,0.004137292,8996,1
medium_075,Medium,Serial,1,5,0.004243791,8996,1
medium_075,Medium,Serial-MRV,1,1,0.007732583,523,1
medium_075,Medium,Serial-MRV,1,2,0.007942375,523,1
medium_075,Medium,Serial-MRV,1,3,0.007404125,523,1
medium_075,Medium,Serial-MRV,1,4,0.007420375,523,1
medium_075,Medium,Serial-MRV,1,5,0.007462250,523,1
medium_075,Medium,BranchBound,1,1,0.004028625,8996,1
medium_075,Medium,BranchBound,1,2,0.003989541,8996,1
medium_075,Medium,BranchBound,1,3,0.004044625,8996,1
medium_075,Medium,BranchBound,1,4,0.003961792,8996,1
medium_075,Medium,BranchBound,1,5,0.003992791,8996,1
medium_075,Medium,BranchBoundMRV,1,1,0.008430250,523,1
medium_075,Medium,BranchBoundMRV,1,2,0.008511125,523,1
medium_075,Medium,BranchBoundMRV,1,3,0.008410917,523,1
medium_075,Medium,BranchBoundMRV,1,4,0.008414000,523,1
medium_075,Medium,BranchBoundMRV,1,5,0.008453167,523,1
medium_075,Medium,OpenMP,4,1,0.002305031,266,1
medium_075,Medium,OpenMP,4,2,0.002290964,266,1
medium_075,Medium,OpenMP,4,3,0.002290964,264,1
medium_075,Medium,OpenMP,4,4,0.002288103,266,1
medium_075,Medium,OpenMP,4,5,0.002282143,266,1
medium_075,Medium,OpenMP,8,1,0.002294779,266,1
medium_075,Medium,OpenMP,8,2,0.002286911,266,1
medium_075,Medium,OpenMP,8,3,0.002316952,268,1
medium_075,Medium,OpenMP,8,4,0.002293110,266,1
medium_075,Medium,OpenMP,8,5,0.002277136,266,1
medium_075,Medium,OpenMP,16,1,0.036211014,271,1
medium_075,Medium,OpenMP,16,2,0.031459093,188,1
medium_075,Medium,OpenMP,16,3,0.007299185,328,1
medium_075,Medium,OpenMP,16,4,0.015541077,286,1
medium_075,Medium,OpenMP,16,5,0.011957169,259,1
medium_075,Medium,OMP-BranchBoundMRV,4,1,0.002420187,268,1
medium_075,Medium,OMP-BranchBoundMRV,4,2,0.002598047,272,1
medium_075,Medium,OMP-BranchBoundMRV,4,3,0.002515078,274,1
medium_075,Medium,OMP-BranchBoundMRV,4,4,0.002476931,271,1
medium_075,Medium,OMP-BranchBoundMRV,4,5,0.002649784,281,1
medium_075,Medium,OMP-BranchBoundMRV,8,1,0.004574060,346,1
medium_075,Medium,OMP-BranchBoundMRV,8,2,0.002466917,240,1
medium_075,Medium,OMP-BranchBoundMRV,8,3,0.002690077,245,1
medium_075,Medium,OMP-BranchBoundMRV,8,4,0.002501965,245,1
medium_075,Medium,OMP-BranchBoundMRV,8,5,0.004035950,282,1
medium_075,Medium,OMP-BranchBoundMRV,16,1,0.014993906,337,1
medium_075,Medium,OMP-BranchBoundMRV,16,2,0.013092041,145,1
medium_075,Medium,OMP-BranchBoundMRV,16,3,0.048080206,176,1
medium_075,Medium,OMP-BranchBoundMRV,16,4,0.030324936,264,1
medium_075,Medium,OMP-BranchBoundMRV,16,5,0.023088932,273,1
medium_076,Medium,Serial,1,1,0.004136709,11195,1
medium_076,Medium,Serial,1,2,0.004046459,11195,1
medium_076,Medium,Serial,1,3,0.004065250,11195,1
medium_076,Medium,Serial,1,4,0.004065333,11195,1
medium_076,Medium,Serial,1,5,0.004063792,11195,1
medium_076,Medium,Serial-MRV,1,1,0.003426458,270,1
medium_076,Medium,Serial-MRV,1,2,0.003423417,270,1
medium_076,Medium,Serial-MRV,1,3,0.003544291,270,1
medium_076,Medium,Serial-MRV,1,4,0.003428083,270,1
medium_076,Medium,Serial-MRV,1,5,0.003420583,270,1
medium_076,Medium,BranchBound,1,1,0.004092333,11195,1
medium_076,Medium,BranchBound,1,2,0.004268625,11195,1
medium_076,Medium,BranchBound,1,3,0.004395667,11195,1
medium_076,Medium,BranchBound,1,4,0.004253542,11195,1
medium_076,Medium,BranchBound,1,5,0.004205709,11195,1
medium_076,Medium,BranchBoundMRV,1,1,0.004023542,270,1
medium_076,Medium,BranchBoundMRV,1,2,0.003936625,270,1
medium_076,Medium,BranchBoundMRV,1,3,0.003987459,270,1
medium_076,Medium,BranchBoundMRV,1,4,0.004150583,270,1
medium_076,Medium,BranchBoundMRV,1,5,0.003975708,270,1
medium_076,Medium,OpenMP,4,1,0.004268885,270,1
medium_076,Medium,OpenMP,4,2,0.004417896,270,1
medium_076,Medium,OpenMP,4,3,0.004189014,270,1
medium_076,Medium,OpenMP,4,4,0.004214048,270,1
medium_076,Medium,OpenMP,4,5,0.004189968,270,1
medium_076,Medium,OpenMP,8,1,0.004082918,270,1
medium_076,Medium,OpenMP,8,2,0.009543180,270,1
medium_076,Medium,OpenMP,8,3,0.004502058,270,1
medium_076,Medium,OpenMP,8,4,0.004714966,270,1
medium_076,Medium,OpenMP,8,5,0.007554054,270,1
medium_076,Medium,OpenMP,16,1,0.014709949,270,1
medium_076,Medium,OpenMP,16,2,0.012585878,270,1
medium_076,Medium,OpenMP,16,3,0.012145996,270,1
medium_076,Medium,OpenMP,16,4,0.020791054,270,1
medium_076,Medium,OpenMP,16,5,0.033607006,270,1
medium_076,Medium,OMP-BranchBoundMRV,4,1,0.004158974,270,1
medium_076,Medium,OMP-BranchBoundMRV,4,2,0.004155159,270,1
medium_076,Medium,OMP-BranchBoundMRV,4,3,0.004150152,270,1
medium_076,Medium,OMP-BranchBoundMRV,4,4,0.004150867,270,1
medium_076,Medium,OMP-BranchBoundMRV,4,5,0.004157066,270,1
medium_076,Medium,OMP-BranchBoundMRV,8,1,0.005033970,270,1
medium_076,Medium,OMP-BranchBoundMRV,8,2,0.004323006,270,1
medium_076,Medium,OMP-BranchBoundMRV,8,3,0.010741949,270,1
medium_076,Medium,OMP-BranchBoundMRV,8,4,0.004359007,270,1
medium_076,Medium,OMP-BranchBoundMRV,8,5,0.010452986,270,1
medium_076,Medium,OMP-BranchBoundMRV,16,1,0.046429873,270,1
medium_076,Medium,OMP-BranchBoundMRV,16,2,0.028453112,270,1
medium_076,Medium,OMP-BranchBoundMRV,16,3,0.021651983,270,1
medium_076,Medium,OMP-BranchBoundMRV,16,4,0.015315056,270,1
medium_076,Medium,OMP-BranchBoundMRV,16,5,0.019751072,270,1
medium_077,Medium,Serial,1,1,0.001545583,3561,1
medium_077,Medium,Serial,1,2,0.001568542,3561,1
medium_077,Medium,Serial,1,3,0.001523375,3561,1
medium_077,Medium,Serial,1,4,0.001524166,3561,1
medium_077,Medium,Serial,1,5,0.001520250,3561,1
medium_077,Medium,Serial-MRV,1,1,0.002848667,242,1
medium_077,Medium,Serial-MRV,1,2,0.002851042,242,1
medium_077,Medium,Serial-MRV,1,3,0.002781292,242,1
medium_077,Medium,Serial-MRV,1,4,0.002818500,242,1
medium_077,Medium,Serial-MRV,1,5,0.002778916,242,1
medium_077,Medium,BranchBound,1,1,0.001540958,3561,1
medium_077,Medium,BranchBound,1,2,0.001531583,3561,1
medium_077,Medium,BranchBound,1,3,0.001570667,3561,1
medium_077,Medium,BranchBound,1,4,0.001531084,3561,1
medium_077,Medium,BranchBound,1,5,0.001528791,3561,1
medium_077,Medium,BranchBoundMRV,1,1,0.003220459,242,1
medium_077,Medium,BranchBoundMRV,1,2,0.003331208,242,1
medium_077,Medium,BranchBoundMRV,1,3,0.003226333,242,1
medium_077,Medium,BranchBoundMRV,1,4,0.003211042,242,1
medium_077,Medium,BranchBoundMRV,1,5,0.003215542,242,1
medium_077,Medium,OpenMP,4,1,0.003448009,242,1
medium_077,Medium,OpenMP,4,2,0.003437996,242,1
medium_077,Medium,OpenMP,4,3,0.003435850,242,1
medium_077,Medium,OpenMP,4,4,0.003435850,242,1
medium_077,Medium,OpenMP,4,5,0.003432035,242,1
medium_077,Medium,OpenMP,8,1,0.003446102,242,1
medium_077,Medium,OpenMP,8,2,0.008223057,242,1
medium_077,Medium,OpenMP,8,3,0.003494978,242,1
medium_077,Medium,OpenMP,8,4,0.004906893,242,1
medium_077,Medium,OpenMP,8,5,0.008165121,242,1
medium_077,Medium,OpenMP,16,1,0.021908045,242,1
medium_077,Medium,OpenMP,16,2,0.012692928,242,1
medium_077,Medium,OpenMP,16,3,0.010652065,242,1
medium_077,Medium,OpenMP,16,4,0.033493996,242,1
medium_077,Medium,OpenMP,16,5,0.034460068,242,1
medium_077,Medium,OMP-BranchBoundMRV,4,1,0.003517866,242,1
medium_077,Medium,OMP-BranchBoundMRV,4,2,0.003526926,242,1
medium_077,Medium,OMP-BranchBoundMRV,4,3,0.003518105,242,1
medium_077,Medium,OMP-BranchBoundMRV,4,4,0.003576994,242,1
medium_077,Medium,OMP-BranchBoundMRV,4,5,0.003520966,242,1
medium_077,Medium,OMP-BranchBoundMRV,8,1,0.003535032,242,1
medium_077,Medium,OMP-BranchBoundMRV,8,2,0.003540993,242,1
medium_077,Medium,OMP-BranchBoundMRV,8,3,0.003535032,242,1
medium_077,Medium,OMP-BranchBoundMRV,8,4,0.007794142,242,1
medium_077,Medium,OMP-BranchBoundMRV,8,5,0.003612995,242,1
medium_077,Medium,OMP-BranchBoundMRV,16,1,0.018471956,242,1
medium_077,Medium,OMP-BranchBoundMRV,16,2,0.043483973,242,1
medium_077,Medium,OMP-BranchBoundMRV,16,3,0.021720886,242,1
medium_077,Medium,OMP-BranchBoundMRV,16,4,0.011216164,242,1
medium_077,Medium,OMP-BranchBoundMRV,16,5,0.036579132,242,1
medium_078,Medium,Serial,1,1,0.019584375,46264,1
medium_078,Medium,Serial,1,2,0.019520583,46264,1
medium_078,Medium,Serial,1,3,0.018811666,46264,1
medium_078,Medium,Serial,1,4,0.018543000,46264,1
medium_078,Medium,Serial,1,5,0.018499334,46264,1
medium_078,Medium,Serial-MRV,1,1,0.005635625,391,1
medium_078,Medium,Serial-MRV,1,2,0.005586959,391,1
medium_078,Medium,Serial-MRV,1,3,0.005597666,391,1
medium_078,Medium,Serial-MRV,1,4,0.005653500,391,1
medium_078,Medium,Serial-MRV,1,5,0.005591000,391,1
medium_078,Medium,BranchBound,1,1,0.018748417,46264,1
medium_078,Medium,BranchBound,1,2,0.018633375,46264,1
medium_078,Medium,BranchBound,1,3,0.018570041,46264,1
medium_078,Medium,BranchBound,1,4,0.018539875,46264,1
medium_078,Medium,BranchBound,1,5,0.019403709,46264,1
medium_078,Medium,BranchBoundMRV,1,1,0.006651625,391,1
medium_078,Medium,BranchBoundMRV,1,2,0.006590875,391,1
medium_078,Medium,BranchBoundMRV,1,3,0.006635792,391,1
medium_078,Medium,BranchBoundMRV,1,4,0.006720167,391,1
medium_078,Medium,BranchBoundMRV,1,5,0.006533917,391,1
medium_078,Medium,OpenMP,4,1,0.006914139,391,1
medium_078,Medium,OpenMP,4,2,0.007360935,391,1
medium_078,Medium,OpenMP,4,3,0.006915092,391,1
medium_078,Medium,OpenMP,4,4,0.006920099,391,1
medium_078,Medium,OpenMP,4,5,0.007013083,391,1
medium_078,Medium,OpenMP,8,1,0.008904934,391,1
medium_078,Medium,OpenMP,8,2,0.007123947,391,1
medium_078,Medium,OpenMP,8,3,0.014606953,391,1
medium_078,Medium,OpenMP,8,4,0.006747961,391,1
medium_078,Medium,OpenMP,8,5,0.008398056,391,1
medium_078,Medium,OpenMP,16,1,0.009810925,391,1
medium_078,Medium,OpenMP,16,2,0.047578096,391,1
medium_078,Medium,OpenMP,16,3,0.019980907,391,1
medium_078,Medium,OpenMP,16,4,0.023330927,391,1
medium_078,Medium,OpenMP,16,5,0.050629854,391,1
medium_078,Medium,OMP-BranchBoundMRV,4,1,0.007499218,391,1
medium_078,Medium,OMP-BranchBoundMRV,4,2,0.007647038,391,1
medium_078,Medium,OMP-BranchBoundMRV,4,3,0.007517099,391,1
medium_078,Medium,OMP-BranchBoundMRV,4,4,0.006801128,391,1
medium_078,Medium,OMP-BranchBoundMRV,4,5,0.007923126,391,1
medium_078,Medium,OMP-BranchBoundMRV,8,1,0.008977890,391,1
medium_078,Medium,OMP-BranchBoundMRV,8,2,0.013777018,391,1
medium_078,Medium,OMP-BranchBoundMRV,8,3,0.006817102,391,1
medium_078,Medium,OMP-BranchBoundMRV,8,4,0.006876230,391,1
medium_078,Medium,OMP-BranchBoundMRV,8,5,0.006889105,391,1
medium_078,Medium,OMP-BranchBoundMRV,16,1,0.032068014,391,1
medium_078,Medium,OMP-BranchBoundMRV,16,2,0.021514893,391,1
medium_078,Medium,OMP-BranchBoundMRV,16,3,0.070155859,391,1
medium_078,Medium,OMP-BranchBoundMRV,16,4,0.045186043,391,1
medium_078,Medium,OMP-BranchBoundMRV,16,5,0.046924829,391,1
medium_079,Medium,Serial,1,1,0.011313125,25077,1
medium_079,Medium,Serial,1,2,0.010848500,25077,1
medium_079,Medium,Serial,1,3,0.010801083,25077,1
medium_079,Medium,Serial,1,4,0.010707250,25077,1
medium_079,Medium,Serial,1,5,0.010718542,25077,1
medium_079,Medium,Serial-MRV,1,1,0.006302792,381,1
medium_079,Medium,Serial-MRV,1,2,0.006242542,381,1
medium_079,Medium,Serial-MRV,1,3,0.006333667,381,1
medium_079,Medium,Serial-MRV,1,4,0.006220084,381,1
medium_079,Medium,Serial-MRV,1,5,0.006220667,381,1
medium_079,Medium,BranchBound,1,1,0.010839500,25077,1
medium_079,Medium,BranchBound,1,2,0.010729292,25077,1
medium_079,Medium,BranchBound,1,3,0.010765584,25077,1
medium_079,Medium,BranchBound,1,4,0.010781083,25077,1
medium_079,Medium,BranchBound,1,5,0.010702709,25077,1
medium_079,Medium,BranchBoundMRV,1,1,0.007028917,381,1
medium_079,Medium,BranchBoundMRV,1,2,0.006964458,381,1
medium_079,Medium,BranchBoundMRV,1,3,0.006929875,381,1
medium_079,Medium,BranchBoundMRV,1,4,0.007023625,381,1
medium_079,Medium,BranchBoundMRV,1,5,0.006963833,381,1
medium_079,Medium,OpenMP,4,1,0.000843048,161,1
medium_079,Medium,OpenMP,4,2,0.000830889,161,1
medium_079,Medium,OpenMP,4,3,0.000828981,161,1
medium_079,Medium,OpenMP,4,4,0.000828028,161,1
medium_079,Medium,OpenMP,4,5,0.000825882,161,1
medium_079,Medium,OpenMP,8,1,0.000872850,156,1
medium_079,Medium,OpenMP,8,2,0.000854969,182,1
medium_079,Medium,OpenMP,8,3,0.001815081,385,1
medium_079,Medium,OpenMP,8,4,0.000859976,164,1
medium_079,Medium,OpenMP,8,5,0.001858950,322,1
medium_079,Medium,OpenMP,16,1,0.023216009,359,1
medium_079,Medium,OpenMP,16,2,0.017343044,354,1
medium_079,Medium,OpenMP,16,3,0.045331001,220,1
medium_079,Medium,OpenMP,16,4,0.005506992,382,1
medium_079,Medium,OpenMP,16,5,0.010518074,188,1
medium_079,Medium,OMP-BranchBoundMRV,4,1,0.001023054,165,1
medium_079,Medium,OMP-BranchBoundMRV,4,2,0.000971794,154,1
medium_079,Medium,OMP-BranchBoundMRV,4,3,0.001134872,183,1
medium_079,Medium,OMP-BranchBoundMRV,4,4,0.001323938,207,1
medium_079,Medium,OMP-BranchBoundMRV,4,5,0.001049995,168,1
medium_079,Medium,OMP-BranchBoundMRV,8,1,0.002218962,379,1
medium_079,Medium,OMP-BranchBoundMRV,8,2,0.002304077,393,1
medium_079,Medium,OMP-BranchBoundMRV,8,3,0.001909018,266,1
medium_079,Medium,OMP-BranchBoundMRV,8,4,0.002394915,343,1
medium_079,Medium,OMP-BranchBoundMRV,8,5,0.001246929,160,1
medium_079,Medium,OMP-BranchBoundMRV,16,1,0.008916855,161,1
medium_079,Medium,OMP-BranchBoundMRV,16,2,0.008943081,104,1
medium_079,Medium,OMP-BranchBoundMRV,16,3,0.016782999,198,1
medium_079,Medium,OMP-BranchBoundMRV,16,4,0.042228937,394,1
medium_079,Medium,OMP-BranchBoundMRV,16,5,0.014415979,178,1
medium_080,Medium,Serial,1,1,0.034781875,81018,1
medium_080,Medium,Serial,1,2,0.034727291,81018,1
medium_080,Medium,Serial,1,3,0.035370625,81018,1
medium_080,Medium,Serial,1,4,0.036397750,81018,1
medium_080,Medium,Serial,1,5,0.036601125,81018,1
medium_080,Medium,Serial-MRV,1,1,0.004025542,246,1
medium_080,Medium,Serial-MRV,1,2,0.004023333,246,1
medium_080,Medium,Serial-MRV,1,3,0.003978208,246,1
medium_080,Medium,Serial-MRV,1,4,0.003940083,246,1
medium_080,Medium,Serial-MRV,1,5,0.003985000,246,1
medium_080,Medium,BranchBound,1,1,0.035097459,81018,1
medium_080,Medium,BranchBound,1,2,0.034970542,81018,1
medium_080,Medium,BranchBound,1,3,0.035036000,81018,1
medium_080,Medium,BranchBound,1,4,0.034879333,81018,1
medium_080,Medium,BranchBound,1,5,0.034982500,81018,1
medium_080,Medium,BranchBoundMRV,1,1,0.003923125,246,1
medium_080,Medium,BranchBoundMRV,1,2,0.004045708,246,1
medium_080,Medium,BranchBoundMRV,1,3,0.004179833,246,1
medium_080,Medium,BranchBoundMRV,1,4,0.004124792,246,1
medium_080,Medium,BranchBoundMRV,1,5,0.004115458,246,1
medium_080,Medium,OpenMP,4,1,0.000813961,86,1
medium_080,Medium,OpenMP,4,2,0.000869989,86,1
medium_080,Medium,OpenMP,4,3,0.000825882,87,1
medium_080,Medium,OpenMP,4,4,0.000805855,86,1
medium_080,Medium,OpenMP,4,5,0.000763893,85,1
medium_080,Medium,OpenMP,8,1,0.000913143,64,1
medium_080,Medium,OpenMP,8,2,0.001677036,86,1
medium_080,Medium,OpenMP,8,3,0.000804901,85,1
medium_080,Medium,OpenMP,8,4,0.002081156,162,1
medium_080,Medium,OpenMP,8,5,0.000797033,85,1
medium_080,Medium,OpenMP,16,1,0.022226095,67,1
medium_080,Medium,OpenMP,16,2,0.009319067,85,1
medium_080,Medium,OpenMP,16,3,0.013965130,120,1
medium_080,Medium,OpenMP,16,4,0.028640032,246,1
medium_080,Medium,OpenMP,16,5,0.022824049,64,1
medium_080,Medium,OMP-BranchBoundMRV,4,1,0.000913858,86,1
medium_080,Medium,OMP-BranchBoundMRV,4,2,0.000911951,86,1
medium_080,Medium,OMP-BranchBoundMRV,4,3,0.000900030,87,1
medium_080,Medium,OMP-BranchBoundMRV,4,4,0.000899076,87,1
medium_080,Medium,OMP-BranchBoundMRV,4,5,0.000896931,87,1
medium_080,Medium,OMP-BranchBoundMRV,8,1,0.000913143,87,1
medium_080,Medium,OMP-BranchBoundMRV,8,2,0.000896931,87,1
medium_080,Medium,OMP-BranchBoundMRV,8,3,0.000897884,87,1
medium_080,Medium,OMP-BranchBoundMRV,8,4,0.000936031,67,1
medium_080,Medium,OMP-BranchBoundMRV,8,5,0.000937939,67,1
medium_080,Medium,OMP-BranchBoundMRV,16,1,0.007923841,87,1
medium_080,Medium,OMP-BranchBoundMRV,16,2,0.016254902,67,1
medium_080,Medium,OMP-BranchBoundMRV,16,3,0.030229092,67,1
medium_080,Medium,OMP-BranchBoundMRV,16,4,0.035650969,87,1
medium_080,Medium,OMP-BranchBoundMRV,16,5,0.012121916,82,1
medium_081,Medium,Serial,1,1,0.010528583,23273,1
medium_081,Medium,Serial,1,2,0.010546792,23273,1
medium_081,Medium,Serial,1,3,0.010693291,23273,1
medium_081,Medium,Serial,1,4,0.010521833,23273,1
medium_081,Medium,Serial,1,5,0.010455459,23273,1
medium_081,Medium,Serial-MRV,1,1,0.005678959,330,1
medium_081,Medium,Serial-MRV,1,2,0.005757708,330,1
medium_081,Medium,Serial-MRV,1,3,0.005591083,330,1
medium_081,Medium,Serial-MRV,1,4,0.005533916,330,1
medium_081,Medium,Serial-MRV,1,5,0.005617583,330,1
medium_081,Medium,BranchBound,1,1,0.010354209,23273,1
medium_081,Medium,BranchBound,1,2,0.010080458,23273,1
medium_081,Medium,BranchBound,1,3,0.010142917,23273,1
medium_081,Medium,BranchBound,1,4,0.009988000,23273,1
medium_081,Medium,BranchBound,1,5,0.010071667,23273,1
medium_081,Medium,BranchBoundMRV,1,1,0.006159625,330,1
medium_081,Medium,BranchBoundMRV,1,2,0.006073125,330,1
medium_081,Medium,BranchBoundMRV,1,3,0.006071541,330,1
medium_081,Medium,BranchBoundMRV,1,4,0.006141167,330,1
medium_081,Medium,BranchBoundMRV,1,5,0.006063917,330,1
medium_081,Medium,OpenMP,4,1,0.006546021,662,1
medium_081,Medium,OpenMP,4,2,0.006483078,664,1
medium_081,Medium,OpenMP,4,3,0.006506205,667,1
medium_081,Medium,OpenMP,4,4,0.006490946,665,1
medium_081,Medium,OpenMP,4,5,0.006541014,668,1
medium_081,Medium,OpenMP,8,1,0.006497145,664,1
medium_081,Medium,OpenMP,8,2,0.007797003,669,1
medium_081,Medium,OpenMP,8,3,0.012838840,669,1
medium_081,Medium,OpenMP,8,4,0.012220860,669,1
medium_081,Medium,OpenMP,8,5,0.010001898,669,1
medium_081,Medium,OpenMP,16,1,0.018676996,342,1
medium_081,Medium,OpenMP,16,2,0.026448965,669,1
medium_081,Medium,OpenMP,16,3,0.008353949,618,1
medium_081,Medium,OpenMP,16,4,0.133853912,669,1
medium_081,Medium,OpenMP,16,5,0.019937992,665,1
medium_081,Medium,OMP-BranchBoundMRV,4,1,0.006741047,648,1
medium_081,Medium,OMP-BranchBoundMRV,4,2,0.006787062,657,1
medium_081,Medium,OMP-BranchBoundMRV,4,3,0.007177830,669,1
medium_081,Medium,OMP-BranchBoundMRV,4,4,0.006649971,645,1
medium_081,Medium,OMP-BranchBoundMRV,4,5,0.006586790,647,1
medium_081,Medium,OMP-BranchBoundMRV,8,1,0.014189959,669,1
medium_081,Medium,OMP-BranchBoundMRV,8,2,0.006852865,519,1
medium_081,Medium,OMP-BranchBoundMRV,8,3,0.006627083,462,1
medium_081,Medium,OMP-BranchBoundMRV,8,4,0.019406080,669,1
medium_081,Medium,OMP-BranchBoundMRV,8,5,0.006770134,446,1
medium_081,Medium,OMP-BranchBoundMRV,16,1,0.025379181,660,1
medium_081,Medium,OMP-BranchBoundMRV,16,2,0.023467064,662,1
medium_081,Medium,OMP-BranchBoundMRV,16,3,0.026967049,660,1
medium_081,Medium,OMP-BranchBoundMRV,16,4,0.030351877,465,1
medium_081,Medium,OMP-BranchBoundMRV,16,5,0.021359921,660,1
medium_082,Medium,Serial,1,1,0.002429208,5406,1
medium_082,Medium,Serial,1,2,0.002551542,5406,1
medium_082,Medium,Serial,1,3,0.002485125,5406,1
medium_082,Medium,Serial,1,4,0.002523542,5406,1
medium_082,Medium,Serial,1,5,0.002586417,5406,1
medium_082,Medium,Serial-MRV,1,1,0.008411958,540,1
medium_082,Medium,Serial-MRV,1,2,0.008366917,540,1
medium_082,Medium,Serial-MRV,1,3,0.008441208,540,1
medium_082,Medium,Serial-MRV,1,4,0.008381458,540,1
medium_082,Medium,Serial-MRV,1,5,0.008344792,540,1
medium_082,Medium,BranchBound,1,1,0.002649792,5406,1
medium_082,Medium,BranchBound,1,2,0.002442417,5406,1
medium_082,Medium,BranchBound,1,3,0.002547416,5406,1
medium_082,Medium,BranchBound,1,4,0.002552625,5406,1
medium_082,Medium,BranchBound,1,5,0.002504042,5406,1
medium_082,Medium,BranchBoundMRV,1,1,0.009561291,540,1
medium_082,Medium,BranchBoundMRV,1,2,0.009415791,540,1
medium_082,Medium,BranchBoundMRV,1,3,0.009215209,540,1
medium_082,Medium,BranchBoundMRV,1,4,0.008975208,540,1
medium_082,Medium,BranchBoundMRV,1,5,0.009002625,540,1
medium_082,Medium,OpenMP,4,1,0.002200842,338,1
medium_082,Medium,OpenMP,4,2,0.002182961,338,1
medium_082,Medium,OpenMP,4,3,0.002263069,346,1
medium_082,Medium,OpenMP,4,4,0.002219200,340,1
medium_082,Medium,OpenMP,4,5,0.002182007,337,1
medium_082,Medium,OpenMP,8,1,0.004991055,540,1
medium_082,Medium,OpenMP,8,2,0.002201080,274,1
medium_082,Medium,OpenMP,8,3,0.005028963,540,1
medium_082,Medium,OpenMP,8,4,0.002187967,273,1
medium_082,Medium,OpenMP,8,5,0.005079985,366,1
medium_082,Medium,OpenMP,16,1,0.077968836,278,1
medium_082,Medium,OpenMP,16,2,0.009179115,540,1
medium_082,Medium,OpenMP,16,3,0.046213150,540,1
medium_082,Medium,OpenMP,16,4,0.086623192,540,1
medium_082,Medium,OpenMP,16,5,0.030308962,511,1
medium_082,Medium,OMP-BranchBoundMRV,4,1,0.002332926,339,1
medium_082,Medium,OMP-BranchBoundMRV,4,2,0.002300024,339,1
medium_082,Medium,OMP-BranchBoundMRV,4,3,0.002325058,342,1
medium_082,Medium,OMP-BranchBoundMRV,4,4,0.002292871,339,1
medium_082,Medium,OMP-BranchBoundMRV,4,5,0.002289057,339,1
medium_082,Medium,OMP-BranchBoundMRV,8,1,0.005113125,540,1
medium_082,Medium,OMP-BranchBoundMRV,8,2,0.005103111,540,1
medium_082,Medium,OMP-BranchBoundMRV,8,3,0.002372026,341,1
medium_082,Medium,OMP-BranchBoundMRV,8,4,0.002472878,278,1
medium_082,Medium,OMP-BranchBoundMRV,8,5,0.004804850,354,1
medium_082,Medium,OMP-BranchBoundMRV,16,1,0.115559101,449,1
medium_082,Medium,OMP-BranchBoundMRV,16,2,0.084304094,410,1
medium_082,Medium,OMP-BranchBoundMRV,16,3,0.064044952,320,1
medium_082,Medium,OMP-BranchBoundMRV,16,4,0.011759996,540,1
medium_082,Medium,OMP-BranchBoundMRV,16,5,0.010949135,240,1
medium_083,Medium,Serial,1,1,0.001634250,3849,1
medium_083,Medium,Serial,1,2,0.001587583,3849,1
medium_083,Medium,Serial,1,3,0.001588541,3849,1
medium_083,Medium,Serial,1,4,0.001590542,3849,1
medium_083,Medium,Serial,1,5,0.001599833,3849,1
medium_083,Medium,Serial-MRV,1,1,0.003440291,216,1
medium_083,Medium,Serial-MRV,1,2,0.003466583,216,1
medium_083,Medium,Serial-MRV,1,3,0.003449167,216,1
medium_083,Medium,Serial-MRV,1,4,0.003433666,216,1
medium_083,Medium,Serial-MRV,1,5,0.003663250,216,1
medium_083,Medium,BranchBound,1,1,0.001682625,3849,1
medium_083,Medium,BranchBound,1,2,0.001593375,3849,1
medium_083,Medium,BranchBound,1,3,0.001593792,3849,1
medium_083,Medium,BranchBound,1,4,0.001596042,3849,1
medium_083,Medium,BranchBound,1,5,0.001720542,3849,1
medium_083,Medium,BranchBoundMRV,1,1,0.003801458,216,1
medium_083,Medium,BranchBoundMRV,1,2,0.003755458,216,1
medium_083,Medium,BranchBoundMRV,1,3,0.003739167,216,1
medium_083,Medium,BranchBoundMRV,1,4,0.003760708,216,1
medium_083,Medium,BranchBoundMRV,1,5,0.003831708,216,1
medium_083,Medium,OpenMP,4,1,0.001344919,214,1
medium_083,Medium,OpenMP,4,2,0.001359224,214,1
medium_083,Medium,OpenMP,4,3,0.001333952,214,1
medium_083,Medium,OpenMP,4,4,0.001328945,214,1
medium_083,Medium,OpenMP,4,5,0.001343012,215,1
medium_083,Medium,OpenMP,8,1,0.001375914,188,1
medium_083,Medium,OpenMP,8,2,0.003094912,216,1
medium_083,Medium,OpenMP,8,3,0.001385212,150,1
medium_083,Medium,OpenMP,8,4,0.001399994,179,1
medium_083,Medium,OpenMP,8,5,0.003122091,216,1
medium_083,Medium,OpenMP,16,1,0.042346001,183,1
medium_083,Medium,OpenMP,16,2,0.042109966,162,1
medium_083,Medium,OpenMP,16,3,0.040158987,216,1
medium_083,Medium,OpenMP,16,4,0.032441139,166,1
medium_083,Medium,OpenMP,16,5,0.012597084,214,1
medium_083,Medium,OMP-BranchBoundMRV,4,1,0.001520157,215,1
medium_083,Medium,OMP-BranchBoundMRV,4,2,0.001555920,204,1
medium_083,Medium,OMP-BranchBoundMRV,4,3,0.001605988,216,1
medium_083,Medium,OMP-BranchBoundMRV,4,4,0.001511097,212,1
medium_083,Medium,OMP-BranchBoundMRV,4,5,0.001775026,216,1
medium_083,Medium,OMP-BranchBoundMRV,8,1,0.001753092,216,1
medium_083,Medium,OMP-BranchBoundMRV,8,2,0.002689838,161,1
medium_083,Medium,OMP-BranchBoundMRV,8,3,0.002940893,216,1
medium_083,Medium,OMP-BranchBoundMRV,8,4,0.001914024,168,1
medium_083,Medium,OMP-BranchBoundMRV,8,5,0.001854181,141,1
medium_083,Medium,OMP-BranchBoundMRV,16,1,0.015444994,213,1
medium_083,Medium,OMP-BranchBoundMRV,16,2,0.015099049,215,1
medium_083,Medium,OMP-BranchBoundMRV,16,3,0.008480072,146,1
medium_083,Medium,OMP-BranchBoundMRV,16,4,0.005984068,216,1
medium_083,Medium,OMP-BranchBoundMRV,16,5,0.010380983,154,1
medium_084,Medium,Serial,1,1,0.012862625,31853,1
medium_084,Medium,Serial,1,2,0.012658250,31853,1
medium_084,Medium,Serial,1,3,0.012699958,31853,1
medium_084,Medium,Serial,1,4,0.012757208,31853,1
medium_084,Medium,Serial,1,5,0.012651917,31853,1
medium_084,Medium,Serial-MRV,1,1,0.010658375,699,1
medium_084,Medium,Serial-MRV,1,2,0.010622375,699,1
medium_084,Medium,Serial-MRV,1,3,0.010593584,699,1
medium_084,Medium,Serial-MRV,1,4,0.010766375,699,1
medium_084,Medium,Serial-MRV,1,5,0.010661375,699,1
medium_084,Medium,BranchBound,1,1,0.013048125,31853,1
medium_084,Medium,BranchBound,1,2,0.013219084,31853,1
medium_084,Medium,BranchBound,1,3,0.013384917,31853,1
medium_084,Medium,BranchBound,1,4,0.013485417,31853,1
medium_084,Medium,BranchBound,1,5,0.013465417,31853,1
medium_084,Medium,BranchBoundMRV,1,1,0.012438083,699,1
medium_084,Medium,BranchBoundMRV,1,2,0.012458083,699,1
medium_084,Medium,BranchBoundMRV,1,3,0.012425834,699,1
medium_084,Medium,BranchBoundMRV,1,4,0.012315542,699,1
medium_084,Medium,BranchBoundMRV,1,5,0.011952000,699,1
medium_084,Medium,OpenMP,4,1,0.008088827,699,1
medium_084,Medium,OpenMP,4,2,0.008121967,699,1
medium_084,Medium,OpenMP,4,3,0.008079052,699,1
medium_084,Medium,OpenMP,4,4,0.008070946,699,1
medium_084,Medium,OpenMP,4,5,0.008095980,699,1
medium_084,Medium,OpenMP,8,1,0.008094788,699,1
medium_084,Medium,OpenMP,8,2,0.008105040,699,1
medium_084,Medium,OpenMP,8,3,0.008122921,634,1
medium_084,Medium,OpenMP,8,4,0.013740063,699,1
medium_084,Medium,OpenMP,8,5,0.013917208,699,1
medium_084,Medium,OpenMP,16,1,0.098031044,699,1
medium_084,Medium,OpenMP,16,2,0.013864040,699,1
medium_084,Medium,OpenMP,16,3,0.015949965,699,1
medium_084,Medium,OpenMP,16,4,0.056414127,699,1
medium_084,Medium,OpenMP,16,5,0.035396814,699,1
medium_084,Medium,OMP-BranchBoundMRV,4,1,0.008241177,699,1
medium_084,Medium,OMP-BranchBoundMRV,4,2,0.008162022,699,1
medium_084,Medium,OMP-BranchBoundMRV,4,3,0.008143902,699,1
medium_084,Medium,OMP-BranchBoundMRV,4,4,0.008140087,699,1
medium_084,Medium,OMP-BranchBoundMRV,4,5,0.008151054,699,1
medium_084,Medium,OMP-BranchBoundMRV,8,1,0.008184910,699,1
medium_084,Medium,OMP-BranchBoundMRV,8,2,0.008194208,668,1
medium_084,Medium,OMP-BranchBoundMRV,8,3,0.008287907,633,1
medium_084,Medium,OMP-BranchBoundMRV,8,4,0.008162022,699,1
medium_084,Medium,OMP-BranchBoundMRV,8,5,0.013978958,699,1
medium_084,Medium,OMP-BranchBoundMRV,16,1,0.114067078,699,1
medium_084,Medium,OMP-BranchBoundMRV,16,2,0.014784098,549,1
medium_084,Medium,OMP-BranchBoundMRV,16,3,0.016981125,699,1
medium_084,Medium,OMP-BranchBoundMRV,16,4,0.045345783,699,1
medium_084,Medium,OMP-BranchBoundMRV,16,5,0.050222158,699,1
medium_085,Medium,Serial,1,1,0.005555916,12984,1
medium_085,Medium,Serial,1,2,0.005589833,12984,1
medium_085,Medium,Serial,1,3,0.005577458,12984,1
medium_085,Medium,Serial,1,4,0.005502500,12984,1
medium_085,Medium,Serial,1,5,0.005552083,12984,1
medium_085,Medium,Serial-MRV,1,1,0.003730500,233,1
medium_085,Medium,Serial-MRV,1,2,0.003816917,233,1
medium_085,Medium,Serial-MRV,1,3,0.003723125,233,1
medium_085,Medium,Serial-MRV,1,4,0.003732500,233,1
medium_085,Medium,Serial-MRV,1,5,0.003718166,233,1
medium_085,Medium,BranchBound,1,1,0.005556542,12984,1
medium_085,Medium,BranchBound,1,2,0.005574042,12984,1
medium_085,Medium,BranchBound,1,3,0.005616625,12984,1
medium_085,Medium,BranchBound,1,4,0.005558833,12984,1
medium_085,Medium,BranchBound,1,5,0.005536667,12984,1
medium_085,Medium,BranchBoundMRV,1,1,0.004070375,233,1
medium_085,Medium,BranchBoundMRV,1,2,0.004194333,233,1
medium_085,Medium,BranchBoundMRV,1,3,0.004051167,233,1
medium_085,Medium,BranchBoundMRV,1,4,0.004102583,233,1
medium_085,Medium,BranchBoundMRV,1,5,0.004081708,233,1
medium_085,Medium,OpenMP,4,1,0.002729893,233,1
medium_085,Medium,OpenMP,4,2,0.002691984,233,1
medium_085,Medium,OpenMP,4,3,0.002691031,233,1
medium_085,Medium,OpenMP,4,4,0.002703905,233,1
medium_085,Medium,OpenMP,4,5,0.002692938,233,1
medium_085,Medium,OpenMP,8,1,0.002755165,233,1
medium_085,Medium,OpenMP,8,2,0.002723932,233,1
medium_085,Medium,OpenMP,8,3,0.006392956,233,1
medium_085,Medium,OpenMP,8,4,0.002689123,233,1
medium_085,Medium,OpenMP,8,5,0.002721071,203,1
medium_085,Medium,OpenMP,16,1,0.050792933,203,1
medium_085,Medium,OpenMP,16,2,0.055627108,203,1
medium_085,Medium,OpenMP,16,3,0.008249044,233,1
medium_085,Medium,OpenMP,16,4,0.020699024,233,1
medium_085,Medium,OpenMP,16,5,0.010097027,233,1
medium_085,Medium,OMP-BranchBoundMRV,4,1,0.004772902,233,1
medium_085,Medium,OMP-BranchBoundMRV,4,2,0.002823114,233,1
medium_085,Medium,OMP-BranchBoundMRV,4,3,0.003391027,233,1
medium_085,Medium,OMP-BranchBoundMRV,4,4,0.002942085,233,1
medium_085,Medium,OMP-BranchBoundMRV,4,5,0.002859116,233,1
medium_085,Medium,OMP-BranchBoundMRV,8,1,0.004981041,233,1
medium_085,Medium,OMP-BranchBoundMRV,8,2,0.003671169,223,1
medium_085,Medium,OMP-BranchBoundMRV,8,3,0.004805088,233,1
medium_085,Medium,OMP-BranchBoundMRV,8,4,0.002832174,233,1
medium_085,Medium,OMP-BranchBoundMRV,8,5,0.003221989,233,1
medium_085,Medium,OMP-BranchBoundMRV,16,1,0.041208029,233,1
medium_085,Medium,OMP-BranchBoundMRV,16,2,0.020229101,233,1
medium_085,Medium,OMP-BranchBoundMRV,16,3,0.020996094,233,1
medium_085,Medium,OMP-BranchBoundMRV,16,4,0.040857792,233,1
medium_085,Medium,OMP-BranchBoundMRV,16,5,0.056181908,233,1
medium_086,Medium,Serial,1,1,0.001775292,4168,1
medium_086,Medium,Serial,1,2,0.001904416,4168,1
medium_086,Medium,Serial,1,3,0.001824917,4168,1
medium_086,Medium,Serial,1,4,0.001855166,4168,1
medium_086,Medium,Serial,1,5,0.001872167,4168,1
medium_086,Medium,Serial-MRV,1,1,0.008301458,584,1
medium_086,Medium,Serial-MRV,1,2,0.008248167,584,1
medium_086,Medium,Serial-MRV,1,3,0.008217250,584,1
medium_086,Medium,Serial-MRV,1,4,0.008446833,584,1
medium_086,Medium,Serial-MRV,1,5,0.008281875,584,1
medium_086,Medium,BranchBound,1,1,0.001885792,4168,1
medium_086,Medium,BranchBound,1,2,0.001871583,4168,1
medium_086,Medium,BranchBound,1,3,0.001913000,4168,1
medium_086,Medium,BranchBound,1,4,0.001930500,4168,1
medium_086,Medium,BranchBound,1,5,0.001914416,4168,1
medium_086,Medium,BranchBoundMRV,1,1,0.009480208,584,1
medium_086,Medium,BranchBoundMRV,1,2,0.009650458,584,1
medium_086,Medium,BranchBoundMRV,1,3,0.009440958,584,1
medium_086,Medium,BranchBoundMRV,1,4,0.009222125,584,1
medium_086,Medium,BranchBoundMRV,1,5,0.008993084,584,1
medium_086,Medium,OpenMP,4,1,0.009639978,1163,1
medium_086,Medium,OpenMP,4,2,0.009729862,1166,1
medium_086,Medium,OpenMP,4,3,0.009540796,1160,1
medium_086,Medium,OpenMP,4,4,0.009804010,1177,1
medium_086,Medium,OpenMP,4,5,0.009673119,1170,1
medium_086,Medium,OpenMP,8,1,0.015314102,1154,1
medium_086,Medium,OpenMP,8,2,0.009572029,823,1
medium_086,Medium,OpenMP,8,3,0.009550095,821,1
medium_086,Medium,OpenMP,8,4,0.015474081,1275,1
medium_086,Medium,OpenMP,8,5,0.020044804,1275,1
medium_086,Medium,OpenMP,16,1,0.036439896,1216,1
medium_086,Medium,OpenMP,16,2,0.034281015,1109,1
medium_086,Medium,OpenMP,16,3,0.022957087,733,1
medium_086,Medium,OpenMP,16,4,0.025690079,1275,1
medium_086,Medium,OpenMP,16,5,0.116171122,1034,1
medium_086,Medium,OMP-BranchBoundMRV,4,1,0.010030031,1105,1
medium_086,Medium,OMP-BranchBoundMRV,4,2,0.009723902,1094,1
medium_086,Medium,OMP-BranchBoundMRV,4,3,0.009752989,1126,1
medium_086,Medium,OMP-BranchBoundMRV,4,4,0.009644985,1151,1
medium_086,Medium,OMP-BranchBoundMRV,4,5,0.009588957,1153,1
medium_086,Medium,OMP-BranchBoundMRV,8,1,0.015326977,1275,1
medium_086,Medium,OMP-BranchBoundMRV,8,2,0.009895086,1177,1
medium_086,Medium,OMP-BranchBoundMRV,8,3,0.022854090,1275,1
medium_086,Medium,OMP-BranchBoundMRV,8,4,0.009639025,819,1
medium_086,Medium,OMP-BranchBoundMRV,8,5,0.015345812,1275,1
medium_086,Medium,OMP-BranchBoundMRV,16,1,0.020477772,1154,1
medium_086,Medium,OMP-BranchBoundMRV,16,2,0.029638052,1154,1
medium_086,Medium,OMP-BranchBoundMRV,16,3,0.012826204,821,1
medium_086,Medium,OMP-BranchBoundMRV,16,4,0.041241884,807,1
medium_086,Medium,OMP-BranchBoundMRV,16,5,0.023410082,1225,1
medium_087,Medium,Serial,1,1,0.009387292,22478,1
medium_087,Medium,Serial,1,2,0.009334542,22478,1
medium_087,Medium,Serial,1,3,0.009377000,22478,1
medium_087,Medium,Serial,1,4,0.009372791,22478,1
medium_087,Medium,Serial,1,5,0.009193375,22478,1
medium_087,Medium,Serial-MRV,1,1,0.004685042,354,1
medium_087,Medium,Serial-MRV,1,2,0.004809833,354,1
medium_087,Medium,Serial-MRV,1,3,0.004743583,354,1
medium_087,Medium,Serial-MRV,1,4,0.004691584,354,1
medium_087,Medium,Serial-MRV,1,5,0.004632417,354,1
medium_087,Medium,BranchBound,1,1,0.009066208,22478,1
medium_087,Medium,BranchBound,1,2,0.008994417,22478,1
medium_087,Medium,BranchBound,1,3,0.008990667,22478,1
medium_087,Medium,BranchBound,1,4,0.008952458,22478,1
medium_087,Medium,BranchBound,1,5,0.008896125,22478,1
medium_087,Medium,BranchBoundMRV,1,1,0.005300291,354,1
medium_087,Medium,BranchBoundMRV,1,2,0.005297375,354,1
medium_087,Medium,BranchBoundMRV,1,3,0.005255625,354,1
medium_087,Medium,BranchBoundMRV,1,4,0.005279208,354,1
medium_087,Medium,BranchBoundMRV,1,5,0.005195500,354,1
medium_087,Medium,OpenMP,4,1,0.005669117,361,1
medium_087,Medium,OpenMP,4,2,0.005597115,361,1
medium_087,Medium,OpenMP,4,3,0.005563021,361,1
medium_087,Medium,OpenMP,4,4,0.005566835,361,1
medium_087,Medium,OpenMP,4,5,0.005564928,361,1
medium_087,Medium,OpenMP,8,1,0.005599022,361,1
medium_087,Medium,OpenMP,8,2,0.005628109,361,1
medium_087,Medium,OpenMP,8,3,0.005589962,361,1
medium_087,Medium,OpenMP,8,4,0.005624771,361,1
medium_087,Medium,OpenMP,8,5,0.005616903,361,1
medium_087,Medium,OpenMP,16,1,0.014467001,361,1
medium_087,Medium,OpenMP,16,2,0.043572903,361,1
medium_087,Medium,OpenMP,16,3,0.020150185,361,1
medium_087,Medium,OpenMP,16,4,0.049998999,361,1
medium_087,Medium,OpenMP,16,5,0.101174831,361,1
medium_087,Medium,OMP-BranchBoundMRV,4,1,0.005657911,361,1
medium_087,Medium,OMP-BranchBoundMRV,4,2,0.005643845,361,1
medium_087,Medium,OMP-BranchBoundMRV,4,3,0.005641937,361,1
medium_087,Medium,OMP-BranchBoundMRV,4,4,0.005649090,361,1
medium_087,Medium,OMP-BranchBoundMRV,4,5,0.005645037,361,1
medium_087,Medium,OMP-BranchBoundMRV,8,1,0.007566929,361,1
medium_087,Medium,OMP-BranchBoundMRV,8,2,0.013411045,361,1
medium_087,Medium,OMP-BranchBoundMRV,8,3,0.005734205,361,1
medium_087,Medium,OMP-BranchBoundMRV,8,4,0.005650997,361,1
medium_087,Medium,OMP-BranchBoundMRV,8,5,0.005647182,361,1
medium_087,Medium,OMP-BranchBoundMRV,16,1,0.032521963,361,1
medium_087,Medium,OMP-BranchBoundMRV,16,2,0.030088902,361,1
medium_087,Medium,OMP-BranchBoundMRV,16,3,0.027291059,361,1
medium_087,Medium,OMP-BranchBoundMRV,16,4,0.030259848,361,1
medium_087,Medium,OMP-BranchBoundMRV,16,5,0.021196842,361,1
medium_088,Medium,Serial,1,1,0.010102708,22015,1
medium_088,Medium,Serial,1,2,0.010268417,22015,1
medium_088,Medium,Serial,1,3,0.010086208,22015,1
medium_088,Medium,Serial,1,4,0.010303917,22015,1
medium_088,Medium,Serial,1,5,0.010225541,22015,1
medium_088,Medium,Serial-MRV,1,1,0.007652667,527,1
medium_088,Medium,Serial-MRV,1,2,0.007665334,527,1
medium_088,Medium,Serial-MRV,1,3,0.007664750,527,1
medium_088,Medium,Serial-MRV,1,4,0.007643791,527,1
medium_088,Medium,Serial-MRV,1,5,0.007609459,527,1
medium_088,Medium,BranchBound,1,1,0.010142500,22015,1
medium_088,Medium,BranchBound,1,2,0.009812083,22015,1
medium_088,Medium,BranchBound,1,3,0.009657500,22015,1
medium_088,Medium,BranchBound,1,4,0.009677791,22015,1
medium_088,Medium,BranchBound,1,5,0.009685209,22015,1
medium_088,Medium,BranchBoundMRV,1,1,0.008265333,527,1
medium_088,Medium,BranchBoundMRV,1,2,0.008201959,527,1
medium_088,Medium,BranchBoundMRV,1,3,0.008247000,527,1
medium_088,Medium,BranchBoundMRV,1,4,0.008233083,527,1
medium_088,Medium,BranchBoundMRV,1,5,0.008314458,527,1
medium_088,Medium,OpenMP,4,1,0.004248857,503,1
medium_088,Medium,OpenMP,4,2,0.004230976,503,1
medium_088,Medium,OpenMP,4,3,0.004228115,502,1
medium_088,Medium,OpenMP,4,4,0.004209042,502,1
medium_088,Medium,OpenMP,4,5,0.004209995,502,1
medium_088,Medium,OpenMP,8,1,0.004246950,375,1
medium_088,Medium,OpenMP,8,2,0.004259825,428,1
medium_088,Medium,OpenMP,8,3,0.007984877,527,1
medium_088,Medium,OpenMP,8,4,0.004586935,359,1
medium_088,Medium,OpenMP,8,5,0.008932114,527,1
medium_088,Medium,OpenMP,16,1,0.007766008,527,1
medium_088,Medium,OpenMP,16,2,0.018053055,380,1
medium_088,Medium,OpenMP,16,3,0.016954899,286,1
medium_088,Medium,OpenMP,16,4,0.043229103,398,1
medium_088,Medium,OpenMP,16,5,0.042359829,500,1
medium_088,Medium,OMP-BranchBoundMRV,4,1,0.004367113,505,1
medium_088,Medium,OMP-BranchBoundMRV,4,2,0.004362822,503,1
medium_088,Medium,OMP-BranchBoundMRV,4,3,0.004355907,505,1
medium_088,Medium,OMP-BranchBoundMRV,4,4,0.004346132,505,1
medium_088,Medium,OMP-BranchBoundMRV,4,5,0.004328966,502,1
medium_088,Medium,OMP-BranchBoundMRV,8,1,0.010071993,527,1
medium_088,Medium,OMP-BranchBoundMRV,8,2,0.004364967,373,1
medium_088,Medium,OMP-BranchBoundMRV,8,3,0.004431963,510,1
medium_088,Medium,OMP-BranchBoundMRV,8,4,0.004342079,504,1
medium_088,Medium,OMP-BranchBoundMRV,8,5,0.004388094,425,1
medium_088,Medium,OMP-BranchBoundMRV,16,1,0.063825130,279,1
medium_088,Medium,OMP-BranchBoundMRV,16,2,0.032613039,527,1
medium_088,Medium,OMP-BranchBoundMRV,16,3,0.018466949,420,1
medium_088,Medium,OMP-BranchBoundMRV,16,4,0.059055805,375,1
medium_088,Medium,OMP-BranchBoundMRV,16,5,0.027339935,527,1
medium_089,Medium,Serial,1,1,0.001418000,2993,1
medium_089,Medium,Serial,1,2,0.001356084,2993,1
medium_089,Medium,Serial,1,3,0.001264875,2993,1
medium_089,Medium,Serial,1,4,0.001368625,2993,1
medium_089,Medium,Serial,1,5,0.001304041,2993,1
medium_089,Medium,Serial-MRV,1,1,0.008512208,630,1
medium_089,Medium,Serial-MRV,1,2,0.008552458,630,1
medium_089,Medium,Serial-MRV,1,3,0.008585291,630,1
medium_089,Medium,Serial-MRV,1,4,0.008809708,630,1
medium_089,Medium,Serial-MRV,1,5,0.008373125,630,1
medium_089,Medium,BranchBound,1,1,0.001326667,2993,1
medium_089,Medium,BranchBound,1,2,0.001271708,2993,1
medium_089,Medium,BranchBound,1,3,0.001273834,2993,1
medium_089,Medium,BranchBound,1,4,0.001268375,2993,1
medium_089,Medium,BranchBound,1,5,0.001303042,2993,1
medium_089,Medium,BranchBoundMRV,1,1,0.009597292,630,1
medium_089,Medium,BranchBoundMRV,1,2,0.009483250,630,1
medium_089,Medium,BranchBoundMRV,1,3,0.009443541,630,1
medium_089,Medium,BranchBoundMRV,1,4,0.009498833,630,1
medium_089,Medium,BranchBoundMRV,1,5,0.009528292,630,1
medium_089,Medium,OpenMP,4,1,0.007827044,630,1
medium_089,Medium,OpenMP,4,2,0.007807970,630,1
medium_089,Medium,OpenMP,4,3,0.007791042,630,1
medium_089,Medium,OpenMP,4,4,0.007891893,630,1
medium_089,Medium,OpenMP,4,5,0.007806063,630,1
medium_089,Medium,OpenMP,8,1,0.007766008,630,1
medium_089,Medium,OpenMP,8,2,0.013654947,630,1
medium_089,Medium,OpenMP,8,3,0.007838964,630,1
medium_089,Medium,OpenMP,8,4,0.013608932,630,1
medium_089,Medium,OpenMP,8,5,0.007769823,630,1
medium_089,Medium,OpenMP,16,1,0.030264854,630,1
medium_089,Medium,OpenMP,16,2,0.021615028,630,1
medium_089,Medium,OpenMP,16,3,0.016203165,585,1
medium_089,Medium,OpenMP,16,4,0.018800020,630,1
medium_089,Medium,OpenMP,16,5,0.013577938,630,1
medium_089,Medium,OMP-BranchBoundMRV,4,1,0.008123875,630,1
medium_089,Medium,OMP-BranchBoundMRV,4,2,0.008142233,630,1
medium_089,Medium,OMP-BranchBoundMRV,4,3,0.008754969,630,1
medium_089,Medium,OMP-BranchBoundMRV,4,4,0.008068085,630,1
medium_089,Medium,OMP-BranchBoundMRV,4,5,0.007934809,630,1
medium_089,Medium,OMP-BranchBoundMRV,8,1,0.016646862,630,1
medium_089,Medium,OMP-BranchBoundMRV,8,2,0.008002996,630,1
medium_089,Medium,OMP-BranchBoundMRV,8,3,0.016354084,630,1
medium_089,Medium,OMP-BranchBoundMRV,8,4,0.013744831,630,1
medium_089,Medium,OMP-BranchBoundMRV,8,5,0.013714790,630,1
medium_089,Medium,OMP-BranchBoundMRV,16,1,0.024445057,630,1
medium_089,Medium,OMP-BranchBoundMRV,16,2,0.020139933,630,1
medium_089,Medium,OMP-BranchBoundMRV,16,3,0.072284937,630,1
medium_089,Medium,OMP-BranchBoundMRV,16,4,0.026098013,630,1
medium_089,Medium,OMP-BranchBoundMRV,16,5,0.059340954,630,1
medium_090,Medium,Serial,1,1,0.003208084,7173,1
medium_090,Medium,Serial,1,2,0.003247125,7173,1
medium_090,Medium,Serial,1,3,0.003257709,7173,1
medium_090,Medium,Serial,1,4,0.003187209,7173,1
medium_090,Medium,Serial,1,5,0.003166666,7173,1
medium_090,Medium,Serial-MRV,1,1,0.006469334,469,1
medium_090,Medium,Serial-MRV,1,2,0.006429250,469,1
medium_090,Medium,Serial-MRV,1,3,0.006487875,469,1
medium_090,Medium,Serial-MRV,1,4,0.006469167,469,1
medium_090,Medium,Serial-MRV,1,5,0.006471042,469,1
medium_090,Medium,BranchBound,1,1,0.003316958,7173,1
medium_090,Medium,BranchBound,1,2,0.003188292,7173,1
medium_090,Medium,BranchBound,1,3,0.003235417,7173,1
medium_090,Medium,BranchBound,1,4,0.003191125,7173,1
medium_090,Medium,BranchBound,1,5,0.003187500,7173,1
medium_090,Medium,BranchBoundMRV,1,1,0.007228959,469,1
medium_090,Medium,BranchBoundMRV,1,2,0.007320167,469,1
medium_090,Medium,BranchBoundMRV,1,3,0.007174917,469,1
medium_090,Medium,BranchBoundMRV,1,4,0.007155083,469,1
medium_090,Medium,BranchBoundMRV,1,5,0.007260459,469,1
medium_090,Medium,OpenMP,4,1,0.000905037,93,1
medium_090,Medium,OpenMP,4,2,0.000900030,93,1
medium_090,Medium,OpenMP,4,3,0.000890017,93,1
medium_090,Medium,OpenMP,4,4,0.000890970,93,1
medium_090,Medium,OpenMP,4,5,0.000891209,93,1
medium_090,Medium,OpenMP,8,1,0.007221937,93,1
medium_090,Medium,OpenMP,8,2,0.000907183,91,1
medium_090,Medium,OpenMP,8,3,0.001992941,157,1
medium_090,Medium,OpenMP,8,4,0.000887871,93,1
medium_090,Medium,OpenMP,8,5,0.001983881,156,1
medium_090,Medium,OpenMP,16,1,0.028712988,91,1
medium_090,Medium,OpenMP,16,2,0.010555029,155,1
medium_090,Medium,OpenMP,16,3,0.025717020,68,1
medium_090,Medium,OpenMP,16,4,0.026082993,93,1
medium_090,Medium,OpenMP,16,5,0.015634060,69,1
medium_090,Medium,OMP-BranchBoundMRV,4,1,0.001117945,95,1
medium_090,Medium,OMP-BranchBoundMRV,4,2,0.001127958,98,1
medium_090,Medium,OMP-BranchBoundMRV,4,3,0.001124859,96,1
medium_090,Medium,OMP-BranchBoundMRV,4,4,0.001070976,97,1
medium_090,Medium,OMP-BranchBoundMRV,4,5,0.001008034,94,1
medium_090,Medium,OMP-BranchBoundMRV,8,1,0.002101183,157,1
medium_090,Medium,OMP-BranchBoundMRV,8,2,0.001103878,70,1
medium_090,Medium,OMP-BranchBoundMRV,8,3,0.001294851,103,1
medium_090,Medium,OMP-BranchBoundMRV,8,4,0.001137972,99,1
medium_090,Medium,OMP-BranchBoundMRV,8,5,0.001915932,131,1
medium_090,Medium,OMP-BranchBoundMRV,16,1,0.022269011,69,1
medium_090,Medium,OMP-BranchBoundMRV,16,2,0.005750179,93,1
medium_090,Medium,OMP-BranchBoundMRV,16,3,0.006422997,79,1
medium_090,Medium,OMP-BranchBoundMRV,16,4,0.007976055,69,1
medium_090,Medium,OMP-BranchBoundMRV,16,5,0.010293007,69,1
medium_091,Medium,Serial,1,1,0.000967541,2133,1
medium_091,Medium,Serial,1,2,0.000972208,2133,1
medium_091,Medium,Serial,1,3,0.000906333,2133,1
medium_091,Medium,Serial,1,4,0.000905625,2133,1
medium_091,Medium,Serial,1,5,0.001024125,2133,1
medium_091,Medium,Serial-MRV,1,1,0.003367458,207,1
medium_091,Medium,Serial-MRV,1,2,0.003308042,207,1
medium_091,Medium,Serial-MRV,1,3,0.003357250,207,1
medium_091,Medium,Serial-MRV,1,4,0.003422167,207,1
medium_091,Medium,Serial-MRV,1,5,0.003336000,207,1
medium_091,Medium,BranchBound,1,1,0.000934916,2133,1
medium_091,Medium,BranchBound,1,2,0.000894208,2133,1
medium_091,Medium,BranchBound,1,3,0.001046042,2133,1
medium_091,Medium,BranchBound,1,4,0.000895625,2133,1
medium_091,Medium,BranchBound,1,5,0.001012959,2133,1
medium_091,Medium,BranchBoundMRV,1,1,0.003646750,207,1
medium_091,Medium,BranchBoundMRV,1,2,0.003578417,207,1
medium_091,Medium,BranchBoundMRV,1,3,0.003686709,207,1
medium_091,Medium,BranchBoundMRV,1,4,0.003426959,207,1
medium_091,Medium,BranchBoundMRV,1,5,0.003577542,207,1
medium_091,Medium,OpenMP,4,1,0.003697872,207,1
medium_091,Medium,OpenMP,4,2,0.003692865,207,1
medium_091,Medium,OpenMP,4,3,0.003671885,207,1
medium_091,Medium,OpenMP,4,4,0.003667831,207,1
medium_091,Medium,OpenMP,4,5,0.003669977,207,1
medium_091,Medium,OpenMP,8,1,0.003690004,207,1
medium_091,Medium,OpenMP,8,2,0.008588076,207,1
medium_091,Medium,OpenMP,8,3,0.003699064,207,1
medium_091,Medium,OpenMP,8,4,0.003679991,207,1
medium_091,Medium,OpenMP,8,5,0.008567095,207,1
medium_091,Medium,OpenMP,16,1,0.117954016,207,1
medium_091,Medium,OpenMP,16,2,0.013280153,207,1
medium_091,Medium,OpenMP,16,3,0.007988930,207,1
medium_091,Medium,OpenMP,16,4,0.017628193,207,1
medium_091,Medium,OpenMP,16,5,0.018500090,207,1
medium_091,Medium,OMP-BranchBoundMRV,4,1,0.003775835,207,1
medium_091,Medium,OMP-BranchBoundMRV,4,2,0.003756046,207,1
medium_091,Medium,OMP-BranchBoundMRV,4,3,0.003751993,207,1
medium_091,Medium,OMP-BranchBoundMRV,4,4,0.003756046,207,1
medium_091,Medium,OMP-BranchBoundMRV,4,5,0.003753901,207,1
medium_091,Medium,OMP-BranchBoundMRV,8,1,0.003772020,207,1
medium_091,Medium,OMP-BranchBoundMRV,8,2,0.008638144,207,1
medium_091,Medium,OMP-BranchBoundMRV,8,3,0.008773088,207,1
medium_091,Medium,OMP-BranchBoundMRV,8,4,0.003768921,207,1
medium_091,Medium,OMP-BranchBoundMRV,8,5,0.003754854,207,1
medium_091,Medium,OMP-BranchBoundMRV,16,1,0.019382954,207,1
medium_091,Medium,OMP-BranchBoundMRV,16,2,0.050877094,207,1
medium_091,Medium,OMP-BranchBoundMRV,16,3,0.030315161,207,1
medium_091,Medium,OMP-BranchBoundMRV,16,4,0.020725965,207,1
medium_091,Medium,OMP-BranchBoundMRV,16,5,0.053736925,207,1
medium_092,Medium,Serial,1,1,0.004100250,9125,1
medium_092,Medium,Serial,1,2,0.004020625,9125,1
medium_092,Medium,Serial,1,3,0.004056209,9125,1
medium_092,Medium,Serial,1,4,0.004126166,9125,1
medium_092,Medium,Serial,1,5,0.004062500,9125,1
medium_092,Medium,Serial-MRV,1,1,0.003770125,232,1
medium_092,Medium,Serial-MRV,1,2,0.003805917,232,1
medium_092,Medium,Serial-MRV,1,3,0.003765042,232,1
medium_092,Medium,Serial-MRV,1,4,0.003749541,232,1
medium_092,Medium,Serial-MRV,1,5,0.003795125,232,1
medium_092,Medium,BranchBound,1,1,0.004161000,9125,1
medium_092,Medium,BranchBound,1,2,0.004155000,9125,1
medium_092,Medium,BranchBound,1,3,0.004031791,9125,1
medium_092,Medium,BranchBound,1,4,0.004135709,9125,1
medium_092,Medium,BranchBound,1,5,0.004075083,9125,1
medium_092,Medium,BranchBoundMRV,1,1,0.004120250,232,1
medium_092,Medium,BranchBoundMRV,1,2,0.004014167,232,1
medium_092,Medium,BranchBoundMRV,1,3,0.004104917,232,1
medium_092,Medium,BranchBoundMRV,1,4,0.004139542,232,1
medium_092,Medium,BranchBoundMRV,1,5,0.004139292,232,1
medium_092,Medium,OpenMP,4,1,0.001914978,206,1
medium_092,Medium,OpenMP,4,2,0.001878023,205,1
medium_092,Medium,OpenMP,4,3,0.001868963,203,1
medium_092,Medium,OpenMP,4,4,0.001951933,209,1
medium_092,Medium,OpenMP,4,5,0.001901150,206,1
medium_092,Medium,OpenMP,8,1,0.001883030,153,1
medium_092,Medium,OpenMP,8,2,0.004375935,197,1
medium_092,Medium,OpenMP,8,3,0.004346132,232,1
medium_092,Medium,OpenMP,8,4,0.001873970,202,1
medium_092,Medium,OpenMP,8,5,0.001873970,153,1
medium_092,Medium,OpenMP,16,1,0.016182899,204,1
medium_092,Medium,OpenMP,16,2,0.025215864,202,1
medium_092,Medium,OpenMP,16,3,0.015103102,204,1
medium_092,Medium,OpenMP,16,4,0.015918970,154,1
medium_092,Medium,OpenMP,16,5,0.030112982,206,1
medium_092,Medium,OMP-BranchBoundMRV,4,1,0.002112865,200,1
medium_092,Medium,OMP-BranchBoundMRV,4,2,0.002060890,207,1
medium_092,Medium,OMP-BranchBoundMRV,4,3,0.002192020,215,1
medium_092,Medium,OMP-BranchBoundMRV,4,4,0.002015114,199,1
medium_092,Medium,OMP-BranchBoundMRV,4,5,0.002017975,203,1
medium_092,Medium,OMP-BranchBoundMRV,8,1,0.002022028,174,1
medium_092,Medium,OMP-BranchBoundMRV,8,2,0.002033949,206,1
medium_092,Medium,OMP-BranchBoundMRV,8,3,0.004462004,205,1
medium_092,Medium,OMP-BranchBoundMRV,8,4,0.002072096,191,1
medium_092,Medium,OMP-BranchBoundMRV,8,5,0.002266884,200,1
medium_092,Medium,OMP-BranchBoundMRV,16,1,0.006834030,232,1
medium_092,Medium,OMP-BranchBoundMRV,16,2,0.014784098,232,1
medium_092,Medium,OMP-BranchBoundMRV,16,3,0.020144939,154,1
medium_092,Medium,OMP-BranchBoundMRV,16,4,0.013136864,187,1
medium_092,Medium,OMP-BranchBoundMRV,16,5,0.010545015,201,1
medium_093,Medium,Serial,1,1,0.001606375,3287,1
medium_093,Medium,Serial,1,2,0.001468042,3287,1
medium_093,Medium,Serial,1,3,0.001474292,3287,1
medium_093,Medium,Serial,1,4,0.001395709,3287,1
medium_093,Medium,Serial,1,5,0.001497833,3287,1
medium_093,Medium,Serial-MRV,1,1,0.003964208,249,1
medium_093,Medium,Serial-MRV,1,2,0.004036708,249,1
medium_093,Medium,Serial-MRV,1,3,0.003805750,249,1
medium_093,Medium,Serial-MRV,1,4,0.003823666,249,1
medium_093,Medium,Serial-MRV,1,5,0.003839500,249,1
medium_093,Medium,BranchBound,1,1,0.001395375,3287,1
medium_093,Medium,BranchBound,1,2,0.001365708,3287,1
medium_093,Medium,BranchBound,1,3,0.001362375,3287,1
medium_093,Medium,BranchBound,1,4,0.001456584,3287,1
medium_093,Medium,BranchBound,1,5,0.001362042,3287,1
medium_093,Medium,BranchBoundMRV,1,1,0.004326125,249,1
medium_093,Medium,BranchBoundMRV,1,2,0.004286666,249,1
medium_093,Medium,BranchBoundMRV,1,3,0.004308750,249,1
medium_093,Medium,BranchBoundMRV,1,4,0.004312584,249,1
medium_093,Medium,BranchBoundMRV,1,5,0.004264416,249,1
medium_093,Medium,OpenMP,4,1,0.001356840,194,1
medium_093,Medium,OpenMP,4,2,0.001368046,196,1
medium_093,Medium,OpenMP,4,3,0.001327991,193,1
medium_093,Medium,OpenMP,4,4,0.001323938,193,1
medium_093,Medium,OpenMP,4,5,0.001323938,193,1
medium_093,Medium,OpenMP,8,1,0.003112793,249,1
medium_093,Medium,OpenMP,8,2,0.003116846,249,1
medium_093,Medium,OpenMP,8,3,0.001348972,145,1
medium_093,Medium,OpenMP,8,4,0.001397848,146,1
medium_093,Medium,OpenMP,8,5,0.002801895,249,1
medium_093,Medium,OpenMP,16,1,0.009220839,190,1
medium_093,Medium,OpenMP,16,2,0.014584064,146,1
medium_093,Medium,OpenMP,16,3,0.010420084,193,1
medium_093,Medium,OpenMP,16,4,0.030281067,249,1
medium_093,Medium,OpenMP,16,5,0.028786182,249,1
medium_093,Medium,OMP-BranchBoundMRV,4,1,0.001734018,204,1
medium_093,Medium,OMP-BranchBoundMRV,4,2,0.001724005,205,1
medium_093,Medium,OMP-BranchBoundMRV,4,3,0.001500845,194,1
medium_093,Medium,OMP-BranchBoundMRV,4,4,0.001497030,193,1
medium_093,Medium,OMP-BranchBoundMRV,4,5,0.001492977,189,1
medium_093,Medium,OMP-BranchBoundMRV,8,1,0.001534224,198,1
medium_093,Medium,OMP-BranchBoundMRV,8,2,0.001502037,177,1
medium_093,Medium,OMP-BranchBoundMRV,8,3,0.002470970,246,1
medium_093,Medium,OMP-BranchBoundMRV,8,4,0.003337145,249,1
medium_093,Medium,OMP-BranchBoundMRV,8,5,0.001534939,186,1
medium_093,Medium,OMP-BranchBoundMRV,16,1,0.006924868,149,1
medium_093,Medium,OMP-BranchBoundMRV,16,2,0.010648966,206,1
medium_093,Medium,OMP-BranchBoundMRV,16,3,0.011835814,249,1
medium_093,Medium,OMP-BranchBoundMRV,16,4,0.005717993,195,1
medium_093,Medium,OMP-BranchBoundMRV,16,5,0.014313936,147,1
medium_094,Medium,Serial,1,1,0.013528167,31322,1
medium_094,Medium,Serial,1,2,0.013382291,31322,1
medium_094,Medium,Serial,1,3,0.013091584,31322,1
medium_094,Medium,Serial,1,4,0.013089375,31322,1
medium_094,Medium,Serial,1,5,0.013057167,31322,1
medium_094,Medium,Serial-MRV,1,1,0.003320000,201,1
medium_094,Medium,Serial-MRV,1,2,0.003332334,201,1
medium_094,Medium,Serial-MRV,1,3,0.003326459,201,1
medium_094,Medium,Serial-MRV,1,4,0.003304084,201,1
medium_094,Medium,Serial-MRV,1,5,0.003308958,201,1
medium_094,Medium,BranchBound,1,1,0.013026042,31322,1
medium_094,Medium,BranchBound,1,2,0.013045667,31322,1
medium_094,Medium,BranchBound,1,3,0.012999500,31322,1
medium_094,Medium,BranchBound,1,4,0.013416542,31322,1
medium_094,Medium,BranchBound,1,5,0.013511417,31322,1
medium_094,Medium,BranchBoundMRV,1,1,0.003750542,201,1
medium_094,Medium,BranchBoundMRV,1,2,0.003697000,201,1
medium_094,Medium,BranchBoundMRV,1,3,0.003703333,201,1
medium_094,Medium,BranchBoundMRV,1,4,0.003643959,201,1
medium_094,Medium,BranchBoundMRV,1,5,0.003742667,201,1
medium_094,Medium,OpenMP,4,1,0.001979828,273,1
medium_094,Medium,OpenMP,4,2,0.001842022,290,1
medium_094,Medium,OpenMP,4,3,0.001960993,284,1
medium_094,Medium,OpenMP,4,4,0.002878904,334,1
medium_094,Medium,OpenMP,4,5,0.002830029,344,1
medium_094,Medium,OpenMP,8,1,0.017092943,231,1
medium_094,Medium,OpenMP,8,2,0.004133940,316,1
medium_094,Medium,OpenMP,8,3,0.001900911,279,1
medium_094,Medium,OpenMP,8,4,0.001888037,258,1
medium_094,Medium,OpenMP,8,5,0.002022028,252,1
medium_094,Medium,OpenMP,16,1,0.006829023,312,1
medium_094,Medium,OpenMP,16,2,0.016149044,243,1
medium_094,Medium,OpenMP,16,3,0.017117977,300,1
medium_094,Medium,OpenMP,16,4,0.031726837,317,1
medium_094,Medium,OpenMP,16,5,0.027654886,292,1
medium_094,Medium,OMP-BranchBoundMRV,4,1,0.002830982,336,1
medium_094,Medium,OMP-BranchBoundMRV,4,2,0.002818108,336,1
medium_094,Medium,OMP-BranchBoundMRV,4,3,0.002819061,336,1
medium_094,Medium,OMP-BranchBoundMRV,4,4,0.002815008,336,1
medium_094,Medium,OMP-BranchBoundMRV,4,5,0.002818823,333,1
medium_094,Medium,OMP-BranchBoundMRV,8,1,0.004268169,357,1
medium_094,Medium,OMP-BranchBoundMRV,8,2,0.002033949,232,1
medium_094,Medium,OMP-BranchBoundMRV,8,3,0.002125025,257,1
medium_094,Medium,OMP-BranchBoundMRV,8,4,0.005022049,305,1
medium_094,Medium,OMP-BranchBoundMRV,8,5,0.001977921,213,1
medium_094,Medium,OMP-BranchBoundMRV,16,1,0.035577059,291,1
medium_094,Medium,OMP-BranchBoundMRV,16,2,0.018141031,289,1
medium_094,Medium,OMP-BranchBoundMRV,16,3,0.021077871,286,1
medium_094,Medium,OMP-BranchBoundMRV,16,4,0.013917923,234,1
medium_094,Medium,OMP-BranchBoundMRV,16,5,0.006361008,335,1
medium_095,Medium,Serial,1,1,0.002996625,6400,1
medium_095,Medium,Serial,1,2,0.002681459,6400,1
medium_095,Medium,Serial,1,3,0.002824291,6400,1
medium_095,Medium,Serial,1,4,0.002819959,6400,1
medium_095,Medium,Serial,1,5,0.002726750,6400,1
medium_095,Medium,Serial-MRV,1,1,0.006644958,413,1
medium_095,Medium,Serial-MRV,1,2,0.006587209,413,1
medium_095,Medium,Serial-MRV,1,3,0.006495791,413,1
medium_095,Medium,Serial-MRV,1,4,0.006621083,413,1
medium_095,Medium,Serial-MRV,1,5,0.006606875,413,1
medium_095,Medium,BranchBound,1,1,0.002728250,6400,1
medium_095,Medium,BranchBound,1,2,0.002808250,6400,1
medium_095,Medium,BranchBound,1,3,0.002733500,6400,1
medium_095,Medium,BranchBound,1,4,0.002712542,6400,1
medium_095,Medium,BranchBound,1,5,0.002886833,6400,1
medium_095,Medium,BranchBoundMRV,1,1,0.007232916,413,1
medium_095,Medium,BranchBoundMRV,1,2,0.007156625,413,1
medium_095,Medium,BranchBoundMRV,1,3,0.007176208,413,1
medium_095,Medium,BranchBoundMRV,1,4,0.007231958,413,1
medium_095,Medium,BranchBoundMRV,1,5,0.007136333,413,1
medium_095,Medium,OpenMP,4,1,0.002782106,541,1
medium_095,Medium,OpenMP,4,2,0.002758026,544,1
medium_095,Medium,OpenMP,4,3,0.002757072,544,1
medium_095,Medium,OpenMP,4,4,0.002767086,433,1
medium_095,Medium,OpenMP,4,5,0.002757788,431,1
medium_095,Medium,OpenMP,8,1,0.006603003,665,1
medium_095,Medium,OpenMP,8,2,0.002806187,313,1
medium_095,Medium,OpenMP,8,3,0.002797127,373,1
medium_095,Medium,OpenMP,8,4,0.002799034,313,1
medium_095,Medium,OpenMP,8,5,0.006458998,855,1
medium_095,Medium,OpenMP,16,1,0.021059990,871,1
medium_095,Medium,OpenMP,16,2,0.040147066,402,1
medium_095,Medium,OpenMP,16,3,0.020565033,739,1
medium_095,Medium,OpenMP,16,4,0.014499187,390,1
medium_095,Medium,OpenMP,16,5,0.016432047,385,1
medium_095,Medium,OMP-BranchBoundMRV,4,1,0.003084183,442,1
medium_095,Medium,OMP-BranchBoundMRV,4,2,0.003039122,438,1
medium_095,Medium,OMP-BranchBoundMRV,4,3,0.002918959,413,1
medium_095,Medium,OMP-BranchBoundMRV,4,4,0.003050804,433,1
medium_095,Medium,OMP-BranchBoundMRV,4,5,0.002953053,544,1
medium_095,Medium,OMP-BranchBoundMRV,8,1,0.008960009,684,1
medium_095,Medium,OMP-BranchBoundMRV,8,2,0.007570028,797,1
medium_095,Medium,OMP-BranchBoundMRV,8,3,0.006973982,628,1
medium_095,Medium,OMP-BranchBoundMRV,8,4,0.002942085,485,1
medium_095,Medium,OMP-BranchBoundMRV,8,5,0.006250143,784,1
medium_095,Medium,OMP-BranchBoundMRV,16,1,0.021038055,618,1
medium_095,Medium,OMP-BranchBoundMRV,16,2,0.011013985,501,1
medium_095,Medium,OMP-BranchBoundMRV,16,3,0.017655134,601,1
medium_095,Medium,OMP-BranchBoundMRV,16,4,0.006567955,374,1
medium_095,Medium,OMP-BranchBoundMRV,16,5,0.015419006,660,1
medium_096,Medium,Serial,1,1,0.011740459,28524,1
medium_096,Medium,Serial,1,2,0.011620542,28524,1
medium_096,Medium,Serial,1,3,0.011671041,28524,1
medium_096,Medium,Serial,1,4,0.011681875,28524,1
medium_096,Medium,Serial,1,5,0.011632792,28524,1
medium_096,Medium,Serial-MRV,1,1,0.003881500,294,1
medium_096,Medium,Serial-MRV,1,2,0.003834875,294,1
medium_096,Medium,Serial-MRV,1,3,0.003904750,294,1
medium_096,Medium,Serial-MRV,1,4,0.003842000,294,1
medium_096,Medium,Serial-MRV,1,5,0.003834500,294,1
medium_096,Medium,BranchBound,1,1,0.012198292,28524,1
medium_096,Medium,BranchBound,1,2,0.012209584,28524,1
medium_096,Medium,BranchBound,1,3,0.012362584,28524,1
medium_096,Medium,BranchBound,1,4,0.012275958,28524,1
medium_096,Medium,BranchBound,1,5,0.012497583,28524,1
medium_096,Medium,BranchBoundMRV,1,1,0.004463542,294,1
medium_096,Medium,BranchBoundMRV,1,2,0.004368583,294,1
medium_096,Medium,BranchBoundMRV,1,3,0.004413750,294,1
medium_096,Medium,BranchBoundMRV,1,4,0.004389500,294,1
medium_096,Medium,BranchBoundMRV,1,5,0.004429000,294,1
medium_096,Medium,OpenMP,4,1,0.004806042,595,1
medium_096,Medium,OpenMP,4,2,0.004534006,562,1
medium_096,Medium,OpenMP,4,3,0.004546881,574,1
medium_096,Medium,OpenMP,4,4,0.004583836,574,1
medium_096,Medium,OpenMP,4,5,0.004812002,598,1
medium_096,Medium,OpenMP,8,1,0.008939028,572,1
medium_096,Medium,OpenMP,8,2,0.004565001,549,1
medium_096,Medium,OpenMP,8,3,0.006185055,555,1
medium_096,Medium,OpenMP,8,4,0.004565001,405,1
medium_096,Medium,OpenMP,8,5,0.004456997,574,1
medium_096,Medium,OpenMP,16,1,0.040142059,694,1
medium_096,Medium,OpenMP,16,2,0.022371054,575,1
medium_096,Medium,OpenMP,16,3,0.028427124,404,1
medium_096,Medium,OpenMP,16,4,0.039347887,582,1
medium_096,Medium,OpenMP,16,5,0.015525103,296,1
medium_096,Medium,OMP-BranchBoundMRV,4,1,0.004644871,569,1
medium_096,Medium,OMP-BranchBoundMRV,4,2,0.004817009,562,1
medium_096,Medium,OMP-BranchBoundMRV,4,3,0.004805803,588,1
medium_096,Medium,OMP-BranchBoundMRV,4,4,0.004633904,569,1
medium_096,Medium,OMP-BranchBoundMRV,4,5,0.004605055,569,1
medium_096,Medium,OMP-BranchBoundMRV,8,1,0.006644011,548,1
medium_096,Medium,OMP-BranchBoundMRV,8,2,0.006371021,508,1
medium_096,Medium,OMP-BranchBoundMRV,8,3,0.009083986,694,1
medium_096,Medium,OMP-BranchBoundMRV,8,4,0.009687901,694,1
medium_096,Medium,OMP-BranchBoundMRV,8,5,0.004627943,410,1
medium_096,Medium,OMP-BranchBoundMRV,16,1,0.012313843,545,1
medium_096,Medium,OMP-BranchBoundMRV,16,2,0.015063047,551,1
medium_096,Medium,OMP-BranchBoundMRV,16,3,0.019541979,575,1
medium_096,Medium,OMP-BranchBoundMRV,16,4,0.018155098,694,1
medium_096,Medium,OMP-BranchBoundMRV,16,5,0.016349077,406,1
medium_097,Medium,Serial,1,1,0.000406125,956,1
medium_097,Medium,Serial,1,2,0.000364792,956,1
medium_097,Medium,Serial,1,3,0.000365209,956,1
medium_097,Medium,Serial,1,4,0.000373292,956,1
medium_097,Medium,Serial,1,5,0.000364167,956,1
medium_097,Medium,Serial-MRV,1,1,0.003694375,254,1
medium_097,Medium,Serial-MRV,1,2,0.003567458,254,1
medium_097,Medium,Serial-MRV,1,3,0.003584834,254,1
medium_097,Medium,Serial-MRV,1,4,0.003589583,254,1
medium_097,Medium,Serial-MRV,1,5,0.003564792,254,1
medium_097,Medium,BranchBound,1,1,0.000374500,956,1
medium_097,Medium,BranchBound,1,2,0.000366833,956,1
medium_097,Medium,BranchBound,1,3,0.000366375,956,1
medium_097,Medium,BranchBound,1,4,0.000365917,956,1
medium_097,Medium,BranchBound,1,5,0.000365750,956,1
medium_097,Medium,BranchBoundMRV,1,1,0.003783542,254,1
medium_097,Medium,BranchBoundMRV,1,2,0.003833375,254,1
medium_097,Medium,BranchBoundMRV,1,3,0.003772666,254,1
medium_097,Medium,BranchBoundMRV,1,4,0.003880500,254,1
medium_097,Medium,BranchBoundMRV,1,5,0.003770167,254,1
medium_097,Medium,OpenMP,4,1,0.001332045,234,1
medium_097,Medium,OpenMP,4,2,0.001312017,234,1
medium_097,Medium,OpenMP,4,3,0.001307964,234,1
medium_097,Medium,OpenMP,4,4,0.001312017,234,1
medium_097,Medium,OpenMP,4,5,0.001307011,234,1
medium_097,Medium,OpenMP,8,1,0.001359940,141,1
medium_097,Medium,OpenMP,8,2,0.001306057,140,1
medium_097,Medium,OpenMP,8,3,0.003081083,254,1
medium_097,Medium,OpenMP,8,4,0.001528025,137,1
medium_097,Medium,OpenMP,8,5,0.001367807,237,1
medium_097,Medium,OpenMP,16,1,0.009906054,254,1
medium_097,Medium,OpenMP,16,2,0.010313034,190,1
medium_097,Medium,OpenMP,16,3,0.030042887,190,1
medium_097,Medium,OpenMP,16,4,0.053511143,254,1
medium_097,Medium,OpenMP,16,5,0.007318020,187,1
medium_097,Medium,OMP-BranchBoundMRV,4,1,0.002036095,227,1
medium_097,Medium,OMP-BranchBoundMRV,4,2,0.001591921,237,1
medium_097,Medium,OMP-BranchBoundMRV,4,3,0.001449823,230,1
medium_097,Medium,OMP-BranchBoundMRV,4,4,0.001432896,236,1
medium_097,Medium,OMP-BranchBoundMRV,4,5,0.001541853,244,1
medium_097,Medium,OMP-BranchBoundMRV,8,1,0.010137081,192,1
medium_097,Medium,OMP-BranchBoundMRV,8,2,0.010116100,200,1
medium_097,Medium,OMP-BranchBoundMRV,8,3,0.003087997,232,1
medium_097,Medium,OMP-BranchBoundMRV,8,4,0.002914906,245,1
medium_097,Medium,OMP-BranchBoundMRV,8,5,0.001437187,193,1
medium_097,Medium,OMP-BranchBoundMRV,16,1,0.050006151,193,1
medium_097,Medium,OMP-BranchBoundMRV,16,2,0.025115013,160,1
medium_097,Medium,OMP-BranchBoundMRV,16,3,0.030202866,144,1
medium_097,Medium,OMP-BranchBoundMRV,16,4,0.030611038,254,1
medium_097,Medium,OMP-BranchBoundMRV,16,5,0.041535139,194,1
medium_098,Medium,Serial,1,1,0.009785667,22604,1
medium_098,Medium,Serial,1,2,0.009815000,22604,1
medium_098,Medium,Serial,1,3,0.009848375,22604,1
medium_098,Medium,Serial,1,4,0.010071792,22604,1
medium_098,Medium,Serial,1,5,0.009788292,22604,1
medium_098,Medium,Serial-MRV,1,1,0.010068542,611,1
medium_098,Medium,Serial-MRV,1,2,0.010158041,611,1
medium_098,Medium,Serial-MRV,1,3,0.010084291,611,1
medium_098,Medium,Serial-MRV,1,4,0.010091208,611,1
medium_098,Medium,Serial-MRV,1,5,0.009756334,611,1
medium_098,Medium,BranchBound,1,1,0.009350542,22604,1
medium_098,Medium,BranchBound,1,2,0.009381667,22604,1
medium_098,Medium,BranchBound,1,3,0.009420292,22604,1
medium_098,Medium,BranchBound,1,4,0.009421209,22604,1
medium_098,Medium,BranchBound,1,5,0.009374917,22604,1
medium_098,Medium,BranchBoundMRV,1,1,0.010470291,611,1
medium_098,Medium,BranchBoundMRV,1,2,0.010528125,611,1
medium_098,Medium,BranchBoundMRV,1,3,0.010592917,611,1
medium_098,Medium,BranchBoundMRV,1,4,0.010462541,611,1
medium_098,Medium,BranchBoundMRV,1,5,0.010442125,611,1
medium_098,Medium,OpenMP,4,1,0.005897999,730,1
medium_098,Medium,OpenMP,4,2,0.005415916,723,1
medium_098,Medium,OpenMP,4,3,0.005195856,810,1
medium_098,Medium,OpenMP,4,4,0.005157948,802,1
medium_098,Medium,OpenMP,4,5,0.005158186,807,1
medium_098,Medium,OpenMP,8,1,0.005027056,673,1
medium_098,Medium,OpenMP,8,2,0.005986929,670,1
medium_098,Medium,OpenMP,8,3,0.009281874,1009,1
medium_098,Medium,OpenMP,8,4,0.009546995,821,1
medium_098,Medium,OpenMP,8,5,0.009995937,964,1
medium_098,Medium,OpenMP,16,1,0.017478943,486,1
medium_098,Medium,OpenMP,16,2,0.028409004,616,1
medium_098,Medium,OpenMP,16,3,0.040254831,811,1
medium_098,Medium,OpenMP,16,4,0.030262947,940,1
medium_098,Medium,OpenMP,16,5,0.033115864,350,1
medium_098,Medium,OMP-BranchBoundMRV,4,1,0.005084991,821,1
medium_098,Medium,OMP-BranchBoundMRV,4,2,0.005069971,820,1
medium_098,Medium,OMP-BranchBoundMRV,4,3,0.005180120,755,1
medium_098,Medium,OMP-BranchBoundMRV,4,4,0.005195141,797,1
medium_098,Medium,OMP-BranchBoundMRV,4,5,0.005599022,837,1
medium_098,Medium,OMP-BranchBoundMRV,8,1,0.010980844,1017,1
medium_098,Medium,OMP-BranchBoundMRV,8,2,0.007396936,734,1
medium_098,Medium,OMP-BranchBoundMRV,8,3,0.011273861,1017,1
medium_098,Medium,OMP-BranchBoundMRV,8,4,0.007287025,753,1
medium_098,Medium,OMP-BranchBoundMRV,8,5,0.005337000,595,1
medium_098,Medium,OMP-BranchBoundMRV,16,1,0.016756058,299,1
medium_098,Medium,OMP-BranchBoundMRV,16,2,0.025131941,771,1
medium_098,Medium,OMP-BranchBoundMRV,16,3,0.042997837,508,1
medium_098,Medium,OMP-BranchBoundMRV,16,4,0.066200018,1017,1
medium_098,Medium,OMP-BranchBoundMRV,16,5,0.056926966,496,1
medium_099,Medium,Serial,1,1,0.002418084,5422,1
medium_099,Medium,Serial,1,2,0.002511500,5422,1
medium_099,Medium,Serial,1,3,0.002365125,5422,1
medium_099,Medium,Serial,1,4,0.002272417,5422,1
medium_099,Medium,Serial,1,5,0.002377500,5422,1
medium_099,Medium,Serial-MRV,1,1,0.007504375,575,1
medium_099,Medium,Serial-MRV,1,2,0.007645958,575,1
medium_099,Medium,Serial-MRV,1,3,0.007619584,575,1
medium_099,Medium,Serial-MRV,1,4,0.007606625,575,1
medium_099,Medium,Serial-MRV,1,5,0.007541583,575,1
medium_099,Medium,BranchBound,1,1,0.002343125,5422,1
medium_099,Medium,BranchBound,1,2,0.002290250,5422,1
medium_099,Medium,BranchBound,1,3,0.002279542,5422,1
medium_099,Medium,BranchBound,1,4,0.002304083,5422,1
medium_099,Medium,BranchBound,1,5,0.002300292,5422,1
medium_099,Medium,BranchBoundMRV,1,1,0.008122917,575,1
medium_099,Medium,BranchBoundMRV,1,2,0.008227417,575,1
medium_099,Medium,BranchBoundMRV,1,3,0.008085875,575,1
medium_099,Medium,BranchBoundMRV,1,4,0.008059959,575,1
medium_099,Medium,BranchBoundMRV,1,5,0.008115000,575,1
medium_099,Medium,OpenMP,4,1,0.001693010,287,1
medium_099,Medium,OpenMP,4,2,0.001671076,286,1
medium_099,Medium,OpenMP,4,3,0.001667976,286,1
medium_099,Medium,OpenMP,4,4,0.001662970,286,1
medium_099,Medium,OpenMP,4,5,0.001661777,286,1
medium_099,Medium,OpenMP,8,1,0.001957178,239,1
medium_099,Medium,OpenMP,8,2,0.001693010,286,1
medium_099,Medium,OpenMP,8,3,0.001657009,285,1
medium_099,Medium,OpenMP,8,4,0.001689911,239,1
medium_099,Medium,OpenMP,8,5,0.001698017,285,1
medium_099,Medium,OpenMP,16,1,0.010068893,286,1
medium_099,Medium,OpenMP,16,2,0.020203829,241,1
medium_099,Medium,OpenMP,16,3,0.030288935,406,1
medium_099,Medium,OpenMP,16,4,0.011580944,239,1
medium_099,Medium,OpenMP,16,5,0.020650148,286,1
medium_099,Medium,OMP-BranchBoundMRV,4,1,0.001806974,284,1
medium_099,Medium,OMP-BranchBoundMRV,4,2,0.001792908,287,1
medium_099,Medium,OMP-BranchBoundMRV,4,3,0.001955986,293,1
medium_099,Medium,OMP-BranchBoundMRV,4,4,0.001791954,287,1
medium_099,Medium,OMP-BranchBoundMRV,4,5,0.002003908,296,1
medium_099,Medium,OMP-BranchBoundMRV,8,1,0.001940966,245,1
medium_099,Medium,OMP-BranchBoundMRV,8,2,0.004879951,404,1
medium_099,Medium,OMP-BranchBoundMRV,8,3,0.002432108,319,1
medium_099,Medium,OMP-BranchBoundMRV,8,4,0.001970053,250,1
medium_099,Medium,OMP-BranchBoundMRV,8,5,0.001822948,257,1
medium_099,Medium,OMP-BranchBoundMRV,16,1,0.025352001,363,1
medium_099,Medium,OMP-BranchBoundMRV,16,2,0.032407045,429,1
medium_099,Medium,OMP-BranchBoundMRV,16,3,0.017690182,535,1
medium_099,Medium,OMP-BranchBoundMRV,16,4,0.009823084,243,1
medium_099,Medium,OMP-BranchBoundMRV,16,5,0.024192095,244,1
medium_100,Medium,Serial,1,1,0.000972708,2371,1
medium_100,Medium,Serial,1,2,0.000963250,2371,1
medium_100,Medium,Serial,1,3,0.000962666,2371,1
medium_100,Medium,Serial,1,4,0.000961291,2371,1
medium_100,Medium,Serial,1,5,0.000963375,2371,1
medium_100,Medium,Serial-MRV,1,1,0.003595083,253,1
medium_100,Medium,Serial-MRV,1,2,0.003580583,253,1
medium_100,Medium,Serial-MRV,1,3,0.003644209,253,1
medium_100,Medium,Serial-MRV,1,4,0.003569792,253,1
medium_100,Medium,Serial-MRV,1,5,0.003628583,253,1
medium_100,Medium,BranchBound,1,1,0.000983042,2371,1
medium_100,Medium,BranchBound,1,2,0.000972542,2371,1
medium_100,Medium,BranchBound,1,3,0.000986500,2371,1
medium_100,Medium,BranchBound,1,4,0.000968125,2371,1
medium_100,Medium,BranchBound,1,5,0.000972000,2371,1
medium_100,Medium,BranchBoundMRV,1,1,0.004039167,253,1
medium_100,Medium,BranchBoundMRV,1,2,0.004053209,253,1
medium_100,Medium,BranchBoundMRV,1,3,0.004043917,253,1
medium_100,Medium,BranchBoundMRV,1,4,0.004066750,253,1
medium_100,Medium,BranchBoundMRV,1,5,0.004057459,253,1
medium_100,Medium,OpenMP,4,1,0.004429102,308,1
medium_100,Medium,OpenMP,4,2,0.004333973,308,1
medium_100,Medium,OpenMP,4,3,0.004323959,308,1
medium_100,Medium,OpenMP,4,4,0.004297972,308,1
medium_100,Medium,OpenMP,4,5,0.004310846,308,1
medium_100,Medium,OpenMP,8,1,0.007946968,308,1
medium_100,Medium,OpenMP,8,2,0.006214857,308,1
medium_100,Medium,OpenMP,8,3,0.005943060,308,1
medium_100,Medium,OpenMP,8,4,0.005635023,308,1
medium_100,Medium,OpenMP,8,5,0.007168055,308,1
medium_100,Medium,OpenMP,16,1,0.026095867,308,1
medium_100,Medium,OpenMP,16,2,0.021517992,290,1
medium_100,Medium,OpenMP,16,3,0.075303078,308,1
medium_100,Medium,OpenMP,16,4,0.031911850,308,1
medium_100,Medium,OpenMP,16,5,0.040215015,308,1
medium_100,Medium,OMP-BranchBoundMRV,4,1,0.004446030,308,1
medium_100,Medium,OMP-BranchBoundMRV,4,2,0.004422903,308,1
medium_100,Medium,OMP-BranchBoundMRV,4,3,0.004678011,308,1
medium_100,Medium,OMP-BranchBoundMRV,4,4,0.004518032,308,1
medium_100,Medium,OMP-BranchBoundMRV,4,5,0.004810095,308,1
medium_100,Medium,OMP-BranchBoundMRV,8,1,0.004641056,308,1
medium_100,Medium,OMP-BranchBoundMRV,8,2,0.008944035,308,1
medium_100,Medium,OMP-BranchBoundMRV,8,3,0.005488157,308,1
medium_100,Medium,OMP-BranchBoundMRV,8,4,0.007799149,308,1
medium_100,Medium,OMP-BranchBoundMRV,8,5,0.004456043,308,1
medium_100,Medium,OMP-BranchBoundMRV,16,1,0.023557186,308,1
medium_100,Medium,OMP-BranchBoundMRV,16,2,0.015314102,308,1
medium_100,Medium,OMP-BranchBoundMRV,16,3,0.041049004,308,1
medium_100,Medium,OMP-BranchBoundMRV,16,4,0.034397840,308,1
medium_100,Medium,OMP-BranchBoundMRV,16,5,0.028207064,308,1
hard_001,Hard,Serial,1,1,0.001183208,2631,1
hard_001,Hard,Serial,1,2,0.001175666,2631,1
hard_001,Hard,Serial,1,3,0.001172375,2631,1
hard_001,Hard,Serial,1,4,0.001175667,2631,1
hard_001,Hard,Serial,1,5,0.001176541,2631,1
hard_001,Hard,Serial-MRV,1,1,0.014623750,1063,1
hard_001,Hard,Serial-MRV,1,2,0.015268417,1063,1
hard_001,Hard,Serial-MRV,1,3,0.015642083,1063,1
hard_001,Hard,Serial-MRV,1,4,0.015614417,1063,1
hard_001,Hard,Serial-MRV,1,5,0.015731792,1063,1
hard_001,Hard,BranchBound,1,1,0.001201709,2631,1
hard_001,Hard,BranchBound,1,2,0.001294000,2631,1
hard_001,Hard,BranchBound,1,3,0.001214958,2631,1
hard_001,Hard,BranchBound,1,4,0.001221625,2631,1
hard_001,Hard,BranchBound,1,5,0.001285958,2631,1
hard_001,Hard,BranchBoundMRV,1,1,0.017296166,1063,1
hard_001,Hard,BranchBoundMRV,1,2,0.017126750,1063,1
hard_001,Hard,BranchBoundMRV,1,3,0.016951083,1063,1
hard_001,Hard,BranchBoundMRV,1,4,0.016361958,1063,1
hard_001,Hard,BranchBoundMRV,1,5,0.016552959,1063,1
hard_001,Hard,OpenMP,4,1,0.017427206,1063,1
hard_001,Hard,OpenMP,4,2,0.017368078,1063,1
hard_001,Hard,OpenMP,4,3,0.017349005,1063,1
hard_001,Hard,OpenMP,4,4,0.017356157,1063,1
hard_001,Hard,OpenMP,4,5,0.017421007,1063,1
hard_001,Hard,OpenMP,8,1,0.023441076,1063,1
hard_001,Hard,OpenMP,8,2,0.024197102,1063,1
hard_001,Hard,OpenMP,8,3,0.027143002,1063,1
hard_001,Hard,OpenMP,8,4,0.028563976,1063,1
hard_001,Hard,OpenMP,8,5,0.029520988,1063,1
hard_001,Hard,OpenMP,16,1,0.173558950,1063,1
hard_001,Hard,OpenMP,16,2,0.048065901,1063,1
hard_001,Hard,OpenMP,16,3,0.088345051,1063,1
hard_001,Hard,OpenMP,16,4,0.079593182,1063,1
hard_001,Hard,OpenMP,16,5,0.048762083,1063,1
hard_001,Hard,OMP-BranchBoundMRV,4,1,0.017439127,1063,1
hard_001,Hard,OMP-BranchBoundMRV,4,2,0.017390966,1063,1
hard_001,Hard,OMP-BranchBoundMRV,4,3,0.017421007,1063,1
hard_001,Hard,OMP-BranchBoundMRV,4,4,0.017401934,1063,1
hard_001,Hard,OMP-BranchBoundMRV,4,5,0.017643929,1063,1
hard_001,Hard,OMP-BranchBoundMRV,8,1,0.023071051,1063,1
hard_001,Hard,OMP-BranchBoundMRV,8,2,0.023293018,1063,1
hard_001,Hard,OMP-BranchBoundMRV,8,3,0.023214102,1063,1
hard_001,Hard,OMP-BranchBoundMRV,8,4,0.017524004,1063,1
hard_001,Hard,OMP-BranchBoundMRV,8,5,0.024117947,1063,1
hard_001,Hard,OMP-BranchBoundMRV,16,1,0.033943176,1063,1
hard_001,Hard,OMP-BranchBoundMRV,16,2,0.043445110,1063,1
hard_001,Hard,OMP-BranchBoundMRV,16,3,0.057132959,1063,1
hard_001,Hard,OMP-BranchBoundMRV,16,4,0.068025112,1063,1
hard_001,Hard,OMP-BranchBoundMRV,16,5,0.038696051,1063,1
hard_002,Hard,Serial,1,1,0.026568209,63532,1
hard_002,Hard,Serial,1,2,0.026661875,63532,1
hard_002,Hard,Serial,1,3,0.026532250,63532,1
hard_002,Hard,Serial,1,4,0.026644417,63532,1
hard_002,Hard,Serial,1,5,0.026563584,63532,1
hard_002,Hard,Serial-MRV,1,1,0.022385833,1490,1
hard_002,Hard,Serial-MRV,1,2,0.022359500,1490,1
hard_002,Hard,Serial-MRV,1,3,0.022311500,1490,1
hard_002,Hard,Serial-MRV,1,4,0.023583333,1490,1
hard_002,Hard,Serial-MRV,1,5,0.023636500,1490,1
hard_002,Hard,BranchBound,1,1,0.027970667,63532,1
hard_002,Hard,BranchBound,1,2,0.027633250,63532,1
hard_002,Hard,BranchBound,1,3,0.026904292,63532,1
hard_002,Hard,BranchBound,1,4,0.026982292,63532,1
hard_002,Hard,BranchBound,1,5,0.026756875,63532,1
hard_002,Hard,BranchBoundMRV,1,1,0.024667375,1490,1
hard_002,Hard,BranchBoundMRV,1,2,0.024536709,1490,1
hard_002,Hard,BranchBoundMRV,1,3,0.025167833,1490,1
hard_002,Hard,BranchBoundMRV,1,4,0.025950209,1490,1
hard_002,Hard,BranchBoundMRV,1,5,0.025802042,1490,1
hard_002,Hard,OpenMP,4,1,0.002441883,429,1
hard_002,Hard,OpenMP,4,2,0.002645016,599,1
hard_002,Hard,OpenMP,4,3,0.002424002,567,1
hard_002,Hard,OpenMP,4,4,0.002481937,549,1
hard_002,Hard,OpenMP,4,5,0.002327919,559,1
hard_002,Hard,OpenMP,8,1,0.002354860,539,1
hard_002,Hard,OpenMP,8,2,0.002359867,511,1
hard_002,Hard,OpenMP,8,3,0.005535841,1101,1
hard_002,Hard,OpenMP,8,4,0.003406048,618,1
hard_002,Hard,OpenMP,8,5,0.002457142,501,1
hard_002,Hard,OpenMP,16,1,0.013451099,453,1
hard_002,Hard,OpenMP,16,2,0.035152912,553,1
hard_002,Hard,OpenMP,16,3,0.030318022,548,1
hard_002,Hard,OpenMP,16,4,0.020394087,475,1
hard_002,Hard,OpenMP,16,5,0.043604136,510,1
hard_002,Hard,OMP-BranchBoundMRV,4,1,0.002483130,561,1
hard_002,Hard,OMP-BranchBoundMRV,4,2,0.002464056,562,1
hard_002,Hard,OMP-BranchBoundMRV,4,3,0.002482176,566,1
hard_002,Hard,OMP-BranchBoundMRV,4,4,0.002465010,563,1
hard_002,Hard,OMP-BranchBoundMRV,4,5,0.002459049,561,1
hard_002,Hard,OMP-BranchBoundMRV,8,1,0.002501965,620,1
hard_002,Hard,OMP-BranchBoundMRV,8,2,0.002475977,499,1
hard_002,Hard,OMP-BranchBoundMRV,8,3,0.005630970,1114,1
hard_002,Hard,OMP-BranchBoundMRV,8,4,0.002559900,542,1
hard_002,Hard,OMP-BranchBoundMRV,8,5,0.002488136,508,1
hard_002,Hard,OMP-BranchBoundMRV,16,1,0.022727013,510,1
hard_002,Hard,OMP-BranchBoundMRV,16,2,0.012234926,487,1
hard_002,Hard,OMP-BranchBoundMRV,16,3,0.015823841,910,1
hard_002,Hard,OMP-BranchBoundMRV,16,4,0.010916948,937,1
hard_002,Hard,OMP-BranchBoundMRV,16,5,0.009189129,922,1
hard_003,Hard,Serial,1,1,0.004188375,9112,1
hard_003,Hard,Serial,1,2,0.004323792,9112,1
hard_003,Hard,Serial,1,3,0.004222375,9112,1
hard_003,Hard,Serial,1,4,0.004132334,9112,1
hard_003,Hard,Serial,1,5,0.004182458,9112,1
hard_003,Hard,Serial-MRV,1,1,0.015054709,1059,1
hard_003,Hard,Serial-MRV,1,2,0.014348875,1059,1
hard_003,Hard,Serial-MRV,1,3,0.014316958,1059,1
hard_003,Hard,Serial-MRV,1,4,0.014280958,1059,1
hard_003,Hard,Serial-MRV,1,5,0.014248916,1059,1
hard_003,Hard,BranchBound,1,1,0.003999041,9112,1
hard_003,Hard,BranchBound,1,2,0.004009417,9112,1
hard_003,Hard,BranchBound,1,3,0.003961292,9112,1
hard_003,Hard,BranchBound,1,4,0.003995542,9112,1
hard_003,Hard,BranchBound,1,5,0.003978375,9112,1
hard_003,Hard,BranchBoundMRV,1,1,0.015958958,1059,1
hard_003,Hard,BranchBoundMRV,1,2,0.015753625,1059,1
hard_003,Hard,BranchBoundMRV,1,3,0.015766042,1059,1
hard_003,Hard,BranchBoundMRV,1,4,0.015800417,1059,1
hard_003,Hard,BranchBoundMRV,1,5,0.015995333,1059,1
hard_003,Hard,OpenMP,4,1,0.000830889,132,1
hard_003,Hard,OpenMP,4,2,0.000779867,132,1
hard_003,Hard,OpenMP,4,3,0.000781059,129,1
hard_003,Hard,OpenMP,4,4,0.001053095,158,1
hard_003,Hard,OpenMP,4,5,0.000812054,116,1
hard_003,Hard,OpenMP,8,1,0.001785994,203,1
hard_003,Hard,OpenMP,8,2,0.000851870,147,1
hard_003,Hard,OpenMP,8,3,0.000869989,127,1
hard_003,Hard,OpenMP,8,4,0.000902176,101,1
hard_003,Hard,OpenMP,8,5,0.001090050,111,1
hard_003,Hard,OpenMP,16,1,0.018387079,133,1
hard_003,Hard,OpenMP,16,2,0.020051003,124,1
hard_003,Hard,OpenMP,16,3,0.018260956,95,1
hard_003,Hard,OpenMP,16,4,0.018893003,176,1
hard_003,Hard,OpenMP,16,5,0.017771006,197,1
hard_003,Hard,OMP-BranchBoundMRV,4,1,0.000955105,109,1
hard_003,Hard,OMP-BranchBoundMRV,4,2,0.000945807,128,1
hard_003,Hard,OMP-BranchBoundMRV,4,3,0.001193047,164,1
hard_003,Hard,OMP-BranchBoundMRV,4,4,0.000904083,131,1
hard_003,Hard,OMP-BranchBoundMRV,4,5,0.000904083,131,1
hard_003,Hard,OMP-BranchBoundMRV,8,1,0.001008034,131,1
hard_003,Hard,OMP-BranchBoundMRV,8,2,0.001019955,103,1
hard_003,Hard,OMP-BranchBoundMRV,8,3,0.003638983,262,1
hard_003,Hard,OMP-BranchBoundMRV,8,4,0.002060890,176,1
hard_003,Hard,OMP-BranchBoundMRV,8,5,0.001066923,101,1
hard_003,Hard,OMP-BranchBoundMRV,16,1,0.036914110,96,1
hard_003,Hard,OMP-BranchBoundMRV,16,2,0.039690971,205,1
hard_003,Hard,OMP-BranchBoundMRV,16,3,0.042423964,92,1
hard_003,Hard,OMP-BranchBoundMRV,16,4,0.009675980,106,1
hard_003,Hard,OMP-BranchBoundMRV,16,5,0.012186050,131,1
hard_004,Hard,Serial,1,1,0.004325458,8655,1
hard_004,Hard,Serial,1,2,0.004120542,8655,1
hard_004,Hard,Serial,1,3,0.004149583,8655,1
hard_004,Hard,Serial,1,4,0.004060750,8655,1
hard_004,Hard,Serial,1,5,0.004227708,8655,1
hard_004,Hard,Serial-MRV,1,1,0.015149583,1198,1
hard_004,Hard,Serial-MRV,1,2,0.015030000,1198,1
hard_004,Hard,Serial-MRV,1,3,0.014724666,1198,1
hard_004,Hard,Serial-MRV,1,4,0.014327083,1198,1
hard_004,Hard,Serial-MRV,1,5,0.014281042,1198,1
hard_004,Hard,BranchBound,1,1,0.003977041,8655,1
hard_004,Hard,BranchBound,1,2,0.003990417,8655,1
hard_004,Hard,BranchBound,1,3,0.003948542,8655,1
hard_004,Hard,BranchBound,1,4,0.004002084,8655,1
hard_004,Hard,BranchBound,1,5,0.003991833,8655,1
hard_004,Hard,BranchBoundMRV,1,1,0.016504042,1198,1
hard_004,Hard,BranchBoundMRV,1,2,0.016525959,1198,1
hard_004,Hard,BranchBoundMRV,1,3,0.016618625,1198,1
hard_004,Hard,BranchBoundMRV,1,4,0.016409958,1198,1
hard_004,Hard,BranchBoundMRV,1,5,0.016557084,1198,1
hard_004,Hard,OpenMP,4,1,0.018028021,2015,1
hard_004,Hard,OpenMP,4,2,0.018200874,2015,1
hard_004,Hard,OpenMP,4,3,0.018045902,2015,1
hard_004,Hard,OpenMP,4,4,0.018761873,2015,1
hard_004,Hard,OpenMP,4,5,0.018689871,2015,1
hard_004,Hard,OpenMP,8,1,0.023246050,2015,1
hard_004,Hard,OpenMP,8,2,0.028155088,2015,1
hard_004,Hard,OpenMP,8,3,0.023882151,2015,1
hard_004,Hard,OpenMP,8,4,0.017585039,1932,1
hard_004,Hard,OpenMP,8,5,0.023504972,2015,1
hard_004,Hard,OpenMP,16,1,0.095767021,1827,1
hard_004,Hard,OpenMP,16,2,0.067819834,2015,1
hard_004,Hard,OpenMP,16,3,0.101495028,2015,1
hard_004,Hard,OpenMP,16,4,0.043719053,2015,1
hard_004,Hard,OpenMP,16,5,0.030573130,1876,1
hard_004,Hard,OMP-BranchBoundMRV,4,1,0.017757893,2015,1
hard_004,Hard,OMP-BranchBoundMRV,4,2,0.017722130,2015,1
hard_004,Hard,OMP-BranchBoundMRV,4,3,0.017671108,2015,1
hard_004,Hard,OMP-BranchBoundMRV,4,4,0.017664194,2015,1
hard_004,Hard,OMP-BranchBoundMRV,4,5,0.017672062,2015,1
hard_004,Hard,OMP-BranchBoundMRV,8,1,0.028177023,2015,1
hard_004,Hard,OMP-BranchBoundMRV,8,2,0.017783880,2015,1
hard_004,Hard,OMP-BranchBoundMRV,8,3,0.028491020,2015,1
hard_004,Hard,OMP-BranchBoundMRV,8,4,0.029263020,2015,1
hard_004,Hard,OMP-BranchBoundMRV,8,5,0.023164034,2002,1
hard_004,Hard,OMP-BranchBoundMRV,16,1,0.034464121,2015,1
hard_004,Hard,OMP-BranchBoundMRV,16,2,0.050848007,1356,1
hard_004,Hard,OMP-BranchBoundMRV,16,3,0.053358078,2015,1
hard_004,Hard,OMP-BranchBoundMRV,16,4,0.053789854,2015,1
hard_004,Hard,OMP-BranchBoundMRV,16,5,0.057677984,2015,1
hard_005,Hard,Serial,1,1,0.002018167,4618,1
hard_005,Hard,Serial,1,2,0.002023917,4618,1
hard_005,Hard,Serial,1,3,0.001960584,4618,1
hard_005,Hard,Serial,1,4,0.001959625,4618,1
hard_005,Hard,Serial,1,5,0.002046375,4618,1
hard_005,Hard,Serial-MRV,1,1,0.042188583,2997,1
hard_005,Hard,Serial-MRV,1,2,0.042127750,2997,1
hard_005,Hard,Serial-MRV,1,3,0.042210458,2997,1
hard_005,Hard,Serial-MRV,1,4,0.116796000,2997,1
hard_005,Hard,Serial-MRV,1,5,0.045541916,2997,1
hard_005,Hard,BranchBound,1,1,0.002189417,4618,1
hard_005,Hard,BranchBound,1,2,0.002160334,4618,1
hard_005,Hard,BranchBound,1,3,0.002043333,4618,1
hard_005,Hard,BranchBound,1,4,0.002047792,4618,1
hard_005,Hard,BranchBound,1,5,0.002072791,4618,1
hard_005,Hard,BranchBoundMRV,1,1,0.048450916,2997,1
hard_005,Hard,BranchBoundMRV,1,2,0.048062458,2997,1
hard_005,Hard,BranchBoundMRV,1,3,0.054895834,2997,1
hard_005,Hard,BranchBoundMRV,1,4,0.047547000,2997,1
hard_005,Hard,BranchBoundMRV,1,5,0.049669125,2997,1
hard_005,Hard,OpenMP,4,1,0.004312992,740,1
hard_005,Hard,OpenMP,4,2,0.004274130,701,1
hard_005,Hard,OpenMP,4,3,0.004220009,690,1
hard_005,Hard,OpenMP,4,4,0.004098892,719,1
hard_005,Hard,OpenMP,4,5,0.004171848,701,1
hard_005,Hard,OpenMP,8,1,0.004330158,756,1
hard_005,Hard,OpenMP,8,2,0.009174109,1040,1
hard_005,Hard,OpenMP,8,3,0.007714033,915,1
hard_005,Hard,OpenMP,8,4,0.004297018,622,1
hard_005,Hard,OpenMP,8,5,0.004155874,515,1
hard_005,Hard,OpenMP,16,1,0.027111053,825,1
hard_005,Hard,OpenMP,16,2,0.020090818,600,1
hard_005,Hard,OpenMP,16,3,0.083766937,1845,1
hard_005,Hard,OpenMP,16,4,0.021252871,616,1
hard_005,Hard,OpenMP,16,5,0.021831036,533,1
hard_005,Hard,OMP-BranchBoundMRV,4,1,0.004729986,747,1
hard_005,Hard,OMP-BranchBoundMRV,4,2,0.004728079,749,1
hard_005,Hard,OMP-BranchBoundMRV,4,3,0.004781008,753,1
hard_005,Hard,OMP-BranchBoundMRV,4,4,0.004311085,687,1
hard_005,Hard,OMP-BranchBoundMRV,4,5,0.004245043,690,1
hard_005,Hard,OMP-BranchBoundMRV,8,1,0.007644892,861,1
hard_005,Hard,OMP-BranchBoundMRV,8,2,0.004994869,612,1
hard_005,Hard,OMP-BranchBoundMRV,8,3,0.004451990,555,1
hard_005,Hard,OMP-BranchBoundMRV,8,4,0.006111860,688,1
hard_005,Hard,OMP-BranchBoundMRV,8,5,0.004434109,509,1
hard_005,Hard,OMP-BranchBoundMRV,16,1,0.065969944,1056,1
hard_005,Hard,OMP-BranchBoundMRV,16,2,0.065088034,621,1
hard_005,Hard,OMP-BranchBoundMRV,16,3,0.026232958,584,1
hard_005,Hard,OMP-BranchBoundMRV,16,4,0.018362999,795,1
hard_005,Hard,OMP-BranchBoundMRV,16,5,0.014700174,903,1
hard_006,Hard,Serial,1,1,0.038049959,84869,1
hard_006,Hard,Serial,1,2,0.037199375,84869,1
hard_006,Hard,Serial,1,3,0.036100833,84869,1
hard_006,Hard,Serial,1,4,0.035964417,84869,1
hard_006,Hard,Serial,1,5,0.036059125,84869,1
hard_006,Hard,Serial-MRV,1,1,0.035896542,2379,1
hard_006,Hard,Serial-MRV,1,2,0.036768334,2379,1
hard_006,Hard,Serial-MRV,1,3,0.036815833,2379,1
hard_006,Hard,Serial-MRV,1,4,0.035179750,2379,1
hard_006,Hard,Serial-MRV,1,5,0.035111125,2379,1
hard_006,Hard,BranchBound,1,1,0.036206334,84869,1
hard_006,Hard,BranchBound,1,2,0.036145208,84869,1
hard_006,Hard,BranchBound,1,3,0.036169333,84869,1
hard_006,Hard,BranchBound,1,4,0.036258959,84869,1
hard_006,Hard,BranchBound,1,5,0.036237875,84869,1
hard_006,Hard,BranchBoundMRV,1,1,0.039419250,2379,1
hard_006,Hard,BranchBoundMRV,1,2,0.041185333,2379,1
hard_006,Hard,BranchBoundMRV,1,3,0.040363334,2379,1
hard_006,Hard,BranchBoundMRV,1,4,0.039025708,2379,1
hard_006,Hard,BranchBoundMRV,1,5,0.038656083,2379,1
hard_006,Hard,OpenMP,4,1,0.014734983,2379,1
hard_006,Hard,OpenMP,4,2,0.014662981,2379,1
hard_006,Hard,OpenMP,4,3,0.014679909,2379,1
hard_006,Hard,OpenMP,4,4,0.014705896,2379,1
hard_006,Hard,OpenMP,4,5,0.014660120,2379,1
hard_006,Hard,OpenMP,8,1,0.020677805,1958,1
hard_006,Hard,OpenMP,8,2,0.026231050,2376,1
hard_006,Hard,OpenMP,8,3,0.020634174,2377,1
hard_006,Hard,OpenMP,8,4,0.020673990,2363,1
hard_006,Hard,OpenMP,8,5,0.031288862,2379,1
hard_006,Hard,OpenMP,16,1,0.050357103,2015,1
hard_006,Hard,OpenMP,16,2,0.058628798,1987,1
hard_006,Hard,OpenMP,16,3,0.047647953,2033,1
hard_006,Hard,OpenMP,16,4,0.050204039,2379,1
hard_006,Hard,OpenMP,16,5,0.049969912,1800,1
hard_006,Hard,OMP-BranchBoundMRV,4,1,0.015497923,2379,1
hard_006,Hard,OMP-BranchBoundMRV,4,2,0.014780998,2379,1
hard_006,Hard,OMP-BranchBoundMRV,4,3,0.014721155,2379,1
hard_006,Hard,OMP-BranchBoundMRV,4,4,0.014831066,2379,1
hard_006,Hard,OMP-BranchBoundMRV,4,5,0.014719009,2379,1
hard_006,Hard,OMP-BranchBoundMRV,8,1,0.020906925,2249,1
hard_006,Hard,OMP-BranchBoundMRV,8,2,0.035542011,2007,1
hard_006,Hard,OMP-BranchBoundMRV,8,3,0.020090818,1864,1
hard_006,Hard,OMP-BranchBoundMRV,8,4,0.027652025,2379,1
hard_006,Hard,OMP-BranchBoundMRV,8,5,0.020414114,2362,1
hard_006,Hard,OMP-BranchBoundMRV,16,1,0.043401003,988,1
hard_006,Hard,OMP-BranchBoundMRV,16,2,0.044246197,1836,1
hard_006,Hard,OMP-BranchBoundMRV,16,3,0.072930098,2379,1
hard_006,Hard,OMP-BranchBoundMRV,16,4,0.071797132,2379,1
hard_006,Hard,OMP-BranchBoundMRV,16,5,0.061103821,1968,1
hard_007,Hard,Serial,1,1,0.003921542,8923,1
hard_007,Hard,Serial,1,2,0.003873208,8923,1
hard_007,Hard,Serial,1,3,0.003893459,8923,1
hard_007,Hard,Serial,1,4,0.003877500,8923,1
hard_007,Hard,Serial,1,5,0.003903750,8923,1
hard_007,Hard,Serial-MRV,1,1,0.020319625,1399,1
hard_007,Hard,Serial-MRV,1,2,0.020393666,1399,1
hard_007,Hard,Serial-MRV,1,3,0.020462208,1399,1
hard_007,Hard,Serial-MRV,1,4,0.020375125,1399,1
hard_007,Hard,Serial-MRV,1,5,0.020386334,1399,1
hard_007,Hard,BranchBound,1,1,0.003902625,8923,1
hard_007,Hard,BranchBound,1,2,0.003901292,8923,1
hard_007,Hard,BranchBound,1,3,0.003892000,8923,1
hard_007,Hard,BranchBound,1,4,0.003887167,8923,1
hard_007,Hard,BranchBound,1,5,0.004015125,8923,1
hard_007,Hard,BranchBoundMRV,1,1,0.022290000,1399,1
hard_007,Hard,BranchBoundMRV,1,2,0.022490333,1399,1
hard_007,Hard,BranchBoundMRV,1,3,0.022659375,1399,1
hard_007,Hard,BranchBoundMRV,1,4,0.023237166,1399,1
hard_007,Hard,BranchBoundMRV,1,5,0.023315791,1399,1
hard_007,Hard,OpenMP,4,1,0.001199961,216,1
hard_007,Hard,OpenMP,4,2,0.001197100,199,1
hard_007,Hard,OpenMP,4,3,0.001276970,203,1
hard_007,Hard,OpenMP,4,4,0.001212835,215,1
hard_007,Hard,OpenMP,4,5,0.001168966,207,1
hard_007,Hard,OpenMP,8,1,0.004728079,220,1
hard_007,Hard,OpenMP,8,2,0.001224995,198,1
hard_007,Hard,OpenMP,8,3,0.002891064,455,1
hard_007,Hard,OpenMP,8,4,0.001220942,184,1
hard_007,Hard,OpenMP,8,5,0.002419949,194,1
hard_007,Hard,OpenMP,16,1,0.004392147,376,1
hard_007,Hard,OpenMP,16,2,0.017775059,633,1
hard_007,Hard,OpenMP,16,3,0.036650896,494,1
hard_007,Hard,OpenMP,16,4,0.060746908,193,1
hard_007,Hard,OpenMP,16,5,0.026846170,431,1
hard_007,Hard,OMP-BranchBoundMRV,4,1,0.001377106,243,1
hard_007,Hard,OMP-BranchBoundMRV,4,2,0.001360178,244,1
hard_007,Hard,OMP-BranchBoundMRV,4,3,0.001358986,244,1
hard_007,Hard,OMP-BranchBoundMRV,4,4,0.001354933,243,1
hard_007,Hard,OMP-BranchBoundMRV,4,5,0.001352072,243,1
hard_007,Hard,OMP-BranchBoundMRV,8,1,0.003032923,570,1
hard_007,Hard,OMP-BranchBoundMRV,8,2,0.003404856,568,1
hard_007,Hard,OMP-BranchBoundMRV,8,3,0.003098011,505,1
hard_007,Hard,OMP-BranchBoundMRV,8,4,0.001405001,255,1
hard_007,Hard,OMP-BranchBoundMRV,8,5,0.003497839,363,1
hard_007,Hard,OMP-BranchBoundMRV,16,1,0.039551973,528,1
hard_007,Hard,OMP-BranchBoundMRV,16,2,0.024502039,217,1
hard_007,Hard,OMP-BranchBoundMRV,16,3,0.011289120,664,1
hard_007,Hard,OMP-BranchBoundMRV,16,4,0.013622999,440,1
hard_007,Hard,OMP-BranchBoundMRV,16,5,0.011807203,231,1
hard_008,Hard,Serial,1,1,0.012383792,27579,1
hard_008,Hard,Serial,1,2,0.012243958,27579,1
hard_008,Hard,Serial,1,3,0.011868875,27579,1
hard_008,Hard,Serial,1,4,0.011815000,27579,1
hard_008,Hard,Serial,1,5,0.011939833,27579,1
hard_008,Hard,Serial-MRV,1,1,0.016156000,1224,1
hard_008,Hard,Serial-MRV,1,2,0.016224917,1224,1
hard_008,Hard,Serial-MRV,1,3,0.016925084,1224,1
hard_008,Hard,Serial-MRV,1,4,0.016808500,1224,1
hard_008,Hard,Serial-MRV,1,5,0.016509042,1224,1
hard_008,Hard,BranchBound,1,1,0.012168000,27579,1
hard_008,Hard,BranchBound,1,2,0.012082959,27579,1
hard_008,Hard,BranchBound,1,3,0.011906209,27579,1
hard_008,Hard,BranchBound,1,4,0.011899958,27579,1
hard_008,Hard,BranchBound,1,5,0.012127750,27579,1
hard_008,Hard,BranchBoundMRV,1,1,0.018899292,1224,1
hard_008,Hard,BranchBoundMRV,1,2,0.019025041,1224,1
hard_008,Hard,BranchBoundMRV,1,3,0.019021125,1224,1
hard_008,Hard,BranchBoundMRV,1,4,0.018956917,1224,1
hard_008,Hard,BranchBoundMRV,1,5,0.019189042,1224,1
hard_008,Hard,OpenMP,4,1,0.019963980,2414,1
hard_008,Hard,OpenMP,4,2,0.019484997,2429,1
hard_008,Hard,OpenMP,4,3,0.019453049,2430,1
hard_008,Hard,OpenMP,4,4,0.019427061,2416,1
hard_008,Hard,OpenMP,4,5,0.019471169,2430,1
hard_008,Hard,OpenMP,8,1,0.025634766,2396,1
hard_008,Hard,OpenMP,8,2,0.019687176,2415,1
hard_008,Hard,OpenMP,8,3,0.028609991,2438,1
hard_008,Hard,OpenMP,8,4,0.029016972,2467,1
hard_008,Hard,OpenMP,8,5,0.024186134,2149,1
hard_008,Hard,OpenMP,16,1,0.065637827,2602,1
hard_008,Hard,OpenMP,16,2,0.062351942,1516,1
hard_008,Hard,OpenMP,16,3,0.071021080,2602,1
hard_008,Hard,OpenMP,16,4,0.066791058,2602,1
hard_008,Hard,OpenMP,16,5,0.105427980,2602,1
hard_008,Hard,OMP-BranchBoundMRV,4,1,0.019498825,2424,1
hard_008,Hard,OMP-BranchBoundMRV,4,2,0.019459009,2422,1
hard_008,Hard,OMP-BranchBoundMRV,4,3,0.019497156,2417,1
hard_008,Hard,OMP-BranchBoundMRV,4,4,0.019439936,2425,1
hard_008,Hard,OMP-BranchBoundMRV,4,5,0.019427061,2422,1
hard_008,Hard,OMP-BranchBoundMRV,8,1,0.062506199,2602,1
hard_008,Hard,OMP-BranchBoundMRV,8,2,0.025206089,2416,1
hard_008,Hard,OMP-BranchBoundMRV,8,3,0.026268959,2279,1
hard_008,Hard,OMP-BranchBoundMRV,8,4,0.025580883,2374,1
hard_008,Hard,OMP-BranchBoundMRV,8,5,0.027518034,2544,1
hard_008,Hard,OMP-BranchBoundMRV,16,1,0.170878172,2602,1
hard_008,Hard,OMP-BranchBoundMRV,16,2,0.061045885,2602,1
hard_008,Hard,OMP-BranchBoundMRV,16,3,0.078706026,2019,1
hard_008,Hard,OMP-BranchBoundMRV,16,4,0.048352003,1839,1
hard_008,Hard,OMP-BranchBoundMRV,16,5,0.069618940,2406,1
hard_009,Hard,Serial,1,1,0.008620458,22180,1
hard_009,Hard,Serial,1,2,0.008710084,22180,1
hard_009,Hard,Serial,1,3,0.008708375,22180,1
hard_009,Hard,Serial,1,4,0.008638833,22180,1
hard_009,Hard,Serial,1,5,0.008736250,22180,1
hard_009,Hard,Serial-MRV,1,1,0.017252375,1245,1
hard_009,Hard,Serial-MRV,1,2,0.017103125,1245,1
hard_009,Hard,Serial-MRV,1,3,0.017167167,1245,1
hard_009,Hard,Serial-MRV,1,4,0.017138834,1245,1
hard_009,Hard,Serial-MRV,1,5,0.017265166,1245,1
hard_009,Hard,BranchBound,1,1,0.008636083,22180,1
hard_009,Hard,BranchBound,1,2,0.008678500,22180,1
hard_009,Hard,BranchBound,1,3,0.008661875,22180,1
hard_009,Hard,BranchBound,1,4,0.008631333,22180,1
hard_009,Hard,BranchBound,1,5,0.008633417,22180,1
hard_009,Hard,BranchBoundMRV,1,1,0.019080833,1245,1
hard_009,Hard,BranchBoundMRV,1,2,0.019804041,1245,1
hard_009,Hard,BranchBoundMRV,1,3,0.019924667,1245,1
hard_009,Hard,BranchBoundMRV,1,4,0.019942708,1245,1
hard_009,Hard,BranchBoundMRV,1,5,0.019926333,1245,1
hard_009,Hard,OpenMP,4,1,0.009175062,1245,1
hard_009,Hard,OpenMP,4,2,0.009047985,1245,1
hard_009,Hard,OpenMP,4,3,0.008992910,1245,1
hard_009,Hard,OpenMP,4,4,0.008917093,1245,1
hard_009,Hard,OpenMP,4,5,0.008824110,1245,1
hard_009,Hard,OpenMP,8,1,0.008770943,1245,1
hard_009,Hard,OpenMP,8,2,0.008786917,1245,1
hard_009,Hard,OpenMP,8,3,0.008854866,1016,1
hard_009,Hard,OpenMP,8,4,0.008763790,1245,1
hard_009,Hard,OpenMP,8,5,0.008799076,1077,1
hard_009,Hard,OpenMP,16,1,0.057373047,810,1
hard_009,Hard,OpenMP,16,2,0.030798197,1080,1
hard_009,Hard,OpenMP,16,3,0.075431108,1245,1
hard_009,Hard,OpenMP,16,4,0.015371084,845,1
hard_009,Hard,OpenMP,16,5,0.064660072,1245,1
hard_009,Hard,OMP-BranchBoundMRV,4,1,0.008872032,1245,1
hard_009,Hard,OMP-BranchBoundMRV,4,2,0.008951902,1245,1
hard_009,Hard,OMP-BranchBoundMRV,4,3,0.008905888,1245,1
hard_009,Hard,OMP-BranchBoundMRV,4,4,0.008857965,1245,1
hard_009,Hard,OMP-BranchBoundMRV,4,5,0.008901119,1245,1
hard_009,Hard,OMP-BranchBoundMRV,8,1,0.008877039,1152,1
hard_009,Hard,OMP-BranchBoundMRV,8,2,0.011349201,1181,1
hard_009,Hard,OMP-BranchBoundMRV,8,3,0.008857012,1245,1
hard_009,Hard,OMP-BranchBoundMRV,8,4,0.008842945,1245,1
hard_009,Hard,OMP-BranchBoundMRV,8,5,0.008872986,1114,1
hard_009,Hard,OMP-BranchBoundMRV,16,1,0.110940933,1245,1
hard_009,Hard,OMP-BranchBoundMRV,16,2,0.037800074,1139,1
hard_009,Hard,OMP-BranchBoundMRV,16,3,0.034107924,1245,1
hard_009,Hard,OMP-BranchBoundMRV,16,4,0.034570932,1245,1
hard_009,Hard,OMP-BranchBoundMRV,16,5,0.033884048,1204,1
hard_010,Hard,Serial,1,1,0.002555000,5818,1
hard_010,Hard,Serial,1,2,0.002458542,5818,1
hard_010,Hard,Serial,1,3,0.002459167,5818,1
hard_010,Hard,Serial,1,4,0.002461125,5818,1
hard_010,Hard,Serial,1,5,0.002562875,5818,1
hard_010,Hard,Serial-MRV,1,1,0.018079708,1291,1
hard_010,Hard,Serial-MRV,1,2,0.018200542,1291,1
hard_010,Hard,Serial-MRV,1,3,0.018151333,1291,1
hard_010,Hard,Serial-MRV,1,4,0.018069708,1291,1
hard_010,Hard,Serial-MRV,1,5,0.018161375,1291,1
hard_010,Hard,BranchBound,1,1,0.002479167,5818,1
hard_010,Hard,BranchBound,1,2,0.002578625,5818,1
hard_010,Hard,BranchBound,1,3,0.002473167,5818,1
hard_010,Hard,BranchBound,1,4,0.002496250,5818,1
hard_010,Hard,BranchBound,1,5,0.002490916,5818,1
hard_010,Hard,BranchBoundMRV,1,1,0.020460667,1291,1
hard_010,Hard,BranchBoundMRV,1,2,0.020367209,1291,1
hard_010,Hard,BranchBoundMRV,1,3,0.020450250,1291,1
hard_010,Hard,BranchBoundMRV,1,4,0.020458833,1291,1
hard_010,Hard,BranchBoundMRV,1,5,0.021177583,1291,1
hard_010,Hard,OpenMP,4,1,0.001451015,245,1
hard_010,Hard,OpenMP,4,2,0.001360893,303,1
hard_010,Hard,OpenMP,4,3,0.001353979,306,1
hard_010,Hard,OpenMP,4,4,0.001511097,319,1
hard_010,Hard,OpenMP,4,5,0.001366138,233,1
hard_010,Hard,OpenMP,8,1,0.013585806,305,1
hard_010,Hard,OpenMP,8,2,0.010365009,610,1
hard_010,Hard,OpenMP,8,3,0.008151054,374,1
hard_010,Hard,OpenMP,8,4,0.003610134,726,1
hard_010,Hard,OpenMP,8,5,0.002472878,361,1
hard_010,Hard,OpenMP,16,1,0.023942947,479,1
hard_010,Hard,OpenMP,16,2,0.009367943,345,1
hard_010,Hard,OpenMP,16,3,0.032307863,304,1
hard_010,Hard,OpenMP,16,4,0.069572926,1201,1
hard_010,Hard,OpenMP,16,5,0.022449970,890,1
hard_010,Hard,OMP-BranchBoundMRV,4,1,0.001575947,312,1
hard_010,Hard,OMP-BranchBoundMRV,4,2,0.001497030,311,1
hard_010,Hard,OMP-BranchBoundMRV,4,3,0.006888151,1382,1
hard_010,Hard,OMP-BranchBoundMRV,4,4,0.001641989,314,1
hard_010,Hard,OMP-BranchBoundMRV,4,5,0.001506805,305,1
hard_010,Hard,OMP-BranchBoundMRV,8,1,0.001585007,326,1
hard_010,Hard,OMP-BranchBoundMRV,8,2,0.002660990,549,1
hard_010,Hard,OMP-BranchBoundMRV,8,3,0.001600981,376,1
hard_010,Hard,OMP-BranchBoundMRV,8,4,0.002435923,435,1
hard_010,Hard,OMP-BranchBoundMRV,8,5,0.002799034,584,1
hard_010,Hard,OMP-BranchBoundMRV,16,1,0.016368866,363,1
hard_010,Hard,OMP-BranchBoundMRV,16,2,0.027216911,1163,1
hard_010,Hard,OMP-BranchBoundMRV,16,3,0.007272005,338,1
hard_010,Hard,OMP-BranchBoundMRV,16,4,0.023230076,1507,1
hard_010,Hard,OMP-BranchBoundMRV,16,5,0.016435146,241,1
hard_011,Hard,Serial,1,1,0.008951542,22346,1
hard_011,Hard,Serial,1,2,0.008887750,22346,1
hard_011,Hard,Serial,1,3,0.008866250,22346,1
hard_011,Hard,Serial,1,4,0.008913333,22346,1
hard_011,Hard,Serial,1,5,0.008859208,22346,1
hard_011,Hard,Serial-MRV,1,1,0.016713375,1027,1
hard_011,Hard,Serial-MRV,1,2,0.016636834,1027,1
hard_011,Hard,Serial-MRV,1,3,0.017196833,1027,1
hard_011,Hard,Serial-MRV,1,4,0.017411958,1027,1
hard_011,Hard,Serial-MRV,1,5,0.017551667,1027,1
hard_011,Hard,BranchBound,1,1,0.009560708,22346,1
hard_011,Hard,BranchBound,1,2,0.019184833,22346,1
hard_011,Hard,BranchBound,1,3,0.024356875,22346,1
hard_011,Hard,BranchBound,1,4,0.029784000,22346,1
hard_011,Hard,BranchBound,1,5,0.019637625,22346,1
hard_011,Hard,BranchBoundMRV,1,1,0.040812459,1027,1
hard_011,Hard,BranchBoundMRV,1,2,0.040935250,1027,1
hard_011,Hard,BranchBoundMRV,1,3,0.053600708,1027,1
hard_011,Hard,BranchBoundMRV,1,4,0.042109416,1027,1
hard_011,Hard,BranchBoundMRV,1,5,0.032250333,1027,1
hard_011,Hard,OpenMP,4,1,0.005939960,599,1
hard_011,Hard,OpenMP,4,2,0.006403923,445,1
hard_011,Hard,OpenMP,4,3,0.002188206,220,1
hard_011,Hard,OpenMP,4,4,0.002395868,235,1
hard_011,Hard,OpenMP,4,5,0.001981974,202,1
hard_011,Hard,OpenMP,8,1,0.009798050,202,1
hard_011,Hard,OpenMP,8,2,0.015613794,358,1
hard_011,Hard,OpenMP,8,3,0.005071878,308,1
hard_011,Hard,OpenMP,8,4,0.016845942,243,1
hard_011,Hard,OpenMP,8,5,0.024383068,290,1
hard_011,Hard,OpenMP,16,1,0.067923069,210,1
hard_011,Hard,OpenMP,16,2,0.050086975,424,1
hard_011,Hard,OpenMP,16,3,0.030158043,238,1
hard_011,Hard,OpenMP,16,4,0.035456181,1027,1
hard_011,Hard,OpenMP,16,5,0.018587112,578,1
hard_011,Hard,OMP-BranchBoundMRV,4,1,0.001788855,314,1
hard_011,Hard,OMP-BranchBoundMRV,4,2,0.001806021,302,1
hard_011,Hard,OMP-BranchBoundMRV,4,3,0.001816034,309,1
hard_011,Hard,OMP-BranchBoundMRV,4,4,0.001866817,321,1
hard_011,Hard,OMP-BranchBoundMRV,4,5,0.001848936,315,1
hard_011,Hard,OMP-BranchBoundMRV,8,1,0.001842022,336,1
hard_011,Hard,OMP-BranchBoundMRV,8,2,0.004210949,579,1
hard_011,Hard,OMP-BranchBoundMRV,8,3,0.005267859,712,1
hard_011,Hard,OMP-BranchBoundMRV,8,4,0.004198074,587,1
hard_011,Hard,OMP-BranchBoundMRV,8,5,0.002830029,538,1
hard_011,Hard,OMP-BranchBoundMRV,16,1,0.017102957,405,1
hard_011,Hard,OMP-BranchBoundMRV,16,2,0.032598972,1027,1
hard_011,Hard,OMP-BranchBoundMRV,16,3,0.018745184,687,1
hard_011,Hard,OMP-BranchBoundMRV,16,4,0.053877115,335,1
hard_011,Hard,OMP-BranchBoundMRV,16,5,0.020318985,764,1
hard_012,Hard,Serial,1,1,0.027004333,64026,1
hard_012,Hard,Serial,1,2,0.028211458,64026,1
hard_012,Hard,Serial,1,3,0.028109750,64026,1
hard_012,Hard,Serial,1,4,0.028041542,64026,1
hard_012,Hard,Serial,1,5,0.027900416,64026,1
hard_012,Hard,Serial-MRV,1,1,0.028906916,1859,1
hard_012,Hard,Serial-MRV,1,2,0.028690791,1859,1
hard_012,Hard,Serial-MRV,1,3,0.028858000,1859,1
hard_012,Hard,Serial-MRV,1,4,0.028910917,1859,1
hard_012,Hard,Serial-MRV,1,5,0.028752667,1859,1
hard_012,Hard,BranchBound,1,1,0.027111208,64026,1
hard_012,Hard,BranchBound,1,2,0.027238625,64026,1
hard_012,Hard,BranchBound,1,3,0.028152750,64026,1
hard_012,Hard,BranchBound,1,4,0.028032166,64026,1
hard_012,Hard,BranchBound,1,5,0.028119208,64026,1
hard_012,Hard,BranchBoundMRV,1,1,0.032037209,1859,1
hard_012,Hard,BranchBoundMRV,1,2,0.031493042,1859,1
hard_012,Hard,BranchBoundMRV,1,3,0.031644541,1859,1
hard_012,Hard,BranchBoundMRV,1,4,0.031590459,1859,1
hard_012,Hard,BranchBoundMRV,1,5,0.031415292,1859,1
hard_012,Hard,OpenMP,4,1,0.011146069,1859,1
hard_012,Hard,OpenMP,4,2,0.011094809,1859,1
hard_012,Hard,OpenMP,4,3,0.011165857,1859,1
hard_012,Hard,OpenMP,4,4,0.011206865,1859,1
hard_012,Hard,OpenMP,4,5,0.012146950,1859,1
hard_012,Hard,OpenMP,8,1,0.022927046,1859,1
hard_012,Hard,OpenMP,8,2,0.020678997,1859,1
hard_012,Hard,OpenMP,8,3,0.026081085,1859,1
hard_012,Hard,OpenMP,8,4,0.015583992,1743,1
hard_012,Hard,OpenMP,8,5,0.019250154,1859,1
hard_012,Hard,OpenMP,16,1,0.049384117,1537,1
hard_012,Hard,OpenMP,16,2,0.066483974,1859,1
hard_012,Hard,OpenMP,16,3,0.022048950,1686,1
hard_012,Hard,OpenMP,16,4,0.038115025,1859,1
hard_012,Hard,OpenMP,16,5,0.038892984,1859,1
hard_012,Hard,OMP-BranchBoundMRV,4,1,0.011386156,1649,1
hard_012,Hard,OMP-BranchBoundMRV,4,2,0.011409998,1650,1
hard_012,Hard,OMP-BranchBoundMRV,4,3,0.011384964,1651,1
hard_012,Hard,OMP-BranchBoundMRV,4,4,0.011407137,1653,1
hard_012,Hard,OMP-BranchBoundMRV,4,5,0.011409998,1648,1
hard_012,Hard,OMP-BranchBoundMRV,8,1,0.013622999,1859,1
hard_012,Hard,OMP-BranchBoundMRV,8,2,0.017060041,1859,1
hard_012,Hard,OMP-BranchBoundMRV,8,3,0.013118982,1759,1
hard_012,Hard,OMP-BranchBoundMRV,8,4,0.017338037,1859,1
hard_012,Hard,OMP-BranchBoundMRV,8,5,0.017086983,1859,1
hard_012,Hard,OMP-BranchBoundMRV,16,1,0.029625893,1859,1
hard_012,Hard,OMP-BranchBoundMRV,16,2,0.044255018,1701,1
hard_012,Hard,OMP-BranchBoundMRV,16,3,0.088683128,1859,1
hard_012,Hard,OMP-BranchBoundMRV,16,4,0.067177773,1859,1
hard_012,Hard,OMP-BranchBoundMRV,16,5,0.023017168,1687,1
hard_013,Hard,Serial,1,1,0.007600875,17311,1
hard_013,Hard,Serial,1,2,0.007465792,17311,1
hard_013,Hard,Serial,1,3,0.007404542,17311,1
hard_013,Hard,Serial,1,4,0.007439500,17311,1
hard_013,Hard,Serial,1,5,0.007479292,17311,1
hard_013,Hard,Serial-MRV,1,1,0.015161250,1171,1
hard_013,Hard,Serial-MRV,1,2,0.015099125,1171,1
hard_013,Hard,Serial-MRV,1,3,0.015156417,1171,1
hard_013,Hard,Serial-MRV,1,4,0.015091958,1171,1
hard_013,Hard,Serial-MRV,1,5,0.015106833,1171,1
hard_013,Hard,BranchBound,1,1,0.007433000,17311,1
hard_013,Hard,BranchBound,1,2,0.007489334,17311,1
hard_013,Hard,BranchBound,1,3,0.007653167,17311,1
hard_013,Hard,BranchBound,1,4,0.007479625,17311,1
hard_013,Hard,BranchBound,1,5,0.007441208,17311,1
hard_013,Hard,BranchBoundMRV,1,1,0.017033791,1171,1
hard_013,Hard,BranchBoundMRV,1,2,0.017082833,1171,1
hard_013,Hard,BranchBoundMRV,1,3,0.017316375,1171,1
hard_013,Hard,BranchBoundMRV,1,4,0.017768375,1171,1
hard_013,Hard,BranchBoundMRV,1,5,0.017750083,1171,1
hard_013,Hard,OpenMP,4,1,0.000896931,149,1
hard_013,Hard,OpenMP,4,2,0.000841856,177,1
hard_013,Hard,OpenMP,4,3,0.000846863,173,1
hard_013,Hard,OpenMP,4,4,0.000833988,177,1
hard_013,Hard,OpenMP,4,5,0.000831842,175,1
hard_013,Hard,OpenMP,8,1,0.000856876,159,1
hard_013,Hard,OpenMP,8,2,0.001955986,277,1
hard_013,Hard,OpenMP,8,3,0.001003027,146,1
hard_013,Hard,OpenMP,8,4,0.001326084,218,1
hard_013,Hard,OpenMP,8,5,0.001949787,221,1
hard_013,Hard,OpenMP,16,1,0.006098986,350,1
hard_013,Hard,OpenMP,16,2,0.013936043,209,1
hard_013,Hard,OpenMP,16,3,0.015748024,190,1
hard_013,Hard,OpenMP,16,4,0.011562824,374,1
hard_013,Hard,OpenMP,16,5,0.010426998,189,1
hard_013,Hard,OMP-BranchBoundMRV,4,1,0.001053095,155,1
hard_013,Hard,OMP-BranchBoundMRV,4,2,0.000986099,174,1
hard_013,Hard,OMP-BranchBoundMRV,4,3,0.001066923,194,1
hard_013,Hard,OMP-BranchBoundMRV,4,4,0.000985146,181,1
hard_013,Hard,OMP-BranchBoundMRV,4,5,0.000977993,180,1
hard_013,Hard,OMP-BranchBoundMRV,8,1,0.002236128,357,1
hard_013,Hard,OMP-BranchBoundMRV,8,2,0.000988007,165,1
hard_013,Hard,OMP-BranchBoundMRV,8,3,0.002146006,346,1
hard_013,Hard,OMP-BranchBoundMRV,8,4,0.001274824,175,1
hard_013,Hard,OMP-BranchBoundMRV,8,5,0.001002073,163,1
hard_013,Hard,OMP-BranchBoundMRV,16,1,0.011606932,181,1
hard_013,Hard,OMP-BranchBoundMRV,16,2,0.019392014,358,1
hard_013,Hard,OMP-BranchBoundMRV,16,3,0.041690111,172,1
hard_013,Hard,OMP-BranchBoundMRV,16,4,0.065563917,160,1
hard_013,Hard,OMP-BranchBoundMRV,16,5,0.030126095,257,1
hard_014,Hard,Serial,1,1,0.010130750,23636,1
hard_014,Hard,Serial,1,2,0.010241042,23636,1
hard_014,Hard,Serial,1,3,0.010176708,23636,1
hard_014,Hard,Serial,1,4,0.010201583,23636,1
hard_014,Hard,Serial,1,5,0.010104750,23636,1
hard_014,Hard,Serial-MRV,1,1,0.018668250,1231,1
hard_014,Hard,Serial-MRV,1,2,0.018313167,1231,1
hard_014,Hard,Serial-MRV,1,3,0.018220042,1231,1
hard_014,Hard,Serial-MRV,1,4,0.018226375,1231,1
hard_014,Hard,Serial-MRV,1,5,0.018171666,1231,1
hard_014,Hard,BranchBound,1,1,0.009812833,23636,1
hard_014,Hard,BranchBound,1,2,0.009882334,23636,1
hard_014,Hard,BranchBound,1,3,0.009759041,23636,1
hard_014,Hard,BranchBound,1,4,0.009846916,23636,1
hard_014,Hard,BranchBound,1,5,0.009837541,23636,1
hard_014,Hard,BranchBoundMRV,1,1,0.021298417,1231,1
hard_014,Hard,BranchBoundMRV,1,2,0.021717459,1231,1
hard_014,Hard,BranchBoundMRV,1,3,0.021786625,1231,1
hard_014,Hard,BranchBoundMRV,1,4,0.021668000,1231,1
hard_014,Hard,BranchBoundMRV,1,5,0.021677042,1231,1
hard_014,Hard,OpenMP,4,1,0.001349926,218,1
hard_014,Hard,OpenMP,4,2,0.001398802,214,1
hard_014,Hard,OpenMP,4,3,0.001334906,196,1
hard_014,Hard,OpenMP,4,4,0.001409054,210,1
hard_014,Hard,OpenMP,4,5,0.001382113,222,1
hard_014,Hard,OpenMP,8,1,0.003091812,607,1
hard_014,Hard,OpenMP,8,2,0.003514051,391,1
hard_014,Hard,OpenMP,8,3,0.001367092,249,1
hard_014,Hard,OpenMP,8,4,0.003078938,605,1
hard_014,Hard,OpenMP,8,5,0.001637936,226,1
hard_014,Hard,OpenMP,16,1,0.009756088,212,1
hard_014,Hard,OpenMP,16,2,0.016597033,240,1
hard_014,Hard,OpenMP,16,3,0.032493830,216,1
hard_014,Hard,OpenMP,16,4,0.020457029,224,1
hard_014,Hard,OpenMP,16,5,0.039530993,254,1
hard_014,Hard,OMP-BranchBoundMRV,4,1,0.001503944,260,1
hard_014,Hard,OMP-BranchBoundMRV,4,2,0.001487970,260,1
hard_014,Hard,OMP-BranchBoundMRV,4,3,0.001486063,260,1
hard_014,Hard,OMP-BranchBoundMRV,4,4,0.001489162,260,1
hard_014,Hard,OMP-BranchBoundMRV,4,5,0.001493931,257,1
hard_014,Hard,OMP-BranchBoundMRV,8,1,0.001653910,294,1
hard_014,Hard,OMP-BranchBoundMRV,8,2,0.001971006,230,1
hard_014,Hard,OMP-BranchBoundMRV,8,3,0.003415108,520,1
hard_014,Hard,OMP-BranchBoundMRV,8,4,0.006855011,261,1
hard_014,Hard,OMP-BranchBoundMRV,8,5,0.001590967,218,1
hard_014,Hard,OMP-BranchBoundMRV,16,1,0.024683952,297,1
hard_014,Hard,OMP-BranchBoundMRV,16,2,0.028825045,264,1
hard_014,Hard,OMP-BranchBoundMRV,16,3,0.022061110,137,1
hard_014,Hard,OMP-BranchBoundMRV,16,4,0.012108803,308,1
hard_014,Hard,OMP-BranchBoundMRV,16,5,0.007141113,200,1
hard_015,Hard,Serial,1,1,0.004274000,10081,1
hard_015,Hard,Serial,1,2,0.004293666,10081,1
hard_015,Hard,Serial,1,3,0.004206041,10081,1
hard_015,Hard,Serial,1,4,0.004299166,10081,1
hard_015,Hard,Serial,1,5,0.004199334,10081,1
hard_015,Hard,Serial-MRV,1,1,0.036696250,2936,1
hard_015,Hard,Serial-MRV,1,2,0.035266000,2936,1
hard_015,Hard,Serial-MRV,1,3,0.035296833,2936,1
hard_015,Hard,Serial-MRV,1,4,0.035259291,2936,1
hard_015,Hard,Serial-MRV,1,5,0.035178375,2936,1
hard_015,Hard,BranchBound,1,1,0.004084208,10081,1
hard_015,Hard,BranchBound,1,2,0.004416750,10081,1
hard_015,Hard,BranchBound,1,3,0.004276292,10081,1
hard_015,Hard,BranchBound,1,4,0.004274792,10081,1
hard_015,Hard,BranchBound,1,5,0.004213250,10081,1
hard_015,Hard,BranchBoundMRV,1,1,0.042978791,2936,1
hard_015,Hard,BranchBoundMRV,1,2,0.042692875,2936,1
hard_015,Hard,BranchBoundMRV,1,3,0.041427709,2936,1
hard_015,Hard,BranchBoundMRV,1,4,0.041115167,2936,1
hard_015,Hard,BranchBoundMRV,1,5,0.041794000,2936,1
hard_015,Hard,OpenMP,4,1,0.003973961,785,1
hard_015,Hard,OpenMP,4,2,0.003875017,764,1
hard_015,Hard,OpenMP,4,3,0.003916979,767,1
hard_015,Hard,OpenMP,4,4,0.003887892,762,1
hard_015,Hard,OpenMP,4,5,0.003937006,765,1
hard_015,Hard,OpenMP,8,1,0.008833885,789,1
hard_015,Hard,OpenMP,8,2,0.003899097,701,1
hard_015,Hard,OpenMP,8,3,0.009768963,1159,1
hard_015,Hard,OpenMP,8,4,0.009673119,805,1
hard_015,Hard,OpenMP,8,5,0.003852129,631,1
hard_015,Hard,OpenMP,16,1,0.020063162,642,1
hard_015,Hard,OpenMP,16,2,0.022118092,643,1
hard_015,Hard,OpenMP,16,3,0.020055771,485,1
hard_015,Hard,OpenMP,16,4,0.020351887,630,1
hard_015,Hard,OpenMP,16,5,0.046591997,470,1
hard_015,Hard,OMP-BranchBoundMRV,4,1,0.004226923,831,1
hard_015,Hard,OMP-BranchBoundMRV,4,2,0.004217863,831,1
hard_015,Hard,OMP-BranchBoundMRV,4,3,0.004220963,831,1
hard_015,Hard,OMP-BranchBoundMRV,4,4,0.004216909,829,1
hard_015,Hard,OMP-BranchBoundMRV,4,5,0.004223108,764,1
hard_015,Hard,OMP-BranchBoundMRV,8,1,0.004831076,814,1
hard_015,Hard,OMP-BranchBoundMRV,8,2,0.006350040,967,1
hard_015,Hard,OMP-BranchBoundMRV,8,3,0.005007982,727,1
hard_015,Hard,OMP-BranchBoundMRV,8,4,0.004989862,706,1
hard_015,Hard,OMP-BranchBoundMRV,8,5,0.004918098,716,1
hard_015,Hard,OMP-BranchBoundMRV,16,1,0.038689852,1598,1
hard_015,Hard,OMP-BranchBoundMRV,16,2,0.014006853,877,1
hard_015,Hard,OMP-BranchBoundMRV,16,3,0.019623995,457,1
hard_015,Hard,OMP-BranchBoundMRV,16,4,0.043825865,1459,1
hard_015,Hard,OMP-BranchBoundMRV,16,5,0.030739069,489,1
hard_016,Hard,Serial,1,1,0.004753083,10888,1
hard_016,Hard,Serial,1,2,0.004738334,10888,1
hard_016,Hard,Serial,1,3,0.004715542,10888,1
hard_016,Hard,Serial,1,4,0.004789250,10888,1
hard_016,Hard,Serial,1,5,0.004739458,10888,1
hard_016,Hard,Serial-MRV,1,1,0.012518208,1105,1
hard_016,Hard,Serial-MRV,1,2,0.012429959,1105,1
hard_016,Hard,Serial-MRV,1,3,0.012522416,1105,1
hard_016,Hard,Serial-MRV,1,4,0.012541042,1105,1
hard_016,Hard,Serial-MRV,1,5,0.012436583,1105,1
hard_016,Hard,BranchBound,1,1,0.004980583,10888,1
hard_016,Hard,BranchBound,1,2,0.004871625,10888,1
hard_016,Hard,BranchBound,1,3,0.004988875,10888,1
hard_016,Hard,BranchBound,1,4,0.004991125,10888,1
hard_016,Hard,BranchBound,1,5,0.004957000,10888,1
hard_016,Hard,BranchBoundMRV,1,1,0.014584416,1105,1
hard_016,Hard,BranchBoundMRV,1,2,0.014426000,1105,1
hard_016,Hard,BranchBoundMRV,1,3,0.014028125,1105,1
hard_016,Hard,BranchBoundMRV,1,4,0.014062417,1105,1
hard_016,Hard,BranchBoundMRV,1,5,0.013930625,1105,1
hard_016,Hard,OpenMP,4,1,0.007940769,1610,1
hard_016,Hard,OpenMP,4,2,0.007934093,1617,1
hard_016,Hard,OpenMP,4,3,0.007915020,1616,1
hard_016,Hard,OpenMP,4,4,0.007961988,1615,1
hard_016,Hard,OpenMP,4,5,0.007915974,1617,1
hard_016,Hard,OpenMP,8,1,0.007972002,1314,1
hard_016,Hard,OpenMP,8,2,0.013822079,1865,1
hard_016,Hard,OpenMP,8,3,0.013880968,1872,1
hard_016,Hard,OpenMP,8,4,0.018939972,1908,1
hard_016,Hard,OpenMP,8,5,0.016201973,1908,1
hard_016,Hard,OpenMP,16,1,0.021732092,1908,1
hard_016,Hard,OpenMP,16,2,0.022041082,1745,1
hard_016,Hard,OpenMP,16,3,0.012896061,1484,1
hard_016,Hard,OpenMP,16,4,0.009000063,1178,1
hard_016,Hard,OpenMP,16,5,0.024453163,639,1
hard_016,Hard,OMP-BranchBoundMRV,4,1,0.008489132,1632,1
hard_016,Hard,OMP-BranchBoundMRV,4,2,0.008044958,1608,1
hard_016,Hard,OMP-BranchBoundMRV,4,3,0.008105993,1618,1
hard_016,Hard,OMP-BranchBoundMRV,4,4,0.008038998,1614,1
hard_016,Hard,OMP-BranchBoundMRV,4,5,0.008041859,1609,1
hard_016,Hard,OMP-BranchBoundMRV,8,1,0.015439034,1908,1
hard_016,Hard,OMP-BranchBoundMRV,8,2,0.008021832,1614,1
hard_016,Hard,OMP-BranchBoundMRV,8,3,0.008019924,1305,1
hard_016,Hard,OMP-BranchBoundMRV,8,4,0.008068085,1037,1
hard_016,Hard,OMP-BranchBoundMRV,8,5,0.007990122,1601,1
hard_016,Hard,OMP-BranchBoundMRV,16,1,0.046619892,1850,1
hard_016,Hard,OMP-BranchBoundMRV,16,2,0.017544985,828,1
hard_016,Hard,OMP-BranchBoundMRV,16,3,0.099714041,1557,1
hard_016,Hard,OMP-BranchBoundMRV,16,4,0.061172962,1908,1
hard_016,Hard,OMP-BranchBoundMRV,16,5,0.022567987,1345,1
hard_017,Hard,Serial,1,1,0.054575708,131013,1
hard_017,Hard,Serial,1,2,0.054612834,131013,1
hard_017,Hard,Serial,1,3,0.054563666,131013,1
hard_017,Hard,Serial,1,4,0.055392416,131013,1
hard_017,Hard,Serial,1,5,0.056218458,131013,1
hard_017,Hard,Serial-MRV,1,1,0.016458792,1128,1
hard_017,Hard,Serial-MRV,1,2,0.016463000,1128,1
hard_017,Hard,Serial-MRV,1,3,0.016433917,1128,1
hard_017,Hard,Serial-MRV,1,4,0.016317959,1128,1
hard_017,Hard,Serial-MRV,1,5,0.016455833,1128,1
hard_017,Hard,BranchBound,1,1,0.055184125,131013,1
hard_017,Hard,BranchBound,1,2,0.055466083,131013,1
hard_017,Hard,BranchBound,1,3,0.056965417,131013,1
hard_017,Hard,BranchBound,1,4,0.056582625,131013,1
hard_017,Hard,BranchBound,1,5,0.054621792,131013,1
hard_017,Hard,BranchBoundMRV,1,1,0.018528292,1128,1
hard_017,Hard,BranchBoundMRV,1,2,0.018584500,1128,1
hard_017,Hard,BranchBoundMRV,1,3,0.018533542,1128,1
hard_017,Hard,BranchBoundMRV,1,4,0.018477000,1128,1
hard_017,Hard,BranchBoundMRV,1,5,0.018519416,1128,1
hard_017,Hard,OpenMP,4,1,0.004994154,1084,1
hard_017,Hard,OpenMP,4,2,0.004961014,1047,1
hard_017,Hard,OpenMP,4,3,0.004975796,1052,1
hard_017,Hard,OpenMP,4,4,0.004971981,1052,1
hard_017,Hard,OpenMP,4,5,0.004971027,1052,1
hard_017,Hard,OpenMP,8,1,0.002818108,520,1
hard_017,Hard,OpenMP,8,2,0.002768993,598,1
hard_017,Hard,OpenMP,8,3,0.002817869,652,1
hard_017,Hard,OpenMP,8,4,0.010876894,2303,1
hard_017,Hard,OpenMP,8,5,0.007204056,1608,1
hard_017,Hard,OpenMP,16,1,0.016392946,1596,1
hard_017,Hard,OpenMP,16,2,0.026273966,733,1
hard_017,Hard,OpenMP,16,3,0.020684958,1262,1
hard_017,Hard,OpenMP,16,4,0.022634029,644,1
hard_017,Hard,OpenMP,16,5,0.037188053,1990,1
hard_017,Hard,OMP-BranchBoundMRV,4,1,0.005198002,1049,1
hard_017,Hard,OMP-BranchBoundMRV,4,2,0.005211115,1059,1
hard_017,Hard,OMP-BranchBoundMRV,4,3,0.005220890,1043,1
hard_017,Hard,OMP-BranchBoundMRV,4,4,0.002860785,581,1
hard_017,Hard,OMP-BranchBoundMRV,4,5,0.005176067,1039,1
hard_017,Hard,OMP-BranchBoundMRV,8,1,0.006165981,1656,1
hard_017,Hard,OMP-BranchBoundMRV,8,2,0.006676912,1282,1
hard_017,Hard,OMP-BranchBoundMRV,8,3,0.005447149,1203,1
hard_017,Hard,OMP-BranchBoundMRV,8,4,0.007876158,1407,1
hard_017,Hard,OMP-BranchBoundMRV,8,5,0.002916098,689,1
hard_017,Hard,OMP-BranchBoundMRV,16,1,0.025017977,1013,1
hard_017,Hard,OMP-BranchBoundMRV,16,2,0.013690948,1525,1
hard_017,Hard,OMP-BranchBoundMRV,16,3,0.023753881,593,1
hard_017,Hard,OMP-BranchBoundMRV,16,4,0.009215117,518,1
hard_017,Hard,OMP-BranchBoundMRV,16,5,0.042001009,670,1
hard_018,Hard,Serial,1,1,0.009192917,21122,1
hard_018,Hard,Serial,1,2,0.009281500,21122,1
hard_018,Hard,Serial,1,3,0.009127625,21122,1
hard_018,Hard,Serial,1,4,0.009555458,21122,1
hard_018,Hard,Serial,1,5,0.009506417,21122,1
hard_018,Hard,Serial-MRV,1,1,0.023597958,1421,1
hard_018,Hard,Serial-MRV,1,2,0.023551500,1421,1
hard_018,Hard,Serial-MRV,1,3,0.023504917,1421,1
hard_018,Hard,Serial-MRV,1,4,0.023271667,1421,1
hard_018,Hard,Serial-MRV,1,5,0.022584542,1421,1
hard_018,Hard,BranchBound,1,1,0.009196000,21122,1
hard_018,Hard,BranchBound,1,2,0.009297083,21122,1
hard_018,Hard,BranchBound,1,3,0.009311542,21122,1
hard_018,Hard,BranchBound,1,4,0.009240000,21122,1
hard_018,Hard,BranchBound,1,5,0.009185625,21122,1
hard_018,Hard,BranchBoundMRV,1,1,0.025196125,1421,1
hard_018,Hard,BranchBoundMRV,1,2,0.025777042,1421,1
hard_018,Hard,BranchBoundMRV,1,3,0.026169500,1421,1
hard_018,Hard,BranchBoundMRV,1,4,0.026083959,1421,1
hard_018,Hard,BranchBoundMRV,1,5,0.026246708,1421,1
hard_018,Hard,OpenMP,4,1,0.003074169,468,1
hard_018,Hard,OpenMP,4,2,0.003077030,466,1
hard_018,Hard,OpenMP,4,3,0.002988100,461,1
hard_018,Hard,OpenMP,4,4,0.003122807,456,1
hard_018,Hard,OpenMP,4,5,0.002960920,465,1
hard_018,Hard,OpenMP,8,1,0.003110170,410,1
hard_018,Hard,OpenMP,8,2,0.007369995,864,1
hard_018,Hard,OpenMP,8,3,0.006981850,914,1
hard_018,Hard,OpenMP,8,4,0.003040075,435,1
hard_018,Hard,OpenMP,8,5,0.003031015,448,1
hard_018,Hard,OpenMP,16,1,0.021788836,373,1
hard_018,Hard,OpenMP,16,2,0.058395863,417,1
hard_018,Hard,OpenMP,16,3,0.040086031,472,1
hard_018,Hard,OpenMP,16,4,0.020822048,467,1
hard_018,Hard,OpenMP,16,5,0.040900946,1421,1
hard_018,Hard,OMP-BranchBoundMRV,4,1,0.003181934,608,1
hard_018,Hard,OMP-BranchBoundMRV,4,2,0.003253937,615,1
hard_018,Hard,OMP-BranchBoundMRV,4,3,0.003169060,625,1
hard_018,Hard,OMP-BranchBoundMRV,4,4,0.003185034,476,1
hard_018,Hard,OMP-BranchBoundMRV,4,5,0.003150940,602,1
hard_018,Hard,OMP-BranchBoundMRV,8,1,0.003152847,444,1
hard_018,Hard,OMP-BranchBoundMRV,8,2,0.003416061,448,1
hard_018,Hard,OMP-BranchBoundMRV,8,3,0.003959894,674,1
hard_018,Hard,OMP-BranchBoundMRV,8,4,0.003402948,484,1
hard_018,Hard,OMP-BranchBoundMRV,8,5,0.003278017,384,1
hard_018,Hard,OMP-BranchBoundMRV,16,1,0.029949903,444,1
hard_018,Hard,OMP-BranchBoundMRV,16,2,0.026521921,658,1
hard_018,Hard,OMP-BranchBoundMRV,16,3,0.016612053,512,1
hard_018,Hard,OMP-BranchBoundMRV,16,4,0.023969889,848,1
hard_018,Hard,OMP-BranchBoundMRV,16,5,0.026062012,1256,1
hard_019,Hard,Serial,1,1,0.002897375,6691,1
hard_019,Hard,Serial,1,2,0.002887708,6691,1
hard_019,Hard,Serial,1,3,0.002992958,6691,1
hard_019,Hard,Serial,1,4,0.002909875,6691,1
hard_019,Hard,Serial,1,5,0.002902750,6691,1
hard_019,Hard,Serial-MRV,1,1,0.029055292,2079,1
hard_019,Hard,Serial-MRV,1,2,0.030282750,2079,1
hard_019,Hard,Serial-MRV,1,3,0.030248166,2079,1
hard_019,Hard,Serial-MRV,1,4,0.030359875,2079,1
hard_019,Hard,Serial-MRV,1,5,0.029824875,2079,1
hard_019,Hard,BranchBound,1,1,0.002928042,6691,1
hard_019,Hard,BranchBound,1,2,0.002897250,6691,1
hard_019,Hard,BranchBound,1,3,0.002897541,6691,1
hard_019,Hard,BranchBound,1,4,0.002941167,6691,1
hard_019,Hard,BranchBound,1,5,0.002924750,6691,1
hard_019,Hard,BranchBoundMRV,1,1,0.032383167,2079,1
hard_019,Hard,BranchBoundMRV,1,2,0.032182125,2079,1
hard_019,Hard,BranchBoundMRV,1,3,0.032175333,2079,1
hard_019,Hard,BranchBoundMRV,1,4,0.032286708,2079,1
hard_019,Hard,BranchBoundMRV,1,5,0.032288875,2079,1
hard_019,Hard,OpenMP,4,1,0.035408020,2079,1
hard_019,Hard,OpenMP,4,2,0.035822153,2079,1
hard_019,Hard,OpenMP,4,3,0.035324097,2079,1
hard_019,Hard,OpenMP,4,4,0.035753012,2079,1
hard_019,Hard,OpenMP,4,5,0.034419060,2079,1
hard_019,Hard,OpenMP,8,1,0.054216862,2079,1
hard_019,Hard,OpenMP,8,2,0.050107956,2079,1
hard_019,Hard,OpenMP,8,3,0.052454948,2079,1
hard_019,Hard,OpenMP,8,4,0.034952879,2079,1
hard_019,Hard,OpenMP,8,5,0.059705973,2079,1
hard_019,Hard,OpenMP,16,1,0.104618788,2079,1
hard_019,Hard,OpenMP,16,2,0.159741879,2079,1
hard_019,Hard,OpenMP,16,3,0.125484228,2079,1
hard_019,Hard,OpenMP,16,4,0.118472815,2079,1
hard_019,Hard,OpenMP,16,5,0.093737841,2079,1
hard_019,Hard,OMP-BranchBoundMRV,4,1,0.039897919,2079,1
hard_019,Hard,OMP-BranchBoundMRV,4,2,0.046468019,2079,1
hard_019,Hard,OMP-BranchBoundMRV,4,3,0.061267138,2079,1
hard_019,Hard,OMP-BranchBoundMRV,4,4,0.061207056,2079,1
hard_019,Hard,OMP-BranchBoundMRV,4,5,0.044358969,2079,1
hard_019,Hard,OMP-BranchBoundMRV,8,1,0.035429955,2079,1
hard_019,Hard,OMP-BranchBoundMRV,8,2,0.059896946,2079,1
hard_019,Hard,OMP-BranchBoundMRV,8,3,0.058808088,2079,1
hard_019,Hard,OMP-BranchBoundMRV,8,4,0.054762840,2079,1
hard_019,Hard,OMP-BranchBoundMRV,8,5,0.058994055,2079,1
hard_019,Hard,OMP-BranchBoundMRV,16,1,0.183089972,2079,1
hard_019,Hard,OMP-BranchBoundMRV,16,2,0.094932795,2079,1
hard_019,Hard,OMP-BranchBoundMRV,16,3,0.087702990,2079,1
hard_019,Hard,OMP-BranchBoundMRV,16,4,0.145938158,2079,1
hard_019,Hard,OMP-BranchBoundMRV,16,5,0.115280151,2079,1
hard_020,Hard,Serial,1,1,0.008102250,18744,1
hard_020,Hard,Serial,1,2,0.008099541,18744,1
hard_020,Hard,Serial,1,3,0.008051042,18744,1
hard_020,Hard,Serial,1,4,0.008188708,18744,1
hard_020,Hard,Serial,1,5,0.008448291,18744,1
hard_020,Hard,Serial-MRV,1,1,0.032347083,1978,1
hard_020,Hard,Serial-MRV,1,2,0.031664625,1978,1
hard_020,Hard,Serial-MRV,1,3,0.031614458,1978,1
hard_020,Hard,Serial-MRV,1,4,0.031819750,1978,1
hard_020,Hard,Serial-MRV,1,5,0.031581417,1978,1
hard_020,Hard,BranchBound,1,1,0.008484666,18744,1
hard_020,Hard,BranchBound,1,2,0.008352583,18744,1
hard_020,Hard,BranchBound,1,3,0.008373084,18744,1
hard_020,Hard,BranchBound,1,4,0.008431083,18744,1
hard_020,Hard,BranchBound,1,5,0.008369167,18744,1
hard_020,Hard,BranchBoundMRV,1,1,0.037822917,1978,1
hard_020,Hard,BranchBoundMRV,1,2,0.037426458,1978,1
hard_020,Hard,BranchBoundMRV,1,3,0.036285000,1978,1
hard_020,Hard,BranchBoundMRV,1,4,0.036194417,1978,1
hard_020,Hard,BranchBoundMRV,1,5,0.036126125,1978,1
hard_020,Hard,OpenMP,4,1,0.005754948,884,1
hard_020,Hard,OpenMP,4,2,0.005741119,885,1
hard_020,Hard,OpenMP,4,3,0.005741119,885,1
hard_020,Hard,OpenMP,4,4,0.005863190,876,1
hard_020,Hard,OpenMP,4,5,0.006115913,911,1
hard_020,Hard,OpenMP,8,1,0.005754948,1069,1
hard_020,Hard,OpenMP,8,2,0.006555796,1136,1
hard_020,Hard,OpenMP,8,3,0.010509968,1568,1
hard_020,Hard,OpenMP,8,4,0.014120817,1883,1
hard_020,Hard,OpenMP,8,5,0.010167837,1593,1
hard_020,Hard,OpenMP,16,1,0.055527210,1978,1
hard_020,Hard,OpenMP,16,2,0.050130129,1705,1
hard_020,Hard,OpenMP,16,3,0.051076174,715,1
hard_020,Hard,OpenMP,16,4,0.026140928,1646,1
hard_020,Hard,OpenMP,16,5,0.017676115,1862,1
hard_020,Hard,OMP-BranchBoundMRV,4,1,0.005970955,874,1
hard_020,Hard,OMP-BranchBoundMRV,4,2,0.006488085,921,1
hard_020,Hard,OMP-BranchBoundMRV,4,3,0.006006002,869,1
hard_020,Hard,OMP-BranchBoundMRV,4,4,0.006016016,1151,1
hard_020,Hard,OMP-BranchBoundMRV,4,5,0.006050825,887,1
hard_020,Hard,OMP-BranchBoundMRV,8,1,0.012463093,1850,1
hard_020,Hard,OMP-BranchBoundMRV,8,2,0.008512974,1430,1
hard_020,Hard,OMP-BranchBoundMRV,8,3,0.006532907,991,1
hard_020,Hard,OMP-BranchBoundMRV,8,4,0.006086111,1306,1
hard_020,Hard,OMP-BranchBoundMRV,8,5,0.012554884,1890,1
hard_020,Hard,OMP-BranchBoundMRV,16,1,0.079456091,1263,1
hard_020,Hard,OMP-BranchBoundMRV,16,2,0.049324036,1103,1
hard_020,Hard,OMP-BranchBoundMRV,16,3,0.062627077,1819,1
hard_020,Hard,OMP-BranchBoundMRV,16,4,0.023823977,1260,1
hard_020,Hard,OMP-BranchBoundMRV,16,5,0.026005983,1190,1
hard_021,Hard,Serial,1,1,0.020952709,47457,1
hard_021,Hard,Serial,1,2,0.020907292,47457,1
hard_021,Hard,Serial,1,3,0.020851208,47457,1
hard_021,Hard,Serial,1,4,0.020974167,47457,1
hard_021,Hard,Serial,1,5,0.020882833,47457,1
hard_021,Hard,Serial-MRV,1,1,0.025439333,1868,1
hard_021,Hard,Serial-MRV,1,2,0.025194083,1868,1
hard_021,Hard,Serial-MRV,1,3,0.025183166,1868,1
hard_021,Hard,Serial-MRV,1,4,0.025454459,1868,1
hard_021,Hard,Serial-MRV,1,5,0.026123041,1868,1
hard_021,Hard,BranchBound,1,1,0.021797875,47457,1
hard_021,Hard,BranchBound,1,2,0.021804209,47457,1
hard_021,Hard,BranchBound,1,3,0.021812917,47457,1
hard_021,Hard,BranchBound,1,4,0.021059584,47457,1
hard_021,Hard,BranchBound,1,5,0.020960667,47457,1
hard_021,Hard,BranchBoundMRV,1,1,0.029810208,1868,1
hard_021,Hard,BranchBoundMRV,1,2,0.029682417,1868,1
hard_021,Hard,BranchBoundMRV,1,3,0.029734916,1868,1
hard_021,Hard,BranchBoundMRV,1,4,0.030708875,1868,1
hard_021,Hard,BranchBoundMRV,1,5,0.030913458,1868,1
hard_021,Hard,OpenMP,4,1,0.006611109,1122,1
hard_021,Hard,OpenMP,4,2,0.006878138,1151,1
hard_021,Hard,OpenMP,4,3,0.006613016,1105,1
hard_021,Hard,OpenMP,4,4,0.006458998,1104,1
hard_021,Hard,OpenMP,4,5,0.006633997,1091,1
hard_021,Hard,OpenMP,8,1,0.006476879,816,1
hard_021,Hard,OpenMP,8,2,0.011358976,1320,1
hard_021,Hard,OpenMP,8,3,0.007763147,1295,1
hard_021,Hard,OpenMP,8,4,0.006486893,691,1
hard_021,Hard,OpenMP,8,5,0.008684874,1405,1
hard_021,Hard,OpenMP,16,1,0.013170958,613,1
hard_021,Hard,OpenMP,16,2,0.030234098,1524,1
hard_021,Hard,OpenMP,16,3,0.050079823,1868,1
hard_021,Hard,OpenMP,16,4,0.046382904,784,1
hard_021,Hard,OpenMP,16,5,0.020648956,725,1
hard_021,Hard,OMP-BranchBoundMRV,4,1,0.007457018,1231,1
hard_021,Hard,OMP-BranchBoundMRV,4,2,0.006628990,1082,1
hard_021,Hard,OMP-BranchBoundMRV,4,3,0.006852865,1112,1
hard_021,Hard,OMP-BranchBoundMRV,4,4,0.006778955,1094,1
hard_021,Hard,OMP-BranchBoundMRV,4,5,0.006719112,1106,1
hard_021,Hard,OMP-BranchBoundMRV,8,1,0.010231018,830,1
hard_021,Hard,OMP-BranchBoundMRV,8,2,0.014922857,1440,1
hard_021,Hard,OMP-BranchBoundMRV,8,3,0.007844925,1005,1
hard_021,Hard,OMP-BranchBoundMRV,8,4,0.007094145,1028,1
hard_021,Hard,OMP-BranchBoundMRV,8,5,0.007285833,1225,1
hard_021,Hard,OMP-BranchBoundMRV,16,1,0.056303978,1868,1
hard_021,Hard,OMP-BranchBoundMRV,16,2,0.073397875,1652,1
hard_021,Hard,OMP-BranchBoundMRV,16,3,0.042921066,1775,1
hard_021,Hard,OMP-BranchBoundMRV,16,4,0.023991108,1033,1
hard_021,Hard,OMP-BranchBoundMRV,16,5,0.048704147,1868,1
hard_022,Hard,Serial,1,1,0.005981917,13825,1
hard_022,Hard,Serial,1,2,0.006008000,13825,1
hard_022,Hard,Serial,1,3,0.005963209,13825,1
hard_022,Hard,Serial,1,4,0.005950334,13825,1
hard_022,Hard,Serial,1,5,0.005905500,13825,1
hard_022,Hard,Serial-MRV,1,1,0.054908750,3804,1
hard_022,Hard,Serial-MRV,1,2,0.054579875,3804,1
hard_022,Hard,Serial-MRV,1,3,0.055651250,3804,1
hard_022,Hard,Serial-MRV,1,4,0.056340625,3804,1
hard_022,Hard,Serial-MRV,1,5,0.056112708,3804,1
hard_022,Hard,BranchBound,1,1,0.006003917,13825,1
hard_022,Hard,BranchBound,1,2,0.005997791,13825,1
hard_022,Hard,BranchBound,1,3,0.005963167,13825,1
hard_022,Hard,BranchBound,1,4,0.005945583,13825,1
hard_022,Hard,BranchBound,1,5,0.006007750,13825,1
hard_022,Hard,BranchBoundMRV,1,1,0.061693000,3804,1
hard_022,Hard,BranchBoundMRV,1,2,0.061767916,3804,1
hard_022,Hard,BranchBoundMRV,1,3,0.062372000,3804,1
hard_022,Hard,BranchBoundMRV,1,4,0.064122166,3804,1
hard_022,Hard,BranchBoundMRV,1,5,0.062382125,3804,1
hard_022,Hard,OpenMP,4,1,0.002038956,443,1
hard_022,Hard,OpenMP,4,2,0.002017975,437,1
hard_022,Hard,OpenMP,4,3,0.002018929,438,1
hard_022,Hard,OpenMP,4,4,0.002009153,434,1
hard_022,Hard,OpenMP,4,5,0.002016068,438,1
hard_022,Hard,OpenMP,8,1,0.004722118,1190,1
hard_022,Hard,OpenMP,8,2,0.004651070,978,1
hard_022,Hard,OpenMP,8,3,0.002085924,479,1
hard_022,Hard,OpenMP,8,4,0.003467083,866,1
hard_022,Hard,OpenMP,8,5,0.004639149,1206,1
hard_022,Hard,OpenMP,16,1,0.030857086,1221,1
hard_022,Hard,OpenMP,16,2,0.030217171,1204,1
hard_022,Hard,OpenMP,16,3,0.029971123,1125,1
hard_022,Hard,OpenMP,16,4,0.048330069,473,1
hard_022,Hard,OpenMP,16,5,0.016000986,546,1
hard_022,Hard,OMP-BranchBoundMRV,4,1,0.002233028,474,1
hard_022,Hard,OMP-BranchBoundMRV,4,2,0.002199888,473,1
hard_022,Hard,OMP-BranchBoundMRV,4,3,0.002195835,473,1
hard_022,Hard,OMP-BranchBoundMRV,4,4,0.002197027,473,1
hard_022,Hard,OMP-BranchBoundMRV,4,5,0.002195120,470,1
hard_022,Hard,OMP-BranchBoundMRV,8,1,0.005097866,1460,1
hard_022,Hard,OMP-BranchBoundMRV,8,2,0.005795002,1043,1
hard_022,Hard,OMP-BranchBoundMRV,8,3,0.002845049,484,1
hard_022,Hard,OMP-BranchBoundMRV,8,4,0.003499031,766,1
hard_022,Hard,OMP-BranchBoundMRV,8,5,0.003385067,779,1
hard_022,Hard,OMP-BranchBoundMRV,16,1,0.018407106,501,1
hard_022,Hard,OMP-BranchBoundMRV,16,2,0.007930040,604,1
hard_022,Hard,OMP-BranchBoundMRV,16,3,0.005846977,509,1
hard_022,Hard,OMP-BranchBoundMRV,16,4,0.023219824,2646,1
hard_022,Hard,OMP-BranchBoundMRV,16,5,0.008173227,971,1
hard_023,Hard,Serial,1,1,0.004899167,11074,1
hard_023,Hard,Serial,1,2,0.004858542,11074,1
hard_023,Hard,Serial,1,3,0.004970292,11074,1
hard_023,Hard,Serial,1,4,0.004869458,11074,1
hard_023,Hard,Serial,1,5,0.004857042,11074,1
hard_023,Hard,Serial-MRV,1,1,0.013635000,1061,1
hard_023,Hard,Serial-MRV,1,2,0.013487583,1061,1
hard_023,Hard,Serial-MRV,1,3,0.013347333,1061,1
hard_023,Hard,Serial-MRV,1,4,0.013344292,1061,1
hard_023,Hard,Serial-MRV,1,5,0.013385166,1061,1
hard_023,Hard,BranchBound,1,1,0.004701042,11074,1
hard_023,Hard,BranchBound,1,2,0.004688875,11074,1
hard_023,Hard,BranchBound,1,3,0.004733833,11074,1
hard_023,Hard,BranchBound,1,4,0.004697458,11074,1
hard_023,Hard,BranchBound,1,5,0.004720458,11074,1
hard_023,Hard,BranchBoundMRV,1,1,0.015213666,1061,1
hard_023,Hard,BranchBoundMRV,1,2,0.015653709,1061,1
hard_023,Hard,BranchBoundMRV,1,3,0.015916042,1061,1
hard_023,Hard,BranchBoundMRV,1,4,0.015951834,1061,1
hard_023,Hard,BranchBoundMRV,1,5,0.015863333,1061,1
hard_023,Hard,OpenMP,4,1,0.001357794,275,1
hard_023,Hard,OpenMP,4,2,0.002302885,466,1
hard_023,Hard,OpenMP,4,3,0.001332998,287,1
hard_023,Hard,OpenMP,4,4,0.002340078,468,1
hard_023,Hard,OpenMP,4,5,0.002326965,450,1
hard_023,Hard,OpenMP,8,1,0.002763987,544,1
hard_023,Hard,OpenMP,8,2,0.003056049,635,1
hard_023,Hard,OpenMP,8,3,0.001584053,282,1
hard_023,Hard,OpenMP,8,4,0.001503944,274,1
hard_023,Hard,OpenMP,8,5,0.001784086,342,1
hard_023,Hard,OpenMP,16,1,0.016326904,805,1
hard_023,Hard,OpenMP,16,2,0.025777102,912,1
hard_023,Hard,OpenMP,16,3,0.016597986,344,1
hard_023,Hard,OpenMP,16,4,0.013148069,310,1
hard_023,Hard,OpenMP,16,5,0.024964809,518,1
hard_023,Hard,OMP-BranchBoundMRV,4,1,0.002400160,545,1
hard_023,Hard,OMP-BranchBoundMRV,4,2,0.002373934,544,1
hard_023,Hard,OMP-BranchBoundMRV,4,3,0.002369881,544,1
hard_023,Hard,OMP-BranchBoundMRV,4,4,0.002368927,544,1
hard_023,Hard,OMP-BranchBoundMRV,4,5,0.002387047,545,1
hard_023,Hard,OMP-BranchBoundMRV,8,1,0.003247023,535,1
hard_023,Hard,OMP-BranchBoundMRV,8,2,0.001814127,355,1
hard_023,Hard,OMP-BranchBoundMRV,8,3,0.003772020,675,1
hard_023,Hard,OMP-BranchBoundMRV,8,4,0.005844116,650,1
hard_023,Hard,OMP-BranchBoundMRV,8,5,0.010066986,949,1
hard_023,Hard,OMP-BranchBoundMRV,16,1,0.053194046,640,1
hard_023,Hard,OMP-BranchBoundMRV,16,2,0.029630899,1121,1
hard_023,Hard,OMP-BranchBoundMRV,16,3,0.012734890,486,1
hard_023,Hard,OMP-BranchBoundMRV,16,4,0.007287979,347,1
hard_023,Hard,OMP-BranchBoundMRV,16,5,0.014972925,280,1
hard_024,Hard,Serial,1,1,0.011321708,24828,1
hard_024,Hard,Serial,1,2,0.011098667,24828,1
hard_024,Hard,Serial,1,3,0.011176000,24828,1
hard_024,Hard,Serial,1,4,0.010829459,24828,1
hard_024,Hard,Serial,1,5,0.010741709,24828,1
hard_024,Hard,Serial-MRV,1,1,0.021181583,1726,1
hard_024,Hard,Serial-MRV,1,2,0.021232916,1726,1
hard_024,Hard,Serial-MRV,1,3,0.021155625,1726,1
hard_024,Hard,Serial-MRV,1,4,0.021224333,1726,1
hard_024,Hard,Serial-MRV,1,5,0.021096042,1726,1
hard_024,Hard,BranchBound,1,1,0.010761959,24828,1
hard_024,Hard,BranchBound,1,2,0.010802125,24828,1
hard_024,Hard,BranchBound,1,3,0.010745875,24828,1
hard_024,Hard,BranchBound,1,4,0.011088125,24828,1
hard_024,Hard,BranchBound,1,5,0.011167792,24828,1
hard_024,Hard,BranchBoundMRV,1,1,0.025284584,1726,1
hard_024,Hard,BranchBoundMRV,1,2,0.025343458,1726,1
hard_024,Hard,BranchBoundMRV,1,3,0.025319042,1726,1
hard_024,Hard,BranchBoundMRV,1,4,0.024918291,1726,1
hard_024,Hard,BranchBoundMRV,1,5,0.024477333,1726,1
hard_024,Hard,OpenMP,4,1,0.025980949,1726,1
hard_024,Hard,OpenMP,4,2,0.025955915,1726,1
hard_024,Hard,OpenMP,4,3,0.026546001,1726,1
hard_024,Hard,OpenMP,4,4,0.027230978,1726,1
hard_024,Hard,OpenMP,4,5,0.027169943,1726,1
hard_024,Hard,OpenMP,8,1,0.043825150,1726,1
hard_024,Hard,OpenMP,8,2,0.038656235,1726,1
hard_024,Hard,OpenMP,8,3,0.038223982,1726,1
hard_024,Hard,OpenMP,8,4,0.032677889,1726,1
hard_024,Hard,OpenMP,8,5,0.036118031,1726,1
hard_024,Hard,OpenMP,16,1,0.064111948,1726,1
hard_024,Hard,OpenMP,16,2,0.062000036,1726,1
hard_024,Hard,OpenMP,16,3,0.077790976,1726,1
hard_024,Hard,OpenMP,16,4,0.146286964,1726,1
hard_024,Hard,OpenMP,16,5,0.049277067,1726,1
hard_024,Hard,OMP-BranchBoundMRV,4,1,0.025970936,1726,1
hard_024,Hard,OMP-BranchBoundMRV,4,2,0.025951862,1726,1
hard_024,Hard,OMP-BranchBoundMRV,4,3,0.026078939,1726,1
hard_024,Hard,OMP-BranchBoundMRV,4,4,0.025990009,1726,1
hard_024,Hard,OMP-BranchBoundMRV,4,5,0.026087046,1726,1
hard_024,Hard,OMP-BranchBoundMRV,8,1,0.038295984,1726,1
hard_024,Hard,OMP-BranchBoundMRV,8,2,0.032176971,1726,1
hard_024,Hard,OMP-BranchBoundMRV,8,3,0.032753229,1726,1
hard_024,Hard,OMP-BranchBoundMRV,8,4,0.032206059,1726,1
hard_024,Hard,OMP-BranchBoundMRV,8,5,0.036571980,1726,1
hard_024,Hard,OMP-BranchBoundMRV,16,1,0.111938953,1726,1
hard_024,Hard,OMP-BranchBoundMRV,16,2,0.044017076,1726,1
hard_024,Hard,OMP-BranchBoundMRV,16,3,0.082229853,1726,1
hard_024,Hard,OMP-BranchBoundMRV,16,4,0.053999901,1726,1
hard_024,Hard,OMP-BranchBoundMRV,16,5,0.106081009,1726,1
hard_025,Hard,Serial,1,1,0.022443042,55288,1
hard_025,Hard,Serial,1,2,0.022335500,55288,1
hard_025,Hard,Serial,1,3,0.022380500,55288,1
hard_025,Hard,Serial,1,4,0.022358459,55288,1
hard_025,Hard,Serial,1,5,0.022509084,55288,1
hard_025,Hard,Serial-MRV,1,1,0.019415458,1291,1
hard_025,Hard,Serial-MRV,1,2,0.019535667,1291,1
hard_025,Hard,Serial-MRV,1,3,0.019477416,1291,1
hard_025,Hard,Serial-MRV,1,4,0.019470167,1291,1
hard_025,Hard,Serial-MRV,1,5,0.020247166,1291,1
hard_025,Hard,BranchBound,1,1,0.023349333,55288,1
hard_025,Hard,BranchBound,1,2,0.023319542,55288,1
hard_025,Hard,BranchBound,1,3,0.023320542,55288,1
hard_025,Hard,BranchBound,1,4,0.023214708,55288,1
hard_025,Hard,BranchBound,1,5,0.022674666,55288,1
hard_025,Hard,BranchBoundMRV,1,1,0.021592583,1291,1
hard_025,Hard,BranchBoundMRV,1,2,0.021609750,1291,1
hard_025,Hard,BranchBoundMRV,1,3,0.021484750,1291,1
hard_025,Hard,BranchBoundMRV,1,4,0.021639833,1291,1
hard_025,Hard,BranchBoundMRV,1,5,0.022448958,1291,1
hard_025,Hard,OpenMP,4,1,0.003045082,639,1
hard_025,Hard,OpenMP,4,2,0.003150225,678,1
hard_025,Hard,OpenMP,4,3,0.003230095,681,1
hard_025,Hard,OpenMP,4,4,0.003346920,521,1
hard_025,Hard,OpenMP,4,5,0.003249884,686,1
hard_025,Hard,OpenMP,8,1,0.003000975,452,1
hard_025,Hard,OpenMP,8,2,0.004790068,620,1
hard_025,Hard,OpenMP,8,3,0.006237984,780,1
hard_025,Hard,OpenMP,8,4,0.005516052,666,1
hard_025,Hard,OpenMP,8,5,0.006921053,865,1
hard_025,Hard,OpenMP,16,1,0.020509005,1104,1
hard_025,Hard,OpenMP,16,2,0.021861076,530,1
hard_025,Hard,OpenMP,16,3,0.012777090,451,1
hard_025,Hard,OpenMP,16,4,0.031037092,1291,1
hard_025,Hard,OpenMP,16,5,0.016230822,615,1
hard_025,Hard,OMP-BranchBoundMRV,4,1,0.003133059,499,1
hard_025,Hard,OMP-BranchBoundMRV,4,2,0.003099918,497,1
hard_025,Hard,OMP-BranchBoundMRV,4,3,0.003110170,495,1
hard_025,Hard,OMP-BranchBoundMRV,4,4,0.003098011,497,1
hard_025,Hard,OMP-BranchBoundMRV,4,5,0.003098965,497,1
hard_025,Hard,OMP-BranchBoundMRV,8,1,0.003148079,556,1
hard_025,Hard,OMP-BranchBoundMRV,8,2,0.003122091,467,1
hard_025,Hard,OMP-BranchBoundMRV,8,3,0.007148027,768,1
hard_025,Hard,OMP-BranchBoundMRV,8,4,0.005264997,998,1
hard_025,Hard,OMP-BranchBoundMRV,8,5,0.007105112,1017,1
hard_025,Hard,OMP-BranchBoundMRV,16,1,0.032474995,916,1
hard_025,Hard,OMP-BranchBoundMRV,16,2,0.026247025,678,1
hard_025,Hard,OMP-BranchBoundMRV,16,3,0.009003878,775,1
hard_025,Hard,OMP-BranchBoundMRV,16,4,0.015881062,1226,1
hard_025,Hard,OMP-BranchBoundMRV,16,5,0.007892132,450,1
hard_026,Hard,Serial,1,1,0.015201833,33271,1
hard_026,Hard,Serial,1,2,0.015158084,33271,1
hard_026,Hard,Serial,1,3,0.014541750,33271,1
hard_026,Hard,Serial,1,4,0.014536125,33271,1
hard_026,Hard,Serial,1,5,0.014459875,33271,1
hard_026,Hard,Serial-MRV,1,1,0.037747167,2648,1
hard_026,Hard,Serial-MRV,1,2,0.037676792,2648,1
hard_026,Hard,Serial-MRV,1,3,0.037859875,2648,1
hard_026,Hard,Serial-MRV,1,4,0.038779834,2648,1
hard_026,Hard,Serial-MRV,1,5,0.040576625,2648,1
hard_026,Hard,BranchBound,1,1,0.015231333,33271,1
hard_026,Hard,BranchBound,1,2,0.015029208,33271,1
hard_026,Hard,BranchBound,1,3,0.014565708,33271,1
hard_026,Hard,BranchBound,1,4,0.014575667,33271,1
hard_026,Hard,BranchBound,1,5,0.014662875,33271,1
hard_026,Hard,BranchBoundMRV,1,1,0.041723791,2648,1
hard_026,Hard,BranchBoundMRV,1,2,0.041734833,2648,1
hard_026,Hard,BranchBoundMRV,1,3,0.041844209,2648,1
hard_026,Hard,BranchBoundMRV,1,4,0.043321000,2648,1
hard_026,Hard,BranchBoundMRV,1,5,0.043255833,2648,1
hard_026,Hard,OpenMP,4,1,0.003654957,719,1
hard_026,Hard,OpenMP,4,2,0.003573895,730,1
hard_026,Hard,OpenMP,4,3,0.003527164,712,1
hard_026,Hard,OpenMP,4,4,0.003488064,723,1
hard_026,Hard,OpenMP,4,5,0.003575087,693,1
hard_026,Hard,OpenMP,8,1,0.006290913,668,1
hard_026,Hard,OpenMP,8,2,0.003696918,498,1
hard_026,Hard,OpenMP,8,3,0.008242846,1000,1
hard_026,Hard,OpenMP,8,4,0.003605843,488,1
hard_026,Hard,OpenMP,8,5,0.008219004,1127,1
hard_026,Hard,OpenMP,16,1,0.043730021,1102,1
hard_026,Hard,OpenMP,16,2,0.022042990,595,1
hard_026,Hard,OpenMP,16,3,0.030256987,691,1
hard_026,Hard,OpenMP,16,4,0.011125088,1038,1
hard_026,Hard,OpenMP,16,5,0.027202129,747,1
hard_026,Hard,OMP-BranchBoundMRV,4,1,0.003724098,692,1
hard_026,Hard,OMP-BranchBoundMRV,4,2,0.003681898,693,1
hard_026,Hard,OMP-BranchBoundMRV,4,3,0.003681183,694,1
hard_026,Hard,OMP-BranchBoundMRV,4,4,0.003684998,692,1
hard_026,Hard,OMP-BranchBoundMRV,4,5,0.003676176,694,1
hard_026,Hard,OMP-BranchBoundMRV,8,1,0.004011154,557,1
hard_026,Hard,OMP-BranchBoundMRV,8,2,0.006626129,881,1
hard_026,Hard,OMP-BranchBoundMRV,8,3,0.007560968,957,1
hard_026,Hard,OMP-BranchBoundMRV,8,4,0.007593870,781,1
hard_026,Hard,OMP-BranchBoundMRV,8,5,0.005306005,830,1
hard_026,Hard,OMP-BranchBoundMRV,16,1,0.022609949,643,1
hard_026,Hard,OMP-BranchBoundMRV,16,2,0.047474861,623,1
hard_026,Hard,OMP-BranchBoundMRV,16,3,0.035387993,1112,1
hard_026,Hard,OMP-BranchBoundMRV,16,4,0.011219025,510,1
hard_026,Hard,OMP-BranchBoundMRV,16,5,0.032122135,668,1
hard_027,Hard,Serial,1,1,0.007353084,17472,1
hard_027,Hard,Serial,1,2,0.007364459,17472,1
hard_027,Hard,Serial,1,3,0.007285875,17472,1
hard_027,Hard,Serial,1,4,0.007332917,17472,1
hard_027,Hard,Serial,1,5,0.007259042,17472,1
hard_027,Hard,Serial-MRV,1,1,0.026729167,1773,1
hard_027,Hard,Serial-MRV,1,2,0.027120459,1773,1
hard_027,Hard,Serial-MRV,1,3,0.027160792,1773,1
hard_027,Hard,Serial-MRV,1,4,0.027113208,1773,1
hard_027,Hard,Serial-MRV,1,5,0.026721625,1773,1
hard_027,Hard,BranchBound,1,1,0.007372125,17472,1
hard_027,Hard,BranchBound,1,2,0.007344166,17472,1
hard_027,Hard,BranchBound,1,3,0.007377041,17472,1
hard_027,Hard,BranchBound,1,4,0.007455042,17472,1
hard_027,Hard,BranchBound,1,5,0.007320041,17472,1
hard_027,Hard,BranchBoundMRV,1,1,0.030042750,1773,1
hard_027,Hard,BranchBoundMRV,1,2,0.029613916,1773,1
hard_027,Hard,BranchBoundMRV,1,3,0.029562667,1773,1
hard_027,Hard,BranchBoundMRV,1,4,0.029714834,1773,1
hard_027,Hard,BranchBoundMRV,1,5,0.029720584,1773,1
hard_027,Hard,OpenMP,4,1,0.003530025,767,1
hard_027,Hard,OpenMP,4,2,0.003501177,767,1
hard_027,Hard,OpenMP,4,3,0.003513098,768,1
hard_027,Hard,OpenMP,4,4,0.003510952,768,1
hard_027,Hard,OpenMP,4,5,0.003509998,768,1
hard_027,Hard,OpenMP,8,1,0.004374981,869,1
hard_027,Hard,OpenMP,8,2,0.009283066,1384,1
hard_027,Hard,OpenMP,8,3,0.003586054,835,1
hard_027,Hard,OpenMP,8,4,0.008316040,1111,1
hard_027,Hard,OpenMP,8,5,0.006528854,1082,1
hard_027,Hard,OpenMP,16,1,0.011332035,805,1
hard_027,Hard,OpenMP,16,2,0.007202148,788,1
hard_027,Hard,OpenMP,16,3,0.013414145,1012,1
hard_027,Hard,OpenMP,16,4,0.010012150,1139,1
hard_027,Hard,OpenMP,16,5,0.012780905,881,1
hard_027,Hard,OMP-BranchBoundMRV,4,1,0.003719091,750,1
hard_027,Hard,OMP-BranchBoundMRV,4,2,0.004167080,836,1
hard_027,Hard,OMP-BranchBoundMRV,4,3,0.004104137,833,1
hard_027,Hard,OMP-BranchBoundMRV,4,4,0.004002094,810,1
hard_027,Hard,OMP-BranchBoundMRV,4,5,0.003874063,782,1
hard_027,Hard,OMP-BranchBoundMRV,8,1,0.003772974,843,1
hard_027,Hard,OMP-BranchBoundMRV,8,2,0.004637003,926,1
hard_027,Hard,OMP-BranchBoundMRV,8,3,0.005477905,1106,1
hard_027,Hard,OMP-BranchBoundMRV,8,4,0.008667946,1479,1
hard_027,Hard,OMP-BranchBoundMRV,8,5,0.005573988,952,1
hard_027,Hard,OMP-BranchBoundMRV,16,1,0.075581074,1591,1
hard_027,Hard,OMP-BranchBoundMRV,16,2,0.026570082,1553,1
hard_027,Hard,OMP-BranchBoundMRV,16,3,0.022249222,914,1
hard_027,Hard,OMP-BranchBoundMRV,16,4,0.024991035,1632,1
hard_027,Hard,OMP-BranchBoundMRV,16,5,0.019842148,549,1
hard_028,Hard,Serial,1,1,0.007153875,16694,1
hard_028,Hard,Serial,1,2,0.007285834,16694,1
hard_028,Hard,Serial,1,3,0.007239583,16694,1
hard_028,Hard,Serial,1,4,0.007267583,16694,1
hard_028,Hard,Serial,1,5,0.007107417,16694,1
hard_028,Hard,Serial-MRV,1,1,0.016430000,1122,1
hard_028,Hard,Serial-MRV,1,2,0.016193166,1122,1
hard_028,Hard,Serial-MRV,1,3,0.016104333,1122,1
hard_028,Hard,Serial-MRV,1,4,0.016153917,1122,1
hard_028,Hard,Serial-MRV,1,5,0.016179209,1122,1
hard_028,Hard,BranchBound,1,1,0.006907208,16694,1
hard_028,Hard,BranchBound,1,2,0.006961000,16694,1
hard_028,Hard,BranchBound,1,3,0.006941291,16694,1
hard_028,Hard,BranchBound,1,4,0.006909916,16694,1
hard_028,Hard,BranchBound,1,5,0.006974750,16694,1
hard_028,Hard,BranchBoundMRV,1,1,0.018038291,1122,1
hard_028,Hard,BranchBoundMRV,1,2,0.018086667,1122,1
hard_028,Hard,BranchBoundMRV,1,3,0.018408583,1122,1
hard_028,Hard,BranchBoundMRV,1,4,0.018807750,1122,1
hard_028,Hard,BranchBoundMRV,1,5,0.018673708,1122,1
hard_028,Hard,OpenMP,4,1,0.011787891,1269,1
hard_028,Hard,OpenMP,4,2,0.011447191,1269,1
hard_028,Hard,OpenMP,4,3,0.011558056,1269,1
hard_028,Hard,OpenMP,4,4,0.011501789,1269,1
hard_028,Hard,OpenMP,4,5,0.011704922,1269,1
hard_028,Hard,OpenMP,8,1,0.011626959,1269,1
hard_028,Hard,OpenMP,8,2,0.026438951,1269,1
hard_028,Hard,OpenMP,8,3,0.014981031,1269,1
hard_028,Hard,OpenMP,8,4,0.019918919,1269,1
hard_028,Hard,OpenMP,8,5,0.029377937,1269,1
hard_028,Hard,OpenMP,16,1,0.059151173,1269,1
hard_028,Hard,OpenMP,16,2,0.052624941,1122,1
hard_028,Hard,OpenMP,16,3,0.126234055,1269,1
hard_028,Hard,OpenMP,16,4,0.056238174,1269,1
hard_028,Hard,OpenMP,16,5,0.022739172,1269,1
hard_028,Hard,OMP-BranchBoundMRV,4,1,0.011288166,1269,1
hard_028,Hard,OMP-BranchBoundMRV,4,2,0.011325121,1269,1
hard_028,Hard,OMP-BranchBoundMRV,4,3,0.011256933,1269,1
hard_028,Hard,OMP-BranchBoundMRV,4,4,0.011260986,1269,1
hard_028,Hard,OMP-BranchBoundMRV,4,5,0.020307064,1269,1
hard_028,Hard,OMP-BranchBoundMRV,8,1,0.011474133,1225,1
hard_028,Hard,OMP-BranchBoundMRV,8,2,0.021152973,1269,1
hard_028,Hard,OMP-BranchBoundMRV,8,3,0.017122984,1269,1
hard_028,Hard,OMP-BranchBoundMRV,8,4,0.023082018,1269,1
hard_028,Hard,OMP-BranchBoundMRV,8,5,0.020101070,1269,1
hard_028,Hard,OMP-BranchBoundMRV,16,1,0.059448957,1269,1
hard_028,Hard,OMP-BranchBoundMRV,16,2,0.052279949,1178,1
hard_028,Hard,OMP-BranchBoundMRV,16,3,0.020857096,1269,1
hard_028,Hard,OMP-BranchBoundMRV,16,4,0.108090878,1269,1
hard_028,Hard,OMP-BranchBoundMRV,16,5,0.081634045,1269,1
hard_029,Hard,Serial,1,1,0.014829084,35820,1
hard_029,Hard,Serial,1,2,0.014583083,35820,1
hard_029,Hard,Serial,1,3,0.014646166,35820,1
hard_029,Hard,Serial,1,4,0.014557250,35820,1
hard_029,Hard,Serial,1,5,0.014659333,35820,1
hard_029,Hard,Serial-MRV,1,1,0.018354709,1185,1
hard_029,Hard,Serial-MRV,1,2,0.018266292,1185,1
hard_029,Hard,Serial-MRV,1,3,0.018175416,1185,1
hard_029,Hard,Serial-MRV,1,4,0.018293542,1185,1
hard_029,Hard,Serial-MRV,1,5,0.018198500,1185,1
hard_029,Hard,BranchBound,1,1,0.014719500,35820,1
hard_029,Hard,BranchBound,1,2,0.014772084,35820,1
hard_029,Hard,BranchBound,1,3,0.015157583,35820,1
hard_029,Hard,BranchBound,1,4,0.015356958,35820,1
hard_029,Hard,BranchBound,1,5,0.015284041,35820,1
hard_029,Hard,BranchBoundMRV,1,1,0.021690416,1185,1
hard_029,Hard,BranchBoundMRV,1,2,0.021550125,1185,1
hard_029,Hard,BranchBoundMRV,1,3,0.021545959,1185,1
hard_029,Hard,BranchBoundMRV,1,4,0.021805166,1185,1
hard_029,Hard,BranchBoundMRV,1,5,0.021010042,1185,1
hard_029,Hard,OpenMP,4,1,0.001778126,363,1
hard_029,Hard,OpenMP,4,2,0.001765013,365,1
hard_029,Hard,OpenMP,4,3,0.003606796,458,1
hard_029,Hard,OpenMP,4,4,0.001966000,373,1
hard_029,Hard,OpenMP,4,5,0.003621101,444,1
hard_029,Hard,OpenMP,8,1,0.086999893,283,1
hard_029,Hard,OpenMP,8,2,0.002748966,435,1
hard_029,Hard,OpenMP,8,3,0.001845121,299,1
hard_029,Hard,OpenMP,8,4,0.002155781,390,1
hard_029,Hard,OpenMP,8,5,0.003968954,538,1
hard_029,Hard,OpenMP,16,1,0.022198915,308,1
hard_029,Hard,OpenMP,16,2,0.042773008,1195,1
hard_029,Hard,OpenMP,16,3,0.010765076,332,1
hard_029,Hard,OpenMP,16,4,0.008037090,254,1
hard_029,Hard,OpenMP,16,5,0.010923862,455,1
hard_029,Hard,OMP-BranchBoundMRV,4,1,0.001918077,363,1
hard_029,Hard,OMP-BranchBoundMRV,4,2,0.001904011,364,1
hard_029,Hard,OMP-BranchBoundMRV,4,3,0.001902103,366,1
hard_029,Hard,OMP-BranchBoundMRV,4,4,0.001897097,360,1
hard_029,Hard,OMP-BranchBoundMRV,4,5,0.001899004,363,1
hard_029,Hard,OMP-BranchBoundMRV,8,1,0.001945972,255,1
hard_029,Hard,OMP-BranchBoundMRV,8,2,0.001893997,307,1
hard_029,Hard,OMP-BranchBoundMRV,8,3,0.001893997,366,1
hard_029,Hard,OMP-BranchBoundMRV,8,4,0.002022982,319,1
hard_029,Hard,OMP-BranchBoundMRV,8,5,0.002017021,364,1
hard_029,Hard,OMP-BranchBoundMRV,16,1,0.022099972,266,1
hard_029,Hard,OMP-BranchBoundMRV,16,2,0.043975830,255,1
hard_029,Hard,OMP-BranchBoundMRV,16,3,0.046369076,1146,1
hard_029,Hard,OMP-BranchBoundMRV,16,4,0.028296947,1742,1
hard_029,Hard,OMP-BranchBoundMRV,16,5,0.005543232,306,1
hard_030,Hard,Serial,1,1,0.004391833,10030,1
hard_030,Hard,Serial,1,2,0.004345792,10030,1
hard_030,Hard,Serial,1,3,0.004346792,10030,1
hard_030,Hard,Serial,1,4,0.004371208,10030,1
hard_030,Hard,Serial,1,5,0.004343125,10030,1
hard_030,Hard,Serial-MRV,1,1,0.015222333,1051,1
hard_030,Hard,Serial-MRV,1,2,0.015204084,1051,1
hard_030,Hard,Serial-MRV,1,3,0.014694834,1051,1
hard_030,Hard,Serial-MRV,1,4,0.014650500,1051,1
hard_030,Hard,Serial-MRV,1,5,0.014560458,1051,1
hard_030,Hard,BranchBound,1,1,0.004346375,10030,1
hard_030,Hard,BranchBound,1,2,0.004175292,10030,1
hard_030,Hard,BranchBound,1,3,0.004175333,10030,1
hard_030,Hard,BranchBound,1,4,0.004190959,10030,1
hard_030,Hard,BranchBound,1,5,0.004179541,10030,1
hard_030,Hard,BranchBoundMRV,1,1,0.016457958,1051,1
hard_030,Hard,BranchBoundMRV,1,2,0.016440834,1051,1
hard_030,Hard,BranchBoundMRV,1,3,0.016407833,1051,1
hard_030,Hard,BranchBoundMRV,1,4,0.016434041,1051,1
hard_030,Hard,BranchBoundMRV,1,5,0.016426000,1051,1
hard_030,Hard,OpenMP,4,1,0.019249916,1051,1
hard_030,Hard,OpenMP,4,2,0.018148899,1051,1
hard_030,Hard,OpenMP,4,3,0.018539906,1051,1
hard_030,Hard,OpenMP,4,4,0.018002033,1051,1
hard_030,Hard,OpenMP,4,5,0.018187046,1051,1
hard_030,Hard,OpenMP,8,1,0.019022942,1051,1
hard_030,Hard,OpenMP,8,2,0.026806831,1051,1
hard_030,Hard,OpenMP,8,3,0.017417908,1051,1
hard_030,Hard,OpenMP,8,4,0.023545980,1051,1
hard_030,Hard,OpenMP,8,5,0.023969889,1051,1
hard_030,Hard,OpenMP,16,1,0.067810059,1051,1
hard_030,Hard,OpenMP,16,2,0.058393955,1051,1
hard_030,Hard,OpenMP,16,3,0.101938963,1051,1
hard_030,Hard,OpenMP,16,4,0.061964989,1051,1
hard_030,Hard,OpenMP,16,5,0.045866966,1051,1
hard_030,Hard,OMP-BranchBoundMRV,4,1,0.017545938,1051,1
hard_030,Hard,OMP-BranchBoundMRV,4,2,0.017519951,1051,1
hard_030,Hard,OMP-BranchBoundMRV,4,3,0.017602921,1051,1
hard_030,Hard,OMP-BranchBoundMRV,4,4,0.017534018,1051,1
hard_030,Hard,OMP-BranchBoundMRV,4,5,0.017550945,1051,1
hard_030,Hard,OMP-BranchBoundMRV,8,1,0.017481089,1051,1
hard_030,Hard,OMP-BranchBoundMRV,8,2,0.057587862,1051,1
hard_030,Hard,OMP-BranchBoundMRV,8,3,0.026401043,1051,1
hard_030,Hard,OMP-BranchBoundMRV,8,4,0.026044130,1051,1
hard_030,Hard,OMP-BranchBoundMRV,8,5,0.021908998,1051,1
hard_030,Hard,OMP-BranchBoundMRV,16,1,0.031213999,1051,1
hard_030,Hard,OMP-BranchBoundMRV,16,2,0.044396162,1051,1
hard_030,Hard,OMP-BranchBoundMRV,16,3,0.204715014,1051,1
hard_030,Hard,OMP-BranchBoundMRV,16,4,0.097023010,1051,1
hard_030,Hard,OMP-BranchBoundMRV,16,5,0.098769903,1051,1
hard_031,Hard,Serial,1,1,0.003218291,7490,1
hard_031,Hard,Serial,1,2,0.003240708,7490,1
hard_031,Hard,Serial,1,3,0.003293584,7490,1
hard_031,Hard,Serial,1,4,0.003206625,7490,1
hard_031,Hard,Serial,1,5,0.003212167,7490,1
hard_031,Hard,Serial-MRV,1,1,0.022778084,1524,1
hard_031,Hard,Serial-MRV,1,2,0.022733959,1524,1
hard_031,Hard,Serial-MRV,1,3,0.022766917,1524,1
hard_031,Hard,Serial-MRV,1,4,0.022790917,1524,1
hard_031,Hard,Serial-MRV,1,5,0.022802875,1524,1
hard_031,Hard,BranchBound,1,1,0.003237000,7490,1
hard_031,Hard,BranchBound,1,2,0.003238459,7490,1
hard_031,Hard,BranchBound,1,3,0.003230583,7490,1
hard_031,Hard,BranchBound,1,4,0.003242375,7490,1
hard_031,Hard,BranchBound,1,5,0.003225333,7490,1
hard_031,Hard,BranchBoundMRV,1,1,0.025956625,1524,1
hard_031,Hard,BranchBoundMRV,1,2,0.025824916,1524,1
hard_031,Hard,BranchBoundMRV,1,3,0.027062583,1524,1
hard_031,Hard,BranchBoundMRV,1,4,0.026834834,1524,1
hard_031,Hard,BranchBoundMRV,1,5,0.026938750,1524,1
hard_031,Hard,OpenMP,4,1,0.007272005,1287,1
hard_031,Hard,OpenMP,4,2,0.007338047,1318,1
hard_031,Hard,OpenMP,4,3,0.007103205,1298,1
hard_031,Hard,OpenMP,4,4,0.007164955,1312,1
hard_031,Hard,OpenMP,4,5,0.006942987,1301,1
hard_031,Hard,OpenMP,8,1,0.004772902,714,1
hard_031,Hard,OpenMP,8,2,0.010540009,598,1
hard_031,Hard,OpenMP,8,3,0.009112835,1301,1
hard_031,Hard,OpenMP,8,4,0.011487961,1502,1
hard_031,Hard,OpenMP,8,5,0.010020971,1173,1
hard_031,Hard,OpenMP,16,1,0.056596994,1015,1
hard_031,Hard,OpenMP,16,2,0.034363031,660,1
hard_031,Hard,OpenMP,16,3,0.047142029,655,1
hard_031,Hard,OpenMP,16,4,0.041358948,1294,1
hard_031,Hard,OpenMP,16,5,0.016282082,934,1
hard_031,Hard,OMP-BranchBoundMRV,4,1,0.007915020,1200,1
hard_031,Hard,OMP-BranchBoundMRV,4,2,0.007193089,1282,1
hard_031,Hard,OMP-BranchBoundMRV,4,3,0.007217169,1278,1
hard_031,Hard,OMP-BranchBoundMRV,4,4,0.007271051,1288,1
hard_031,Hard,OMP-BranchBoundMRV,4,5,0.007141113,1310,1
hard_031,Hard,OMP-BranchBoundMRV,8,1,0.011657953,1197,1
hard_031,Hard,OMP-BranchBoundMRV,8,2,0.004096985,860,1
hard_031,Hard,OMP-BranchBoundMRV,8,3,0.009238005,1109,1
hard_031,Hard,OMP-BranchBoundMRV,8,4,0.004489183,626,1
hard_031,Hard,OMP-BranchBoundMRV,8,5,0.007682085,1135,1
hard_031,Hard,OMP-BranchBoundMRV,16,1,0.021868944,1134,1
hard_031,Hard,OMP-BranchBoundMRV,16,2,0.026799917,560,1
hard_031,Hard,OMP-BranchBoundMRV,16,3,0.022210121,658,1
hard_031,Hard,OMP-BranchBoundMRV,16,4,0.025785923,1394,1
hard_031,Hard,OMP-BranchBoundMRV,16,5,0.045608044,659,1
hard_032,Hard,Serial,1,1,0.012684791,30086,1
hard_032,Hard,Serial,1,2,0.012506375,30086,1
hard_032,Hard,Serial,1,3,0.012721458,30086,1
hard_032,Hard,Serial,1,4,0.012557250,30086,1
hard_032,Hard,Serial,1,5,0.012687292,30086,1
hard_032,Hard,Serial-MRV,1,1,0.017666708,1005,1
hard_032,Hard,Serial-MRV,1,2,0.017132292,1005,1
hard_032,Hard,Serial-MRV,1,3,0.016736250,1005,1
hard_032,Hard,Serial-MRV,1,4,0.016724500,1005,1
hard_032,Hard,Serial-MRV,1,5,0.016770875,1005,1
hard_032,Hard,BranchBound,1,1,0.012077000,30086,1
hard_032,Hard,BranchBound,1,2,0.012078708,30086,1
hard_032,Hard,BranchBound,1,3,0.012099291,30086,1
hard_032,Hard,BranchBound,1,4,0.012071208,30086,1
hard_032,Hard,BranchBound,1,5,0.012561750,30086,1
hard_032,Hard,BranchBoundMRV,1,1,0.019580834,1005,1
hard_032,Hard,BranchBoundMRV,1,2,0.019417083,1005,1
hard_032,Hard,BranchBoundMRV,1,3,0.019537291,1005,1
hard_032,Hard,BranchBoundMRV,1,4,0.019439959,1005,1
hard_032,Hard,BranchBoundMRV,1,5,0.019350000,1005,1
hard_032,Hard,OpenMP,4,1,0.002961874,554,1
hard_032,Hard,OpenMP,4,2,0.002940893,456,1
hard_032,Hard,OpenMP,4,3,0.002923012,564,1
hard_032,Hard,OpenMP,4,4,0.002966881,571,1
hard_032,Hard,OpenMP,4,5,0.002912045,564,1
hard_032,Hard,OpenMP,8,1,0.007940054,412,1
hard_032,Hard,OpenMP,8,2,0.010001183,511,1
hard_032,Hard,OpenMP,8,3,0.009999037,507,1
hard_032,Hard,OpenMP,8,4,0.010087967,586,1
hard_032,Hard,OpenMP,8,5,0.003557920,590,1
hard_032,Hard,OpenMP,16,1,0.020163059,512,1
hard_032,Hard,OpenMP,16,2,0.034404039,952,1
hard_032,Hard,OpenMP,16,3,0.052980185,1005,1
hard_032,Hard,OpenMP,16,4,0.025143147,415,1
hard_032,Hard,OpenMP,16,5,0.030923128,381,1
hard_032,Hard,OMP-BranchBoundMRV,4,1,0.003144979,467,1
hard_032,Hard,OMP-BranchBoundMRV,4,2,0.003109932,467,1
hard_032,Hard,OMP-BranchBoundMRV,4,3,0.003132820,468,1
hard_032,Hard,OMP-BranchBoundMRV,4,4,0.003103018,465,1
hard_032,Hard,OMP-BranchBoundMRV,4,5,0.003109932,464,1
hard_032,Hard,OMP-BranchBoundMRV,8,1,0.010057926,890,1
hard_032,Hard,OMP-BranchBoundMRV,8,2,0.010194778,889,1
hard_032,Hard,OMP-BranchBoundMRV,8,3,0.008157969,742,1
hard_032,Hard,OMP-BranchBoundMRV,8,4,0.005146980,590,1
hard_032,Hard,OMP-BranchBoundMRV,8,5,0.007216930,888,1
hard_032,Hard,OMP-BranchBoundMRV,16,1,0.093122005,922,1
hard_032,Hard,OMP-BranchBoundMRV,16,2,0.048898220,787,1
hard_032,Hard,OMP-BranchBoundMRV,16,3,0.017755985,793,1
hard_032,Hard,OMP-BranchBoundMRV,16,4,0.016906023,637,1
hard_032,Hard,OMP-BranchBoundMRV,16,5,0.044080973,851,1
hard_033,Hard,Serial,1,1,0.068968458,157234,1
hard_033,Hard,Serial,1,2,0.067429500,157234,1
hard_033,Hard,Serial,1,3,0.067655875,157234,1
hard_033,Hard,Serial,1,4,0.068691000,157234,1
hard_033,Hard,Serial,1,5,0.067334417,157234,1
hard_033,Hard,Serial-MRV,1,1,0.026697291,1563,1
hard_033,Hard,Serial-MRV,1,2,0.026660625,1563,1
hard_033,Hard,Serial-MRV,1,3,0.026634000,1563,1
hard_033,Hard,Serial-MRV,1,4,0.026629208,1563,1
hard_033,Hard,Serial-MRV,1,5,0.026649459,1563,1
hard_033,Hard,BranchBound,1,1,0.067657792,157234,1
hard_033,Hard,BranchBound,1,2,0.070377667,157234,1
hard_033,Hard,BranchBound,1,3,0.068596542,157234,1
hard_033,Hard,BranchBound,1,4,0.067761625,157234,1
hard_033,Hard,BranchBound,1,5,0.067663333,157234,1
hard_033,Hard,BranchBoundMRV,1,1,0.028312750,1563,1
hard_033,Hard,BranchBoundMRV,1,2,0.028327208,1563,1
hard_033,Hard,BranchBoundMRV,1,3,0.028363375,1563,1
hard_033,Hard,BranchBoundMRV,1,4,0.028296250,1563,1
hard_033,Hard,BranchBoundMRV,1,5,0.028332875,1563,1
hard_033,Hard,OpenMP,4,1,0.001847029,355,1
hard_033,Hard,OpenMP,4,2,0.001818895,356,1
hard_033,Hard,OpenMP,4,3,0.001807928,355,1
hard_033,Hard,OpenMP,4,4,0.001806974,355,1
hard_033,Hard,OpenMP,4,5,0.001806974,355,1
hard_033,Hard,OpenMP,8,1,0.007472992,818,1
hard_033,Hard,OpenMP,8,2,0.004316092,466,1
hard_033,Hard,OpenMP,8,3,0.003309011,292,1
hard_033,Hard,OpenMP,8,4,0.002675056,371,1
hard_033,Hard,OpenMP,8,5,0.001842976,471,1
hard_033,Hard,OpenMP,16,1,0.016299009,860,1
hard_033,Hard,OpenMP,16,2,0.040296078,902,1
hard_033,Hard,OpenMP,16,3,0.021867037,433,1
hard_033,Hard,OpenMP,16,4,0.023659945,669,1
hard_033,Hard,OpenMP,16,5,0.023650885,1498,1
hard_033,Hard,OMP-BranchBoundMRV,4,1,0.002160072,379,1
hard_033,Hard,OMP-BranchBoundMRV,4,2,0.002369165,404,1
hard_033,Hard,OMP-BranchBoundMRV,4,3,0.002024174,363,1
hard_033,Hard,OMP-BranchBoundMRV,4,4,0.002048969,347,1
hard_033,Hard,OMP-BranchBoundMRV,4,5,0.002053976,361,1
hard_033,Hard,OMP-BranchBoundMRV,8,1,0.010340929,614,1
hard_033,Hard,OMP-BranchBoundMRV,8,2,0.004677057,851,1
hard_033,Hard,OMP-BranchBoundMRV,8,3,0.010273933,496,1
hard_033,Hard,OMP-BranchBoundMRV,8,4,0.008647919,362,1
hard_033,Hard,OMP-BranchBoundMRV,8,5,0.007025003,1035,1
hard_033,Hard,OMP-BranchBoundMRV,16,1,0.015835047,455,1
hard_033,Hard,OMP-BranchBoundMRV,16,2,0.024555922,462,1
hard_033,Hard,OMP-BranchBoundMRV,16,3,0.020655870,460,1
hard_033,Hard,OMP-BranchBoundMRV,16,4,0.027467012,1029,1
hard_033,Hard,OMP-BranchBoundMRV,16,5,0.022163153,385,1
hard_034,Hard,Serial,1,1,0.004913167,12671,1
hard_034,Hard,Serial,1,2,0.004817750,12671,1
hard_034,Hard,Serial,1,3,0.004837084,12671,1
hard_034,Hard,Serial,1,4,0.004821250,12671,1
hard_034,Hard,Serial,1,5,0.004818875,12671,1
hard_034,Hard,Serial-MRV,1,1,0.014713000,1083,1
hard_034,Hard,Serial-MRV,1,2,0.015294792,1083,1
hard_034,Hard,Serial-MRV,1,3,0.015265000,1083,1
hard_034,Hard,Serial-MRV,1,4,0.015300459,1083,1
hard_034,Hard,Serial-MRV,1,5,0.015196917,1083,1
hard_034,Hard,BranchBound,1,1,0.005145625,12671,1
hard_034,Hard,BranchBound,1,2,0.005035625,12671,1
hard_034,Hard,BranchBound,1,3,0.005158708,12671,1
hard_034,Hard,BranchBound,1,4,0.005007833,12671,1
hard_034,Hard,BranchBound,1,5,0.005035750,12671,1
hard_034,Hard,BranchBoundMRV,1,1,0.017128375,1083,1
hard_034,Hard,BranchBoundMRV,1,2,0.016595250,1083,1
hard_034,Hard,BranchBoundMRV,1,3,0.016396458,1083,1
hard_034,Hard,BranchBoundMRV,1,4,0.016384291,1083,1
hard_034,Hard,BranchBoundMRV,1,5,0.016391667,1083,1
hard_034,Hard,OpenMP,4,1,0.001183987,272,1
hard_034,Hard,OpenMP,4,2,0.001163006,212,1
hard_034,Hard,OpenMP,4,3,0.001158953,212,1
hard_034,Hard,OpenMP,4,4,0.001159191,212,1
hard_034,Hard,OpenMP,4,5,0.001281023,226,1
hard_034,Hard,OpenMP,8,1,0.010058880,916,1
hard_034,Hard,OpenMP,8,2,0.010009050,207,1
hard_034,Hard,OpenMP,8,3,0.001203060,218,1
hard_034,Hard,OpenMP,8,4,0.008845091,666,1
hard_034,Hard,OpenMP,8,5,0.001207113,262,1
hard_034,Hard,OpenMP,16,1,0.018740892,260,1
hard_034,Hard,OpenMP,16,2,0.039285898,792,1
hard_034,Hard,OpenMP,16,3,0.011291027,294,1
hard_034,Hard,OpenMP,16,4,0.007579088,248,1
hard_034,Hard,OpenMP,16,5,0.015945196,516,1
hard_034,Hard,OMP-BranchBoundMRV,4,1,0.005063057,1134,1
hard_034,Hard,OMP-BranchBoundMRV,4,2,0.001336098,273,1
hard_034,Hard,OMP-BranchBoundMRV,4,3,0.001363039,263,1
hard_034,Hard,OMP-BranchBoundMRV,4,4,0.005801916,1281,1
hard_034,Hard,OMP-BranchBoundMRV,4,5,0.005364895,1215,1
hard_034,Hard,OMP-BranchBoundMRV,8,1,0.013120174,382,1
hard_034,Hard,OMP-BranchBoundMRV,8,2,0.010307074,299,1
hard_034,Hard,OMP-BranchBoundMRV,8,3,0.010311842,557,1
hard_034,Hard,OMP-BranchBoundMRV,8,4,0.001328230,248,1
hard_034,Hard,OMP-BranchBoundMRV,8,5,0.010015011,263,1
hard_034,Hard,OMP-BranchBoundMRV,16,1,0.048308134,835,1
hard_034,Hard,OMP-BranchBoundMRV,16,2,0.035848141,594,1
hard_034,Hard,OMP-BranchBoundMRV,16,3,0.021001101,530,1
hard_034,Hard,OMP-BranchBoundMRV,16,4,0.041401148,686,1
hard_034,Hard,OMP-BranchBoundMRV,16,5,0.022732973,541,1
hard_035,Hard,Serial,1,1,0.030403250,67272,1
hard_035,Hard,Serial,1,2,0.030247542,67272,1
hard_035,Hard,Serial,1,3,0.029517875,67272,1
hard_035,Hard,Serial,1,4,0.029035292,67272,1
hard_035,Hard,Serial,1,5,0.029059542,67272,1
hard_035,Hard,Serial-MRV,1,1,0.014975125,1034,1
hard_035,Hard,Serial-MRV,1,2,0.015012875,1034,1
hard_035,Hard,Serial-MRV,1,3,0.015047083,1034,1
hard_035,Hard,Serial-MRV,1,4,0.015374333,1034,1
hard_035,Hard,Serial-MRV,1,5,0.015385084,1034,1
hard_035,Hard,BranchBound,1,1,0.030272583,67272,1
hard_035,Hard,BranchBound,1,2,0.030251875,67272,1
hard_035,Hard,BranchBound,1,3,0.029613167,67272,1
hard_035,Hard,BranchBound,1,4,0.029179417,67272,1
hard_035,Hard,BranchBound,1,5,0.029031083,67272,1
hard_035,Hard,BranchBoundMRV,1,1,0.017193708,1034,1
hard_035,Hard,BranchBoundMRV,1,2,0.017204417,1034,1
hard_035,Hard,BranchBoundMRV,1,3,0.017289417,1034,1
hard_035,Hard,BranchBoundMRV,1,4,0.017846708,1034,1
hard_035,Hard,BranchBoundMRV,1,5,0.017725083,1034,1
hard_035,Hard,OpenMP,4,1,0.012797117,1034,1
hard_035,Hard,OpenMP,4,2,0.012547016,1034,1
hard_035,Hard,OpenMP,4,3,0.012743950,1034,1
hard_035,Hard,OpenMP,4,4,0.012676001,1034,1
hard_035,Hard,OpenMP,4,5,0.012434006,1034,1
hard_035,Hard,OpenMP,8,1,0.021173000,1034,1
hard_035,Hard,OpenMP,8,2,0.015053988,1034,1
hard_035,Hard,OpenMP,8,3,0.021278858,1034,1
hard_035,Hard,OpenMP,8,4,0.020201921,1034,1
hard_035,Hard,OpenMP,8,5,0.030057907,1034,1
hard_035,Hard,OpenMP,16,1,0.044968843,1034,1
hard_035,Hard,OpenMP,16,2,0.044658899,1034,1
hard_035,Hard,OpenMP,16,3,0.040324926,1034,1
hard_035,Hard,OpenMP,16,4,0.153413057,1034,1
hard_035,Hard,OpenMP,16,5,0.073016882,1034,1
hard_035,Hard,OMP-BranchBoundMRV,4,1,0.012354851,1034,1
hard_035,Hard,OMP-BranchBoundMRV,4,2,0.012331009,1034,1
hard_035,Hard,OMP-BranchBoundMRV,4,3,0.012322903,1034,1
hard_035,Hard,OMP-BranchBoundMRV,4,4,0.012300014,1034,1
hard_035,Hard,OMP-BranchBoundMRV,4,5,0.012292862,1034,1
hard_035,Hard,OMP-BranchBoundMRV,8,1,0.023729086,1034,1
hard_035,Hard,OMP-BranchBoundMRV,8,2,0.018893003,1034,1
hard_035,Hard,OMP-BranchBoundMRV,8,3,0.020357132,1034,1
hard_035,Hard,OMP-BranchBoundMRV,8,4,0.028818846,1034,1
hard_035,Hard,OMP-BranchBoundMRV,8,5,0.018067122,1034,1
hard_035,Hard,OMP-BranchBoundMRV,16,1,0.055083036,1034,1
hard_035,Hard,OMP-BranchBoundMRV,16,2,0.066928864,1034,1
hard_035,Hard,OMP-BranchBoundMRV,16,3,0.068506956,1034,1
hard_035,Hard,OMP-BranchBoundMRV,16,4,0.072834969,1034,1
hard_035,Hard,OMP-BranchBoundMRV,16,5,0.066079140,1034,1
hard_036,Hard,Serial,1,1,0.016225250,40653,1
hard_036,Hard,Serial,1,2,0.016046000,40653,1
hard_036,Hard,Serial,1,3,0.016019542,40653,1
hard_036,Hard,Serial,1,4,0.016052667,40653,1
hard_036,Hard,Serial,1,5,0.015989208,40653,1
hard_036,Hard,Serial-MRV,1,1,0.020937584,1379,1
hard_036,Hard,Serial-MRV,1,2,0.021008542,1379,1
hard_036,Hard,Serial-MRV,1,3,0.020975833,1379,1
hard_036,Hard,Serial-MRV,1,4,0.020960125,1379,1
hard_036,Hard,Serial-MRV,1,5,0.020960584,1379,1
hard_036,Hard,BranchBound,1,1,0.016144125,40653,1
hard_036,Hard,BranchBound,1,2,0.016922250,40653,1
hard_036,Hard,BranchBound,1,3,0.016669000,40653,1
hard_036,Hard,BranchBound,1,4,0.016775333,40653,1
hard_036,Hard,BranchBound,1,5,0.016690750,40653,1
hard_036,Hard,BranchBoundMRV,1,1,0.024246458,1379,1
hard_036,Hard,BranchBoundMRV,1,2,0.023910417,1379,1
hard_036,Hard,BranchBoundMRV,1,3,0.023587875,1379,1
hard_036,Hard,BranchBoundMRV,1,4,0.023415958,1379,1
hard_036,Hard,BranchBoundMRV,1,5,0.023281833,1379,1
hard_036,Hard,OpenMP,4,1,0.001001835,200,1
hard_036,Hard,OpenMP,4,2,0.000907898,145,1
hard_036,Hard,OpenMP,4,3,0.000980854,200,1
hard_036,Hard,OpenMP,4,4,0.000899792,145,1
hard_036,Hard,OpenMP,4,5,0.000983000,201,1
hard_036,Hard,OpenMP,8,1,0.010367870,347,1
hard_036,Hard,OpenMP,8,2,0.002248049,416,1
hard_036,Hard,OpenMP,8,3,0.009377956,309,1
hard_036,Hard,OpenMP,8,4,0.010061026,311,1
hard_036,Hard,OpenMP,8,5,0.003695011,199,1
hard_036,Hard,OpenMP,16,1,0.012342930,771,1
hard_036,Hard,OpenMP,16,2,0.047304869,357,1
hard_036,Hard,OpenMP,16,3,0.031646967,171,1
hard_036,Hard,OpenMP,16,4,0.018343925,523,1
hard_036,Hard,OpenMP,16,5,0.014946938,173,1
hard_036,Hard,OMP-BranchBoundMRV,4,1,0.001381874,212,1
hard_036,Hard,OMP-BranchBoundMRV,4,2,0.001155853,201,1
hard_036,Hard,OMP-BranchBoundMRV,4,3,0.001175880,200,1
hard_036,Hard,OMP-BranchBoundMRV,4,4,0.001328945,224,1
hard_036,Hard,OMP-BranchBoundMRV,4,5,0.001227856,202,1
hard_036,Hard,OMP-BranchBoundMRV,8,1,0.003469944,148,1
hard_036,Hard,OMP-BranchBoundMRV,8,2,0.008435011,369,1
hard_036,Hard,OMP-BranchBoundMRV,8,3,0.010001898,232,1
hard_036,Hard,OMP-BranchBoundMRV,8,4,0.002363205,375,1
hard_036,Hard,OMP-BranchBoundMRV,8,5,0.002943039,397,1
hard_036,Hard,OMP-BranchBoundMRV,16,1,0.008669138,163,1
hard_036,Hard,OMP-BranchBoundMRV,16,2,0.024147987,255,1
hard_036,Hard,OMP-BranchBoundMRV,16,3,0.060186863,320,1
hard_036,Hard,OMP-BranchBoundMRV,16,4,0.067524910,404,1
hard_036,Hard,OMP-BranchBoundMRV,16,5,0.024661064,367,1
hard_037,Hard,Serial,1,1,0.002295584,5405,1
hard_037,Hard,Serial,1,2,0.002304334,5405,1
hard_037,Hard,Serial,1,3,0.002330083,5405,1
hard_037,Hard,Serial,1,4,0.002289875,5405,1
hard_037,Hard,Serial,1,5,0.002343583,5405,1
hard_037,Hard,Serial-MRV,1,1,0.015645958,1114,1
hard_037,Hard,Serial-MRV,1,2,0.015907000,1114,1
hard_037,Hard,Serial-MRV,1,3,0.015793041,1114,1
hard_037,Hard,Serial-MRV,1,4,0.015639833,1114,1
hard_037,Hard,Serial-MRV,1,5,0.015417875,1114,1
hard_037,Hard,BranchBound,1,1,0.002298875,5405,1
hard_037,Hard,BranchBound,1,2,0.002241625,5405,1
hard_037,Hard,BranchBound,1,3,0.002196541,5405,1
hard_037,Hard,BranchBound,1,4,0.002195500,5405,1
hard_037,Hard,BranchBound,1,5,0.002252250,5405,1
hard_037,Hard,BranchBoundMRV,1,1,0.017056834,1114,1
hard_037,Hard,BranchBoundMRV,1,2,0.017140792,1114,1
hard_037,Hard,BranchBoundMRV,1,3,0.017193541,1114,1
hard_037,Hard,BranchBoundMRV,1,4,0.017112292,1114,1
hard_037,Hard,BranchBoundMRV,1,5,0.016966125,1114,1
hard_037,Hard,OpenMP,4,1,0.018246889,1114,1
hard_037,Hard,OpenMP,4,2,0.018610001,1114,1
hard_037,Hard,OpenMP,4,3,0.018944979,1114,1
hard_037,Hard,OpenMP,4,4,0.019037008,1114,1
hard_037,Hard,OpenMP,4,5,0.019114017,1114,1
hard_037,Hard,OpenMP,8,1,0.025616169,1114,1
hard_037,Hard,OpenMP,8,2,0.020692110,1114,1
hard_037,Hard,OpenMP,8,3,0.036268950,1114,1
hard_037,Hard,OpenMP,8,4,0.034657001,1114,1
hard_037,Hard,OpenMP,8,5,0.038331985,1114,1
hard_037,Hard,OpenMP,16,1,0.071204901,1114,1
hard_037,Hard,OpenMP,16,2,0.065678120,1114,1
hard_037,Hard,OpenMP,16,3,0.052530050,1114,1
hard_037,Hard,OpenMP,16,4,0.034198046,1114,1
hard_037,Hard,OpenMP,16,5,0.047713995,1114,1
hard_037,Hard,OMP-BranchBoundMRV,4,1,0.018157959,1114,1
hard_037,Hard,OMP-BranchBoundMRV,4,2,0.018297195,1114,1
hard_037,Hard,OMP-BranchBoundMRV,4,3,0.018229008,1114,1
hard_037,Hard,OMP-BranchBoundMRV,4,4,0.018274069,1114,1
hard_037,Hard,OMP-BranchBoundMRV,4,5,0.018392086,1114,1
hard_037,Hard,OMP-BranchBoundMRV,8,1,0.038996935,1114,1
hard_037,Hard,OMP-BranchBoundMRV,8,2,0.018246889,1114,1
hard_037,Hard,OMP-BranchBoundMRV,8,3,0.024331093,1114,1
hard_037,Hard,OMP-BranchBoundMRV,8,4,0.038108826,1114,1
hard_037,Hard,OMP-BranchBoundMRV,8,5,0.025660992,1114,1
hard_037,Hard,OMP-BranchBoundMRV,16,1,0.062103987,1114,1
hard_037,Hard,OMP-BranchBoundMRV,16,2,0.067913055,1114,1
hard_037,Hard,OMP-BranchBoundMRV,16,3,0.124963999,1114,1
hard_037,Hard,OMP-BranchBoundMRV,16,4,0.061357975,1114,1
hard_037,Hard,OMP-BranchBoundMRV,16,5,0.042586088,1114,1
hard_038,Hard,Serial,1,1,0.037445458,81820,1
hard_038,Hard,Serial,1,2,0.037084500,81820,1
hard_038,Hard,Serial,1,3,0.037071917,81820,1
hard_038,Hard,Serial,1,4,0.036923250,81820,1
hard_038,Hard,Serial,1,5,0.036974208,81820,1
hard_038,Hard,Serial-MRV,1,1,0.015930459,1010,1
hard_038,Hard,Serial-MRV,1,2,0.016589958,1010,1
hard_038,Hard,Serial-MRV,1,3,0.016528833,1010,1
hard_038,Hard,Serial-MRV,1,4,0.016454416,1010,1
hard_038,Hard,Serial-MRV,1,5,0.016597417,1010,1
hard_038,Hard,BranchBound,1,1,0.038174334,81820,1
hard_038,Hard,BranchBound,1,2,0.037221625,81820,1
hard_038,Hard,BranchBound,1,3,0.037146459,81820,1
hard_038,Hard,BranchBound,1,4,0.037068791,81820,1
hard_038,Hard,BranchBound,1,5,0.037095375,81820,1
hard_038,Hard,BranchBoundMRV,1,1,0.017987250,1010,1
hard_038,Hard,BranchBoundMRV,1,2,0.018361625,1010,1
hard_038,Hard,BranchBoundMRV,1,3,0.018369708,1010,1
hard_038,Hard,BranchBoundMRV,1,4,0.018327042,1010,1
hard_038,Hard,BranchBoundMRV,1,5,0.018435166,1010,1
hard_038,Hard,OpenMP,4,1,0.002157927,344,1
hard_038,Hard,OpenMP,4,2,0.002210855,335,1
hard_038,Hard,OpenMP,4,3,0.002300024,362,1
hard_038,Hard,OpenMP,4,4,0.002144098,343,1
hard_038,Hard,OpenMP,4,5,0.002382040,371,1
hard_038,Hard,OpenMP,8,1,0.004886866,313,1
hard_038,Hard,OpenMP,8,2,0.008394003,317,1
hard_038,Hard,OpenMP,8,3,0.010175228,349,1
hard_038,Hard,OpenMP,8,4,0.003928900,428,1
hard_038,Hard,OpenMP,8,5,0.002162933,199,1
hard_038,Hard,OpenMP,16,1,0.025952101,463,1
hard_038,Hard,OpenMP,16,2,0.020605087,284,1
hard_038,Hard,OpenMP,16,3,0.029619217,266,1
hard_038,Hard,OpenMP,16,4,0.052205086,502,1
hard_038,Hard,OpenMP,16,5,0.041942120,345,1
hard_038,Hard,OMP-BranchBoundMRV,4,1,0.002614021,386,1
hard_038,Hard,OMP-BranchBoundMRV,4,2,0.002679825,393,1
hard_038,Hard,OMP-BranchBoundMRV,4,3,0.002291918,351,1
hard_038,Hard,OMP-BranchBoundMRV,4,4,0.002310991,335,1
hard_038,Hard,OMP-BranchBoundMRV,4,5,0.002276182,352,1
hard_038,Hard,OMP-BranchBoundMRV,8,1,0.015889168,665,1
hard_038,Hard,OMP-BranchBoundMRV,8,2,0.010190964,627,1
hard_038,Hard,OMP-BranchBoundMRV,8,3,0.015500069,279,1
hard_038,Hard,OMP-BranchBoundMRV,8,4,0.008516073,618,1
hard_038,Hard,OMP-BranchBoundMRV,8,5,0.032896042,532,1
hard_038,Hard,OMP-BranchBoundMRV,16,1,0.017888069,190,1
hard_038,Hard,OMP-BranchBoundMRV,16,2,0.060889006,282,1
hard_038,Hard,OMP-BranchBoundMRV,16,3,0.040004015,268,1
hard_038,Hard,OMP-BranchBoundMRV,16,4,0.054618120,1010,1
hard_038,Hard,OMP-BranchBoundMRV,16,5,0.015183926,659,1
hard_039,Hard,Serial,1,1,0.000869458,1958,1
hard_039,Hard,Serial,1,2,0.000863792,1958,1
hard_039,Hard,Serial,1,3,0.000849834,1958,1
hard_039,Hard,Serial,1,4,0.000816959,1958,1
hard_039,Hard,Serial,1,5,0.000815917,1958,1
hard_039,Hard,Serial-MRV,1,1,0.016253833,1049,1
hard_039,Hard,Serial-MRV,1,2,0.015438958,1049,1
hard_039,Hard,Serial-MRV,1,3,0.015281125,1049,1
hard_039,Hard,Serial-MRV,1,4,0.015289083,1049,1
hard_039,Hard,Serial-MRV,1,5,0.015241458,1049,1
hard_039,Hard,BranchBound,1,1,0.000827583,1958,1
hard_039,Hard,BranchBound,1,2,0.000820917,1958,1
hard_039,Hard,BranchBound,1,3,0.000830916,1958,1
hard_039,Hard,BranchBound,1,4,0.000820584,1958,1
hard_039,Hard,BranchBound,1,5,0.000819541,1958,1
hard_039,Hard,BranchBoundMRV,1,1,0.016595250,1049,1
hard_039,Hard,BranchBoundMRV,1,2,0.016656917,1049,1
hard_039,Hard,BranchBoundMRV,1,3,0.016644167,1049,1
hard_039,Hard,BranchBoundMRV,1,4,0.016594833,1049,1
hard_039,Hard,BranchBoundMRV,1,5,0.016564041,1049,1
hard_039,Hard,OpenMP,4,1,0.000885963,163,1
hard_039,Hard,OpenMP,4,2,0.000867128,163,1
hard_039,Hard,OpenMP,4,3,0.000860929,169,1
hard_039,Hard,OpenMP,4,4,0.000861883,169,1
hard_039,Hard,OpenMP,4,5,0.000867128,163,1
hard_039,Hard,OpenMP,8,1,0.002362013,144,1
hard_039,Hard,OpenMP,8,2,0.001969099,405,1
hard_039,Hard,OpenMP,8,3,0.002008915,271,1
hard_039,Hard,OpenMP,8,4,0.001996994,337,1
hard_039,Hard,OpenMP,8,5,0.002124071,284,1
hard_039,Hard,OpenMP,16,1,0.025354862,155,1
hard_039,Hard,OpenMP,16,2,0.022763968,181,1
hard_039,Hard,OpenMP,16,3,0.018209934,276,1
hard_039,Hard,OpenMP,16,4,0.020381927,379,1
hard_039,Hard,OpenMP,16,5,0.013676882,204,1
hard_039,Hard,OMP-BranchBoundMRV,4,1,0.001161098,178,1
hard_039,Hard,OMP-BranchBoundMRV,4,2,0.001101017,176,1
hard_039,Hard,OMP-BranchBoundMRV,4,3,0.001129150,180,1
hard_039,Hard,OMP-BranchBoundMRV,4,4,0.001366138,208,1
hard_039,Hard,OMP-BranchBoundMRV,4,5,0.001096010,179,1
hard_039,Hard,OMP-BranchBoundMRV,8,1,0.003517151,350,1
hard_039,Hard,OMP-BranchBoundMRV,8,2,0.010006905,245,1
hard_039,Hard,OMP-BranchBoundMRV,8,3,0.010782003,985,1
hard_039,Hard,OMP-BranchBoundMRV,8,4,0.011974096,888,1
hard_039,Hard,OMP-BranchBoundMRV,8,5,0.002048016,166,1
hard_039,Hard,OMP-BranchBoundMRV,16,1,0.052360773,1049,1
hard_039,Hard,OMP-BranchBoundMRV,16,2,0.116477013,359,1
hard_039,Hard,OMP-BranchBoundMRV,16,3,0.011004925,338,1
hard_039,Hard,OMP-BranchBoundMRV,16,4,0.015963793,182,1
hard_039,Hard,OMP-BranchBoundMRV,16,5,0.006345987,193,1
hard_040,Hard,Serial,1,1,0.006091791,13866,1
hard_040,Hard,Serial,1,2,0.006068500,13866,1
hard_040,Hard,Serial,1,3,0.006033000,13866,1
hard_040,Hard,Serial,1,4,0.006029542,13866,1
hard_040,Hard,Serial,1,5,0.006036917,13866,1
hard_040,Hard,Serial-MRV,1,1,0.017800125,1080,1
hard_040,Hard,Serial-MRV,1,2,0.017539917,1080,1
hard_040,Hard,Serial-MRV,1,3,0.017145375,1080,1
hard_040,Hard,Serial-MRV,1,4,0.016953084,1080,1
hard_040,Hard,Serial-MRV,1,5,0.017006667,1080,1
hard_040,Hard,BranchBound,1,1,0.005786958,13866,1
hard_040,Hard,BranchBound,1,2,0.005811875,13866,1
hard_040,Hard,BranchBound,1,3,0.005788333,13866,1
hard_040,Hard,BranchBound,1,4,0.005801292,13866,1
hard_040,Hard,BranchBound,1,5,0.005765000,13866,1
hard_040,Hard,BranchBoundMRV,1,1,0.019431541,1080,1
hard_040,Hard,BranchBoundMRV,1,2,0.019446875,1080,1
hard_040,Hard,BranchBoundMRV,1,3,0.019390000,1080,1
hard_040,Hard,BranchBoundMRV,1,4,0.020313208,1080,1
hard_040,Hard,BranchBoundMRV,1,5,0.020228333,1080,1
hard_040,Hard,OpenMP,4,1,0.000947952,172,1
hard_040,Hard,OpenMP,4,2,0.000921011,173,1
hard_040,Hard,OpenMP,4,3,0.000958920,156,1
hard_040,Hard,OpenMP,4,4,0.000941992,175,1
hard_040,Hard,OpenMP,4,5,0.000913858,171,1
hard_040,Hard,OpenMP,8,1,0.000941992,189,1
hard_040,Hard,OpenMP,8,2,0.000922203,143,1
hard_040,Hard,OpenMP,8,3,0.000952005,173,1
hard_040,Hard,OpenMP,8,4,0.002027988,443,1
hard_040,Hard,OpenMP,8,5,0.000926971,138,1
hard_040,Hard,OpenMP,16,1,0.009851933,439,1
hard_040,Hard,OpenMP,16,2,0.014019966,182,1
hard_040,Hard,OpenMP,16,3,0.021100044,883,1
hard_040,Hard,OpenMP,16,4,0.013967991,360,1
hard_040,Hard,OpenMP,16,5,0.041233063,251,1
hard_040,Hard,OMP-BranchBoundMRV,4,1,0.001461983,213,1
hard_040,Hard,OMP-BranchBoundMRV,4,2,0.001954079,261,1
hard_040,Hard,OMP-BranchBoundMRV,4,3,0.001066923,162,1
hard_040,Hard,OMP-BranchBoundMRV,4,4,0.001020908,148,1
hard_040,Hard,OMP-BranchBoundMRV,4,5,0.001256943,189,1
hard_040,Hard,OMP-BranchBoundMRV,8,1,0.022444010,2057,1
hard_040,Hard,OMP-BranchBoundMRV,8,2,0.005808115,315,1
hard_040,Hard,OMP-BranchBoundMRV,8,3,0.002882004,185,1
hard_040,Hard,OMP-BranchBoundMRV,8,4,0.008349895,378,1
hard_040,Hard,OMP-BranchBoundMRV,8,5,0.006095171,378,1
hard_040,Hard,OMP-BranchBoundMRV,16,1,0.031560183,118,1
hard_040,Hard,OMP-BranchBoundMRV,16,2,0.023030996,948,1
hard_040,Hard,OMP-BranchBoundMRV,16,3,0.009511948,307,1
hard_040,Hard,OMP-BranchBoundMRV,16,4,0.015921116,281,1
hard_040,Hard,OMP-BranchBoundMRV,16,5,0.026269913,858,1
hard_041,Hard,Serial,1,1,1.718741375,3614126,1
hard_041,Hard,Serial,1,2,1.862711833,3614126,1
hard_041,Hard,Serial,1,3,1.877105417,3614126,1
hard_041,Hard,Serial,1,4,1.650496875,3614126,1
hard_041,Hard,Serial,1,5,1.651552125,3614126,1
hard_041,Hard,Serial-MRV,1,1,0.018138333,1119,1
hard_041,Hard,Serial-MRV,1,2,0.018158041,1119,1
hard_041,Hard,Serial-MRV,1,3,0.018130583,1119,1
hard_041,Hard,Serial-MRV,1,4,0.018223084,1119,1
hard_041,Hard,Serial-MRV,1,5,0.018240750,1119,1
hard_041,Hard,BranchBound,1,1,1.668105958,3614126,1
hard_041,Hard,BranchBound,1,2,1.660778625,3614126,1
hard_041,Hard,BranchBound,1,3,1.660089167,3614126,1
hard_041,Hard,BranchBound,1,4,1.662394209,3614126,1
hard_041,Hard,BranchBound,1,5,1.660096333,3614126,1
hard_041,Hard,BranchBoundMRV,1,1,0.019547417,1119,1
hard_041,Hard,BranchBoundMRV,1,2,0.019508625,1119,1
hard_041,Hard,BranchBoundMRV,1,3,0.019457500,1119,1
hard_041,Hard,BranchBoundMRV,1,4,0.019518125,1119,1
hard_041,Hard,BranchBoundMRV,1,5,0.019563125,1119,1
hard_041,Hard,OpenMP,4,1,0.001014948,127,1
hard_041,Hard,OpenMP,4,2,0.000957012,126,1
hard_041,Hard,OpenMP,4,3,0.000957012,126,1
hard_041,Hard,OpenMP,4,4,0.000946999,125,1
hard_041,Hard,OpenMP,4,5,0.000964165,127,1
hard_041,Hard,OpenMP,8,1,0.002159119,266,1
hard_041,Hard,OpenMP,8,2,0.000974178,101,1
hard_041,Hard,OpenMP,8,3,0.001023054,128,1
hard_041,Hard,OpenMP,8,4,0.001007080,108,1
hard_041,Hard,OpenMP,8,5,0.001015186,108,1
hard_041,Hard,OpenMP,16,1,0.019279957,126,1
hard_041,Hard,OpenMP,16,2,0.020509005,124,1
hard_041,Hard,OpenMP,16,3,0.074598074,76,1
hard_041,Hard,OpenMP,16,4,0.029608011,686,1
hard_041,Hard,OpenMP,16,5,0.022239923,144,1
hard_041,Hard,OMP-BranchBoundMRV,4,1,0.001193047,130,1
hard_041,Hard,OMP-BranchBoundMRV,4,2,0.001109123,120,1
hard_041,Hard,OMP-BranchBoundMRV,4,3,0.001090050,128,1
hard_041,Hard,OMP-BranchBoundMRV,4,4,0.001156092,115,1
hard_041,Hard,OMP-BranchBoundMRV,4,5,0.001178980,130,1
hard_041,Hard,OMP-BranchBoundMRV,8,1,0.002195835,186,1
hard_041,Hard,OMP-BranchBoundMRV,8,2,0.001226902,124,1
hard_041,Hard,OMP-BranchBoundMRV,8,3,0.001142979,100,1
hard_041,Hard,OMP-BranchBoundMRV,8,4,0.001148939,99,1
hard_041,Hard,OMP-BranchBoundMRV,8,5,0.002396822,278,1
hard_041,Hard,OMP-BranchBoundMRV,16,1,0.006958961,100,1
hard_041,Hard,OMP-BranchBoundMRV,16,2,0.007231951,128,1
hard_041,Hard,OMP-BranchBoundMRV,16,3,0.048799038,1119,1
hard_041,Hard,OMP-BranchBoundMRV,16,4,0.028407097,266,1
hard_041,Hard,OMP-BranchBoundMRV,16,5,0.023838043,80,1
hard_042,Hard,Serial,1,1,0.024530125,55976,1
hard_042,Hard,Serial,1,2,0.024558000,55976,1
hard_042,Hard,Serial,1,3,0.024686416,55976,1
hard_042,Hard,Serial,1,4,0.026015042,55976,1
hard_042,Hard,Serial,1,5,0.025902459,55976,1
hard_042,Hard,Serial-MRV,1,1,0.016361916,1071,1
hard_042,Hard,Serial-MRV,1,2,0.016239334,1071,1
hard_042,Hard,Serial-MRV,1,3,0.016444291,1071,1
hard_042,Hard,Serial-MRV,1,4,0.015780917,1071,1
hard_042,Hard,Serial-MRV,1,5,0.015609250,1071,1
hard_042,Hard,BranchBound,1,1,0.024820542,55976,1
hard_042,Hard,BranchBound,1,2,0.024714500,55976,1
hard_042,Hard,BranchBound,1,3,0.024772208,55976,1
hard_042,Hard,BranchBound,1,4,0.024748459,55976,1
hard_042,Hard,BranchBound,1,5,0.024802750,55976,1
hard_042,Hard,BranchBoundMRV,1,1,0.017768500,1071,1
hard_042,Hard,BranchBoundMRV,1,2,0.017682750,1071,1
hard_042,Hard,BranchBoundMRV,1,3,0.017969292,1071,1
hard_042,Hard,BranchBoundMRV,1,4,0.017817000,1071,1
hard_042,Hard,BranchBoundMRV,1,5,0.017566333,1071,1
hard_042,Hard,OpenMP,4,1,0.003676891,490,1
hard_042,Hard,OpenMP,4,2,0.003607988,489,1
hard_042,Hard,OpenMP,4,3,0.003569126,490,1
hard_042,Hard,OpenMP,4,4,0.003637075,492,1
hard_042,Hard,OpenMP,4,5,0.003571033,490,1
hard_042,Hard,OpenMP,8,1,0.003602982,374,1
hard_042,Hard,OpenMP,8,2,0.008530140,805,1
hard_042,Hard,OpenMP,8,3,0.003587008,490,1
hard_042,Hard,OpenMP,8,4,0.003608942,492,1
hard_042,Hard,OpenMP,8,5,0.003588915,491,1
hard_042,Hard,OpenMP,16,1,0.006911993,376,1
hard_042,Hard,OpenMP,16,2,0.034854889,724,1
hard_042,Hard,OpenMP,16,3,0.030860901,478,1
hard_042,Hard,OpenMP,16,4,0.018698931,567,1
hard_042,Hard,OpenMP,16,5,0.010736942,310,1
hard_042,Hard,OMP-BranchBoundMRV,4,1,0.003755093,478,1
hard_042,Hard,OMP-BranchBoundMRV,4,2,0.003837109,489,1
hard_042,Hard,OMP-BranchBoundMRV,4,3,0.004037857,511,1
hard_042,Hard,OMP-BranchBoundMRV,4,4,0.003823996,493,1
hard_042,Hard,OMP-BranchBoundMRV,4,5,0.003780127,493,1
hard_042,Hard,OMP-BranchBoundMRV,8,1,0.003766060,359,1
hard_042,Hard,OMP-BranchBoundMRV,8,2,0.007158041,617,1
hard_042,Hard,OMP-BranchBoundMRV,8,3,0.003790140,403,1
hard_042,Hard,OMP-BranchBoundMRV,8,4,0.006613970,487,1
hard_042,Hard,OMP-BranchBoundMRV,8,5,0.008881807,702,1
hard_042,Hard,OMP-BranchBoundMRV,16,1,0.004112959,452,1
hard_042,Hard,OMP-BranchBoundMRV,16,2,0.047637939,998,1
hard_042,Hard,OMP-BranchBoundMRV,16,3,0.025827885,417,1
hard_042,Hard,OMP-BranchBoundMRV,16,4,0.071768999,357,1
hard_042,Hard,OMP-BranchBoundMRV,16,5,0.020931005,391,1
hard_043,Hard,Serial,1,1,0.009050708,19460,1
hard_043,Hard,Serial,1,2,0.009071583,19460,1
hard_043,Hard,Serial,1,3,0.008988083,19460,1
hard_043,Hard,Serial,1,4,0.009084000,19460,1
hard_043,Hard,Serial,1,5,0.008933625,19460,1
hard_043,Hard,Serial-MRV,1,1,0.021597875,1278,1
hard_043,Hard,Serial-MRV,1,2,0.021527500,1278,1
hard_043,Hard,Serial-MRV,1,3,0.020598541,1278,1
hard_043,Hard,Serial-MRV,1,4,0.020597458,1278,1
hard_043,Hard,Serial-MRV,1,5,0.020538292,1278,1
hard_043,Hard,BranchBound,1,1,0.008528375,19460,1
hard_043,Hard,BranchBound,1,2,0.008534375,19460,1
hard_043,Hard,BranchBound,1,3,0.008660084,19460,1
hard_043,Hard,BranchBound,1,4,0.008502583,19460,1
hard_043,Hard,BranchBound,1,5,0.008555125,19460,1
hard_043,Hard,BranchBoundMRV,1,1,0.023567292,1278,1
hard_043,Hard,BranchBoundMRV,1,2,0.023639834,1278,1
hard_043,Hard,BranchBoundMRV,1,3,0.023861375,1278,1
hard_043,Hard,BranchBoundMRV,1,4,0.023783292,1278,1
hard_043,Hard,BranchBoundMRV,1,5,0.023464042,1278,1
hard_043,Hard,OpenMP,4,1,0.002054930,314,1
hard_043,Hard,OpenMP,4,2,0.002043009,310,1
hard_043,Hard,OpenMP,4,3,0.002090931,318,1
hard_043,Hard,OpenMP,4,4,0.002072096,316,1
hard_043,Hard,OpenMP,4,5,0.002048016,315,1
hard_043,Hard,OpenMP,8,1,0.002185106,297,1
hard_043,Hard,OpenMP,8,2,0.002095938,377,1
hard_043,Hard,OpenMP,8,3,0.004812956,559,1
hard_043,Hard,OpenMP,8,4,0.004843950,764,1
hard_043,Hard,OpenMP,8,5,0.004837990,728,1
hard_043,Hard,OpenMP,16,1,0.022823095,429,1
hard_043,Hard,OpenMP,16,2,0.017830133,353,1
hard_043,Hard,OpenMP,16,3,0.027429104,294,1
hard_043,Hard,OpenMP,16,4,0.020250082,230,1
hard_043,Hard,OpenMP,16,5,0.030861855,294,1
hard_043,Hard,OMP-BranchBoundMRV,4,1,0.002175093,314,1
hard_043,Hard,OMP-BranchBoundMRV,4,2,0.002197027,318,1
hard_043,Hard,OMP-BranchBoundMRV,4,3,0.002154112,314,1
hard_043,Hard,OMP-BranchBoundMRV,4,4,0.002174139,315,1
hard_043,Hard,OMP-BranchBoundMRV,4,5,0.002156019,314,1
hard_043,Hard,OMP-BranchBoundMRV,8,1,0.005171061,906,1
hard_043,Hard,OMP-BranchBoundMRV,8,2,0.004914045,585,1
hard_043,Hard,OMP-BranchBoundMRV,8,3,0.002265930,387,1
hard_043,Hard,OMP-BranchBoundMRV,8,4,0.002353907,383,1
hard_043,Hard,OMP-BranchBoundMRV,8,5,0.002393007,312,1
hard_043,Hard,OMP-BranchBoundMRV,16,1,0.032119989,755,1
hard_043,Hard,OMP-BranchBoundMRV,16,2,0.011726141,344,1
hard_043,Hard,OMP-BranchBoundMRV,16,3,0.022746086,671,1
hard_043,Hard,OMP-BranchBoundMRV,16,4,0.012768984,191,1
hard_043,Hard,OMP-BranchBoundMRV,16,5,0.006674051,255,1
hard_044,Hard,Serial,1,1,0.035537791,85336,1
hard_044,Hard,Serial,1,2,0.034547833,85336,1
hard_044,Hard,Serial,1,3,0.033748000,85336,1
hard_044,Hard,Serial,1,4,0.033746375,85336,1
hard_044,Hard,Serial,1,5,0.033752541,85336,1
hard_044,Hard,Serial-MRV,1,1,0.034658417,2493,1
hard_044,Hard,Serial-MRV,1,2,0.035930708,2493,1
hard_044,Hard,Serial-MRV,1,3,0.036062334,2493,1
hard_044,Hard,Serial-MRV,1,4,0.035235917,2493,1
hard_044,Hard,Serial-MRV,1,5,0.034369000,2493,1
hard_044,Hard,BranchBound,1,1,0.033966083,85336,1
hard_044,Hard,BranchBound,1,2,0.033845792,85336,1
hard_044,Hard,BranchBound,1,3,0.033781417,85336,1
hard_044,Hard,BranchBound,1,4,0.033849375,85336,1
hard_044,Hard,BranchBound,1,5,0.033741458,85336,1
hard_044,Hard,BranchBoundMRV,1,1,0.040095000,2493,1
hard_044,Hard,BranchBoundMRV,1,2,0.041834084,2493,1
hard_044,Hard,BranchBoundMRV,1,3,0.041733750,2493,1
hard_044,Hard,BranchBoundMRV,1,4,0.039932083,2493,1
hard_044,Hard,BranchBoundMRV,1,5,0.039674167,2493,1
hard_044,Hard,OpenMP,4,1,0.007769108,1797,1
hard_044,Hard,OpenMP,4,2,0.007807970,1797,1
hard_044,Hard,OpenMP,4,3,0.007756948,1527,1
hard_044,Hard,OpenMP,4,4,0.007768154,1793,1
hard_044,Hard,OpenMP,4,5,0.007746935,1792,1
hard_044,Hard,OpenMP,8,1,0.007900953,2057,1
hard_044,Hard,OpenMP,8,2,0.013502121,2846,1
hard_044,Hard,OpenMP,8,3,0.007846832,2058,1
hard_044,Hard,OpenMP,8,4,0.007832050,2002,1
hard_044,Hard,OpenMP,8,5,0.018105984,3106,1
hard_044,Hard,OpenMP,16,1,0.030536890,2248,1
hard_044,Hard,OpenMP,16,2,0.043169975,2281,1
hard_044,Hard,OpenMP,16,3,0.042718887,3205,1
hard_044,Hard,OpenMP,16,4,0.038190842,2392,1
hard_044,Hard,OpenMP,16,5,0.037892103,3172,1
hard_044,Hard,OMP-BranchBoundMRV,4,1,0.008140087,1773,1
hard_044,Hard,OMP-BranchBoundMRV,4,2,0.008144140,1758,1
hard_044,Hard,OMP-BranchBoundMRV,4,3,0.008486986,1892,1
hard_044,Hard,OMP-BranchBoundMRV,4,4,0.007929087,1795,1
hard_044,Hard,OMP-BranchBoundMRV,4,5,0.007906914,1794,1
hard_044,Hard,OMP-BranchBoundMRV,8,1,0.007982969,1907,1
hard_044,Hard,OMP-BranchBoundMRV,8,2,0.008008003,1911,1
hard_044,Hard,OMP-BranchBoundMRV,8,3,0.018903971,3205,1
hard_044,Hard,OMP-BranchBoundMRV,8,4,0.013821125,2953,1
hard_044,Hard,OMP-BranchBoundMRV,8,5,0.017889977,3204,1
hard_044,Hard,OMP-BranchBoundMRV,16,1,0.096627951,3205,1
hard_044,Hard,OMP-BranchBoundMRV,16,2,0.045365810,2970,1
hard_044,Hard,OMP-BranchBoundMRV,16,3,0.032745123,2965,1
hard_044,Hard,OMP-BranchBoundMRV,16,4,0.041076183,2814,1
hard_044,Hard,OMP-BranchBoundMRV,16,5,0.045108795,3205,1
hard_045,Hard,Serial,1,1,0.011333875,26361,1
hard_045,Hard,Serial,1,2,0.011469042,26361,1
hard_045,Hard,Serial,1,3,0.011330792,26361,1
hard_045,Hard,Serial,1,4,0.011336542,26361,1
hard_045,Hard,Serial,1,5,0.011489292,26361,1
hard_045,Hard,Serial-MRV,1,1,0.042358083,3084,1
hard_045,Hard,Serial-MRV,1,2,0.042503209,3084,1
hard_045,Hard,Serial-MRV,1,3,0.042488292,3084,1
hard_045,Hard,Serial-MRV,1,4,0.043899542,3084,1
hard_045,Hard,Serial-MRV,1,5,0.044752833,3084,1
hard_045,Hard,BranchBound,1,1,0.011935916,26361,1
hard_045,Hard,BranchBound,1,2,0.011729584,26361,1
hard_045,Hard,BranchBound,1,3,0.011523625,26361,1
hard_045,Hard,BranchBound,1,4,0.011375958,26361,1
hard_045,Hard,BranchBound,1,5,0.011509125,26361,1
hard_045,Hard,BranchBoundMRV,1,1,0.048637292,3084,1
hard_045,Hard,BranchBoundMRV,1,2,0.048543917,3084,1
hard_045,Hard,BranchBoundMRV,1,3,0.048969333,3084,1
hard_045,Hard,BranchBoundMRV,1,4,0.051093833,3084,1
hard_045,Hard,BranchBoundMRV,1,5,0.050621708,3084,1
hard_045,Hard,OpenMP,4,1,0.009093046,1942,1
hard_045,Hard,OpenMP,4,2,0.009057045,1945,1
hard_045,Hard,OpenMP,4,3,0.009094954,1951,1
hard_045,Hard,OpenMP,4,4,0.009063959,1949,1
hard_045,Hard,OpenMP,4,5,0.009045839,1946,1
hard_045,Hard,OpenMP,8,1,0.022124052,2641,1
hard_045,Hard,OpenMP,8,2,0.009074926,1477,1
hard_045,Hard,OpenMP,8,3,0.009063959,1642,1
hard_045,Hard,OpenMP,8,4,0.009103060,1180,1
hard_045,Hard,OpenMP,8,5,0.009175062,1180,1
hard_045,Hard,OpenMP,16,1,0.030189037,2094,1
hard_045,Hard,OpenMP,16,2,0.012532949,1463,1
hard_045,Hard,OpenMP,16,3,0.040348053,1955,1
hard_045,Hard,OpenMP,16,4,0.044062853,2381,1
hard_045,Hard,OpenMP,16,5,0.037806988,2372,1
hard_045,Hard,OMP-BranchBoundMRV,4,1,0.009402990,1899,1
hard_045,Hard,OMP-BranchBoundMRV,4,2,0.009294987,1877,1
hard_045,Hard,OMP-BranchBoundMRV,4,3,0.010336876,2079,1
hard_045,Hard,OMP-BranchBoundMRV,4,4,0.009670973,1995,1
hard_045,Hard,OMP-BranchBoundMRV,4,5,0.009304047,1944,1
hard_045,Hard,OMP-BranchBoundMRV,8,1,0.009248972,1473,1
hard_045,Hard,OMP-BranchBoundMRV,8,2,0.009213924,1492,1
hard_045,Hard,OMP-BranchBoundMRV,8,3,0.009331942,1636,1
hard_045,Hard,OMP-BranchBoundMRV,8,4,0.015881062,2213,1
hard_045,Hard,OMP-BranchBoundMRV,8,5,0.009353876,1654,1
hard_045,Hard,OMP-BranchBoundMRV,16,1,0.018857956,1504,1
hard_045,Hard,OMP-BranchBoundMRV,16,2,0.030282021,1640,1
hard_045,Hard,OMP-BranchBoundMRV,16,3,0.041584969,2811,1
hard_045,Hard,OMP-BranchBoundMRV,16,4,0.040932894,1832,1
hard_045,Hard,OMP-BranchBoundMRV,16,5,0.045909882,2715,1
hard_046,Hard,Serial,1,1,0.026310417,59382,1
hard_046,Hard,Serial,1,2,0.025226792,59382,1
hard_046,Hard,Serial,1,3,0.025081875,59382,1
hard_046,Hard,Serial,1,4,0.024883041,59382,1
hard_046,Hard,Serial,1,5,0.024937125,59382,1
hard_046,Hard,Serial-MRV,1,1,0.072485417,5310,1
hard_046,Hard,Serial-MRV,1,2,0.076370958,5310,1
hard_046,Hard,Serial-MRV,1,3,0.073809500,5310,1
hard_046,Hard,Serial-MRV,1,4,0.072898416,5310,1
hard_046,Hard,Serial-MRV,1,5,0.072589208,5310,1
hard_046,Hard,BranchBound,1,1,0.025088917,59382,1
hard_046,Hard,BranchBound,1,2,0.025054542,59382,1
hard_046,Hard,BranchBound,1,3,0.024970791,59382,1
hard_046,Hard,BranchBound,1,4,0.024903250,59382,1
hard_046,Hard,BranchBound,1,5,0.024985000,59382,1
hard_046,Hard,BranchBoundMRV,1,1,0.088227833,5310,1
hard_046,Hard,BranchBoundMRV,1,2,0.091373458,5310,1
hard_046,Hard,BranchBoundMRV,1,3,0.088183375,5310,1
hard_046,Hard,BranchBoundMRV,1,4,0.087641375,5310,1
hard_046,Hard,BranchBoundMRV,1,5,0.087745166,5310,1
hard_046,Hard,OpenMP,4,1,0.036797047,4137,1
hard_046,Hard,OpenMP,4,2,0.036926031,4155,1
hard_046,Hard,OpenMP,4,3,0.036628962,4146,1
hard_046,Hard,OpenMP,4,4,0.036994934,4178,1
hard_046,Hard,OpenMP,4,5,0.036865950,4168,1
hard_046,Hard,OpenMP,8,1,0.054564953,4397,1
hard_046,Hard,OpenMP,8,2,0.046169996,3990,1
hard_046,Hard,OpenMP,8,3,0.048748970,4092,1
hard_046,Hard,OpenMP,8,4,0.052681923,3993,1
hard_046,Hard,OpenMP,8,5,0.060170889,4508,1
hard_046,Hard,OpenMP,16,1,0.120769978,4360,1
hard_046,Hard,OpenMP,16,2,0.127851009,4300,1
hard_046,Hard,OpenMP,16,3,0.126419067,4497,1
hard_046,Hard,OpenMP,16,4,0.103102922,3921,1
hard_046,Hard,OpenMP,16,5,0.089576960,4127,1
hard_046,Hard,OMP-BranchBoundMRV,4,1,0.043866873,4372,1
hard_046,Hard,OMP-BranchBoundMRV,4,2,0.044159889,4317,1
hard_046,Hard,OMP-BranchBoundMRV,4,3,0.037109852,4184,1
hard_046,Hard,OMP-BranchBoundMRV,4,4,0.036861897,4157,1
hard_046,Hard,OMP-BranchBoundMRV,4,5,0.037132025,4171,1
hard_046,Hard,OMP-BranchBoundMRV,8,1,0.054047108,3967,1
hard_046,Hard,OMP-BranchBoundMRV,8,2,0.051027060,4504,1
hard_046,Hard,OMP-BranchBoundMRV,8,3,0.038135767,3547,1
hard_046,Hard,OMP-BranchBoundMRV,8,4,0.055737019,3443,1
hard_046,Hard,OMP-BranchBoundMRV,8,5,0.052491903,4413,1
hard_046,Hard,OMP-BranchBoundMRV,16,1,0.104571104,4112,1
hard_046,Hard,OMP-BranchBoundMRV,16,2,0.130383015,3028,1
hard_046,Hard,OMP-BranchBoundMRV,16,3,0.117889166,3401,1
hard_046,Hard,OMP-BranchBoundMRV,16,4,0.070615053,4035,1
hard_046,Hard,OMP-BranchBoundMRV,16,5,0.130239964,4549,1
hard_047,Hard,Serial,1,1,0.005623125,13531,1
hard_047,Hard,Serial,1,2,0.005626250,13531,1
hard_047,Hard,Serial,1,3,0.005592292,13531,1
hard_047,Hard,Serial,1,4,0.005563125,13531,1
hard_047,Hard,Serial,1,5,0.005556375,13531,1
hard_047,Hard,Serial-MRV,1,1,0.019938333,1264,1
hard_047,Hard,Serial-MRV,1,2,0.019963125,1264,1
hard_047,Hard,Serial-MRV,1,3,0.019967292,1264,1
hard_047,Hard,Serial-MRV,1,4,0.019885416,1264,1
hard_047,Hard,Serial-MRV,1,5,0.019900000,1264,1
hard_047,Hard,BranchBound,1,1,0.005596417,13531,1
hard_047,Hard,BranchBound,1,2,0.005590958,13531,1
hard_047,Hard,BranchBound,1,3,0.005578500,13531,1
hard_047,Hard,BranchBound,1,4,0.005639459,13531,1
hard_047,Hard,BranchBound,1,5,0.005594042,13531,1
hard_047,Hard,BranchBoundMRV,1,1,0.022843500,1264,1
hard_047,Hard,BranchBoundMRV,1,2,0.022729750,1264,1
hard_047,Hard,BranchBoundMRV,1,3,0.024129917,1264,1
hard_047,Hard,BranchBoundMRV,1,4,0.023957334,1264,1
hard_047,Hard,BranchBoundMRV,1,5,0.024035500,1264,1
hard_047,Hard,OpenMP,4,1,0.004132986,767,1
hard_047,Hard,OpenMP,4,2,0.003988981,744,1
hard_047,Hard,OpenMP,4,3,0.003944874,739,1
hard_047,Hard,OpenMP,4,4,0.004015923,759,1
hard_047,Hard,OpenMP,4,5,0.003999949,757,1
hard_047,Hard,OpenMP,8,1,0.007266998,1124,1
hard_047,Hard,OpenMP,8,2,0.003184080,769,1
hard_047,Hard,OpenMP,8,3,0.007226944,1119,1
hard_047,Hard,OpenMP,8,4,0.007314205,1145,1
hard_047,Hard,OpenMP,8,5,0.007215023,1239,1
hard_047,Hard,OpenMP,16,1,0.049201965,1277,1
hard_047,Hard,OpenMP,16,2,0.019720793,1157,1
hard_047,Hard,OpenMP,16,3,0.021986961,590,1
hard_047,Hard,OpenMP,16,4,0.023741007,748,1
hard_047,Hard,OpenMP,16,5,0.057157993,932,1
hard_047,Hard,OMP-BranchBoundMRV,4,1,0.004199028,730,1
hard_047,Hard,OMP-BranchBoundMRV,4,2,0.004495859,830,1
hard_047,Hard,OMP-BranchBoundMRV,4,3,0.004635096,846,1
hard_047,Hard,OMP-BranchBoundMRV,4,4,0.004576921,853,1
hard_047,Hard,OMP-BranchBoundMRV,4,5,0.004443169,799,1
hard_047,Hard,OMP-BranchBoundMRV,8,1,0.005537987,1004,1
hard_047,Hard,OMP-BranchBoundMRV,8,2,0.004690886,843,1
hard_047,Hard,OMP-BranchBoundMRV,8,3,0.005705118,1101,1
hard_047,Hard,OMP-BranchBoundMRV,8,4,0.005806923,1139,1
hard_047,Hard,OMP-BranchBoundMRV,8,5,0.003741980,740,1
hard_047,Hard,OMP-BranchBoundMRV,16,1,0.030258894,615,1
hard_047,Hard,OMP-BranchBoundMRV,16,2,0.016216993,1007,1
hard_047,Hard,OMP-BranchBoundMRV,16,3,0.036978960,1298,1
hard_047,Hard,OMP-BranchBoundMRV,16,4,0.020582914,934,1
hard_047,Hard,OMP-BranchBoundMRV,16,5,0.027070045,961,1
hard_048,Hard,Serial,1,1,0.002541750,5846,1
hard_048,Hard,Serial,1,2,0.002642833,5846,1
hard_048,Hard,Serial,1,3,0.002523459,5846,1
hard_048,Hard,Serial,1,4,0.002526458,5846,1
hard_048,Hard,Serial,1,5,0.002525875,5846,1
hard_048,Hard,Serial-MRV,1,1,0.015780833,1159,1
hard_048,Hard,Serial-MRV,1,2,0.015916916,1159,1
hard_048,Hard,Serial-MRV,1,3,0.015939916,1159,1
hard_048,Hard,Serial-MRV,1,4,0.016207417,1159,1
hard_048,Hard,Serial-MRV,1,5,0.015890958,1159,1
hard_048,Hard,BranchBound,1,1,0.002627458,5846,1
hard_048,Hard,BranchBound,1,2,0.002719708,5846,1
hard_048,Hard,BranchBound,1,3,0.002705208,5846,1
hard_048,Hard,BranchBound,1,4,0.002585875,5846,1
hard_048,Hard,BranchBound,1,5,0.002733417,5846,1
hard_048,Hard,BranchBoundMRV,1,1,0.018923875,1159,1
hard_048,Hard,BranchBoundMRV,1,2,0.017973750,1159,1
hard_048,Hard,BranchBoundMRV,1,3,0.017864625,1159,1
hard_048,Hard,BranchBoundMRV,1,4,0.018019833,1159,1
hard_048,Hard,BranchBoundMRV,1,5,0.017790375,1159,1
hard_048,Hard,OpenMP,4,1,0.019124985,2139,1
hard_048,Hard,OpenMP,4,2,0.018974066,2139,1
hard_048,Hard,OpenMP,4,3,0.018923044,2139,1
hard_048,Hard,OpenMP,4,4,0.018958092,2139,1
hard_048,Hard,OpenMP,4,5,0.018986940,2139,1
hard_048,Hard,OpenMP,8,1,0.042911053,2139,1
hard_048,Hard,OpenMP,8,2,0.028748989,2139,1
hard_048,Hard,OpenMP,8,3,0.031964064,2122,1
hard_048,Hard,OpenMP,8,4,0.029984951,2139,1
hard_048,Hard,OpenMP,8,5,0.031184196,2139,1
hard_048,Hard,OpenMP,16,1,0.094913006,2139,1
hard_048,Hard,OpenMP,16,2,0.071205854,2139,1
hard_048,Hard,OpenMP,16,3,0.054702044,2139,1
hard_048,Hard,OpenMP,16,4,0.087671995,2139,1
hard_048,Hard,OpenMP,16,5,0.074315071,2139,1
hard_048,Hard,OMP-BranchBoundMRV,4,1,0.019075155,2139,1
hard_048,Hard,OMP-BranchBoundMRV,4,2,0.019032001,2139,1
hard_048,Hard,OMP-BranchBoundMRV,4,3,0.019027948,2139,1
hard_048,Hard,OMP-BranchBoundMRV,4,4,0.019035101,2139,1
hard_048,Hard,OMP-BranchBoundMRV,4,5,0.019078970,2139,1
hard_048,Hard,OMP-BranchBoundMRV,8,1,0.024899960,2139,1
hard_048,Hard,OMP-BranchBoundMRV,8,2,0.019433975,1655,1
hard_048,Hard,OMP-BranchBoundMRV,8,3,0.025037050,2129,1
hard_048,Hard,OMP-BranchBoundMRV,8,4,0.028540850,2139,1
hard_048,Hard,OMP-BranchBoundMRV,8,5,0.023345947,2139,1
hard_048,Hard,OMP-BranchBoundMRV,16,1,0.044959068,2139,1
hard_048,Hard,OMP-BranchBoundMRV,16,2,0.115022898,2139,1
hard_048,Hard,OMP-BranchBoundMRV,16,3,0.058400869,1977,1
hard_048,Hard,OMP-BranchBoundMRV,16,4,0.070148945,2139,1
hard_048,Hard,OMP-BranchBoundMRV,16,5,0.071969032,2139,1
hard_049,Hard,Serial,1,1,0.057611250,126126,1
hard_049,Hard,Serial,1,2,0.057654833,126126,1
hard_049,Hard,Serial,1,3,0.057689666,126126,1
hard_049,Hard,Serial,1,4,0.059707833,126126,1
hard_049,Hard,Serial,1,5,0.058769667,126126,1
hard_049,Hard,Serial-MRV,1,1,0.018113584,1188,1
hard_049,Hard,Serial-MRV,1,2,0.018123500,1188,1
hard_049,Hard,Serial-MRV,1,3,0.018205375,1188,1
hard_049,Hard,Serial-MRV,1,4,0.018105000,1188,1
hard_049,Hard,Serial-MRV,1,5,0.018239375,1188,1
hard_049,Hard,BranchBound,1,1,0.057874458,126126,1
hard_049,Hard,BranchBound,1,2,0.058480542,126126,1
hard_049,Hard,BranchBound,1,3,0.061073584,126126,1
hard_049,Hard,BranchBound,1,4,0.060062625,126126,1
hard_049,Hard,BranchBound,1,5,0.058489666,126126,1
hard_049,Hard,BranchBoundMRV,1,1,0.020089958,1188,1
hard_049,Hard,BranchBoundMRV,1,2,0.019949625,1188,1
hard_049,Hard,BranchBoundMRV,1,3,0.019937042,1188,1
hard_049,Hard,BranchBoundMRV,1,4,0.019967042,1188,1
hard_049,Hard,BranchBoundMRV,1,5,0.019932542,1188,1
hard_049,Hard,OpenMP,4,1,0.002707005,309,1
hard_049,Hard,OpenMP,4,2,0.002668142,307,1
hard_049,Hard,OpenMP,4,3,0.002717018,311,1
hard_049,Hard,OpenMP,4,4,0.002691031,309,1
hard_049,Hard,OpenMP,4,5,0.002666950,308,1
hard_049,Hard,OpenMP,8,1,0.002693892,309,1
hard_049,Hard,OpenMP,8,2,0.002681017,308,1
hard_049,Hard,OpenMP,8,3,0.008094788,611,1
hard_049,Hard,OpenMP,8,4,0.002683878,309,1
hard_049,Hard,OpenMP,8,5,0.002667904,308,1
hard_049,Hard,OpenMP,16,1,0.060955048,725,1
hard_049,Hard,OpenMP,16,2,0.025053978,311,1
hard_049,Hard,OpenMP,16,3,0.009273052,242,1
hard_049,Hard,OpenMP,16,4,0.011347055,355,1
hard_049,Hard,OpenMP,16,5,0.031359911,444,1
hard_049,Hard,OMP-BranchBoundMRV,4,1,0.002974987,315,1
hard_049,Hard,OMP-BranchBoundMRV,4,2,0.002975941,307,1
hard_049,Hard,OMP-BranchBoundMRV,4,3,0.002886772,311,1
hard_049,Hard,OMP-BranchBoundMRV,4,4,0.002891064,314,1
hard_049,Hard,OMP-BranchBoundMRV,4,5,0.003021002,314,1
hard_049,Hard,OMP-BranchBoundMRV,8,1,0.004833937,362,1
hard_049,Hard,OMP-BranchBoundMRV,8,2,0.002965927,317,1
hard_049,Hard,OMP-BranchBoundMRV,8,3,0.003705025,350,1
hard_049,Hard,OMP-BranchBoundMRV,8,4,0.006778955,464,1
hard_049,Hard,OMP-BranchBoundMRV,8,5,0.006502151,329,1
hard_049,Hard,OMP-BranchBoundMRV,16,1,0.020367146,223,1
hard_049,Hard,OMP-BranchBoundMRV,16,2,0.055521965,517,1
hard_049,Hard,OMP-BranchBoundMRV,16,3,0.047623873,314,1
hard_049,Hard,OMP-BranchBoundMRV,16,4,0.038875103,521,1
hard_049,Hard,OMP-BranchBoundMRV,16,5,0.036294937,161,1
hard_050,Hard,Serial,1,1,0.002890459,6002,1
hard_050,Hard,Serial,1,2,0.002812500,6002,1
hard_050,Hard,Serial,1,3,0.002680667,6002,1
hard_050,Hard,Serial,1,4,0.002823959,6002,1
hard_050,Hard,Serial,1,5,0.002828750,6002,1
hard_050,Hard,Serial-MRV,1,1,0.018722125,1158,1
hard_050,Hard,Serial-MRV,1,2,0.018615958,1158,1
hard_050,Hard,Serial-MRV,1,3,0.018422084,1158,1
hard_050,Hard,Serial-MRV,1,4,0.017779208,1158,1
hard_050,Hard,Serial-MRV,1,5,0.017655750,1158,1
hard_050,Hard,BranchBound,1,1,0.002640500,6002,1
hard_050,Hard,BranchBound,1,2,0.002622833,6002,1
hard_050,Hard,BranchBound,1,3,0.002624667,6002,1
hard_050,Hard,BranchBound,1,4,0.002652000,6002,1
hard_050,Hard,BranchBound,1,5,0.002671833,6002,1
hard_050,Hard,BranchBoundMRV,1,1,0.018909167,1158,1
hard_050,Hard,BranchBoundMRV,1,2,0.018744500,1158,1
hard_050,Hard,BranchBoundMRV,1,3,0.018749292,1158,1
hard_050,Hard,BranchBoundMRV,1,4,0.018842750,1158,1
hard_050,Hard,BranchBoundMRV,1,5,0.019330083,1158,1
hard_050,Hard,OpenMP,4,1,0.002965927,495,1
hard_050,Hard,OpenMP,4,2,0.003057957,499,1
hard_050,Hard,OpenMP,4,3,0.003103018,488,1
hard_050,Hard,OpenMP,4,4,0.002972126,462,1
hard_050,Hard,OpenMP,4,5,0.002968073,497,1
hard_050,Hard,OpenMP,8,1,0.002958059,285,1
hard_050,Hard,OpenMP,8,2,0.007012129,725,1
hard_050,Hard,OpenMP,8,3,0.007408142,740,1
hard_050,Hard,OpenMP,8,4,0.004920959,503,1
hard_050,Hard,OpenMP,8,5,0.005497932,629,1
hard_050,Hard,OpenMP,16,1,0.019768000,974,1
hard_050,Hard,OpenMP,16,2,0.014435053,824,1
hard_050,Hard,OpenMP,16,3,0.026873112,1110,1
hard_050,Hard,OpenMP,16,4,0.048271179,688,1
hard_050,Hard,OpenMP,16,5,0.019363165,769,1
hard_050,Hard,OMP-BranchBoundMRV,4,1,0.003079891,501,1
hard_050,Hard,OMP-BranchBoundMRV,4,2,0.003054857,500,1
hard_050,Hard,OMP-BranchBoundMRV,4,3,0.003035069,496,1
hard_050,Hard,OMP-BranchBoundMRV,4,4,0.003046989,495,1
hard_050,Hard,OMP-BranchBoundMRV,4,5,0.003050089,499,1
hard_050,Hard,OMP-BranchBoundMRV,8,1,0.006979942,832,1
hard_050,Hard,OMP-BranchBoundMRV,8,2,0.005921125,446,1
hard_050,Hard,OMP-BranchBoundMRV,8,3,0.003155947,511,1
hard_050,Hard,OMP-BranchBoundMRV,8,4,0.003056049,403,1
hard_050,Hard,OMP-BranchBoundMRV,8,5,0.008010864,948,1
hard_050,Hard,OMP-BranchBoundMRV,16,1,0.016150951,756,1
hard_050,Hard,OMP-BranchBoundMRV,16,2,0.034805059,822,1
hard_050,Hard,OMP-BranchBoundMRV,16,3,0.032293797,727,1
hard_050,Hard,OMP-BranchBoundMRV,16,4,0.017253876,361,1
hard_050,Hard,OMP-BranchBoundMRV,16,5,0.022422075,1145,1
hard_051,Hard,Serial,1,1,0.004682459,10412,1
hard_051,Hard,Serial,1,2,0.004606167,10412,1
hard_051,Hard,Serial,1,3,0.004754792,10412,1
hard_051,Hard,Serial,1,4,0.004677292,10412,1
hard_051,Hard,Serial,1,5,0.004629542,10412,1
hard_051,Hard,Serial-MRV,1,1,0.017776708,1110,1
hard_051,Hard,Serial-MRV,1,2,0.017811542,1110,1
hard_051,Hard,Serial-MRV,1,3,0.017535792,1110,1
hard_051,Hard,Serial-MRV,1,4,0.018673500,1110,1
hard_051,Hard,Serial-MRV,1,5,0.018543375,1110,1
hard_051,Hard,BranchBound,1,1,0.004867375,10412,1
hard_051,Hard,BranchBound,1,2,0.004980417,10412,1
hard_051,Hard,BranchBound,1,3,0.004922625,10412,1
hard_051,Hard,BranchBound,1,4,0.005022167,10412,1
hard_051,Hard,BranchBound,1,5,0.004906459,10412,1
hard_051,Hard,BranchBoundMRV,1,1,0.020542334,1110,1
hard_051,Hard,BranchBoundMRV,1,2,0.020848000,1110,1
hard_051,Hard,BranchBoundMRV,1,3,0.019722875,1110,1
hard_051,Hard,BranchBoundMRV,1,4,0.019616917,1110,1
hard_051,Hard,BranchBoundMRV,1,5,0.019763750,1110,1
hard_051,Hard,OpenMP,4,1,0.002428055,489,1
hard_051,Hard,OpenMP,4,2,0.002397060,487,1
hard_051,Hard,OpenMP,4,3,0.002398014,488,1
hard_051,Hard,OpenMP,4,4,0.002403975,488,1
hard_051,Hard,OpenMP,4,5,0.002403021,489,1
hard_051,Hard,OpenMP,8,1,0.003136158,519,1
hard_051,Hard,OpenMP,8,2,0.001470089,274,1
hard_051,Hard,OpenMP,8,3,0.003285885,569,1
hard_051,Hard,OpenMP,8,4,0.003507853,817,1
hard_051,Hard,OpenMP,8,5,0.003281832,747,1
hard_051,Hard,OpenMP,16,1,0.035543919,1433,1
hard_051,Hard,OpenMP,16,2,0.024523020,963,1
hard_051,Hard,OpenMP,16,3,0.021754026,343,1
hard_051,Hard,OpenMP,16,4,0.038693905,1201,1
hard_051,Hard,OpenMP,16,5,0.016155958,263,1
hard_051,Hard,OMP-BranchBoundMRV,4,1,0.002691984,483,1
hard_051,Hard,OMP-BranchBoundMRV,4,2,0.008257866,1423,1
hard_051,Hard,OMP-BranchBoundMRV,4,3,0.002666950,503,1
hard_051,Hard,OMP-BranchBoundMRV,4,4,0.002707958,480,1
hard_051,Hard,OMP-BranchBoundMRV,4,5,0.008498192,1445,1
hard_051,Hard,OMP-BranchBoundMRV,8,1,0.003614902,679,1
hard_051,Hard,OMP-BranchBoundMRV,8,2,0.002912998,666,1
hard_051,Hard,OMP-BranchBoundMRV,8,3,0.001750231,312,1
hard_051,Hard,OMP-BranchBoundMRV,8,4,0.002601862,473,1
hard_051,Hard,OMP-BranchBoundMRV,8,5,0.003349066,649,1
hard_051,Hard,OMP-BranchBoundMRV,16,1,0.085642099,394,1
hard_051,Hard,OMP-BranchBoundMRV,16,2,0.030390024,708,1
hard_051,Hard,OMP-BranchBoundMRV,16,3,0.030368090,744,1
hard_051,Hard,OMP-BranchBoundMRV,16,4,0.019901991,277,1
hard_051,Hard,OMP-BranchBoundMRV,16,5,0.005399942,292,1
hard_052,Hard,Serial,1,1,0.001220042,2843,1
hard_052,Hard,Serial,1,2,0.001266917,2843,1
hard_052,Hard,Serial,1,3,0.001204250,2843,1
hard_052,Hard,Serial,1,4,0.001146916,2843,1
hard_052,Hard,Serial,1,5,0.001319458,2843,1
hard_052,Hard,Serial-MRV,1,1,0.013820833,1025,1
hard_052,Hard,Serial-MRV,1,2,0.014042958,1025,1
hard_052,Hard,Serial-MRV,1,3,0.013978708,1025,1
hard_052,Hard,Serial-MRV,1,4,0.014031000,1025,1
hard_052,Hard,Serial-MRV,1,5,0.013998292,1025,1
hard_052,Hard,BranchBound,1,1,0.001158125,2843,1
hard_052,Hard,BranchBound,1,2,0.001280334,2843,1
hard_052,Hard,BranchBound,1,3,0.001201500,2843,1
hard_052,Hard,BranchBound,1,4,0.001155625,2843,1
hard_052,Hard,BranchBound,1,5,0.001381458,2843,1
hard_052,Hard,BranchBoundMRV,1,1,0.015606084,1025,1
hard_052,Hard,BranchBoundMRV,1,2,0.014970667,1025,1
hard_052,Hard,BranchBoundMRV,1,3,0.014867708,1025,1
hard_052,Hard,BranchBoundMRV,1,4,0.014871709,1025,1
hard_052,Hard,BranchBoundMRV,1,5,0.014812042,1025,1
hard_052,Hard,OpenMP,4,1,0.002112865,261,1
hard_052,Hard,OpenMP,4,2,0.002089977,261,1
hard_052,Hard,OpenMP,4,3,0.002082109,261,1
hard_052,Hard,OpenMP,4,4,0.002081156,261,1
hard_052,Hard,OpenMP,4,5,0.002082109,261,1
hard_052,Hard,OpenMP,8,1,0.014472008,174,1
hard_052,Hard,OpenMP,8,2,0.010153055,277,1
hard_052,Hard,OpenMP,8,3,0.010177135,462,1
hard_052,Hard,OpenMP,8,4,0.003594160,201,1
hard_052,Hard,OpenMP,8,5,0.003366947,201,1
hard_052,Hard,OpenMP,16,1,0.015013218,200,1
hard_052,Hard,OpenMP,16,2,0.056133032,162,1
hard_052,Hard,OpenMP,16,3,0.016768932,515,1
hard_052,Hard,OpenMP,16,4,0.015077829,219,1
hard_052,Hard,OpenMP,16,5,0.020446062,460,1
hard_052,Hard,OMP-BranchBoundMRV,4,1,0.002305984,273,1
hard_052,Hard,OMP-BranchBoundMRV,4,2,0.002217054,277,1
hard_052,Hard,OMP-BranchBoundMRV,4,3,0.002287865,278,1
hard_052,Hard,OMP-BranchBoundMRV,4,4,0.002215862,277,1
hard_052,Hard,OMP-BranchBoundMRV,4,5,0.002213955,277,1
hard_052,Hard,OMP-BranchBoundMRV,8,1,0.002243996,201,1
hard_052,Hard,OMP-BranchBoundMRV,8,2,0.004107952,187,1
hard_052,Hard,OMP-BranchBoundMRV,8,3,0.003989935,377,1
hard_052,Hard,OMP-BranchBoundMRV,8,4,0.002293825,274,1
hard_052,Hard,OMP-BranchBoundMRV,8,5,0.002207041,277,1
hard_052,Hard,OMP-BranchBoundMRV,16,1,0.036108971,292,1
hard_052,Hard,OMP-BranchBoundMRV,16,2,0.034228086,784,1
hard_052,Hard,OMP-BranchBoundMRV,16,3,0.012762070,306,1
hard_052,Hard,OMP-BranchBoundMRV,16,4,0.006659031,272,1
hard_052,Hard,OMP-BranchBoundMRV,16,5,0.008169174,285,1
hard_053,Hard,Serial,1,1,0.066481667,149165,1
hard_053,Hard,Serial,1,2,0.064335959,149165,1
hard_053,Hard,Serial,1,3,0.063601959,149165,1
hard_053,Hard,Serial,1,4,0.066019208,149165,1
hard_053,Hard,Serial,1,5,0.063602417,149165,1
hard_053,Hard,Serial-MRV,1,1,0.013474375,1013,1
hard_053,Hard,Serial-MRV,1,2,0.013489500,1013,1
hard_053,Hard,Serial-MRV,1,3,0.013419792,1013,1
hard_053,Hard,Serial-MRV,1,4,0.013407666,1013,1
hard_053,Hard,Serial-MRV,1,5,0.013361084,1013,1
hard_053,Hard,BranchBound,1,1,0.063917417,149165,1
hard_053,Hard,BranchBound,1,2,0.063809125,149165,1
hard_053,Hard,BranchBound,1,3,0.066298125,149165,1
hard_053,Hard,BranchBound,1,4,0.065088125,149165,1
hard_053,Hard,BranchBound,1,5,0.063850750,149165,1
hard_053,Hard,BranchBoundMRV,1,1,0.015271292,1013,1
hard_053,Hard,BranchBoundMRV,1,2,0.015238708,1013,1
hard_053,Hard,BranchBoundMRV,1,3,0.015173000,1013,1
hard_053,Hard,BranchBoundMRV,1,4,0.015178208,1013,1
hard_053,Hard,BranchBoundMRV,1,5,0.015169083,1013,1
hard_053,Hard,OpenMP,4,1,0.015614986,1013,1
hard_053,Hard,OpenMP,4,2,0.015573025,1013,1
hard_053,Hard,OpenMP,4,3,0.015810013,1013,1
hard_053,Hard,OpenMP,4,4,0.015690088,1013,1
hard_053,Hard,OpenMP,4,5,0.015539169,1013,1
hard_053,Hard,OpenMP,8,1,0.015616894,1013,1
hard_053,Hard,OpenMP,8,2,0.021405935,1013,1
hard_053,Hard,OpenMP,8,3,0.021615028,1013,1
hard_053,Hard,OpenMP,8,4,0.015820980,1013,1
hard_053,Hard,OpenMP,8,5,0.027224064,1013,1
hard_053,Hard,OpenMP,16,1,0.119775057,1013,1
hard_053,Hard,OpenMP,16,2,0.026371956,1013,1
hard_053,Hard,OpenMP,16,3,0.040282965,1013,1
hard_053,Hard,OpenMP,16,4,0.039423943,1013,1
hard_053,Hard,OpenMP,16,5,0.016258001,1013,1
hard_053,Hard,OMP-BranchBoundMRV,4,1,0.015931129,1013,1
hard_053,Hard,OMP-BranchBoundMRV,4,2,0.015808821,1013,1
hard_053,Hard,OMP-BranchBoundMRV,4,3,0.015827894,1013,1
hard_053,Hard,OMP-BranchBoundMRV,4,4,0.016584873,1013,1
hard_053,Hard,OMP-BranchBoundMRV,4,5,0.015579939,1013,1
hard_053,Hard,OMP-BranchBoundMRV,8,1,0.031771183,1013,1
hard_053,Hard,OMP-BranchBoundMRV,8,2,0.016242981,1013,1
hard_053,Hard,OMP-BranchBoundMRV,8,3,0.023294926,1013,1
hard_053,Hard,OMP-BranchBoundMRV,8,4,0.021699905,1013,1
hard_053,Hard,OMP-BranchBoundMRV,8,5,0.023192883,1013,1
hard_053,Hard,OMP-BranchBoundMRV,16,1,0.040320158,1013,1
hard_053,Hard,OMP-BranchBoundMRV,16,2,0.051067114,1013,1
hard_053,Hard,OMP-BranchBoundMRV,16,3,0.050144911,1013,1
hard_053,Hard,OMP-BranchBoundMRV,16,4,0.039256096,1013,1
hard_053,Hard,OMP-BranchBoundMRV,16,5,0.064517975,1013,1
hard_054,Hard,Serial,1,1,0.019657875,48383,1
hard_054,Hard,Serial,1,2,0.019577000,48383,1
hard_054,Hard,Serial,1,3,0.019603083,48383,1
hard_054,Hard,Serial,1,4,0.019609334,48383,1
hard_054,Hard,Serial,1,5,0.019536125,48383,1
hard_054,Hard,Serial-MRV,1,1,0.020129334,1535,1
hard_054,Hard,Serial-MRV,1,2,0.020213791,1535,1
hard_054,Hard,Serial-MRV,1,3,0.020069875,1535,1
hard_054,Hard,Serial-MRV,1,4,0.020136750,1535,1
hard_054,Hard,Serial-MRV,1,5,0.020164542,1535,1
hard_054,Hard,BranchBound,1,1,0.020618584,48383,1
hard_054,Hard,BranchBound,1,2,0.020849625,48383,1
hard_054,Hard,BranchBound,1,3,0.020638834,48383,1
hard_054,Hard,BranchBound,1,4,0.020768625,48383,1
hard_054,Hard,BranchBound,1,5,0.020697542,48383,1
hard_054,Hard,BranchBoundMRV,1,1,0.023022625,1535,1
hard_054,Hard,BranchBoundMRV,1,2,0.022793709,1535,1
hard_054,Hard,BranchBoundMRV,1,3,0.022551209,1535,1
hard_054,Hard,BranchBoundMRV,1,4,0.022650209,1535,1
hard_054,Hard,BranchBoundMRV,1,5,0.022530833,1535,1
hard_054,Hard,OpenMP,4,1,0.024006844,1545,1
hard_054,Hard,OpenMP,4,2,0.024071932,1545,1
hard_054,Hard,OpenMP,4,3,0.024147034,1545,1
hard_054,Hard,OpenMP,4,4,0.025136948,1545,1
hard_054,Hard,OpenMP,4,5,0.025234938,1545,1
hard_054,Hard,OpenMP,8,1,0.036936998,1545,1
hard_054,Hard,OpenMP,8,2,0.035324097,1545,1
hard_054,Hard,OpenMP,8,3,0.038056135,1545,1
hard_054,Hard,OpenMP,8,4,0.029814005,1545,1
hard_054,Hard,OpenMP,8,5,0.032715797,1545,1
hard_054,Hard,OpenMP,16,1,0.049540997,1545,1
hard_054,Hard,OpenMP,16,2,0.058022976,1545,1
hard_054,Hard,OpenMP,16,3,0.062329054,1545,1
hard_054,Hard,OpenMP,16,4,0.091102123,1545,1
hard_054,Hard,OpenMP,16,5,0.060526133,1545,1
hard_054,Hard,OMP-BranchBoundMRV,4,1,0.024038076,1545,1
hard_054,Hard,OMP-BranchBoundMRV,4,2,0.024045944,1545,1
hard_054,Hard,OMP-BranchBoundMRV,4,3,0.024034977,1545,1
hard_054,Hard,OMP-BranchBoundMRV,4,4,0.024002075,1545,1
hard_054,Hard,OMP-BranchBoundMRV,4,5,0.023998976,1545,1
hard_054,Hard,OMP-BranchBoundMRV,8,1,0.038398027,1545,1
hard_054,Hard,OMP-BranchBoundMRV,8,2,0.029898167,1545,1
hard_054,Hard,OMP-BranchBoundMRV,8,3,0.024784088,1545,1
hard_054,Hard,OMP-BranchBoundMRV,8,4,0.029853106,1545,1
hard_054,Hard,OMP-BranchBoundMRV,8,5,0.032497168,1545,1
hard_054,Hard,OMP-BranchBoundMRV,16,1,0.186012983,1545,1
hard_054,Hard,OMP-BranchBoundMRV,16,2,0.056901932,1545,1
hard_054,Hard,OMP-BranchBoundMRV,16,3,0.067188978,1545,1
hard_054,Hard,OMP-BranchBoundMRV,16,4,0.076796055,1545,1
hard_054,Hard,OMP-BranchBoundMRV,16,5,0.070828915,1545,1
hard_055,Hard,Serial,1,1,0.009371709,22780,1
hard_055,Hard,Serial,1,2,0.009370208,22780,1
hard_055,Hard,Serial,1,3,0.009331125,22780,1
hard_055,Hard,Serial,1,4,0.009323292,22780,1
hard_055,Hard,Serial,1,5,0.009343416,22780,1
hard_055,Hard,Serial-MRV,1,1,0.018429083,1422,1
hard_055,Hard,Serial-MRV,1,2,0.018532541,1422,1
hard_055,Hard,Serial-MRV,1,3,0.018464250,1422,1
hard_055,Hard,Serial-MRV,1,4,0.018533542,1422,1
hard_055,Hard,Serial-MRV,1,5,0.018525834,1422,1
hard_055,Hard,BranchBound,1,1,0.009389250,22780,1
hard_055,Hard,BranchBound,1,2,0.009350750,22780,1
hard_055,Hard,BranchBound,1,3,0.009474792,22780,1
hard_055,Hard,BranchBound,1,4,0.009360917,22780,1
hard_055,Hard,BranchBound,1,5,0.009400834,22780,1
hard_055,Hard,BranchBoundMRV,1,1,0.022042333,1422,1
hard_055,Hard,BranchBoundMRV,1,2,0.022821791,1422,1
hard_055,Hard,BranchBoundMRV,1,3,0.022501625,1422,1
hard_055,Hard,BranchBoundMRV,1,4,0.022478708,1422,1
hard_055,Hard,BranchBoundMRV,1,5,0.022455708,1422,1
hard_055,Hard,OpenMP,4,1,0.013599873,1422,1
hard_055,Hard,OpenMP,4,2,0.013484955,1422,1
hard_055,Hard,OpenMP,4,3,0.013350010,1422,1
hard_055,Hard,OpenMP,4,4,0.013359070,1422,1
hard_055,Hard,OpenMP,4,5,0.013345003,1422,1
hard_055,Hard,OpenMP,8,1,0.018044949,1422,1
hard_055,Hard,OpenMP,8,2,0.019182920,1422,1
hard_055,Hard,OpenMP,8,3,0.017530918,1422,1
hard_055,Hard,OpenMP,8,4,0.017935038,1422,1
hard_055,Hard,OpenMP,8,5,0.019248962,1422,1
hard_055,Hard,OpenMP,16,1,0.090658903,1422,1
hard_055,Hard,OpenMP,16,2,0.037333965,1422,1
hard_055,Hard,OpenMP,16,3,0.049961090,1422,1
hard_055,Hard,OpenMP,16,4,0.026774883,1422,1
hard_055,Hard,OpenMP,16,5,0.115509987,1422,1
hard_055,Hard,OMP-BranchBoundMRV,4,1,0.013445854,1422,1
hard_055,Hard,OMP-BranchBoundMRV,4,2,0.013416052,1422,1
hard_055,Hard,OMP-BranchBoundMRV,4,3,0.013366938,1422,1
hard_055,Hard,OMP-BranchBoundMRV,4,4,0.013430834,1422,1
hard_055,Hard,OMP-BranchBoundMRV,4,5,0.013458014,1422,1
hard_055,Hard,OMP-BranchBoundMRV,8,1,0.025216103,1422,1
hard_055,Hard,OMP-BranchBoundMRV,8,2,0.018280029,1422,1
hard_055,Hard,OMP-BranchBoundMRV,8,3,0.019230127,1382,1
hard_055,Hard,OMP-BranchBoundMRV,8,4,0.013632059,1422,1
hard_055,Hard,OMP-BranchBoundMRV,8,5,0.018348932,1422,1
hard_055,Hard,OMP-BranchBoundMRV,16,1,0.081797838,1422,1
hard_055,Hard,OMP-BranchBoundMRV,16,2,0.089905024,1274,1
hard_055,Hard,OMP-BranchBoundMRV,16,3,0.065217018,1422,1
hard_055,Hard,OMP-BranchBoundMRV,16,4,0.040701151,1422,1
hard_055,Hard,OMP-BranchBoundMRV,16,5,0.057339907,1422,1
hard_056,Hard,Serial,1,1,0.010401708,24886,1
hard_056,Hard,Serial,1,2,0.010507375,24886,1
hard_056,Hard,Serial,1,3,0.010414125,24886,1
hard_056,Hard,Serial,1,4,0.010444916,24886,1
hard_056,Hard,Serial,1,5,0.010386375,24886,1
hard_056,Hard,Serial-MRV,1,1,0.028012583,1902,1
hard_056,Hard,Serial-MRV,1,2,0.027967541,1902,1
hard_056,Hard,Serial-MRV,1,3,0.027998083,1902,1
hard_056,Hard,Serial-MRV,1,4,0.028005000,1902,1
hard_056,Hard,Serial-MRV,1,5,0.028004250,1902,1
hard_056,Hard,BranchBound,1,1,0.010717750,24886,1
hard_056,Hard,BranchBound,1,2,0.011117375,24886,1
hard_056,Hard,BranchBound,1,3,0.011144792,24886,1
hard_056,Hard,BranchBound,1,4,0.011101542,24886,1
hard_056,Hard,BranchBound,1,5,0.011176625,24886,1
hard_056,Hard,BranchBoundMRV,1,1,0.033071167,1902,1
hard_056,Hard,BranchBoundMRV,1,2,0.032601792,1902,1
hard_056,Hard,BranchBoundMRV,1,3,0.031328042,1902,1
hard_056,Hard,BranchBoundMRV,1,4,0.031286208,1902,1
hard_056,Hard,BranchBoundMRV,1,5,0.031504625,1902,1
hard_056,Hard,OpenMP,4,1,0.013118982,1974,1
hard_056,Hard,OpenMP,4,2,0.013081074,1972,1
hard_056,Hard,OpenMP,4,3,0.013074160,1973,1
hard_056,Hard,OpenMP,4,4,0.014172077,1999,1
hard_056,Hard,OpenMP,4,5,0.014287949,2021,1
hard_056,Hard,OpenMP,8,1,0.014473915,1903,1
hard_056,Hard,OpenMP,8,2,0.016561031,1863,1
hard_056,Hard,OpenMP,8,3,0.013469934,1664,1
hard_056,Hard,OpenMP,8,4,0.017646074,1925,1
hard_056,Hard,OpenMP,8,5,0.019675016,2011,1
hard_056,Hard,OpenMP,16,1,0.052318096,1479,1
hard_056,Hard,OpenMP,16,2,0.053488970,1173,1
hard_056,Hard,OpenMP,16,3,0.031714916,1722,1
hard_056,Hard,OpenMP,16,4,0.031960011,1648,1
hard_056,Hard,OpenMP,16,5,0.040666103,1846,1
hard_056,Hard,OMP-BranchBoundMRV,4,1,0.013407946,1968,1
hard_056,Hard,OMP-BranchBoundMRV,4,2,0.013258934,1976,1
hard_056,Hard,OMP-BranchBoundMRV,4,3,0.013262987,1975,1
hard_056,Hard,OMP-BranchBoundMRV,4,4,0.013220072,1976,1
hard_056,Hard,OMP-BranchBoundMRV,4,5,0.013263226,1980,1
hard_056,Hard,OMP-BranchBoundMRV,8,1,0.014406919,2054,1
hard_056,Hard,OMP-BranchBoundMRV,8,2,0.014396191,1895,1
hard_056,Hard,OMP-BranchBoundMRV,8,3,0.011733055,1834,1
hard_056,Hard,OMP-BranchBoundMRV,8,4,0.014388084,1924,1
hard_056,Hard,OMP-BranchBoundMRV,8,5,0.020121098,1854,1
hard_056,Hard,OMP-BranchBoundMRV,16,1,0.057069063,2042,1
hard_056,Hard,OMP-BranchBoundMRV,16,2,0.038139105,2006,1
hard_056,Hard,OMP-BranchBoundMRV,16,3,0.023936033,825,1
hard_056,Hard,OMP-BranchBoundMRV,16,4,0.029613018,1158,1
hard_056,Hard,OMP-BranchBoundMRV,16,5,0.042629004,2144,1
hard_057,Hard,Serial,1,1,0.004375750,9175,1
hard_057,Hard,Serial,1,2,0.003985542,9175,1
hard_057,Hard,Serial,1,3,0.004028208,9175,1
hard_057,Hard,Serial,1,4,0.003959875,9175,1
hard_057,Hard,Serial,1,5,0.003980958,9175,1
hard_057,Hard,Serial-MRV,1,1,0.016116084,1032,1
hard_057,Hard,Serial-MRV,1,2,0.015960417,1032,1
hard_057,Hard,Serial-MRV,1,3,0.015948625,1032,1
hard_057,Hard,Serial-MRV,1,4,0.015903500,1032,1
hard_057,Hard,Serial-MRV,1,5,0.015957584,1032,1
hard_057,Hard,BranchBound,1,1,0.004039667,9175,1
hard_057,Hard,BranchBound,1,2,0.004021792,9175,1
hard_057,Hard,BranchBound,1,3,0.003962292,9175,1
hard_057,Hard,BranchBound,1,4,0.003994250,9175,1
hard_057,Hard,BranchBound,1,5,0.003954334,9175,1
hard_057,Hard,BranchBoundMRV,1,1,0.017883375,1032,1
hard_057,Hard,BranchBoundMRV,1,2,0.017816083,1032,1
hard_057,Hard,BranchBoundMRV,1,3,0.018057166,1032,1
hard_057,Hard,BranchBoundMRV,1,4,0.018044250,1032,1
hard_057,Hard,BranchBoundMRV,1,5,0.018601500,1032,1
hard_057,Hard,OpenMP,4,1,0.006298065,1154,1
hard_057,Hard,OpenMP,4,2,0.006039858,1025,1
hard_057,Hard,OpenMP,4,3,0.006176949,1036,1
hard_057,Hard,OpenMP,4,4,0.005978823,1031,1
hard_057,Hard,OpenMP,4,5,0.006122828,1026,1
hard_057,Hard,OpenMP,8,1,0.003414869,620,1
hard_057,Hard,OpenMP,8,2,0.007895947,1026,1
hard_057,Hard,OpenMP,8,3,0.005724907,1072,1
hard_057,Hard,OpenMP,8,4,0.008024216,1087,1
hard_057,Hard,OpenMP,8,5,0.003501892,686,1
hard_057,Hard,OpenMP,16,1,0.018882990,1086,1
hard_057,Hard,OpenMP,16,2,0.017932892,1047,1
hard_057,Hard,OpenMP,16,3,0.075601101,990,1
hard_057,Hard,OpenMP,16,4,0.039492130,815,1
hard_057,Hard,OpenMP,16,5,0.019201994,1024,1
hard_057,Hard,OMP-BranchBoundMRV,4,1,0.006070137,1022,1
hard_057,Hard,OMP-BranchBoundMRV,4,2,0.006365061,1021,1
hard_057,Hard,OMP-BranchBoundMRV,4,3,0.006093025,1011,1
hard_057,Hard,OMP-BranchBoundMRV,4,4,0.006131172,1026,1
hard_057,Hard,OMP-BranchBoundMRV,4,5,0.006466150,1053,1
hard_057,Hard,OMP-BranchBoundMRV,8,1,0.004119158,798,1
hard_057,Hard,OMP-BranchBoundMRV,8,2,0.006965876,928,1
hard_057,Hard,OMP-BranchBoundMRV,8,3,0.004750013,902,1
hard_057,Hard,OMP-BranchBoundMRV,8,4,0.005291224,958,1
hard_057,Hard,OMP-BranchBoundMRV,8,5,0.004102945,677,1
hard_057,Hard,OMP-BranchBoundMRV,16,1,0.045856953,1107,1
hard_057,Hard,OMP-BranchBoundMRV,16,2,0.052905083,743,1
hard_057,Hard,OMP-BranchBoundMRV,16,3,0.030481100,693,1
hard_057,Hard,OMP-BranchBoundMRV,16,4,0.021679163,630,1
hard_057,Hard,OMP-BranchBoundMRV,16,5,0.020094872,860,1
hard_058,Hard,Serial,1,1,0.003230375,7345,1
hard_058,Hard,Serial,1,2,0.003184833,7345,1
hard_058,Hard,Serial,1,3,0.003338416,7345,1
hard_058,Hard,Serial,1,4,0.003307250,7345,1
hard_058,Hard,Serial,1,5,0.003253000,7345,1
hard_058,Hard,Serial-MRV,1,1,0.017759083,1321,1
hard_058,Hard,Serial-MRV,1,2,0.017810000,1321,1
hard_058,Hard,Serial-MRV,1,3,0.017593250,1321,1
hard_058,Hard,Serial-MRV,1,4,0.017199834,1321,1
hard_058,Hard,Serial-MRV,1,5,0.016859750,1321,1
hard_058,Hard,BranchBound,1,1,0.003077625,7345,1
hard_058,Hard,BranchBound,1,2,0.003073583,7345,1
hard_058,Hard,BranchBound,1,3,0.003089750,7345,1
hard_058,Hard,BranchBound,1,4,0.003048583,7345,1
hard_058,Hard,BranchBound,1,5,0.003068834,7345,1
hard_058,Hard,BranchBoundMRV,1,1,0.018694417,1321,1
hard_058,Hard,BranchBoundMRV,1,2,0.018674459,1321,1
hard_058,Hard,BranchBoundMRV,1,3,0.018686958,1321,1
hard_058,Hard,BranchBoundMRV,1,4,0.018651166,1321,1
hard_058,Hard,BranchBoundMRV,1,5,0.019222000,1321,1
hard_058,Hard,OpenMP,4,1,0.000807047,125,1
hard_058,Hard,OpenMP,4,2,0.000801086,111,1
hard_058,Hard,OpenMP,4,3,0.000861168,131,1
hard_058,Hard,OpenMP,4,4,0.000860929,128,1
hard_058,Hard,OpenMP,4,5,0.000797987,126,1
hard_058,Hard,OpenMP,8,1,0.001404047,144,1
hard_058,Hard,OpenMP,8,2,0.000909090,106,1
hard_058,Hard,OpenMP,8,3,0.000869036,101,1
hard_058,Hard,OpenMP,8,4,0.001666069,127,1
hard_058,Hard,OpenMP,8,5,0.001825094,198,1
hard_058,Hard,OpenMP,16,1,0.007541895,183,1
hard_058,Hard,OpenMP,16,2,0.033512115,102,1
hard_058,Hard,OpenMP,16,3,0.014690876,102,1
hard_058,Hard,OpenMP,16,4,0.009335995,102,1
hard_058,Hard,OpenMP,16,5,0.008235931,102,1
hard_058,Hard,OMP-BranchBoundMRV,4,1,0.000922203,129,1
hard_058,Hard,OMP-BranchBoundMRV,4,2,0.000926971,127,1
hard_058,Hard,OMP-BranchBoundMRV,4,3,0.000990152,126,1
hard_058,Hard,OMP-BranchBoundMRV,4,4,0.000953913,114,1
hard_058,Hard,OMP-BranchBoundMRV,4,5,0.000927925,130,1
hard_058,Hard,OMP-BranchBoundMRV,8,1,0.000958920,106,1
hard_058,Hard,OMP-BranchBoundMRV,8,2,0.002324104,254,1
hard_058,Hard,OMP-BranchBoundMRV,8,3,0.000986099,106,1
hard_058,Hard,OMP-BranchBoundMRV,8,4,0.000919104,105,1
hard_058,Hard,OMP-BranchBoundMRV,8,5,0.000949144,106,1
hard_058,Hard,OMP-BranchBoundMRV,16,1,0.012634993,261,1
hard_058,Hard,OMP-BranchBoundMRV,16,2,0.019094944,106,1
hard_058,Hard,OMP-BranchBoundMRV,16,3,0.027688980,175,1
hard_058,Hard,OMP-BranchBoundMRV,16,4,0.040387869,130,1
hard_058,Hard,OMP-BranchBoundMRV,16,5,0.021561861,112,1
hard_059,Hard,Serial,1,1,0.007281750,15718,1
hard_059,Hard,Serial,1,2,0.007032958,15718,1
hard_059,Hard,Serial,1,3,0.007197708,15718,1
hard_059,Hard,Serial,1,4,0.007195625,15718,1
hard_059,Hard,Serial,1,5,0.007158167,15718,1
hard_059,Hard,Serial-MRV,1,1,0.014353917,1075,1
hard_059,Hard,Serial-MRV,1,2,0.014223209,1075,1
hard_059,Hard,Serial-MRV,1,3,0.014098584,1075,1
hard_059,Hard,Serial-MRV,1,4,0.014048667,1075,1
hard_059,Hard,Serial-MRV,1,5,0.013579333,1075,1
hard_059,Hard,BranchBound,1,1,0.006904542,15718,1
hard_059,Hard,BranchBound,1,2,0.006759250,15718,1
hard_059,Hard,BranchBound,1,3,0.006780542,15718,1
hard_059,Hard,BranchBound,1,4,0.006804167,15718,1
hard_059,Hard,BranchBound,1,5,0.006821459,15718,1
hard_059,Hard,BranchBoundMRV,1,1,0.014968083,1075,1
hard_059,Hard,BranchBoundMRV,1,2,0.015061542,1075,1
hard_059,Hard,BranchBoundMRV,1,3,0.015005000,1075,1
hard_059,Hard,BranchBoundMRV,1,4,0.015044667,1075,1
hard_059,Hard,BranchBoundMRV,1,5,0.015609250,1075,1
hard_059,Hard,OpenMP,4,1,0.010099888,1880,1
hard_059,Hard,OpenMP,4,2,0.010138035,1879,1
hard_059,Hard,OpenMP,4,3,0.009975910,1858,1
hard_059,Hard,OpenMP,4,4,0.010258913,1895,1
hard_059,Hard,OpenMP,4,5,0.010166883,1892,1
hard_059,Hard,OpenMP,8,1,0.009680986,1882,1
hard_059,Hard,OpenMP,8,2,0.009803057,1547,1
hard_059,Hard,OpenMP,8,3,0.017775059,1895,1
hard_059,Hard,OpenMP,8,4,0.017125130,1588,1
hard_059,Hard,OpenMP,8,5,0.010364056,1772,1
hard_059,Hard,OpenMP,16,1,0.067041874,1895,1
hard_059,Hard,OpenMP,16,2,0.039482117,1895,1
hard_059,Hard,OpenMP,16,3,0.032856941,1646,1
hard_059,Hard,OpenMP,16,4,0.033565998,1677,1
hard_059,Hard,OpenMP,16,5,0.030378819,1895,1
hard_059,Hard,OMP-BranchBoundMRV,4,1,0.010082006,1711,1
hard_059,Hard,OMP-BranchBoundMRV,4,2,0.009829998,1694,1
hard_059,Hard,OMP-BranchBoundMRV,4,3,0.009754896,1688,1
hard_059,Hard,OMP-BranchBoundMRV,4,4,0.009756088,1687,1
hard_059,Hard,OMP-BranchBoundMRV,4,5,0.009742975,1690,1
hard_059,Hard,OMP-BranchBoundMRV,8,1,0.015832186,1893,1
hard_059,Hard,OMP-BranchBoundMRV,8,2,0.009823084,1503,1
hard_059,Hard,OMP-BranchBoundMRV,8,3,0.009875059,1501,1
hard_059,Hard,OMP-BranchBoundMRV,8,4,0.009790182,1727,1
hard_059,Hard,OMP-BranchBoundMRV,8,5,0.009783983,1507,1
hard_059,Hard,OMP-BranchBoundMRV,16,1,0.038333893,1879,1
hard_059,Hard,OMP-BranchBoundMRV,16,2,0.072229862,1895,1
hard_059,Hard,OMP-BranchBoundMRV,16,3,0.020018101,1701,1
hard_059,Hard,OMP-BranchBoundMRV,16,4,0.051321030,1808,1
hard_059,Hard,OMP-BranchBoundMRV,16,5,0.065833092,1481,1
hard_060,Hard,Serial,1,1,0.037880000,84579,1
hard_060,Hard,Serial,1,2,0.037695958,84579,1
hard_060,Hard,Serial,1,3,0.037704959,84579,1
hard_060,Hard,Serial,1,4,0.037778500,84579,1
hard_060,Hard,Serial,1,5,0.037602292,84579,1
hard_060,Hard,Serial-MRV,1,1,0.027029750,1941,1
hard_060,Hard,Serial-MRV,1,2,0.028882709,1941,1
hard_060,Hard,Serial-MRV,1,3,0.034662750,1941,1
hard_060,Hard,Serial-MRV,1,4,0.031412875,1941,1
hard_060,Hard,Serial-MRV,1,5,0.030200875,1941,1
hard_060,Hard,BranchBound,1,1,0.040960166,84579,1
hard_060,Hard,BranchBound,1,2,0.043502875,84579,1
hard_060,Hard,BranchBound,1,3,0.041188417,84579,1
hard_060,Hard,BranchBound,1,4,0.040429292,84579,1
hard_060,Hard,BranchBound,1,5,0.040340083,84579,1
hard_060,Hard,BranchBoundMRV,1,1,0.031721208,1941,1
hard_060,Hard,BranchBoundMRV,1,2,0.031350458,1941,1
hard_060,Hard,BranchBoundMRV,1,3,0.030553708,1941,1
hard_060,Hard,BranchBoundMRV,1,4,0.030672458,1941,1
hard_060,Hard,BranchBoundMRV,1,5,0.030837708,1941,1
hard_060,Hard,OpenMP,4,1,0.016605139,2325,1
hard_060,Hard,OpenMP,4,2,0.011125088,1748,1
hard_060,Hard,OpenMP,4,3,0.010661125,2002,1
hard_060,Hard,OpenMP,4,4,0.011276007,2034,1
hard_060,Hard,OpenMP,4,5,0.011567116,2642,1
hard_060,Hard,OpenMP,8,1,0.011885881,2282,1
hard_060,Hard,OpenMP,8,2,0.017838955,2478,1
hard_060,Hard,OpenMP,8,3,0.014673948,2107,1
hard_060,Hard,OpenMP,8,4,0.012381077,1920,1
hard_060,Hard,OpenMP,8,5,0.014842987,2619,1
hard_060,Hard,OpenMP,16,1,0.057751179,2642,1
hard_060,Hard,OpenMP,16,2,0.055706024,1810,1
hard_060,Hard,OpenMP,16,3,0.035433054,1773,1
hard_060,Hard,OpenMP,16,4,0.049523115,2467,1
hard_060,Hard,OpenMP,16,5,0.078102112,2420,1
hard_060,Hard,OMP-BranchBoundMRV,4,1,0.010848045,2608,1
hard_060,Hard,OMP-BranchBoundMRV,4,2,0.010745049,2596,1
hard_060,Hard,OMP-BranchBoundMRV,4,3,0.010735989,2585,1
hard_060,Hard,OMP-BranchBoundMRV,4,4,0.010762930,2601,1
hard_060,Hard,OMP-BranchBoundMRV,4,5,0.010730028,2597,1
hard_060,Hard,OMP-BranchBoundMRV,8,1,0.013273954,2137,1
hard_060,Hard,OMP-BranchBoundMRV,8,2,0.020176888,2285,1
hard_060,Hard,OMP-BranchBoundMRV,8,3,0.023390055,2642,1
hard_060,Hard,OMP-BranchBoundMRV,8,4,0.020540953,2361,1
hard_060,Hard,OMP-BranchBoundMRV,8,5,0.025711060,2642,1
hard_060,Hard,OMP-BranchBoundMRV,16,1,0.067932844,2642,1
hard_060,Hard,OMP-BranchBoundMRV,16,2,0.045395136,2618,1
hard_060,Hard,OMP-BranchBoundMRV,16,3,0.026109934,1834,1
hard_060,Hard,OMP-BranchBoundMRV,16,4,0.027323961,2170,1
hard_060,Hard,OMP-BranchBoundMRV,16,5,0.055860996,2642,1
hard_061,Hard,Serial,1,1,0.019437292,48906,1
hard_061,Hard,Serial,1,2,0.019309166,48906,1
hard_061,Hard,Serial,1,3,0.019262000,48906,1
hard_061,Hard,Serial,1,4,0.019286000,48906,1
hard_061,Hard,Serial,1,5,0.019294084,48906,1
hard_061,Hard,Serial-MRV,1,1,0.031349500,2164,1
hard_061,Hard,Serial-MRV,1,2,0.031377417,2164,1
hard_061,Hard,Serial-MRV,1,3,0.031503292,2164,1
hard_061,Hard,Serial-MRV,1,4,0.032552917,2164,1
hard_061,Hard,Serial-MRV,1,5,0.033011625,2164,1
hard_061,Hard,BranchBound,1,1,0.020363625,48906,1
hard_061,Hard,BranchBound,1,2,0.020309250,48906,1
hard_061,Hard,BranchBound,1,3,0.019572959,48906,1
hard_061,Hard,BranchBound,1,4,0.019517709,48906,1
hard_061,Hard,BranchBound,1,5,0.019463459,48906,1
hard_061,Hard,BranchBoundMRV,1,1,0.035290125,2164,1
hard_061,Hard,BranchBoundMRV,1,2,0.035181333,2164,1
hard_061,Hard,BranchBoundMRV,1,3,0.035363666,2164,1
hard_061,Hard,BranchBoundMRV,1,4,0.036978625,2164,1
hard_061,Hard,BranchBoundMRV,1,5,0.036901375,2164,1
hard_061,Hard,OpenMP,4,1,0.011905909,1848,1
hard_061,Hard,OpenMP,4,2,0.011441946,1828,1
hard_061,Hard,OpenMP,4,3,0.011285067,2164,1
hard_061,Hard,OpenMP,4,4,0.011322021,1847,1
hard_061,Hard,OpenMP,4,5,0.011303902,1843,1
hard_061,Hard,OpenMP,8,1,0.011476040,1557,1
hard_061,Hard,OpenMP,8,2,0.017107010,2164,1
hard_061,Hard,OpenMP,8,3,0.017098904,2164,1
hard_061,Hard,OpenMP,8,4,0.012445927,2096,1
hard_061,Hard,OpenMP,8,5,0.013189077,2066,1
hard_061,Hard,OpenMP,16,1,0.041604042,1931,1
hard_061,Hard,OpenMP,16,2,0.044417143,2164,1
hard_061,Hard,OpenMP,16,3,0.028226852,2036,1
hard_061,Hard,OpenMP,16,4,0.045119047,2164,1
hard_061,Hard,OpenMP,16,5,0.040365934,1538,1
hard_061,Hard,OMP-BranchBoundMRV,4,1,0.011435986,2164,1
hard_061,Hard,OMP-BranchBoundMRV,4,2,0.011439085,2164,1
hard_061,Hard,OMP-BranchBoundMRV,4,3,0.011361122,2164,1
hard_061,Hard,OMP-BranchBoundMRV,4,4,0.011419058,2164,1
hard_061,Hard,OMP-BranchBoundMRV,4,5,0.011521101,2164,1
hard_061,Hard,OMP-BranchBoundMRV,8,1,0.017174959,2164,1
hard_061,Hard,OMP-BranchBoundMRV,8,2,0.017125130,2164,1
hard_061,Hard,OMP-BranchBoundMRV,8,3,0.011533022,1798,1
hard_061,Hard,OMP-BranchBoundMRV,8,4,0.013036966,2027,1
hard_061,Hard,OMP-BranchBoundMRV,8,5,0.013026953,1897,1
hard_061,Hard,OMP-BranchBoundMRV,16,1,0.033198833,2164,1
hard_061,Hard,OMP-BranchBoundMRV,16,2,0.021564960,1469,1
hard_061,Hard,OMP-BranchBoundMRV,16,3,0.038242102,2164,1
hard_061,Hard,OMP-BranchBoundMRV,16,4,0.081723928,2164,1
hard_061,Hard,OMP-BranchBoundMRV,16,5,0.049777985,2164,1
hard_062,Hard,Serial,1,1,0.015706834,35899,1
hard_062,Hard,Serial,1,2,0.015714625,35899,1
hard_062,Hard,Serial,1,3,0.015811334,35899,1
hard_062,Hard,Serial,1,4,0.015658834,35899,1
hard_062,Hard,Serial,1,5,0.015611542,35899,1
hard_062,Hard,Serial-MRV,1,1,0.022413375,1635,1
hard_062,Hard,Serial-MRV,1,2,0.022410959,1635,1
hard_062,Hard,Serial-MRV,1,3,0.022531208,1635,1
hard_062,Hard,Serial-MRV,1,4,0.022522292,1635,1
hard_062,Hard,Serial-MRV,1,5,0.022478625,1635,1
hard_062,Hard,BranchBound,1,1,0.015918875,35899,1
hard_062,Hard,BranchBound,1,2,0.016509833,35899,1
hard_062,Hard,BranchBound,1,3,0.016583250,35899,1
hard_062,Hard,BranchBound,1,4,0.016584417,35899,1
hard_062,Hard,BranchBound,1,5,0.016567500,35899,1
hard_062,Hard,BranchBoundMRV,1,1,0.024414375,1635,1
hard_062,Hard,BranchBoundMRV,1,2,0.023893500,1635,1
hard_062,Hard,BranchBoundMRV,1,3,0.023285792,1635,1
hard_062,Hard,BranchBoundMRV,1,4,0.023250833,1635,1
hard_062,Hard,BranchBoundMRV,1,5,0.023250666,1635,1
hard_062,Hard,OpenMP,4,1,0.015779018,1635,1
hard_062,Hard,OpenMP,4,2,0.015780210,1635,1
hard_062,Hard,OpenMP,4,3,0.015770912,1635,1
hard_062,Hard,OpenMP,4,4,0.015755892,1635,1
hard_062,Hard,OpenMP,4,5,0.015805960,1635,1
hard_062,Hard,OpenMP,8,1,0.030657053,1635,1
hard_062,Hard,OpenMP,8,2,0.018900871,1635,1
hard_062,Hard,OpenMP,8,3,0.033779144,1635,1
hard_062,Hard,OpenMP,8,4,0.019170046,1635,1
hard_062,Hard,OpenMP,8,5,0.017971992,1635,1
hard_062,Hard,OpenMP,16,1,0.073403120,1635,1
hard_062,Hard,OpenMP,16,2,0.069890022,1635,1
hard_062,Hard,OpenMP,16,3,0.050055981,1635,1
hard_062,Hard,OpenMP,16,4,0.045989990,1635,1
hard_062,Hard,OpenMP,16,5,0.024000883,1521,1
hard_062,Hard,OMP-BranchBoundMRV,4,1,0.015926123,1635,1
hard_062,Hard,OMP-BranchBoundMRV,4,2,0.015851974,1635,1
hard_062,Hard,OMP-BranchBoundMRV,4,3,0.015871048,1635,1
hard_062,Hard,OMP-BranchBoundMRV,4,4,0.015864134,1635,1
hard_062,Hard,OMP-BranchBoundMRV,4,5,0.015866995,1635,1
hard_062,Hard,OMP-BranchBoundMRV,8,1,0.027415037,1635,1
hard_062,Hard,OMP-BranchBoundMRV,8,2,0.015877962,1635,1
hard_062,Hard,OMP-BranchBoundMRV,8,3,0.036012888,1635,1
hard_062,Hard,OMP-BranchBoundMRV,8,4,0.021749973,1635,1
hard_062,Hard,OMP-BranchBoundMRV,8,5,0.023928881,1635,1
hard_062,Hard,OMP-BranchBoundMRV,16,1,0.063043118,1635,1
hard_062,Hard,OMP-BranchBoundMRV,16,2,0.043407917,1635,1
hard_062,Hard,OMP-BranchBoundMRV,16,3,0.043770075,1635,1
hard_062,Hard,OMP-BranchBoundMRV,16,4,0.034644127,1635,1
hard_062,Hard,OMP-BranchBoundMRV,16,5,0.058505058,1635,1
hard_063,Hard,Serial,1,1,0.008068334,18553,1
hard_063,Hard,Serial,1,2,0.007602291,18553,1
hard_063,Hard,Serial,1,3,0.007562083,18553,1
hard_063,Hard,Serial,1,4,0.007568500,18553,1
hard_063,Hard,Serial,1,5,0.007504958,18553,1
hard_063,Hard,Serial-MRV,1,1,0.028401500,2038,1
hard_063,Hard,Serial-MRV,1,2,0.028299833,2038,1
hard_063,Hard,Serial-MRV,1,3,0.028345125,2038,1
hard_063,Hard,Serial-MRV,1,4,0.028249125,2038,1
hard_063,Hard,Serial-MRV,1,5,0.028203959,2038,1
hard_063,Hard,BranchBound,1,1,0.007554625,18553,1
hard_063,Hard,BranchBound,1,2,0.007492875,18553,1
hard_063,Hard,BranchBound,1,3,0.007502250,18553,1
hard_063,Hard,BranchBound,1,4,0.007910292,18553,1
hard_063,Hard,BranchBound,1,5,0.007816500,18553,1
hard_063,Hard,BranchBoundMRV,1,1,0.033754541,2038,1
hard_063,Hard,BranchBoundMRV,1,2,0.033606458,2038,1
hard_063,Hard,BranchBoundMRV,1,3,0.033446917,2038,1
hard_063,Hard,BranchBoundMRV,1,4,0.032294958,2038,1
hard_063,Hard,BranchBoundMRV,1,5,0.032357542,2038,1
hard_063,Hard,OpenMP,4,1,0.005300045,913,1
hard_063,Hard,OpenMP,4,2,0.005223989,912,1
hard_063,Hard,OpenMP,4,3,0.005216122,911,1
hard_063,Hard,OpenMP,4,4,0.005238056,915,1
hard_063,Hard,OpenMP,4,5,0.005213976,911,1
hard_063,Hard,OpenMP,8,1,0.011048079,1529,1
hard_063,Hard,OpenMP,8,2,0.011584044,1540,1
hard_063,Hard,OpenMP,8,3,0.009519100,1059,1
hard_063,Hard,OpenMP,8,4,0.005406857,663,1
hard_063,Hard,OpenMP,8,5,0.007624149,955,1
hard_063,Hard,OpenMP,16,1,0.034348965,1080,1
hard_063,Hard,OpenMP,16,2,0.055069208,1813,1
hard_063,Hard,OpenMP,16,3,0.031582117,2038,1
hard_063,Hard,OpenMP,16,4,0.035777807,1236,1
hard_063,Hard,OpenMP,16,5,0.040535927,915,1
hard_063,Hard,OMP-BranchBoundMRV,4,1,0.005519152,863,1
hard_063,Hard,OMP-BranchBoundMRV,4,2,0.005633116,904,1
hard_063,Hard,OMP-BranchBoundMRV,4,3,0.005503178,910,1
hard_063,Hard,OMP-BranchBoundMRV,4,4,0.005453110,848,1
hard_063,Hard,OMP-BranchBoundMRV,4,5,0.005463123,880,1
hard_063,Hard,OMP-BranchBoundMRV,8,1,0.013306141,1454,1
hard_063,Hard,OMP-BranchBoundMRV,8,2,0.006452799,744,1
hard_063,Hard,OMP-BranchBoundMRV,8,3,0.007329941,855,1
hard_063,Hard,OMP-BranchBoundMRV,8,4,0.005421162,920,1
hard_063,Hard,OMP-BranchBoundMRV,8,5,0.011147022,1125,1
hard_063,Hard,OMP-BranchBoundMRV,16,1,0.024340868,1078,1
hard_063,Hard,OMP-BranchBoundMRV,16,2,0.014733076,980,1
hard_063,Hard,OMP-BranchBoundMRV,16,3,0.025113106,762,1
hard_063,Hard,OMP-BranchBoundMRV,16,4,0.029682875,919,1
hard_063,Hard,OMP-BranchBoundMRV,16,5,0.031225204,321,1
hard_064,Hard,Serial,1,1,0.001102125,2461,1
hard_064,Hard,Serial,1,2,0.001095542,2461,1
hard_064,Hard,Serial,1,3,0.001126708,2461,1
hard_064,Hard,Serial,1,4,0.001060250,2461,1
hard_064,Hard,Serial,1,5,0.001061709,2461,1
hard_064,Hard,Serial-MRV,1,1,0.014657167,1036,1
hard_064,Hard,Serial-MRV,1,2,0.014742833,1036,1
hard_064,Hard,Serial-MRV,1,3,0.015577791,1036,1
hard_064,Hard,Serial-MRV,1,4,0.015471542,1036,1
hard_064,Hard,Serial-MRV,1,5,0.015899125,1036,1
hard_064,Hard,BranchBound,1,1,0.001126167,2461,1
hard_064,Hard,BranchBound,1,2,0.001240542,2461,1
hard_064,Hard,BranchBound,1,3,0.001098917,2461,1
hard_064,Hard,BranchBound,1,4,0.001145917,2461,1
hard_064,Hard,BranchBound,1,5,0.001075583,2461,1
hard_064,Hard,BranchBoundMRV,1,1,0.017345875,1036,1
hard_064,Hard,BranchBoundMRV,1,2,0.017230875,1036,1
hard_064,Hard,BranchBoundMRV,1,3,0.017166917,1036,1
hard_064,Hard,BranchBoundMRV,1,4,0.016455708,1036,1
hard_064,Hard,BranchBoundMRV,1,5,0.016413292,1036,1
hard_064,Hard,OpenMP,4,1,0.004813194,778,1
hard_064,Hard,OpenMP,4,2,0.004846096,782,1
hard_064,Hard,OpenMP,4,3,0.004822969,781,1
hard_064,Hard,OpenMP,4,4,0.004849911,782,1
hard_064,Hard,OpenMP,4,5,0.004796028,780,1
hard_064,Hard,OpenMP,8,1,0.010538101,1036,1
hard_064,Hard,OpenMP,8,2,0.004821062,711,1
hard_064,Hard,OpenMP,8,3,0.004847050,613,1
hard_064,Hard,OpenMP,8,4,0.004849911,617,1
hard_064,Hard,OpenMP,8,5,0.010556936,1036,1
hard_064,Hard,OpenMP,16,1,0.020514965,615,1
hard_064,Hard,OpenMP,16,2,0.037009001,751,1
hard_064,Hard,OpenMP,16,3,0.022529125,672,1
hard_064,Hard,OpenMP,16,4,0.010293007,795,1
hard_064,Hard,OpenMP,16,5,0.024502039,1036,1
hard_064,Hard,OMP-BranchBoundMRV,4,1,0.005099058,761,1
hard_064,Hard,OMP-BranchBoundMRV,4,2,0.005213022,766,1
hard_064,Hard,OMP-BranchBoundMRV,4,3,0.005080938,751,1
hard_064,Hard,OMP-BranchBoundMRV,4,4,0.005239964,768,1
hard_064,Hard,OMP-BranchBoundMRV,4,5,0.005076885,764,1
hard_064,Hard,OMP-BranchBoundMRV,8,1,0.005146027,792,1
hard_064,Hard,OMP-BranchBoundMRV,8,2,0.007469893,787,1
hard_064,Hard,OMP-BranchBoundMRV,8,3,0.007465124,752,1
hard_064,Hard,OMP-BranchBoundMRV,8,4,0.006196976,658,1
hard_064,Hard,OMP-BranchBoundMRV,8,5,0.007055998,885,1
hard_064,Hard,OMP-BranchBoundMRV,16,1,0.013462067,662,1
hard_064,Hard,OMP-BranchBoundMRV,16,2,0.053035021,618,1
hard_064,Hard,OMP-BranchBoundMRV,16,3,0.058717966,748,1
hard_064,Hard,OMP-BranchBoundMRV,16,4,0.033848047,784,1
hard_064,Hard,OMP-BranchBoundMRV,16,5,0.015656948,791,1
hard_065,Hard,Serial,1,1,0.003483667,7551,1
hard_065,Hard,Serial,1,2,0.003440416,7551,1
hard_065,Hard,Serial,1,3,0.003443792,7551,1
hard_065,Hard,Serial,1,4,0.003371541,7551,1
hard_065,Hard,Serial,1,5,0.003432500,7551,1
hard_065,Hard,Serial-MRV,1,1,0.017362791,1050,1
hard_065,Hard,Serial-MRV,1,2,0.017178125,1050,1
hard_065,Hard,Serial-MRV,1,3,0.017354167,1050,1
hard_065,Hard,Serial-MRV,1,4,0.016816459,1050,1
hard_065,Hard,Serial-MRV,1,5,0.016435167,1050,1
hard_065,Hard,BranchBound,1,1,0.003258250,7551,1
hard_065,Hard,BranchBound,1,2,0.003278375,7551,1
hard_065,Hard,BranchBound,1,3,0.003268375,7551,1
hard_065,Hard,BranchBound,1,4,0.003241833,7551,1
hard_065,Hard,BranchBound,1,5,0.003250250,7551,1
hard_065,Hard,BranchBoundMRV,1,1,0.018241625,1050,1
hard_065,Hard,BranchBoundMRV,1,2,0.018253000,1050,1
hard_065,Hard,BranchBoundMRV,1,3,0.018143875,1050,1
hard_065,Hard,BranchBoundMRV,1,4,0.018104334,1050,1
hard_065,Hard,BranchBoundMRV,1,5,0.018546041,1050,1
hard_065,Hard,OpenMP,4,1,0.005915880,815,1
hard_065,Hard,OpenMP,4,2,0.005876064,817,1
hard_065,Hard,OpenMP,4,3,0.005947113,818,1
hard_065,Hard,OpenMP,4,4,0.005839109,816,1
hard_065,Hard,OpenMP,4,5,0.005713940,803,1
hard_065,Hard,OpenMP,8,1,0.011993885,1025,1
hard_065,Hard,OpenMP,8,2,0.008070946,807,1
hard_065,Hard,OpenMP,8,3,0.007973909,901,1
hard_065,Hard,OpenMP,8,4,0.009585142,870,1
hard_065,Hard,OpenMP,8,5,0.006886959,738,1
hard_065,Hard,OpenMP,16,1,0.024127960,709,1
hard_065,Hard,OpenMP,16,2,0.057784081,939,1
hard_065,Hard,OpenMP,16,3,0.050060987,805,1
hard_065,Hard,OpenMP,16,4,0.019254923,786,1
hard_065,Hard,OpenMP,16,5,0.013932943,860,1
hard_065,Hard,OMP-BranchBoundMRV,4,1,0.006456137,852,1
hard_065,Hard,OMP-BranchBoundMRV,4,2,0.005920887,816,1
hard_065,Hard,OMP-BranchBoundMRV,4,3,0.006383896,834,1
hard_065,Hard,OMP-BranchBoundMRV,4,4,0.005990982,806,1
hard_065,Hard,OMP-BranchBoundMRV,4,5,0.006137133,803,1
hard_065,Hard,OMP-BranchBoundMRV,8,1,0.012511015,797,1
hard_065,Hard,OMP-BranchBoundMRV,8,2,0.006832123,700,1
hard_065,Hard,OMP-BranchBoundMRV,8,3,0.007269859,903,1
hard_065,Hard,OMP-BranchBoundMRV,8,4,0.006958008,879,1
hard_065,Hard,OMP-BranchBoundMRV,8,5,0.006707907,857,1
hard_065,Hard,OMP-BranchBoundMRV,16,1,0.154891014,769,1
hard_065,Hard,OMP-BranchBoundMRV,16,2,0.024250031,830,1
hard_065,Hard,OMP-BranchBoundMRV,16,3,0.037204981,766,1
hard_065,Hard,OMP-BranchBoundMRV,16,4,0.017246008,796,1
hard_065,Hard,OMP-BranchBoundMRV,16,5,0.021329880,784,1
hard_066,Hard,Serial,1,1,0.067498041,164883,1
hard_066,Hard,Serial,1,2,0.067152209,164883,1
hard_066,Hard,Serial,1,3,0.067279917,164883,1
hard_066,Hard,Serial,1,4,0.069908250,164883,1
hard_066,Hard,Serial,1,5,0.067464416,164883,1
hard_066,Hard,Serial-MRV,1,1,0.032089208,2144,1
hard_066,Hard,Serial-MRV,1,2,0.032010083,2144,1
hard_066,Hard,Serial-MRV,1,3,0.032003542,2144,1
hard_066,Hard,Serial-MRV,1,4,0.032037000,2144,1
hard_066,Hard,Serial-MRV,1,5,0.031939625,2144,1
hard_066,Hard,BranchBound,1,1,0.069089750,164883,1
hard_066,Hard,BranchBound,1,2,0.070688583,164883,1
hard_066,Hard,BranchBound,1,3,0.068943917,164883,1
hard_066,Hard,BranchBound,1,4,0.067760541,164883,1
hard_066,Hard,BranchBound,1,5,0.067530208,164883,1
hard_066,Hard,BranchBoundMRV,1,1,0.035064375,2144,1
hard_066,Hard,BranchBoundMRV,1,2,0.034980167,2144,1
hard_066,Hard,BranchBoundMRV,1,3,0.034997125,2144,1
hard_066,Hard,BranchBoundMRV,1,4,0.035155583,2144,1
hard_066,Hard,BranchBoundMRV,1,5,0.034938458,2144,1
hard_066,Hard,OpenMP,4,1,0.008697987,1904,1
hard_066,Hard,OpenMP,4,2,0.008687973,1767,1
hard_066,Hard,OpenMP,4,3,0.008671045,1769,1
hard_066,Hard,OpenMP,4,4,0.009538889,1928,1
hard_066,Hard,OpenMP,4,5,0.009040833,1754,1
hard_066,Hard,OpenMP,8,1,0.008696079,1655,1
hard_066,Hard,OpenMP,8,2,0.011351109,1702,1
hard_066,Hard,OpenMP,8,3,0.009109020,1657,1
hard_066,Hard,OpenMP,8,4,0.008691072,1386,1
hard_066,Hard,OpenMP,8,5,0.008991003,1540,1
hard_066,Hard,OpenMP,16,1,0.017204046,1551,1
hard_066,Hard,OpenMP,16,2,0.019469976,1396,1
hard_066,Hard,OpenMP,16,3,0.028424978,1691,1
hard_066,Hard,OpenMP,16,4,0.049821854,2144,1
hard_066,Hard,OpenMP,16,5,0.062541008,1885,1
hard_066,Hard,OMP-BranchBoundMRV,4,1,0.009334087,1800,1
hard_066,Hard,OMP-BranchBoundMRV,4,2,0.009311199,1821,1
hard_066,Hard,OMP-BranchBoundMRV,4,3,0.009032011,1730,1
hard_066,Hard,OMP-BranchBoundMRV,4,4,0.009277105,1760,1
hard_066,Hard,OMP-BranchBoundMRV,4,5,0.009140968,1763,1
hard_066,Hard,OMP-BranchBoundMRV,8,1,0.014432907,2078,1
hard_066,Hard,OMP-BranchBoundMRV,8,2,0.013146877,1652,1
hard_066,Hard,OMP-BranchBoundMRV,8,3,0.013998985,1701,1
hard_066,Hard,OMP-BranchBoundMRV,8,4,0.008872032,1635,1
hard_066,Hard,OMP-BranchBoundMRV,8,5,0.012832880,1429,1
hard_066,Hard,OMP-BranchBoundMRV,16,1,0.044593096,1569,1
hard_066,Hard,OMP-BranchBoundMRV,16,2,0.069782019,1988,1
hard_066,Hard,OMP-BranchBoundMRV,16,3,0.021575928,1601,1
hard_066,Hard,OMP-BranchBoundMRV,16,4,0.058245897,2144,1
hard_066,Hard,OMP-BranchBoundMRV,16,5,0.156018972,2144,1
hard_067,Hard,Serial,1,1,0.000897584,1943,1
hard_067,Hard,Serial,1,2,0.000870500,1943,1
hard_067,Hard,Serial,1,3,0.000870500,1943,1
hard_067,Hard,Serial,1,4,0.000888541,1943,1
hard_067,Hard,Serial,1,5,0.000896833,1943,1
hard_067,Hard,Serial-MRV,1,1,0.014455916,1051,1
hard_067,Hard,Serial-MRV,1,2,0.014182458,1051,1
hard_067,Hard,Serial-MRV,1,3,0.014195667,1051,1
hard_067,Hard,Serial-MRV,1,4,0.014171667,1051,1
hard_067,Hard,Serial-MRV,1,5,0.014132500,1051,1
hard_067,Hard,BranchBound,1,1,0.000883958,1943,1
hard_067,Hard,BranchBound,1,2,0.000873750,1943,1
hard_067,Hard,BranchBound,1,3,0.000876958,1943,1
hard_067,Hard,BranchBound,1,4,0.000873792,1943,1
hard_067,Hard,BranchBound,1,5,0.000877083,1943,1
hard_067,Hard,BranchBoundMRV,1,1,0.016292500,1051,1
hard_067,Hard,BranchBoundMRV,1,2,0.016238875,1051,1
hard_067,Hard,BranchBoundMRV,1,3,0.016311125,1051,1
hard_067,Hard,BranchBoundMRV,1,4,0.016178417,1051,1
hard_067,Hard,BranchBoundMRV,1,5,0.016219583,1051,1
hard_067,Hard,OpenMP,4,1,0.002449989,414,1
hard_067,Hard,OpenMP,4,2,0.002429008,413,1
hard_067,Hard,OpenMP,4,3,0.002420902,413,1
hard_067,Hard,OpenMP,4,4,0.002413988,412,1
hard_067,Hard,OpenMP,4,5,0.002413034,412,1
hard_067,Hard,OpenMP,8,1,0.005640984,823,1
hard_067,Hard,OpenMP,8,2,0.005604029,816,1
hard_067,Hard,OpenMP,8,3,0.005584002,610,1
hard_067,Hard,OpenMP,8,4,0.005593061,816,1
hard_067,Hard,OpenMP,8,5,0.002470016,254,1
hard_067,Hard,OpenMP,16,1,0.017765999,412,1
hard_067,Hard,OpenMP,16,2,0.010142088,335,1
hard_067,Hard,OpenMP,16,3,0.040219069,1012,1
hard_067,Hard,OpenMP,16,4,0.024485826,1051,1
hard_067,Hard,OpenMP,16,5,0.028177977,898,1
hard_067,Hard,OMP-BranchBoundMRV,4,1,0.002583981,390,1
hard_067,Hard,OMP-BranchBoundMRV,4,2,0.002567053,408,1
hard_067,Hard,OMP-BranchBoundMRV,4,3,0.002581120,392,1
hard_067,Hard,OMP-BranchBoundMRV,4,4,0.002552032,411,1
hard_067,Hard,OMP-BranchBoundMRV,4,5,0.002555132,413,1
hard_067,Hard,OMP-BranchBoundMRV,8,1,0.002594948,335,1
hard_067,Hard,OMP-BranchBoundMRV,8,2,0.005798817,619,1
hard_067,Hard,OMP-BranchBoundMRV,8,3,0.002547026,394,1
hard_067,Hard,OMP-BranchBoundMRV,8,4,0.005704880,614,1
hard_067,Hard,OMP-BranchBoundMRV,8,5,0.005748987,811,1
hard_067,Hard,OMP-BranchBoundMRV,16,1,0.080178022,401,1
hard_067,Hard,OMP-BranchBoundMRV,16,2,0.026939869,336,1
hard_067,Hard,OMP-BranchBoundMRV,16,3,0.030201912,427,1
hard_067,Hard,OMP-BranchBoundMRV,16,4,0.028088093,325,1
hard_067,Hard,OMP-BranchBoundMRV,16,5,0.020492077,570,1
hard_068,Hard,Serial,1,1,0.033444583,75706,1
hard_068,Hard,Serial,1,2,0.033377583,75706,1
hard_068,Hard,Serial,1,3,0.032757959,75706,1
hard_068,Hard,Serial,1,4,0.031863583,75706,1
hard_068,Hard,Serial,1,5,0.031684917,75706,1
hard_068,Hard,Serial-MRV,1,1,0.026762083,2095,1
hard_068,Hard,Serial-MRV,1,2,0.027394542,2095,1
hard_068,Hard,Serial-MRV,1,3,0.028090250,2095,1
hard_068,Hard,Serial-MRV,1,4,0.028164000,2095,1
hard_068,Hard,Serial-MRV,1,5,0.027957000,2095,1
hard_068,Hard,BranchBound,1,1,0.032186500,75706,1
hard_068,Hard,BranchBound,1,2,0.031944084,75706,1
hard_068,Hard,BranchBound,1,3,0.032054917,75706,1
hard_068,Hard,BranchBound,1,4,0.031916791,75706,1
hard_068,Hard,BranchBound,1,5,0.031925750,75706,1
hard_068,Hard,BranchBoundMRV,1,1,0.030212292,2095,1
hard_068,Hard,BranchBoundMRV,1,2,0.031210167,2095,1
hard_068,Hard,BranchBoundMRV,1,3,0.032056875,2095,1
hard_068,Hard,BranchBoundMRV,1,4,0.031543375,2095,1
hard_068,Hard,BranchBoundMRV,1,5,0.030797958,2095,1
hard_068,Hard,OpenMP,4,1,0.018081903,2099,1
hard_068,Hard,OpenMP,4,2,0.018075943,2099,1
hard_068,Hard,OpenMP,4,3,0.018033981,2099,1
hard_068,Hard,OpenMP,4,4,0.018259048,2099,1
hard_068,Hard,OpenMP,4,5,0.018007040,2099,1
hard_068,Hard,OpenMP,8,1,0.024276018,2099,1
hard_068,Hard,OpenMP,8,2,0.029279232,2099,1
hard_068,Hard,OpenMP,8,3,0.029147863,2099,1
hard_068,Hard,OpenMP,8,4,0.024096966,2099,1
hard_068,Hard,OpenMP,8,5,0.026729822,2099,1
hard_068,Hard,OpenMP,16,1,0.052484989,2099,1
hard_068,Hard,OpenMP,16,2,0.075191021,2099,1
hard_068,Hard,OpenMP,16,3,0.094099045,2099,1
hard_068,Hard,OpenMP,16,4,0.057148933,2099,1
hard_068,Hard,OpenMP,16,5,0.068145037,2099,1
hard_068,Hard,OMP-BranchBoundMRV,4,1,0.018219948,2099,1
hard_068,Hard,OMP-BranchBoundMRV,4,2,0.018105030,2099,1
hard_068,Hard,OMP-BranchBoundMRV,4,3,0.018088102,2099,1
hard_068,Hard,OMP-BranchBoundMRV,4,4,0.018141985,2099,1
hard_068,Hard,OMP-BranchBoundMRV,4,5,0.018091917,2099,1
hard_068,Hard,OMP-BranchBoundMRV,8,1,0.024219990,2099,1
hard_068,Hard,OMP-BranchBoundMRV,8,2,0.024012089,2099,1
hard_068,Hard,OMP-BranchBoundMRV,8,3,0.025580883,2099,1
hard_068,Hard,OMP-BranchBoundMRV,8,4,0.018209219,2067,1
hard_068,Hard,OMP-BranchBoundMRV,8,5,0.027868032,2099,1
hard_068,Hard,OMP-BranchBoundMRV,16,1,0.036992073,1231,1
hard_068,Hard,OMP-BranchBoundMRV,16,2,0.109889984,2099,1
hard_068,Hard,OMP-BranchBoundMRV,16,3,0.040374994,2099,1
hard_068,Hard,OMP-BranchBoundMRV,16,4,0.030827999,1854,1
hard_068,Hard,OMP-BranchBoundMRV,16,5,0.052444935,2099,1
hard_069,Hard,Serial,1,1,0.012569042,28889,1
hard_069,Hard,Serial,1,2,0.012558417,28889,1
hard_069,Hard,Serial,1,3,0.012590625,28889,1
hard_069,Hard,Serial,1,4,0.012504042,28889,1
hard_069,Hard,Serial,1,5,0.012541583,28889,1
hard_069,Hard,Serial-MRV,1,1,0.063537125,4339,1
hard_069,Hard,Serial-MRV,1,2,0.063552041,4339,1
hard_069,Hard,Serial-MRV,1,3,0.065879375,4339,1
hard_069,Hard,Serial-MRV,1,4,0.065859125,4339,1
hard_069,Hard,Serial-MRV,1,5,0.063773083,4339,1
hard_069,Hard,BranchBound,1,1,0.012589708,28889,1
hard_069,Hard,BranchBound,1,2,0.012519875,28889,1
hard_069,Hard,BranchBound,1,3,0.012643000,28889,1
hard_069,Hard,BranchBound,1,4,0.012637875,28889,1
hard_069,Hard,BranchBound,1,5,0.012637959,28889,1
hard_069,Hard,BranchBoundMRV,1,1,0.072717833,4339,1
hard_069,Hard,BranchBoundMRV,1,2,0.073352042,4339,1
hard_069,Hard,BranchBoundMRV,1,3,0.076558125,4339,1
hard_069,Hard,BranchBoundMRV,1,4,0.073878875,4339,1
hard_069,Hard,BranchBoundMRV,1,5,0.072468541,4339,1
hard_069,Hard,OpenMP,4,1,0.009758949,2126,1
hard_069,Hard,OpenMP,4,2,0.002285004,511,1
hard_069,Hard,OpenMP,4,3,0.009682178,2021,1
hard_069,Hard,OpenMP,4,4,0.009676933,2020,1
hard_069,Hard,OpenMP,4,5,0.009747982,2028,1
hard_069,Hard,OpenMP,8,1,0.002466202,581,1
hard_069,Hard,OpenMP,8,2,0.002295971,646,1
hard_069,Hard,OpenMP,8,3,0.005385876,1319,1
hard_069,Hard,OpenMP,8,4,0.005519867,1356,1
hard_069,Hard,OpenMP,8,5,0.005419016,1453,1
hard_069,Hard,OpenMP,16,1,0.038846970,1333,1
hard_069,Hard,OpenMP,16,2,0.044900894,626,1
hard_069,Hard,OpenMP,16,3,0.030978918,1236,1
hard_069,Hard,OpenMP,16,4,0.028958797,549,1
hard_069,Hard,OpenMP,16,5,0.020716906,868,1
hard_069,Hard,OMP-BranchBoundMRV,4,1,0.010348082,2153,1
hard_069,Hard,OMP-BranchBoundMRV,4,2,0.018381119,3516,1
hard_069,Hard,OMP-BranchBoundMRV,4,3,0.010004997,2035,1
hard_069,Hard,OMP-BranchBoundMRV,4,4,0.010153055,2089,1
hard_069,Hard,OMP-BranchBoundMRV,4,5,0.011106968,2333,1
hard_069,Hard,OMP-BranchBoundMRV,8,1,0.002441883,640,1
hard_069,Hard,OMP-BranchBoundMRV,8,2,0.004736900,1306,1
hard_069,Hard,OMP-BranchBoundMRV,8,3,0.005697012,1171,1
hard_069,Hard,OMP-BranchBoundMRV,8,4,0.004251957,995,1
hard_069,Hard,OMP-BranchBoundMRV,8,5,0.002887011,658,1
hard_069,Hard,OMP-BranchBoundMRV,16,1,0.041712046,1503,1
hard_069,Hard,OMP-BranchBoundMRV,16,2,0.032846928,432,1
hard_069,Hard,OMP-BranchBoundMRV,16,3,0.061043978,640,1
hard_069,Hard,OMP-BranchBoundMRV,16,4,0.040995121,2556,1
hard_069,Hard,OMP-BranchBoundMRV,16,5,0.006925821,477,1
hard_070,Hard,Serial,1,1,0.014900125,32799,1
hard_070,Hard,Serial,1,2,0.015007416,32799,1
hard_070,Hard,Serial,1,3,0.014939166,32799,1
hard_070,Hard,Serial,1,4,0.014427208,32799,1
hard_070,Hard,Serial,1,5,0.014251292,32799,1
hard_070,Hard,Serial-MRV,1,1,0.033153583,2018,1
hard_070,Hard,Serial-MRV,1,2,0.032819667,2018,1
hard_070,Hard,Serial-MRV,1,3,0.032929166,2018,1
hard_070,Hard,Serial-MRV,1,4,0.033039125,2018,1
hard_070,Hard,Serial-MRV,1,5,0.034428292,2018,1
hard_070,Hard,BranchBound,1,1,0.015039209,32799,1
hard_070,Hard,BranchBound,1,2,0.015052625,32799,1
hard_070,Hard,BranchBound,1,3,0.014940042,32799,1
hard_070,Hard,BranchBound,1,4,0.014712167,32799,1
hard_070,Hard,BranchBound,1,5,0.014350959,32799,1
hard_070,Hard,BranchBoundMRV,1,1,0.036772084,2018,1
hard_070,Hard,BranchBoundMRV,1,2,0.036904709,2018,1
hard_070,Hard,BranchBoundMRV,1,3,0.036644042,2018,1
hard_070,Hard,BranchBoundMRV,1,4,0.037710000,2018,1
hard_070,Hard,BranchBoundMRV,1,5,0.038690083,2018,1
hard_070,Hard,OpenMP,4,1,0.000996828,156,1
hard_070,Hard,OpenMP,4,2,0.000930071,164,1
hard_070,Hard,OpenMP,4,3,0.000874043,161,1
hard_070,Hard,OpenMP,4,4,0.000869989,160,1
hard_070,Hard,OpenMP,4,5,0.000931025,148,1
hard_070,Hard,OpenMP,8,1,0.000926971,168,1
hard_070,Hard,OpenMP,8,2,0.002321959,360,1
hard_070,Hard,OpenMP,8,3,0.000910997,161,1
hard_070,Hard,OpenMP,8,4,0.001692057,289,1
hard_070,Hard,OpenMP,8,5,0.001945019,311,1
hard_070,Hard,OpenMP,16,1,0.019077063,388,1
hard_070,Hard,OpenMP,16,2,0.013383150,154,1
hard_070,Hard,OpenMP,16,3,0.019809961,163,1
hard_070,Hard,OpenMP,16,4,0.009114027,156,1
hard_070,Hard,OpenMP,16,5,0.016295195,168,1
hard_070,Hard,OMP-BranchBoundMRV,4,1,0.001119852,137,1
hard_070,Hard,OMP-BranchBoundMRV,4,2,0.001049042,167,1
hard_070,Hard,OMP-BranchBoundMRV,4,3,0.001044035,167,1
hard_070,Hard,OMP-BranchBoundMRV,4,4,0.001044989,167,1
hard_070,Hard,OMP-BranchBoundMRV,4,5,0.001041889,167,1
hard_070,Hard,OMP-BranchBoundMRV,8,1,0.002395868,395,1
hard_070,Hard,OMP-BranchBoundMRV,8,2,0.002452135,456,1
hard_070,Hard,OMP-BranchBoundMRV,8,3,0.001336813,220,1
hard_070,Hard,OMP-BranchBoundMRV,8,4,0.002398014,393,1
hard_070,Hard,OMP-BranchBoundMRV,8,5,0.002382040,384,1
hard_070,Hard,OMP-BranchBoundMRV,16,1,0.053913832,421,1
hard_070,Hard,OMP-BranchBoundMRV,16,2,0.026729822,370,1
hard_070,Hard,OMP-BranchBoundMRV,16,3,0.026807070,437,1
hard_070,Hard,OMP-BranchBoundMRV,16,4,0.011075020,322,1
hard_070,Hard,OMP-BranchBoundMRV,16,5,0.009175062,182,1
hard_071,Hard,Serial,1,1,0.012137584,27758,1
hard_071,Hard,Serial,1,2,0.012018709,27758,1
hard_071,Hard,Serial,1,3,0.012017625,27758,1
hard_071,Hard,Serial,1,4,0.011919666,27758,1
hard_071,Hard,Serial,1,5,0.012017125,27758,1
hard_071,Hard,Serial-MRV,1,1,0.017777083,1094,1
hard_071,Hard,Serial-MRV,1,2,0.017399875,1094,1
hard_071,Hard,Serial-MRV,1,3,0.017256708,1094,1
hard_071,Hard,Serial-MRV,1,4,0.017262667,1094,1
hard_071,Hard,Serial-MRV,1,5,0.017244583,1094,1
hard_071,Hard,BranchBound,1,1,0.011667625,27758,1
hard_071,Hard,BranchBound,1,2,0.011581750,27758,1
hard_071,Hard,BranchBound,1,3,0.011538000,27758,1
hard_071,Hard,BranchBound,1,4,0.011485166,27758,1
hard_071,Hard,BranchBound,1,5,0.011454875,27758,1
hard_071,Hard,BranchBoundMRV,1,1,0.020464041,1094,1
hard_071,Hard,BranchBoundMRV,1,2,0.020412250,1094,1
hard_071,Hard,BranchBoundMRV,1,3,0.020478542,1094,1
hard_071,Hard,BranchBoundMRV,1,4,0.020266958,1094,1
hard_071,Hard,BranchBoundMRV,1,5,0.020382084,1094,1
hard_071,Hard,OpenMP,4,1,0.004529953,962,1
hard_071,Hard,OpenMP,4,2,0.004548073,966,1
hard_071,Hard,OpenMP,4,3,0.004513025,967,1
hard_071,Hard,OpenMP,4,4,0.004526138,969,1
hard_071,Hard,OpenMP,4,5,0.004472971,964,1
hard_071,Hard,OpenMP,8,1,0.010228872,1710,1
hard_071,Hard,OpenMP,8,2,0.010293007,1249,1
hard_071,Hard,OpenMP,8,3,0.010285139,1710,1
hard_071,Hard,OpenMP,8,4,0.004474878,914,1
hard_071,Hard,OpenMP,8,5,0.010431051,1332,1
hard_071,Hard,OpenMP,16,1,0.035455942,1303,1
hard_071,Hard,OpenMP,16,2,0.040178061,1560,1
hard_071,Hard,OpenMP,16,3,0.020458221,876,1
hard_071,Hard,OpenMP,16,4,0.048692942,1710,1
hard_071,Hard,OpenMP,16,5,0.016028881,1343,1
hard_071,Hard,OMP-BranchBoundMRV,4,1,0.004796028,957,1
hard_071,Hard,OMP-BranchBoundMRV,4,2,0.004669189,934,1
hard_071,Hard,OMP-BranchBoundMRV,4,3,0.004805088,961,1
hard_071,Hard,OMP-BranchBoundMRV,4,4,0.004666090,939,1
hard_071,Hard,OMP-BranchBoundMRV,4,5,0.004671097,942,1
hard_071,Hard,OMP-BranchBoundMRV,8,1,0.006512880,1133,1
hard_071,Hard,OMP-BranchBoundMRV,8,2,0.008506060,1225,1
hard_071,Hard,OMP-BranchBoundMRV,8,3,0.008105040,1418,1
hard_071,Hard,OMP-BranchBoundMRV,8,4,0.009718895,1412,1
hard_071,Hard,OMP-BranchBoundMRV,8,5,0.009049892,1378,1
hard_071,Hard,OMP-BranchBoundMRV,16,1,0.097410917,986,1
hard_071,Hard,OMP-BranchBoundMRV,16,2,0.030314922,1654,1
hard_071,Hard,OMP-BranchBoundMRV,16,3,0.022387028,789,1
hard_071,Hard,OMP-BranchBoundMRV,16,4,0.039435148,1141,1
hard_071,Hard,OMP-BranchBoundMRV,16,5,0.029600143,1659,1
hard_072,Hard,Serial,1,1,0.086166750,212860,1
hard_072,Hard,Serial,1,2,0.084449708,212860,1
hard_072,Hard,Serial,1,3,0.086925958,212860,1
hard_072,Hard,Serial,1,4,0.084692000,212860,1
hard_072,Hard,Serial,1,5,0.084474458,212860,1
hard_072,Hard,Serial-MRV,1,1,0.019041666,1342,1
hard_072,Hard,Serial-MRV,1,2,0.019036458,1342,1
hard_072,Hard,Serial-MRV,1,3,0.019186584,1342,1
hard_072,Hard,Serial-MRV,1,4,0.018995250,1342,1
hard_072,Hard,Serial-MRV,1,5,0.018939125,1342,1
hard_072,Hard,BranchBound,1,1,0.084875584,212860,1
hard_072,Hard,BranchBound,1,2,0.087992292,212860,1
hard_072,Hard,BranchBound,1,3,0.086636500,212860,1
hard_072,Hard,BranchBound,1,4,0.085219125,212860,1
hard_072,Hard,BranchBound,1,5,0.084785125,212860,1
hard_072,Hard,BranchBoundMRV,1,1,0.020135916,1342,1
hard_072,Hard,BranchBoundMRV,1,2,0.020174875,1342,1
hard_072,Hard,BranchBoundMRV,1,3,0.020152625,1342,1
hard_072,Hard,BranchBoundMRV,1,4,0.020027166,1342,1
hard_072,Hard,BranchBoundMRV,1,5,0.020078750,1342,1
hard_072,Hard,OpenMP,4,1,0.006782055,1076,1
hard_072,Hard,OpenMP,4,2,0.006769180,1076,1
hard_072,Hard,OpenMP,4,3,0.006808043,1078,1
hard_072,Hard,OpenMP,4,4,0.006801128,1078,1
hard_072,Hard,OpenMP,4,5,0.006900072,1084,1
hard_072,Hard,OpenMP,8,1,0.006811142,835,1
hard_072,Hard,OpenMP,8,2,0.012695074,1414,1
hard_072,Hard,OpenMP,8,3,0.006887913,1114,1
hard_072,Hard,OpenMP,8,4,0.006892204,837,1
hard_072,Hard,OpenMP,8,5,0.012708902,1201,1
hard_072,Hard,OpenMP,16,1,0.023282051,1197,1
hard_072,Hard,OpenMP,16,2,0.029361010,1194,1
hard_072,Hard,OpenMP,16,3,0.033706903,1036,1
hard_072,Hard,OpenMP,16,4,0.041657925,1414,1
hard_072,Hard,OpenMP,16,5,0.023912907,1371,1
hard_072,Hard,OMP-BranchBoundMRV,4,1,0.007462978,1230,1
hard_072,Hard,OMP-BranchBoundMRV,4,2,0.009011030,1321,1
hard_072,Hard,OMP-BranchBoundMRV,4,3,0.007026196,1191,1
hard_072,Hard,OMP-BranchBoundMRV,4,4,0.007040024,1192,1
hard_072,Hard,OMP-BranchBoundMRV,4,5,0.007027149,1203,1
hard_072,Hard,OMP-BranchBoundMRV,8,1,0.016441822,1414,1
hard_072,Hard,OMP-BranchBoundMRV,8,2,0.007195950,1151,1
hard_072,Hard,OMP-BranchBoundMRV,8,3,0.012724161,1341,1
hard_072,Hard,OMP-BranchBoundMRV,8,4,0.016545057,1414,1
hard_072,Hard,OMP-BranchBoundMRV,8,5,0.012679100,1192,1
hard_072,Hard,OMP-BranchBoundMRV,16,1,0.083237171,1384,1
hard_072,Hard,OMP-BranchBoundMRV,16,2,0.031685114,759,1
hard_072,Hard,OMP-BranchBoundMRV,16,3,0.059533834,1414,1
hard_072,Hard,OMP-BranchBoundMRV,16,4,0.031481981,871,1
hard_072,Hard,OMP-BranchBoundMRV,16,5,0.016630173,926,1
hard_073,Hard,Serial,1,1,0.008009459,19574,1
hard_073,Hard,Serial,1,2,0.007856500,19574,1
hard_073,Hard,Serial,1,3,0.007905875,19574,1
hard_073,Hard,Serial,1,4,0.007967625,19574,1
hard_073,Hard,Serial,1,5,0.007893958,19574,1
hard_073,Hard,Serial-MRV,1,1,0.030067375,2039,1
hard_073,Hard,Serial-MRV,1,2,0.029826958,2039,1
hard_073,Hard,Serial-MRV,1,3,0.029715167,2039,1
hard_073,Hard,Serial-MRV,1,4,0.029873042,2039,1
hard_073,Hard,Serial-MRV,1,5,0.029761916,2039,1
hard_073,Hard,BranchBound,1,1,0.007992750,19574,1
hard_073,Hard,BranchBound,1,2,0.008419959,19574,1
hard_073,Hard,BranchBound,1,3,0.008238125,19574,1
hard_073,Hard,BranchBound,1,4,0.008356625,19574,1
hard_073,Hard,BranchBound,1,5,0.008280792,19574,1
hard_073,Hard,BranchBoundMRV,1,1,0.035934584,2039,1
hard_073,Hard,BranchBoundMRV,1,2,0.035882166,2039,1
hard_073,Hard,BranchBoundMRV,1,3,0.034274333,2039,1
hard_073,Hard,BranchBoundMRV,1,4,0.033947875,2039,1
hard_073,Hard,BranchBoundMRV,1,5,0.034007541,2039,1
hard_073,Hard,OpenMP,4,1,0.003916979,644,1
hard_073,Hard,OpenMP,4,2,0.003937960,841,1
hard_073,Hard,OpenMP,4,3,0.003936052,840,1
hard_073,Hard,OpenMP,4,4,0.003932953,841,1
hard_073,Hard,OpenMP,4,5,0.003931999,841,1
hard_073,Hard,OpenMP,8,1,0.009192228,1625,1
hard_073,Hard,OpenMP,8,2,0.004743099,801,1
hard_073,Hard,OpenMP,8,3,0.005525112,835,1
hard_073,Hard,OpenMP,8,4,0.003921986,832,1
hard_073,Hard,OpenMP,8,5,0.003972054,801,1
hard_073,Hard,OpenMP,16,1,0.014841080,1490,1
hard_073,Hard,OpenMP,16,2,0.024599075,537,1
hard_073,Hard,OpenMP,16,3,0.015359163,1103,1
hard_073,Hard,OpenMP,16,4,0.022109032,2041,1
hard_073,Hard,OpenMP,16,5,0.007830858,1339,1
hard_073,Hard,OMP-BranchBoundMRV,4,1,0.004245043,835,1
hard_073,Hard,OMP-BranchBoundMRV,4,2,0.004627943,902,1
hard_073,Hard,OMP-BranchBoundMRV,4,3,0.004189968,830,1
hard_073,Hard,OMP-BranchBoundMRV,4,4,0.004244089,824,1
hard_073,Hard,OMP-BranchBoundMRV,4,5,0.004130125,845,1
hard_073,Hard,OMP-BranchBoundMRV,8,1,0.007917881,1590,1
hard_073,Hard,OMP-BranchBoundMRV,8,2,0.005012035,1126,1
hard_073,Hard,OMP-BranchBoundMRV,8,3,0.009323120,1848,1
hard_073,Hard,OMP-BranchBoundMRV,8,4,0.009338140,1666,1
hard_073,Hard,OMP-BranchBoundMRV,8,5,0.004110098,798,1
hard_073,Hard,OMP-BranchBoundMRV,16,1,0.023113966,1435,1
hard_073,Hard,OMP-BranchBoundMRV,16,2,0.021453142,1703,1
hard_073,Hard,OMP-BranchBoundMRV,16,3,0.020248890,1713,1
hard_073,Hard,OMP-BranchBoundMRV,16,4,0.021806955,1081,1
hard_073,Hard,OMP-BranchBoundMRV,16,5,0.030828953,1699,1
hard_074,Hard,Serial,1,1,0.003991292,9292,1
hard_074,Hard,Serial,1,2,0.003925250,9292,1
hard_074,Hard,Serial,1,3,0.003905667,9292,1
hard_074,Hard,Serial,1,4,0.003923333,9292,1
hard_074,Hard,Serial,1,5,0.003944334,9292,1
hard_074,Hard,Serial-MRV,1,1,0.019987583,1203,1
hard_074,Hard,Serial-MRV,1,2,0.019611083,1203,1
hard_074,Hard,Serial-MRV,1,3,0.019541917,1203,1
hard_074,Hard,Serial-MRV,1,4,0.019021125,1203,1
hard_074,Hard,Serial-MRV,1,5,0.018998208,1203,1
hard_074,Hard,BranchBound,1,1,0.003769084,9292,1
hard_074,Hard,BranchBound,1,2,0.003821958,9292,1
hard_074,Hard,BranchBound,1,3,0.003762542,9292,1
hard_074,Hard,BranchBound,1,4,0.003789125,9292,1
hard_074,Hard,BranchBound,1,5,0.003799709,9292,1
hard_074,Hard,BranchBoundMRV,1,1,0.021076917,1203,1
hard_074,Hard,BranchBoundMRV,1,2,0.021221333,1203,1
hard_074,Hard,BranchBoundMRV,1,3,0.021060000,1203,1
hard_074,Hard,BranchBoundMRV,1,4,0.022168959,1203,1
hard_074,Hard,BranchBoundMRV,1,5,0.022220375,1203,1
hard_074,Hard,OpenMP,4,1,0.004459858,625,1
hard_074,Hard,OpenMP,4,2,0.004339933,614,1
hard_074,Hard,OpenMP,4,3,0.004383087,612,1
hard_074,Hard,OpenMP,4,4,0.004329920,634,1
hard_074,Hard,OpenMP,4,5,0.004621983,639,1
hard_074,Hard,OpenMP,8,1,0.004184961,484,1
hard_074,Hard,OpenMP,8,2,0.004948854,627,1
hard_074,Hard,OpenMP,8,3,0.004528999,635,1
hard_074,Hard,OpenMP,8,4,0.009992123,942,1
hard_074,Hard,OpenMP,8,5,0.004880190,647,1
hard_074,Hard,OpenMP,16,1,0.016586065,682,1
hard_074,Hard,OpenMP,16,2,0.025041103,574,1
hard_074,Hard,OpenMP,16,3,0.028789043,738,1
hard_074,Hard,OpenMP,16,4,0.020431995,627,1
hard_074,Hard,OpenMP,16,5,0.028621912,633,1
hard_074,Hard,OMP-BranchBoundMRV,4,1,0.004335165,625,1
hard_074,Hard,OMP-BranchBoundMRV,4,2,0.004371166,628,1
hard_074,Hard,OMP-BranchBoundMRV,4,3,0.004324913,625,1
hard_074,Hard,OMP-BranchBoundMRV,4,4,0.004323006,625,1
hard_074,Hard,OMP-BranchBoundMRV,4,5,0.004322052,625,1
hard_074,Hard,OMP-BranchBoundMRV,8,1,0.004523993,489,1
hard_074,Hard,OMP-BranchBoundMRV,8,2,0.008560181,619,1
hard_074,Hard,OMP-BranchBoundMRV,8,3,0.006390095,670,1
hard_074,Hard,OMP-BranchBoundMRV,8,4,0.005442142,524,1
hard_074,Hard,OMP-BranchBoundMRV,8,5,0.007265091,686,1
hard_074,Hard,OMP-BranchBoundMRV,16,1,0.037267923,604,1
hard_074,Hard,OMP-BranchBoundMRV,16,2,0.008732796,238,1
hard_074,Hard,OMP-BranchBoundMRV,16,3,0.017358065,341,1
hard_074,Hard,OMP-BranchBoundMRV,16,4,0.048631191,726,1
hard_074,Hard,OMP-BranchBoundMRV,16,5,0.028823137,633,1
hard_075,Hard,Serial,1,1,0.008243709,20729,1
hard_075,Hard,Serial,1,2,0.008150583,20729,1
hard_075,Hard,Serial,1,3,0.008175292,20729,1
hard_075,Hard,Serial,1,4,0.008090083,20729,1
hard_075,Hard,Serial,1,5,0.008177875,20729,1
hard_075,Hard,Serial-MRV,1,1,0.020163459,1408,1
hard_075,Hard,Serial-MRV,1,2,0.021285917,1408,1
hard_075,Hard,Serial-MRV,1,3,0.021217125,1408,1
hard_075,Hard,Serial-MRV,1,4,0.021388041,1408,1
hard_075,Hard,Serial-MRV,1,5,0.021126000,1408,1
hard_075,Hard,BranchBound,1,1,0.008579291,20729,1
hard_075,Hard,BranchBound,1,2,0.008545083,20729,1
hard_075,Hard,BranchBound,1,3,0.008339458,20729,1
hard_075,Hard,BranchBound,1,4,0.008195708,20729,1
hard_075,Hard,BranchBound,1,5,0.008202000,20729,1
hard_075,Hard,BranchBoundMRV,1,1,0.022995791,1408,1
hard_075,Hard,BranchBoundMRV,1,2,0.022851084,1408,1
hard_075,Hard,BranchBoundMRV,1,3,0.022934333,1408,1
hard_075,Hard,BranchBoundMRV,1,4,0.022786250,1408,1
hard_075,Hard,BranchBoundMRV,1,5,0.022861125,1408,1
hard_075,Hard,OpenMP,4,1,0.003982067,677,1
hard_075,Hard,OpenMP,4,2,0.003940105,867,1
hard_075,Hard,OpenMP,4,3,0.003952980,678,1
hard_075,Hard,OpenMP,4,4,0.003952026,875,1
hard_075,Hard,OpenMP,4,5,0.003957987,869,1
hard_075,Hard,OpenMP,8,1,0.003942013,824,1
hard_075,Hard,OpenMP,8,2,0.003984928,842,1
hard_075,Hard,OpenMP,8,3,0.009383202,1381,1
hard_075,Hard,OpenMP,8,4,0.004021883,694,1
hard_075,Hard,OpenMP,8,5,0.003980875,712,1
hard_075,Hard,OpenMP,16,1,0.054443121,2080,1
hard_075,Hard,OpenMP,16,2,0.024219990,734,1
hard_075,Hard,OpenMP,16,3,0.024471045,1171,1
hard_075,Hard,OpenMP,16,4,0.021274090,1411,1
hard_075,Hard,OpenMP,16,5,0.015690804,636,1
hard_075,Hard,OMP-BranchBoundMRV,4,1,0.004251957,695,1
hard_075,Hard,OMP-BranchBoundMRV,4,2,0.004072189,676,1
hard_075,Hard,OMP-BranchBoundMRV,4,3,0.004069090,677,1
hard_075,Hard,OMP-BranchBoundMRV,4,4,0.004059076,678,1
hard_075,Hard,OMP-BranchBoundMRV,4,5,0.004104137,681,1
hard_075,Hard,OMP-BranchBoundMRV,8,1,0.007719040,1374,1
hard_075,Hard,OMP-BranchBoundMRV,8,2,0.009474039,1685,1
hard_075,Hard,OMP-BranchBoundMRV,8,3,0.009558916,1707,1
hard_075,Hard,OMP-BranchBoundMRV,8,4,0.004209995,712,1
hard_075,Hard,OMP-BranchBoundMRV,8,5,0.009526968,1701,1
hard_075,Hard,OMP-BranchBoundMRV,16,1,0.020188093,857,1
hard_075,Hard,OMP-BranchBoundMRV,16,2,0.020673990,1835,1
hard_075,Hard,OMP-BranchBoundMRV,16,3,0.020315170,710,1
hard_075,Hard,OMP-BranchBoundMRV,16,4,0.020467997,1450,1
hard_075,Hard,OMP-BranchBoundMRV,16,5,0.033063889,1199,1
hard_076,Hard,Serial,1,1,0.020008625,43046,1
hard_076,Hard,Serial,1,2,0.019390875,43046,1
hard_076,Hard,Serial,1,3,0.019087125,43046,1
hard_076,Hard,Serial,1,4,0.019001084,43046,1
hard_076,Hard,Serial,1,5,0.018958875,43046,1
hard_076,Hard,Serial-MRV,1,1,0.015146708,1056,1
hard_076,Hard,Serial-MRV,1,2,0.015082167,1056,1
hard_076,Hard,Serial-MRV,1,3,0.015025708,1056,1
hard_076,Hard,Serial-MRV,1,4,0.015002125,1056,1
hard_076,Hard,Serial-MRV,1,5,0.015126250,1056,1
hard_076,Hard,BranchBound,1,1,0.019007542,43046,1
hard_076,Hard,BranchBound,1,2,0.019348000,43046,1
hard_076,Hard,BranchBound,1,3,0.019975833,43046,1
hard_076,Hard,BranchBound,1,4,0.020108625,43046,1
hard_076,Hard,BranchBound,1,5,0.020015417,43046,1
hard_076,Hard,BranchBoundMRV,1,1,0.017710083,1056,1
hard_076,Hard,BranchBoundMRV,1,2,0.017758875,1056,1
hard_076,Hard,BranchBoundMRV,1,3,0.017218083,1056,1
hard_076,Hard,BranchBoundMRV,1,4,0.017058625,1056,1
hard_076,Hard,BranchBoundMRV,1,5,0.017018667,1056,1
hard_076,Hard,OpenMP,4,1,0.002075911,332,1
hard_076,Hard,OpenMP,4,2,0.002028942,327,1
hard_076,Hard,OpenMP,4,3,0.002038956,330,1
hard_076,Hard,OpenMP,4,4,0.002030849,330,1
hard_076,Hard,OpenMP,4,5,0.002073050,334,1
hard_076,Hard,OpenMP,8,1,0.002114058,280,1
hard_076,Hard,OpenMP,8,2,0.004607916,629,1
hard_076,Hard,OpenMP,8,3,0.004705191,475,1
hard_076,Hard,OpenMP,8,4,0.002108097,274,1
hard_076,Hard,OpenMP,8,5,0.002069950,269,1
hard_076,Hard,OpenMP,16,1,0.028802872,637,1
hard_076,Hard,OpenMP,16,2,0.012783051,272,1
hard_076,Hard,OpenMP,16,3,0.026652098,486,1
hard_076,Hard,OpenMP,16,4,0.014564037,480,1
hard_076,Hard,OpenMP,16,5,0.054871798,272,1
hard_076,Hard,OMP-BranchBoundMRV,4,1,0.002174854,330,1
hard_076,Hard,OMP-BranchBoundMRV,4,2,0.002251863,325,1
hard_076,Hard,OMP-BranchBoundMRV,4,3,0.002223969,329,1
hard_076,Hard,OMP-BranchBoundMRV,4,4,0.002201796,331,1
hard_076,Hard,OMP-BranchBoundMRV,4,5,0.002220869,319,1
hard_076,Hard,OMP-BranchBoundMRV,8,1,0.002696037,243,1
hard_076,Hard,OMP-BranchBoundMRV,8,2,0.003074884,342,1
hard_076,Hard,OMP-BranchBoundMRV,8,3,0.003046989,293,1
hard_076,Hard,OMP-BranchBoundMRV,8,4,0.002188921,336,1
hard_076,Hard,OMP-BranchBoundMRV,8,5,0.002228975,314,1
hard_076,Hard,OMP-BranchBoundMRV,16,1,0.021439075,815,1
hard_076,Hard,OMP-BranchBoundMRV,16,2,0.007120132,289,1
hard_076,Hard,OMP-BranchBoundMRV,16,3,0.040317059,534,1
hard_076,Hard,OMP-BranchBoundMRV,16,4,0.009871960,271,1
hard_076,Hard,OMP-BranchBoundMRV,16,5,0.026652098,276,1
hard_077,Hard,Serial,1,1,0.012278292,28970,1
hard_077,Hard,Serial,1,2,0.012302708,28970,1
hard_077,Hard,Serial,1,3,0.012160000,28970,1
hard_077,Hard,Serial,1,4,0.012280417,28970,1
hard_077,Hard,Serial,1,5,0.012107166,28970,1
hard_077,Hard,Serial-MRV,1,1,0.020591500,1314,1
hard_077,Hard,Serial-MRV,1,2,0.020963667,1314,1
hard_077,Hard,Serial-MRV,1,3,0.020940667,1314,1
hard_077,Hard,Serial-MRV,1,4,0.020831958,1314,1
hard_077,Hard,Serial-MRV,1,5,0.020819542,1314,1
hard_077,Hard,BranchBound,1,1,0.012809500,28970,1
hard_077,Hard,BranchBound,1,2,0.012295291,28970,1
hard_077,Hard,BranchBound,1,3,0.012302958,28970,1
hard_077,Hard,BranchBound,1,4,0.012295208,28970,1
hard_077,Hard,BranchBound,1,5,0.012251583,28970,1
hard_077,Hard,BranchBoundMRV,1,1,0.022700417,1314,1
hard_077,Hard,BranchBoundMRV,1,2,0.022775041,1314,1
hard_077,Hard,BranchBoundMRV,1,3,0.022558125,1314,1
hard_077,Hard,BranchBoundMRV,1,4,0.022582917,1314,1
hard_077,Hard,BranchBoundMRV,1,5,0.022655792,1314,1
hard_077,Hard,OpenMP,4,1,0.006186008,843,1
hard_077,Hard,OpenMP,4,2,0.006150007,840,1
hard_077,Hard,OpenMP,4,3,0.006129026,841,1
hard_077,Hard,OpenMP,4,4,0.006134987,834,1
hard_077,Hard,OpenMP,4,5,0.006438971,846,1
hard_077,Hard,OpenMP,8,1,0.014451981,913,1
hard_077,Hard,OpenMP,8,2,0.006270885,641,1
hard_077,Hard,OpenMP,8,3,0.006249905,841,1
hard_077,Hard,OpenMP,8,4,0.015467167,1231,1
hard_077,Hard,OpenMP,8,5,0.006940126,825,1
hard_077,Hard,OpenMP,16,1,0.017518997,752,1
hard_077,Hard,OpenMP,16,2,0.021824121,541,1
hard_077,Hard,OpenMP,16,3,0.044775009,624,1
hard_077,Hard,OpenMP,16,4,0.026604891,525,1
hard_077,Hard,OpenMP,16,5,0.055737972,640,1
hard_077,Hard,OMP-BranchBoundMRV,4,1,0.006758928,860,1
hard_077,Hard,OMP-BranchBoundMRV,4,2,0.006568909,847,1
hard_077,Hard,OMP-BranchBoundMRV,4,3,0.006458998,835,1
hard_077,Hard,OMP-BranchBoundMRV,4,4,0.006330013,827,1
hard_077,Hard,OMP-BranchBoundMRV,4,5,0.006519079,821,1
hard_077,Hard,OMP-BranchBoundMRV,8,1,0.006457806,819,1
hard_077,Hard,OMP-BranchBoundMRV,8,2,0.006468058,643,1
hard_077,Hard,OMP-BranchBoundMRV,8,3,0.006562948,772,1
hard_077,Hard,OMP-BranchBoundMRV,8,4,0.006361008,640,1
hard_077,Hard,OMP-BranchBoundMRV,8,5,0.013072968,913,1
hard_077,Hard,OMP-BranchBoundMRV,16,1,0.013751030,1003,1
hard_077,Hard,OMP-BranchBoundMRV,16,2,0.016646862,638,1
hard_077,Hard,OMP-BranchBoundMRV,16,3,0.070468903,1317,1
hard_077,Hard,OMP-BranchBoundMRV,16,4,0.034681797,947,1
hard_077,Hard,OMP-BranchBoundMRV,16,5,0.021672010,655,1
hard_078,Hard,Serial,1,1,0.010465667,24036,1
hard_078,Hard,Serial,1,2,0.010265958,24036,1
hard_078,Hard,Serial,1,3,0.010391500,24036,1
hard_078,Hard,Serial,1,4,0.010301792,24036,1
hard_078,Hard,Serial,1,5,0.010284666,24036,1
hard_078,Hard,Serial-MRV,1,1,0.028555333,2145,1
hard_078,Hard,Serial-MRV,1,2,0.027658083,2145,1
hard_078,Hard,Serial-MRV,1,3,0.027489584,2145,1
hard_078,Hard,Serial-MRV,1,4,0.027563417,2145,1
hard_078,Hard,Serial-MRV,1,5,0.027532042,2145,1
hard_078,Hard,BranchBound,1,1,0.009857625,24036,1
hard_078,Hard,BranchBound,1,2,0.010320292,24036,1
hard_078,Hard,BranchBound,1,3,0.010212000,24036,1
hard_078,Hard,BranchBound,1,4,0.010272042,24036,1
hard_078,Hard,BranchBound,1,5,0.010411041,24036,1
hard_078,Hard,BranchBoundMRV,1,1,0.033044042,2145,1
hard_078,Hard,BranchBoundMRV,1,2,0.032907000,2145,1
hard_078,Hard,BranchBoundMRV,1,3,0.031453875,2145,1
hard_078,Hard,BranchBoundMRV,1,4,0.031288667,2145,1
hard_078,Hard,BranchBoundMRV,1,5,0.031181875,2145,1
hard_078,Hard,OpenMP,4,1,0.005439043,1048,1
hard_078,Hard,OpenMP,4,2,0.005455971,1059,1
hard_078,Hard,OpenMP,4,3,0.005426884,1056,1
hard_078,Hard,OpenMP,4,4,0.005435944,1055,1
hard_078,Hard,OpenMP,4,5,0.005414009,1054,1
hard_078,Hard,OpenMP,8,1,0.011180162,1456,1
hard_078,Hard,OpenMP,8,2,0.005460978,981,1
hard_078,Hard,OpenMP,8,3,0.011888981,1596,1
hard_078,Hard,OpenMP,8,4,0.011590958,1827,1
hard_078,Hard,OpenMP,8,5,0.012286901,1634,1
hard_078,Hard,OpenMP,16,1,0.021005869,1627,1
hard_078,Hard,OpenMP,16,2,0.020219088,1533,1
hard_078,Hard,OpenMP,16,3,0.026522875,1089,1
hard_078,Hard,OpenMP,16,4,0.045322895,1122,1
hard_078,Hard,OpenMP,16,5,0.040327072,1149,1
hard_078,Hard,OMP-BranchBoundMRV,4,1,0.005545855,1397,1
hard_078,Hard,OMP-BranchBoundMRV,4,2,0.005558014,1388,1
hard_078,Hard,OMP-BranchBoundMRV,4,3,0.005524158,1393,1
hard_078,Hard,OMP-BranchBoundMRV,4,4,0.005560875,1404,1
hard_078,Hard,OMP-BranchBoundMRV,4,5,0.005524874,1396,1
hard_078,Hard,OMP-BranchBoundMRV,8,1,0.011275053,1502,1
hard_078,Hard,OMP-BranchBoundMRV,8,2,0.011824131,1703,1
hard_078,Hard,OMP-BranchBoundMRV,8,3,0.006470919,1329,1
hard_078,Hard,OMP-BranchBoundMRV,8,4,0.005621910,787,1
hard_078,Hard,OMP-BranchBoundMRV,8,5,0.011354923,1602,1
hard_078,Hard,OMP-BranchBoundMRV,16,1,0.047580004,1070,1
hard_078,Hard,OMP-BranchBoundMRV,16,2,0.015570879,1104,1
hard_078,Hard,OMP-BranchBoundMRV,16,3,0.081649065,2145,1
hard_078,Hard,OMP-BranchBoundMRV,16,4,0.071508169,2145,1
hard_078,Hard,OMP-BranchBoundMRV,16,5,0.015195131,1161,1
hard_079,Hard,Serial,1,1,0.007765542,18186,1
hard_079,Hard,Serial,1,2,0.007665250,18186,1
hard_079,Hard,Serial,1,3,0.007591083,18186,1
hard_079,Hard,Serial,1,4,0.007573625,18186,1
hard_079,Hard,Serial,1,5,0.007544042,18186,1
hard_079,Hard,Serial-MRV,1,1,0.017274125,1204,1
hard_079,Hard,Serial-MRV,1,2,0.017155458,1204,1
hard_079,Hard,Serial-MRV,1,3,0.017139125,1204,1
hard_079,Hard,Serial-MRV,1,4,0.017389000,1204,1
hard_079,Hard,Serial-MRV,1,5,0.017256208,1204,1
hard_079,Hard,BranchBound,1,1,0.007543625,18186,1
hard_079,Hard,BranchBound,1,2,0.007478500,18186,1
hard_079,Hard,BranchBound,1,3,0.007548083,18186,1
hard_079,Hard,BranchBound,1,4,0.007463250,18186,1
hard_079,Hard,BranchBound,1,5,0.007464458,18186,1
hard_079,Hard,BranchBoundMRV,1,1,0.019309500,1204,1
hard_079,Hard,BranchBoundMRV,1,2,0.019342667,1204,1
hard_079,Hard,BranchBoundMRV,1,3,0.020516584,1204,1
hard_079,Hard,BranchBoundMRV,1,4,0.020169833,1204,1
hard_079,Hard,BranchBoundMRV,1,5,0.020225167,1204,1
hard_079,Hard,OpenMP,4,1,0.002242088,348,1
hard_079,Hard,OpenMP,4,2,0.002411127,360,1
hard_079,Hard,OpenMP,4,3,0.002283096,339,1
hard_079,Hard,OpenMP,4,4,0.002266884,351,1
hard_079,Hard,OpenMP,4,5,0.002321959,350,1
hard_079,Hard,OpenMP,8,1,0.010715008,225,1
hard_079,Hard,OpenMP,8,2,0.002285957,343,1
hard_079,Hard,OpenMP,8,3,0.003208160,413,1
hard_079,Hard,OpenMP,8,4,0.003733158,450,1
hard_079,Hard,OpenMP,8,5,0.002360106,235,1
hard_079,Hard,OpenMP,16,1,0.013130903,415,1
hard_079,Hard,OpenMP,16,2,0.016377926,798,1
hard_079,Hard,OpenMP,16,3,0.049939156,433,1
hard_079,Hard,OpenMP,16,4,0.043087959,279,1
hard_079,Hard,OpenMP,16,5,0.031151056,353,1
hard_079,Hard,OMP-BranchBoundMRV,4,1,0.002341032,352,1
hard_079,Hard,OMP-BranchBoundMRV,4,2,0.002319098,351,1
hard_079,Hard,OMP-BranchBoundMRV,4,3,0.002320051,348,1
hard_079,Hard,OMP-BranchBoundMRV,4,4,0.002317905,347,1
hard_079,Hard,OMP-BranchBoundMRV,4,5,0.002300024,349,1
hard_079,Hard,OMP-BranchBoundMRV,8,1,0.004305124,431,1
hard_079,Hard,OMP-BranchBoundMRV,8,2,0.004759073,614,1
hard_079,Hard,OMP-BranchBoundMRV,8,3,0.005318165,513,1
hard_079,Hard,OMP-BranchBoundMRV,8,4,0.006085157,543,1
hard_079,Hard,OMP-BranchBoundMRV,8,5,0.002691031,227,1
hard_079,Hard,OMP-BranchBoundMRV,16,1,0.041208029,210,1
hard_079,Hard,OMP-BranchBoundMRV,16,2,0.008189917,278,1
hard_079,Hard,OMP-BranchBoundMRV,16,3,0.017040968,231,1
hard_079,Hard,OMP-BranchBoundMRV,16,4,0.016814947,405,1
hard_079,Hard,OMP-BranchBoundMRV,16,5,0.062131166,565,1
hard_080,Hard,Serial,1,1,0.005893459,13686,1
hard_080,Hard,Serial,1,2,0.005906959,13686,1
hard_080,Hard,Serial,1,3,0.005856208,13686,1
hard_080,Hard,Serial,1,4,0.005903542,13686,1
hard_080,Hard,Serial,1,5,0.005941875,13686,1
hard_080,Hard,Serial-MRV,1,1,0.013676625,1016,1
hard_080,Hard,Serial-MRV,1,2,0.013647500,1016,1
hard_080,Hard,Serial-MRV,1,3,0.014363625,1016,1
hard_080,Hard,Serial-MRV,1,4,0.014481875,1016,1
hard_080,Hard,Serial-MRV,1,5,0.014234625,1016,1
hard_080,Hard,BranchBound,1,1,0.006209375,13686,1
hard_080,Hard,BranchBound,1,2,0.006215875,13686,1
hard_080,Hard,BranchBound,1,3,0.006131834,13686,1
hard_080,Hard,BranchBound,1,4,0.006204083,13686,1
hard_080,Hard,BranchBound,1,5,0.006205791,13686,1
hard_080,Hard,BranchBoundMRV,1,1,0.016433750,1016,1
hard_080,Hard,BranchBoundMRV,1,2,0.016250083,1016,1
hard_080,Hard,BranchBoundMRV,1,3,0.015723875,1016,1
hard_080,Hard,BranchBoundMRV,1,4,0.015539625,1016,1
hard_080,Hard,BranchBoundMRV,1,5,0.015709250,1016,1
hard_080,Hard,OpenMP,4,1,0.007212877,1472,1
hard_080,Hard,OpenMP,4,2,0.011695147,1509,1
hard_080,Hard,OpenMP,4,3,0.007177114,1476,1
hard_080,Hard,OpenMP,4,4,0.007285118,1478,1
hard_080,Hard,OpenMP,4,5,0.007196903,1477,1
hard_080,Hard,OpenMP,8,1,0.013031960,1509,1
hard_080,Hard,OpenMP,8,2,0.007400990,1201,1
hard_080,Hard,OpenMP,8,3,0.013061047,1509,1
hard_080,Hard,OpenMP,8,4,0.013163090,1509,1
hard_080,Hard,OpenMP,8,5,0.007205963,1349,1
hard_080,Hard,OpenMP,16,1,0.022421837,1206,1
hard_080,Hard,OpenMP,16,2,0.046913862,1509,1
hard_080,Hard,OpenMP,16,3,0.037811041,1509,1
hard_080,Hard,OpenMP,16,4,0.015372992,1143,1
hard_080,Hard,OpenMP,16,5,0.067356110,1509,1
hard_080,Hard,OMP-BranchBoundMRV,4,1,0.011588097,1509,1
hard_080,Hard,OMP-BranchBoundMRV,4,2,0.011606932,1509,1
hard_080,Hard,OMP-BranchBoundMRV,4,3,0.011636972,1509,1
hard_080,Hard,OMP-BranchBoundMRV,4,4,0.011578083,1509,1
hard_080,Hard,OMP-BranchBoundMRV,4,5,0.011651993,1509,1
hard_080,Hard,OMP-BranchBoundMRV,8,1,0.007367849,993,1
hard_080,Hard,OMP-BranchBoundMRV,8,2,0.007397890,1196,1
hard_080,Hard,OMP-BranchBoundMRV,8,3,0.007344961,1350,1
hard_080,Hard,OMP-BranchBoundMRV,8,4,0.007325888,1076,1
hard_080,Hard,OMP-BranchBoundMRV,8,5,0.013149023,1509,1
hard_080,Hard,OMP-BranchBoundMRV,16,1,0.022118092,1271,1
hard_080,Hard,OMP-BranchBoundMRV,16,2,0.049576998,1509,1
hard_080,Hard,OMP-BranchBoundMRV,16,3,0.020087004,1472,1
hard_080,Hard,OMP-BranchBoundMRV,16,4,0.040145159,1509,1
hard_080,Hard,OMP-BranchBoundMRV,16,5,0.028345108,1038,1
hard_081,Hard,Serial,1,1,0.002015250,4349,1
hard_081,Hard,Serial,1,2,0.002174583,4349,1
hard_081,Hard,Serial,1,3,0.001920500,4349,1
hard_081,Hard,Serial,1,4,0.002107584,4349,1
hard_081,Hard,Serial,1,5,0.001899125,4349,1
hard_081,Hard,Serial-MRV,1,1,0.018744125,1225,1
hard_081,Hard,Serial-MRV,1,2,0.018814500,1225,1
hard_081,Hard,Serial-MRV,1,3,0.018781875,1225,1
hard_081,Hard,Serial-MRV,1,4,0.017868625,1225,1
hard_081,Hard,Serial-MRV,1,5,0.017676625,1225,1
hard_081,Hard,BranchBound,1,1,0.001912083,4349,1
hard_081,Hard,BranchBound,1,2,0.001932625,4349,1
hard_081,Hard,BranchBound,1,3,0.001903625,4349,1
hard_081,Hard,BranchBound,1,4,0.001902542,4349,1
hard_081,Hard,BranchBound,1,5,0.001907959,4349,1
hard_081,Hard,BranchBoundMRV,1,1,0.020185083,1225,1
hard_081,Hard,BranchBoundMRV,1,2,0.020322625,1225,1
hard_081,Hard,BranchBoundMRV,1,3,0.020143958,1225,1
hard_081,Hard,BranchBoundMRV,1,4,0.020151000,1225,1
hard_081,Hard,BranchBoundMRV,1,5,0.020900541,1225,1
hard_081,Hard,OpenMP,4,1,0.004423857,772,1
hard_081,Hard,OpenMP,4,2,0.004343987,671,1
hard_081,Hard,OpenMP,4,3,0.004362106,668,1
hard_081,Hard,OpenMP,4,4,0.004395008,774,1
hard_081,Hard,OpenMP,4,5,0.004492998,687,1
hard_081,Hard,OpenMP,8,1,0.004273891,505,1
hard_081,Hard,OpenMP,8,2,0.004439831,488,1
hard_081,Hard,OpenMP,8,3,0.006731033,817,1
hard_081,Hard,OpenMP,8,4,0.009032965,849,1
hard_081,Hard,OpenMP,8,5,0.004316092,610,1
hard_081,Hard,OpenMP,16,1,0.036291838,1244,1
hard_081,Hard,OpenMP,16,2,0.021944046,1240,1
hard_081,Hard,OpenMP,16,3,0.036360025,628,1
hard_081,Hard,OpenMP,16,4,0.070931911,1290,1
hard_081,Hard,OpenMP,16,5,0.014662981,791,1
hard_081,Hard,OMP-BranchBoundMRV,4,1,0.005182028,700,1
hard_081,Hard,OMP-BranchBoundMRV,4,2,0.005973101,820,1
hard_081,Hard,OMP-BranchBoundMRV,4,3,0.006772041,895,1
hard_081,Hard,OMP-BranchBoundMRV,4,4,0.005669117,647,1
hard_081,Hard,OMP-BranchBoundMRV,4,5,0.007605791,879,1
hard_081,Hard,OMP-BranchBoundMRV,8,1,0.010221004,790,1
hard_081,Hard,OMP-BranchBoundMRV,8,2,0.010170221,498,1
hard_081,Hard,OMP-BranchBoundMRV,8,3,0.010370016,695,1
hard_081,Hard,OMP-BranchBoundMRV,8,4,0.012507915,597,1
hard_081,Hard,OMP-BranchBoundMRV,8,5,0.018176079,966,1
hard_081,Hard,OMP-BranchBoundMRV,16,1,0.026165962,743,1
hard_081,Hard,OMP-BranchBoundMRV,16,2,0.068780899,1239,1
hard_081,Hard,OMP-BranchBoundMRV,16,3,0.028596878,1113,1
hard_081,Hard,OMP-BranchBoundMRV,16,4,0.060924053,1263,1
hard_081,Hard,OMP-BranchBoundMRV,16,5,0.018172026,395,1
hard_082,Hard,Serial,1,1,0.009004500,18564,1
hard_082,Hard,Serial,1,2,0.008742042,18564,1
hard_082,Hard,Serial,1,3,0.008786375,18564,1
hard_082,Hard,Serial,1,4,0.008711375,18564,1
hard_082,Hard,Serial,1,5,0.008712541,18564,1
hard_082,Hard,Serial-MRV,1,1,0.017997209,1356,1
hard_082,Hard,Serial-MRV,1,2,0.044899625,1356,1
hard_082,Hard,Serial-MRV,1,3,0.045851666,1356,1
hard_082,Hard,Serial-MRV,1,4,0.018035834,1356,1
hard_082,Hard,Serial-MRV,1,5,0.017968834,1356,1
hard_082,Hard,BranchBound,1,1,0.008833584,18564,1
hard_082,Hard,BranchBound,1,2,0.009300250,18564,1
hard_082,Hard,BranchBound,1,3,0.009282083,18564,1
hard_082,Hard,BranchBound,1,4,0.009245208,18564,1
hard_082,Hard,BranchBound,1,5,0.009087208,18564,1
hard_082,Hard,BranchBoundMRV,1,1,0.020968750,1356,1
hard_082,Hard,BranchBoundMRV,1,2,0.020573708,1356,1
hard_082,Hard,BranchBoundMRV,1,3,0.020262083,1356,1
hard_082,Hard,BranchBoundMRV,1,4,0.019973375,1356,1
hard_082,Hard,BranchBoundMRV,1,5,0.019362375,1356,1
hard_082,Hard,OpenMP,4,1,0.005296946,675,1
hard_082,Hard,OpenMP,4,2,0.005243778,675,1
hard_082,Hard,OpenMP,4,3,0.005373001,684,1
hard_082,Hard,OpenMP,4,4,0.005237818,673,1
hard_082,Hard,OpenMP,4,5,0.005223989,672,1
hard_082,Hard,OpenMP,8,1,0.005259991,675,1
hard_082,Hard,OpenMP,8,2,0.005224943,675,1
hard_082,Hard,OpenMP,8,3,0.005288839,472,1
hard_082,Hard,OpenMP,8,4,0.005268097,672,1
hard_082,Hard,OpenMP,8,5,0.005217075,675,1
hard_082,Hard,OpenMP,16,1,0.026919842,679,1
hard_082,Hard,OpenMP,16,2,0.020112991,471,1
hard_082,Hard,OpenMP,16,3,0.023116827,444,1
hard_082,Hard,OpenMP,16,4,0.017631054,474,1
hard_082,Hard,OpenMP,16,5,0.022986174,329,1
hard_082,Hard,OMP-BranchBoundMRV,4,1,0.005891085,700,1
hard_082,Hard,OMP-BranchBoundMRV,4,2,0.005604029,683,1
hard_082,Hard,OMP-BranchBoundMRV,4,3,0.005620956,685,1
hard_082,Hard,OMP-BranchBoundMRV,4,4,0.005519152,683,1
hard_082,Hard,OMP-BranchBoundMRV,4,5,0.006018877,712,1
hard_082,Hard,OMP-BranchBoundMRV,8,1,0.006891966,613,1
hard_082,Hard,OMP-BranchBoundMRV,8,2,0.008471966,588,1
hard_082,Hard,OMP-BranchBoundMRV,8,3,0.006771803,651,1
hard_082,Hard,OMP-BranchBoundMRV,8,4,0.007664919,814,1
hard_082,Hard,OMP-BranchBoundMRV,8,5,0.005395174,498,1
hard_082,Hard,OMP-BranchBoundMRV,16,1,0.076299906,760,1
hard_082,Hard,OMP-BranchBoundMRV,16,2,0.033557892,1167,1
hard_082,Hard,OMP-BranchBoundMRV,16,3,0.027985811,677,1
hard_082,Hard,OMP-BranchBoundMRV,16,4,0.025579929,663,1
hard_082,Hard,OMP-BranchBoundMRV,16,5,0.029297113,954,1
hard_083,Hard,Serial,1,1,0.044198000,93327,1
hard_083,Hard,Serial,1,2,0.041847792,93327,1
hard_083,Hard,Serial,1,3,0.041600250,93327,1
hard_083,Hard,Serial,1,4,0.041771875,93327,1
hard_083,Hard,Serial,1,5,0.042057292,93327,1
hard_083,Hard,Serial-MRV,1,1,0.025984291,1450,1
hard_083,Hard,Serial-MRV,1,2,0.025250292,1450,1
hard_083,Hard,Serial-MRV,1,3,0.024694708,1450,1
hard_083,Hard,Serial-MRV,1,4,0.024742500,1450,1
hard_083,Hard,Serial-MRV,1,5,0.024781833,1450,1
hard_083,Hard,BranchBound,1,1,0.041742959,93327,1
hard_083,Hard,BranchBound,1,2,0.042256375,93327,1
hard_083,Hard,BranchBound,1,3,0.044020084,93327,1
hard_083,Hard,BranchBound,1,4,0.043821125,93327,1
hard_083,Hard,BranchBound,1,5,0.041964583,93327,1
hard_083,Hard,BranchBoundMRV,1,1,0.027093958,1450,1
hard_083,Hard,BranchBoundMRV,1,2,0.026907625,1450,1
hard_083,Hard,BranchBoundMRV,1,3,0.026864625,1450,1
hard_083,Hard,BranchBoundMRV,1,4,0.026912500,1450,1
hard_083,Hard,BranchBoundMRV,1,5,0.026815792,1450,1
hard_083,Hard,OpenMP,4,1,0.008507967,1405,1
hard_083,Hard,OpenMP,4,2,0.008395910,1397,1
hard_083,Hard,OpenMP,4,3,0.008440971,1404,1
hard_083,Hard,OpenMP,4,4,0.008340120,1392,1
hard_083,Hard,OpenMP,4,5,0.008419037,1424,1
hard_083,Hard,OpenMP,8,1,0.008430958,1250,1
hard_083,Hard,OpenMP,8,2,0.014192820,1450,1
hard_083,Hard,OpenMP,8,3,0.008424997,1196,1
hard_083,Hard,OpenMP,8,4,0.014526129,1450,1
hard_083,Hard,OpenMP,8,5,0.008646011,1210,1
hard_083,Hard,OpenMP,16,1,0.013885021,1334,1
hard_083,Hard,OpenMP,16,2,0.035040140,1450,1
hard_083,Hard,OpenMP,16,3,0.028616190,1096,1
hard_083,Hard,OpenMP,16,4,0.025189161,1184,1
hard_083,Hard,OpenMP,16,5,0.075959206,1345,1
hard_083,Hard,OMP-BranchBoundMRV,4,1,0.008830786,1450,1
hard_083,Hard,OMP-BranchBoundMRV,4,2,0.009043932,1450,1
hard_083,Hard,OMP-BranchBoundMRV,4,3,0.009798050,1450,1
hard_083,Hard,OMP-BranchBoundMRV,4,4,0.008720160,1450,1
hard_083,Hard,OMP-BranchBoundMRV,4,5,0.011631012,1450,1
hard_083,Hard,OMP-BranchBoundMRV,8,1,0.020960093,1450,1
hard_083,Hard,OMP-BranchBoundMRV,8,2,0.018995047,1450,1
hard_083,Hard,OMP-BranchBoundMRV,8,3,0.013040066,1250,1
hard_083,Hard,OMP-BranchBoundMRV,8,4,0.021365881,1450,1
hard_083,Hard,OMP-BranchBoundMRV,8,5,0.008682966,1181,1
hard_083,Hard,OMP-BranchBoundMRV,16,1,0.027606010,1421,1
hard_083,Hard,OMP-BranchBoundMRV,16,2,0.058041096,1450,1
hard_083,Hard,OMP-BranchBoundMRV,16,3,0.031960011,1411,1
hard_083,Hard,OMP-BranchBoundMRV,16,4,0.027493000,1365,1
hard_083,Hard,OMP-BranchBoundMRV,16,5,0.035923958,1170,1
hard_084,Hard,Serial,1,1,0.003632000,8571,1
hard_084,Hard,Serial,1,2,0.003526667,8571,1
hard_084,Hard,Serial,1,3,0.003581667,8571,1
hard_084,Hard,Serial,1,4,0.003645625,8571,1
hard_084,Hard,Serial,1,5,0.003620834,8571,1
hard_084,Hard,Serial-MRV,1,1,0.016309416,1088,1
hard_084,Hard,Serial-MRV,1,2,0.019274125,1088,1
hard_084,Hard,Serial-MRV,1,3,0.018268208,1088,1
hard_084,Hard,Serial-MRV,1,4,0.017448500,1088,1
hard_084,Hard,Serial-MRV,1,5,0.016614583,1088,1
hard_084,Hard,BranchBound,1,1,0.003680166,8571,1
hard_084,Hard,BranchBound,1,2,0.003740250,8571,1
hard_084,Hard,BranchBound,1,3,0.003817250,8571,1
hard_084,Hard,BranchBound,1,4,0.003830334,8571,1
hard_084,Hard,BranchBound,1,5,0.003521167,8571,1
hard_084,Hard,BranchBoundMRV,1,1,0.017927417,1088,1
hard_084,Hard,BranchBoundMRV,1,2,0.018398459,1088,1
hard_084,Hard,BranchBoundMRV,1,3,0.017696709,1088,1
hard_084,Hard,BranchBoundMRV,1,4,0.020423416,1088,1
hard_084,Hard,BranchBoundMRV,1,5,0.018696000,1088,1
hard_084,Hard,OpenMP,4,1,0.002279043,300,1
hard_084,Hard,OpenMP,4,2,0.005897045,730,1
hard_084,Hard,OpenMP,4,3,0.003247023,597,1
hard_084,Hard,OpenMP,4,4,0.001927137,276,1
hard_084,Hard,OpenMP,4,5,0.003026009,388,1
hard_084,Hard,OpenMP,8,1,0.009737968,388,1
hard_084,Hard,OpenMP,8,2,0.004232883,396,1
hard_084,Hard,OpenMP,8,3,0.009812117,614,1
hard_084,Hard,OpenMP,8,4,0.011447906,319,1
hard_084,Hard,OpenMP,8,5,0.008620024,372,1
hard_084,Hard,OpenMP,16,1,0.023783922,480,1
hard_084,Hard,OpenMP,16,2,0.054681063,1116,1
hard_084,Hard,OpenMP,16,3,0.070781946,778,1
hard_084,Hard,OpenMP,16,4,0.017303228,956,1
hard_084,Hard,OpenMP,16,5,0.011159182,612,1
hard_084,Hard,OMP-BranchBoundMRV,4,1,0.003807783,657,1
hard_084,Hard,OMP-BranchBoundMRV,4,2,0.003144979,508,1
hard_084,Hard,OMP-BranchBoundMRV,4,3,0.002776861,494,1
hard_084,Hard,OMP-BranchBoundMRV,4,4,0.003693819,645,1
hard_084,Hard,OMP-BranchBoundMRV,4,5,0.002824068,476,1
hard_084,Hard,OMP-BranchBoundMRV,8,1,0.020894051,1111,1
hard_084,Hard,OMP-BranchBoundMRV,8,2,0.005961895,478,1
hard_084,Hard,OMP-BranchBoundMRV,8,3,0.009507895,212,1
hard_084,Hard,OMP-BranchBoundMRV,8,4,0.022459984,505,1
hard_084,Hard,OMP-BranchBoundMRV,8,5,0.002909899,316,1
hard_084,Hard,OMP-BranchBoundMRV,16,1,0.042973042,438,1
hard_084,Hard,OMP-BranchBoundMRV,16,2,0.025880814,706,1
hard_084,Hard,OMP-BranchBoundMRV,16,3,0.033977985,507,1
hard_084,Hard,OMP-BranchBoundMRV,16,4,0.024441957,398,1
hard_084,Hard,OMP-BranchBoundMRV,16,5,0.008960009,422,1
hard_085,Hard,Serial,1,1,0.025681500,56589,1
hard_085,Hard,Serial,1,2,0.025488125,56589,1
hard_085,Hard,Serial,1,3,0.025455708,56589,1
hard_085,Hard,Serial,1,4,0.035799125,56589,1
hard_085,Hard,Serial,1,5,0.025125875,56589,1
hard_085,Hard,Serial-MRV,1,1,0.033092333,2172,1
hard_085,Hard,Serial-MRV,1,2,0.028107667,2172,1
hard_085,Hard,Serial-MRV,1,3,0.029515084,2172,1
hard_085,Hard,Serial-MRV,1,4,0.029665167,2172,1
hard_085,Hard,Serial-MRV,1,5,0.029388875,2172,1
hard_085,Hard,BranchBound,1,1,0.024463583,56589,1
hard_085,Hard,BranchBound,1,2,0.024260292,56589,1
hard_085,Hard,BranchBound,1,3,0.024013375,56589,1
hard_085,Hard,BranchBound,1,4,0.024074209,56589,1
hard_085,Hard,BranchBound,1,5,0.024043833,56589,1
hard_085,Hard,BranchBoundMRV,1,1,0.031485917,2172,1
hard_085,Hard,BranchBoundMRV,1,2,0.031580834,2172,1
hard_085,Hard,BranchBoundMRV,1,3,0.032301333,2172,1
hard_085,Hard,BranchBoundMRV,1,4,0.033184041,2172,1
hard_085,Hard,BranchBoundMRV,1,5,0.033251417,2172,1
hard_085,Hard,OpenMP,4,1,0.012856960,2103,1
hard_085,Hard,OpenMP,4,2,0.012274981,2106,1
hard_085,Hard,OpenMP,4,3,0.012279034,2118,1
hard_085,Hard,OpenMP,4,4,0.012274981,2117,1
hard_085,Hard,OpenMP,4,5,0.012295961,2121,1
hard_085,Hard,OpenMP,8,1,0.023878098,2172,1
hard_085,Hard,OpenMP,8,2,0.012338161,1808,1
hard_085,Hard,OpenMP,8,3,0.014753103,1945,1
hard_085,Hard,OpenMP,8,4,0.014881134,2099,1
hard_085,Hard,OpenMP,8,5,0.015265942,2106,1
hard_085,Hard,OpenMP,16,1,0.058767796,1830,1
hard_085,Hard,OpenMP,16,2,0.075278044,2172,1
hard_085,Hard,OpenMP,16,3,0.024664164,2011,1
hard_085,Hard,OpenMP,16,4,0.043698072,2172,1
hard_085,Hard,OpenMP,16,5,0.047647953,2172,1
hard_085,Hard,OMP-BranchBoundMRV,4,1,0.012346983,2111,1
hard_085,Hard,OMP-BranchBoundMRV,4,2,0.012326002,2110,1
hard_085,Hard,OMP-BranchBoundMRV,4,3,0.012354851,2108,1
hard_085,Hard,OMP-BranchBoundMRV,4,4,0.012326002,2103,1
hard_085,Hard,OMP-BranchBoundMRV,4,5,0.012362003,2113,1
hard_085,Hard,OMP-BranchBoundMRV,8,1,0.028403044,2172,1
hard_085,Hard,OMP-BranchBoundMRV,8,2,0.015738010,2120,1
hard_085,Hard,OMP-BranchBoundMRV,8,3,0.015522003,2105,1
hard_085,Hard,OMP-BranchBoundMRV,8,4,0.012439966,2033,1
hard_085,Hard,OMP-BranchBoundMRV,8,5,0.012489796,1608,1
hard_085,Hard,OMP-BranchBoundMRV,16,1,0.048254967,2117,1
hard_085,Hard,OMP-BranchBoundMRV,16,2,0.032953024,1951,1
hard_085,Hard,OMP-BranchBoundMRV,16,3,0.032984972,2101,1
hard_085,Hard,OMP-BranchBoundMRV,16,4,0.049880028,2097,1
hard_085,Hard,OMP-BranchBoundMRV,16,5,0.035094976,1510,1
hard_086,Hard,Serial,1,1,0.057129500,130417,1
hard_086,Hard,Serial,1,2,0.056964042,130417,1
hard_086,Hard,Serial,1,3,0.057046708,130417,1
hard_086,Hard,Serial,1,4,0.059472833,130417,1
hard_086,Hard,Serial,1,5,0.058352959,130417,1
hard_086,Hard,Serial-MRV,1,1,0.091521583,6445,1
hard_086,Hard,Serial-MRV,1,2,0.091474084,6445,1
hard_086,Hard,Serial-MRV,1,3,0.096579083,6445,1
hard_086,Hard,Serial-MRV,1,4,0.094235792,6445,1
hard_086,Hard,Serial-MRV,1,5,0.094549666,6445,1
hard_086,Hard,BranchBound,1,1,0.057299584,130417,1
hard_086,Hard,BranchBound,1,2,0.057327791,130417,1
hard_086,Hard,BranchBound,1,3,0.057359792,130417,1
hard_086,Hard,BranchBound,1,4,0.059034416,130417,1
hard_086,Hard,BranchBound,1,5,0.058243334,130417,1
hard_086,Hard,BranchBoundMRV,1,1,0.103392875,6445,1
hard_086,Hard,BranchBoundMRV,1,2,0.103855167,6445,1
hard_086,Hard,BranchBoundMRV,1,3,0.105373708,6445,1
hard_086,Hard,BranchBoundMRV,1,4,0.103336250,6445,1
hard_086,Hard,BranchBoundMRV,1,5,0.103130583,6445,1
hard_086,Hard,OpenMP,4,1,0.035822868,6417,1
hard_086,Hard,OpenMP,4,2,0.035774946,6262,1
hard_086,Hard,OpenMP,4,3,0.035803795,6261,1
hard_086,Hard,OpenMP,4,4,0.035789013,6272,1
hard_086,Hard,OpenMP,4,5,0.035742044,6263,1
hard_086,Hard,OpenMP,8,1,0.043563843,6436,1
hard_086,Hard,OpenMP,8,2,0.049361944,6445,1
hard_086,Hard,OpenMP,8,3,0.050291777,6155,1
hard_086,Hard,OpenMP,8,4,0.035943985,5490,1
hard_086,Hard,OpenMP,8,5,0.058951855,6051,1
hard_086,Hard,OpenMP,16,1,0.102464199,4897,1
hard_086,Hard,OpenMP,16,2,0.112024069,6445,1
hard_086,Hard,OpenMP,16,3,0.099796057,6164,1
hard_086,Hard,OpenMP,16,4,0.124178886,6263,1
hard_086,Hard,OpenMP,16,5,0.139304876,4707,1
hard_086,Hard,OMP-BranchBoundMRV,4,1,0.035858154,6418,1
hard_086,Hard,OMP-BranchBoundMRV,4,2,0.035910130,6416,1
hard_086,Hard,OMP-BranchBoundMRV,4,3,0.035793066,6416,1
hard_086,Hard,OMP-BranchBoundMRV,4,4,0.035902023,6420,1
hard_086,Hard,OMP-BranchBoundMRV,4,5,0.035949945,6418,1
hard_086,Hard,OMP-BranchBoundMRV,8,1,0.059548140,6445,1
hard_086,Hard,OMP-BranchBoundMRV,8,2,0.067890167,6445,1
hard_086,Hard,OMP-BranchBoundMRV,8,3,0.054586887,6401,1
hard_086,Hard,OMP-BranchBoundMRV,8,4,0.041755915,5702,1
hard_086,Hard,OMP-BranchBoundMRV,8,5,0.044488907,6108,1
hard_086,Hard,OMP-BranchBoundMRV,16,1,0.137917042,6141,1
hard_086,Hard,OMP-BranchBoundMRV,16,2,0.088886976,4555,1
hard_086,Hard,OMP-BranchBoundMRV,16,3,0.126882076,6445,1
hard_086,Hard,OMP-BranchBoundMRV,16,4,0.139818192,6445,1
hard_086,Hard,OMP-BranchBoundMRV,16,5,0.119616032,6304,1
hard_087,Hard,Serial,1,1,0.036319125,82394,1
hard_087,Hard,Serial,1,2,0.036055750,82394,1
hard_087,Hard,Serial,1,3,0.036041292,82394,1
hard_087,Hard,Serial,1,4,0.036152709,82394,1
hard_087,Hard,Serial,1,5,0.036176875,82394,1
hard_087,Hard,Serial-MRV,1,1,0.030181041,2233,1
hard_087,Hard,Serial-MRV,1,2,0.030959667,2233,1
hard_087,Hard,Serial-MRV,1,3,0.031156833,2233,1
hard_087,Hard,Serial-MRV,1,4,0.030726333,2233,1
hard_087,Hard,Serial-MRV,1,5,0.029789958,2233,1
hard_087,Hard,BranchBound,1,1,0.036447667,82394,1
hard_087,Hard,BranchBound,1,2,0.036378292,82394,1
hard_087,Hard,BranchBound,1,3,0.036395125,82394,1
hard_087,Hard,BranchBound,1,4,0.036257166,82394,1
hard_087,Hard,BranchBound,1,5,0.036260916,82394,1
hard_087,Hard,BranchBoundMRV,1,1,0.034371125,2233,1
hard_087,Hard,BranchBoundMRV,1,2,0.035131792,2233,1
hard_087,Hard,BranchBoundMRV,1,3,0.035050125,2233,1
hard_087,Hard,BranchBoundMRV,1,4,0.034174000,2233,1
hard_087,Hard,BranchBoundMRV,1,5,0.033535167,2233,1
hard_087,Hard,OpenMP,4,1,0.024459124,3484,1
hard_087,Hard,OpenMP,4,2,0.018877029,3484,1
hard_087,Hard,OpenMP,4,3,0.018881083,3484,1
hard_087,Hard,OpenMP,4,4,0.018877983,3484,1
hard_087,Hard,OpenMP,4,5,0.018817902,3484,1
hard_087,Hard,OpenMP,8,1,0.029304981,3484,1
hard_087,Hard,OpenMP,8,2,0.015680075,3332,1
hard_087,Hard,OpenMP,8,3,0.016026020,3299,1
hard_087,Hard,OpenMP,8,4,0.015987158,3389,1
hard_087,Hard,OpenMP,8,5,0.018443108,3484,1
hard_087,Hard,OpenMP,16,1,0.058916092,3468,1
hard_087,Hard,OpenMP,16,2,0.056389093,3275,1
hard_087,Hard,OpenMP,16,3,0.058640957,3371,1
hard_087,Hard,OpenMP,16,4,0.055685043,3484,1
hard_087,Hard,OpenMP,16,5,0.053951979,2991,1
hard_087,Hard,OMP-BranchBoundMRV,4,1,0.019115925,3484,1
hard_087,Hard,OMP-BranchBoundMRV,4,2,0.019138098,3484,1
hard_087,Hard,OMP-BranchBoundMRV,4,3,0.019033909,3484,1
hard_087,Hard,OMP-BranchBoundMRV,4,4,0.019011021,3484,1
hard_087,Hard,OMP-BranchBoundMRV,4,5,0.019041061,3484,1
hard_087,Hard,OMP-BranchBoundMRV,8,1,0.016173124,3195,1
hard_087,Hard,OMP-BranchBoundMRV,8,2,0.024098158,3442,1
hard_087,Hard,OMP-BranchBoundMRV,8,3,0.018253088,3190,1
hard_087,Hard,OMP-BranchBoundMRV,8,4,0.018236160,3484,1
hard_087,Hard,OMP-BranchBoundMRV,8,5,0.015782118,3208,1
hard_087,Hard,OMP-BranchBoundMRV,16,1,0.045932055,2961,1
hard_087,Hard,OMP-BranchBoundMRV,16,2,0.025927067,1511,1
hard_087,Hard,OMP-BranchBoundMRV,16,3,0.024665833,2332,1
hard_087,Hard,OMP-BranchBoundMRV,16,4,0.043341875,2918,1
hard_087,Hard,OMP-BranchBoundMRV,16,5,0.025346041,2569,1
hard_088,Hard,Serial,1,1,0.010814541,23132,1
hard_088,Hard,Serial,1,2,0.010876500,23132,1
hard_088,Hard,Serial,1,3,0.010796791,23132,1
hard_088,Hard,Serial,1,4,0.010768083,23132,1
hard_088,Hard,Serial,1,5,0.010760500,23132,1
hard_088,Hard,Serial-MRV,1,1,0.016804250,1497,1
hard_088,Hard,Serial-MRV,1,2,0.016624084,1497,1
hard_088,Hard,Serial-MRV,1,3,0.016502125,1497,1
hard_088,Hard,Serial-MRV,1,4,0.016555292,1497,1
hard_088,Hard,Serial-MRV,1,5,0.016589875,1497,1
hard_088,Hard,BranchBound,1,1,0.010797541,23132,1
hard_088,Hard,BranchBound,1,2,0.010903542,23132,1
hard_088,Hard,BranchBound,1,3,0.010878916,23132,1
hard_088,Hard,BranchBound,1,4,0.010865250,23132,1
hard_088,Hard,BranchBound,1,5,0.010816458,23132,1
hard_088,Hard,BranchBoundMRV,1,1,0.018795334,1497,1
hard_088,Hard,BranchBoundMRV,1,2,0.019336000,1497,1
hard_088,Hard,BranchBoundMRV,1,3,0.019275584,1497,1
hard_088,Hard,BranchBoundMRV,1,4,0.018844833,1497,1
hard_088,Hard,BranchBoundMRV,1,5,0.018932250,1497,1
hard_088,Hard,OpenMP,4,1,0.000948906,157,1
hard_088,Hard,OpenMP,4,2,0.000821829,144,1
hard_088,Hard,OpenMP,4,3,0.000858068,145,1
hard_088,Hard,OpenMP,4,4,0.000822067,149,1
hard_088,Hard,OpenMP,4,5,0.001050949,174,1
hard_088,Hard,OpenMP,8,1,0.000910997,125,1
hard_088,Hard,OpenMP,8,2,0.000941992,100,1
hard_088,Hard,OpenMP,8,3,0.001868963,257,1
hard_088,Hard,OpenMP,8,4,0.001898050,261,1
hard_088,Hard,OpenMP,8,5,0.001825809,184,1
hard_088,Hard,OpenMP,16,1,0.005357981,105,1
hard_088,Hard,OpenMP,16,2,0.009670973,241,1
hard_088,Hard,OpenMP,16,3,0.017377138,239,1
hard_088,Hard,OpenMP,16,4,0.021738052,113,1
hard_088,Hard,OpenMP,16,5,0.020449877,140,1
hard_088,Hard,OMP-BranchBoundMRV,4,1,0.000974894,157,1
hard_088,Hard,OMP-BranchBoundMRV,4,2,0.000967026,157,1
hard_088,Hard,OMP-BranchBoundMRV,4,3,0.000962973,157,1
hard_088,Hard,OMP-BranchBoundMRV,4,4,0.000962973,157,1
hard_088,Hard,OMP-BranchBoundMRV,4,5,0.000967979,157,1
hard_088,Hard,OMP-BranchBoundMRV,8,1,0.001008987,100,1
hard_088,Hard,OMP-BranchBoundMRV,8,2,0.002120018,272,1
hard_088,Hard,OMP-BranchBoundMRV,8,3,0.001135111,147,1
hard_088,Hard,OMP-BranchBoundMRV,8,4,0.002047062,256,1
hard_088,Hard,OMP-BranchBoundMRV,8,5,0.002066851,275,1
hard_088,Hard,OMP-BranchBoundMRV,16,1,0.123034954,118,1
hard_088,Hard,OMP-BranchBoundMRV,16,2,0.010986090,127,1
hard_088,Hard,OMP-BranchBoundMRV,16,3,0.016818047,250,1
hard_088,Hard,OMP-BranchBoundMRV,16,4,0.012225866,374,1
hard_088,Hard,OMP-BranchBoundMRV,16,5,0.013932943,276,1
hard_089,Hard,Serial,1,1,0.059839250,137404,1
hard_089,Hard,Serial,1,2,0.058141833,137404,1
hard_089,Hard,Serial,1,3,0.057874375,137404,1
hard_089,Hard,Serial,1,4,0.059602167,137404,1
hard_089,Hard,Serial,1,5,0.058405750,137404,1
hard_089,Hard,Serial-MRV,1,1,0.040531000,3223,1
hard_089,Hard,Serial-MRV,1,2,0.040276041,3223,1
hard_089,Hard,Serial-MRV,1,3,0.040263750,3223,1
hard_089,Hard,Serial-MRV,1,4,0.040428666,3223,1
hard_089,Hard,Serial-MRV,1,5,0.040496958,3223,1
hard_089,Hard,BranchBound,1,1,0.060404667,137404,1
hard_089,Hard,BranchBound,1,2,0.058155667,137404,1
hard_089,Hard,BranchBound,1,3,0.058044292,137404,1
hard_089,Hard,BranchBound,1,4,0.059732709,137404,1
hard_089,Hard,BranchBound,1,5,0.058888208,137404,1
hard_089,Hard,BranchBoundMRV,1,1,0.046497500,3223,1
hard_089,Hard,BranchBoundMRV,1,2,0.046176792,3223,1
hard_089,Hard,BranchBoundMRV,1,3,0.046252500,3223,1
hard_089,Hard,BranchBoundMRV,1,4,0.046388334,3223,1
hard_089,Hard,BranchBoundMRV,1,5,0.047850208,3223,1
hard_089,Hard,OpenMP,4,1,0.003283978,631,1
hard_089,Hard,OpenMP,4,2,0.003618002,677,1
hard_089,Hard,OpenMP,4,3,0.003458977,643,1
hard_089,Hard,OpenMP,4,4,0.003252983,644,1
hard_089,Hard,OpenMP,4,5,0.003231049,643,1
hard_089,Hard,OpenMP,8,1,0.003293991,416,1
hard_089,Hard,OpenMP,8,2,0.006718159,821,1
hard_089,Hard,OpenMP,8,3,0.003257990,506,1
hard_089,Hard,OpenMP,8,4,0.003242970,506,1
hard_089,Hard,OpenMP,8,5,0.007545948,911,1
hard_089,Hard,OpenMP,16,1,0.051904917,570,1
hard_089,Hard,OpenMP,16,2,0.035220861,1075,1
hard_089,Hard,OpenMP,16,3,0.030353069,550,1
hard_089,Hard,OpenMP,16,4,0.037466049,476,1
hard_089,Hard,OpenMP,16,5,0.021228075,546,1
hard_089,Hard,OMP-BranchBoundMRV,4,1,0.003741980,682,1
hard_089,Hard,OMP-BranchBoundMRV,4,2,0.003463030,634,1
hard_089,Hard,OMP-BranchBoundMRV,4,3,0.003656864,673,1
hard_089,Hard,OMP-BranchBoundMRV,4,4,0.003439903,626,1
hard_089,Hard,OMP-BranchBoundMRV,4,5,0.003689051,675,1
hard_089,Hard,OMP-BranchBoundMRV,8,1,0.007030964,914,1
hard_089,Hard,OMP-BranchBoundMRV,8,2,0.005511999,829,1
hard_089,Hard,OMP-BranchBoundMRV,8,3,0.005716085,595,1
hard_089,Hard,OMP-BranchBoundMRV,8,4,0.007972956,1023,1
hard_089,Hard,OMP-BranchBoundMRV,8,5,0.007513046,1007,1
hard_089,Hard,OMP-BranchBoundMRV,16,1,0.014317036,723,1
hard_089,Hard,OMP-BranchBoundMRV,16,2,0.006707907,526,1
hard_089,Hard,OMP-BranchBoundMRV,16,3,0.012444973,375,1
hard_089,Hard,OMP-BranchBoundMRV,16,4,0.022269964,1461,1
hard_089,Hard,OMP-BranchBoundMRV,16,5,0.008906841,235,1
hard_090,Hard,Serial,1,1,0.057261500,135477,1
hard_090,Hard,Serial,1,2,0.058901625,135477,1
hard_090,Hard,Serial,1,3,0.060186916,135477,1
hard_090,Hard,Serial,1,4,0.057968083,135477,1
hard_090,Hard,Serial,1,5,0.057245250,135477,1
hard_090,Hard,Serial-MRV,1,1,0.015002792,1045,1
hard_090,Hard,Serial-MRV,1,2,0.014884125,1045,1
hard_090,Hard,Serial-MRV,1,3,0.014884459,1045,1
hard_090,Hard,Serial-MRV,1,4,0.014943041,1045,1
hard_090,Hard,Serial-MRV,1,5,0.014912417,1045,1
hard_090,Hard,BranchBound,1,1,0.057594917,135477,1
hard_090,Hard,BranchBound,1,2,0.057463500,135477,1
hard_090,Hard,BranchBound,1,3,0.059697750,135477,1
hard_090,Hard,BranchBound,1,4,0.059919000,135477,1
hard_090,Hard,BranchBound,1,5,0.057429375,135477,1
hard_090,Hard,BranchBoundMRV,1,1,0.015833916,1045,1
hard_090,Hard,BranchBoundMRV,1,2,0.015684167,1045,1
hard_090,Hard,BranchBoundMRV,1,3,0.015836625,1045,1
hard_090,Hard,BranchBoundMRV,1,4,0.015698417,1045,1
hard_090,Hard,BranchBoundMRV,1,5,0.015675250,1045,1
hard_090,Hard,OpenMP,4,1,0.009946823,1088,1
hard_090,Hard,OpenMP,4,2,0.009880066,1088,1
hard_090,Hard,OpenMP,4,3,0.009957075,1088,1
hard_090,Hard,OpenMP,4,4,0.009897947,1088,1
hard_090,Hard,OpenMP,4,5,0.009895802,1088,1
hard_090,Hard,OpenMP,8,1,0.009979010,945,1
hard_090,Hard,OpenMP,8,2,0.015779972,1088,1
hard_090,Hard,OpenMP,8,3,0.009891987,1088,1
hard_090,Hard,OpenMP,8,4,0.015717983,1088,1
hard_090,Hard,OpenMP,8,5,0.022222996,1088,1
hard_090,Hard,OpenMP,16,1,0.021992207,1088,1
hard_090,Hard,OpenMP,16,2,0.039667845,1088,1
hard_090,Hard,OpenMP,16,3,0.019703865,713,1
hard_090,Hard,OpenMP,16,4,0.041412115,1088,1
hard_090,Hard,OpenMP,16,5,0.043751955,1088,1
hard_090,Hard,OMP-BranchBoundMRV,4,1,0.010002136,1088,1
hard_090,Hard,OMP-BranchBoundMRV,4,2,0.010006189,1088,1
hard_090,Hard,OMP-BranchBoundMRV,4,3,0.009999990,1088,1
hard_090,Hard,OMP-BranchBoundMRV,4,4,0.010741949,1088,1
hard_090,Hard,OMP-BranchBoundMRV,4,5,0.010087013,1088,1
hard_090,Hard,OMP-BranchBoundMRV,8,1,0.012922049,1052,1
hard_090,Hard,OMP-BranchBoundMRV,8,2,0.024600983,1088,1
hard_090,Hard,OMP-BranchBoundMRV,8,3,0.015928984,1088,1
hard_090,Hard,OMP-BranchBoundMRV,8,4,0.010148048,1088,1
hard_090,Hard,OMP-BranchBoundMRV,8,5,0.015576839,1088,1
hard_090,Hard,OMP-BranchBoundMRV,16,1,0.039885044,970,1
hard_090,Hard,OMP-BranchBoundMRV,16,2,0.023637056,1084,1
hard_090,Hard,OMP-BranchBoundMRV,16,3,0.056562901,1088,1
hard_090,Hard,OMP-BranchBoundMRV,16,4,0.046761036,1088,1
hard_090,Hard,OMP-BranchBoundMRV,16,5,0.018283129,1076,1
hard_091,Hard,Serial,1,1,0.033592917,77680,1
hard_091,Hard,Serial,1,2,0.032124708,77680,1
hard_091,Hard,Serial,1,3,0.032011375,77680,1
hard_091,Hard,Serial,1,4,0.032041750,77680,1
hard_091,Hard,Serial,1,5,0.031882708,77680,1
hard_091,Hard,Serial-MRV,1,1,0.017332625,1256,1
hard_091,Hard,Serial-MRV,1,2,0.017340750,1256,1
hard_091,Hard,Serial-MRV,1,3,0.018015666,1256,1
hard_091,Hard,Serial-MRV,1,4,0.018370250,1256,1
hard_091,Hard,Serial-MRV,1,5,0.018294041,1256,1
hard_091,Hard,BranchBound,1,1,0.033741250,77680,1
hard_091,Hard,BranchBound,1,2,0.032839083,77680,1
hard_091,Hard,BranchBound,1,3,0.032211500,77680,1
hard_091,Hard,BranchBound,1,4,0.032165542,77680,1
hard_091,Hard,BranchBound,1,5,0.032126667,77680,1
hard_091,Hard,BranchBoundMRV,1,1,0.018355417,1256,1
hard_091,Hard,BranchBoundMRV,1,2,0.018390334,1256,1
hard_091,Hard,BranchBoundMRV,1,3,0.019373167,1256,1
hard_091,Hard,BranchBoundMRV,1,4,0.019162542,1256,1
hard_091,Hard,BranchBoundMRV,1,5,0.019244084,1256,1
hard_091,Hard,OpenMP,4,1,0.008121967,965,1
hard_091,Hard,OpenMP,4,2,0.008119822,977,1
hard_091,Hard,OpenMP,4,3,0.007991076,973,1
hard_091,Hard,OpenMP,4,4,0.007982969,961,1
hard_091,Hard,OpenMP,4,5,0.007945061,956,1
hard_091,Hard,OpenMP,8,1,0.007924080,664,1
hard_091,Hard,OpenMP,8,2,0.013797045,1247,1
hard_091,Hard,OpenMP,8,3,0.013642073,1229,1
hard_091,Hard,OpenMP,8,4,0.007724047,660,1
hard_091,Hard,OpenMP,8,5,0.007720947,975,1
hard_091,Hard,OpenMP,16,1,0.037720203,656,1
hard_091,Hard,OpenMP,16,2,0.048057079,747,1
hard_091,Hard,OpenMP,16,3,0.024187088,662,1
hard_091,Hard,OpenMP,16,4,0.031857967,1262,1
hard_091,Hard,OpenMP,16,5,0.030175924,1038,1
hard_091,Hard,OMP-BranchBoundMRV,4,1,0.008026123,979,1
hard_091,Hard,OMP-BranchBoundMRV,4,2,0.008374929,965,1
hard_091,Hard,OMP-BranchBoundMRV,4,3,0.008589983,1014,1
hard_091,Hard,OMP-BranchBoundMRV,4,4,0.008005142,957,1
hard_091,Hard,OMP-BranchBoundMRV,4,5,0.007914066,958,1
hard_091,Hard,OMP-BranchBoundMRV,8,1,0.009384155,705,1
hard_091,Hard,OMP-BranchBoundMRV,8,2,0.007843018,978,1
hard_091,Hard,OMP-BranchBoundMRV,8,3,0.007827044,977,1
hard_091,Hard,OMP-BranchBoundMRV,8,4,0.007837057,873,1
hard_091,Hard,OMP-BranchBoundMRV,8,5,0.007843018,652,1
hard_091,Hard,OMP-BranchBoundMRV,16,1,0.084988117,801,1
hard_091,Hard,OMP-BranchBoundMRV,16,2,0.022434950,977,1
hard_091,Hard,OMP-BranchBoundMRV,16,3,0.025175095,1262,1
hard_091,Hard,OMP-BranchBoundMRV,16,4,0.015915155,874,1
hard_091,Hard,OMP-BranchBoundMRV,16,5,0.047758102,1148,1
hard_092,Hard,Serial,1,1,0.060274958,139692,1
hard_092,Hard,Serial,1,2,0.058989000,139692,1
hard_092,Hard,Serial,1,3,0.058510583,139692,1
hard_092,Hard,Serial,1,4,0.060512375,139692,1
hard_092,Hard,Serial,1,5,0.059320416,139692,1
hard_092,Hard,Serial-MRV,1,1,0.040816333,2587,1
hard_092,Hard,Serial-MRV,1,2,0.040860708,2587,1
hard_092,Hard,Serial-MRV,1,3,0.040797375,2587,1
hard_092,Hard,Serial-MRV,1,4,0.040660000,2587,1
hard_092,Hard,Serial-MRV,1,5,0.040596667,2587,1
hard_092,Hard,BranchBound,1,1,0.061224917,139692,1
hard_092,Hard,BranchBound,1,2,0.059087500,139692,1
hard_092,Hard,BranchBound,1,3,0.058994000,139692,1
hard_092,Hard,BranchBound,1,4,0.060771333,139692,1
hard_092,Hard,BranchBound,1,5,0.059436458,139692,1
hard_092,Hard,BranchBoundMRV,1,1,0.044248667,2587,1
hard_092,Hard,BranchBoundMRV,1,2,0.044002166,2587,1
hard_092,Hard,BranchBoundMRV,1,3,0.043805834,2587,1
hard_092,Hard,BranchBoundMRV,1,4,0.043887417,2587,1
hard_092,Hard,BranchBoundMRV,1,5,0.044752875,2587,1
hard_092,Hard,OpenMP,4,1,0.006451130,1076,1
hard_092,Hard,OpenMP,4,2,0.006614923,1091,1
hard_092,Hard,OpenMP,4,3,0.006413937,1076,1
hard_092,Hard,OpenMP,4,4,0.006800890,1109,1
hard_092,Hard,OpenMP,4,5,0.006196022,1067,1
hard_092,Hard,OpenMP,8,1,0.006216049,1162,1
hard_092,Hard,OpenMP,8,2,0.009870052,1920,1
hard_092,Hard,OpenMP,8,3,0.008400202,1539,1
hard_092,Hard,OpenMP,8,4,0.011945963,1891,1
hard_092,Hard,OpenMP,8,5,0.011924028,1821,1
hard_092,Hard,OpenMP,16,1,0.053674936,1141,1
hard_092,Hard,OpenMP,16,2,0.020351887,1151,1
hard_092,Hard,OpenMP,16,3,0.022691965,1140,1
hard_092,Hard,OpenMP,16,4,0.034995079,855,1
hard_092,Hard,OpenMP,16,5,0.053246021,2587,1
hard_092,Hard,OMP-BranchBoundMRV,4,1,0.006734133,1093,1
hard_092,Hard,OMP-BranchBoundMRV,4,2,0.006992102,1119,1
hard_092,Hard,OMP-BranchBoundMRV,4,3,0.006538868,1360,1
hard_092,Hard,OMP-BranchBoundMRV,4,4,0.006526947,1071,1
hard_092,Hard,OMP-BranchBoundMRV,4,5,0.006528854,1342,1
hard_092,Hard,OMP-BranchBoundMRV,8,1,0.010885000,1903,1
hard_092,Hard,OMP-BranchBoundMRV,8,2,0.019560099,2587,1
hard_092,Hard,OMP-BranchBoundMRV,8,3,0.006761074,1220,1
hard_092,Hard,OMP-BranchBoundMRV,8,4,0.015409946,2264,1
hard_092,Hard,OMP-BranchBoundMRV,8,5,0.012073994,1727,1
hard_092,Hard,OMP-BranchBoundMRV,16,1,0.105581045,2344,1
hard_092,Hard,OMP-BranchBoundMRV,16,2,0.035903215,2301,1
hard_092,Hard,OMP-BranchBoundMRV,16,3,0.028013945,1369,1
hard_092,Hard,OMP-BranchBoundMRV,16,4,0.025679827,1269,1
hard_092,Hard,OMP-BranchBoundMRV,16,5,0.035562038,2052,1
hard_093,Hard,Serial,1,1,0.009243625,21585,1
hard_093,Hard,Serial,1,2,0.009135583,21585,1
hard_093,Hard,Serial,1,3,0.009116125,21585,1
hard_093,Hard,Serial,1,4,0.009288917,21585,1
hard_093,Hard,Serial,1,5,0.009104833,21585,1
hard_093,Hard,Serial-MRV,1,1,0.012631292,1027,1
hard_093,Hard,Serial-MRV,1,2,0.012579458,1027,1
hard_093,Hard,Serial-MRV,1,3,0.012581500,1027,1
hard_093,Hard,Serial-MRV,1,4,0.012531625,1027,1
hard_093,Hard,Serial-MRV,1,5,0.012629708,1027,1
hard_093,Hard,BranchBound,1,1,0.009147542,21585,1
hard_093,Hard,BranchBound,1,2,0.009163667,21585,1
hard_093,Hard,BranchBound,1,3,0.009202833,21585,1
hard_093,Hard,BranchBound,1,4,0.009207833,21585,1
hard_093,Hard,BranchBound,1,5,0.009230875,21585,1
hard_093,Hard,BranchBoundMRV,1,1,0.014399500,1027,1
hard_093,Hard,BranchBoundMRV,1,2,0.014402291,1027,1
hard_093,Hard,BranchBoundMRV,1,3,0.014331209,1027,1
hard_093,Hard,BranchBoundMRV,1,4,0.015428250,1027,1
hard_093,Hard,BranchBoundMRV,1,5,0.015164292,1027,1
hard_093,Hard,OpenMP,4,1,0.004769087,610,1
hard_093,Hard,OpenMP,4,2,0.004878044,623,1
hard_093,Hard,OpenMP,4,3,0.005082130,624,1
hard_093,Hard,OpenMP,4,4,0.004881144,601,1
hard_093,Hard,OpenMP,4,5,0.004919052,610,1
hard_093,Hard,OpenMP,8,1,0.005122900,483,1
hard_093,Hard,OpenMP,8,2,0.004618883,601,1
hard_093,Hard,OpenMP,8,3,0.005481005,645,1
hard_093,Hard,OpenMP,8,4,0.005121946,455,1
hard_093,Hard,OpenMP,8,5,0.010997057,928,1
hard_093,Hard,OpenMP,16,1,0.006285906,475,1
hard_093,Hard,OpenMP,16,2,0.015794039,746,1
hard_093,Hard,OpenMP,16,3,0.139950991,642,1
hard_093,Hard,OpenMP,16,4,0.026937008,836,1
hard_093,Hard,OpenMP,16,5,0.008963823,592,1
hard_093,Hard,OMP-BranchBoundMRV,4,1,0.004822016,599,1
hard_093,Hard,OMP-BranchBoundMRV,4,2,0.005129099,632,1
hard_093,Hard,OMP-BranchBoundMRV,4,3,0.005411148,648,1
hard_093,Hard,OMP-BranchBoundMRV,4,4,0.004967928,597,1
hard_093,Hard,OMP-BranchBoundMRV,4,5,0.004817963,594,1
hard_093,Hard,OMP-BranchBoundMRV,8,1,0.004879951,619,1
hard_093,Hard,OMP-BranchBoundMRV,8,2,0.007093906,534,1
hard_093,Hard,OMP-BranchBoundMRV,8,3,0.008337021,842,1
hard_093,Hard,OMP-BranchBoundMRV,8,4,0.004879951,489,1
hard_093,Hard,OMP-BranchBoundMRV,8,5,0.010561943,953,1
hard_093,Hard,OMP-BranchBoundMRV,16,1,0.071049929,615,1
hard_093,Hard,OMP-BranchBoundMRV,16,2,0.048566818,590,1
hard_093,Hard,OMP-BranchBoundMRV,16,3,0.036914825,1027,1
hard_093,Hard,OMP-BranchBoundMRV,16,4,0.016691923,693,1
hard_093,Hard,OMP-BranchBoundMRV,16,5,0.024046898,929,1
hard_094,Hard,Serial,1,1,0.007639250,17336,1
hard_094,Hard,Serial,1,2,0.007751667,17336,1
hard_094,Hard,Serial,1,3,0.007824833,17336,1
hard_094,Hard,Serial,1,4,0.007636709,17336,1
hard_094,Hard,Serial,1,5,0.007757500,17336,1
hard_094,Hard,Serial-MRV,1,1,0.017760791,1318,1
hard_094,Hard,Serial-MRV,1,2,0.017294875,1318,1
hard_094,Hard,Serial-MRV,1,3,0.017155417,1318,1
hard_094,Hard,Serial-MRV,1,4,0.017261333,1318,1
hard_094,Hard,Serial-MRV,1,5,0.017068042,1318,1
hard_094,Hard,BranchBound,1,1,0.007335791,17336,1
hard_094,Hard,BranchBound,1,2,0.007435208,17336,1
hard_094,Hard,BranchBound,1,3,0.007297083,17336,1
hard_094,Hard,BranchBound,1,4,0.007341500,17336,1
hard_094,Hard,BranchBound,1,5,0.007317667,17336,1
hard_094,Hard,BranchBoundMRV,1,1,0.019401208,1318,1
hard_094,Hard,BranchBoundMRV,1,2,0.019314167,1318,1
hard_094,Hard,BranchBoundMRV,1,3,0.020368584,1318,1
hard_094,Hard,BranchBoundMRV,1,4,0.020129416,1318,1
hard_094,Hard,BranchBoundMRV,1,5,0.020310750,1318,1
hard_094,Hard,OpenMP,4,1,0.002316952,355,1
hard_094,Hard,OpenMP,4,2,0.001547098,348,1
hard_094,Hard,OpenMP,4,3,0.001435995,334,1
hard_094,Hard,OpenMP,4,4,0.001529932,327,1
hard_094,Hard,OpenMP,4,5,0.001453161,336,1
hard_094,Hard,OpenMP,8,1,0.007412910,427,1
hard_094,Hard,OpenMP,8,2,0.001507998,386,1
hard_094,Hard,OpenMP,8,3,0.002282858,581,1
hard_094,Hard,OpenMP,8,4,0.003437042,959,1
hard_094,Hard,OpenMP,8,5,0.001490116,391,1
hard_094,Hard,OpenMP,16,1,0.015897036,562,1
hard_094,Hard,OpenMP,16,2,0.014292002,1318,1
hard_094,Hard,OpenMP,16,3,0.026056051,434,1
hard_094,Hard,OpenMP,16,4,0.033324003,953,1
hard_094,Hard,OpenMP,16,5,0.031292915,425,1
hard_094,Hard,OMP-BranchBoundMRV,4,1,0.001595974,346,1
hard_094,Hard,OMP-BranchBoundMRV,4,2,0.001576185,346,1
hard_094,Hard,OMP-BranchBoundMRV,4,3,0.001585007,347,1
hard_094,Hard,OMP-BranchBoundMRV,4,4,0.001580000,347,1
hard_094,Hard,OMP-BranchBoundMRV,4,5,0.001580954,344,1
hard_094,Hard,OMP-BranchBoundMRV,8,1,0.003690958,847,1
hard_094,Hard,OMP-BranchBoundMRV,8,2,0.001589060,416,1
hard_094,Hard,OMP-BranchBoundMRV,8,3,0.001655102,309,1
hard_094,Hard,OMP-BranchBoundMRV,8,4,0.001608133,396,1
hard_094,Hard,OMP-BranchBoundMRV,8,5,0.001898050,529,1
hard_094,Hard,OMP-BranchBoundMRV,16,1,0.020999908,358,1
hard_094,Hard,OMP-BranchBoundMRV,16,2,0.037760019,1298,1
hard_094,Hard,OMP-BranchBoundMRV,16,3,0.008131981,424,1
hard_094,Hard,OMP-BranchBoundMRV,16,4,0.007992029,352,1
hard_094,Hard,OMP-BranchBoundMRV,16,5,0.020341158,1209,1
hard_095,Hard,Serial,1,1,0.022288500,49918,1
hard_095,Hard,Serial,1,2,0.022451208,49918,1
hard_095,Hard,Serial,1,3,0.021465708,49918,1
hard_095,Hard,Serial,1,4,0.021091583,49918,1
hard_095,Hard,Serial,1,5,0.021177041,49918,1
hard_095,Hard,Serial-MRV,1,1,0.017534500,1042,1
hard_095,Hard,Serial-MRV,1,2,0.017680833,1042,1
hard_095,Hard,Serial-MRV,1,3,0.017648208,1042,1
hard_095,Hard,Serial-MRV,1,4,0.017495958,1042,1
hard_095,Hard,Serial-MRV,1,5,0.017534792,1042,1
hard_095,Hard,BranchBound,1,1,0.022180292,49918,1
hard_095,Hard,BranchBound,1,2,0.022275500,49918,1
hard_095,Hard,BranchBound,1,3,0.022229833,49918,1
hard_095,Hard,BranchBound,1,4,0.022286542,49918,1
hard_095,Hard,BranchBound,1,5,0.022132417,49918,1
hard_095,Hard,BranchBoundMRV,1,1,0.019008000,1042,1
hard_095,Hard,BranchBoundMRV,1,2,0.018881500,1042,1
hard_095,Hard,BranchBoundMRV,1,3,0.018867167,1042,1
hard_095,Hard,BranchBoundMRV,1,4,0.018833000,1042,1
hard_095,Hard,BranchBoundMRV,1,5,0.018795375,1042,1
hard_095,Hard,OpenMP,4,1,0.007140875,1397,1
hard_095,Hard,OpenMP,4,2,0.007092953,1395,1
hard_095,Hard,OpenMP,4,3,0.007116079,1103,1
hard_095,Hard,OpenMP,4,4,0.007130146,1104,1
hard_095,Hard,OpenMP,4,5,0.007095098,1102,1
hard_095,Hard,OpenMP,8,1,0.007187128,1134,1
hard_095,Hard,OpenMP,8,2,0.012995005,1688,1
hard_095,Hard,OpenMP,8,3,0.012935162,1687,1
hard_095,Hard,OpenMP,8,4,0.017013073,1688,1
hard_095,Hard,OpenMP,8,5,0.007181168,1220,1
hard_095,Hard,OpenMP,16,1,0.057665110,1688,1
hard_095,Hard,OpenMP,16,2,0.015182018,1255,1
hard_095,Hard,OpenMP,16,3,0.032624960,1606,1
hard_095,Hard,OpenMP,16,4,0.044109106,1681,1
hard_095,Hard,OpenMP,16,5,0.031042099,1672,1
hard_095,Hard,OMP-BranchBoundMRV,4,1,0.007257938,1386,1
hard_095,Hard,OMP-BranchBoundMRV,4,2,0.007319927,1394,1
hard_095,Hard,OMP-BranchBoundMRV,4,3,0.007214069,1389,1
hard_095,Hard,OMP-BranchBoundMRV,4,4,0.007227898,1385,1
hard_095,Hard,OMP-BranchBoundMRV,4,5,0.007230997,1389,1
hard_095,Hard,OMP-BranchBoundMRV,8,1,0.007858038,1360,1
hard_095,Hard,OMP-BranchBoundMRV,8,2,0.007328033,1355,1
hard_095,Hard,OMP-BranchBoundMRV,8,3,0.007332087,1306,1
hard_095,Hard,OMP-BranchBoundMRV,8,4,0.016857147,1688,1
hard_095,Hard,OMP-BranchBoundMRV,8,5,0.012916088,1688,1
hard_095,Hard,OMP-BranchBoundMRV,16,1,0.020186901,1345,1
hard_095,Hard,OMP-BranchBoundMRV,16,2,0.020343065,1137,1
hard_095,Hard,OMP-BranchBoundMRV,16,3,0.062334061,1490,1
hard_095,Hard,OMP-BranchBoundMRV,16,4,0.023188114,1403,1
hard_095,Hard,OMP-BranchBoundMRV,16,5,0.030856848,1590,1
hard_096,Hard,Serial,1,1,0.007420625,17145,1
hard_096,Hard,Serial,1,2,0.007726166,17145,1
hard_096,Hard,Serial,1,3,0.007509750,17145,1
hard_096,Hard,Serial,1,4,0.007574250,17145,1
hard_096,Hard,Serial,1,5,0.007535208,17145,1
hard_096,Hard,Serial-MRV,1,1,0.019004500,1444,1
hard_096,Hard,Serial-MRV,1,2,0.018655417,1444,1
hard_096,Hard,Serial-MRV,1,3,0.018232791,1444,1
hard_096,Hard,Serial-MRV,1,4,0.018188584,1444,1
hard_096,Hard,Serial-MRV,1,5,0.018221250,1444,1
hard_096,Hard,BranchBound,1,1,0.007166500,17145,1
hard_096,Hard,BranchBound,1,2,0.007244625,17145,1
hard_096,Hard,BranchBound,1,3,0.007189208,17145,1
hard_096,Hard,BranchBound,1,4,0.007167333,17145,1
hard_096,Hard,BranchBound,1,5,0.007168166,17145,1
hard_096,Hard,BranchBoundMRV,1,1,0.020927917,1444,1
hard_096,Hard,BranchBoundMRV,1,2,0.021390417,1444,1
hard_096,Hard,BranchBoundMRV,1,3,0.021824416,1444,1
hard_096,Hard,BranchBoundMRV,1,4,0.022033125,1444,1
hard_096,Hard,BranchBoundMRV,1,5,0.021905708,1444,1
hard_096,Hard,OpenMP,4,1,0.008557081,1440,1
hard_096,Hard,OpenMP,4,2,0.008670807,1458,1
hard_096,Hard,OpenMP,4,3,0.008683920,1443,1
hard_096,Hard,OpenMP,4,4,0.008081913,1322,1
hard_096,Hard,OpenMP,4,5,0.008162022,1458,1
hard_096,Hard,OpenMP,8,1,0.008060932,1458,1
hard_096,Hard,OpenMP,8,2,0.013895988,1458,1
hard_096,Hard,OpenMP,8,3,0.007874966,1279,1
hard_096,Hard,OpenMP,8,4,0.013610125,1458,1
hard_096,Hard,OpenMP,8,5,0.007902145,1333,1
hard_096,Hard,OpenMP,16,1,0.024305820,1192,1
hard_096,Hard,OpenMP,16,2,0.036517859,1250,1
hard_096,Hard,OpenMP,16,3,0.056381941,1458,1
hard_096,Hard,OpenMP,16,4,0.036773920,1458,1
hard_096,Hard,OpenMP,16,5,0.035498857,1458,1
hard_096,Hard,OMP-BranchBoundMRV,4,1,0.008574963,1456,1
hard_096,Hard,OMP-BranchBoundMRV,4,2,0.008468866,1392,1
hard_096,Hard,OMP-BranchBoundMRV,4,3,0.008373022,1435,1
hard_096,Hard,OMP-BranchBoundMRV,4,4,0.008450031,1456,1
hard_096,Hard,OMP-BranchBoundMRV,4,5,0.008343935,1456,1
hard_096,Hard,OMP-BranchBoundMRV,8,1,0.013642788,1458,1
hard_096,Hard,OMP-BranchBoundMRV,8,2,0.019517899,1458,1
hard_096,Hard,OMP-BranchBoundMRV,8,3,0.013648987,1458,1
hard_096,Hard,OMP-BranchBoundMRV,8,4,0.013730049,1458,1
hard_096,Hard,OMP-BranchBoundMRV,8,5,0.007963896,1063,1
hard_096,Hard,OMP-BranchBoundMRV,16,1,0.030130863,1458,1
hard_096,Hard,OMP-BranchBoundMRV,16,2,0.030297041,1060,1
hard_096,Hard,OMP-BranchBoundMRV,16,3,0.030035019,1438,1
hard_096,Hard,OMP-BranchBoundMRV,16,4,0.069558144,1458,1
hard_096,Hard,OMP-BranchBoundMRV,16,5,0.013154030,1458,1
hard_097,Hard,Serial,1,1,0.004314875,9703,1
hard_097,Hard,Serial,1,2,0.004265125,9703,1
hard_097,Hard,Serial,1,3,0.004367875,9703,1
hard_097,Hard,Serial,1,4,0.004327667,9703,1
hard_097,Hard,Serial,1,5,0.004339916,9703,1
hard_097,Hard,Serial-MRV,1,1,0.020998958,1648,1
hard_097,Hard,Serial-MRV,1,2,0.020199250,1648,1
hard_097,Hard,Serial-MRV,1,3,0.020062833,1648,1
hard_097,Hard,Serial-MRV,1,4,0.020210167,1648,1
hard_097,Hard,Serial-MRV,1,5,0.020153458,1648,1
hard_097,Hard,BranchBound,1,1,0.004175042,9703,1
hard_097,Hard,BranchBound,1,2,0.004111167,9703,1
hard_097,Hard,BranchBound,1,3,0.004103208,9703,1
hard_097,Hard,BranchBound,1,4,0.004110542,9703,1
hard_097,Hard,BranchBound,1,5,0.004137333,9703,1
hard_097,Hard,BranchBoundMRV,1,1,0.022489541,1648,1
hard_097,Hard,BranchBoundMRV,1,2,0.022712500,1648,1
hard_097,Hard,BranchBoundMRV,1,3,0.023231292,1648,1
hard_097,Hard,BranchBoundMRV,1,4,0.023658208,1648,1
hard_097,Hard,BranchBoundMRV,1,5,0.023828375,1648,1
hard_097,Hard,OpenMP,4,1,0.001749992,319,1
hard_097,Hard,OpenMP,4,2,0.001734972,302,1
hard_097,Hard,OpenMP,4,3,0.001838923,333,1
hard_097,Hard,OpenMP,4,4,0.001756907,323,1
hard_097,Hard,OpenMP,4,5,0.001745939,311,1
hard_097,Hard,OpenMP,8,1,0.001782894,271,1
hard_097,Hard,OpenMP,8,2,0.001743078,393,1
hard_097,Hard,OpenMP,8,3,0.003592968,670,1
hard_097,Hard,OpenMP,8,4,0.001719952,326,1
hard_097,Hard,OpenMP,8,5,0.003707886,631,1
hard_097,Hard,OpenMP,16,1,0.018393040,335,1
hard_097,Hard,OpenMP,16,2,0.033313036,486,1
hard_097,Hard,OpenMP,16,3,0.042391062,362,1
hard_097,Hard,OpenMP,16,4,0.032159090,340,1
hard_097,Hard,OpenMP,16,5,0.020213127,395,1
hard_097,Hard,OMP-BranchBoundMRV,4,1,0.001847029,328,1
hard_097,Hard,OMP-BranchBoundMRV,4,2,0.001841784,328,1
hard_097,Hard,OMP-BranchBoundMRV,4,3,0.001842022,328,1
hard_097,Hard,OMP-BranchBoundMRV,4,4,0.001831055,327,1
hard_097,Hard,OMP-BranchBoundMRV,4,5,0.001840115,328,1
hard_097,Hard,OMP-BranchBoundMRV,8,1,0.001889944,273,1
hard_097,Hard,OMP-BranchBoundMRV,8,2,0.001865149,345,1
hard_097,Hard,OMP-BranchBoundMRV,8,3,0.005356073,709,1
hard_097,Hard,OMP-BranchBoundMRV,8,4,0.001873016,395,1
hard_097,Hard,OMP-BranchBoundMRV,8,5,0.001856089,342,1
hard_097,Hard,OMP-BranchBoundMRV,16,1,0.024243832,339,1
hard_097,Hard,OMP-BranchBoundMRV,16,2,0.024097919,318,1
hard_097,Hard,OMP-BranchBoundMRV,16,3,0.021064997,1277,1
hard_097,Hard,OMP-BranchBoundMRV,16,4,0.011841774,325,1
hard_097,Hard,OMP-BranchBoundMRV,16,5,0.026299000,462,1
hard_098,Hard,Serial,1,1,0.006726708,12221,1
hard_098,Hard,Serial,1,2,0.005771333,12221,1
hard_098,Hard,Serial,1,3,0.005631625,12221,1
hard_098,Hard,Serial,1,4,0.005571292,12221,1
hard_098,Hard,Serial,1,5,0.006185042,12221,1
hard_098,Hard,Serial-MRV,1,1,0.029281000,1020,1
hard_098,Hard,Serial-MRV,1,2,0.019976959,1020,1
hard_098,Hard,Serial-MRV,1,3,0.019345375,1020,1
hard_098,Hard,Serial-MRV,1,4,0.019258667,1020,1
hard_098,Hard,Serial-MRV,1,5,0.019486125,1020,1
hard_098,Hard,BranchBound,1,1,0.005897000,12221,1
hard_098,Hard,BranchBound,1,2,0.005882084,12221,1
hard_098,Hard,BranchBound,1,3,0.005833084,12221,1
hard_098,Hard,BranchBound,1,4,0.005616375,12221,1
hard_098,Hard,BranchBound,1,5,0.005567250,12221,1
hard_098,Hard,BranchBoundMRV,1,1,0.021021917,1020,1
hard_098,Hard,BranchBoundMRV,1,2,0.020697084,1020,1
hard_098,Hard,BranchBoundMRV,1,3,0.021308667,1020,1
hard_098,Hard,BranchBoundMRV,1,4,0.021363375,1020,1
hard_098,Hard,BranchBoundMRV,1,5,0.021356667,1020,1
hard_098,Hard,OpenMP,4,1,0.007440805,923,1
hard_098,Hard,OpenMP,4,2,0.006998062,887,1
hard_098,Hard,OpenMP,4,3,0.007369041,928,1
hard_098,Hard,OpenMP,4,4,0.007360935,928,1
hard_098,Hard,OpenMP,4,5,0.007047892,896,1
hard_098,Hard,OpenMP,8,1,0.006973982,948,1
hard_098,Hard,OpenMP,8,2,0.010851145,1009,1
hard_098,Hard,OpenMP,8,3,0.012625933,1020,1
hard_098,Hard,OpenMP,8,4,0.006978989,870,1
hard_098,Hard,OpenMP,8,5,0.007008076,874,1
hard_098,Hard,OpenMP,16,1,0.017441988,765,1
hard_098,Hard,OpenMP,16,2,0.020580053,803,1
hard_098,Hard,OpenMP,16,3,0.020535946,959,1
hard_098,Hard,OpenMP,16,4,0.048669100,941,1
hard_098,Hard,OpenMP,16,5,0.032469034,849,1
hard_098,Hard,OMP-BranchBoundMRV,4,1,0.007236958,914,1
hard_098,Hard,OMP-BranchBoundMRV,4,2,0.007697105,928,1
hard_098,Hard,OMP-BranchBoundMRV,4,3,0.007304192,923,1
hard_098,Hard,OMP-BranchBoundMRV,4,4,0.007226944,911,1
hard_098,Hard,OMP-BranchBoundMRV,4,5,0.007347107,909,1
hard_098,Hard,OMP-BranchBoundMRV,8,1,0.009760857,990,1
hard_098,Hard,OMP-BranchBoundMRV,8,2,0.008002996,925,1
hard_098,Hard,OMP-BranchBoundMRV,8,3,0.009123087,926,1
hard_098,Hard,OMP-BranchBoundMRV,8,4,0.012851000,1020,1
hard_098,Hard,OMP-BranchBoundMRV,8,5,0.015264034,1020,1
hard_098,Hard,OMP-BranchBoundMRV,16,1,0.037806988,1018,1
hard_098,Hard,OMP-BranchBoundMRV,16,2,0.016433001,892,1
hard_098,Hard,OMP-BranchBoundMRV,16,3,0.040625095,969,1
hard_098,Hard,OMP-BranchBoundMRV,16,4,0.035218000,962,1
hard_098,Hard,OMP-BranchBoundMRV,16,5,0.021131039,674,1
hard_099,Hard,Serial,1,1,0.007508375,16868,1
hard_099,Hard,Serial,1,2,0.007419708,16868,1
hard_099,Hard,Serial,1,3,0.007431958,16868,1
hard_099,Hard,Serial,1,4,0.007494083,16868,1
hard_099,Hard,Serial,1,5,0.007326958,16868,1
hard_099,Hard,Serial-MRV,1,1,0.018125417,1187,1
hard_099,Hard,Serial-MRV,1,2,0.017870750,1187,1
hard_099,Hard,Serial-MRV,1,3,0.017241709,1187,1
hard_099,Hard,Serial-MRV,1,4,0.017223917,1187,1
hard_099,Hard,Serial-MRV,1,5,0.017291792,1187,1
hard_099,Hard,BranchBound,1,1,0.007228000,16868,1
hard_099,Hard,BranchBound,1,2,0.007167666,16868,1
hard_099,Hard,BranchBound,1,3,0.007152875,16868,1
hard_099,Hard,BranchBound,1,4,0.007016250,16868,1
hard_099,Hard,BranchBound,1,5,0.007068375,16868,1
hard_099,Hard,BranchBoundMRV,1,1,0.019050167,1187,1
hard_099,Hard,BranchBoundMRV,1,2,0.019171958,1187,1
hard_099,Hard,BranchBoundMRV,1,3,0.019901708,1187,1
hard_099,Hard,BranchBoundMRV,1,4,0.019975834,1187,1
hard_099,Hard,BranchBoundMRV,1,5,0.020129500,1187,1
hard_099,Hard,OpenMP,4,1,0.021461010,1187,1
hard_099,Hard,OpenMP,4,2,0.021034956,1187,1
hard_099,Hard,OpenMP,4,3,0.020487070,1187,1
hard_099,Hard,OpenMP,4,4,0.020398855,1187,1
hard_099,Hard,OpenMP,4,5,0.020327806,1187,1
hard_099,Hard,OpenMP,8,1,0.026178122,1187,1
hard_099,Hard,OpenMP,8,2,0.035176039,1187,1
hard_099,Hard,OpenMP,8,3,0.032217979,1187,1
hard_099,Hard,OpenMP,8,4,0.026273012,1187,1
hard_099,Hard,OpenMP,8,5,0.021108150,1187,1
hard_099,Hard,OpenMP,16,1,0.098826170,1187,1
hard_099,Hard,OpenMP,16,2,0.094146013,1187,1
hard_099,Hard,OpenMP,16,3,0.060358047,1187,1
hard_099,Hard,OpenMP,16,4,0.128496170,1187,1
hard_099,Hard,OpenMP,16,5,0.043859959,1187,1
hard_099,Hard,OMP-BranchBoundMRV,4,1,0.020446777,1187,1
hard_099,Hard,OMP-BranchBoundMRV,4,2,0.020388842,1187,1
hard_099,Hard,OMP-BranchBoundMRV,4,3,0.020481110,1187,1
hard_099,Hard,OMP-BranchBoundMRV,4,4,0.020425081,1187,1
hard_099,Hard,OMP-BranchBoundMRV,4,5,0.020409107,1187,1
hard_099,Hard,OMP-BranchBoundMRV,8,1,0.026365995,1187,1
hard_099,Hard,OMP-BranchBoundMRV,8,2,0.032299042,1187,1
hard_099,Hard,OMP-BranchBoundMRV,8,3,0.026475906,1187,1
hard_099,Hard,OMP-BranchBoundMRV,8,4,0.020876884,1187,1
hard_099,Hard,OMP-BranchBoundMRV,8,5,0.031298161,1187,1
hard_099,Hard,OMP-BranchBoundMRV,16,1,0.152807951,1187,1
hard_099,Hard,OMP-BranchBoundMRV,16,2,0.085218906,1187,1
hard_099,Hard,OMP-BranchBoundMRV,16,3,0.081377983,1187,1
hard_099,Hard,OMP-BranchBoundMRV,16,4,0.079464912,1187,1
hard_099,Hard,OMP-BranchBoundMRV,16,5,0.066848040,1187,1
hard_100,Hard,Serial,1,1,0.002071834,4775,1
hard_100,Hard,Serial,1,2,0.002165000,4775,1
hard_100,Hard,Serial,1,3,0.002055458,4775,1
hard_100,Hard,Serial,1,4,0.002055291,4775,1
hard_100,Hard,Serial,1,5,0.002056375,4775,1
hard_100,Hard,Serial-MRV,1,1,0.013869750,1010,1
hard_100,Hard,Serial-MRV,1,2,0.014153500,1010,1
hard_100,Hard,Serial-MRV,1,3,0.013941833,1010,1
hard_100,Hard,Serial-MRV,1,4,0.013900958,1010,1
hard_100,Hard,Serial-MRV,1,5,0.013885917,1010,1
hard_100,Hard,BranchBound,1,1,0.002077333,4775,1
hard_100,Hard,BranchBound,1,2,0.002073458,4775,1
hard_100,Hard,BranchBound,1,3,0.002074709,4775,1
hard_100,Hard,BranchBound,1,4,0.002086916,4775,1
hard_100,Hard,BranchBound,1,5,0.002070667,4775,1
hard_100,Hard,BranchBoundMRV,1,1,0.015831125,1010,1
hard_100,Hard,BranchBoundMRV,1,2,0.015785458,1010,1
hard_100,Hard,BranchBoundMRV,1,3,0.015920709,1010,1
hard_100,Hard,BranchBoundMRV,1,4,0.015773500,1010,1
hard_100,Hard,BranchBoundMRV,1,5,0.015803291,1010,1
hard_100,Hard,OpenMP,4,1,0.002774954,509,1
hard_100,Hard,OpenMP,4,2,0.002737045,510,1
hard_100,Hard,OpenMP,4,3,0.002748966,511,1
hard_100,Hard,OpenMP,4,4,0.002718925,509,1
hard_100,Hard,OpenMP,4,5,0.002744913,509,1
hard_100,Hard,OpenMP,8,1,0.006484032,713,1
hard_100,Hard,OpenMP,8,2,0.002725124,409,1
hard_100,Hard,OpenMP,8,3,0.006386995,709,1
hard_100,Hard,OpenMP,8,4,0.006492138,714,1
hard_100,Hard,OpenMP,8,5,0.006395817,708,1
hard_100,Hard,OpenMP,16,1,0.018821955,735,1
hard_100,Hard,OpenMP,16,2,0.041337967,808,1
hard_100,Hard,OpenMP,16,3,0.035586119,1039,1
hard_100,Hard,OpenMP,16,4,0.016799927,537,1
hard_100,Hard,OpenMP,16,5,0.027084827,458,1
hard_100,Hard,OMP-BranchBoundMRV,4,1,0.002871037,510,1
hard_100,Hard,OMP-BranchBoundMRV,4,2,0.002928019,514,1
hard_100,Hard,OMP-BranchBoundMRV,4,3,0.002860069,510,1
hard_100,Hard,OMP-BranchBoundMRV,4,4,0.002862930,510,1
hard_100,Hard,OMP-BranchBoundMRV,4,5,0.002878904,504,1
hard_100,Hard,OMP-BranchBoundMRV,8,1,0.002874136,509,1
hard_100,Hard,OMP-BranchBoundMRV,8,2,0.002932072,388,1
hard_100,Hard,OMP-BranchBoundMRV,8,3,0.002870083,401,1
hard_100,Hard,OMP-BranchBoundMRV,8,4,0.002877951,411,1
hard_100,Hard,OMP-BranchBoundMRV,8,5,0.005837917,649,1
hard_100,Hard,OMP-BranchBoundMRV,16,1,0.037265062,416,1
hard_100,Hard,OMP-BranchBoundMRV,16,2,0.018108845,391,1
hard_100,Hard,OMP-BranchBoundMRV,16,3,0.036719084,1039,1
hard_100,Hard,OMP-BranchBoundMRV,16,4,0.027606964,1039,1
hard_100,Hard,OMP-BranchBoundMRV,16,5,0.006539106,393,1
extreme_001,Extreme,Serial,1,1,0.026156625,61110,1
extreme_001,Extreme,Serial,1,2,0.025448417,61110,1
extreme_001,Extreme,Serial,1,3,0.025656958,61110,1
extreme_001,Extreme,Serial,1,4,0.025586084,61110,1
extreme_001,Extreme,Serial,1,5,0.025481834,61110,1
extreme_001,Extreme,Serial-MRV,1,1,0.212439041,13586,1
extreme_001,Extreme,Serial-MRV,1,2,0.207665917,13586,1
extreme_001,Extreme,Serial-MRV,1,3,0.207431417,13586,1
extreme_001,Extreme,Serial-MRV,1,4,0.207390125,13586,1
extreme_001,Extreme,Serial-MRV,1,5,0.207542292,13586,1
extreme_001,Extreme,BranchBound,1,1,0.025707708,61110,1
extreme_001,Extreme,BranchBound,1,2,0.025704375,61110,1
extreme_001,Extreme,BranchBound,1,3,0.025554459,61110,1
extreme_001,Extreme,BranchBound,1,4,0.025543292,61110,1
extreme_001,Extreme,BranchBound,1,5,0.025692083,61110,1
extreme_001,Extreme,BranchBoundMRV,1,1,0.246383083,13586,1
extreme_001,Extreme,BranchBoundMRV,1,2,0.238591500,13586,1
extreme_001,Extreme,BranchBoundMRV,1,3,0.238808375,13586,1
extreme_001,Extreme,BranchBoundMRV,1,4,0.238632750,13586,1
extreme_001,Extreme,BranchBoundMRV,1,5,0.238957375,13586,1
extreme_001,Extreme,OpenMP,4,1,0.061285973,12018,1
extreme_001,Extreme,OpenMP,4,2,0.061062098,11201,1
extreme_001,Extreme,OpenMP,4,3,0.060474157,11223,1
extreme_001,Extreme,OpenMP,4,4,0.062624931,11996,1
extreme_001,Extreme,OpenMP,4,5,0.101161957,14980,1
extreme_001,Extreme,OpenMP,8,1,0.099740982,13309,1
extreme_001,Extreme,OpenMP,8,2,0.075288057,12042,1
extreme_001,Extreme,OpenMP,8,3,0.090065956,12884,1
extreme_001,Extreme,OpenMP,8,4,0.095517874,12900,1
extreme_001,Extreme,OpenMP,8,5,0.089790106,12744,1
extreme_001,Extreme,OpenMP,16,1,0.250247955,16067,1
extreme_001,Extreme,OpenMP,16,2,0.195821047,12506,1
extreme_001,Extreme,OpenMP,16,3,0.210268974,13747,1
extreme_001,Extreme,OpenMP,16,4,0.171394110,13319,1
extreme_001,Extreme,OpenMP,16,5,0.190309048,12603,1
extreme_001,Extreme,OMP-BranchBoundMRV,4,1,0.060305119,12007,1
extreme_001,Extreme,OMP-BranchBoundMRV,4,2,0.060246944,12008,1
extreme_001,Extreme,OMP-BranchBoundMRV,4,3,0.060246944,12018,1
extreme_001,Extreme,OMP-BranchBoundMRV,4,4,0.061419010,11766,1
extreme_001,Extreme,OMP-BranchBoundMRV,4,5,0.088109970,14208,1
extreme_001,Extreme,OMP-BranchBoundMRV,8,1,0.092017889,12073,1
extreme_001,Extreme,OMP-BranchBoundMRV,8,2,0.106015921,14249,1
extreme_001,Extreme,OMP-BranchBoundMRV,8,3,0.072610855,12396,1
extreme_001,Extreme,OMP-BranchBoundMRV,8,4,0.092779875,13515,1
extreme_001,Extreme,OMP-BranchBoundMRV,8,5,0.074990034,12445,1
extreme_001,Extreme,OMP-BranchBoundMRV,16,1,0.254588842,13021,1
extreme_001,Extreme,OMP-BranchBoundMRV,16,2,0.185144186,12150,1
extreme_001,Extreme,OMP-BranchBoundMRV,16,3,0.171941042,12233,1
extreme_001,Extreme,OMP-BranchBoundMRV,16,4,0.235063076,14490,1
extreme_001,Extreme,OMP-BranchBoundMRV,16,5,0.187201023,11955,1
extreme_002,Extreme,Serial,1,1,0.051753708,124535,1
extreme_002,Extreme,Serial,1,2,0.051719208,124535,1
extreme_002,Extreme,Serial,1,3,0.051597833,124535,1
extreme_002,Extreme,Serial,1,4,0.051866958,124535,1
extreme_002,Extreme,Serial,1,5,0.053792875,124535,1
extreme_002,Extreme,Serial-MRV,1,1,0.133120375,10211,1
extreme_002,Extreme,Serial-MRV,1,2,0.135501166,10211,1
extreme_002,Extreme,Serial-MRV,1,3,0.133026458,10211,1
extreme_002,Extreme,Serial-MRV,1,4,0.132857250,10211,1
extreme_002,Extreme,Serial-MRV,1,5,0.132781458,10211,1
extreme_002,Extreme,BranchBound,1,1,0.051761917,124535,1
extreme_002,Extreme,BranchBound,1,2,0.051809167,124535,1
extreme_002,Extreme,BranchBound,1,3,0.051874000,124535,1
extreme_002,Extreme,BranchBound,1,4,0.052168791,124535,1
extreme_002,Extreme,BranchBound,1,5,0.054104917,124535,1
extreme_002,Extreme,BranchBoundMRV,1,1,0.155215209,10211,1
extreme_002,Extreme,BranchBoundMRV,1,2,0.157034958,10211,1
extreme_002,Extreme,BranchBoundMRV,1,3,0.154475416,10211,1
extreme_002,Extreme,BranchBoundMRV,1,4,0.153853333,10211,1
extreme_002,Extreme,BranchBoundMRV,1,5,0.153540250,10211,1
extreme_002,Extreme,OpenMP,4,1,0.021064997,5186,1
extreme_002,Extreme,OpenMP,4,2,0.021027088,5201,1
extreme_002,Extreme,OpenMP,4,3,0.021030903,5198,1
extreme_002,Extreme,OpenMP,4,4,0.021011829,5199,1
extreme_002,Extreme,OpenMP,4,5,0.021030903,5200,1
extreme_002,Extreme,OpenMP,8,1,0.021117926,6080,1
extreme_002,Extreme,OpenMP,8,2,0.049906969,12084,1
extreme_002,Extreme,OpenMP,8,3,0.033121824,9862,1
extreme_002,Extreme,OpenMP,8,4,0.038801908,10629,1
extreme_002,Extreme,OpenMP,8,5,0.034671068,10527,1
extreme_002,Extreme,OpenMP,16,1,0.055808067,10456,1
extreme_002,Extreme,OpenMP,16,2,0.122074842,10294,1
extreme_002,Extreme,OpenMP,16,3,0.059998989,9995,1
extreme_002,Extreme,OpenMP,16,4,0.084656954,10411,1
extreme_002,Extreme,OpenMP,16,5,0.070297956,10506,1
extreme_002,Extreme,OMP-BranchBoundMRV,4,1,0.056741953,12033,1
extreme_002,Extreme,OMP-BranchBoundMRV,4,2,0.056931973,12066,1
extreme_002,Extreme,OMP-BranchBoundMRV,4,3,0.056916952,12062,1
extreme_002,Extreme,OMP-BranchBoundMRV,4,4,0.059029818,12101,1
extreme_002,Extreme,OMP-BranchBoundMRV,4,5,0.059007168,12581,1
extreme_002,Extreme,OMP-BranchBoundMRV,8,1,0.032973051,9726,1
extreme_002,Extreme,OMP-BranchBoundMRV,8,2,0.038103104,10859,1
extreme_002,Extreme,OMP-BranchBoundMRV,8,3,0.037058115,11649,1
extreme_002,Extreme,OMP-BranchBoundMRV,8,4,0.024995089,7617,1
extreme_002,Extreme,OMP-BranchBoundMRV,8,5,0.036503077,10359,1
extreme_002,Extreme,OMP-BranchBoundMRV,16,1,0.066799879,11106,1
extreme_002,Extreme,OMP-BranchBoundMRV,16,2,0.094023943,10499,1
extreme_002,Extreme,OMP-BranchBoundMRV,16,3,0.193959951,12224,1
extreme_002,Extreme,OMP-BranchBoundMRV,16,4,0.072523117,11857,1
extreme_002,Extreme,OMP-BranchBoundMRV,16,5,0.090404034,11818,1
extreme_003,Extreme,Serial,1,1,0.474257291,1097038,1
extreme_003,Extreme,Serial,1,2,0.470805917,1097038,1
extreme_003,Extreme,Serial,1,3,0.473372083,1097038,1
extreme_003,Extreme,Serial,1,4,0.472747000,1097038,1
extreme_003,Extreme,Serial,1,5,0.471620541,1097038,1
extreme_003,Extreme,Serial-MRV,1,1,0.125677250,10024,1
extreme_003,Extreme,Serial-MRV,1,2,0.128460791,10024,1
extreme_003,Extreme,Serial-MRV,1,3,0.126100333,10024,1
extreme_003,Extreme,Serial-MRV,1,4,0.125574209,10024,1
extreme_003,Extreme,Serial-MRV,1,5,0.125638209,10024,1
extreme_003,Extreme,BranchBound,1,1,0.477149792,1097038,1
extreme_003,Extreme,BranchBound,1,2,0.475203167,1097038,1
extreme_003,Extreme,BranchBound,1,3,0.477126125,1097038,1
extreme_003,Extreme,BranchBound,1,4,0.474606708,1097038,1
extreme_003,Extreme,BranchBound,1,5,0.474428542,1097038,1
extreme_003,Extreme,BranchBoundMRV,1,1,0.138451958,10024,1
extreme_003,Extreme,BranchBoundMRV,1,2,0.141039333,10024,1
extreme_003,Extreme,BranchBoundMRV,1,3,0.138275000,10024,1
extreme_003,Extreme,BranchBoundMRV,1,4,0.138415791,10024,1
extreme_003,Extreme,BranchBoundMRV,1,5,0.138172166,10024,1
extreme_003,Extreme,OpenMP,4,1,0.009953022,1271,1
extreme_003,Extreme,OpenMP,4,2,0.009968042,1273,1
extreme_003,Extreme,OpenMP,4,3,0.009912014,1269,1
extreme_003,Extreme,OpenMP,4,4,0.009941816,1273,1
extreme_003,Extreme,OpenMP,4,5,0.009947062,1275,1
extreme_003,Extreme,OpenMP,8,1,0.009994984,1273,1
extreme_003,Extreme,OpenMP,8,2,0.009957790,1268,1
extreme_003,Extreme,OpenMP,8,3,0.009949923,892,1
extreme_003,Extreme,OpenMP,8,4,0.010164976,898,1
extreme_003,Extreme,OpenMP,8,5,0.015723944,1426,1
extreme_003,Extreme,OpenMP,16,1,0.040092945,900,1
extreme_003,Extreme,OpenMP,16,2,0.020748138,1273,1
extreme_003,Extreme,OpenMP,16,3,0.030177832,1266,1
extreme_003,Extreme,OpenMP,16,4,0.020268917,1267,1
extreme_003,Extreme,OpenMP,16,5,0.026973963,1066,1
extreme_003,Extreme,OMP-BranchBoundMRV,4,1,0.010694981,1301,1
extreme_003,Extreme,OMP-BranchBoundMRV,4,2,0.010663033,1305,1
extreme_003,Extreme,OMP-BranchBoundMRV,4,3,0.010700226,1304,1
extreme_003,Extreme,OMP-BranchBoundMRV,4,4,0.010555983,1292,1
extreme_003,Extreme,OMP-BranchBoundMRV,4,5,0.010480165,1284,1
extreme_003,Extreme,OMP-BranchBoundMRV,8,1,0.018957138,1448,1
extreme_003,Extreme,OMP-BranchBoundMRV,8,2,0.010182142,892,1
extreme_003,Extreme,OMP-BranchBoundMRV,8,3,0.010205030,1265,1
extreme_003,Extreme,OMP-BranchBoundMRV,8,4,0.016212940,1441,1
extreme_003,Extreme,OMP-BranchBoundMRV,8,5,0.010100126,893,1
extreme_003,Extreme,OMP-BranchBoundMRV,16,1,0.019690037,846,1
extreme_003,Extreme,OMP-BranchBoundMRV,16,2,0.032207966,971,1
extreme_003,Extreme,OMP-BranchBoundMRV,16,3,0.054074049,987,1
extreme_003,Extreme,OMP-BranchBoundMRV,16,4,0.040571213,1212,1
extreme_003,Extreme,OMP-BranchBoundMRV,16,5,0.035705090,1011,1
extreme_004,Extreme,Serial,1,1,0.100737583,227869,1
extreme_004,Extreme,Serial,1,2,0.099831375,227869,1
extreme_004,Extreme,Serial,1,3,0.102130333,227869,1
extreme_004,Extreme,Serial,1,4,0.099787416,227869,1
extreme_004,Extreme,Serial,1,5,0.099658000,227869,1
extreme_004,Extreme,Serial-MRV,1,1,0.143055083,10019,1
extreme_004,Extreme,Serial-MRV,1,2,0.144921875,10019,1
extreme_004,Extreme,Serial-MRV,1,3,0.143113333,10019,1
extreme_004,Extreme,Serial-MRV,1,4,0.142881917,10019,1
extreme_004,Extreme,Serial-MRV,1,5,0.142763125,10019,1
extreme_004,Extreme,BranchBound,1,1,0.100323084,227869,1
extreme_004,Extreme,BranchBound,1,2,0.100358958,227869,1
extreme_004,Extreme,BranchBound,1,3,0.102951083,227869,1
extreme_004,Extreme,BranchBound,1,4,0.100470125,227869,1
extreme_004,Extreme,BranchBound,1,5,0.100230458,227869,1
extreme_004,Extreme,BranchBoundMRV,1,1,0.161848917,10019,1
extreme_004,Extreme,BranchBoundMRV,1,2,0.164607875,10019,1
extreme_004,Extreme,BranchBoundMRV,1,3,0.161538375,10019,1
extreme_004,Extreme,BranchBoundMRV,1,4,0.161762042,10019,1
extreme_004,Extreme,BranchBoundMRV,1,5,0.161699458,10019,1
extreme_004,Extreme,OpenMP,4,1,0.001602888,230,1
extreme_004,Extreme,OpenMP,4,2,0.001585007,229,1
extreme_004,Extreme,OpenMP,4,3,0.001662016,241,1
extreme_004,Extreme,OpenMP,4,4,0.001574993,229,1
extreme_004,Extreme,OpenMP,4,5,0.001579046,230,1
extreme_004,Extreme,OpenMP,8,1,0.001594067,325,1
extreme_004,Extreme,OpenMP,8,2,0.001587868,279,1
extreme_004,Extreme,OpenMP,8,3,0.001643896,284,1
extreme_004,Extreme,OpenMP,8,4,0.001624823,235,1
extreme_004,Extreme,OpenMP,8,5,0.001601934,276,1
extreme_004,Extreme,OpenMP,16,1,0.017364979,238,1
extreme_004,Extreme,OpenMP,16,2,0.025707006,232,1
extreme_004,Extreme,OpenMP,16,3,0.015683889,327,1
extreme_004,Extreme,OpenMP,16,4,0.030400991,565,1
extreme_004,Extreme,OpenMP,16,5,0.020272017,235,1
extreme_004,Extreme,OMP-BranchBoundMRV,4,1,0.001797915,235,1
extreme_004,Extreme,OMP-BranchBoundMRV,4,2,0.001691103,229,1
extreme_004,Extreme,OMP-BranchBoundMRV,4,3,0.001705170,230,1
extreme_004,Extreme,OMP-BranchBoundMRV,4,4,0.001691103,229,1
extreme_004,Extreme,OMP-BranchBoundMRV,4,5,0.001691103,230,1
extreme_004,Extreme,OMP-BranchBoundMRV,8,1,0.003268003,565,1
extreme_004,Extreme,OMP-BranchBoundMRV,8,2,0.001821041,298,1
extreme_004,Extreme,OMP-BranchBoundMRV,8,3,0.003754139,568,1
extreme_004,Extreme,OMP-BranchBoundMRV,8,4,0.003801107,677,1
extreme_004,Extreme,OMP-BranchBoundMRV,8,5,0.001830101,290,1
extreme_004,Extreme,OMP-BranchBoundMRV,16,1,0.032977104,267,1
extreme_004,Extreme,OMP-BranchBoundMRV,16,2,0.033108950,730,1
extreme_004,Extreme,OMP-BranchBoundMRV,16,3,0.038634062,1650,1
extreme_004,Extreme,OMP-BranchBoundMRV,16,4,0.014142036,228,1
extreme_004,Extreme,OMP-BranchBoundMRV,16,5,0.007941961,193,1
extreme_005,Extreme,Serial,1,1,0.265420750,638452,1
extreme_005,Extreme,Serial,1,2,0.260491917,638452,1
extreme_005,Extreme,Serial,1,3,0.260468542,638452,1
extreme_005,Extreme,Serial,1,4,0.260380625,638452,1
extreme_005,Extreme,Serial,1,5,0.261307125,638452,1
extreme_005,Extreme,Serial-MRV,1,1,0.198110875,14263,1
extreme_005,Extreme,Serial-MRV,1,2,0.199357500,14263,1
extreme_005,Extreme,Serial-MRV,1,3,0.196904250,14263,1
extreme_005,Extreme,Serial-MRV,1,4,0.196776458,14263,1
extreme_005,Extreme,Serial-MRV,1,5,0.197098500,14263,1
extreme_005,Extreme,BranchBound,1,1,0.264586667,638452,1
extreme_005,Extreme,BranchBound,1,2,0.264800292,638452,1
extreme_005,Extreme,BranchBound,1,3,0.262030084,638452,1
extreme_005,Extreme,BranchBound,1,4,0.262319083,638452,1
extreme_005,Extreme,BranchBound,1,5,0.262227417,638452,1
extreme_005,Extreme,BranchBoundMRV,1,1,0.223353125,14263,1
extreme_005,Extreme,BranchBoundMRV,1,2,0.222951416,14263,1
extreme_005,Extreme,BranchBoundMRV,1,3,0.221355833,14263,1
extreme_005,Extreme,BranchBoundMRV,1,4,0.221522667,14263,1
extreme_005,Extreme,BranchBoundMRV,1,5,0.220907625,14263,1
extreme_005,Extreme,OpenMP,4,1,0.069238186,13700,1
extreme_005,Extreme,OpenMP,4,2,0.069317102,12597,1
extreme_005,Extreme,OpenMP,4,3,0.070679903,12579,1
extreme_005,Extreme,OpenMP,4,4,0.071263075,13566,1
extreme_005,Extreme,OpenMP,4,5,0.069285154,12585,1
extreme_005,Extreme,OpenMP,8,1,0.111543894,14076,1
extreme_005,Extreme,OpenMP,8,2,0.109875917,14263,1
extreme_005,Extreme,OpenMP,8,3,0.119123936,14263,1
extreme_005,Extreme,OpenMP,8,4,0.092531919,13433,1
extreme_005,Extreme,OpenMP,8,5,0.109874010,14263,1
extreme_005,Extreme,OpenMP,16,1,0.329985142,14263,1
extreme_005,Extreme,OpenMP,16,2,0.233246088,13825,1
extreme_005,Extreme,OpenMP,16,3,0.244786978,14263,1
extreme_005,Extreme,OpenMP,16,4,0.215613127,14263,1
extreme_005,Extreme,OpenMP,16,5,0.226602793,13725,1
extreme_005,Extreme,OMP-BranchBoundMRV,4,1,0.069815874,12552,1
extreme_005,Extreme,OMP-BranchBoundMRV,4,2,0.070109844,12573,1
extreme_005,Extreme,OMP-BranchBoundMRV,4,3,0.069747925,12562,1
extreme_005,Extreme,OMP-BranchBoundMRV,4,4,0.070570946,12455,1
extreme_005,Extreme,OMP-BranchBoundMRV,4,5,0.069258928,12578,1
extreme_005,Extreme,OMP-BranchBoundMRV,8,1,0.110679865,13725,1
extreme_005,Extreme,OMP-BranchBoundMRV,8,2,0.105180979,14243,1
extreme_005,Extreme,OMP-BranchBoundMRV,8,3,0.105401993,14263,1
extreme_005,Extreme,OMP-BranchBoundMRV,8,4,0.114799023,14199,1
extreme_005,Extreme,OMP-BranchBoundMRV,8,5,0.097424030,13426,1
extreme_005,Extreme,OMP-BranchBoundMRV,16,1,0.217622995,10859,1
extreme_005,Extreme,OMP-BranchBoundMRV,16,2,0.195034981,13843,1
extreme_005,Extreme,OMP-BranchBoundMRV,16,3,0.224228859,14263,1
extreme_005,Extreme,OMP-BranchBoundMRV,16,4,0.216064930,12869,1
extreme_005,Extreme,OMP-BranchBoundMRV,16,5,0.220552921,13782,1
extreme_006,Extreme,Serial,1,1,0.071457500,125381,1
extreme_006,Extreme,Serial,1,2,0.062047333,125381,1
extreme_006,Extreme,Serial,1,3,0.061992000,125381,1
extreme_006,Extreme,Serial,1,4,0.060454625,125381,1
extreme_006,Extreme,Serial,1,5,0.061757750,125381,1
extreme_006,Extreme,Serial-MRV,1,1,0.133027250,10918,1
extreme_006,Extreme,Serial-MRV,1,2,0.142342417,10918,1
extreme_006,Extreme,Serial-MRV,1,3,0.138084792,10918,1
extreme_006,Extreme,Serial-MRV,1,4,0.129795959,10918,1
extreme_006,Extreme,Serial-MRV,1,5,0.124303625,10918,1
extreme_006,Extreme,BranchBound,1,1,0.056312625,125381,1
extreme_006,Extreme,BranchBound,1,2,0.056451667,125381,1
extreme_006,Extreme,BranchBound,1,3,0.056404959,125381,1
extreme_006,Extreme,BranchBound,1,4,0.057587209,125381,1
extreme_006,Extreme,BranchBound,1,5,0.057606667,125381,1
extreme_006,Extreme,BranchBoundMRV,1,1,0.141888417,10918,1
extreme_006,Extreme,BranchBoundMRV,1,2,0.143809167,10918,1
extreme_006,Extreme,BranchBoundMRV,1,3,0.141612084,10918,1
extreme_006,Extreme,BranchBoundMRV,1,4,0.141346834,10918,1
extreme_006,Extreme,BranchBoundMRV,1,5,0.140966750,10918,1
extreme_006,Extreme,OpenMP,4,1,0.157896042,10918,1
extreme_006,Extreme,OpenMP,4,2,0.154278994,10918,1
extreme_006,Extreme,OpenMP,4,3,0.177832127,10918,1
extreme_006,Extreme,OpenMP,4,4,0.159530878,10918,1
extreme_006,Extreme,OpenMP,4,5,0.150850058,10918,1
extreme_006,Extreme,OpenMP,8,1,0.224897146,10918,1
extreme_006,Extreme,OpenMP,8,2,0.224471092,10918,1
extreme_006,Extreme,OpenMP,8,3,0.210515976,10918,1
extreme_006,Extreme,OpenMP,8,4,0.196690083,10918,1
extreme_006,Extreme,OpenMP,8,5,0.215220928,10918,1
extreme_006,Extreme,OpenMP,16,1,0.494817019,10918,1
extreme_006,Extreme,OpenMP,16,2,0.420905113,10918,1
extreme_006,Extreme,OpenMP,16,3,0.408975124,10918,1
extreme_006,Extreme,OpenMP,16,4,0.441030025,10918,1
extreme_006,Extreme,OpenMP,16,5,0.396280050,10918,1
extreme_006,Extreme,OMP-BranchBoundMRV,4,1,0.150696039,10918,1
extreme_006,Extreme,OMP-BranchBoundMRV,4,2,0.155336142,10918,1
extreme_006,Extreme,OMP-BranchBoundMRV,4,3,0.154268980,10918,1
extreme_006,Extreme,OMP-BranchBoundMRV,4,4,0.155208111,10918,1
extreme_006,Extreme,OMP-BranchBoundMRV,4,5,0.155007124,10918,1
extreme_006,Extreme,OMP-BranchBoundMRV,8,1,0.202719927,10918,1
extreme_006,Extreme,OMP-BranchBoundMRV,8,2,0.207198858,10918,1
extreme_006,Extreme,OMP-BranchBoundMRV,8,3,0.226351976,10918,1
extreme_006,Extreme,OMP-BranchBoundMRV,8,4,0.213196993,10918,1
extreme_006,Extreme,OMP-BranchBoundMRV,8,5,0.215730906,10918,1
extreme_006,Extreme,OMP-BranchBoundMRV,16,1,0.491796970,10918,1
extreme_006,Extreme,OMP-BranchBoundMRV,16,2,0.360679865,10918,1
extreme_006,Extreme,OMP-BranchBoundMRV,16,3,0.477386951,10918,1
extreme_006,Extreme,OMP-BranchBoundMRV,16,4,0.450017929,10918,1
extreme_006,Extreme,OMP-BranchBoundMRV,16,5,0.362493992,10918,1
extreme_007,Extreme,Serial,1,1,0.035227292,81641,1
extreme_007,Extreme,Serial,1,2,0.035287333,81641,1
extreme_007,Extreme,Serial,1,3,0.035204583,81641,1
extreme_007,Extreme,Serial,1,4,0.035073417,81641,1
extreme_007,Extreme,Serial,1,5,0.035203875,81641,1
extreme_007,Extreme,Serial-MRV,1,1,0.242536959,17979,1
extreme_007,Extreme,Serial-MRV,1,2,0.237650334,17979,1
extreme_007,Extreme,Serial-MRV,1,3,0.237812917,17979,1
extreme_007,Extreme,Serial-MRV,1,4,0.238308458,17979,1
extreme_007,Extreme,Serial-MRV,1,5,0.238584125,17979,1
extreme_007,Extreme,BranchBound,1,1,0.035923917,81641,1
extreme_007,Extreme,BranchBound,1,2,0.035659166,81641,1
extreme_007,Extreme,BranchBound,1,3,0.035473042,81641,1
extreme_007,Extreme,BranchBound,1,4,0.035440666,81641,1
extreme_007,Extreme,BranchBound,1,5,0.035268375,81641,1
extreme_007,Extreme,BranchBoundMRV,1,1,0.276766292,17979,1
extreme_007,Extreme,BranchBoundMRV,1,2,0.271575041,17979,1
extreme_007,Extreme,BranchBoundMRV,1,3,0.272826125,17979,1
extreme_007,Extreme,BranchBoundMRV,1,4,0.273161708,17979,1
extreme_007,Extreme,BranchBoundMRV,1,5,0.274456250,17979,1
extreme_007,Extreme,OpenMP,4,1,0.063302994,15718,1
extreme_007,Extreme,OpenMP,4,2,0.063230038,15704,1
extreme_007,Extreme,OpenMP,4,3,0.021806955,5444,1
extreme_007,Extreme,OpenMP,4,4,0.021844864,5445,1
extreme_007,Extreme,OpenMP,4,5,0.021872997,5445,1
extreme_007,Extreme,OpenMP,8,1,0.035787106,10445,1
extreme_007,Extreme,OpenMP,8,2,0.028624058,8566,1
extreme_007,Extreme,OpenMP,8,3,0.038727045,11082,1
extreme_007,Extreme,OpenMP,8,4,0.036687136,9186,1
extreme_007,Extreme,OpenMP,8,5,0.031753063,9483,1
extreme_007,Extreme,OpenMP,16,1,0.061758995,9530,1
extreme_007,Extreme,OpenMP,16,2,0.107873201,7893,1
extreme_007,Extreme,OpenMP,16,3,0.087182999,11101,1
extreme_007,Extreme,OpenMP,16,4,0.073029995,8539,1
extreme_007,Extreme,OpenMP,16,5,0.113996983,10023,1
extreme_007,Extreme,OMP-BranchBoundMRV,4,1,0.063251972,15711,1
extreme_007,Extreme,OMP-BranchBoundMRV,4,2,0.063310146,15735,1
extreme_007,Extreme,OMP-BranchBoundMRV,4,3,0.063231945,15725,1
extreme_007,Extreme,OMP-BranchBoundMRV,4,4,0.065416813,15612,1
extreme_007,Extreme,OMP-BranchBoundMRV,4,5,0.063471079,15700,1
extreme_007,Extreme,OMP-BranchBoundMRV,8,1,0.050659895,11814,1
extreme_007,Extreme,OMP-BranchBoundMRV,8,2,0.026421070,6527,1
extreme_007,Extreme,OMP-BranchBoundMRV,8,3,0.027904987,8662,1
extreme_007,Extreme,OMP-BranchBoundMRV,8,4,0.029006004,8168,1
extreme_007,Extreme,OMP-BranchBoundMRV,8,5,0.035854101,10791,1
extreme_007,Extreme,OMP-BranchBoundMRV,16,1,0.058393955,5808,1
extreme_007,Extreme,OMP-BranchBoundMRV,16,2,0.067945004,8955,1
extreme_007,Extreme,OMP-BranchBoundMRV,16,3,0.073586941,9313,1
extreme_007,Extreme,OMP-BranchBoundMRV,16,4,0.082957029,8170,1
extreme_007,Extreme,OMP-BranchBoundMRV,16,5,0.092879057,12349,1
extreme_008,Extreme,Serial,1,1,0.314206084,729843,1
extreme_008,Extreme,Serial,1,2,0.451719833,729843,1
extreme_008,Extreme,Serial,1,3,0.412207750,729843,1
extreme_008,Extreme,Serial,1,4,0.314125167,729843,1
extreme_008,Extreme,Serial,1,5,0.311316375,729843,1
extreme_008,Extreme,Serial-MRV,1,1,0.151796292,10366,1
extreme_008,Extreme,Serial-MRV,1,2,0.154693625,10366,1
extreme_008,Extreme,Serial-MRV,1,3,0.151570583,10366,1
extreme_008,Extreme,Serial-MRV,1,4,0.151814375,10366,1
extreme_008,Extreme,Serial-MRV,1,5,0.151792125,10366,1
extreme_008,Extreme,BranchBound,1,1,0.316214458,729843,1
extreme_008,Extreme,BranchBound,1,2,0.315823167,729843,1
extreme_008,Extreme,BranchBound,1,3,0.314049333,729843,1
extreme_008,Extreme,BranchBound,1,4,0.313747666,729843,1
extreme_008,Extreme,BranchBound,1,5,0.313468250,729843,1
extreme_008,Extreme,BranchBoundMRV,1,1,0.169628709,10366,1
extreme_008,Extreme,BranchBoundMRV,1,2,0.172913958,10366,1
extreme_008,Extreme,BranchBoundMRV,1,3,0.170457250,10366,1
extreme_008,Extreme,BranchBoundMRV,1,4,0.169061208,10366,1
extreme_008,Extreme,BranchBoundMRV,1,5,0.169291041,10366,1
extreme_008,Extreme,OpenMP,4,1,0.006189823,1400,1
extreme_008,Extreme,OpenMP,4,2,0.006110907,1396,1
extreme_008,Extreme,OpenMP,4,3,0.006119013,1382,1
extreme_008,Extreme,OpenMP,4,4,0.006096840,1394,1
extreme_008,Extreme,OpenMP,4,5,0.006123066,1396,1
extreme_008,Extreme,OpenMP,8,1,0.040024042,9892,1
extreme_008,Extreme,OpenMP,8,2,0.006218910,1783,1
extreme_008,Extreme,OpenMP,8,3,0.015681028,4280,1
extreme_008,Extreme,OpenMP,8,4,0.015553951,4863,1
extreme_008,Extreme,OpenMP,8,5,0.011968851,3768,1
extreme_008,Extreme,OpenMP,16,1,0.090629816,3840,1
extreme_008,Extreme,OpenMP,16,2,0.047291040,3161,1
extreme_008,Extreme,OpenMP,16,3,0.013659954,2154,1
extreme_008,Extreme,OpenMP,16,4,0.046999931,4546,1
extreme_008,Extreme,OpenMP,16,5,0.068521023,5728,1
extreme_008,Extreme,OMP-BranchBoundMRV,4,1,0.049596786,11091,1
extreme_008,Extreme,OMP-BranchBoundMRV,4,2,0.049782991,11078,1
extreme_008,Extreme,OMP-BranchBoundMRV,4,3,0.006371975,1372,1
extreme_008,Extreme,OMP-BranchBoundMRV,4,4,0.050143957,11109,1
extreme_008,Extreme,OMP-BranchBoundMRV,4,5,0.049818993,11085,1
extreme_008,Extreme,OMP-BranchBoundMRV,8,1,0.034937143,8602,1
extreme_008,Extreme,OMP-BranchBoundMRV,8,2,0.006342888,1972,1
extreme_008,Extreme,OMP-BranchBoundMRV,8,3,0.027902842,7590,1
extreme_008,Extreme,OMP-BranchBoundMRV,8,4,0.013387918,4028,1
extreme_008,Extreme,OMP-BranchBoundMRV,8,5,0.006375790,1917,1
extreme_008,Extreme,OMP-BranchBoundMRV,16,1,0.072879076,6034,1
extreme_008,Extreme,OMP-BranchBoundMRV,16,2,0.059313059,5910,1
extreme_008,Extreme,OMP-BranchBoundMRV,16,3,0.019741058,3938,1
extreme_008,Extreme,OMP-BranchBoundMRV,16,4,0.038609982,5617,1
extreme_008,Extreme,OMP-BranchBoundMRV,16,5,0.067769051,7626,1
extreme_009,Extreme,Serial,1,1,0.334805583,779028,1
extreme_009,Extreme,Serial,1,2,0.331859708,779028,1
extreme_009,Extreme,Serial,1,3,0.332028750,779028,1
extreme_009,Extreme,Serial,1,4,0.333344792,779028,1
extreme_009,Extreme,Serial,1,5,0.332951875,779028,1
extreme_009,Extreme,Serial-MRV,1,1,0.177090625,11330,1
extreme_009,Extreme,Serial-MRV,1,2,0.179641500,11330,1
extreme_009,Extreme,Serial-MRV,1,3,0.177550417,11330,1
extreme_009,Extreme,Serial-MRV,1,4,0.177124625,11330,1
extreme_009,Extreme,Serial-MRV,1,5,0.177054833,11330,1
extreme_009,Extreme,BranchBound,1,1,0.336049625,779028,1
extreme_009,Extreme,BranchBound,1,2,0.335127542,779028,1
extreme_009,Extreme,BranchBound,1,3,0.333542792,779028,1
extreme_009,Extreme,BranchBound,1,4,0.332931375,779028,1
extreme_009,Extreme,BranchBound,1,5,0.332730875,779028,1
extreme_009,Extreme,BranchBoundMRV,1,1,0.198855583,11330,1
extreme_009,Extreme,BranchBoundMRV,1,2,0.201641208,11330,1
extreme_009,Extreme,BranchBoundMRV,1,3,0.198706458,11330,1
extreme_009,Extreme,BranchBoundMRV,1,4,0.198348792,11330,1
extreme_009,Extreme,BranchBoundMRV,1,5,0.198305416,11330,1
extreme_009,Extreme,OpenMP,4,1,0.059938908,12340,1
extreme_009,Extreme,OpenMP,4,2,0.059815884,11445,1
extreme_009,Extreme,OpenMP,4,3,0.059851885,11443,1
extreme_009,Extreme,OpenMP,4,4,0.061332941,11306,1
extreme_009,Extreme,OpenMP,4,5,0.060808182,11428,1
extreme_009,Extreme,OpenMP,8,1,0.085048914,15701,1
extreme_009,Extreme,OpenMP,8,2,0.102041960,15701,1
extreme_009,Extreme,OpenMP,8,3,0.083514214,14521,1
extreme_009,Extreme,OpenMP,8,4,0.096000910,15701,1
extreme_009,Extreme,OpenMP,8,5,0.082406998,15701,1
extreme_009,Extreme,OpenMP,16,1,0.221969843,15701,1
extreme_009,Extreme,OpenMP,16,2,0.181044102,15701,1
extreme_009,Extreme,OpenMP,16,3,0.142189980,15701,1
extreme_009,Extreme,OpenMP,16,4,0.193603039,15701,1
extreme_009,Extreme,OpenMP,16,5,0.195788860,15701,1
extreme_009,Extreme,OMP-BranchBoundMRV,4,1,0.060095787,12236,1
extreme_009,Extreme,OMP-BranchBoundMRV,4,2,0.059885025,12203,1
extreme_009,Extreme,OMP-BranchBoundMRV,4,3,0.059841156,12202,1
extreme_009,Extreme,OMP-BranchBoundMRV,4,4,0.102050066,15701,1
extreme_009,Extreme,OMP-BranchBoundMRV,4,5,0.060179949,12204,1
extreme_009,Extreme,OMP-BranchBoundMRV,8,1,0.075592995,14287,1
extreme_009,Extreme,OMP-BranchBoundMRV,8,2,0.078762054,15701,1
extreme_009,Extreme,OMP-BranchBoundMRV,8,3,0.069566011,14137,1
extreme_009,Extreme,OMP-BranchBoundMRV,8,4,0.087486982,15490,1
extreme_009,Extreme,OMP-BranchBoundMRV,8,5,0.072486162,15537,1
extreme_009,Extreme,OMP-BranchBoundMRV,16,1,0.246376991,15701,1
extreme_009,Extreme,OMP-BranchBoundMRV,16,2,0.176145077,15701,1
extreme_009,Extreme,OMP-BranchBoundMRV,16,3,0.181873083,15701,1
extreme_009,Extreme,OMP-BranchBoundMRV,16,4,0.178360939,15701,1
extreme_009,Extreme,OMP-BranchBoundMRV,16,5,0.194647074,15701,1
extreme_010,Extreme,Serial,1,1,0.060016041,137118,1
extreme_010,Extreme,Serial,1,2,0.059996500,137118,1
extreme_010,Extreme,Serial,1,3,0.059913708,137118,1
extreme_010,Extreme,Serial,1,4,0.062473291,137118,1
extreme_010,Extreme,Serial,1,5,0.060834042,137118,1
extreme_010,Extreme,Serial-MRV,1,1,0.196569750,14638,1
extreme_010,Extreme,Serial-MRV,1,2,0.196966834,14638,1
extreme_010,Extreme,Serial-MRV,1,3,0.194328708,14638,1
extreme_010,Extreme,Serial-MRV,1,4,0.194715292,14638,1
extreme_010,Extreme,Serial-MRV,1,5,0.194318000,14638,1
extreme_010,Extreme,BranchBound,1,1,0.060465084,137118,1
extreme_010,Extreme,BranchBound,1,2,0.060238875,137118,1
extreme_010,Extreme,BranchBound,1,3,0.060269416,137118,1
extreme_010,Extreme,BranchBound,1,4,0.062489625,137118,1
extreme_010,Extreme,BranchBound,1,5,0.060642459,137118,1
extreme_010,Extreme,BranchBoundMRV,1,1,0.224819458,14638,1
extreme_010,Extreme,BranchBoundMRV,1,2,0.222599917,14638,1
extreme_010,Extreme,BranchBoundMRV,1,3,0.221266125,14638,1
extreme_010,Extreme,BranchBoundMRV,1,4,0.221479000,14638,1
extreme_010,Extreme,BranchBoundMRV,1,5,0.221124959,14638,1
extreme_010,Extreme,OpenMP,4,1,0.003024101,684,1
extreme_010,Extreme,OpenMP,4,2,0.002974033,672,1
extreme_010,Extreme,OpenMP,4,3,0.002967834,671,1
extreme_010,Extreme,OpenMP,4,4,0.002969980,672,1
extreme_010,Extreme,OpenMP,4,5,0.002964973,673,1
extreme_010,Extreme,OpenMP,8,1,0.002996922,774,1
extreme_010,Extreme,OpenMP,8,2,0.002993822,770,1
extreme_010,Extreme,OpenMP,8,3,0.003002882,939,1
extreme_010,Extreme,OpenMP,8,4,0.003029823,936,1
extreme_010,Extreme,OpenMP,8,5,0.003016949,865,1
extreme_010,Extreme,OpenMP,16,1,0.030128002,2359,1
extreme_010,Extreme,OpenMP,16,2,0.050447941,773,1
extreme_010,Extreme,OpenMP,16,3,0.039781094,935,1
extreme_010,Extreme,OpenMP,16,4,0.047502995,2273,1
extreme_010,Extreme,OpenMP,16,5,0.017524004,722,1
extreme_010,Extreme,OMP-BranchBoundMRV,4,1,0.003252983,697,1
extreme_010,Extreme,OMP-BranchBoundMRV,4,2,0.003298998,679,1
extreme_010,Extreme,OMP-BranchBoundMRV,4,3,0.003598928,738,1
extreme_010,Extreme,OMP-BranchBoundMRV,4,4,0.003350019,694,1
extreme_010,Extreme,OMP-BranchBoundMRV,4,5,0.003292084,682,1
extreme_010,Extreme,OMP-BranchBoundMRV,8,1,0.005126953,1319,1
extreme_010,Extreme,OMP-BranchBoundMRV,8,2,0.004435062,1287,1
extreme_010,Extreme,OMP-BranchBoundMRV,8,3,0.007253170,2020,1
extreme_010,Extreme,OMP-BranchBoundMRV,8,4,0.006934881,1842,1
extreme_010,Extreme,OMP-BranchBoundMRV,8,5,0.003637075,831,1
extreme_010,Extreme,OMP-BranchBoundMRV,16,1,0.014837027,2774,1
extreme_010,Extreme,OMP-BranchBoundMRV,16,2,0.063483000,5604,1
extreme_010,Extreme,OMP-BranchBoundMRV,16,3,0.068614006,1904,1
extreme_010,Extreme,OMP-BranchBoundMRV,16,4,0.025923967,2040,1
extreme_010,Extreme,OMP-BranchBoundMRV,16,5,0.019724131,859,1
extreme_011,Extreme,Serial,1,1,0.170897625,378978,1
extreme_011,Extreme,Serial,1,2,0.169045250,378978,1
extreme_011,Extreme,Serial,1,3,0.166573708,378978,1
extreme_011,Extreme,Serial,1,4,0.166592125,378978,1
extreme_011,Extreme,Serial,1,5,0.166486416,378978,1
extreme_011,Extreme,Serial-MRV,1,1,0.216913208,15704,1
extreme_011,Extreme,Serial-MRV,1,2,0.218059166,15704,1
extreme_011,Extreme,Serial-MRV,1,3,0.218147833,15704,1
extreme_011,Extreme,Serial-MRV,1,4,0.216209042,15704,1
extreme_011,Extreme,Serial-MRV,1,5,0.216341875,15704,1
extreme_011,Extreme,BranchBound,1,1,0.167216875,378978,1
extreme_011,Extreme,BranchBound,1,2,0.169499208,378978,1
extreme_011,Extreme,BranchBound,1,3,0.167246667,378978,1
extreme_011,Extreme,BranchBound,1,4,0.167320667,378978,1
extreme_011,Extreme,BranchBound,1,5,0.167562333,378978,1
extreme_011,Extreme,BranchBoundMRV,1,1,0.245301166,15704,1
extreme_011,Extreme,BranchBoundMRV,1,2,0.246207584,15704,1
extreme_011,Extreme,BranchBoundMRV,1,3,0.248110542,15704,1
extreme_011,Extreme,BranchBoundMRV,1,4,0.243163250,15704,1
extreme_011,Extreme,BranchBoundMRV,1,5,0.243355792,15704,1
extreme_011,Extreme,OpenMP,4,1,0.034250975,8220,1
extreme_011,Extreme,OpenMP,4,2,0.033998013,6451,1
extreme_011,Extreme,OpenMP,4,3,0.034169197,6478,1
extreme_011,Extreme,OpenMP,4,4,0.034197092,6208,1
extreme_011,Extreme,OpenMP,4,5,0.034186125,6497,1
extreme_011,Extreme,OpenMP,8,1,0.049021006,8507,1
extreme_011,Extreme,OpenMP,8,2,0.064269066,9754,1
extreme_011,Extreme,OpenMP,8,3,0.048205137,8210,1
extreme_011,Extreme,OpenMP,8,4,0.046248198,8016,1
extreme_011,Extreme,OpenMP,8,5,0.040009975,7524,1
extreme_011,Extreme,OpenMP,16,1,0.235841036,9868,1
extreme_011,Extreme,OpenMP,16,2,0.096520901,7823,1
extreme_011,Extreme,OpenMP,16,3,0.113610029,9437,1
extreme_011,Extreme,OpenMP,16,4,0.110538960,7833,1
extreme_011,Extreme,OpenMP,16,5,0.111683846,9125,1
extreme_011,Extreme,OMP-BranchBoundMRV,4,1,0.034399033,8278,1
extreme_011,Extreme,OMP-BranchBoundMRV,4,2,0.034323931,8273,1
extreme_011,Extreme,OMP-BranchBoundMRV,4,3,0.034316063,8264,1
extreme_011,Extreme,OMP-BranchBoundMRV,4,4,0.034379005,8287,1
extreme_011,Extreme,OMP-BranchBoundMRV,4,5,0.034452200,8264,1
extreme_011,Extreme,OMP-BranchBoundMRV,8,1,0.054161072,9838,1
extreme_011,Extreme,OMP-BranchBoundMRV,8,2,0.055588961,9144,1
extreme_011,Extreme,OMP-BranchBoundMRV,8,3,0.037729025,6504,1
extreme_011,Extreme,OMP-BranchBoundMRV,8,4,0.040175915,7333,1
extreme_011,Extreme,OMP-BranchBoundMRV,8,5,0.040343046,6748,1
extreme_011,Extreme,OMP-BranchBoundMRV,16,1,0.146784782,7029,1
extreme_011,Extreme,OMP-BranchBoundMRV,16,2,0.101528168,8466,1
extreme_011,Extreme,OMP-BranchBoundMRV,16,3,0.134155989,10866,1
extreme_011,Extreme,OMP-BranchBoundMRV,16,4,0.118021965,9375,1
extreme_011,Extreme,OMP-BranchBoundMRV,16,5,0.149868011,10444,1
extreme_012,Extreme,Serial,1,1,0.701143542,1722192,1
extreme_012,Extreme,Serial,1,2,0.700347875,1722192,1
extreme_012,Extreme,Serial,1,3,0.698541625,1722192,1
extreme_012,Extreme,Serial,1,4,0.697703459,1722192,1
extreme_012,Extreme,Serial,1,5,0.698834625,1722192,1
extreme_012,Extreme,Serial-MRV,1,1,0.163190500,12233,1
extreme_012,Extreme,Serial-MRV,1,2,0.165611334,12233,1
extreme_012,Extreme,Serial-MRV,1,3,0.162967958,12233,1
extreme_012,Extreme,Serial-MRV,1,4,0.162773833,12233,1
extreme_012,Extreme,Serial-MRV,1,5,0.162842750,12233,1
extreme_012,Extreme,BranchBound,1,1,0.706761333,1722192,1
extreme_012,Extreme,BranchBound,1,2,0.701912750,1722192,1
extreme_012,Extreme,BranchBound,1,3,0.701715833,1722192,1
extreme_012,Extreme,BranchBound,1,4,0.702026625,1722192,1
extreme_012,Extreme,BranchBound,1,5,0.701289833,1722192,1
extreme_012,Extreme,BranchBoundMRV,1,1,0.179588291,12233,1
extreme_012,Extreme,BranchBoundMRV,1,2,0.183567375,12233,1
extreme_012,Extreme,BranchBoundMRV,1,3,0.183721916,12233,1
extreme_012,Extreme,BranchBoundMRV,1,4,0.182871500,12233,1
extreme_012,Extreme,BranchBoundMRV,1,5,0.188877584,12233,1
extreme_012,Extreme,OpenMP,4,1,0.102868795,12035,1
extreme_012,Extreme,OpenMP,4,2,0.099022150,12144,1
extreme_012,Extreme,OpenMP,4,3,0.120815039,12233,1
extreme_012,Extreme,OpenMP,4,4,0.104290009,11152,1
extreme_012,Extreme,OpenMP,4,5,0.103022099,10961,1
extreme_012,Extreme,OpenMP,8,1,0.143488169,11269,1
extreme_012,Extreme,OpenMP,8,2,0.155304909,12233,1
extreme_012,Extreme,OpenMP,8,3,0.154779911,11796,1
extreme_012,Extreme,OpenMP,8,4,0.156202078,11690,1
extreme_012,Extreme,OpenMP,8,5,0.126557112,11422,1
extreme_012,Extreme,OpenMP,16,1,0.340793133,12233,1
extreme_012,Extreme,OpenMP,16,2,0.274266958,12056,1
extreme_012,Extreme,OpenMP,16,3,0.251361847,12233,1
extreme_012,Extreme,OpenMP,16,4,0.321570873,12233,1
extreme_012,Extreme,OpenMP,16,5,0.260075092,10868,1
extreme_012,Extreme,OMP-BranchBoundMRV,4,1,0.093428135,11997,1
extreme_012,Extreme,OMP-BranchBoundMRV,4,2,0.093621016,12011,1
extreme_012,Extreme,OMP-BranchBoundMRV,4,3,0.101449013,12186,1
extreme_012,Extreme,OMP-BranchBoundMRV,4,4,0.093470097,11958,1
extreme_012,Extreme,OMP-BranchBoundMRV,4,5,0.094177961,11957,1
extreme_012,Extreme,OMP-BranchBoundMRV,8,1,0.117416143,10977,1
extreme_012,Extreme,OMP-BranchBoundMRV,8,2,0.156108141,12233,1
extreme_012,Extreme,OMP-BranchBoundMRV,8,3,0.138289928,12233,1
extreme_012,Extreme,OMP-BranchBoundMRV,8,4,0.141021013,12077,1
extreme_012,Extreme,OMP-BranchBoundMRV,8,5,0.120166063,10951,1
extreme_012,Extreme,OMP-BranchBoundMRV,16,1,0.256124020,10262,1
extreme_012,Extreme,OMP-BranchBoundMRV,16,2,0.247434139,12233,1
extreme_012,Extreme,OMP-BranchBoundMRV,16,3,0.238874197,12233,1
extreme_012,Extreme,OMP-BranchBoundMRV,16,4,0.281568050,11582,1
extreme_012,Extreme,OMP-BranchBoundMRV,16,5,0.272656918,11953,1
extreme_013,Extreme,Serial,1,1,0.184268083,421165,1
extreme_013,Extreme,Serial,1,2,0.186398916,421165,1
extreme_013,Extreme,Serial,1,3,0.184616541,421165,1
extreme_013,Extreme,Serial,1,4,0.186079625,421165,1
extreme_013,Extreme,Serial,1,5,0.183654250,421165,1
extreme_013,Extreme,Serial-MRV,1,1,0.081491875,6878,1
extreme_013,Extreme,Serial-MRV,1,2,0.081264959,6878,1
extreme_013,Extreme,Serial-MRV,1,3,0.083627375,6878,1
extreme_013,Extreme,Serial-MRV,1,4,0.081763041,6878,1
extreme_013,Extreme,Serial-MRV,1,5,0.082336709,6878,1
extreme_013,Extreme,BranchBound,1,1,0.183825459,421165,1
extreme_013,Extreme,BranchBound,1,2,0.185220042,421165,1
extreme_013,Extreme,BranchBound,1,3,0.182615875,421165,1
extreme_013,Extreme,BranchBound,1,4,0.182840459,421165,1
extreme_013,Extreme,BranchBound,1,5,0.182660250,421165,1
extreme_013,Extreme,BranchBoundMRV,1,1,0.095001125,6878,1
extreme_013,Extreme,BranchBoundMRV,1,2,0.094990042,6878,1
extreme_013,Extreme,BranchBoundMRV,1,3,0.097444666,6878,1
extreme_013,Extreme,BranchBoundMRV,1,4,0.095558417,6878,1
extreme_013,Extreme,BranchBoundMRV,1,5,0.096695709,6878,1
extreme_013,Extreme,OpenMP,4,1,0.001345873,198,1
extreme_013,Extreme,OpenMP,4,2,0.001333952,198,1
extreme_013,Extreme,OpenMP,4,3,0.001332045,197,1
extreme_013,Extreme,OpenMP,4,4,0.001401186,201,1
extreme_013,Extreme,OpenMP,4,5,0.001338959,197,1
extreme_013,Extreme,OpenMP,8,1,0.001410007,176,1
extreme_013,Extreme,OpenMP,8,2,0.003063917,493,1
extreme_013,Extreme,OpenMP,8,3,0.002159834,304,1
extreme_013,Extreme,OpenMP,8,4,0.001344919,171,1
extreme_013,Extreme,OpenMP,8,5,0.001399994,221,1
extreme_013,Extreme,OpenMP,16,1,0.014801025,459,1
extreme_013,Extreme,OpenMP,16,2,0.026684999,173,1
extreme_013,Extreme,OpenMP,16,3,0.017982960,583,1
extreme_013,Extreme,OpenMP,16,4,0.040202856,230,1
extreme_013,Extreme,OpenMP,16,5,0.038697004,213,1
extreme_013,Extreme,OMP-BranchBoundMRV,4,1,0.001474142,198,1
extreme_013,Extreme,OMP-BranchBoundMRV,4,2,0.001479149,199,1
extreme_013,Extreme,OMP-BranchBoundMRV,4,3,0.001471996,263,1
extreme_013,Extreme,OMP-BranchBoundMRV,4,4,0.001468182,198,1
extreme_013,Extreme,OMP-BranchBoundMRV,4,5,0.001473904,198,1
extreme_013,Extreme,OMP-BranchBoundMRV,8,1,0.001501083,209,1
extreme_013,Extreme,OMP-BranchBoundMRV,8,2,0.003388166,512,1
extreme_013,Extreme,OMP-BranchBoundMRV,8,3,0.001557112,220,1
extreme_013,Extreme,OMP-BranchBoundMRV,8,4,0.003336906,504,1
extreme_013,Extreme,OMP-BranchBoundMRV,8,5,0.001631021,232,1
extreme_013,Extreme,OMP-BranchBoundMRV,16,1,0.040781975,285,1
extreme_013,Extreme,OMP-BranchBoundMRV,16,2,0.029755831,209,1
extreme_013,Extreme,OMP-BranchBoundMRV,16,3,0.019855022,177,1
extreme_013,Extreme,OMP-BranchBoundMRV,16,4,0.017145157,409,1
extreme_013,Extreme,OMP-BranchBoundMRV,16,5,0.021692038,132,1
extreme_014,Extreme,Serial,1,1,0.006488625,14350,1
extreme_014,Extreme,Serial,1,2,0.006485791,14350,1
extreme_014,Extreme,Serial,1,3,0.006183833,14350,1
extreme_014,Extreme,Serial,1,4,0.006206084,14350,1
extreme_014,Extreme,Serial,1,5,0.006193500,14350,1
extreme_014,Extreme,Serial-MRV,1,1,0.068035625,5841,1
extreme_014,Extreme,Serial-MRV,1,2,0.067890959,5841,1
extreme_014,Extreme,Serial-MRV,1,3,0.069476667,5841,1
extreme_014,Extreme,Serial-MRV,1,4,0.070616833,5841,1
extreme_014,Extreme,Serial-MRV,1,5,0.068043416,5841,1
extreme_014,Extreme,BranchBound,1,1,0.006234958,14350,1
extreme_014,Extreme,BranchBound,1,2,0.006122500,14350,1
extreme_014,Extreme,BranchBound,1,3,0.006241958,14350,1
extreme_014,Extreme,BranchBound,1,4,0.006170084,14350,1
extreme_014,Extreme,BranchBound,1,5,0.006179291,14350,1
extreme_014,Extreme,BranchBoundMRV,1,1,0.076502209,5841,1
extreme_014,Extreme,BranchBoundMRV,1,2,0.076384542,5841,1
extreme_014,Extreme,BranchBoundMRV,1,3,0.079039833,5841,1
extreme_014,Extreme,BranchBoundMRV,1,4,0.077991334,5841,1
extreme_014,Extreme,BranchBoundMRV,1,5,0.076543458,5841,1
extreme_014,Extreme,OpenMP,4,1,0.081769943,5841,1
extreme_014,Extreme,OpenMP,4,2,0.081485033,5841,1
extreme_014,Extreme,OpenMP,4,3,0.083762884,5841,1
extreme_014,Extreme,OpenMP,4,4,0.081978083,5841,1
extreme_014,Extreme,OpenMP,4,5,0.081434011,5841,1
extreme_014,Extreme,OpenMP,8,1,0.119138956,5841,1
extreme_014,Extreme,OpenMP,8,2,0.130360842,5841,1
extreme_014,Extreme,OpenMP,8,3,0.127980947,5841,1
extreme_014,Extreme,OpenMP,8,4,0.111882925,5841,1
extreme_014,Extreme,OpenMP,8,5,0.110886097,5841,1
extreme_014,Extreme,OpenMP,16,1,0.159325123,5841,1
extreme_014,Extreme,OpenMP,16,2,0.262742043,5841,1
extreme_014,Extreme,OpenMP,16,3,0.249377966,5841,1
extreme_014,Extreme,OpenMP,16,4,0.248370171,5841,1
extreme_014,Extreme,OpenMP,16,5,0.216604948,5841,1
extreme_014,Extreme,OMP-BranchBoundMRV,4,1,0.081192970,5841,1
extreme_014,Extreme,OMP-BranchBoundMRV,4,2,0.081545115,5841,1
extreme_014,Extreme,OMP-BranchBoundMRV,4,3,0.083704948,5841,1
extreme_014,Extreme,OMP-BranchBoundMRV,4,4,0.081454039,5841,1
extreme_014,Extreme,OMP-BranchBoundMRV,4,5,0.081532001,5841,1
extreme_014,Extreme,OMP-BranchBoundMRV,8,1,0.095849037,5841,1
extreme_014,Extreme,OMP-BranchBoundMRV,8,2,0.157064915,5841,1
extreme_014,Extreme,OMP-BranchBoundMRV,8,3,0.132500172,5841,1
extreme_014,Extreme,OMP-BranchBoundMRV,8,4,0.144529104,5841,1
extreme_014,Extreme,OMP-BranchBoundMRV,8,5,0.100517035,5841,1
extreme_014,Extreme,OMP-BranchBoundMRV,16,1,0.364612103,5841,1
extreme_014,Extreme,OMP-BranchBoundMRV,16,2,0.232756138,5841,1
extreme_014,Extreme,OMP-BranchBoundMRV,16,3,0.261444807,5841,1
extreme_014,Extreme,OMP-BranchBoundMRV,16,4,0.237226963,5841,1
extreme_014,Extreme,OMP-BranchBoundMRV,16,5,0.226360798,5841,1
extreme_015,Extreme,Serial,1,1,0.013696333,30102,1
extreme_015,Extreme,Serial,1,2,0.013723291,30102,1
extreme_015,Extreme,Serial,1,3,0.013698917,30102,1
extreme_015,Extreme,Serial,1,4,0.013674500,30102,1
extreme_015,Extreme,Serial,1,5,0.013775458,30102,1
extreme_015,Extreme,Serial-MRV,1,1,0.071174375,5173,1
extreme_015,Extreme,Serial-MRV,1,2,0.071469375,5173,1
extreme_015,Extreme,Serial-MRV,1,3,0.074736000,5173,1
extreme_015,Extreme,Serial-MRV,1,4,0.071394250,5173,1
extreme_015,Extreme,Serial-MRV,1,5,0.070903958,5173,1
extreme_015,Extreme,BranchBound,1,1,0.013527958,30102,1
extreme_015,Extreme,BranchBound,1,2,0.013521750,30102,1
extreme_015,Extreme,BranchBound,1,3,0.013462917,30102,1
extreme_015,Extreme,BranchBound,1,4,0.013565291,30102,1
extreme_015,Extreme,BranchBound,1,5,0.013447000,30102,1
extreme_015,Extreme,BranchBoundMRV,1,1,0.079095917,5173,1
extreme_015,Extreme,BranchBoundMRV,1,2,0.080807042,5173,1
extreme_015,Extreme,BranchBoundMRV,1,3,0.082631125,5173,1
extreme_015,Extreme,BranchBoundMRV,1,4,0.079577917,5173,1
extreme_015,Extreme,BranchBoundMRV,1,5,0.079558458,5173,1
extreme_015,Extreme,OpenMP,4,1,0.007559061,1794,1
extreme_015,Extreme,OpenMP,4,2,0.007557869,1795,1
extreme_015,Extreme,OpenMP,4,3,0.007513046,1525,1
extreme_015,Extreme,OpenMP,4,4,0.007508993,1822,1
extreme_015,Extreme,OpenMP,4,5,0.007451057,1781,1
extreme_015,Extreme,OpenMP,8,1,0.007488966,2133,1
extreme_015,Extreme,OpenMP,8,2,0.013242006,3212,1
extreme_015,Extreme,OpenMP,8,3,0.007580996,2072,1
extreme_015,Extreme,OpenMP,8,4,0.017884970,4424,1
extreme_015,Extreme,OpenMP,8,5,0.007531166,2353,1
extreme_015,Extreme,OpenMP,16,1,0.045317888,2984,1
extreme_015,Extreme,OpenMP,16,2,0.055230856,4355,1
extreme_015,Extreme,OpenMP,16,3,0.032268047,4794,1
extreme_015,Extreme,OpenMP,16,4,0.027143955,2665,1
extreme_015,Extreme,OpenMP,16,5,0.011165857,2293,1
extreme_015,Extreme,OMP-BranchBoundMRV,4,1,0.008029938,1805,1
extreme_015,Extreme,OMP-BranchBoundMRV,4,2,0.007838011,1765,1
extreme_015,Extreme,OMP-BranchBoundMRV,4,3,0.007740974,1750,1
extreme_015,Extreme,OMP-BranchBoundMRV,4,4,0.007887125,1765,1
extreme_015,Extreme,OMP-BranchBoundMRV,4,5,0.008085012,1816,1
extreme_015,Extreme,OMP-BranchBoundMRV,8,1,0.009200811,2158,1
extreme_015,Extreme,OMP-BranchBoundMRV,8,2,0.009921074,2478,1
extreme_015,Extreme,OMP-BranchBoundMRV,8,3,0.011054993,2305,1
extreme_015,Extreme,OMP-BranchBoundMRV,8,4,0.011443853,2762,1
extreme_015,Extreme,OMP-BranchBoundMRV,8,5,0.013416052,3190,1
extreme_015,Extreme,OMP-BranchBoundMRV,16,1,0.040274143,4204,1
extreme_015,Extreme,OMP-BranchBoundMRV,16,2,0.045772791,5140,1
extreme_015,Extreme,OMP-BranchBoundMRV,16,3,0.041523933,2946,1
extreme_015,Extreme,OMP-BranchBoundMRV,16,4,0.013205051,2242,1
extreme_015,Extreme,OMP-BranchBoundMRV,16,5,0.045533180,5173,1
extreme_016,Extreme,Serial,1,1,0.024838166,58040,1
extreme_016,Extreme,Serial,1,2,0.023911666,58040,1
extreme_016,Extreme,Serial,1,3,0.023848791,58040,1
extreme_016,Extreme,Serial,1,4,0.023709042,58040,1
extreme_016,Extreme,Serial,1,5,0.023803208,58040,1
extreme_016,Extreme,Serial-MRV,1,1,0.084531750,6360,1
extreme_016,Extreme,Serial-MRV,1,2,0.088367625,6360,1
extreme_016,Extreme,Serial-MRV,1,3,0.084620583,6360,1
extreme_016,Extreme,Serial-MRV,1,4,0.084204583,6360,1
extreme_016,Extreme,Serial-MRV,1,5,0.084244958,6360,1
extreme_016,Extreme,BranchBound,1,1,0.023860041,58040,1
extreme_016,Extreme,BranchBound,1,2,0.023885083,58040,1
extreme_016,Extreme,BranchBound,1,3,0.023899375,58040,1
extreme_016,Extreme,BranchBound,1,4,0.023831583,58040,1
extreme_016,Extreme,BranchBound,1,5,0.023879333,58040,1
extreme_016,Extreme,BranchBoundMRV,1,1,0.094745250,6360,1
extreme_016,Extreme,BranchBoundMRV,1,2,0.098324208,6360,1
extreme_016,Extreme,BranchBoundMRV,1,3,0.094430459,6360,1
extreme_016,Extreme,BranchBoundMRV,1,4,0.094544875,6360,1
extreme_016,Extreme,BranchBoundMRV,1,5,0.094138542,6360,1
extreme_016,Extreme,OpenMP,4,1,0.008456945,1714,1
extreme_016,Extreme,OpenMP,4,2,0.008404970,1713,1
extreme_016,Extreme,OpenMP,4,3,0.008481026,1722,1
extreme_016,Extreme,OpenMP,4,4,0.008401155,1712,1
extreme_016,Extreme,OpenMP,4,5,0.008410931,1710,1
extreme_016,Extreme,OpenMP,8,1,0.008502007,2664,1
extreme_016,Extreme,OpenMP,8,2,0.008857965,2121,1
extreme_016,Extreme,OpenMP,8,3,0.008506775,2080,1
extreme_016,Extreme,OpenMP,8,4,0.008512020,2414,1
extreme_016,Extreme,OpenMP,8,5,0.008464098,2087,1
extreme_016,Extreme,OpenMP,16,1,0.026320934,1869,1
extreme_016,Extreme,OpenMP,16,2,0.029534817,2342,1
extreme_016,Extreme,OpenMP,16,3,0.030550003,2171,1
extreme_016,Extreme,OpenMP,16,4,0.024919987,2084,1
extreme_016,Extreme,OpenMP,16,5,0.047852993,4331,1
extreme_016,Extreme,OMP-BranchBoundMRV,4,1,0.008949995,2035,1
extreme_016,Extreme,OMP-BranchBoundMRV,4,2,0.008990049,2130,1
extreme_016,Extreme,OMP-BranchBoundMRV,4,3,0.008738995,1996,1
extreme_016,Extreme,OMP-BranchBoundMRV,4,4,0.008979082,2022,1
extreme_016,Extreme,OMP-BranchBoundMRV,4,5,0.008804083,2015,1
extreme_016,Extreme,OMP-BranchBoundMRV,8,1,0.009021044,2371,1
extreme_016,Extreme,OMP-BranchBoundMRV,8,2,0.014384985,3515,1
extreme_016,Extreme,OMP-BranchBoundMRV,8,3,0.011726141,2853,1
extreme_016,Extreme,OMP-BranchBoundMRV,8,4,0.014521122,2868,1
extreme_016,Extreme,OMP-BranchBoundMRV,8,5,0.018204212,3693,1
extreme_016,Extreme,OMP-BranchBoundMRV,16,1,0.070028067,2031,1
extreme_016,Extreme,OMP-BranchBoundMRV,16,2,0.043287039,2393,1
extreme_016,Extreme,OMP-BranchBoundMRV,16,3,0.029042006,2381,1
extreme_016,Extreme,OMP-BranchBoundMRV,16,4,0.012554169,1881,1
extreme_016,Extreme,OMP-BranchBoundMRV,16,5,0.016089916,2046,1
extreme_017,Extreme,Serial,1,1,0.087328166,203126,1
extreme_017,Extreme,Serial,1,2,0.086104542,203126,1
extreme_017,Extreme,Serial,1,3,0.088093125,203126,1
extreme_017,Extreme,Serial,1,4,0.086254875,203126,1
extreme_017,Extreme,Serial,1,5,0.086166416,203126,1
extreme_017,Extreme,Serial-MRV,1,1,0.074476125,5053,1
extreme_017,Extreme,Serial-MRV,1,2,0.071812625,5053,1
extreme_017,Extreme,Serial-MRV,1,3,0.072530667,5053,1
extreme_017,Extreme,Serial-MRV,1,4,0.073005458,5053,1
extreme_017,Extreme,Serial-MRV,1,5,0.071687667,5053,1
extreme_017,Extreme,BranchBound,1,1,0.086400416,203126,1
extreme_017,Extreme,BranchBound,1,2,0.086400583,203126,1
extreme_017,Extreme,BranchBound,1,3,0.088786416,203126,1
extreme_017,Extreme,BranchBound,1,4,0.086409042,203126,1
extreme_017,Extreme,BranchBound,1,5,0.086295167,203126,1
extreme_017,Extreme,BranchBoundMRV,1,1,0.080308167,5053,1
extreme_017,Extreme,BranchBoundMRV,1,2,0.079706375,5053,1
extreme_017,Extreme,BranchBoundMRV,1,3,0.081097292,5053,1
extreme_017,Extreme,BranchBoundMRV,1,4,0.080163542,5053,1
extreme_017,Extreme,BranchBoundMRV,1,5,0.079842125,5053,1
extreme_017,Extreme,OpenMP,4,1,0.028430939,4810,1
extreme_017,Extreme,OpenMP,4,2,0.028493166,4806,1
extreme_017,Extreme,OpenMP,4,3,0.028474092,4812,1
extreme_017,Extreme,OpenMP,4,4,0.028808117,4824,1
extreme_017,Extreme,OpenMP,4,5,0.028977871,4842,1
extreme_017,Extreme,OpenMP,8,1,0.075737000,5053,1
extreme_017,Extreme,OpenMP,8,2,0.065391064,5053,1
extreme_017,Extreme,OpenMP,8,3,0.126932144,4868,1
extreme_017,Extreme,OpenMP,8,4,0.067025900,5053,1
extreme_017,Extreme,OpenMP,8,5,0.044057846,5053,1
extreme_017,Extreme,OpenMP,16,1,0.074928045,3417,1
extreme_017,Extreme,OpenMP,16,2,0.086319923,4416,1
extreme_017,Extreme,OpenMP,16,3,0.116740227,4664,1
extreme_017,Extreme,OpenMP,16,4,0.108297110,5053,1
extreme_017,Extreme,OpenMP,16,5,0.143255949,4926,1
extreme_017,Extreme,OMP-BranchBoundMRV,4,1,0.029124022,4778,1
extreme_017,Extreme,OMP-BranchBoundMRV,4,2,0.029302835,4801,1
extreme_017,Extreme,OMP-BranchBoundMRV,4,3,0.029776096,4827,1
extreme_017,Extreme,OMP-BranchBoundMRV,4,4,0.029446125,4811,1
extreme_017,Extreme,OMP-BranchBoundMRV,4,5,0.029265881,4809,1
extreme_017,Extreme,OMP-BranchBoundMRV,8,1,0.040737867,4838,1
extreme_017,Extreme,OMP-BranchBoundMRV,8,2,0.040735006,4817,1
extreme_017,Extreme,OMP-BranchBoundMRV,8,3,0.036514044,4472,1
extreme_017,Extreme,OMP-BranchBoundMRV,8,4,0.040818930,4695,1
extreme_017,Extreme,OMP-BranchBoundMRV,8,5,0.046705961,4605,1
extreme_017,Extreme,OMP-BranchBoundMRV,16,1,0.069775105,2950,1
extreme_017,Extreme,OMP-BranchBoundMRV,16,2,0.122229099,4474,1
extreme_017,Extreme,OMP-BranchBoundMRV,16,3,0.091229916,4663,1
extreme_017,Extreme,OMP-BranchBoundMRV,16,4,0.060211897,3883,1
extreme_017,Extreme,OMP-BranchBoundMRV,16,5,0.209810019,5053,1
extreme_018,Extreme,Serial,1,1,0.023381292,48301,1
extreme_018,Extreme,Serial,1,2,0.023434041,48301,1
extreme_018,Extreme,Serial,1,3,0.023304208,48301,1
extreme_018,Extreme,Serial,1,4,0.022607375,48301,1
extreme_018,Extreme,Serial,1,5,0.022607666,48301,1
extreme_018,Extreme,Serial-MRV,1,1,0.086949000,5932,1
extreme_018,Extreme,Serial-MRV,1,2,0.088761250,5932,1
extreme_018,Extreme,Serial-MRV,1,3,0.085349708,5932,1
extreme_018,Extreme,Serial-MRV,1,4,0.084949792,5932,1
extreme_018,Extreme,Serial-MRV,1,5,0.085206750,5932,1
extreme_018,Extreme,BranchBound,1,1,0.021421375,48301,1
extreme_018,Extreme,BranchBound,1,2,0.021491250,48301,1
extreme_018,Extreme,BranchBound,1,3,0.021468750,48301,1
extreme_018,Extreme,BranchBound,1,4,0.021435542,48301,1
extreme_018,Extreme,BranchBound,1,5,0.021509792,48301,1
extreme_018,Extreme,BranchBoundMRV,1,1,0.095893208,5932,1
extreme_018,Extreme,BranchBoundMRV,1,2,0.099669916,5932,1
extreme_018,Extreme,BranchBoundMRV,1,3,0.096069167,5932,1
extreme_018,Extreme,BranchBoundMRV,1,4,0.095407916,5932,1
extreme_018,Extreme,BranchBoundMRV,1,5,0.095874833,5932,1
extreme_018,Extreme,OpenMP,4,1,0.019104958,4496,1
extreme_018,Extreme,OpenMP,4,2,0.018947840,4386,1
extreme_018,Extreme,OpenMP,4,3,0.018934011,4402,1
extreme_018,Extreme,OpenMP,4,4,0.019514084,4533,1
extreme_018,Extreme,OpenMP,4,5,0.020132065,4558,1
extreme_018,Extreme,OpenMP,8,1,0.026365995,5946,1
extreme_018,Extreme,OpenMP,8,2,0.026398897,6297,1
extreme_018,Extreme,OpenMP,8,3,0.054576874,6329,1
extreme_018,Extreme,OpenMP,8,4,0.023610115,5314,1
extreme_018,Extreme,OpenMP,8,5,0.028445005,5805,1
extreme_018,Extreme,OpenMP,16,1,0.109045982,5790,1
extreme_018,Extreme,OpenMP,16,2,0.078781843,5480,1
extreme_018,Extreme,OpenMP,16,3,0.066839933,6328,1
extreme_018,Extreme,OpenMP,16,4,0.065495014,6168,1
extreme_018,Extreme,OpenMP,16,5,0.098267078,6329,1
extreme_018,Extreme,OMP-BranchBoundMRV,4,1,0.019165039,4510,1
extreme_018,Extreme,OMP-BranchBoundMRV,4,2,0.019127131,4509,1
extreme_018,Extreme,OMP-BranchBoundMRV,4,3,0.019127131,4497,1
extreme_018,Extreme,OMP-BranchBoundMRV,4,4,0.019073009,4494,1
extreme_018,Extreme,OMP-BranchBoundMRV,4,5,0.019152880,4510,1
extreme_018,Extreme,OMP-BranchBoundMRV,8,1,0.031214952,5606,1
extreme_018,Extreme,OMP-BranchBoundMRV,8,2,0.032925129,6329,1
extreme_018,Extreme,OMP-BranchBoundMRV,8,3,0.031682014,6189,1
extreme_018,Extreme,OMP-BranchBoundMRV,8,4,0.029109955,6257,1
extreme_018,Extreme,OMP-BranchBoundMRV,8,5,0.030647993,6188,1
extreme_018,Extreme,OMP-BranchBoundMRV,16,1,0.077985048,6329,1
extreme_018,Extreme,OMP-BranchBoundMRV,16,2,0.141785860,5660,1
extreme_018,Extreme,OMP-BranchBoundMRV,16,3,0.062573910,5975,1
extreme_018,Extreme,OMP-BranchBoundMRV,16,4,0.082539082,6143,1
extreme_018,Extreme,OMP-BranchBoundMRV,16,5,0.080793142,6329,1
extreme_019,Extreme,Serial,1,1,0.043075750,97579,1
extreme_019,Extreme,Serial,1,2,0.042987958,97579,1
extreme_019,Extreme,Serial,1,3,0.042976416,97579,1
extreme_019,Extreme,Serial,1,4,0.043025083,97579,1
extreme_019,Extreme,Serial,1,5,0.043763375,97579,1
extreme_019,Extreme,Serial-MRV,1,1,0.074057375,5691,1
extreme_019,Extreme,Serial-MRV,1,2,0.072463750,5691,1
extreme_019,Extreme,Serial-MRV,1,3,0.073172833,5691,1
extreme_019,Extreme,Serial-MRV,1,4,0.074042125,5691,1
extreme_019,Extreme,Serial-MRV,1,5,0.072463875,5691,1
extreme_019,Extreme,BranchBound,1,1,0.043121750,97579,1
extreme_019,Extreme,BranchBound,1,2,0.043109541,97579,1
extreme_019,Extreme,BranchBound,1,3,0.043272667,97579,1
extreme_019,Extreme,BranchBound,1,4,0.043094167,97579,1
extreme_019,Extreme,BranchBound,1,5,0.043982875,97579,1
extreme_019,Extreme,BranchBoundMRV,1,1,0.083686959,5691,1
extreme_019,Extreme,BranchBoundMRV,1,2,0.082185791,5691,1
extreme_019,Extreme,BranchBoundMRV,1,3,0.084653333,5691,1
extreme_019,Extreme,BranchBoundMRV,1,4,0.082285459,5691,1
extreme_019,Extreme,BranchBoundMRV,1,5,0.082501375,5691,1
extreme_019,Extreme,OpenMP,4,1,0.010032177,2572,1
extreme_019,Extreme,OpenMP,4,2,0.009989977,2565,1
extreme_019,Extreme,OpenMP,4,3,0.009968996,2507,1
extreme_019,Extreme,OpenMP,4,4,0.009947062,2563,1
extreme_019,Extreme,OpenMP,4,5,0.009969950,2515,1
extreme_019,Extreme,OpenMP,8,1,0.023618937,5408,1
extreme_019,Extreme,OpenMP,8,2,0.023857117,5217,1
extreme_019,Extreme,OpenMP,8,3,0.009991884,2638,1
extreme_019,Extreme,OpenMP,8,4,0.015741825,4273,1
extreme_019,Extreme,OpenMP,8,5,0.015783072,4402,1
extreme_019,Extreme,OpenMP,16,1,0.017492056,3026,1
extreme_019,Extreme,OpenMP,16,2,0.050133944,3953,1
extreme_019,Extreme,OpenMP,16,3,0.033199072,4327,1
extreme_019,Extreme,OpenMP,16,4,0.034765959,3513,1
extreme_019,Extreme,OpenMP,16,5,0.066468954,5006,1
extreme_019,Extreme,OMP-BranchBoundMRV,4,1,0.010255098,2531,1
extreme_019,Extreme,OMP-BranchBoundMRV,4,2,0.010081053,2507,1
extreme_019,Extreme,OMP-BranchBoundMRV,4,3,0.010087013,2503,1
extreme_019,Extreme,OMP-BranchBoundMRV,4,4,0.010169983,2519,1
extreme_019,Extreme,OMP-BranchBoundMRV,4,5,0.010133028,2521,1
extreme_019,Extreme,OMP-BranchBoundMRV,8,1,0.015944958,4217,1
extreme_019,Extreme,OMP-BranchBoundMRV,8,2,0.016227007,4326,1
extreme_019,Extreme,OMP-BranchBoundMRV,8,3,0.025146008,5691,1
extreme_019,Extreme,OMP-BranchBoundMRV,8,4,0.015910149,4067,1
extreme_019,Extreme,OMP-BranchBoundMRV,8,5,0.016029119,4267,1
extreme_019,Extreme,OMP-BranchBoundMRV,16,1,0.103244781,3567,1
extreme_019,Extreme,OMP-BranchBoundMRV,16,2,0.021533012,3159,1
extreme_019,Extreme,OMP-BranchBoundMRV,16,3,0.037792921,4361,1
extreme_019,Extreme,OMP-BranchBoundMRV,16,4,0.038426876,3113,1
extreme_019,Extreme,OMP-BranchBoundMRV,16,5,0.069875002,4597,1
extreme_020,Extreme,Serial,1,1,0.009215834,21391,1
extreme_020,Extreme,Serial,1,2,0.009191500,21391,1
extreme_020,Extreme,Serial,1,3,0.009178500,21391,1
extreme_020,Extreme,Serial,1,4,0.009152250,21391,1
extreme_020,Extreme,Serial,1,5,0.009154375,21391,1
extreme_020,Extreme,Serial-MRV,1,1,0.087172417,6169,1
extreme_020,Extreme,Serial-MRV,1,2,0.088036458,6169,1
extreme_020,Extreme,Serial-MRV,1,3,0.096468792,6169,1
extreme_020,Extreme,Serial-MRV,1,4,0.104261333,6169,1
extreme_020,Extreme,Serial-MRV,1,5,0.091387542,6169,1
extreme_020,Extreme,BranchBound,1,1,0.009497542,21391,1
extreme_020,Extreme,BranchBound,1,2,0.011178708,21391,1
extreme_020,Extreme,BranchBound,1,3,0.010671458,21391,1
extreme_020,Extreme,BranchBound,1,4,0.009503209,21391,1
extreme_020,Extreme,BranchBound,1,5,0.009441458,21391,1
extreme_020,Extreme,BranchBoundMRV,1,1,0.109163958,6169,1
extreme_020,Extreme,BranchBoundMRV,1,2,0.111867917,6169,1
extreme_020,Extreme,BranchBoundMRV,1,3,0.110449584,6169,1
extreme_020,Extreme,BranchBoundMRV,1,4,0.108342084,6169,1
extreme_020,Extreme,BranchBoundMRV,1,5,0.112628250,6169,1
extreme_020,Extreme,OpenMP,4,1,0.040858984,6013,1
extreme_020,Extreme,OpenMP,4,2,0.022592068,4630,1
extreme_020,Extreme,OpenMP,4,3,0.020683050,3712,1
extreme_020,Extreme,OpenMP,4,4,0.020651817,3707,1
extreme_020,Extreme,OpenMP,4,5,0.020649910,3709,1
extreme_020,Extreme,OpenMP,8,1,0.035265923,5126,1
extreme_020,Extreme,OpenMP,8,2,0.022086859,4286,1
extreme_020,Extreme,OpenMP,8,3,0.037131071,5724,1
extreme_020,Extreme,OpenMP,8,4,0.033607006,5414,1
extreme_020,Extreme,OpenMP,8,5,0.031147957,5156,1
extreme_020,Extreme,OpenMP,16,1,0.080156803,5482,1
extreme_020,Extreme,OpenMP,16,2,0.074016094,6095,1
extreme_020,Extreme,OpenMP,16,3,0.043711901,2558,1
extreme_020,Extreme,OpenMP,16,4,0.051980972,3831,1
extreme_020,Extreme,OpenMP,16,5,0.116680145,5832,1
extreme_020,Extreme,OMP-BranchBoundMRV,4,1,0.021051884,4844,1
extreme_020,Extreme,OMP-BranchBoundMRV,4,2,0.020941973,4840,1
extreme_020,Extreme,OMP-BranchBoundMRV,4,3,0.020902157,4844,1
extreme_020,Extreme,OMP-BranchBoundMRV,4,4,0.020916939,4842,1
extreme_020,Extreme,OMP-BranchBoundMRV,4,5,0.020936012,4840,1
extreme_020,Extreme,OMP-BranchBoundMRV,8,1,0.032801867,5321,1
extreme_020,Extreme,OMP-BranchBoundMRV,8,2,0.027010918,4455,1
extreme_020,Extreme,OMP-BranchBoundMRV,8,3,0.026820898,4841,1
extreme_020,Extreme,OMP-BranchBoundMRV,8,4,0.021764994,3767,1
extreme_020,Extreme,OMP-BranchBoundMRV,8,5,0.034245968,5269,1
extreme_020,Extreme,OMP-BranchBoundMRV,16,1,0.043446064,2651,1
extreme_020,Extreme,OMP-BranchBoundMRV,16,2,0.106932878,5371,1
extreme_020,Extreme,OMP-BranchBoundMRV,16,3,0.056897879,4595,1
extreme_020,Extreme,OMP-BranchBoundMRV,16,4,0.100003004,4715,1
extreme_020,Extreme,OMP-BranchBoundMRV,16,5,0.068985224,4199,1
extreme_021,Extreme,Serial,1,1,2.226893584,5001890,1
extreme_021,Extreme,Serial,1,2,2.207280375,5001890,1
extreme_021,Extreme,Serial,1,3,2.215236959,5001890,1
extreme_021,Extreme,Serial,1,4,2.224401292,5001890,1
extreme_021,Extreme,Serial,1,5,2.218825875,5001890,1
extreme_021,Extreme,Serial-MRV,1,1,0.100396667,6469,1
extreme_021,Extreme,Serial-MRV,1,2,0.099437583,6469,1
extreme_021,Extreme,Serial-MRV,1,3,0.102855958,6469,1
extreme_021,Extreme,Serial-MRV,1,4,0.098970208,6469,1
extreme_021,Extreme,Serial-MRV,1,5,0.098562667,6469,1
extreme_021,Extreme,BranchBound,1,1,2.257166833,5001890,1
extreme_021,Extreme,BranchBound,1,2,2.255563167,5001890,1
extreme_021,Extreme,BranchBound,1,3,2.224212125,5001890,1
extreme_021,Extreme,BranchBound,1,4,2.230833792,5001890,1
extreme_021,Extreme,BranchBound,1,5,2.219174208,5001890,1
extreme_021,Extreme,BranchBoundMRV,1,1,0.109131667,6469,1
extreme_021,Extreme,BranchBoundMRV,1,2,0.109967834,6469,1
extreme_021,Extreme,BranchBoundMRV,1,3,0.110590917,6469,1
extreme_021,Extreme,BranchBoundMRV,1,4,0.109033541,6469,1
extreme_021,Extreme,BranchBoundMRV,1,5,0.108861958,6469,1
extreme_021,Extreme,OpenMP,4,1,0.042479992,6933,1
extreme_021,Extreme,OpenMP,4,2,0.042366982,6922,1
extreme_021,Extreme,OpenMP,4,3,0.042455912,6934,1
extreme_021,Extreme,OpenMP,4,4,0.042279005,6911,1
extreme_021,Extreme,OpenMP,4,5,0.042371988,6807,1
extreme_021,Extreme,OpenMP,8,1,0.056686163,6832,1
extreme_021,Extreme,OpenMP,8,2,0.062863111,7967,1
extreme_021,Extreme,OpenMP,8,3,0.061776876,7535,1
extreme_021,Extreme,OpenMP,8,4,0.055997133,6747,1
extreme_021,Extreme,OpenMP,8,5,0.058464050,7390,1
extreme_021,Extreme,OpenMP,16,1,0.156676054,6727,1
extreme_021,Extreme,OpenMP,16,2,0.129328012,7344,1
extreme_021,Extreme,OpenMP,16,3,0.127233028,8054,1
extreme_021,Extreme,OpenMP,16,4,0.178477049,6873,1
extreme_021,Extreme,OpenMP,16,5,0.140337944,7761,1
extreme_021,Extreme,OMP-BranchBoundMRV,4,1,0.042465925,7346,1
extreme_021,Extreme,OMP-BranchBoundMRV,4,2,0.042479992,7354,1
extreme_021,Extreme,OMP-BranchBoundMRV,4,3,0.042274952,7329,1
extreme_021,Extreme,OMP-BranchBoundMRV,4,4,0.042498112,7348,1
extreme_021,Extreme,OMP-BranchBoundMRV,4,5,0.042907953,7319,1
extreme_021,Extreme,OMP-BranchBoundMRV,8,1,0.062381029,7518,1
extreme_021,Extreme,OMP-BranchBoundMRV,8,2,0.069314957,7944,1
extreme_021,Extreme,OMP-BranchBoundMRV,8,3,0.082736969,7323,1
extreme_021,Extreme,OMP-BranchBoundMRV,8,4,0.058698177,7420,1
extreme_021,Extreme,OMP-BranchBoundMRV,8,5,0.059821129,7532,1
extreme_021,Extreme,OMP-BranchBoundMRV,16,1,0.088541031,6978,1
extreme_021,Extreme,OMP-BranchBoundMRV,16,2,0.120171070,5325,1
extreme_021,Extreme,OMP-BranchBoundMRV,16,3,0.130135059,7342,1
extreme_021,Extreme,OMP-BranchBoundMRV,16,4,0.159302950,7962,1
extreme_021,Extreme,OMP-BranchBoundMRV,16,5,0.162590981,7369,1
extreme_022,Extreme,Serial,1,1,0.014744666,33635,1
extreme_022,Extreme,Serial,1,2,0.014629333,33635,1
extreme_022,Extreme,Serial,1,3,0.014703791,33635,1
extreme_022,Extreme,Serial,1,4,0.014635667,33635,1
extreme_022,Extreme,Serial,1,5,0.014667416,33635,1
extreme_022,Extreme,Serial-MRV,1,1,0.082256375,6045,1
extreme_022,Extreme,Serial-MRV,1,2,0.083789500,6045,1
extreme_022,Extreme,Serial-MRV,1,3,0.084977916,6045,1
extreme_022,Extreme,Serial-MRV,1,4,0.082881292,6045,1
extreme_022,Extreme,Serial-MRV,1,5,0.081675167,6045,1
extreme_022,Extreme,BranchBound,1,1,0.015116541,33635,1
extreme_022,Extreme,BranchBound,1,2,0.014861375,33635,1
extreme_022,Extreme,BranchBound,1,3,0.015059042,33635,1
extreme_022,Extreme,BranchBound,1,4,0.015060666,33635,1
extreme_022,Extreme,BranchBound,1,5,0.015091125,33635,1
extreme_022,Extreme,BranchBoundMRV,1,1,0.093636209,6045,1
extreme_022,Extreme,BranchBoundMRV,1,2,0.095192292,6045,1
extreme_022,Extreme,BranchBoundMRV,1,3,0.093562375,6045,1
extreme_022,Extreme,BranchBoundMRV,1,4,0.092635417,6045,1
extreme_022,Extreme,BranchBoundMRV,1,5,0.092307750,6045,1
extreme_022,Extreme,OpenMP,4,1,0.065288067,14040,1
extreme_022,Extreme,OpenMP,4,2,0.065267086,14039,1
extreme_022,Extreme,OpenMP,4,3,0.065165043,14028,1
extreme_022,Extreme,OpenMP,4,4,0.066761971,13913,1
extreme_022,Extreme,OpenMP,4,5,0.065366030,14039,1
extreme_022,Extreme,OpenMP,8,1,0.040743828,10726,1
extreme_022,Extreme,OpenMP,8,2,0.039880037,10493,1
extreme_022,Extreme,OpenMP,8,3,0.039953947,10119,1
extreme_022,Extreme,OpenMP,8,4,0.040751934,9815,1
extreme_022,Extreme,OpenMP,8,5,0.044114828,11911,1
extreme_022,Extreme,OpenMP,16,1,0.043652058,8674,1
extreme_022,Extreme,OpenMP,16,2,0.152231932,14174,1
extreme_022,Extreme,OpenMP,16,3,0.063076019,8136,1
extreme_022,Extreme,OpenMP,16,4,0.100807905,9591,1
extreme_022,Extreme,OpenMP,16,5,0.074750900,9804,1
extreme_022,Extreme,OMP-BranchBoundMRV,4,1,0.063209057,13105,1
extreme_022,Extreme,OMP-BranchBoundMRV,4,2,0.063607931,13127,1
extreme_022,Extreme,OMP-BranchBoundMRV,4,3,0.063210964,13106,1
extreme_022,Extreme,OMP-BranchBoundMRV,4,4,0.066446066,13086,1
extreme_022,Extreme,OMP-BranchBoundMRV,4,5,0.065202951,13172,1
extreme_022,Extreme,OMP-BranchBoundMRV,8,1,0.070274115,14338,1
extreme_022,Extreme,OMP-BranchBoundMRV,8,2,0.039799929,8312,1
extreme_022,Extreme,OMP-BranchBoundMRV,8,3,0.046260118,11676,1
extreme_022,Extreme,OMP-BranchBoundMRV,8,4,0.039973021,10493,1
extreme_022,Extreme,OMP-BranchBoundMRV,8,5,0.038838863,9754,1
extreme_022,Extreme,OMP-BranchBoundMRV,16,1,0.148622990,11948,1
extreme_022,Extreme,OMP-BranchBoundMRV,16,2,0.083406925,9905,1
extreme_022,Extreme,OMP-BranchBoundMRV,16,3,0.121813059,13781,1
extreme_022,Extreme,OMP-BranchBoundMRV,16,4,0.115690947,13355,1
extreme_022,Extreme,OMP-BranchBoundMRV,16,5,0.120892048,12049,1
extreme_023,Extreme,Serial,1,1,0.001331042,3181,1
extreme_023,Extreme,Serial,1,2,0.001293208,3181,1
extreme_023,Extreme,Serial,1,3,0.001294292,3181,1
extreme_023,Extreme,Serial,1,4,0.001296625,3181,1
extreme_023,Extreme,Serial,1,5,0.001299333,3181,1
extreme_023,Extreme,Serial-MRV,1,1,0.083537792,5827,1
extreme_023,Extreme,Serial-MRV,1,2,0.083658917,5827,1
extreme_023,Extreme,Serial-MRV,1,3,0.085854083,5827,1
extreme_023,Extreme,Serial-MRV,1,4,0.086509250,5827,1
extreme_023,Extreme,Serial-MRV,1,5,0.084908167,5827,1
extreme_023,Extreme,BranchBound,1,1,0.001336042,3181,1
extreme_023,Extreme,BranchBound,1,2,0.001307750,3181,1
extreme_023,Extreme,BranchBound,1,3,0.001300209,3181,1
extreme_023,Extreme,BranchBound,1,4,0.001316333,3181,1
extreme_023,Extreme,BranchBound,1,5,0.001306667,3181,1
extreme_023,Extreme,BranchBoundMRV,1,1,0.092476208,5827,1
extreme_023,Extreme,BranchBoundMRV,1,2,0.092317334,5827,1
extreme_023,Extreme,BranchBoundMRV,1,3,0.096733125,5827,1
extreme_023,Extreme,BranchBoundMRV,1,4,0.095903042,5827,1
extreme_023,Extreme,BranchBoundMRV,1,5,0.092807125,5827,1
extreme_023,Extreme,OpenMP,4,1,0.032198906,3755,1
extreme_023,Extreme,OpenMP,4,2,0.031996965,3734,1
extreme_023,Extreme,OpenMP,4,3,0.031939030,3712,1
extreme_023,Extreme,OpenMP,4,4,0.031920910,3717,1
extreme_023,Extreme,OpenMP,4,5,0.031903028,3728,1
extreme_023,Extreme,OpenMP,8,1,0.064225912,4410,1
extreme_023,Extreme,OpenMP,8,2,0.058402061,4087,1
extreme_023,Extreme,OpenMP,8,3,0.042809010,3575,1
extreme_023,Extreme,OpenMP,8,4,0.039613962,3514,1
extreme_023,Extreme,OpenMP,8,5,0.047086000,4347,1
extreme_023,Extreme,OpenMP,16,1,0.107614040,3545,1
extreme_023,Extreme,OpenMP,16,2,0.097590923,5256,1
extreme_023,Extreme,OpenMP,16,3,0.122061968,3662,1
extreme_023,Extreme,OpenMP,16,4,0.100220919,2756,1
extreme_023,Extreme,OpenMP,16,5,0.121414900,3831,1
extreme_023,Extreme,OMP-BranchBoundMRV,4,1,0.038872957,3901,1
extreme_023,Extreme,OMP-BranchBoundMRV,4,2,0.040499926,3614,1
extreme_023,Extreme,OMP-BranchBoundMRV,4,3,0.040339947,3489,1
extreme_023,Extreme,OMP-BranchBoundMRV,4,4,0.065205097,4137,1
extreme_023,Extreme,OMP-BranchBoundMRV,4,5,0.038295984,3873,1
extreme_023,Extreme,OMP-BranchBoundMRV,8,1,0.046448946,3477,1
extreme_023,Extreme,OMP-BranchBoundMRV,8,2,0.051016092,4467,1
extreme_023,Extreme,OMP-BranchBoundMRV,8,3,0.044764042,4176,1
extreme_023,Extreme,OMP-BranchBoundMRV,8,4,0.044138908,4034,1
extreme_023,Extreme,OMP-BranchBoundMRV,8,5,0.054548979,4258,1
extreme_023,Extreme,OMP-BranchBoundMRV,16,1,0.118681908,4430,1
extreme_023,Extreme,OMP-BranchBoundMRV,16,2,0.131888151,5829,1
extreme_023,Extreme,OMP-BranchBoundMRV,16,3,0.157108068,3722,1
extreme_023,Extreme,OMP-BranchBoundMRV,16,4,0.081567049,2961,1
extreme_023,Extreme,OMP-BranchBoundMRV,16,5,0.077939987,4222,1
extreme_024,Extreme,Serial,1,1,0.034599458,79507,1
extreme_024,Extreme,Serial,1,2,0.034092500,79507,1
extreme_024,Extreme,Serial,1,3,0.050961375,79507,1
extreme_024,Extreme,Serial,1,4,0.066870416,79507,1
extreme_024,Extreme,Serial,1,5,0.073408667,79507,1
extreme_024,Extreme,Serial-MRV,1,1,0.146814375,6113,1
extreme_024,Extreme,Serial-MRV,1,2,0.095356917,6113,1
extreme_024,Extreme,Serial-MRV,1,3,0.087221667,6113,1
extreme_024,Extreme,Serial-MRV,1,4,0.086335084,6113,1
extreme_024,Extreme,Serial-MRV,1,5,0.086296750,6113,1
extreme_024,Extreme,BranchBound,1,1,0.034325042,79507,1
extreme_024,Extreme,BranchBound,1,2,0.034235041,79507,1
extreme_024,Extreme,BranchBound,1,3,0.034157584,79507,1
extreme_024,Extreme,BranchBound,1,4,0.034914709,79507,1
extreme_024,Extreme,BranchBound,1,5,0.035252083,79507,1
extreme_024,Extreme,BranchBoundMRV,1,1,0.102043625,6113,1
extreme_024,Extreme,BranchBoundMRV,1,2,0.158671458,6113,1
extreme_024,Extreme,BranchBoundMRV,1,3,0.250369000,6113,1
extreme_024,Extreme,BranchBoundMRV,1,4,0.105501000,6113,1
extreme_024,Extreme,BranchBoundMRV,1,5,0.099212208,6113,1
extreme_024,Extreme,OpenMP,4,1,0.021744013,3745,1
extreme_024,Extreme,OpenMP,4,2,0.021805048,3766,1
extreme_024,Extreme,OpenMP,4,3,0.021831036,3773,1
extreme_024,Extreme,OpenMP,4,4,0.021888018,3794,1
extreme_024,Extreme,OpenMP,4,5,0.021824121,3782,1
extreme_024,Extreme,OpenMP,8,1,0.043724060,5541,1
extreme_024,Extreme,OpenMP,8,2,0.030024052,4150,1
extreme_024,Extreme,OpenMP,8,3,0.028046131,3988,1
extreme_024,Extreme,OpenMP,8,4,0.024099112,3386,1
extreme_024,Extreme,OpenMP,8,5,0.036944866,4108,1
extreme_024,Extreme,OpenMP,16,1,0.084008932,5275,1
extreme_024,Extreme,OpenMP,16,2,0.065877914,3673,1
extreme_024,Extreme,OpenMP,16,3,0.054291010,3419,1
extreme_024,Extreme,OpenMP,16,4,0.072511911,3756,1
extreme_024,Extreme,OpenMP,16,5,0.088798046,5594,1
extreme_024,Extreme,OMP-BranchBoundMRV,4,1,0.022166014,3740,1
extreme_024,Extreme,OMP-BranchBoundMRV,4,2,0.022031069,3780,1
extreme_024,Extreme,OMP-BranchBoundMRV,4,3,0.021960974,3773,1
extreme_024,Extreme,OMP-BranchBoundMRV,4,4,0.021972895,3770,1
extreme_024,Extreme,OMP-BranchBoundMRV,4,5,0.022438049,3875,1
extreme_024,Extreme,OMP-BranchBoundMRV,8,1,0.026048899,4039,1
extreme_024,Extreme,OMP-BranchBoundMRV,8,2,0.030782938,3467,1
extreme_024,Extreme,OMP-BranchBoundMRV,8,3,0.028388023,4532,1
extreme_024,Extreme,OMP-BranchBoundMRV,8,4,0.034090996,4259,1
extreme_024,Extreme,OMP-BranchBoundMRV,8,5,0.038990974,4436,1
extreme_024,Extreme,OMP-BranchBoundMRV,16,1,0.027239799,2529,1
extreme_024,Extreme,OMP-BranchBoundMRV,16,2,0.115010977,3037,1
extreme_024,Extreme,OMP-BranchBoundMRV,16,3,0.063097000,4328,1
extreme_024,Extreme,OMP-BranchBoundMRV,16,4,0.080651999,3762,1
extreme_024,Extreme,OMP-BranchBoundMRV,16,5,0.121455193,5211,1
extreme_025,Extreme,Serial,1,1,0.030626542,72455,1
extreme_025,Extreme,Serial,1,2,0.030641500,72455,1
extreme_025,Extreme,Serial,1,3,0.030784416,72455,1
extreme_025,Extreme,Serial,1,4,0.030655708,72455,1
extreme_025,Extreme,Serial,1,5,0.030679209,72455,1
extreme_025,Extreme,Serial-MRV,1,1,0.070514833,5254,1
extreme_025,Extreme,Serial-MRV,1,2,0.071899417,5254,1
extreme_025,Extreme,Serial-MRV,1,3,0.069466167,5254,1
extreme_025,Extreme,Serial-MRV,1,4,0.069349458,5254,1
extreme_025,Extreme,Serial-MRV,1,5,0.069211625,5254,1
extreme_025,Extreme,BranchBound,1,1,0.030765208,72455,1
extreme_025,Extreme,BranchBound,1,2,0.030710125,72455,1
extreme_025,Extreme,BranchBound,1,3,0.030750208,72455,1
extreme_025,Extreme,BranchBound,1,4,0.030857083,72455,1
extreme_025,Extreme,BranchBound,1,5,0.030720375,72455,1
extreme_025,Extreme,BranchBoundMRV,1,1,0.083272416,5254,1
extreme_025,Extreme,BranchBoundMRV,1,2,0.084879500,5254,1
extreme_025,Extreme,BranchBoundMRV,1,3,0.081770958,5254,1
extreme_025,Extreme,BranchBoundMRV,1,4,0.082394375,5254,1
extreme_025,Extreme,BranchBoundMRV,1,5,0.082191792,5254,1
extreme_025,Extreme,OpenMP,4,1,0.016275883,2718,1
extreme_025,Extreme,OpenMP,4,2,0.016264915,2711,1
extreme_025,Extreme,OpenMP,4,3,0.016261816,2713,1
extreme_025,Extreme,OpenMP,4,4,0.016125917,2698,1
extreme_025,Extreme,OpenMP,4,5,0.016209841,2710,1
extreme_025,Extreme,OpenMP,8,1,0.022302151,3335,1
extreme_025,Extreme,OpenMP,8,2,0.022045851,3442,1
extreme_025,Extreme,OpenMP,8,3,0.024775982,3607,1
extreme_025,Extreme,OpenMP,8,4,0.024763823,3383,1
extreme_025,Extreme,OpenMP,8,5,0.027874947,3529,1
extreme_025,Extreme,OpenMP,16,1,0.020612001,2735,1
extreme_025,Extreme,OpenMP,16,2,0.046009064,3350,1
extreme_025,Extreme,OpenMP,16,3,0.069419146,4400,1
extreme_025,Extreme,OpenMP,16,4,0.050040960,3567,1
extreme_025,Extreme,OpenMP,16,5,0.052343130,5029,1
extreme_025,Extreme,OMP-BranchBoundMRV,4,1,0.016535997,3447,1
extreme_025,Extreme,OMP-BranchBoundMRV,4,2,0.016422033,3445,1
extreme_025,Extreme,OMP-BranchBoundMRV,4,3,0.016381979,3440,1
extreme_025,Extreme,OMP-BranchBoundMRV,4,4,0.016340971,3438,1
extreme_025,Extreme,OMP-BranchBoundMRV,4,5,0.016333103,3437,1
extreme_025,Extreme,OMP-BranchBoundMRV,8,1,0.023900032,3530,1
extreme_025,Extreme,OMP-BranchBoundMRV,8,2,0.016598940,2399,1
extreme_025,Extreme,OMP-BranchBoundMRV,8,3,0.022377968,3133,1
extreme_025,Extreme,OMP-BranchBoundMRV,8,4,0.022397041,2923,1
extreme_025,Extreme,OMP-BranchBoundMRV,8,5,0.031570196,3452,1
extreme_025,Extreme,OMP-BranchBoundMRV,16,1,0.104270935,4708,1
extreme_025,Extreme,OMP-BranchBoundMRV,16,2,0.119111061,4734,1
extreme_025,Extreme,OMP-BranchBoundMRV,16,3,0.053147793,3660,1
extreme_025,Extreme,OMP-BranchBoundMRV,16,4,0.086938143,3998,1
extreme_025,Extreme,OMP-BranchBoundMRV,16,5,0.091326952,3942,1
extreme_026,Extreme,Serial,1,1,0.002348625,4525,1
extreme_026,Extreme,Serial,1,2,0.002334541,4525,1
extreme_026,Extreme,Serial,1,3,0.002137292,4525,1
extreme_026,Extreme,Serial,1,4,0.002097542,4525,1
extreme_026,Extreme,Serial,1,5,0.002051000,4525,1
extreme_026,Extreme,Serial-MRV,1,1,0.162153208,8751,1
extreme_026,Extreme,Serial-MRV,1,2,0.150858750,8751,1
extreme_026,Extreme,Serial-MRV,1,3,0.128988625,8751,1
extreme_026,Extreme,Serial-MRV,1,4,0.130085750,8751,1
extreme_026,Extreme,Serial-MRV,1,5,0.130130750,8751,1
extreme_026,Extreme,BranchBound,1,1,0.001998166,4525,1
extreme_026,Extreme,BranchBound,1,2,0.001952542,4525,1
extreme_026,Extreme,BranchBound,1,3,0.001940708,4525,1
extreme_026,Extreme,BranchBound,1,4,0.001963167,4525,1
extreme_026,Extreme,BranchBound,1,5,0.001939292,4525,1
extreme_026,Extreme,BranchBoundMRV,1,1,0.149535333,8751,1
extreme_026,Extreme,BranchBoundMRV,1,2,0.151651125,8751,1
extreme_026,Extreme,BranchBoundMRV,1,3,0.147249750,8751,1
extreme_026,Extreme,BranchBoundMRV,1,4,0.146967875,8751,1
extreme_026,Extreme,BranchBoundMRV,1,5,0.147457666,8751,1
extreme_026,Extreme,OpenMP,4,1,0.000923872,128,1
extreme_026,Extreme,OpenMP,4,2,0.000900030,163,1
extreme_026,Extreme,OpenMP,4,3,0.000894070,128,1
extreme_026,Extreme,OpenMP,4,4,0.000911951,164,1
extreme_026,Extreme,OpenMP,4,5,0.000978947,140,1
extreme_026,Extreme,OpenMP,8,1,0.000953913,147,1
extreme_026,Extreme,OpenMP,8,2,0.000931025,173,1
extreme_026,Extreme,OpenMP,8,3,0.000976086,129,1
extreme_026,Extreme,OpenMP,8,4,0.002044916,314,1
extreme_026,Extreme,OpenMP,8,5,0.008035898,380,1
extreme_026,Extreme,OpenMP,16,1,0.019477129,260,1
extreme_026,Extreme,OpenMP,16,2,0.012573004,131,1
extreme_026,Extreme,OpenMP,16,3,0.038501024,378,1
extreme_026,Extreme,OpenMP,16,4,0.038465023,383,1
extreme_026,Extreme,OpenMP,16,5,0.013234138,326,1
extreme_026,Extreme,OMP-BranchBoundMRV,4,1,0.001232147,119,1
extreme_026,Extreme,OMP-BranchBoundMRV,4,2,0.001101971,138,1
extreme_026,Extreme,OMP-BranchBoundMRV,4,3,0.001111984,118,1
extreme_026,Extreme,OMP-BranchBoundMRV,4,4,0.001096964,154,1
extreme_026,Extreme,OMP-BranchBoundMRV,4,5,0.001127005,157,1
extreme_026,Extreme,OMP-BranchBoundMRV,8,1,0.002362967,337,1
extreme_026,Extreme,OMP-BranchBoundMRV,8,2,0.002247095,255,1
extreme_026,Extreme,OMP-BranchBoundMRV,8,3,0.001307011,151,1
extreme_026,Extreme,OMP-BranchBoundMRV,8,4,0.002601862,162,1
extreme_026,Extreme,OMP-BranchBoundMRV,8,5,0.002611160,304,1
extreme_026,Extreme,OMP-BranchBoundMRV,16,1,0.017192841,278,1
extreme_026,Extreme,OMP-BranchBoundMRV,16,2,0.044465065,358,1
extreme_026,Extreme,OMP-BranchBoundMRV,16,3,0.028764963,145,1
extreme_026,Extreme,OMP-BranchBoundMRV,16,4,0.011511087,271,1
extreme_026,Extreme,OMP-BranchBoundMRV,16,5,0.009672165,125,1
extreme_027,Extreme,Serial,1,1,0.036751083,80913,1
extreme_027,Extreme,Serial,1,2,0.034836625,80913,1
extreme_027,Extreme,Serial,1,3,0.034697292,80913,1
extreme_027,Extreme,Serial,1,4,0.034742792,80913,1
extreme_027,Extreme,Serial,1,5,0.034676750,80913,1
extreme_027,Extreme,Serial-MRV,1,1,0.075045666,5264,1
extreme_027,Extreme,Serial-MRV,1,2,0.075220750,5264,1
extreme_027,Extreme,Serial-MRV,1,3,0.073110792,5264,1
extreme_027,Extreme,Serial-MRV,1,4,0.073001959,5264,1
extreme_027,Extreme,Serial-MRV,1,5,0.073146167,5264,1
extreme_027,Extreme,BranchBound,1,1,0.035016208,80913,1
extreme_027,Extreme,BranchBound,1,2,0.034901292,80913,1
extreme_027,Extreme,BranchBound,1,3,0.034833584,80913,1
extreme_027,Extreme,BranchBound,1,4,0.035073333,80913,1
extreme_027,Extreme,BranchBound,1,5,0.034990125,80913,1
extreme_027,Extreme,BranchBoundMRV,1,1,0.085160333,5264,1
extreme_027,Extreme,BranchBoundMRV,1,2,0.084192000,5264,1
extreme_027,Extreme,BranchBoundMRV,1,3,0.082405375,5264,1
extreme_027,Extreme,BranchBoundMRV,1,4,0.082477709,5264,1
extreme_027,Extreme,BranchBoundMRV,1,5,0.082408333,5264,1
extreme_027,Extreme,OpenMP,4,1,0.013010979,2271,1
extreme_027,Extreme,OpenMP,4,2,0.013020039,2277,1
extreme_027,Extreme,OpenMP,4,3,0.013004065,2271,1
extreme_027,Extreme,OpenMP,4,4,0.013003826,2211,1
extreme_027,Extreme,OpenMP,4,5,0.012989998,2272,1
extreme_027,Extreme,OpenMP,8,1,0.013216019,2534,1
extreme_027,Extreme,OpenMP,8,2,0.028236866,4476,1
extreme_027,Extreme,OpenMP,8,3,0.018922091,3132,1
extreme_027,Extreme,OpenMP,8,4,0.013215065,2473,1
extreme_027,Extreme,OpenMP,8,5,0.017189026,2859,1
extreme_027,Extreme,OpenMP,16,1,0.049293041,2548,1
extreme_027,Extreme,OpenMP,16,2,0.054440022,3783,1
extreme_027,Extreme,OpenMP,16,3,0.052456141,3804,1
extreme_027,Extreme,OpenMP,16,4,0.079048157,3398,1
extreme_027,Extreme,OpenMP,16,5,0.073857784,3364,1
extreme_027,Extreme,OMP-BranchBoundMRV,4,1,0.013132095,2995,1
extreme_027,Extreme,OMP-BranchBoundMRV,4,2,0.013192892,3007,1
extreme_027,Extreme,OMP-BranchBoundMRV,4,3,0.013114929,3002,1
extreme_027,Extreme,OMP-BranchBoundMRV,4,4,0.013116837,3003,1
extreme_027,Extreme,OMP-BranchBoundMRV,4,5,0.013203859,2999,1
extreme_027,Extreme,OMP-BranchBoundMRV,8,1,0.017672062,3202,1
extreme_027,Extreme,OMP-BranchBoundMRV,8,2,0.016367912,2524,1
extreme_027,Extreme,OMP-BranchBoundMRV,8,3,0.013258934,2527,1
extreme_027,Extreme,OMP-BranchBoundMRV,8,4,0.018853903,2990,1
extreme_027,Extreme,OMP-BranchBoundMRV,8,5,0.019005060,3063,1
extreme_027,Extreme,OMP-BranchBoundMRV,16,1,0.049347162,2451,1
extreme_027,Extreme,OMP-BranchBoundMRV,16,2,0.043941021,2461,1
extreme_027,Extreme,OMP-BranchBoundMRV,16,3,0.102715969,3569,1
extreme_027,Extreme,OMP-BranchBoundMRV,16,4,0.028828144,1518,1
extreme_027,Extreme,OMP-BranchBoundMRV,16,5,0.034995079,2164,1
extreme_028,Extreme,Serial,1,1,0.032084792,75223,1
extreme_028,Extreme,Serial,1,2,0.031972500,75223,1
extreme_028,Extreme,Serial,1,3,0.032223375,75223,1
extreme_028,Extreme,Serial,1,4,0.031912542,75223,1
extreme_028,Extreme,Serial,1,5,0.032050083,75223,1
extreme_028,Extreme,Serial-MRV,1,1,0.101967875,6566,1
extreme_028,Extreme,Serial-MRV,1,2,0.101309833,6566,1
extreme_028,Extreme,Serial-MRV,1,3,0.099724042,6566,1
extreme_028,Extreme,Serial-MRV,1,4,0.099751417,6566,1
extreme_028,Extreme,Serial-MRV,1,5,0.099828833,6566,1
extreme_028,Extreme,BranchBound,1,1,0.032154917,75223,1
extreme_028,Extreme,BranchBound,1,2,0.032029000,75223,1
extreme_028,Extreme,BranchBound,1,3,0.032107541,75223,1
extreme_028,Extreme,BranchBound,1,4,0.032083834,75223,1
extreme_028,Extreme,BranchBound,1,5,0.032035041,75223,1
extreme_028,Extreme,BranchBoundMRV,1,1,0.117049542,6566,1
extreme_028,Extreme,BranchBoundMRV,1,2,0.114686000,6566,1
extreme_028,Extreme,BranchBoundMRV,1,3,0.113409958,6566,1
extreme_028,Extreme,BranchBoundMRV,1,4,0.114012667,6566,1
extreme_028,Extreme,BranchBoundMRV,1,5,0.113399834,6566,1
extreme_028,Extreme,OpenMP,4,1,0.013810873,2841,1
extreme_028,Extreme,OpenMP,4,2,0.013776064,2844,1
extreme_028,Extreme,OpenMP,4,3,0.013856888,2856,1
extreme_028,Extreme,OpenMP,4,4,0.013764858,2840,1
extreme_028,Extreme,OpenMP,4,5,0.013793945,2837,1
extreme_028,Extreme,OpenMP,8,1,0.019451857,3503,1
extreme_028,Extreme,OpenMP,8,2,0.019671917,2928,1
extreme_028,Extreme,OpenMP,8,3,0.019094944,3479,1
extreme_028,Extreme,OpenMP,8,4,0.019173861,3574,1
extreme_028,Extreme,OpenMP,8,5,0.018985033,3443,1
extreme_028,Extreme,OpenMP,16,1,0.083745956,3196,1
extreme_028,Extreme,OpenMP,16,2,0.051014900,3694,1
extreme_028,Extreme,OpenMP,16,3,0.076968908,2660,1
extreme_028,Extreme,OpenMP,16,4,0.051440001,3683,1
extreme_028,Extreme,OpenMP,16,5,0.086777925,4508,1
extreme_028,Extreme,OMP-BranchBoundMRV,4,1,0.013957024,2840,1
extreme_028,Extreme,OMP-BranchBoundMRV,4,2,0.013972044,2853,1
extreme_028,Extreme,OMP-BranchBoundMRV,4,3,0.013895988,2848,1
extreme_028,Extreme,OMP-BranchBoundMRV,4,4,0.013923168,2848,1
extreme_028,Extreme,OMP-BranchBoundMRV,4,5,0.013869047,2840,1
extreme_028,Extreme,OMP-BranchBoundMRV,8,1,0.019621849,3523,1
extreme_028,Extreme,OMP-BranchBoundMRV,8,2,0.032557011,4493,1
extreme_028,Extreme,OMP-BranchBoundMRV,8,3,0.019194841,3764,1
extreme_028,Extreme,OMP-BranchBoundMRV,8,4,0.019700050,3491,1
extreme_028,Extreme,OMP-BranchBoundMRV,8,5,0.018943071,3412,1
extreme_028,Extreme,OMP-BranchBoundMRV,16,1,0.082678080,5996,1
extreme_028,Extreme,OMP-BranchBoundMRV,16,2,0.047768116,2774,1
extreme_028,Extreme,OMP-BranchBoundMRV,16,3,0.097339869,2106,1
extreme_028,Extreme,OMP-BranchBoundMRV,16,4,0.053211927,4030,1
extreme_028,Extreme,OMP-BranchBoundMRV,16,5,0.046509027,3558,1
extreme_029,Extreme,Serial,1,1,0.115318375,270550,1
extreme_029,Extreme,Serial,1,2,0.116358208,270550,1
extreme_029,Extreme,Serial,1,3,0.116328000,270550,1
extreme_029,Extreme,Serial,1,4,0.115166875,270550,1
extreme_029,Extreme,Serial,1,5,0.115124250,270550,1
extreme_029,Extreme,Serial-MRV,1,1,0.106891959,7740,1
extreme_029,Extreme,Serial-MRV,1,2,0.107364250,7740,1
extreme_029,Extreme,Serial-MRV,1,3,0.108029917,7740,1
extreme_029,Extreme,Serial-MRV,1,4,0.107121417,7740,1
extreme_029,Extreme,Serial-MRV,1,5,0.106881500,7740,1
extreme_029,Extreme,BranchBound,1,1,0.117888291,270550,1
extreme_029,Extreme,BranchBound,1,2,0.116941917,270550,1
extreme_029,Extreme,BranchBound,1,3,0.116665833,270550,1
extreme_029,Extreme,BranchBound,1,4,0.116019291,270550,1
extreme_029,Extreme,BranchBound,1,5,0.115970166,270550,1
extreme_029,Extreme,BranchBoundMRV,1,1,0.121002958,7740,1
extreme_029,Extreme,BranchBoundMRV,1,2,0.122541167,7740,1
extreme_029,Extreme,BranchBoundMRV,1,3,0.121087334,7740,1
extreme_029,Extreme,BranchBoundMRV,1,4,0.121210583,7740,1
extreme_029,Extreme,BranchBoundMRV,1,5,0.121005041,7740,1
extreme_029,Extreme,OpenMP,4,1,0.034317970,6591,1
extreme_029,Extreme,OpenMP,4,2,0.034270048,7491,1
extreme_029,Extreme,OpenMP,4,3,0.034240007,6584,1
extreme_029,Extreme,OpenMP,4,4,0.034301996,6597,1
extreme_029,Extreme,OpenMP,4,5,0.034215927,6570,1
extreme_029,Extreme,OpenMP,8,1,0.052314997,7740,1
extreme_029,Extreme,OpenMP,8,2,0.047303915,7740,1
extreme_029,Extreme,OpenMP,8,3,0.051894903,7740,1
extreme_029,Extreme,OpenMP,8,4,0.037434101,7740,1
extreme_029,Extreme,OpenMP,8,5,0.040886879,7740,1
extreme_029,Extreme,OpenMP,16,1,0.154763937,7740,1
extreme_029,Extreme,OpenMP,16,2,0.116945982,7740,1
extreme_029,Extreme,OpenMP,16,3,0.089905024,7740,1
extreme_029,Extreme,OpenMP,16,4,0.101579905,7740,1
extreme_029,Extreme,OpenMP,16,5,0.098218918,7476,1
extreme_029,Extreme,OMP-BranchBoundMRV,4,1,0.034600019,6998,1
extreme_029,Extreme,OMP-BranchBoundMRV,4,2,0.034382105,7491,1
extreme_029,Extreme,OMP-BranchBoundMRV,4,3,0.034378052,7492,1
extreme_029,Extreme,OMP-BranchBoundMRV,4,4,0.034296989,7478,1
extreme_029,Extreme,OMP-BranchBoundMRV,4,5,0.034319878,7496,1
extreme_029,Extreme,OMP-BranchBoundMRV,8,1,0.046159029,7740,1
extreme_029,Extreme,OMP-BranchBoundMRV,8,2,0.071064949,7740,1
extreme_029,Extreme,OMP-BranchBoundMRV,8,3,0.035955906,7650,1
extreme_029,Extreme,OMP-BranchBoundMRV,8,4,0.068773031,7740,1
extreme_029,Extreme,OMP-BranchBoundMRV,8,5,0.052109957,7740,1
extreme_029,Extreme,OMP-BranchBoundMRV,16,1,0.138378859,7740,1
extreme_029,Extreme,OMP-BranchBoundMRV,16,2,0.124780893,7740,1
extreme_029,Extreme,OMP-BranchBoundMRV,16,3,0.081045866,7740,1
extreme_029,Extreme,OMP-BranchBoundMRV,16,4,0.119070053,7544,1
extreme_029,Extreme,OMP-BranchBoundMRV,16,5,0.085667849,7740,1
extreme_030,Extreme,Serial,1,1,0.041636042,98333,1
extreme_030,Extreme,Serial,1,2,0.041451542,98333,1
extreme_030,Extreme,Serial,1,3,0.041457250,98333,1
extreme_030,Extreme,Serial,1,4,0.041484875,98333,1
extreme_030,Extreme,Serial,1,5,0.041785208,98333,1
extreme_030,Extreme,Serial-MRV,1,1,0.078632459,5411,1
extreme_030,Extreme,Serial-MRV,1,2,0.077012666,5411,1
extreme_030,Extreme,Serial-MRV,1,3,0.078297334,5411,1
extreme_030,Extreme,Serial-MRV,1,4,0.077652125,5411,1
extreme_030,Extreme,Serial-MRV,1,5,0.077027167,5411,1
extreme_030,Extreme,BranchBound,1,1,0.041842333,98333,1
extreme_030,Extreme,BranchBound,1,2,0.041676541,98333,1
extreme_030,Extreme,BranchBound,1,3,0.041750958,98333,1
extreme_030,Extreme,BranchBound,1,4,0.041731541,98333,1
extreme_030,Extreme,BranchBound,1,5,0.041758125,98333,1
extreme_030,Extreme,BranchBoundMRV,1,1,0.088644083,5411,1
extreme_030,Extreme,BranchBoundMRV,1,2,0.086915000,5411,1
extreme_030,Extreme,BranchBoundMRV,1,3,0.088633583,5411,1
extreme_030,Extreme,BranchBoundMRV,1,4,0.086483917,5411,1
extreme_030,Extreme,BranchBoundMRV,1,5,0.086708792,5411,1
extreme_030,Extreme,OpenMP,4,1,0.040542841,7239,1
extreme_030,Extreme,OpenMP,4,2,0.040631056,7245,1
extreme_030,Extreme,OpenMP,4,3,0.040454149,7219,1
extreme_030,Extreme,OpenMP,4,4,0.040368080,7233,1
extreme_030,Extreme,OpenMP,4,5,0.040723085,7261,1
extreme_030,Extreme,OpenMP,8,1,0.041752100,5705,1
extreme_030,Extreme,OpenMP,8,2,0.062659979,7014,1
extreme_030,Extreme,OpenMP,8,3,0.047232151,6330,1
extreme_030,Extreme,OpenMP,8,4,0.056565046,6770,1
extreme_030,Extreme,OpenMP,8,5,0.068501949,6960,1
extreme_030,Extreme,OpenMP,16,1,0.162358999,8987,1
extreme_030,Extreme,OpenMP,16,2,0.096109867,5967,1
extreme_030,Extreme,OpenMP,16,3,0.141543865,8640,1
extreme_030,Extreme,OpenMP,16,4,0.130168915,7240,1
extreme_030,Extreme,OpenMP,16,5,0.184588909,8987,1
extreme_030,Extreme,OMP-BranchBoundMRV,4,1,0.040927172,7223,1
extreme_030,Extreme,OMP-BranchBoundMRV,4,2,0.041880131,7237,1
extreme_030,Extreme,OMP-BranchBoundMRV,4,3,0.041685104,7229,1
extreme_030,Extreme,OMP-BranchBoundMRV,4,4,0.041339159,7193,1
extreme_030,Extreme,OMP-BranchBoundMRV,4,5,0.042383909,7203,1
extreme_030,Extreme,OMP-BranchBoundMRV,8,1,0.056474924,7310,1
extreme_030,Extreme,OMP-BranchBoundMRV,8,2,0.070715904,8060,1
extreme_030,Extreme,OMP-BranchBoundMRV,8,3,0.046419144,6419,1
extreme_030,Extreme,OMP-BranchBoundMRV,8,4,0.069848061,7964,1
extreme_030,Extreme,OMP-BranchBoundMRV,8,5,0.065967083,6958,1
extreme_030,Extreme,OMP-BranchBoundMRV,16,1,0.209985018,8065,1
extreme_030,Extreme,OMP-BranchBoundMRV,16,2,0.102797031,7419,1
extreme_030,Extreme,OMP-BranchBoundMRV,16,3,0.132254839,6825,1
extreme_030,Extreme,OMP-BranchBoundMRV,16,4,0.132946014,8243,1
extreme_030,Extreme,OMP-BranchBoundMRV,16,5,0.133557081,6411,1
extreme_031,Extreme,Serial,1,1,0.018191667,42354,1
extreme_031,Extreme,Serial,1,2,0.018013708,42354,1
extreme_031,Extreme,Serial,1,3,0.017943625,42354,1
extreme_031,Extreme,Serial,1,4,0.017885000,42354,1
extreme_031,Extreme,Serial,1,5,0.018063208,42354,1
extreme_031,Extreme,Serial-MRV,1,1,0.154416500,10785,1
extreme_031,Extreme,Serial-MRV,1,2,0.154427459,10785,1
extreme_031,Extreme,Serial-MRV,1,3,0.152247333,10785,1
extreme_031,Extreme,Serial-MRV,1,4,0.152525541,10785,1
extreme_031,Extreme,Serial-MRV,1,5,0.152366334,10785,1
extreme_031,Extreme,BranchBound,1,1,0.018086292,42354,1
extreme_031,Extreme,BranchBound,1,2,0.017973584,42354,1
extreme_031,Extreme,BranchBound,1,3,0.018040375,42354,1
extreme_031,Extreme,BranchBound,1,4,0.018013500,42354,1
extreme_031,Extreme,BranchBound,1,5,0.018048917,42354,1
extreme_031,Extreme,BranchBoundMRV,1,1,0.173692250,10785,1
extreme_031,Extreme,BranchBoundMRV,1,2,0.171941584,10785,1
extreme_031,Extreme,BranchBoundMRV,1,3,0.171424334,10785,1
extreme_031,Extreme,BranchBoundMRV,1,4,0.169963125,10785,1
extreme_031,Extreme,BranchBoundMRV,1,5,0.169933292,10785,1
extreme_031,Extreme,OpenMP,4,1,0.006893873,1448,1
extreme_031,Extreme,OpenMP,4,2,0.006844044,1446,1
extreme_031,Extreme,OpenMP,4,3,0.006787062,1436,1
extreme_031,Extreme,OpenMP,4,4,0.006798029,1436,1
extreme_031,Extreme,OpenMP,4,5,0.006786108,1431,1
extreme_031,Extreme,OpenMP,8,1,0.002085924,401,1
extreme_031,Extreme,OpenMP,8,2,0.002118111,471,1
extreme_031,Extreme,OpenMP,8,3,0.002219200,438,1
extreme_031,Extreme,OpenMP,8,4,0.001024961,203,1
extreme_031,Extreme,OpenMP,8,5,0.020300865,2193,1
extreme_031,Extreme,OpenMP,16,1,0.020153999,353,1
extreme_031,Extreme,OpenMP,16,2,0.016824961,363,1
extreme_031,Extreme,OpenMP,16,3,0.020144939,474,1
extreme_031,Extreme,OpenMP,16,4,0.023185015,498,1
extreme_031,Extreme,OpenMP,16,5,0.030157089,346,1
extreme_031,Extreme,OMP-BranchBoundMRV,4,1,0.007004976,1455,1
extreme_031,Extreme,OMP-BranchBoundMRV,4,2,0.007007122,1455,1
extreme_031,Extreme,OMP-BranchBoundMRV,4,3,0.006984949,1455,1
extreme_031,Extreme,OMP-BranchBoundMRV,4,4,0.007001162,1450,1
extreme_031,Extreme,OMP-BranchBoundMRV,4,5,0.007102966,1369,1
extreme_031,Extreme,OMP-BranchBoundMRV,8,1,0.001453161,213,1
extreme_031,Extreme,OMP-BranchBoundMRV,8,2,0.002193928,223,1
extreme_031,Extreme,OMP-BranchBoundMRV,8,3,0.001722813,310,1
extreme_031,Extreme,OMP-BranchBoundMRV,8,4,0.002840042,365,1
extreme_031,Extreme,OMP-BranchBoundMRV,8,5,0.002213001,417,1
extreme_031,Extreme,OMP-BranchBoundMRV,16,1,0.010845900,152,1
extreme_031,Extreme,OMP-BranchBoundMRV,16,2,0.011960983,401,1
extreme_031,Extreme,OMP-BranchBoundMRV,16,3,0.012164831,478,1
extreme_031,Extreme,OMP-BranchBoundMRV,16,4,0.014794111,348,1
extreme_031,Extreme,OMP-BranchBoundMRV,16,5,0.020054102,1006,1
extreme_032,Extreme,Serial,1,1,0.006357125,14678,1
extreme_032,Extreme,Serial,1,2,0.006451500,14678,1
extreme_032,Extreme,Serial,1,3,0.006302083,14678,1
extreme_032,Extreme,Serial,1,4,0.006152959,14678,1
extreme_032,Extreme,Serial,1,5,0.006170333,14678,1
extreme_032,Extreme,Serial-MRV,1,1,0.076630375,5201,1
extreme_032,Extreme,Serial-MRV,1,2,0.078949334,5201,1
extreme_032,Extreme,Serial-MRV,1,3,0.078451000,5201,1
extreme_032,Extreme,Serial-MRV,1,4,0.076615334,5201,1
extreme_032,Extreme,Serial-MRV,1,5,0.076558417,5201,1
extreme_032,Extreme,BranchBound,1,1,0.006167833,14678,1
extreme_032,Extreme,BranchBound,1,2,0.006176250,14678,1
extreme_032,Extreme,BranchBound,1,3,0.006192417,14678,1
extreme_032,Extreme,BranchBound,1,4,0.006187958,14678,1
extreme_032,Extreme,BranchBound,1,5,0.006147083,14678,1
extreme_032,Extreme,BranchBoundMRV,1,1,0.084858333,5201,1
extreme_032,Extreme,BranchBoundMRV,1,2,0.084599250,5201,1
extreme_032,Extreme,BranchBoundMRV,1,3,0.088307417,5201,1
extreme_032,Extreme,BranchBoundMRV,1,4,0.085435333,5201,1
extreme_032,Extreme,BranchBoundMRV,1,5,0.085618250,5201,1
extreme_032,Extreme,OpenMP,4,1,0.014905930,2209,1
extreme_032,Extreme,OpenMP,4,2,0.021044970,2867,1
extreme_032,Extreme,OpenMP,4,3,0.014639854,2334,1
extreme_032,Extreme,OpenMP,4,4,0.014906883,2318,1
extreme_032,Extreme,OpenMP,4,5,0.014829874,2312,1
extreme_032,Extreme,OpenMP,8,1,0.021553993,2046,1
extreme_032,Extreme,OpenMP,8,2,0.020669222,2292,1
extreme_032,Extreme,OpenMP,8,3,0.033165932,3348,1
extreme_032,Extreme,OpenMP,8,4,0.020495892,2281,1
extreme_032,Extreme,OpenMP,8,5,0.021486998,2736,1
extreme_032,Extreme,OpenMP,16,1,0.032912016,1590,1
extreme_032,Extreme,OpenMP,16,2,0.082583189,3010,1
extreme_032,Extreme,OpenMP,16,3,0.067059040,3336,1
extreme_032,Extreme,OpenMP,16,4,0.131582022,1992,1
extreme_032,Extreme,OpenMP,16,5,0.049885035,2373,1
extreme_032,Extreme,OMP-BranchBoundMRV,4,1,0.014815092,2338,1
extreme_032,Extreme,OMP-BranchBoundMRV,4,2,0.014830112,2346,1
extreme_032,Extreme,OMP-BranchBoundMRV,4,3,0.014771938,2339,1
extreme_032,Extreme,OMP-BranchBoundMRV,4,4,0.014724970,2339,1
extreme_032,Extreme,OMP-BranchBoundMRV,4,5,0.015402079,2384,1
extreme_032,Extreme,OMP-BranchBoundMRV,8,1,0.020571947,2657,1
extreme_032,Extreme,OMP-BranchBoundMRV,8,2,0.041642904,2362,1
extreme_032,Extreme,OMP-BranchBoundMRV,8,3,0.021193981,2277,1
extreme_032,Extreme,OMP-BranchBoundMRV,8,4,0.020686150,2704,1
extreme_032,Extreme,OMP-BranchBoundMRV,8,5,0.020780087,2411,1
extreme_032,Extreme,OMP-BranchBoundMRV,16,1,0.039317846,2470,1
extreme_032,Extreme,OMP-BranchBoundMRV,16,2,0.098340034,1377,1
extreme_032,Extreme,OMP-BranchBoundMRV,16,3,0.053274870,2885,1
extreme_032,Extreme,OMP-BranchBoundMRV,16,4,0.088103056,4007,1
extreme_032,Extreme,OMP-BranchBoundMRV,16,5,0.057229042,3273,1
extreme_033,Extreme,Serial,1,1,0.056111917,135487,1
extreme_033,Extreme,Serial,1,2,0.055599916,135487,1
extreme_033,Extreme,Serial,1,3,0.055617250,135487,1
extreme_033,Extreme,Serial,1,4,0.056143542,135487,1
extreme_033,Extreme,Serial,1,5,0.057055667,135487,1
extreme_033,Extreme,Serial-MRV,1,1,0.084601042,5391,1
extreme_033,Extreme,Serial-MRV,1,2,0.084304167,5391,1
extreme_033,Extreme,Serial-MRV,1,3,0.086210750,5391,1
extreme_033,Extreme,Serial-MRV,1,4,0.084401333,5391,1
extreme_033,Extreme,Serial-MRV,1,5,0.084250250,5391,1
extreme_033,Extreme,BranchBound,1,1,0.055926833,135487,1
extreme_033,Extreme,BranchBound,1,2,0.055742500,135487,1
extreme_033,Extreme,BranchBound,1,3,0.055802333,135487,1
extreme_033,Extreme,BranchBound,1,4,0.056639000,135487,1
extreme_033,Extreme,BranchBound,1,5,0.056886208,135487,1
extreme_033,Extreme,BranchBoundMRV,1,1,0.096720792,5391,1
extreme_033,Extreme,BranchBoundMRV,1,2,0.096692167,5391,1
extreme_033,Extreme,BranchBoundMRV,1,3,0.098433541,5391,1
extreme_033,Extreme,BranchBoundMRV,1,4,0.096787208,5391,1
extreme_033,Extreme,BranchBoundMRV,1,5,0.096133750,5391,1
extreme_033,Extreme,OpenMP,4,1,0.014117002,2993,1
extreme_033,Extreme,OpenMP,4,2,0.013952971,2976,1
extreme_033,Extreme,OpenMP,4,3,0.013997078,2905,1
extreme_033,Extreme,OpenMP,4,4,0.013941050,2974,1
extreme_033,Extreme,OpenMP,4,5,0.013921976,2975,1
extreme_033,Extreme,OpenMP,8,1,0.014089823,3607,1
extreme_033,Extreme,OpenMP,8,2,0.020608902,4598,1
extreme_033,Extreme,OpenMP,8,3,0.017624140,4833,1
extreme_033,Extreme,OpenMP,8,4,0.019680977,4554,1
extreme_033,Extreme,OpenMP,8,5,0.014745951,4303,1
extreme_033,Extreme,OpenMP,16,1,0.069290161,5391,1
extreme_033,Extreme,OpenMP,16,2,0.028952837,2160,1
extreme_033,Extreme,OpenMP,16,3,0.049510002,4757,1
extreme_033,Extreme,OpenMP,16,4,0.056922913,5207,1
extreme_033,Extreme,OpenMP,16,5,0.086575031,5000,1
extreme_033,Extreme,OMP-BranchBoundMRV,4,1,0.014204979,2890,1
extreme_033,Extreme,OMP-BranchBoundMRV,4,2,0.014163971,2884,1
extreme_033,Extreme,OMP-BranchBoundMRV,4,3,0.014238119,2895,1
extreme_033,Extreme,OMP-BranchBoundMRV,4,4,0.014182091,2890,1
extreme_033,Extreme,OMP-BranchBoundMRV,4,5,0.014181137,2891,1
extreme_033,Extreme,OMP-BranchBoundMRV,8,1,0.023393869,4520,1
extreme_033,Extreme,OMP-BranchBoundMRV,8,2,0.020014048,4733,1
extreme_033,Extreme,OMP-BranchBoundMRV,8,3,0.014263868,3062,1
extreme_033,Extreme,OMP-BranchBoundMRV,8,4,0.014255047,2920,1
extreme_033,Extreme,OMP-BranchBoundMRV,8,5,0.014231920,2866,1
extreme_033,Extreme,OMP-BranchBoundMRV,16,1,0.071142197,4387,1
extreme_033,Extreme,OMP-BranchBoundMRV,16,2,0.059492826,4807,1
extreme_033,Extreme,OMP-BranchBoundMRV,16,3,0.073859930,5234,1
extreme_033,Extreme,OMP-BranchBoundMRV,16,4,0.068646908,5193,1
extreme_033,Extreme,OMP-BranchBoundMRV,16,5,0.073148966,4891,1
extreme_034,Extreme,Serial,1,1,0.037975250,87388,1
extreme_034,Extreme,Serial,1,2,0.037929750,87388,1
extreme_034,Extreme,Serial,1,3,0.037838125,87388,1
extreme_034,Extreme,Serial,1,4,0.037866875,87388,1
extreme_034,Extreme,Serial,1,5,0.037941042,87388,1
extreme_034,Extreme,Serial-MRV,1,1,0.066027416,5061,1
extreme_034,Extreme,Serial-MRV,1,2,0.065958333,5061,1
extreme_034,Extreme,Serial-MRV,1,3,0.069809625,5061,1
extreme_034,Extreme,Serial-MRV,1,4,0.088696791,5061,1
extreme_034,Extreme,Serial-MRV,1,5,0.080548708,5061,1
extreme_034,Extreme,BranchBound,1,1,0.039525458,87388,1
extreme_034,Extreme,BranchBound,1,2,0.039452708,87388,1
extreme_034,Extreme,BranchBound,1,3,0.042281709,87388,1
extreme_034,Extreme,BranchBound,1,4,0.040551750,87388,1
extreme_034,Extreme,BranchBound,1,5,0.042759167,87388,1
extreme_034,Extreme,BranchBoundMRV,1,1,0.084573375,5061,1
extreme_034,Extreme,BranchBoundMRV,1,2,0.075402750,5061,1
extreme_034,Extreme,BranchBoundMRV,1,3,0.081087625,5061,1
extreme_034,Extreme,BranchBoundMRV,1,4,0.079414291,5061,1
extreme_034,Extreme,BranchBoundMRV,1,5,0.079141750,5061,1
extreme_034,Extreme,OpenMP,4,1,0.034835100,5115,1
extreme_034,Extreme,OpenMP,4,2,0.034369946,4967,1
extreme_034,Extreme,OpenMP,4,3,0.024691105,4828,1
extreme_034,Extreme,OpenMP,4,4,0.024328947,4840,1
extreme_034,Extreme,OpenMP,4,5,0.023849964,4848,1
extreme_034,Extreme,OpenMP,8,1,0.035189867,4824,1
extreme_034,Extreme,OpenMP,8,2,0.039727926,5070,1
extreme_034,Extreme,OpenMP,8,3,0.031659126,4336,1
extreme_034,Extreme,OpenMP,8,4,0.031605959,4530,1
extreme_034,Extreme,OpenMP,8,5,0.038241863,4868,1
extreme_034,Extreme,OpenMP,16,1,0.083323002,4985,1
extreme_034,Extreme,OpenMP,16,2,0.045166016,4155,1
extreme_034,Extreme,OpenMP,16,3,0.042847157,2760,1
extreme_034,Extreme,OpenMP,16,4,0.069714069,5303,1
extreme_034,Extreme,OpenMP,16,5,0.108386040,4661,1
extreme_034,Extreme,OMP-BranchBoundMRV,4,1,0.023964167,4848,1
extreme_034,Extreme,OMP-BranchBoundMRV,4,2,0.023862123,4847,1
extreme_034,Extreme,OMP-BranchBoundMRV,4,3,0.023850918,4849,1
extreme_034,Extreme,OMP-BranchBoundMRV,4,4,0.023874998,4850,1
extreme_034,Extreme,OMP-BranchBoundMRV,4,5,0.023857117,4844,1
extreme_034,Extreme,OMP-BranchBoundMRV,8,1,0.035903931,5013,1
extreme_034,Extreme,OMP-BranchBoundMRV,8,2,0.023922920,4445,1
extreme_034,Extreme,OMP-BranchBoundMRV,8,3,0.029884815,4849,1
extreme_034,Extreme,OMP-BranchBoundMRV,8,4,0.038948059,5597,1
extreme_034,Extreme,OMP-BranchBoundMRV,8,5,0.039568186,5161,1
extreme_034,Extreme,OMP-BranchBoundMRV,16,1,0.162276983,5648,1
extreme_034,Extreme,OMP-BranchBoundMRV,16,2,0.085874081,5648,1
extreme_034,Extreme,OMP-BranchBoundMRV,16,3,0.087035179,4835,1
extreme_034,Extreme,OMP-BranchBoundMRV,16,4,0.123200178,5139,1
extreme_034,Extreme,OMP-BranchBoundMRV,16,5,0.069351196,5116,1
extreme_035,Extreme,Serial,1,1,0.047541042,109347,1
extreme_035,Extreme,Serial,1,2,0.047037625,109347,1
extreme_035,Extreme,Serial,1,3,0.047095416,109347,1
extreme_035,Extreme,Serial,1,4,0.046912916,109347,1
extreme_035,Extreme,Serial,1,5,0.048547292,109347,1
extreme_035,Extreme,Serial-MRV,1,1,0.089378750,6269,1
extreme_035,Extreme,Serial-MRV,1,2,0.088461042,6269,1
extreme_035,Extreme,Serial-MRV,1,3,0.089862708,6269,1
extreme_035,Extreme,Serial-MRV,1,4,0.088725125,6269,1
extreme_035,Extreme,Serial-MRV,1,5,0.091181250,6269,1
extreme_035,Extreme,BranchBound,1,1,0.049436875,109347,1
extreme_035,Extreme,BranchBound,1,2,0.050191500,109347,1
extreme_035,Extreme,BranchBound,1,3,0.047511792,109347,1
extreme_035,Extreme,BranchBound,1,4,0.047421375,109347,1
extreme_035,Extreme,BranchBound,1,5,0.048975291,109347,1
extreme_035,Extreme,BranchBoundMRV,1,1,0.099439000,6269,1
extreme_035,Extreme,BranchBoundMRV,1,2,0.098839042,6269,1
extreme_035,Extreme,BranchBoundMRV,1,3,0.100522750,6269,1
extreme_035,Extreme,BranchBoundMRV,1,4,0.098609708,6269,1
extreme_035,Extreme,BranchBoundMRV,1,5,0.098415333,6269,1
extreme_035,Extreme,OpenMP,4,1,0.001775026,286,1
extreme_035,Extreme,OpenMP,4,2,0.001748800,286,1
extreme_035,Extreme,OpenMP,4,3,0.001740932,378,1
extreme_035,Extreme,OpenMP,4,4,0.001735926,286,1
extreme_035,Extreme,OpenMP,4,5,0.001736879,378,1
extreme_035,Extreme,OpenMP,8,1,0.001819134,320,1
extreme_035,Extreme,OpenMP,8,2,0.009078026,1200,1
extreme_035,Extreme,OpenMP,8,3,0.004128218,1088,1
extreme_035,Extreme,OpenMP,8,4,0.001766920,403,1
extreme_035,Extreme,OpenMP,8,5,0.001819849,385,1
extreme_035,Extreme,OpenMP,16,1,0.015518904,869,1
extreme_035,Extreme,OpenMP,16,2,0.019711971,404,1
extreme_035,Extreme,OpenMP,16,3,0.013175964,1051,1
extreme_035,Extreme,OpenMP,16,4,0.030222178,986,1
extreme_035,Extreme,OpenMP,16,5,0.038606882,3721,1
extreme_035,Extreme,OMP-BranchBoundMRV,4,1,0.001905918,384,1
extreme_035,Extreme,OMP-BranchBoundMRV,4,2,0.001893997,384,1
extreme_035,Extreme,OMP-BranchBoundMRV,4,3,0.001892090,384,1
extreme_035,Extreme,OMP-BranchBoundMRV,4,4,0.001888037,384,1
extreme_035,Extreme,OMP-BranchBoundMRV,4,5,0.001886129,384,1
extreme_035,Extreme,OMP-BranchBoundMRV,8,1,0.001931906,407,1
extreme_035,Extreme,OMP-BranchBoundMRV,8,2,0.001939058,392,1
extreme_035,Extreme,OMP-BranchBoundMRV,8,3,0.001927137,475,1
extreme_035,Extreme,OMP-BranchBoundMRV,8,4,0.004333019,1224,1
extreme_035,Extreme,OMP-BranchBoundMRV,8,5,0.001941204,472,1
extreme_035,Extreme,OMP-BranchBoundMRV,16,1,0.019309044,1235,1
extreme_035,Extreme,OMP-BranchBoundMRV,16,2,0.039276123,310,1
extreme_035,Extreme,OMP-BranchBoundMRV,16,3,0.017874002,728,1
extreme_035,Extreme,OMP-BranchBoundMRV,16,4,0.016497135,408,1
extreme_035,Extreme,OMP-BranchBoundMRV,16,5,0.035745144,675,1
extreme_036,Extreme,Serial,1,1,0.017027292,37739,1
extreme_036,Extreme,Serial,1,2,0.016403958,37739,1
extreme_036,Extreme,Serial,1,3,0.016480208,37739,1
extreme_036,Extreme,Serial,1,4,0.016354416,37739,1
extreme_036,Extreme,Serial,1,5,0.016344584,37739,1
extreme_036,Extreme,Serial-MRV,1,1,0.085633708,5791,1
extreme_036,Extreme,Serial-MRV,1,2,0.087671750,5791,1
extreme_036,Extreme,Serial-MRV,1,3,0.087166958,5791,1
extreme_036,Extreme,Serial-MRV,1,4,0.085492875,5791,1
extreme_036,Extreme,Serial-MRV,1,5,0.085650583,5791,1
extreme_036,Extreme,BranchBound,1,1,0.016434416,37739,1
extreme_036,Extreme,BranchBound,1,2,0.016435208,37739,1
extreme_036,Extreme,BranchBound,1,3,0.016472625,37739,1
extreme_036,Extreme,BranchBound,1,4,0.016439000,37739,1
extreme_036,Extreme,BranchBound,1,5,0.016387750,37739,1
extreme_036,Extreme,BranchBoundMRV,1,1,0.098513000,5791,1
extreme_036,Extreme,BranchBoundMRV,1,2,0.101148459,5791,1
extreme_036,Extreme,BranchBoundMRV,1,3,0.099105375,5791,1
extreme_036,Extreme,BranchBoundMRV,1,4,0.098110542,5791,1
extreme_036,Extreme,BranchBoundMRV,1,5,0.097992292,5791,1
extreme_036,Extreme,OpenMP,4,1,0.003436089,742,1
extreme_036,Extreme,OpenMP,4,2,0.003417015,742,1
extreme_036,Extreme,OpenMP,4,3,0.003411055,742,1
extreme_036,Extreme,OpenMP,4,4,0.003415108,739,1
extreme_036,Extreme,OpenMP,4,5,0.003411055,742,1
extreme_036,Extreme,OpenMP,8,1,0.003454924,1003,1
extreme_036,Extreme,OpenMP,8,2,0.003455162,714,1
extreme_036,Extreme,OpenMP,8,3,0.006705999,921,1
extreme_036,Extreme,OpenMP,8,4,0.003462791,830,1
extreme_036,Extreme,OpenMP,8,5,0.008064032,2381,1
extreme_036,Extreme,OpenMP,16,1,0.062902927,2288,1
extreme_036,Extreme,OpenMP,16,2,0.015594959,2061,1
extreme_036,Extreme,OpenMP,16,3,0.020186186,2007,1
extreme_036,Extreme,OpenMP,16,4,0.030190945,969,1
extreme_036,Extreme,OpenMP,16,5,0.047786951,2362,1
extreme_036,Extreme,OMP-BranchBoundMRV,4,1,0.003690004,743,1
extreme_036,Extreme,OMP-BranchBoundMRV,4,2,0.003710032,749,1
extreme_036,Extreme,OMP-BranchBoundMRV,4,3,0.003654003,730,1
extreme_036,Extreme,OMP-BranchBoundMRV,4,4,0.003800154,768,1
extreme_036,Extreme,OMP-BranchBoundMRV,4,5,0.003638983,729,1
extreme_036,Extreme,OMP-BranchBoundMRV,8,1,0.004441977,1082,1
extreme_036,Extreme,OMP-BranchBoundMRV,8,2,0.008363008,2125,1
extreme_036,Extreme,OMP-BranchBoundMRV,8,3,0.003772974,805,1
extreme_036,Extreme,OMP-BranchBoundMRV,8,4,0.008673906,2318,1
extreme_036,Extreme,OMP-BranchBoundMRV,8,5,0.004612923,1284,1
extreme_036,Extreme,OMP-BranchBoundMRV,16,1,0.019776106,1656,1
extreme_036,Extreme,OMP-BranchBoundMRV,16,2,0.017447948,377,1
extreme_036,Extreme,OMP-BranchBoundMRV,16,3,0.015365124,1070,1
extreme_036,Extreme,OMP-BranchBoundMRV,16,4,0.030921936,687,1
extreme_036,Extreme,OMP-BranchBoundMRV,16,5,0.031236887,1557,1
extreme_037,Extreme,Serial,1,1,0.018870708,42579,1
extreme_037,Extreme,Serial,1,2,0.018663000,42579,1
extreme_037,Extreme,Serial,1,3,0.019753375,42579,1
extreme_037,Extreme,Serial,1,4,0.019679333,42579,1
extreme_037,Extreme,Serial,1,5,0.019348708,42579,1
extreme_037,Extreme,Serial-MRV,1,1,0.116380958,8024,1
extreme_037,Extreme,Serial-MRV,1,2,0.115864084,8024,1
extreme_037,Extreme,Serial-MRV,1,3,0.115418125,8024,1
extreme_037,Extreme,Serial-MRV,1,4,0.114635500,8024,1
extreme_037,Extreme,Serial-MRV,1,5,0.114671208,8024,1
extreme_037,Extreme,BranchBound,1,1,0.018706375,42579,1
extreme_037,Extreme,BranchBound,1,2,0.018705708,42579,1
extreme_037,Extreme,BranchBound,1,3,0.018637834,42579,1
extreme_037,Extreme,BranchBound,1,4,0.018662833,42579,1
extreme_037,Extreme,BranchBound,1,5,0.018748250,42579,1
extreme_037,Extreme,BranchBoundMRV,1,1,0.132535375,8024,1
extreme_037,Extreme,BranchBoundMRV,1,2,0.134069625,8024,1
extreme_037,Extreme,BranchBoundMRV,1,3,0.131060500,8024,1
extreme_037,Extreme,BranchBoundMRV,1,4,0.130981000,8024,1
extreme_037,Extreme,BranchBoundMRV,1,5,0.131027917,8024,1
extreme_037,Extreme,OpenMP,4,1,0.013218880,2347,1
extreme_037,Extreme,OpenMP,4,2,0.013105869,2339,1
extreme_037,Extreme,OpenMP,4,3,0.013119936,2340,1
extreme_037,Extreme,OpenMP,4,4,0.013113022,2335,1
extreme_037,Extreme,OpenMP,4,5,0.013129950,2343,1
extreme_037,Extreme,OpenMP,8,1,0.020072937,1902,1
extreme_037,Extreme,OpenMP,8,2,0.017490149,2258,1
extreme_037,Extreme,OpenMP,8,3,0.018907070,2335,1
extreme_037,Extreme,OpenMP,8,4,0.019023180,2726,1
extreme_037,Extreme,OpenMP,8,5,0.018939018,2395,1
extreme_037,Extreme,OpenMP,16,1,0.046613216,3047,1
extreme_037,Extreme,OpenMP,16,2,0.037264109,1712,1
extreme_037,Extreme,OpenMP,16,3,0.061436176,2679,1
extreme_037,Extreme,OpenMP,16,4,0.069792986,3506,1
extreme_037,Extreme,OpenMP,16,5,0.038141966,1713,1
extreme_037,Extreme,OMP-BranchBoundMRV,4,1,0.013316154,2340,1
extreme_037,Extreme,OMP-BranchBoundMRV,4,2,0.013215065,2332,1
extreme_037,Extreme,OMP-BranchBoundMRV,4,3,0.013215065,2340,1
extreme_037,Extreme,OMP-BranchBoundMRV,4,4,0.013237000,2336,1
extreme_037,Extreme,OMP-BranchBoundMRV,4,5,0.013211966,2340,1
extreme_037,Extreme,OMP-BranchBoundMRV,8,1,0.018620968,2296,1
extreme_037,Extreme,OMP-BranchBoundMRV,8,2,0.030104876,3053,1
extreme_037,Extreme,OMP-BranchBoundMRV,8,3,0.017714977,2077,1
extreme_037,Extreme,OMP-BranchBoundMRV,8,4,0.030739069,3697,1
extreme_037,Extreme,OMP-BranchBoundMRV,8,5,0.013231993,1899,1
extreme_037,Extreme,OMP-BranchBoundMRV,16,1,0.056276083,1508,1
extreme_037,Extreme,OMP-BranchBoundMRV,16,2,0.057328224,1074,1
extreme_037,Extreme,OMP-BranchBoundMRV,16,3,0.078189135,2798,1
extreme_037,Extreme,OMP-BranchBoundMRV,16,4,0.060662031,2857,1
extreme_037,Extreme,OMP-BranchBoundMRV,16,5,0.090871096,4272,1
extreme_038,Extreme,Serial,1,1,0.021591667,51101,1
extreme_038,Extreme,Serial,1,2,0.021729958,51101,1
extreme_038,Extreme,Serial,1,3,0.021554292,51101,1
extreme_038,Extreme,Serial,1,4,0.021689833,51101,1
extreme_038,Extreme,Serial,1,5,0.021510125,51101,1
extreme_038,Extreme,Serial-MRV,1,1,0.085632625,6045,1
extreme_038,Extreme,Serial-MRV,1,2,0.088873750,6045,1
extreme_038,Extreme,Serial-MRV,1,3,0.086534250,6045,1
extreme_038,Extreme,Serial-MRV,1,4,0.085475500,6045,1
extreme_038,Extreme,Serial-MRV,1,5,0.085521334,6045,1
extreme_038,Extreme,BranchBound,1,1,0.021863792,51101,1
extreme_038,Extreme,BranchBound,1,2,0.021692583,51101,1
extreme_038,Extreme,BranchBound,1,3,0.021796833,51101,1
extreme_038,Extreme,BranchBound,1,4,0.021745167,51101,1
extreme_038,Extreme,BranchBound,1,5,0.021703625,51101,1
extreme_038,Extreme,BranchBoundMRV,1,1,0.093316584,6045,1
extreme_038,Extreme,BranchBoundMRV,1,2,0.096502709,6045,1
extreme_038,Extreme,BranchBoundMRV,1,3,0.092986167,6045,1
extreme_038,Extreme,BranchBoundMRV,1,4,0.092893917,6045,1
extreme_038,Extreme,BranchBoundMRV,1,5,0.093069042,6045,1
extreme_038,Extreme,OpenMP,4,1,0.011265993,2729,1
extreme_038,Extreme,OpenMP,4,2,0.027997017,6768,1
extreme_038,Extreme,OpenMP,4,3,0.027984858,6771,1
extreme_038,Extreme,OpenMP,4,4,0.035044909,7615,1
extreme_038,Extreme,OpenMP,4,5,0.027973175,6766,1
extreme_038,Extreme,OpenMP,8,1,0.017435074,4800,1
extreme_038,Extreme,OpenMP,8,2,0.012611866,3931,1
extreme_038,Extreme,OpenMP,8,3,0.017129898,5538,1
extreme_038,Extreme,OpenMP,8,4,0.012970924,4126,1
extreme_038,Extreme,OpenMP,8,5,0.012914896,4036,1
extreme_038,Extreme,OpenMP,16,1,0.047868013,6743,1
extreme_038,Extreme,OpenMP,16,2,0.062913179,6908,1
extreme_038,Extreme,OpenMP,16,3,0.041681051,4111,1
extreme_038,Extreme,OpenMP,16,4,0.041998148,5095,1
extreme_038,Extreme,OpenMP,16,5,0.053798199,3859,1
extreme_038,Extreme,OMP-BranchBoundMRV,4,1,0.036484957,7752,1
extreme_038,Extreme,OMP-BranchBoundMRV,4,2,0.035033941,7720,1
extreme_038,Extreme,OMP-BranchBoundMRV,4,3,0.035089970,7739,1
extreme_038,Extreme,OMP-BranchBoundMRV,4,4,0.035309076,7782,1
extreme_038,Extreme,OMP-BranchBoundMRV,4,5,0.035134077,7764,1
extreme_038,Extreme,OMP-BranchBoundMRV,8,1,0.017341137,5376,1
extreme_038,Extreme,OMP-BranchBoundMRV,8,2,0.017424107,5167,1
extreme_038,Extreme,OMP-BranchBoundMRV,8,3,0.014204025,3601,1
extreme_038,Extreme,OMP-BranchBoundMRV,8,4,0.012105942,3858,1
extreme_038,Extreme,OMP-BranchBoundMRV,8,5,0.041975021,7819,1
extreme_038,Extreme,OMP-BranchBoundMRV,16,1,0.022963047,3278,1
extreme_038,Extreme,OMP-BranchBoundMRV,16,2,0.049242020,4829,1
extreme_038,Extreme,OMP-BranchBoundMRV,16,3,0.040627003,4781,1
extreme_038,Extreme,OMP-BranchBoundMRV,16,4,0.070700884,5226,1
extreme_038,Extreme,OMP-BranchBoundMRV,16,5,0.052531958,6123,1
extreme_039,Extreme,Serial,1,1,0.013006083,27598,1
extreme_039,Extreme,Serial,1,2,0.012580583,27598,1
extreme_039,Extreme,Serial,1,3,0.012572750,27598,1
extreme_039,Extreme,Serial,1,4,0.013080792,27598,1
extreme_039,Extreme,Serial,1,5,0.013723625,27598,1
extreme_039,Extreme,Serial-MRV,1,1,0.065225709,5562,1
extreme_039,Extreme,Serial-MRV,1,2,0.064560041,5562,1
extreme_039,Extreme,Serial-MRV,1,3,0.066779208,5562,1
extreme_039,Extreme,Serial-MRV,1,4,0.066074542,5562,1
extreme_039,Extreme,Serial-MRV,1,5,0.064650792,5562,1
extreme_039,Extreme,BranchBound,1,1,0.012547250,27598,1
extreme_039,Extreme,BranchBound,1,2,0.012509958,27598,1
extreme_039,Extreme,BranchBound,1,3,0.012565375,27598,1
extreme_039,Extreme,BranchBound,1,4,0.012469375,27598,1
extreme_039,Extreme,BranchBound,1,5,0.012575875,27598,1
extreme_039,Extreme,BranchBoundMRV,1,1,0.073227917,5562,1
extreme_039,Extreme,BranchBoundMRV,1,2,0.073127666,5562,1
extreme_039,Extreme,BranchBoundMRV,1,3,0.076131209,5562,1
extreme_039,Extreme,BranchBoundMRV,1,4,0.073837000,5562,1
extreme_039,Extreme,BranchBoundMRV,1,5,0.073192625,5562,1
extreme_039,Extreme,OpenMP,4,1,0.000998020,174,1
extreme_039,Extreme,OpenMP,4,2,0.000977993,173,1
extreme_039,Extreme,OpenMP,4,3,0.000978947,174,1
extreme_039,Extreme,OpenMP,4,4,0.000975847,174,1
extreme_039,Extreme,OpenMP,4,5,0.000974894,173,1
extreme_039,Extreme,OpenMP,8,1,0.001026869,169,1
extreme_039,Extreme,OpenMP,8,2,0.009123087,201,1
extreme_039,Extreme,OpenMP,8,3,0.001017809,162,1
extreme_039,Extreme,OpenMP,8,4,0.002263069,331,1
extreme_039,Extreme,OpenMP,8,5,0.001018047,128,1
extreme_039,Extreme,OpenMP,16,1,0.016970158,169,1
extreme_039,Extreme,OpenMP,16,2,0.051025152,163,1
extreme_039,Extreme,OpenMP,16,3,0.030397892,434,1
extreme_039,Extreme,OpenMP,16,4,0.050696135,155,1
extreme_039,Extreme,OpenMP,16,5,0.043761015,386,1
extreme_039,Extreme,OMP-BranchBoundMRV,4,1,0.001396894,263,1
extreme_039,Extreme,OMP-BranchBoundMRV,4,2,0.001162052,206,1
extreme_039,Extreme,OMP-BranchBoundMRV,4,3,0.001137972,204,1
extreme_039,Extreme,OMP-BranchBoundMRV,4,4,0.001131058,176,1
extreme_039,Extreme,OMP-BranchBoundMRV,4,5,0.001197100,165,1
extreme_039,Extreme,OMP-BranchBoundMRV,8,1,0.001160145,174,1
extreme_039,Extreme,OMP-BranchBoundMRV,8,2,0.002488136,340,1
extreme_039,Extreme,OMP-BranchBoundMRV,8,3,0.001187086,171,1
extreme_039,Extreme,OMP-BranchBoundMRV,8,4,0.002681017,400,1
extreme_039,Extreme,OMP-BranchBoundMRV,8,5,0.001177788,142,1
extreme_039,Extreme,OMP-BranchBoundMRV,16,1,0.008411884,250,1
extreme_039,Extreme,OMP-BranchBoundMRV,16,2,0.005255938,159,1
extreme_039,Extreme,OMP-BranchBoundMRV,16,3,0.014981985,96,1
extreme_039,Extreme,OMP-BranchBoundMRV,16,4,0.004157066,190,1
extreme_039,Extreme,OMP-BranchBoundMRV,16,5,0.024390936,668,1
extreme_040,Extreme,Serial,1,1,0.437811250,1000330,1
extreme_040,Extreme,Serial,1,2,0.431190167,1000330,1
extreme_040,Extreme,Serial,1,3,0.432434959,1000330,1
extreme_040,Extreme,Serial,1,4,0.432564125,1000330,1
extreme_040,Extreme,Serial,1,5,0.431387917,1000330,1
extreme_040,Extreme,Serial-MRV,1,1,0.173692416,11199,1
extreme_040,Extreme,Serial-MRV,1,2,0.175786500,11199,1
extreme_040,Extreme,Serial-MRV,1,3,0.173351666,11199,1
extreme_040,Extreme,Serial-MRV,1,4,0.173374334,11199,1
extreme_040,Extreme,Serial-MRV,1,5,0.173326500,11199,1
extreme_040,Extreme,BranchBound,1,1,0.437064333,1000330,1
extreme_040,Extreme,BranchBound,1,2,0.436896459,1000330,1
extreme_040,Extreme,BranchBound,1,3,0.433859583,1000330,1
extreme_040,Extreme,BranchBound,1,4,0.434905291,1000330,1
extreme_040,Extreme,BranchBound,1,5,0.433785958,1000330,1
extreme_040,Extreme,BranchBoundMRV,1,1,0.191790917,11199,1
extreme_040,Extreme,BranchBoundMRV,1,2,0.193031958,11199,1
extreme_040,Extreme,BranchBoundMRV,1,3,0.191161334,11199,1
extreme_040,Extreme,BranchBoundMRV,1,4,0.191534000,11199,1
extreme_040,Extreme,BranchBoundMRV,1,5,0.191401708,11199,1
extreme_040,Extreme,OpenMP,4,1,0.043778896,8351,1
extreme_040,Extreme,OpenMP,4,2,0.043817043,8369,1
extreme_040,Extreme,OpenMP,4,3,0.043882132,8361,1
extreme_040,Extreme,OpenMP,4,4,0.043717146,8352,1
extreme_040,Extreme,OpenMP,4,5,0.045047998,8350,1
extreme_040,Extreme,OpenMP,8,1,0.058920145,10625,1
extreme_040,Extreme,OpenMP,8,2,0.056970119,10873,1
extreme_040,Extreme,OpenMP,8,3,0.066026211,11201,1
extreme_040,Extreme,OpenMP,8,4,0.062482119,10547,1
extreme_040,Extreme,OpenMP,8,5,0.055855036,11201,1
extreme_040,Extreme,OpenMP,16,1,0.132009029,11201,1
extreme_040,Extreme,OpenMP,16,2,0.163185835,9234,1
extreme_040,Extreme,OpenMP,16,3,0.114647150,10210,1
extreme_040,Extreme,OpenMP,16,4,0.151658058,11201,1
extreme_040,Extreme,OpenMP,16,5,0.196784019,11201,1
extreme_040,Extreme,OMP-BranchBoundMRV,4,1,0.044093132,8676,1
extreme_040,Extreme,OMP-BranchBoundMRV,4,2,0.043843031,9582,1
extreme_040,Extreme,OMP-BranchBoundMRV,4,3,0.044009209,9593,1
extreme_040,Extreme,OMP-BranchBoundMRV,4,4,0.043924093,9583,1
extreme_040,Extreme,OMP-BranchBoundMRV,4,5,0.044765949,9553,1
extreme_040,Extreme,OMP-BranchBoundMRV,8,1,0.062752962,10717,1
extreme_040,Extreme,OMP-BranchBoundMRV,8,2,0.068053961,10899,1
extreme_040,Extreme,OMP-BranchBoundMRV,8,3,0.062467813,11201,1
extreme_040,Extreme,OMP-BranchBoundMRV,8,4,0.063581944,10443,1
extreme_040,Extreme,OMP-BranchBoundMRV,8,5,0.066999912,11129,1
extreme_040,Extreme,OMP-BranchBoundMRV,16,1,0.099313021,7176,1
extreme_040,Extreme,OMP-BranchBoundMRV,16,2,0.187210083,11026,1
extreme_040,Extreme,OMP-BranchBoundMRV,16,3,0.155376911,10448,1
extreme_040,Extreme,OMP-BranchBoundMRV,16,4,0.144569874,10728,1
extreme_040,Extreme,OMP-BranchBoundMRV,16,5,0.138100863,11156,1
extreme_041,Extreme,Serial,1,1,0.024449625,58232,1
extreme_041,Extreme,Serial,1,2,0.024302375,58232,1
extreme_041,Extreme,Serial,1,3,0.024344416,58232,1
extreme_041,Extreme,Serial,1,4,0.024352084,58232,1
extreme_041,Extreme,Serial,1,5,0.024361625,58232,1
extreme_041,Extreme,Serial-MRV,1,1,0.104587334,7487,1
extreme_041,Extreme,Serial-MRV,1,2,0.106292042,7487,1
extreme_041,Extreme,Serial-MRV,1,3,0.103232458,7487,1
extreme_041,Extreme,Serial-MRV,1,4,0.103308833,7487,1
extreme_041,Extreme,Serial-MRV,1,5,0.103261500,7487,1
extreme_041,Extreme,BranchBound,1,1,0.024447042,58232,1
extreme_041,Extreme,BranchBound,1,2,0.024405917,58232,1
extreme_041,Extreme,BranchBound,1,3,0.024436083,58232,1
extreme_041,Extreme,BranchBound,1,4,0.024554750,58232,1
extreme_041,Extreme,BranchBound,1,5,0.024486167,58232,1
extreme_041,Extreme,BranchBoundMRV,1,1,0.119856167,7487,1
extreme_041,Extreme,BranchBoundMRV,1,2,0.120730791,7487,1
extreme_041,Extreme,BranchBoundMRV,1,3,0.118600250,7487,1
extreme_041,Extreme,BranchBoundMRV,1,4,0.118400333,7487,1
extreme_041,Extreme,BranchBoundMRV,1,5,0.118759459,7487,1
extreme_041,Extreme,OpenMP,4,1,0.006489992,1477,1
extreme_041,Extreme,OpenMP,4,2,0.006464005,1467,1
extreme_041,Extreme,OpenMP,4,3,0.006449938,1472,1
extreme_041,Extreme,OpenMP,4,4,0.006450176,1472,1
extreme_041,Extreme,OpenMP,4,5,0.006433010,1469,1
extreme_041,Extreme,OpenMP,8,1,0.012285948,2670,1
extreme_041,Extreme,OpenMP,8,2,0.006528854,1345,1
extreme_041,Extreme,OpenMP,8,3,0.012180090,2688,1
extreme_041,Extreme,OpenMP,8,4,0.006520033,1328,1
extreme_041,Extreme,OpenMP,8,5,0.012858152,2656,1
extreme_041,Extreme,OpenMP,16,1,0.030289888,1559,1
extreme_041,Extreme,OpenMP,16,2,0.021311045,1505,1
extreme_041,Extreme,OpenMP,16,3,0.060441017,4719,1
extreme_041,Extreme,OpenMP,16,4,0.023291826,1751,1
extreme_041,Extreme,OpenMP,16,5,0.017980099,2076,1
extreme_041,Extreme,OMP-BranchBoundMRV,4,1,0.006767035,1484,1
extreme_041,Extreme,OMP-BranchBoundMRV,4,2,0.006803989,1441,1
extreme_041,Extreme,OMP-BranchBoundMRV,4,3,0.006749868,1421,1
extreme_041,Extreme,OMP-BranchBoundMRV,4,4,0.006753922,1461,1
extreme_041,Extreme,OMP-BranchBoundMRV,4,5,0.006719828,1422,1
extreme_041,Extreme,OMP-BranchBoundMRV,8,1,0.008418083,1416,1
extreme_041,Extreme,OMP-BranchBoundMRV,8,2,0.010390043,2086,1
extreme_041,Extreme,OMP-BranchBoundMRV,8,3,0.012141943,2727,1
extreme_041,Extreme,OMP-BranchBoundMRV,8,4,0.012639999,3087,1
extreme_041,Extreme,OMP-BranchBoundMRV,8,5,0.012984991,2795,1
extreme_041,Extreme,OMP-BranchBoundMRV,16,1,0.135637999,3080,1
extreme_041,Extreme,OMP-BranchBoundMRV,16,2,0.024127007,1726,1
extreme_041,Extreme,OMP-BranchBoundMRV,16,3,0.010251999,1370,1
extreme_041,Extreme,OMP-BranchBoundMRV,16,4,0.031316996,2828,1
extreme_041,Extreme,OMP-BranchBoundMRV,16,5,0.032010078,2374,1
extreme_042,Extreme,Serial,1,1,0.009994291,25236,1
extreme_042,Extreme,Serial,1,2,0.009949000,25236,1
extreme_042,Extreme,Serial,1,3,0.010066708,25236,1
extreme_042,Extreme,Serial,1,4,0.009958708,25236,1
extreme_042,Extreme,Serial,1,5,0.010029667,25236,1
extreme_042,Extreme,Serial-MRV,1,1,0.100415291,7251,1
extreme_042,Extreme,Serial-MRV,1,2,0.110154417,7251,1
extreme_042,Extreme,Serial-MRV,1,3,0.102272334,7251,1
extreme_042,Extreme,Serial-MRV,1,4,0.100382875,7251,1
extreme_042,Extreme,Serial-MRV,1,5,0.101197334,7251,1
extreme_042,Extreme,BranchBound,1,1,0.010007083,25236,1
extreme_042,Extreme,BranchBound,1,2,0.009959000,25236,1
extreme_042,Extreme,BranchBound,1,3,0.009997292,25236,1
extreme_042,Extreme,BranchBound,1,4,0.009989750,25236,1
extreme_042,Extreme,BranchBound,1,5,0.009958542,25236,1
extreme_042,Extreme,BranchBoundMRV,1,1,0.115590083,7251,1
extreme_042,Extreme,BranchBoundMRV,1,2,0.118581500,7251,1
extreme_042,Extreme,BranchBoundMRV,1,3,0.116337375,7251,1
extreme_042,Extreme,BranchBoundMRV,1,4,0.115342417,7251,1
extreme_042,Extreme,BranchBoundMRV,1,5,0.115455042,7251,1
extreme_042,Extreme,OpenMP,4,1,0.005470991,1199,1
extreme_042,Extreme,OpenMP,4,2,0.005420923,1197,1
extreme_042,Extreme,OpenMP,4,3,0.005414963,1196,1
extreme_042,Extreme,OpenMP,4,4,0.005415201,1198,1
extreme_042,Extreme,OpenMP,4,5,0.005493879,1205,1
extreme_042,Extreme,OpenMP,8,1,0.011340141,2795,1
extreme_042,Extreme,OpenMP,8,2,0.005445004,1363,1
extreme_042,Extreme,OpenMP,8,3,0.005548000,1569,1
extreme_042,Extreme,OpenMP,8,4,0.011328936,3367,1
extreme_042,Extreme,OpenMP,8,5,0.005472898,1370,1
extreme_042,Extreme,OpenMP,16,1,0.018823862,1670,1
extreme_042,Extreme,OpenMP,16,2,0.020266056,1679,1
extreme_042,Extreme,OpenMP,16,3,0.013204098,1341,1
extreme_042,Extreme,OpenMP,16,4,0.056832075,5929,1
extreme_042,Extreme,OpenMP,16,5,0.032256126,4913,1
extreme_042,Extreme,OMP-BranchBoundMRV,4,1,0.005871058,1204,1
extreme_042,Extreme,OMP-BranchBoundMRV,4,2,0.005655050,1182,1
extreme_042,Extreme,OMP-BranchBoundMRV,4,3,0.017396927,3733,1
extreme_042,Extreme,OMP-BranchBoundMRV,4,4,0.006116867,1291,1
extreme_042,Extreme,OMP-BranchBoundMRV,4,5,0.005653143,1160,1
extreme_042,Extreme,OMP-BranchBoundMRV,8,1,0.011966944,2116,1
extreme_042,Extreme,OMP-BranchBoundMRV,8,2,0.010287046,1817,1
extreme_042,Extreme,OMP-BranchBoundMRV,8,3,0.013288975,1274,1
extreme_042,Extreme,OMP-BranchBoundMRV,8,4,0.005954981,1249,1
extreme_042,Extreme,OMP-BranchBoundMRV,8,5,0.012760162,3121,1
extreme_042,Extreme,OMP-BranchBoundMRV,16,1,0.038365126,3224,1
extreme_042,Extreme,OMP-BranchBoundMRV,16,2,0.116945982,5038,1
extreme_042,Extreme,OMP-BranchBoundMRV,16,3,0.017349005,3332,1
extreme_042,Extreme,OMP-BranchBoundMRV,16,4,0.016155958,1110,1
extreme_042,Extreme,OMP-BranchBoundMRV,16,5,0.092958927,2689,1
extreme_043,Extreme,Serial,1,1,0.221250209,499022,1
extreme_043,Extreme,Serial,1,2,0.220748000,499022,1
extreme_043,Extreme,Serial,1,3,0.220667542,499022,1
extreme_043,Extreme,Serial,1,4,0.219632292,499022,1
extreme_043,Extreme,Serial,1,5,0.219306667,499022,1
extreme_043,Extreme,Serial-MRV,1,1,0.080965417,5065,1
extreme_043,Extreme,Serial-MRV,1,2,0.081012458,5065,1
extreme_043,Extreme,Serial-MRV,1,3,0.083070958,5065,1
extreme_043,Extreme,Serial-MRV,1,4,0.081318542,5065,1
extreme_043,Extreme,Serial-MRV,1,5,0.081079625,5065,1
extreme_043,Extreme,BranchBound,1,1,0.220583709,499022,1
extreme_043,Extreme,BranchBound,1,2,0.221330000,499022,1
extreme_043,Extreme,BranchBound,1,3,0.220094916,499022,1
extreme_043,Extreme,BranchBound,1,4,0.219968958,499022,1
extreme_043,Extreme,BranchBound,1,5,0.219903416,499022,1
extreme_043,Extreme,BranchBoundMRV,1,1,0.090200583,5065,1
extreme_043,Extreme,BranchBoundMRV,1,2,0.089835834,5065,1
extreme_043,Extreme,BranchBoundMRV,1,3,0.091949208,5065,1
extreme_043,Extreme,BranchBoundMRV,1,4,0.089807250,5065,1
extreme_043,Extreme,BranchBoundMRV,1,5,0.089660333,5065,1
extreme_043,Extreme,OpenMP,4,1,0.022553205,3508,1
extreme_043,Extreme,OpenMP,4,2,0.022513866,3499,1
extreme_043,Extreme,OpenMP,4,3,0.022513866,3519,1
extreme_043,Extreme,OpenMP,4,4,0.022547960,3496,1
extreme_043,Extreme,OpenMP,4,5,0.022509098,4622,1
extreme_043,Extreme,OpenMP,8,1,0.030131102,4021,1
extreme_043,Extreme,OpenMP,8,2,0.028572083,3855,1
extreme_043,Extreme,OpenMP,8,3,0.036850929,5065,1
extreme_043,Extreme,OpenMP,8,4,0.031560898,4322,1
extreme_043,Extreme,OpenMP,8,5,0.041288137,5065,1
extreme_043,Extreme,OpenMP,16,1,0.106124878,5065,1
extreme_043,Extreme,OpenMP,16,2,0.089936972,5024,1
extreme_043,Extreme,OpenMP,16,3,0.099331856,4271,1
extreme_043,Extreme,OpenMP,16,4,0.060372114,4435,1
extreme_043,Extreme,OpenMP,16,5,0.097813129,5065,1
extreme_043,Extreme,OMP-BranchBoundMRV,4,1,0.022665977,3528,1
extreme_043,Extreme,OMP-BranchBoundMRV,4,2,0.022668123,4632,1
extreme_043,Extreme,OMP-BranchBoundMRV,4,3,0.022599220,4627,1
extreme_043,Extreme,OMP-BranchBoundMRV,4,4,0.022562027,4623,1
extreme_043,Extreme,OMP-BranchBoundMRV,4,5,0.022688150,4649,1
extreme_043,Extreme,OMP-BranchBoundMRV,8,1,0.028463840,4162,1
extreme_043,Extreme,OMP-BranchBoundMRV,8,2,0.026813984,4149,1
extreme_043,Extreme,OMP-BranchBoundMRV,8,3,0.028464079,4322,1
extreme_043,Extreme,OMP-BranchBoundMRV,8,4,0.027969837,3926,1
extreme_043,Extreme,OMP-BranchBoundMRV,8,5,0.030272007,4187,1
extreme_043,Extreme,OMP-BranchBoundMRV,16,1,0.073269129,4372,1
extreme_043,Extreme,OMP-BranchBoundMRV,16,2,0.155481815,5065,1
extreme_043,Extreme,OMP-BranchBoundMRV,16,3,0.068686008,3768,1
extreme_043,Extreme,OMP-BranchBoundMRV,16,4,0.076009035,4770,1
extreme_043,Extreme,OMP-BranchBoundMRV,16,5,0.083948851,4645,1
extreme_044,Extreme,Serial,1,1,0.020578417,50919,1
extreme_044,Extreme,Serial,1,2,0.020780292,50919,1
extreme_044,Extreme,Serial,1,3,0.020427208,50919,1
extreme_044,Extreme,Serial,1,4,0.020547833,50919,1
extreme_044,Extreme,Serial,1,5,0.020425959,50919,1
extreme_044,Extreme,Serial-MRV,1,1,0.095979084,6885,1
extreme_044,Extreme,Serial-MRV,1,2,0.099741042,6885,1
extreme_044,Extreme,Serial-MRV,1,3,0.096175458,6885,1
extreme_044,Extreme,Serial-MRV,1,4,0.096183625,6885,1
extreme_044,Extreme,Serial-MRV,1,5,0.096421834,6885,1
extreme_044,Extreme,BranchBound,1,1,0.020624792,50919,1
extreme_044,Extreme,BranchBound,1,2,0.020686083,50919,1
extreme_044,Extreme,BranchBound,1,3,0.020618875,50919,1
extreme_044,Extreme,BranchBound,1,4,0.020570208,50919,1
extreme_044,Extreme,BranchBound,1,5,0.020608417,50919,1
extreme_044,Extreme,BranchBoundMRV,1,1,0.107728084,6885,1
extreme_044,Extreme,BranchBoundMRV,1,2,0.111302542,6885,1
extreme_044,Extreme,BranchBoundMRV,1,3,0.107609667,6885,1
extreme_044,Extreme,BranchBoundMRV,1,4,0.107886833,6885,1
extreme_044,Extreme,BranchBoundMRV,1,5,0.107614333,6885,1
extreme_044,Extreme,OpenMP,4,1,0.004835129,1050,1
extreme_044,Extreme,OpenMP,4,2,0.004784107,1058,1
extreme_044,Extreme,OpenMP,4,3,0.004754066,1054,1
extreme_044,Extreme,OpenMP,4,4,0.004752159,1055,1
extreme_044,Extreme,OpenMP,4,5,0.004748106,1054,1
extreme_044,Extreme,OpenMP,8,1,0.004680872,961,1
extreme_044,Extreme,OpenMP,8,2,0.003953934,949,1
extreme_044,Extreme,OpenMP,8,3,0.003901005,888,1
extreme_044,Extreme,OpenMP,8,4,0.001777887,342,1
extreme_044,Extreme,OpenMP,8,5,0.001760960,432,1
extreme_044,Extreme,OpenMP,16,1,0.030369997,911,1
extreme_044,Extreme,OpenMP,16,2,0.038015127,1440,1
extreme_044,Extreme,OpenMP,16,3,0.063094139,1043,1
extreme_044,Extreme,OpenMP,16,4,0.024620056,378,1
extreme_044,Extreme,OpenMP,16,5,0.023828030,381,1
extreme_044,Extreme,OMP-BranchBoundMRV,4,1,0.005141973,1078,1
extreme_044,Extreme,OMP-BranchBoundMRV,4,2,0.005455017,1081,1
extreme_044,Extreme,OMP-BranchBoundMRV,4,3,0.005393982,1126,1
extreme_044,Extreme,OMP-BranchBoundMRV,4,4,0.004955053,1032,1
extreme_044,Extreme,OMP-BranchBoundMRV,4,5,0.005095005,1062,1
extreme_044,Extreme,OMP-BranchBoundMRV,8,1,0.003363848,789,1
extreme_044,Extreme,OMP-BranchBoundMRV,8,2,0.003517151,722,1
extreme_044,Extreme,OMP-BranchBoundMRV,8,3,0.007116079,1361,1
extreme_044,Extreme,OMP-BranchBoundMRV,8,4,0.002819061,524,1
extreme_044,Extreme,OMP-BranchBoundMRV,8,5,0.005316019,1146,1
extreme_044,Extreme,OMP-BranchBoundMRV,16,1,0.006505966,395,1
extreme_044,Extreme,OMP-BranchBoundMRV,16,2,0.010287046,831,1
extreme_044,Extreme,OMP-BranchBoundMRV,16,3,0.018760920,667,1
extreme_044,Extreme,OMP-BranchBoundMRV,16,4,0.055963039,1543,1
extreme_044,Extreme,OMP-BranchBoundMRV,16,5,0.084800005,1153,1
extreme_045,Extreme,Serial,1,1,0.080550875,187831,1
extreme_045,Extreme,Serial,1,2,0.077762833,187831,1
extreme_045,Extreme,Serial,1,3,0.078917792,187831,1
extreme_045,Extreme,Serial,1,4,0.077963250,187831,1
extreme_045,Extreme,Serial,1,5,0.077302917,187831,1
extreme_045,Extreme,Serial-MRV,1,1,0.102829125,6899,1
extreme_045,Extreme,Serial-MRV,1,2,0.102662125,6899,1
extreme_045,Extreme,Serial-MRV,1,3,0.104835958,6899,1
extreme_045,Extreme,Serial-MRV,1,4,0.102872208,6899,1
extreme_045,Extreme,Serial-MRV,1,5,0.102715667,6899,1
extreme_045,Extreme,BranchBound,1,1,0.077598125,187831,1
extreme_045,Extreme,BranchBound,1,2,0.077529209,187831,1
extreme_045,Extreme,BranchBound,1,3,0.078966000,187831,1
extreme_045,Extreme,BranchBound,1,4,0.078241333,187831,1
extreme_045,Extreme,BranchBound,1,5,0.077621375,187831,1
extreme_045,Extreme,BranchBoundMRV,1,1,0.112774542,6899,1
extreme_045,Extreme,BranchBoundMRV,1,2,0.114308500,6899,1
extreme_045,Extreme,BranchBoundMRV,1,3,0.113524791,6899,1
extreme_045,Extreme,BranchBoundMRV,1,4,0.112747375,6899,1
extreme_045,Extreme,BranchBoundMRV,1,5,0.112767042,6899,1
extreme_045,Extreme,OpenMP,4,1,0.007381916,1712,1
extreme_045,Extreme,OpenMP,4,2,0.007308960,1668,1
extreme_045,Extreme,OpenMP,4,3,0.007312059,1596,1
extreme_045,Extreme,OpenMP,4,4,0.007299185,1670,1
extreme_045,Extreme,OpenMP,4,5,0.007308006,1669,1
extreme_045,Extreme,OpenMP,8,1,0.013445854,3013,1
extreme_045,Extreme,OpenMP,8,2,0.017930031,4501,1
extreme_045,Extreme,OpenMP,8,3,0.014242172,3612,1
extreme_045,Extreme,OpenMP,8,4,0.014528990,3958,1
extreme_045,Extreme,OpenMP,8,5,0.013496876,4103,1
extreme_045,Extreme,OpenMP,16,1,0.030298948,2324,1
extreme_045,Extreme,OpenMP,16,2,0.030153036,2138,1
extreme_045,Extreme,OpenMP,16,3,0.052124977,3885,1
extreme_045,Extreme,OpenMP,16,4,0.033631086,4372,1
extreme_045,Extreme,OpenMP,16,5,0.028317928,3126,1
extreme_045,Extreme,OMP-BranchBoundMRV,4,1,0.008075953,1724,1
extreme_045,Extreme,OMP-BranchBoundMRV,4,2,0.008352995,1809,1
extreme_045,Extreme,OMP-BranchBoundMRV,4,3,0.007558107,1659,1
extreme_045,Extreme,OMP-BranchBoundMRV,4,4,0.007557154,1692,1
extreme_045,Extreme,OMP-BranchBoundMRV,4,5,0.007522106,1683,1
extreme_045,Extreme,OMP-BranchBoundMRV,8,1,0.010732889,2762,1
extreme_045,Extreme,OMP-BranchBoundMRV,8,2,0.007554054,2338,1
extreme_045,Extreme,OMP-BranchBoundMRV,8,3,0.013401985,3826,1
extreme_045,Extreme,OMP-BranchBoundMRV,8,4,0.025617838,5843,1
extreme_045,Extreme,OMP-BranchBoundMRV,8,5,0.007580996,2303,1
extreme_045,Extreme,OMP-BranchBoundMRV,16,1,0.031995773,2228,1
extreme_045,Extreme,OMP-BranchBoundMRV,16,2,0.044545174,5210,1
extreme_045,Extreme,OMP-BranchBoundMRV,16,3,0.072746992,2901,1
extreme_045,Extreme,OMP-BranchBoundMRV,16,4,0.019899845,2691,1
extreme_045,Extreme,OMP-BranchBoundMRV,16,5,0.035738945,3843,1
extreme_046,Extreme,Serial,1,1,0.018346042,41271,1
extreme_046,Extreme,Serial,1,2,0.017561916,41271,1
extreme_046,Extreme,Serial,1,3,0.017636042,41271,1
extreme_046,Extreme,Serial,1,4,0.017472416,41271,1
extreme_046,Extreme,Serial,1,5,0.017510792,41271,1
extreme_046,Extreme,Serial-MRV,1,1,0.078277875,5158,1
extreme_046,Extreme,Serial-MRV,1,2,0.080166625,5158,1
extreme_046,Extreme,Serial-MRV,1,3,0.080261458,5158,1
extreme_046,Extreme,Serial-MRV,1,4,0.078301583,5158,1
extreme_046,Extreme,Serial-MRV,1,5,0.078191750,5158,1
extreme_046,Extreme,BranchBound,1,1,0.017549500,41271,1
extreme_046,Extreme,BranchBound,1,2,0.017549916,41271,1
extreme_046,Extreme,BranchBound,1,3,0.017530125,41271,1
extreme_046,Extreme,BranchBound,1,4,0.017581333,41271,1
extreme_046,Extreme,BranchBound,1,5,0.017495666,41271,1
extreme_046,Extreme,BranchBoundMRV,1,1,0.088693667,5158,1
extreme_046,Extreme,BranchBoundMRV,1,2,0.091326125,5158,1
extreme_046,Extreme,BranchBoundMRV,1,3,0.089694875,5158,1
extreme_046,Extreme,BranchBoundMRV,1,4,0.088842875,5158,1
extreme_046,Extreme,BranchBoundMRV,1,5,0.088907084,5158,1
extreme_046,Extreme,OpenMP,4,1,0.025228024,5414,1
extreme_046,Extreme,OpenMP,4,2,0.025244951,5415,1
extreme_046,Extreme,OpenMP,4,3,0.025207996,5411,1
extreme_046,Extreme,OpenMP,4,4,0.025257111,4178,1
extreme_046,Extreme,OpenMP,4,5,0.025243998,5124,1
extreme_046,Extreme,OpenMP,8,1,0.037238121,6413,1
extreme_046,Extreme,OpenMP,8,2,0.049024105,6546,1
extreme_046,Extreme,OpenMP,8,3,0.034604073,6534,1
extreme_046,Extreme,OpenMP,8,4,0.025518894,5146,1
extreme_046,Extreme,OpenMP,8,5,0.036073923,6375,1
extreme_046,Extreme,OpenMP,16,1,0.082770109,6546,1
extreme_046,Extreme,OpenMP,16,2,0.128175974,6528,1
extreme_046,Extreme,OpenMP,16,3,0.080091000,6130,1
extreme_046,Extreme,OpenMP,16,4,0.093488932,5779,1
extreme_046,Extreme,OpenMP,16,5,0.101795912,6137,1
extreme_046,Extreme,OMP-BranchBoundMRV,4,1,0.025339127,5110,1
extreme_046,Extreme,OMP-BranchBoundMRV,4,2,0.025440931,5129,1
extreme_046,Extreme,OMP-BranchBoundMRV,4,3,0.025342941,5119,1
extreme_046,Extreme,OMP-BranchBoundMRV,4,4,0.025319099,5116,1
extreme_046,Extreme,OMP-BranchBoundMRV,4,5,0.025310040,5116,1
extreme_046,Extreme,OMP-BranchBoundMRV,8,1,0.037286997,6296,1
extreme_046,Extreme,OMP-BranchBoundMRV,8,2,0.037055016,6546,1
extreme_046,Extreme,OMP-BranchBoundMRV,8,3,0.039752007,6496,1
extreme_046,Extreme,OMP-BranchBoundMRV,8,4,0.033346891,6045,1
extreme_046,Extreme,OMP-BranchBoundMRV,8,5,0.031389952,5275,1
extreme_046,Extreme,OMP-BranchBoundMRV,16,1,0.114727020,3934,1
extreme_046,Extreme,OMP-BranchBoundMRV,16,2,0.071704865,5279,1
extreme_046,Extreme,OMP-BranchBoundMRV,16,3,0.074131966,6119,1
extreme_046,Extreme,OMP-BranchBoundMRV,16,4,0.089993000,6546,1
extreme_046,Extreme,OMP-BranchBoundMRV,16,5,0.074424982,4645,1
extreme_047,Extreme,Serial,1,1,0.031643542,75160,1
extreme_047,Extreme,Serial,1,2,0.031688041,75160,1
extreme_047,Extreme,Serial,1,3,0.031559792,75160,1
extreme_047,Extreme,Serial,1,4,0.031652500,75160,1
extreme_047,Extreme,Serial,1,5,0.031663625,75160,1
extreme_047,Extreme,Serial-MRV,1,1,0.094210708,6561,1
extreme_047,Extreme,Serial-MRV,1,2,0.094644500,6561,1
extreme_047,Extreme,Serial-MRV,1,3,0.092576750,6561,1
extreme_047,Extreme,Serial-MRV,1,4,0.092543291,6561,1
extreme_047,Extreme,Serial-MRV,1,5,0.092634042,6561,1
extreme_047,Extreme,BranchBound,1,1,0.031883500,75160,1
extreme_047,Extreme,BranchBound,1,2,0.031740500,75160,1
extreme_047,Extreme,BranchBound,1,3,0.031757417,75160,1
extreme_047,Extreme,BranchBound,1,4,0.031890917,75160,1
extreme_047,Extreme,BranchBound,1,5,0.031716208,75160,1
extreme_047,Extreme,BranchBoundMRV,1,1,0.112991583,6561,1
extreme_047,Extreme,BranchBoundMRV,1,2,0.111305333,6561,1
extreme_047,Extreme,BranchBoundMRV,1,3,0.110421417,6561,1
extreme_047,Extreme,BranchBoundMRV,1,4,0.110386208,6561,1
extreme_047,Extreme,BranchBoundMRV,1,5,0.110289750,6561,1
extreme_047,Extreme,OpenMP,4,1,0.014245033,3155,1
extreme_047,Extreme,OpenMP,4,2,0.014197111,3149,1
extreme_047,Extreme,OpenMP,4,3,0.014235020,3164,1
extreme_047,Extreme,OpenMP,4,4,0.014181137,3153,1
extreme_047,Extreme,OpenMP,4,5,0.014240026,3165,1
extreme_047,Extreme,OpenMP,8,1,0.019951820,3921,1
extreme_047,Extreme,OpenMP,8,2,0.020066023,3947,1
extreme_047,Extreme,OpenMP,8,3,0.019938946,3944,1
extreme_047,Extreme,OpenMP,8,4,0.019948006,3919,1
extreme_047,Extreme,OpenMP,8,5,0.020066977,3980,1
extreme_047,Extreme,OpenMP,16,1,0.044747829,3742,1
extreme_047,Extreme,OpenMP,16,2,0.064486980,5814,1
extreme_047,Extreme,OpenMP,16,3,0.068632841,4439,1
extreme_047,Extreme,OpenMP,16,4,0.066499949,2406,1
extreme_047,Extreme,OpenMP,16,5,0.072048903,4237,1
extreme_047,Extreme,OMP-BranchBoundMRV,4,1,0.014397860,3124,1
extreme_047,Extreme,OMP-BranchBoundMRV,4,2,0.014468908,3151,1
extreme_047,Extreme,OMP-BranchBoundMRV,4,3,0.014354944,3135,1
extreme_047,Extreme,OMP-BranchBoundMRV,4,4,0.014286041,3116,1
extreme_047,Extreme,OMP-BranchBoundMRV,4,5,0.014330149,3131,1
extreme_047,Extreme,OMP-BranchBoundMRV,8,1,0.020137072,3983,1
extreme_047,Extreme,OMP-BranchBoundMRV,8,2,0.020065784,3932,1
extreme_047,Extreme,OMP-BranchBoundMRV,8,3,0.020160913,3730,1
extreme_047,Extreme,OMP-BranchBoundMRV,8,4,0.020575047,4008,1
extreme_047,Extreme,OMP-BranchBoundMRV,8,5,0.020065069,3944,1
extreme_047,Extreme,OMP-BranchBoundMRV,16,1,0.075856924,4194,1
extreme_047,Extreme,OMP-BranchBoundMRV,16,2,0.040310144,3508,1
extreme_047,Extreme,OMP-BranchBoundMRV,16,3,0.081676960,3757,1
extreme_047,Extreme,OMP-BranchBoundMRV,16,4,0.106345177,2259,1
extreme_047,Extreme,OMP-BranchBoundMRV,16,5,0.031832218,2740,1
extreme_048,Extreme,Serial,1,1,0.020674250,49738,1
extreme_048,Extreme,Serial,1,2,0.020659958,49738,1
extreme_048,Extreme,Serial,1,3,0.020607583,49738,1
extreme_048,Extreme,Serial,1,4,0.020583417,49738,1
extreme_048,Extreme,Serial,1,5,0.020618791,49738,1
extreme_048,Extreme,Serial-MRV,1,1,0.070165917,5541,1
extreme_048,Extreme,Serial-MRV,1,2,0.071594667,5541,1
extreme_048,Extreme,Serial-MRV,1,3,0.072092583,5541,1
extreme_048,Extreme,Serial-MRV,1,4,0.070199041,5541,1
extreme_048,Extreme,Serial-MRV,1,5,0.069992250,5541,1
extreme_048,Extreme,BranchBound,1,1,0.020723208,49738,1
extreme_048,Extreme,BranchBound,1,2,0.020692709,49738,1
extreme_048,Extreme,BranchBound,1,3,0.020787875,49738,1
extreme_048,Extreme,BranchBound,1,4,0.020741333,49738,1
extreme_048,Extreme,BranchBound,1,5,0.020798791,49738,1
extreme_048,Extreme,BranchBoundMRV,1,1,0.081487084,5541,1
extreme_048,Extreme,BranchBoundMRV,1,2,0.084375791,5541,1
extreme_048,Extreme,BranchBoundMRV,1,3,0.082968750,5541,1
extreme_048,Extreme,BranchBoundMRV,1,4,0.081505625,5541,1
extreme_048,Extreme,BranchBoundMRV,1,5,0.081825083,5541,1
extreme_048,Extreme,OpenMP,4,1,0.004068851,946,1
extreme_048,Extreme,OpenMP,4,2,0.004048824,940,1
extreme_048,Extreme,OpenMP,4,3,0.004019022,936,1
extreme_048,Extreme,OpenMP,4,4,0.004018068,940,1
extreme_048,Extreme,OpenMP,4,5,0.004016161,940,1
extreme_048,Extreme,OpenMP,8,1,0.005278111,1738,1
extreme_048,Extreme,OpenMP,8,2,0.004082918,1266,1
extreme_048,Extreme,OpenMP,8,3,0.005266905,1740,1
extreme_048,Extreme,OpenMP,8,4,0.005249023,1731,1
extreme_048,Extreme,OpenMP,8,5,0.001657963,429,1
extreme_048,Extreme,OpenMP,16,1,0.046324015,1556,1
extreme_048,Extreme,OpenMP,16,2,0.042281151,1060,1
extreme_048,Extreme,OpenMP,16,3,0.046653986,1754,1
extreme_048,Extreme,OpenMP,16,4,0.028104067,1771,1
extreme_048,Extreme,OpenMP,16,5,0.020538092,1687,1
extreme_048,Extreme,OMP-BranchBoundMRV,4,1,0.006108046,1455,1
extreme_048,Extreme,OMP-BranchBoundMRV,4,2,0.005881786,1370,1
extreme_048,Extreme,OMP-BranchBoundMRV,4,3,0.005875111,1399,1
extreme_048,Extreme,OMP-BranchBoundMRV,4,4,0.005812883,1384,1
extreme_048,Extreme,OMP-BranchBoundMRV,4,5,0.005903006,1376,1
extreme_048,Extreme,OMP-BranchBoundMRV,8,1,0.005657911,1635,1
extreme_048,Extreme,OMP-BranchBoundMRV,8,2,0.006950140,1930,1
extreme_048,Extreme,OMP-BranchBoundMRV,8,3,0.003390074,907,1
extreme_048,Extreme,OMP-BranchBoundMRV,8,4,0.006445169,1612,1
extreme_048,Extreme,OMP-BranchBoundMRV,8,5,0.008260965,2409,1
extreme_048,Extreme,OMP-BranchBoundMRV,16,1,0.006758928,835,1
extreme_048,Extreme,OMP-BranchBoundMRV,16,2,0.101749897,3070,1
extreme_048,Extreme,OMP-BranchBoundMRV,16,3,0.057166815,1444,1
extreme_048,Extreme,OMP-BranchBoundMRV,16,4,0.015416145,629,1
extreme_048,Extreme,OMP-BranchBoundMRV,16,5,0.023792028,2374,1
extreme_049,Extreme,Serial,1,1,0.054018208,111666,1
extreme_049,Extreme,Serial,1,2,0.052072375,111666,1
extreme_049,Extreme,Serial,1,3,0.052109458,111666,1
extreme_049,Extreme,Serial,1,4,0.052304000,111666,1
extreme_049,Extreme,Serial,1,5,0.053757291,111666,1
extreme_049,Extreme,Serial-MRV,1,1,0.076913667,5615,1
extreme_049,Extreme,Serial-MRV,1,2,0.076915708,5615,1
extreme_049,Extreme,Serial-MRV,1,3,0.078356584,5615,1
extreme_049,Extreme,Serial-MRV,1,4,0.077596792,5615,1
extreme_049,Extreme,Serial-MRV,1,5,0.076909541,5615,1
extreme_049,Extreme,BranchBound,1,1,0.052461750,111666,1
extreme_049,Extreme,BranchBound,1,2,0.052353083,111666,1
extreme_049,Extreme,BranchBound,1,3,0.052263833,111666,1
extreme_049,Extreme,BranchBound,1,4,0.052947125,111666,1
extreme_049,Extreme,BranchBound,1,5,0.053897167,111666,1
extreme_049,Extreme,BranchBoundMRV,1,1,0.086387500,5615,1
extreme_049,Extreme,BranchBoundMRV,1,2,0.086142042,5615,1
extreme_049,Extreme,BranchBoundMRV,1,3,0.088376042,5615,1
extreme_049,Extreme,BranchBoundMRV,1,4,0.086321875,5615,1
extreme_049,Extreme,BranchBoundMRV,1,5,0.086287125,5615,1
extreme_049,Extreme,OpenMP,4,1,0.003491879,581,1
extreme_049,Extreme,OpenMP,4,2,0.003465891,581,1
extreme_049,Extreme,OpenMP,4,3,0.003463984,581,1
extreme_049,Extreme,OpenMP,4,4,0.003451109,578,1
extreme_049,Extreme,OpenMP,4,5,0.003479958,769,1
extreme_049,Extreme,OpenMP,8,1,0.003530979,660,1
extreme_049,Extreme,OpenMP,8,2,0.003504992,519,1
extreme_049,Extreme,OpenMP,8,3,0.003474951,642,1
extreme_049,Extreme,OpenMP,8,4,0.003530025,656,1
extreme_049,Extreme,OpenMP,8,5,0.008217096,1576,1
extreme_049,Extreme,OpenMP,16,1,0.030090809,665,1
extreme_049,Extreme,OpenMP,16,2,0.028020144,1534,1
extreme_049,Extreme,OpenMP,16,3,0.013879061,526,1
extreme_049,Extreme,OpenMP,16,4,0.040187120,1325,1
extreme_049,Extreme,OpenMP,16,5,0.018290997,640,1
extreme_049,Extreme,OMP-BranchBoundMRV,4,1,0.003628969,781,1
extreme_049,Extreme,OMP-BranchBoundMRV,4,2,0.003639936,786,1
extreme_049,Extreme,OMP-BranchBoundMRV,4,3,0.003630161,786,1
extreme_049,Extreme,OMP-BranchBoundMRV,4,4,0.003622055,783,1
extreme_049,Extreme,OMP-BranchBoundMRV,4,5,0.003627062,785,1
extreme_049,Extreme,OMP-BranchBoundMRV,8,1,0.008403063,1227,1
extreme_049,Extreme,OMP-BranchBoundMRV,8,2,0.003764153,664,1
extreme_049,Extreme,OMP-BranchBoundMRV,8,3,0.007730007,1161,1
extreme_049,Extreme,OMP-BranchBoundMRV,8,4,0.005038023,683,1
extreme_049,Extreme,OMP-BranchBoundMRV,8,5,0.008376122,1221,1
extreme_049,Extreme,OMP-BranchBoundMRV,16,1,0.031023026,819,1
extreme_049,Extreme,OMP-BranchBoundMRV,16,2,0.026642084,1565,1
extreme_049,Extreme,OMP-BranchBoundMRV,16,3,0.021733999,502,1
extreme_049,Extreme,OMP-BranchBoundMRV,16,4,0.048764229,2575,1
extreme_049,Extreme,OMP-BranchBoundMRV,16,5,0.028650999,803,1
extreme_050,Extreme,Serial,1,1,0.093019334,208826,1
extreme_050,Extreme,Serial,1,2,0.093245208,208826,1
extreme_050,Extreme,Serial,1,3,0.091120625,208826,1
extreme_050,Extreme,Serial,1,4,0.090995916,208826,1
extreme_050,Extreme,Serial,1,5,0.090982750,208826,1
extreme_050,Extreme,Serial-MRV,1,1,0.074727709,5453,1
extreme_050,Extreme,Serial-MRV,1,2,0.074660417,5453,1
extreme_050,Extreme,Serial-MRV,1,3,0.075714292,5453,1
extreme_050,Extreme,Serial-MRV,1,4,0.075669833,5453,1
extreme_050,Extreme,Serial-MRV,1,5,0.074674292,5453,1
extreme_050,Extreme,BranchBound,1,1,0.091353125,208826,1
extreme_050,Extreme,BranchBound,1,2,0.091324291,208826,1
extreme_050,Extreme,BranchBound,1,3,0.093101292,208826,1
extreme_050,Extreme,BranchBound,1,4,0.091345750,208826,1
extreme_050,Extreme,BranchBound,1,5,0.091380916,208826,1
extreme_050,Extreme,BranchBoundMRV,1,1,0.084101875,5453,1
extreme_050,Extreme,BranchBoundMRV,1,2,0.084200875,5453,1
extreme_050,Extreme,BranchBoundMRV,1,3,0.086122750,5453,1
extreme_050,Extreme,BranchBoundMRV,1,4,0.084502542,5453,1
extreme_050,Extreme,BranchBoundMRV,1,5,0.084223541,5453,1
extreme_050,Extreme,OpenMP,4,1,0.007892847,1853,1
extreme_050,Extreme,OpenMP,4,2,0.007933855,1860,1
extreme_050,Extreme,OpenMP,4,3,0.007885933,1844,1
extreme_050,Extreme,OpenMP,4,4,0.007869005,1857,1
extreme_050,Extreme,OpenMP,4,5,0.007877111,1820,1
extreme_050,Extreme,OpenMP,8,1,0.013877869,3054,1
extreme_050,Extreme,OpenMP,8,2,0.007892847,2025,1
extreme_050,Extreme,OpenMP,8,3,0.007916927,1731,1
extreme_050,Extreme,OpenMP,8,4,0.013786077,2667,1
extreme_050,Extreme,OpenMP,8,5,0.019190073,3650,1
extreme_050,Extreme,OpenMP,16,1,0.020249128,1493,1
extreme_050,Extreme,OpenMP,16,2,0.054974079,3174,1
extreme_050,Extreme,OpenMP,16,3,0.042846918,1747,1
extreme_050,Extreme,OpenMP,16,4,0.019567966,2283,1
extreme_050,Extreme,OpenMP,16,5,0.010850906,1606,1
extreme_050,Extreme,OMP-BranchBoundMRV,4,1,0.009577990,2040,1
extreme_050,Extreme,OMP-BranchBoundMRV,4,2,0.008428812,1859,1
extreme_050,Extreme,OMP-BranchBoundMRV,4,3,0.008466005,1882,1
extreme_050,Extreme,OMP-BranchBoundMRV,4,4,0.008123159,1814,1
extreme_050,Extreme,OMP-BranchBoundMRV,4,5,0.008376122,1875,1
extreme_050,Extreme,OMP-BranchBoundMRV,8,1,0.008100986,1621,1
extreme_050,Extreme,OMP-BranchBoundMRV,8,2,0.008095980,1673,1
extreme_050,Extreme,OMP-BranchBoundMRV,8,3,0.008140087,1686,1
extreme_050,Extreme,OMP-BranchBoundMRV,8,4,0.014675140,2498,1
extreme_050,Extreme,OMP-BranchBoundMRV,8,5,0.015645027,2056,1
extreme_050,Extreme,OMP-BranchBoundMRV,16,1,0.034512043,2829,1
extreme_050,Extreme,OMP-BranchBoundMRV,16,2,0.050433874,2143,1
extreme_050,Extreme,OMP-BranchBoundMRV,16,3,0.040462017,2522,1
extreme_050,Extreme,OMP-BranchBoundMRV,16,4,0.027629852,2956,1
extreme_050,Extreme,OMP-BranchBoundMRV,16,5,0.030891895,2877,1
extreme_051,Extreme,Serial,1,1,0.013864833,33236,1
extreme_051,Extreme,Serial,1,2,0.013784791,33236,1
extreme_051,Extreme,Serial,1,3,0.013411166,33236,1
extreme_051,Extreme,Serial,1,4,0.013351666,33236,1
extreme_051,Extreme,Serial,1,5,0.013217541,33236,1
extreme_051,Extreme,Serial-MRV,1,1,0.062019125,5035,1
extreme_051,Extreme,Serial-MRV,1,2,0.063736000,5035,1
extreme_051,Extreme,Serial-MRV,1,3,0.064227708,5035,1
extreme_051,Extreme,Serial-MRV,1,4,0.063731375,5035,1
extreme_051,Extreme,Serial-MRV,1,5,0.065099417,5035,1
extreme_051,Extreme,BranchBound,1,1,0.014751542,33236,1
extreme_051,Extreme,BranchBound,1,2,0.014272792,33236,1
extreme_051,Extreme,BranchBound,1,3,0.014465042,33236,1
extreme_051,Extreme,BranchBound,1,4,0.014306250,33236,1
extreme_051,Extreme,BranchBound,1,5,0.014337291,33236,1
extreme_051,Extreme,BranchBoundMRV,1,1,0.075709167,5035,1
extreme_051,Extreme,BranchBoundMRV,1,2,0.073474334,5035,1
extreme_051,Extreme,BranchBoundMRV,1,3,0.075771125,5035,1
extreme_051,Extreme,BranchBoundMRV,1,4,0.072476708,5035,1
extreme_051,Extreme,BranchBoundMRV,1,5,0.072203625,5035,1
extreme_051,Extreme,OpenMP,4,1,0.003720999,895,1
extreme_051,Extreme,OpenMP,4,2,0.003752947,879,1
extreme_051,Extreme,OpenMP,4,3,0.003696918,870,1
extreme_051,Extreme,OpenMP,4,4,0.003590822,880,1
extreme_051,Extreme,OpenMP,4,5,0.003757000,952,1
extreme_051,Extreme,OpenMP,8,1,0.010371923,2515,1
extreme_051,Extreme,OpenMP,8,2,0.003570080,921,1
extreme_051,Extreme,OpenMP,8,3,0.008706093,2064,1
extreme_051,Extreme,OpenMP,8,4,0.003612041,787,1
extreme_051,Extreme,OpenMP,8,5,0.008382797,2019,1
extreme_051,Extreme,OpenMP,16,1,0.028393030,2213,1
extreme_051,Extreme,OpenMP,16,2,0.030715942,948,1
extreme_051,Extreme,OpenMP,16,3,0.020180941,2136,1
extreme_051,Extreme,OpenMP,16,4,0.043651819,2344,1
extreme_051,Extreme,OpenMP,16,5,0.026031017,2258,1
extreme_051,Extreme,OMP-BranchBoundMRV,4,1,0.004271984,733,1
extreme_051,Extreme,OMP-BranchBoundMRV,4,2,0.004124165,987,1
extreme_051,Extreme,OMP-BranchBoundMRV,4,3,0.004092932,986,1
extreme_051,Extreme,OMP-BranchBoundMRV,4,4,0.003704071,900,1
extreme_051,Extreme,OMP-BranchBoundMRV,4,5,0.003929138,936,1
extreme_051,Extreme,OMP-BranchBoundMRV,8,1,0.006178856,1275,1
extreme_051,Extreme,OMP-BranchBoundMRV,8,2,0.009141922,2150,1
extreme_051,Extreme,OMP-BranchBoundMRV,8,3,0.005769968,1310,1
extreme_051,Extreme,OMP-BranchBoundMRV,8,4,0.009173155,2197,1
extreme_051,Extreme,OMP-BranchBoundMRV,8,5,0.004045963,944,1
extreme_051,Extreme,OMP-BranchBoundMRV,16,1,0.023286104,2454,1
extreme_051,Extreme,OMP-BranchBoundMRV,16,2,0.092931986,2057,1
extreme_051,Extreme,OMP-BranchBoundMRV,16,3,0.024729967,816,1
extreme_051,Extreme,OMP-BranchBoundMRV,16,4,0.021605015,1046,1
extreme_051,Extreme,OMP-BranchBoundMRV,16,5,0.018662214,1332,1
extreme_052,Extreme,Serial,1,1,0.048701417,105692,1
extreme_052,Extreme,Serial,1,2,0.047326333,105692,1
extreme_052,Extreme,Serial,1,3,0.046424875,105692,1
extreme_052,Extreme,Serial,1,4,0.046328417,105692,1
extreme_052,Extreme,Serial,1,5,0.047891375,105692,1
extreme_052,Extreme,Serial-MRV,1,1,0.064179333,5046,1
extreme_052,Extreme,Serial-MRV,1,2,0.063787958,5046,1
extreme_052,Extreme,Serial-MRV,1,3,0.064228042,5046,1
extreme_052,Extreme,Serial-MRV,1,4,0.065875959,5046,1
extreme_052,Extreme,Serial-MRV,1,5,0.063853667,5046,1
extreme_052,Extreme,BranchBound,1,1,0.046427625,105692,1
extreme_052,Extreme,BranchBound,1,2,0.046545125,105692,1
extreme_052,Extreme,BranchBound,1,3,0.046352750,105692,1
extreme_052,Extreme,BranchBound,1,4,0.046437792,105692,1
extreme_052,Extreme,BranchBound,1,5,0.047526625,105692,1
extreme_052,Extreme,BranchBoundMRV,1,1,0.074062166,5046,1
extreme_052,Extreme,BranchBoundMRV,1,2,0.073242375,5046,1
extreme_052,Extreme,BranchBoundMRV,1,3,0.073936292,5046,1
extreme_052,Extreme,BranchBoundMRV,1,4,0.074196167,5046,1
extreme_052,Extreme,BranchBoundMRV,1,5,0.073143209,5046,1
extreme_052,Extreme,OpenMP,4,1,0.004100084,675,1
extreme_052,Extreme,OpenMP,4,2,0.004083157,674,1
extreme_052,Extreme,OpenMP,4,3,0.004077911,673,1
extreme_052,Extreme,OpenMP,4,4,0.004076958,673,1
extreme_052,Extreme,OpenMP,4,5,0.004080057,675,1
extreme_052,Extreme,OpenMP,8,1,0.004126072,527,1
extreme_052,Extreme,OpenMP,8,2,0.004054070,673,1
extreme_052,Extreme,OpenMP,8,3,0.004071951,559,1
extreme_052,Extreme,OpenMP,8,4,0.010210037,693,1
extreme_052,Extreme,OpenMP,8,5,0.009733915,1028,1
extreme_052,Extreme,OpenMP,16,1,0.024250984,557,1
extreme_052,Extreme,OpenMP,16,2,0.020131111,1383,1
extreme_052,Extreme,OpenMP,16,3,0.040740967,671,1
extreme_052,Extreme,OpenMP,16,4,0.030390978,422,1
extreme_052,Extreme,OpenMP,16,5,0.030645132,677,1
extreme_052,Extreme,OMP-BranchBoundMRV,4,1,0.004323006,619,1
extreme_052,Extreme,OMP-BranchBoundMRV,4,2,0.004281998,678,1
extreme_052,Extreme,OMP-BranchBoundMRV,4,3,0.004364967,643,1
extreme_052,Extreme,OMP-BranchBoundMRV,4,4,0.004236937,674,1
extreme_052,Extreme,OMP-BranchBoundMRV,4,5,0.004331827,683,1
extreme_052,Extreme,OMP-BranchBoundMRV,8,1,0.004271984,680,1
extreme_052,Extreme,OMP-BranchBoundMRV,8,2,0.006384850,856,1
extreme_052,Extreme,OMP-BranchBoundMRV,8,3,0.004271030,678,1
extreme_052,Extreme,OMP-BranchBoundMRV,8,4,0.004281998,521,1
extreme_052,Extreme,OMP-BranchBoundMRV,8,5,0.008777857,916,1
extreme_052,Extreme,OMP-BranchBoundMRV,16,1,0.019237995,512,1
extreme_052,Extreme,OMP-BranchBoundMRV,16,2,0.063133001,3027,1
extreme_052,Extreme,OMP-BranchBoundMRV,16,3,0.030262947,561,1
extreme_052,Extreme,OMP-BranchBoundMRV,16,4,0.020432949,641,1
extreme_052,Extreme,OMP-BranchBoundMRV,16,5,0.020462990,1046,1
extreme_053,Extreme,Serial,1,1,0.233936583,530866,1
extreme_053,Extreme,Serial,1,2,0.229633084,530866,1
extreme_053,Extreme,Serial,1,3,0.229542417,530866,1
extreme_053,Extreme,Serial,1,4,0.230541625,530866,1
extreme_053,Extreme,Serial,1,5,0.241258500,530866,1
extreme_053,Extreme,Serial-MRV,1,1,0.092433042,5927,1
extreme_053,Extreme,Serial-MRV,1,2,0.089806375,5927,1
extreme_053,Extreme,Serial-MRV,1,3,0.091172667,5927,1
extreme_053,Extreme,Serial-MRV,1,4,0.089044000,5927,1
extreme_053,Extreme,Serial-MRV,1,5,0.089082291,5927,1
extreme_053,Extreme,BranchBound,1,1,0.232697416,530866,1
extreme_053,Extreme,BranchBound,1,2,0.232141875,530866,1
extreme_053,Extreme,BranchBound,1,3,0.230778000,530866,1
extreme_053,Extreme,BranchBound,1,4,0.231084834,530866,1
extreme_053,Extreme,BranchBound,1,5,0.231250667,530866,1
extreme_053,Extreme,BranchBoundMRV,1,1,0.099380833,5927,1
extreme_053,Extreme,BranchBoundMRV,1,2,0.100558750,5927,1
extreme_053,Extreme,BranchBoundMRV,1,3,0.101424583,5927,1
extreme_053,Extreme,BranchBoundMRV,1,4,0.099743750,5927,1
extreme_053,Extreme,BranchBoundMRV,1,5,0.099333500,5927,1
extreme_053,Extreme,OpenMP,4,1,0.048302889,5931,1
extreme_053,Extreme,OpenMP,4,2,0.048544884,5931,1
extreme_053,Extreme,OpenMP,4,3,0.048645973,5931,1
extreme_053,Extreme,OpenMP,4,4,0.048459053,5931,1
extreme_053,Extreme,OpenMP,4,5,0.049962997,5931,1
extreme_053,Extreme,OpenMP,8,1,0.068278074,5931,1
extreme_053,Extreme,OpenMP,8,2,0.072780132,5931,1
extreme_053,Extreme,OpenMP,8,3,0.072607040,5931,1
extreme_053,Extreme,OpenMP,8,4,0.078125000,5931,1
extreme_053,Extreme,OpenMP,8,5,0.076745033,5931,1
extreme_053,Extreme,OpenMP,16,1,0.075967073,5308,1
extreme_053,Extreme,OpenMP,16,2,0.134596109,5931,1
extreme_053,Extreme,OpenMP,16,3,0.147588968,5834,1
extreme_053,Extreme,OpenMP,16,4,0.185858965,5931,1
extreme_053,Extreme,OpenMP,16,5,0.171448946,5931,1
extreme_053,Extreme,OMP-BranchBoundMRV,4,1,0.048587084,5931,1
extreme_053,Extreme,OMP-BranchBoundMRV,4,2,0.048625946,5931,1
extreme_053,Extreme,OMP-BranchBoundMRV,4,3,0.048341990,5931,1
extreme_053,Extreme,OMP-BranchBoundMRV,4,4,0.048604012,5931,1
extreme_053,Extreme,OMP-BranchBoundMRV,4,5,0.049480915,5931,1
extreme_053,Extreme,OMP-BranchBoundMRV,8,1,0.055711985,5931,1
extreme_053,Extreme,OMP-BranchBoundMRV,8,2,0.082021952,5931,1
extreme_053,Extreme,OMP-BranchBoundMRV,8,3,0.077132940,5931,1
extreme_053,Extreme,OMP-BranchBoundMRV,8,4,0.071853876,5931,1
extreme_053,Extreme,OMP-BranchBoundMRV,8,5,0.071118116,5931,1
extreme_053,Extreme,OMP-BranchBoundMRV,16,1,0.156598806,5931,1
extreme_053,Extreme,OMP-BranchBoundMRV,16,2,0.171579123,5931,1
extreme_053,Extreme,OMP-BranchBoundMRV,16,3,0.144320011,5919,1
extreme_053,Extreme,OMP-BranchBoundMRV,16,4,0.175238132,5931,1
extreme_053,Extreme,OMP-BranchBoundMRV,16,5,0.061014175,4705,1
extreme_054,Extreme,Serial,1,1,0.047961709,116374,1
extreme_054,Extreme,Serial,1,2,0.047991291,116374,1
extreme_054,Extreme,Serial,1,3,0.047954292,116374,1
extreme_054,Extreme,Serial,1,4,0.048115208,116374,1
extreme_054,Extreme,Serial,1,5,0.049797250,116374,1
extreme_054,Extreme,Serial-MRV,1,1,0.072111750,5256,1
extreme_054,Extreme,Serial-MRV,1,2,0.071841125,5256,1
extreme_054,Extreme,Serial-MRV,1,3,0.072171459,5256,1
extreme_054,Extreme,Serial-MRV,1,4,0.073307458,5256,1
extreme_054,Extreme,Serial-MRV,1,5,0.071973542,5256,1
extreme_054,Extreme,BranchBound,1,1,0.048316042,116374,1
extreme_054,Extreme,BranchBound,1,2,0.048576750,116374,1
extreme_054,Extreme,BranchBound,1,3,0.048312792,116374,1
extreme_054,Extreme,BranchBound,1,4,0.048373625,116374,1
extreme_054,Extreme,BranchBound,1,5,0.049774250,116374,1
extreme_054,Extreme,BranchBoundMRV,1,1,0.086631958,5256,1
extreme_054,Extreme,BranchBoundMRV,1,2,0.083497250,5256,1
extreme_054,Extreme,BranchBoundMRV,1,3,0.084506583,5256,1
extreme_054,Extreme,BranchBoundMRV,1,4,0.083026209,5256,1
extreme_054,Extreme,BranchBoundMRV,1,5,0.084169583,5256,1
extreme_054,Extreme,OpenMP,4,1,0.018991947,4475,1
extreme_054,Extreme,OpenMP,4,2,0.019079924,4476,1
extreme_054,Extreme,OpenMP,4,3,0.019033909,4480,1
extreme_054,Extreme,OpenMP,4,4,0.018943071,3881,1
extreme_054,Extreme,OpenMP,4,5,0.018946886,4470,1
extreme_054,Extreme,OpenMP,8,1,0.009989023,1044,1
extreme_054,Extreme,OpenMP,8,2,0.002391100,589,1
extreme_054,Extreme,OpenMP,8,3,0.002355099,512,1
extreme_054,Extreme,OpenMP,8,4,0.001152039,289,1
extreme_054,Extreme,OpenMP,8,5,0.005336046,1423,1
extreme_054,Extreme,OpenMP,16,1,0.020267963,722,1
extreme_054,Extreme,OpenMP,16,2,0.043278933,2214,1
extreme_054,Extreme,OpenMP,16,3,0.042299986,3827,1
extreme_054,Extreme,OpenMP,16,4,0.020025969,532,1
extreme_054,Extreme,OpenMP,16,5,0.010599136,647,1
extreme_054,Extreme,OMP-BranchBoundMRV,4,1,0.019320011,3754,1
extreme_054,Extreme,OMP-BranchBoundMRV,4,2,0.020378828,4602,1
extreme_054,Extreme,OMP-BranchBoundMRV,4,3,0.019192934,4379,1
extreme_054,Extreme,OMP-BranchBoundMRV,4,4,0.019130945,4486,1
extreme_054,Extreme,OMP-BranchBoundMRV,4,5,0.019031048,4476,1
extreme_054,Extreme,OMP-BranchBoundMRV,8,1,0.018293142,4315,1
extreme_054,Extreme,OMP-BranchBoundMRV,8,2,0.001278162,175,1
extreme_054,Extreme,OMP-BranchBoundMRV,8,3,0.005588055,1039,1
extreme_054,Extreme,OMP-BranchBoundMRV,8,4,0.016045094,3536,1
extreme_054,Extreme,OMP-BranchBoundMRV,8,5,0.002561092,691,1
extreme_054,Extreme,OMP-BranchBoundMRV,16,1,0.034018993,529,1
extreme_054,Extreme,OMP-BranchBoundMRV,16,2,0.046324968,960,1
extreme_054,Extreme,OMP-BranchBoundMRV,16,3,0.020442009,885,1
extreme_054,Extreme,OMP-BranchBoundMRV,16,4,0.038903952,601,1
extreme_054,Extreme,OMP-BranchBoundMRV,16,5,0.018362045,1413,1
extreme_055,Extreme,Serial,1,1,0.168479667,383897,1
extreme_055,Extreme,Serial,1,2,0.168222333,383897,1
extreme_055,Extreme,Serial,1,3,0.165450459,383897,1
extreme_055,Extreme,Serial,1,4,0.165712459,383897,1
extreme_055,Extreme,Serial,1,5,0.165547000,383897,1
extreme_055,Extreme,Serial-MRV,1,1,0.113906417,7804,1
extreme_055,Extreme,Serial-MRV,1,2,0.114793042,7804,1
extreme_055,Extreme,Serial-MRV,1,3,0.115841541,7804,1
extreme_055,Extreme,Serial-MRV,1,4,0.114738750,7804,1
extreme_055,Extreme,Serial-MRV,1,5,0.114856375,7804,1
extreme_055,Extreme,BranchBound,1,1,0.166439459,383897,1
extreme_055,Extreme,BranchBound,1,2,0.168531500,383897,1
extreme_055,Extreme,BranchBound,1,3,0.166208625,383897,1
extreme_055,Extreme,BranchBound,1,4,0.166171666,383897,1
extreme_055,Extreme,BranchBound,1,5,0.167254125,383897,1
extreme_055,Extreme,BranchBoundMRV,1,1,0.124394416,7804,1
extreme_055,Extreme,BranchBoundMRV,1,2,0.126021750,7804,1
extreme_055,Extreme,BranchBoundMRV,1,3,0.124257791,7804,1
extreme_055,Extreme,BranchBoundMRV,1,4,0.125003500,7804,1
extreme_055,Extreme,BranchBoundMRV,1,5,0.124928834,7804,1
extreme_055,Extreme,OpenMP,4,1,0.009007931,1613,1
extreme_055,Extreme,OpenMP,4,2,0.009483099,1967,1
extreme_055,Extreme,OpenMP,4,3,0.009486914,1967,1
extreme_055,Extreme,OpenMP,4,4,0.009458065,1963,1
extreme_055,Extreme,OpenMP,4,5,0.009437084,1962,1
extreme_055,Extreme,OpenMP,8,1,0.009315014,1748,1
extreme_055,Extreme,OpenMP,8,2,0.004375935,657,1
extreme_055,Extreme,OpenMP,8,3,0.003865957,818,1
extreme_055,Extreme,OpenMP,8,4,0.003884077,827,1
extreme_055,Extreme,OpenMP,8,5,0.003908157,824,1
extreme_055,Extreme,OpenMP,16,1,0.020217896,579,1
extreme_055,Extreme,OpenMP,16,2,0.020693064,1642,1
extreme_055,Extreme,OpenMP,16,3,0.030498981,678,1
extreme_055,Extreme,OpenMP,16,4,0.041033030,856,1
extreme_055,Extreme,OpenMP,16,5,0.022211075,869,1
extreme_055,Extreme,OMP-BranchBoundMRV,4,1,0.010855913,2086,1
extreme_055,Extreme,OMP-BranchBoundMRV,4,2,0.010058880,1957,1
extreme_055,Extreme,OMP-BranchBoundMRV,4,3,0.010651827,2075,1
extreme_055,Extreme,OMP-BranchBoundMRV,4,4,0.009881020,1953,1
extreme_055,Extreme,OMP-BranchBoundMRV,4,5,0.010329008,2018,1
extreme_055,Extreme,OMP-BranchBoundMRV,8,1,0.009717226,1619,1
extreme_055,Extreme,OMP-BranchBoundMRV,8,2,0.005079031,919,1
extreme_055,Extreme,OMP-BranchBoundMRV,8,3,0.006031036,1055,1
extreme_055,Extreme,OMP-BranchBoundMRV,8,4,0.005112886,876,1
extreme_055,Extreme,OMP-BranchBoundMRV,8,5,0.006248951,1071,1
extreme_055,Extreme,OMP-BranchBoundMRV,16,1,0.008935928,634,1
extreme_055,Extreme,OMP-BranchBoundMRV,16,2,0.036349058,1457,1
extreme_055,Extreme,OMP-BranchBoundMRV,16,3,0.034647226,536,1
extreme_055,Extreme,OMP-BranchBoundMRV,16,4,0.045294046,1371,1
extreme_055,Extreme,OMP-BranchBoundMRV,16,5,0.021347046,686,1
extreme_056,Extreme,Serial,1,1,0.088224792,201686,1
extreme_056,Extreme,Serial,1,2,0.084919209,201686,1
extreme_056,Extreme,Serial,1,3,0.086261292,201686,1
extreme_056,Extreme,Serial,1,4,0.084663333,201686,1
extreme_056,Extreme,Serial,1,5,0.085255875,201686,1
extreme_056,Extreme,Serial-MRV,1,1,0.084901792,5565,1
extreme_056,Extreme,Serial-MRV,1,2,0.085189375,5565,1
extreme_056,Extreme,Serial-MRV,1,3,0.086947208,5565,1
extreme_056,Extreme,Serial-MRV,1,4,0.085117583,5565,1
extreme_056,Extreme,Serial-MRV,1,5,0.085346542,5565,1
extreme_056,Extreme,BranchBound,1,1,0.086529959,201686,1
extreme_056,Extreme,BranchBound,1,2,0.085313958,201686,1
extreme_056,Extreme,BranchBound,1,3,0.087501875,201686,1
extreme_056,Extreme,BranchBound,1,4,0.085578125,201686,1
extreme_056,Extreme,BranchBound,1,5,0.085338875,201686,1
extreme_056,Extreme,BranchBoundMRV,1,1,0.095926625,5565,1
extreme_056,Extreme,BranchBoundMRV,1,2,0.095810750,5565,1
extreme_056,Extreme,BranchBoundMRV,1,3,0.098036083,5565,1
extreme_056,Extreme,BranchBoundMRV,1,4,0.095700125,5565,1
extreme_056,Extreme,BranchBoundMRV,1,5,0.095728959,5565,1
extreme_056,Extreme,OpenMP,4,1,0.010730028,2303,1
extreme_056,Extreme,OpenMP,4,2,0.010697126,2285,1
extreme_056,Extreme,OpenMP,4,3,0.010684967,2292,1
extreme_056,Extreme,OpenMP,4,4,0.010787964,2306,1
extreme_056,Extreme,OpenMP,4,5,0.010689020,2292,1
extreme_056,Extreme,OpenMP,8,1,0.016268015,3490,1
extreme_056,Extreme,OpenMP,8,2,0.011430025,2785,1
extreme_056,Extreme,OpenMP,8,3,0.016445160,3488,1
extreme_056,Extreme,OpenMP,8,4,0.016785860,3555,1
extreme_056,Extreme,OpenMP,8,5,0.016902924,3700,1
extreme_056,Extreme,OpenMP,16,1,0.043584824,3773,1
extreme_056,Extreme,OpenMP,16,2,0.041431904,2066,1
extreme_056,Extreme,OpenMP,16,3,0.041430950,3586,1
extreme_056,Extreme,OpenMP,16,4,0.051609993,4349,1
extreme_056,Extreme,OpenMP,16,5,0.051179886,1945,1
extreme_056,Extreme,OMP-BranchBoundMRV,4,1,0.010818005,2293,1
extreme_056,Extreme,OMP-BranchBoundMRV,4,2,0.010843039,2296,1
extreme_056,Extreme,OMP-BranchBoundMRV,4,3,0.010794878,2288,1
extreme_056,Extreme,OMP-BranchBoundMRV,4,4,0.010834932,2298,1
extreme_056,Extreme,OMP-BranchBoundMRV,4,5,0.010779142,2291,1
extreme_056,Extreme,OMP-BranchBoundMRV,8,1,0.011812925,2550,1
extreme_056,Extreme,OMP-BranchBoundMRV,8,2,0.012734890,2530,1
extreme_056,Extreme,OMP-BranchBoundMRV,8,3,0.016711950,3326,1
extreme_056,Extreme,OMP-BranchBoundMRV,8,4,0.020099878,3979,1
extreme_056,Extreme,OMP-BranchBoundMRV,8,5,0.013419867,2369,1
extreme_056,Extreme,OMP-BranchBoundMRV,16,1,0.029752016,2554,1
extreme_056,Extreme,OMP-BranchBoundMRV,16,2,0.063771009,3628,1
extreme_056,Extreme,OMP-BranchBoundMRV,16,3,0.022025108,1730,1
extreme_056,Extreme,OMP-BranchBoundMRV,16,4,0.035543203,2691,1
extreme_056,Extreme,OMP-BranchBoundMRV,16,5,0.026005983,2730,1
extreme_057,Extreme,Serial,1,1,0.001789125,4349,1
extreme_057,Extreme,Serial,1,2,0.001768083,4349,1
extreme_057,Extreme,Serial,1,3,0.001868958,4349,1
extreme_057,Extreme,Serial,1,4,0.001766958,4349,1
extreme_057,Extreme,Serial,1,5,0.001770416,4349,1
extreme_057,Extreme,Serial-MRV,1,1,0.073184416,5098,1
extreme_057,Extreme,Serial-MRV,1,2,0.072966750,5098,1
extreme_057,Extreme,Serial-MRV,1,3,0.074279750,5098,1
extreme_057,Extreme,Serial-MRV,1,4,0.075696041,5098,1
extreme_057,Extreme,Serial-MRV,1,5,0.073271125,5098,1
extreme_057,Extreme,BranchBound,1,1,0.001804542,4349,1
extreme_057,Extreme,BranchBound,1,2,0.001783083,4349,1
extreme_057,Extreme,BranchBound,1,3,0.001781125,4349,1
extreme_057,Extreme,BranchBound,1,4,0.001841375,4349,1
extreme_057,Extreme,BranchBound,1,5,0.001780833,4349,1
extreme_057,Extreme,BranchBoundMRV,1,1,0.085301375,5098,1
extreme_057,Extreme,BranchBoundMRV,1,2,0.083295625,5098,1
extreme_057,Extreme,BranchBoundMRV,1,3,0.085860375,5098,1
extreme_057,Extreme,BranchBoundMRV,1,4,0.084585167,5098,1
extreme_057,Extreme,BranchBoundMRV,1,5,0.082831042,5098,1
extreme_057,Extreme,OpenMP,4,1,0.003341913,713,1
extreme_057,Extreme,OpenMP,4,2,0.003309011,712,1
extreme_057,Extreme,OpenMP,4,3,0.003304958,712,1
extreme_057,Extreme,OpenMP,4,4,0.003313065,713,1
extreme_057,Extreme,OpenMP,4,5,0.003304958,712,1
extreme_057,Extreme,OpenMP,8,1,0.003360987,607,1
extreme_057,Extreme,OpenMP,8,2,0.003347874,392,1
extreme_057,Extreme,OpenMP,8,3,0.003342867,615,1
extreme_057,Extreme,OpenMP,8,4,0.007921934,1241,1
extreme_057,Extreme,OpenMP,8,5,0.010025978,1246,1
extreme_057,Extreme,OpenMP,16,1,0.020327091,1241,1
extreme_057,Extreme,OpenMP,16,2,0.030188084,610,1
extreme_057,Extreme,OpenMP,16,3,0.050562859,604,1
extreme_057,Extreme,OpenMP,16,4,0.023586035,557,1
extreme_057,Extreme,OpenMP,16,5,0.020077944,1250,1
extreme_057,Extreme,OMP-BranchBoundMRV,4,1,0.003480911,684,1
extreme_057,Extreme,OMP-BranchBoundMRV,4,2,0.003472805,719,1
extreme_057,Extreme,OMP-BranchBoundMRV,4,3,0.003468037,541,1
extreme_057,Extreme,OMP-BranchBoundMRV,4,4,0.003463030,511,1
extreme_057,Extreme,OMP-BranchBoundMRV,4,5,0.008151054,519,1
extreme_057,Extreme,OMP-BranchBoundMRV,8,1,0.004776955,599,1
extreme_057,Extreme,OMP-BranchBoundMRV,8,2,0.003520012,485,1
extreme_057,Extreme,OMP-BranchBoundMRV,8,3,0.005362988,724,1
extreme_057,Extreme,OMP-BranchBoundMRV,8,4,0.003502846,464,1
extreme_057,Extreme,OMP-BranchBoundMRV,8,5,0.003486872,531,1
extreme_057,Extreme,OMP-BranchBoundMRV,16,1,0.013723135,1077,1
extreme_057,Extreme,OMP-BranchBoundMRV,16,2,0.009520054,460,1
extreme_057,Extreme,OMP-BranchBoundMRV,16,3,0.012138128,808,1
extreme_057,Extreme,OMP-BranchBoundMRV,16,4,0.036815166,987,1
extreme_057,Extreme,OMP-BranchBoundMRV,16,5,0.034954071,327,1
extreme_058,Extreme,Serial,1,1,0.162264167,336626,1
extreme_058,Extreme,Serial,1,2,0.179496208,336626,1
extreme_058,Extreme,Serial,1,3,0.170374584,336626,1
extreme_058,Extreme,Serial,1,4,0.174514166,336626,1
extreme_058,Extreme,Serial,1,5,0.163063625,336626,1
extreme_058,Extreme,Serial-MRV,1,1,0.114905500,6574,1
extreme_058,Extreme,Serial-MRV,1,2,0.097842625,6574,1
extreme_058,Extreme,Serial-MRV,1,3,0.098519958,6574,1
extreme_058,Extreme,Serial-MRV,1,4,0.097766334,6574,1
extreme_058,Extreme,Serial-MRV,1,5,0.098332875,6574,1
extreme_058,Extreme,BranchBound,1,1,0.152055000,336626,1
extreme_058,Extreme,BranchBound,1,2,0.154255833,336626,1
extreme_058,Extreme,BranchBound,1,3,0.152231583,336626,1
extreme_058,Extreme,BranchBound,1,4,0.152744000,336626,1
extreme_058,Extreme,BranchBound,1,5,0.152037917,336626,1
extreme_058,Extreme,BranchBoundMRV,1,1,0.109389083,6574,1
extreme_058,Extreme,BranchBoundMRV,1,2,0.113467541,6574,1
extreme_058,Extreme,BranchBoundMRV,1,3,0.111053916,6574,1
extreme_058,Extreme,BranchBoundMRV,1,4,0.109125333,6574,1
extreme_058,Extreme,BranchBoundMRV,1,5,0.112593250,6574,1
extreme_058,Extreme,OpenMP,4,1,0.035119057,5764,1
extreme_058,Extreme,OpenMP,4,2,0.037447214,6569,1
extreme_058,Extreme,OpenMP,4,3,0.035449028,6011,1
extreme_058,Extreme,OpenMP,4,4,0.030818939,5838,1
extreme_058,Extreme,OpenMP,4,5,0.034760952,6470,1
extreme_058,Extreme,OpenMP,8,1,0.036875963,6508,1
extreme_058,Extreme,OpenMP,8,2,0.029808044,6307,1
extreme_058,Extreme,OpenMP,8,3,0.028606176,5769,1
extreme_058,Extreme,OpenMP,8,4,0.039244175,6637,1
extreme_058,Extreme,OpenMP,8,5,0.028630018,6041,1
extreme_058,Extreme,OpenMP,16,1,0.139603853,6897,1
extreme_058,Extreme,OpenMP,16,2,0.102708101,6897,1
extreme_058,Extreme,OpenMP,16,3,0.083443165,6610,1
extreme_058,Extreme,OpenMP,16,4,0.060657978,4198,1
extreme_058,Extreme,OpenMP,16,5,0.161056042,6897,1
extreme_058,Extreme,OMP-BranchBoundMRV,4,1,0.030900955,6481,1
extreme_058,Extreme,OMP-BranchBoundMRV,4,2,0.030935049,6495,1
extreme_058,Extreme,OMP-BranchBoundMRV,4,3,0.030961990,6501,1
extreme_058,Extreme,OMP-BranchBoundMRV,4,4,0.030858040,5653,1
extreme_058,Extreme,OMP-BranchBoundMRV,4,5,0.030822039,6479,1
extreme_058,Extreme,OMP-BranchBoundMRV,8,1,0.031255960,5718,1
extreme_058,Extreme,OMP-BranchBoundMRV,8,2,0.043807030,6579,1
extreme_058,Extreme,OMP-BranchBoundMRV,8,3,0.037162066,6513,1
extreme_058,Extreme,OMP-BranchBoundMRV,8,4,0.045466185,6897,1
extreme_058,Extreme,OMP-BranchBoundMRV,8,5,0.037894964,6229,1
extreme_058,Extreme,OMP-BranchBoundMRV,16,1,0.171393871,6897,1
extreme_058,Extreme,OMP-BranchBoundMRV,16,2,0.109220982,6885,1
extreme_058,Extreme,OMP-BranchBoundMRV,16,3,0.077764988,6545,1
extreme_058,Extreme,OMP-BranchBoundMRV,16,4,0.111299992,6721,1
extreme_058,Extreme,OMP-BranchBoundMRV,16,5,0.122442007,6897,1
extreme_059,Extreme,Serial,1,1,0.019442125,45002,1
extreme_059,Extreme,Serial,1,2,0.019402666,45002,1
extreme_059,Extreme,Serial,1,3,0.019401417,45002,1
extreme_059,Extreme,Serial,1,4,0.019430958,45002,1
extreme_059,Extreme,Serial,1,5,0.019407750,45002,1
extreme_059,Extreme,Serial-MRV,1,1,0.075478167,5941,1
extreme_059,Extreme,Serial-MRV,1,2,0.077404750,5941,1
extreme_059,Extreme,Serial-MRV,1,3,0.077427041,5941,1
extreme_059,Extreme,Serial-MRV,1,4,0.075677209,5941,1
extreme_059,Extreme,Serial-MRV,1,5,0.075427917,5941,1
extreme_059,Extreme,BranchBound,1,1,0.019602000,45002,1
extreme_059,Extreme,BranchBound,1,2,0.019803958,45002,1
extreme_059,Extreme,BranchBound,1,3,0.019484000,45002,1
extreme_059,Extreme,BranchBound,1,4,0.019441166,45002,1
extreme_059,Extreme,BranchBound,1,5,0.019676084,45002,1
extreme_059,Extreme,BranchBoundMRV,1,1,0.086445500,5941,1
extreme_059,Extreme,BranchBoundMRV,1,2,0.088941167,5941,1
extreme_059,Extreme,BranchBoundMRV,1,3,0.086709166,5941,1
extreme_059,Extreme,BranchBoundMRV,1,4,0.085553875,5941,1
extreme_059,Extreme,BranchBoundMRV,1,5,0.085657208,5941,1
extreme_059,Extreme,OpenMP,4,1,0.002686024,460,1
extreme_059,Extreme,OpenMP,4,2,0.002664089,459,1
extreme_059,Extreme,OpenMP,4,3,0.002653122,458,1
extreme_059,Extreme,OpenMP,4,4,0.002663136,457,1
extreme_059,Extreme,OpenMP,4,5,0.002651930,458,1
extreme_059,Extreme,OpenMP,8,1,0.002700090,535,1
extreme_059,Extreme,OpenMP,8,2,0.006198168,1229,1
extreme_059,Extreme,OpenMP,8,3,0.006404877,1110,1
extreme_059,Extreme,OpenMP,8,4,0.002677917,535,1
extreme_059,Extreme,OpenMP,8,5,0.006278992,1094,1
extreme_059,Extreme,OpenMP,16,1,0.049602032,1099,1
extreme_059,Extreme,OpenMP,16,2,0.050160170,801,1
extreme_059,Extreme,OpenMP,16,3,0.050517082,2118,1
extreme_059,Extreme,OpenMP,16,4,0.028185844,799,1
extreme_059,Extreme,OpenMP,16,5,0.008845091,675,1
extreme_059,Extreme,OMP-BranchBoundMRV,4,1,0.003378153,598,1
extreme_059,Extreme,OMP-BranchBoundMRV,4,2,0.005473852,1117,1
extreme_059,Extreme,OMP-BranchBoundMRV,4,3,0.003816843,710,1
extreme_059,Extreme,OMP-BranchBoundMRV,4,4,0.004426003,868,1
extreme_059,Extreme,OMP-BranchBoundMRV,4,5,0.003231049,604,1
extreme_059,Extreme,OMP-BranchBoundMRV,8,1,0.009143114,1220,1
extreme_059,Extreme,OMP-BranchBoundMRV,8,2,0.020013809,1490,1
extreme_059,Extreme,OMP-BranchBoundMRV,8,3,0.011229038,917,1
extreme_059,Extreme,OMP-BranchBoundMRV,8,4,0.004321814,631,1
extreme_059,Extreme,OMP-BranchBoundMRV,8,5,0.003082991,527,1
extreme_059,Extreme,OMP-BranchBoundMRV,16,1,0.048829079,1533,1
extreme_059,Extreme,OMP-BranchBoundMRV,16,2,0.020473003,424,1
extreme_059,Extreme,OMP-BranchBoundMRV,16,3,0.030189991,490,1
extreme_059,Extreme,OMP-BranchBoundMRV,16,4,0.026823997,1422,1
extreme_059,Extreme,OMP-BranchBoundMRV,16,5,0.009525061,1346,1
extreme_060,Extreme,Serial,1,1,0.033517042,73798,1
extreme_060,Extreme,Serial,1,2,0.033577708,73798,1
extreme_060,Extreme,Serial,1,3,0.033564291,73798,1
extreme_060,Extreme,Serial,1,4,0.032569958,73798,1
extreme_060,Extreme,Serial,1,5,0.032220541,73798,1
extreme_060,Extreme,Serial-MRV,1,1,0.211165166,13988,1
extreme_060,Extreme,Serial-MRV,1,2,0.213180667,13988,1
extreme_060,Extreme,Serial-MRV,1,3,0.213781667,13988,1
extreme_060,Extreme,Serial-MRV,1,4,0.210751666,13988,1
extreme_060,Extreme,Serial-MRV,1,5,0.210737291,13988,1
extreme_060,Extreme,BranchBound,1,1,0.032620625,73798,1
extreme_060,Extreme,BranchBound,1,2,0.032497709,73798,1
extreme_060,Extreme,BranchBound,1,3,0.032520000,73798,1
extreme_060,Extreme,BranchBound,1,4,0.032609833,73798,1
extreme_060,Extreme,BranchBound,1,5,0.033616833,73798,1
extreme_060,Extreme,BranchBoundMRV,1,1,0.243835333,13988,1
extreme_060,Extreme,BranchBoundMRV,1,2,0.237523958,13988,1
extreme_060,Extreme,BranchBoundMRV,1,3,0.237683459,13988,1
extreme_060,Extreme,BranchBoundMRV,1,4,0.237548167,13988,1
extreme_060,Extreme,BranchBoundMRV,1,5,0.241759791,13988,1
extreme_060,Extreme,OpenMP,4,1,0.002416134,480,1
extreme_060,Extreme,OpenMP,4,2,0.003165960,489,1
extreme_060,Extreme,OpenMP,4,3,0.002634048,489,1
extreme_060,Extreme,OpenMP,4,4,0.002278090,477,1
extreme_060,Extreme,OpenMP,4,5,0.002246141,495,1
extreme_060,Extreme,OpenMP,8,1,0.002274990,629,1
extreme_060,Extreme,OpenMP,8,2,0.004889011,1188,1
extreme_060,Extreme,OpenMP,8,3,0.002325058,556,1
extreme_060,Extreme,OpenMP,8,4,0.005394220,1266,1
extreme_060,Extreme,OpenMP,8,5,0.002274990,652,1
extreme_060,Extreme,OpenMP,16,1,0.007970095,662,1
extreme_060,Extreme,OpenMP,16,2,0.031215906,2973,1
extreme_060,Extreme,OpenMP,16,3,0.034876108,1410,1
extreme_060,Extreme,OpenMP,16,4,0.031609774,616,1
extreme_060,Extreme,OpenMP,16,5,0.060269117,3351,1
extreme_060,Extreme,OMP-BranchBoundMRV,4,1,0.002521038,498,1
extreme_060,Extreme,OMP-BranchBoundMRV,4,2,0.002492905,497,1
extreme_060,Extreme,OMP-BranchBoundMRV,4,3,0.002476931,497,1
extreme_060,Extreme,OMP-BranchBoundMRV,4,4,0.002478123,497,1
extreme_060,Extreme,OMP-BranchBoundMRV,4,5,0.002501965,482,1
extreme_060,Extreme,OMP-BranchBoundMRV,8,1,0.003690004,827,1
extreme_060,Extreme,OMP-BranchBoundMRV,8,2,0.002666950,624,1
extreme_060,Extreme,OMP-BranchBoundMRV,8,3,0.005712032,1563,1
extreme_060,Extreme,OMP-BranchBoundMRV,8,4,0.003010035,651,1
extreme_060,Extreme,OMP-BranchBoundMRV,8,5,0.002488136,661,1
extreme_060,Extreme,OMP-BranchBoundMRV,16,1,0.009486914,660,1
extreme_060,Extreme,OMP-BranchBoundMRV,16,2,0.011483908,728,1
extreme_060,Extreme,OMP-BranchBoundMRV,16,3,0.026420832,2100,1
extreme_060,Extreme,OMP-BranchBoundMRV,16,4,0.011137009,635,1
extreme_060,Extreme,OMP-BranchBoundMRV,16,5,0.034550905,3356,1
extreme_061,Extreme,Serial,1,1,0.080559417,185340,1
extreme_061,Extreme,Serial,1,2,0.083021167,185340,1
extreme_061,Extreme,Serial,1,3,0.081316792,185340,1
extreme_061,Extreme,Serial,1,4,0.080061459,185340,1
extreme_061,Extreme,Serial,1,5,0.079994833,185340,1
extreme_061,Extreme,Serial-MRV,1,1,0.072468458,5316,1
extreme_061,Extreme,Serial-MRV,1,2,0.072931208,5316,1
extreme_061,Extreme,Serial-MRV,1,3,0.072861916,5316,1
extreme_061,Extreme,Serial-MRV,1,4,0.073795375,5316,1
extreme_061,Extreme,Serial-MRV,1,5,0.072612666,5316,1
extreme_061,Extreme,BranchBound,1,1,0.080587208,185340,1
extreme_061,Extreme,BranchBound,1,2,0.080485084,185340,1
extreme_061,Extreme,BranchBound,1,3,0.082439125,185340,1
extreme_061,Extreme,BranchBound,1,4,0.080861875,185340,1
extreme_061,Extreme,BranchBound,1,5,0.080757708,185340,1
extreme_061,Extreme,BranchBoundMRV,1,1,0.082267167,5316,1
extreme_061,Extreme,BranchBoundMRV,1,2,0.082439833,5316,1
extreme_061,Extreme,BranchBoundMRV,1,3,0.084155917,5316,1
extreme_061,Extreme,BranchBoundMRV,1,4,0.084014750,5316,1
extreme_061,Extreme,BranchBoundMRV,1,5,0.082381541,5316,1
extreme_061,Extreme,OpenMP,4,1,0.014335155,3369,1
extreme_061,Extreme,OpenMP,4,2,0.014292955,3424,1
extreme_061,Extreme,OpenMP,4,3,0.014292002,3398,1
extreme_061,Extreme,OpenMP,4,4,0.014296055,3426,1
extreme_061,Extreme,OpenMP,4,5,0.014326096,3434,1
extreme_061,Extreme,OpenMP,8,1,0.023197174,5066,1
extreme_061,Extreme,OpenMP,8,2,0.026729822,4588,1
extreme_061,Extreme,OpenMP,8,3,0.039382935,6159,1
extreme_061,Extreme,OpenMP,8,4,0.020134926,4748,1
extreme_061,Extreme,OpenMP,8,5,0.028965950,5237,1
extreme_061,Extreme,OpenMP,16,1,0.025779009,3839,1
extreme_061,Extreme,OpenMP,16,2,0.054576874,5440,1
extreme_061,Extreme,OpenMP,16,3,0.068754911,5285,1
extreme_061,Extreme,OpenMP,16,4,0.057564020,5410,1
extreme_061,Extreme,OpenMP,16,5,0.082836866,6340,1
extreme_061,Extreme,OMP-BranchBoundMRV,4,1,0.023779154,5056,1
extreme_061,Extreme,OMP-BranchBoundMRV,4,2,0.014465094,3397,1
extreme_061,Extreme,OMP-BranchBoundMRV,4,3,0.014621019,3413,1
extreme_061,Extreme,OMP-BranchBoundMRV,4,4,0.014431000,3375,1
extreme_061,Extreme,OMP-BranchBoundMRV,4,5,0.014392853,3378,1
extreme_061,Extreme,OMP-BranchBoundMRV,8,1,0.069216967,9120,1
extreme_061,Extreme,OMP-BranchBoundMRV,8,2,0.030394077,5444,1
extreme_061,Extreme,OMP-BranchBoundMRV,8,3,0.032639027,6345,1
extreme_061,Extreme,OMP-BranchBoundMRV,8,4,0.030492067,5443,1
extreme_061,Extreme,OMP-BranchBoundMRV,8,5,0.035555124,4132,1
extreme_061,Extreme,OMP-BranchBoundMRV,16,1,0.111796141,4022,1
extreme_061,Extreme,OMP-BranchBoundMRV,16,2,0.107886791,5127,1
extreme_061,Extreme,OMP-BranchBoundMRV,16,3,0.099094152,6149,1
extreme_061,Extreme,OMP-BranchBoundMRV,16,4,0.051464796,3412,1
extreme_061,Extreme,OMP-BranchBoundMRV,16,5,0.063081980,6757,1
extreme_062,Extreme,Serial,1,1,0.041496584,94931,1
extreme_062,Extreme,Serial,1,2,0.041381542,94931,1
extreme_062,Extreme,Serial,1,3,0.041387333,94931,1
extreme_062,Extreme,Serial,1,4,0.041419541,94931,1
extreme_062,Extreme,Serial,1,5,0.041640250,94931,1
extreme_062,Extreme,Serial-MRV,1,1,0.086113791,5359,1
extreme_062,Extreme,Serial-MRV,1,2,0.084627959,5359,1
extreme_062,Extreme,Serial-MRV,1,3,0.086353792,5359,1
extreme_062,Extreme,Serial-MRV,1,4,0.084653958,5359,1
extreme_062,Extreme,Serial-MRV,1,5,0.084510292,5359,1
extreme_062,Extreme,BranchBound,1,1,0.041651125,94931,1
extreme_062,Extreme,BranchBound,1,2,0.043111667,94931,1
extreme_062,Extreme,BranchBound,1,3,0.042157750,94931,1
extreme_062,Extreme,BranchBound,1,4,0.041582833,94931,1
extreme_062,Extreme,BranchBound,1,5,0.042368125,94931,1
extreme_062,Extreme,BranchBoundMRV,1,1,0.095543875,5359,1
extreme_062,Extreme,BranchBoundMRV,1,2,0.094220000,5359,1
extreme_062,Extreme,BranchBoundMRV,1,3,0.096115459,5359,1
extreme_062,Extreme,BranchBoundMRV,1,4,0.094040583,5359,1
extreme_062,Extreme,BranchBoundMRV,1,5,0.094297458,5359,1
extreme_062,Extreme,OpenMP,4,1,0.016395092,3506,1
extreme_062,Extreme,OpenMP,4,2,0.018926144,4032,1
extreme_062,Extreme,OpenMP,4,3,0.016379118,3494,1
extreme_062,Extreme,OpenMP,4,4,0.018934011,4036,1
extreme_062,Extreme,OpenMP,4,5,0.016470194,3523,1
extreme_062,Extreme,OpenMP,8,1,0.017241001,2667,1
extreme_062,Extreme,OpenMP,8,2,0.040962934,5378,1
extreme_062,Extreme,OpenMP,8,3,0.028681040,4614,1
extreme_062,Extreme,OpenMP,8,4,0.030478001,5075,1
extreme_062,Extreme,OpenMP,8,5,0.041957140,4840,1
extreme_062,Extreme,OpenMP,16,1,0.087801933,4575,1
extreme_062,Extreme,OpenMP,16,2,0.116024017,3331,1
extreme_062,Extreme,OpenMP,16,3,0.111225128,4951,1
extreme_062,Extreme,OpenMP,16,4,0.061082840,4246,1
extreme_062,Extreme,OpenMP,16,5,0.064857960,4416,1
extreme_062,Extreme,OMP-BranchBoundMRV,4,1,0.019259930,4063,1
extreme_062,Extreme,OMP-BranchBoundMRV,4,2,0.019134045,4052,1
extreme_062,Extreme,OMP-BranchBoundMRV,4,3,0.019130945,4048,1
extreme_062,Extreme,OMP-BranchBoundMRV,4,4,0.019117117,4051,1
extreme_062,Extreme,OMP-BranchBoundMRV,4,5,0.019109011,4051,1
extreme_062,Extreme,OMP-BranchBoundMRV,8,1,0.035323858,4470,1
extreme_062,Extreme,OMP-BranchBoundMRV,8,2,0.016378880,3466,1
extreme_062,Extreme,OMP-BranchBoundMRV,8,3,0.037230015,4932,1
extreme_062,Extreme,OMP-BranchBoundMRV,8,4,0.021042109,3322,1
extreme_062,Extreme,OMP-BranchBoundMRV,8,5,0.017071009,3564,1
extreme_062,Extreme,OMP-BranchBoundMRV,16,1,0.040108919,4177,1
extreme_062,Extreme,OMP-BranchBoundMRV,16,2,0.062204838,5238,1
extreme_062,Extreme,OMP-BranchBoundMRV,16,3,0.192468882,6168,1
extreme_062,Extreme,OMP-BranchBoundMRV,16,4,0.053502083,4807,1
extreme_062,Extreme,OMP-BranchBoundMRV,16,5,0.086821795,4755,1
extreme_063,Extreme,Serial,1,1,0.013976958,33377,1
extreme_063,Extreme,Serial,1,2,0.013901333,33377,1
extreme_063,Extreme,Serial,1,3,0.014157000,33377,1
extreme_063,Extreme,Serial,1,4,0.014562667,33377,1
extreme_063,Extreme,Serial,1,5,0.014542333,33377,1
extreme_063,Extreme,Serial-MRV,1,1,0.083215875,6503,1
extreme_063,Extreme,Serial-MRV,1,2,0.083757417,6503,1
extreme_063,Extreme,Serial-MRV,1,3,0.084700500,6503,1
extreme_063,Extreme,Serial-MRV,1,4,0.082254708,6503,1
extreme_063,Extreme,Serial-MRV,1,5,0.082753375,6503,1
extreme_063,Extreme,BranchBound,1,1,0.014026834,33377,1
extreme_063,Extreme,BranchBound,1,2,0.014035209,33377,1
extreme_063,Extreme,BranchBound,1,3,0.013954042,33377,1
extreme_063,Extreme,BranchBound,1,4,0.014683667,33377,1
extreme_063,Extreme,BranchBound,1,5,0.014713959,33377,1
extreme_063,Extreme,BranchBoundMRV,1,1,0.101520000,6503,1
extreme_063,Extreme,BranchBoundMRV,1,2,0.099026625,6503,1
extreme_063,Extreme,BranchBoundMRV,1,3,0.097660333,6503,1
extreme_063,Extreme,BranchBoundMRV,1,4,0.096108333,6503,1
extreme_063,Extreme,BranchBoundMRV,1,5,0.096389875,6503,1
extreme_063,Extreme,OpenMP,4,1,0.033082962,7782,1
extreme_063,Extreme,OpenMP,4,2,0.023895979,5908,1
extreme_063,Extreme,OpenMP,4,3,0.031615973,7765,1
extreme_063,Extreme,OpenMP,4,4,0.023540974,5914,1
extreme_063,Extreme,OpenMP,4,5,0.023523092,5923,1
extreme_063,Extreme,OpenMP,8,1,0.002522945,691,1
extreme_063,Extreme,OpenMP,8,2,0.002776861,501,1
extreme_063,Extreme,OpenMP,8,3,0.008082151,1903,1
extreme_063,Extreme,OpenMP,8,4,0.005572081,1188,1
extreme_063,Extreme,OpenMP,8,5,0.004513025,1232,1
extreme_063,Extreme,OpenMP,16,1,0.021978140,1992,1
extreme_063,Extreme,OpenMP,16,2,0.013484001,1722,1
extreme_063,Extreme,OpenMP,16,3,0.020239115,2734,1
extreme_063,Extreme,OpenMP,16,4,0.017050982,1513,1
extreme_063,Extreme,OpenMP,16,5,0.012454033,535,1
extreme_063,Extreme,OMP-BranchBoundMRV,4,1,0.034039021,7881,1
extreme_063,Extreme,OMP-BranchBoundMRV,4,2,0.024533033,5818,1
extreme_063,Extreme,OMP-BranchBoundMRV,4,3,0.034039021,7859,1
extreme_063,Extreme,OMP-BranchBoundMRV,4,4,0.023796082,5904,1
extreme_063,Extreme,OMP-BranchBoundMRV,4,5,0.031960011,7778,1
extreme_063,Extreme,OMP-BranchBoundMRV,8,1,0.005944967,1583,1
extreme_063,Extreme,OMP-BranchBoundMRV,8,2,0.016342878,3636,1
extreme_063,Extreme,OMP-BranchBoundMRV,8,3,0.005914927,1782,1
extreme_063,Extreme,OMP-BranchBoundMRV,8,4,0.005861998,1537,1
extreme_063,Extreme,OMP-BranchBoundMRV,8,5,0.005849123,1754,1
extreme_063,Extreme,OMP-BranchBoundMRV,16,1,0.047344923,1625,1
extreme_063,Extreme,OMP-BranchBoundMRV,16,2,0.052017927,881,1
extreme_063,Extreme,OMP-BranchBoundMRV,16,3,0.033624172,537,1
extreme_063,Extreme,OMP-BranchBoundMRV,16,4,0.020256042,1035,1
extreme_063,Extreme,OMP-BranchBoundMRV,16,5,0.133488894,661,1
extreme_064,Extreme,Serial,1,1,0.008716458,21266,1
extreme_064,Extreme,Serial,1,2,0.008706708,21266,1
extreme_064,Extreme,Serial,1,3,0.008751459,21266,1
extreme_064,Extreme,Serial,1,4,0.008716208,21266,1
extreme_064,Extreme,Serial,1,5,0.008687333,21266,1
extreme_064,Extreme,Serial-MRV,1,1,0.116300541,7611,1
extreme_064,Extreme,Serial-MRV,1,2,0.119186167,7611,1
extreme_064,Extreme,Serial-MRV,1,3,0.119493541,7611,1
extreme_064,Extreme,Serial-MRV,1,4,0.116276958,7611,1
extreme_064,Extreme,Serial-MRV,1,5,0.116125209,7611,1
extreme_064,Extreme,BranchBound,1,1,0.008821542,21266,1
extreme_064,Extreme,BranchBound,1,2,0.008750250,21266,1
extreme_064,Extreme,BranchBound,1,3,0.008723667,21266,1
extreme_064,Extreme,BranchBound,1,4,0.008781625,21266,1
extreme_064,Extreme,BranchBound,1,5,0.008778833,21266,1
extreme_064,Extreme,BranchBoundMRV,1,1,0.132671125,7611,1
extreme_064,Extreme,BranchBoundMRV,1,2,0.136425000,7611,1
extreme_064,Extreme,BranchBoundMRV,1,3,0.132578000,7611,1
extreme_064,Extreme,BranchBoundMRV,1,4,0.132598917,7611,1
extreme_064,Extreme,BranchBoundMRV,1,5,0.133265167,7611,1
extreme_064,Extreme,OpenMP,4,1,0.027682066,4430,1
extreme_064,Extreme,OpenMP,4,2,0.027682066,4442,1
extreme_064,Extreme,OpenMP,4,3,0.027606964,4428,1
extreme_064,Extreme,OpenMP,4,4,0.027858973,4465,1
extreme_064,Extreme,OpenMP,4,5,0.027750969,4452,1
extreme_064,Extreme,OpenMP,8,1,0.044692039,5254,1
extreme_064,Extreme,OpenMP,8,2,0.039109945,5059,1
extreme_064,Extreme,OpenMP,8,3,0.046283960,5144,1
extreme_064,Extreme,OpenMP,8,4,0.038856030,4956,1
extreme_064,Extreme,OpenMP,8,5,0.057438135,5950,1
extreme_064,Extreme,OpenMP,16,1,0.169054031,5475,1
extreme_064,Extreme,OpenMP,16,2,0.102205038,5589,1
extreme_064,Extreme,OpenMP,16,3,0.057981968,3461,1
extreme_064,Extreme,OpenMP,16,4,0.091836929,4934,1
extreme_064,Extreme,OpenMP,16,5,0.071814060,3354,1
extreme_064,Extreme,OMP-BranchBoundMRV,4,1,0.027664900,4704,1
extreme_064,Extreme,OMP-BranchBoundMRV,4,2,0.027794838,4721,1
extreme_064,Extreme,OMP-BranchBoundMRV,4,3,0.028218031,4705,1
extreme_064,Extreme,OMP-BranchBoundMRV,4,4,0.028452873,4710,1
extreme_064,Extreme,OMP-BranchBoundMRV,4,5,0.027995110,4714,1
extreme_064,Extreme,OMP-BranchBoundMRV,8,1,0.047064066,5459,1
extreme_064,Extreme,OMP-BranchBoundMRV,8,2,0.063513994,5834,1
extreme_064,Extreme,OMP-BranchBoundMRV,8,3,0.031176090,3789,1
extreme_064,Extreme,OMP-BranchBoundMRV,8,4,0.057194233,6328,1
extreme_064,Extreme,OMP-BranchBoundMRV,8,5,0.041237116,5141,1
extreme_064,Extreme,OMP-BranchBoundMRV,16,1,0.095417023,3615,1
extreme_064,Extreme,OMP-BranchBoundMRV,16,2,0.136986971,6801,1
extreme_064,Extreme,OMP-BranchBoundMRV,16,3,0.065617085,3905,1
extreme_064,Extreme,OMP-BranchBoundMRV,16,4,0.100314856,6115,1
extreme_064,Extreme,OMP-BranchBoundMRV,16,5,0.063235044,4184,1
extreme_065,Extreme,Serial,1,1,0.064608292,148950,1
extreme_065,Extreme,Serial,1,2,0.064594750,148950,1
extreme_065,Extreme,Serial,1,3,0.064677542,148950,1
extreme_065,Extreme,Serial,1,4,0.066610208,148950,1
extreme_065,Extreme,Serial,1,5,0.065009167,148950,1
extreme_065,Extreme,Serial-MRV,1,1,0.089587083,5833,1
extreme_065,Extreme,Serial-MRV,1,2,0.089480709,5833,1
extreme_065,Extreme,Serial-MRV,1,3,0.091300375,5833,1
extreme_065,Extreme,Serial-MRV,1,4,0.089385459,5833,1
extreme_065,Extreme,Serial-MRV,1,5,0.089467458,5833,1
extreme_065,Extreme,BranchBound,1,1,0.065077708,148950,1
extreme_065,Extreme,BranchBound,1,2,0.065057458,148950,1
extreme_065,Extreme,BranchBound,1,3,0.064984208,148950,1
extreme_065,Extreme,BranchBound,1,4,0.066801833,148950,1
extreme_065,Extreme,BranchBound,1,5,0.065014416,148950,1
extreme_065,Extreme,BranchBoundMRV,1,1,0.099956041,5833,1
extreme_065,Extreme,BranchBoundMRV,1,2,0.101799792,5833,1
extreme_065,Extreme,BranchBoundMRV,1,3,0.102398083,5833,1
extreme_065,Extreme,BranchBoundMRV,1,4,0.099980583,5833,1
extreme_065,Extreme,BranchBoundMRV,1,5,0.100306875,5833,1
extreme_065,Extreme,OpenMP,4,1,0.002665043,530,1
extreme_065,Extreme,OpenMP,4,2,0.002636909,531,1
extreme_065,Extreme,OpenMP,4,3,0.002638102,530,1
extreme_065,Extreme,OpenMP,4,4,0.002624989,531,1
extreme_065,Extreme,OpenMP,4,5,0.001438856,269,1
extreme_065,Extreme,OpenMP,8,1,0.003437996,870,1
extreme_065,Extreme,OpenMP,8,2,0.001475096,293,1
extreme_065,Extreme,OpenMP,8,3,0.001452923,294,1
extreme_065,Extreme,OpenMP,8,4,0.001483917,308,1
extreme_065,Extreme,OpenMP,8,5,0.003341198,666,1
extreme_065,Extreme,OpenMP,16,1,0.016742945,786,1
extreme_065,Extreme,OpenMP,16,2,0.018272877,378,1
extreme_065,Extreme,OpenMP,16,3,0.030137062,310,1
extreme_065,Extreme,OpenMP,16,4,0.027544975,704,1
extreme_065,Extreme,OpenMP,16,5,0.023573875,800,1
extreme_065,Extreme,OMP-BranchBoundMRV,4,1,0.002848864,528,1
extreme_065,Extreme,OMP-BranchBoundMRV,4,2,0.002832890,529,1
extreme_065,Extreme,OMP-BranchBoundMRV,4,3,0.002823830,529,1
extreme_065,Extreme,OMP-BranchBoundMRV,4,4,0.002883911,539,1
extreme_065,Extreme,OMP-BranchBoundMRV,4,5,0.002822161,529,1
extreme_065,Extreme,OMP-BranchBoundMRV,8,1,0.006750822,1612,1
extreme_065,Extreme,OMP-BranchBoundMRV,8,2,0.003584146,976,1
extreme_065,Extreme,OMP-BranchBoundMRV,8,3,0.007127047,1583,1
extreme_065,Extreme,OMP-BranchBoundMRV,8,4,0.003839016,907,1
extreme_065,Extreme,OMP-BranchBoundMRV,8,5,0.003503084,659,1
extreme_065,Extreme,OMP-BranchBoundMRV,16,1,0.030591011,296,1
extreme_065,Extreme,OMP-BranchBoundMRV,16,2,0.022494793,359,1
extreme_065,Extreme,OMP-BranchBoundMRV,16,3,0.015640974,389,1
extreme_065,Extreme,OMP-BranchBoundMRV,16,4,0.005415916,920,1
extreme_065,Extreme,OMP-BranchBoundMRV,16,5,0.015114069,347,1
extreme_066,Extreme,Serial,1,1,0.026004166,59382,1
extreme_066,Extreme,Serial,1,2,0.025763250,59382,1
extreme_066,Extreme,Serial,1,3,0.024979542,59382,1
extreme_066,Extreme,Serial,1,4,0.024811125,59382,1
extreme_066,Extreme,Serial,1,5,0.024783750,59382,1
extreme_066,Extreme,Serial-MRV,1,1,0.072616125,5310,1
extreme_066,Extreme,Serial-MRV,1,2,0.075503041,5310,1
extreme_066,Extreme,Serial-MRV,1,3,0.073732041,5310,1
extreme_066,Extreme,Serial-MRV,1,4,0.072906542,5310,1
extreme_066,Extreme,Serial-MRV,1,5,0.072891166,5310,1
extreme_066,Extreme,BranchBound,1,1,0.025012542,59382,1
extreme_066,Extreme,BranchBound,1,2,0.025107292,59382,1
extreme_066,Extreme,BranchBound,1,3,0.024963541,59382,1
extreme_066,Extreme,BranchBound,1,4,0.024938750,59382,1
extreme_066,Extreme,BranchBound,1,5,0.025308917,59382,1
extreme_066,Extreme,BranchBoundMRV,1,1,0.088564959,5310,1
extreme_066,Extreme,BranchBoundMRV,1,2,0.090566542,5310,1
extreme_066,Extreme,BranchBoundMRV,1,3,0.087326833,5310,1
extreme_066,Extreme,BranchBoundMRV,1,4,0.087324875,5310,1
extreme_066,Extreme,BranchBoundMRV,1,5,0.087594458,5310,1
extreme_066,Extreme,OpenMP,4,1,0.036759138,4142,1
extreme_066,Extreme,OpenMP,4,2,0.036746025,4141,1
extreme_066,Extreme,OpenMP,4,3,0.036663055,4136,1
extreme_066,Extreme,OpenMP,4,4,0.036696911,4143,1
extreme_066,Extreme,OpenMP,4,5,0.036911011,4181,1
extreme_066,Extreme,OpenMP,8,1,0.056451082,4435,1
extreme_066,Extreme,OpenMP,8,2,0.067394018,4774,1
extreme_066,Extreme,OpenMP,8,3,0.048876047,3786,1
extreme_066,Extreme,OpenMP,8,4,0.037050009,3804,1
extreme_066,Extreme,OpenMP,8,5,0.046231031,4000,1
extreme_066,Extreme,OpenMP,16,1,0.157060862,4397,1
extreme_066,Extreme,OpenMP,16,2,0.099005938,3456,1
extreme_066,Extreme,OpenMP,16,3,0.177789927,4968,1
extreme_066,Extreme,OpenMP,16,4,0.067691088,3470,1
extreme_066,Extreme,OpenMP,16,5,0.132697821,3622,1
extreme_066,Extreme,OMP-BranchBoundMRV,4,1,0.036903143,4171,1
extreme_066,Extreme,OMP-BranchBoundMRV,4,2,0.037698984,4173,1
extreme_066,Extreme,OMP-BranchBoundMRV,4,3,0.037565947,4150,1
extreme_066,Extreme,OMP-BranchBoundMRV,4,4,0.038004160,4166,1
extreme_066,Extreme,OMP-BranchBoundMRV,4,5,0.038347006,4158,1
extreme_066,Extreme,OMP-BranchBoundMRV,8,1,0.061017990,4575,1
extreme_066,Extreme,OMP-BranchBoundMRV,8,2,0.066959143,3981,1
extreme_066,Extreme,OMP-BranchBoundMRV,8,3,0.043359041,3748,1
extreme_066,Extreme,OMP-BranchBoundMRV,8,4,0.118333101,5310,1
extreme_066,Extreme,OMP-BranchBoundMRV,8,5,0.048429966,4519,1
extreme_066,Extreme,OMP-BranchBoundMRV,16,1,0.215190887,4422,1
extreme_066,Extreme,OMP-BranchBoundMRV,16,2,0.078630924,3508,1
extreme_066,Extreme,OMP-BranchBoundMRV,16,3,0.105622053,4459,1
extreme_066,Extreme,OMP-BranchBoundMRV,16,4,0.085999966,3438,1
extreme_066,Extreme,OMP-BranchBoundMRV,16,5,0.108641863,3684,1
extreme_067,Extreme,Serial,1,1,0.056905333,130417,1
extreme_067,Extreme,Serial,1,2,0.056865833,130417,1
extreme_067,Extreme,Serial,1,3,0.056821709,130417,1
extreme_067,Extreme,Serial,1,4,0.057854083,130417,1
extreme_067,Extreme,Serial,1,5,0.057858917,130417,1
extreme_067,Extreme,Serial-MRV,1,1,0.092406875,6445,1
extreme_067,Extreme,Serial-MRV,1,2,0.091492167,6445,1
extreme_067,Extreme,Serial-MRV,1,3,0.093411041,6445,1
extreme_067,Extreme,Serial-MRV,1,4,0.091617583,6445,1
extreme_067,Extreme,Serial-MRV,1,5,0.091890666,6445,1
extreme_067,Extreme,BranchBound,1,1,0.058520292,130417,1
extreme_067,Extreme,BranchBound,1,2,0.057403667,130417,1
extreme_067,Extreme,BranchBound,1,3,0.057946625,130417,1
extreme_067,Extreme,BranchBound,1,4,0.059236916,130417,1
extreme_067,Extreme,BranchBound,1,5,0.059642750,130417,1
extreme_067,Extreme,BranchBoundMRV,1,1,0.105692500,6445,1
extreme_067,Extreme,BranchBoundMRV,1,2,0.105340333,6445,1
extreme_067,Extreme,BranchBoundMRV,1,3,0.105880000,6445,1
extreme_067,Extreme,BranchBoundMRV,1,4,0.103987875,6445,1
extreme_067,Extreme,BranchBoundMRV,1,5,0.104361500,6445,1
extreme_067,Extreme,OpenMP,4,1,0.035969019,6264,1
extreme_067,Extreme,OpenMP,4,2,0.035855055,6261,1
extreme_067,Extreme,OpenMP,4,3,0.035997152,6279,1
extreme_067,Extreme,OpenMP,4,4,0.037537098,6273,1
extreme_067,Extreme,OpenMP,4,5,0.035843134,6262,1
extreme_067,Extreme,OpenMP,8,1,0.050146103,6248,1
extreme_067,Extreme,OpenMP,8,2,0.052415133,6445,1
extreme_067,Extreme,OpenMP,8,3,0.046661854,5969,1
extreme_067,Extreme,OpenMP,8,4,0.056226969,6290,1
extreme_067,Extreme,OpenMP,8,5,0.054831982,6445,1
extreme_067,Extreme,OpenMP,16,1,0.080215931,5330,1
extreme_067,Extreme,OpenMP,16,2,0.140116930,6436,1
extreme_067,Extreme,OpenMP,16,3,0.141357899,6415,1
extreme_067,Extreme,OpenMP,16,4,0.106604099,6438,1
extreme_067,Extreme,OpenMP,16,5,0.140154839,6445,1
extreme_067,Extreme,OMP-BranchBoundMRV,4,1,0.035992146,6412,1
extreme_067,Extreme,OMP-BranchBoundMRV,4,2,0.038522005,6407,1
extreme_067,Extreme,OMP-BranchBoundMRV,4,3,0.044071913,5279,1
extreme_067,Extreme,OMP-BranchBoundMRV,4,4,0.037728071,6415,1
extreme_067,Extreme,OMP-BranchBoundMRV,4,5,0.043758869,6425,1
extreme_067,Extreme,OMP-BranchBoundMRV,8,1,0.047103167,6293,1
extreme_067,Extreme,OMP-BranchBoundMRV,8,2,0.043262959,6425,1
extreme_067,Extreme,OMP-BranchBoundMRV,8,3,0.062114000,6082,1
extreme_067,Extreme,OMP-BranchBoundMRV,8,4,0.080952883,6445,1
extreme_067,Extreme,OMP-BranchBoundMRV,8,5,0.117830992,6445,1
extreme_067,Extreme,OMP-BranchBoundMRV,16,1,0.157247066,4114,1
extreme_067,Extreme,OMP-BranchBoundMRV,16,2,0.104883909,5752,1
extreme_067,Extreme,OMP-BranchBoundMRV,16,3,0.126283884,6445,1
extreme_067,Extreme,OMP-BranchBoundMRV,16,4,0.108376980,5538,1
extreme_067,Extreme,OMP-BranchBoundMRV,16,5,0.119944811,6246,1
extreme_068,Extreme,Serial,1,1,0.023402833,53244,1
extreme_068,Extreme,Serial,1,2,0.023304084,53244,1
extreme_068,Extreme,Serial,1,3,0.023159583,53244,1
extreme_068,Extreme,Serial,1,4,0.023229958,53244,1
extreme_068,Extreme,Serial,1,5,0.023438042,53244,1
extreme_068,Extreme,Serial-MRV,1,1,0.073732875,5462,1
extreme_068,Extreme,Serial-MRV,1,2,0.075921625,5462,1
extreme_068,Extreme,Serial-MRV,1,3,0.074514791,5462,1
extreme_068,Extreme,Serial-MRV,1,4,0.073593958,5462,1
extreme_068,Extreme,Serial-MRV,1,5,0.075484459,5462,1
extreme_068,Extreme,BranchBound,1,1,0.023456083,53244,1
extreme_068,Extreme,BranchBound,1,2,0.024367417,53244,1
extreme_068,Extreme,BranchBound,1,3,0.026665750,53244,1
extreme_068,Extreme,BranchBound,1,4,0.024781291,53244,1
extreme_068,Extreme,BranchBound,1,5,0.023428625,53244,1
extreme_068,Extreme,BranchBoundMRV,1,1,0.093295000,5462,1
extreme_068,Extreme,BranchBoundMRV,1,2,0.088977625,5462,1
extreme_068,Extreme,BranchBoundMRV,1,3,0.084824792,5462,1
extreme_068,Extreme,BranchBoundMRV,1,4,0.084286666,5462,1
extreme_068,Extreme,BranchBoundMRV,1,5,0.084472125,5462,1
extreme_068,Extreme,OpenMP,4,1,0.022473097,4229,1
extreme_068,Extreme,OpenMP,4,2,0.021988869,3293,1
extreme_068,Extreme,OpenMP,4,3,0.021915913,4421,1
extreme_068,Extreme,OpenMP,4,4,0.018075943,4417,1
extreme_068,Extreme,OpenMP,4,5,0.021230936,4419,1
extreme_068,Extreme,OpenMP,8,1,0.027125835,7165,1
extreme_068,Extreme,OpenMP,8,2,0.024518013,7039,1
extreme_068,Extreme,OpenMP,8,3,0.029166222,7442,1
extreme_068,Extreme,OpenMP,8,4,0.029149055,7119,1
extreme_068,Extreme,OpenMP,8,5,0.034499884,8190,1
extreme_068,Extreme,OpenMP,16,1,0.069873095,8013,1
extreme_068,Extreme,OpenMP,16,2,0.054797173,7148,1
extreme_068,Extreme,OpenMP,16,3,0.040274143,5219,1
extreme_068,Extreme,OpenMP,16,4,0.085776091,7945,1
extreme_068,Extreme,OpenMP,16,5,0.082696915,8111,1
extreme_068,Extreme,OMP-BranchBoundMRV,4,1,0.022295952,4439,1
extreme_068,Extreme,OMP-BranchBoundMRV,4,2,0.018660069,4444,1
extreme_068,Extreme,OMP-BranchBoundMRV,4,3,0.018326998,4438,1
extreme_068,Extreme,OMP-BranchBoundMRV,4,4,0.022530079,4440,1
extreme_068,Extreme,OMP-BranchBoundMRV,4,5,0.020637035,4447,1
extreme_068,Extreme,OMP-BranchBoundMRV,8,1,0.037708998,6934,1
extreme_068,Extreme,OMP-BranchBoundMRV,8,2,0.031244040,7251,1
extreme_068,Extreme,OMP-BranchBoundMRV,8,3,0.034160852,7973,1
extreme_068,Extreme,OMP-BranchBoundMRV,8,4,0.031311035,7839,1
extreme_068,Extreme,OMP-BranchBoundMRV,8,5,0.030907869,7305,1
extreme_068,Extreme,OMP-BranchBoundMRV,16,1,0.088602066,8133,1
extreme_068,Extreme,OMP-BranchBoundMRV,16,2,0.079819918,4092,1
extreme_068,Extreme,OMP-BranchBoundMRV,16,3,0.059849977,7618,1
extreme_068,Extreme,OMP-BranchBoundMRV,16,4,0.076924801,7340,1
extreme_068,Extreme,OMP-BranchBoundMRV,16,5,0.045872927,5775,1
extreme_069,Extreme,Serial,1,1,0.015784166,35405,1
extreme_069,Extreme,Serial,1,2,0.015468958,35405,1
extreme_069,Extreme,Serial,1,3,0.015424833,35405,1
extreme_069,Extreme,Serial,1,4,0.015416958,35405,1
extreme_069,Extreme,Serial,1,5,0.015494667,35405,1
extreme_069,Extreme,Serial-MRV,1,1,0.072789833,5757,1
extreme_069,Extreme,Serial-MRV,1,2,0.074213083,5757,1
extreme_069,Extreme,Serial-MRV,1,3,0.075073708,5757,1
extreme_069,Extreme,Serial-MRV,1,4,0.073291333,5757,1
extreme_069,Extreme,Serial-MRV,1,5,0.071904083,5757,1
extreme_069,Extreme,BranchBound,1,1,0.015473334,35405,1
extreme_069,Extreme,BranchBound,1,2,0.015525500,35405,1
extreme_069,Extreme,BranchBound,1,3,0.015484917,35405,1
extreme_069,Extreme,BranchBound,1,4,0.015514875,35405,1
extreme_069,Extreme,BranchBound,1,5,0.015456541,35405,1
extreme_069,Extreme,BranchBoundMRV,1,1,0.083648917,5757,1
extreme_069,Extreme,BranchBoundMRV,1,2,0.086168958,5757,1
extreme_069,Extreme,BranchBoundMRV,1,3,0.086353333,5757,1
extreme_069,Extreme,BranchBoundMRV,1,4,0.081800542,5757,1
extreme_069,Extreme,BranchBoundMRV,1,5,0.084052083,5757,1
extreme_069,Extreme,OpenMP,4,1,0.040853977,5822,1
extreme_069,Extreme,OpenMP,4,2,0.037912130,5832,1
extreme_069,Extreme,OpenMP,4,3,0.043987036,5822,1
extreme_069,Extreme,OpenMP,4,4,0.036280155,5815,1
extreme_069,Extreme,OpenMP,4,5,0.038667917,5823,1
extreme_069,Extreme,OpenMP,8,1,0.040647030,6386,1
extreme_069,Extreme,OpenMP,8,2,0.041255951,6359,1
extreme_069,Extreme,OpenMP,8,3,0.045835018,6650,1
extreme_069,Extreme,OpenMP,8,4,0.038223028,6207,1
extreme_069,Extreme,OpenMP,8,5,0.040276051,6193,1
extreme_069,Extreme,OpenMP,16,1,0.084209919,6386,1
extreme_069,Extreme,OpenMP,16,2,0.137736797,6297,1
extreme_069,Extreme,OpenMP,16,3,0.076725960,5946,1
extreme_069,Extreme,OpenMP,16,4,0.109176874,6344,1
extreme_069,Extreme,OpenMP,16,5,0.072090864,5679,1
extreme_069,Extreme,OMP-BranchBoundMRV,4,1,0.038148880,5852,1
extreme_069,Extreme,OMP-BranchBoundMRV,4,2,0.037156820,5824,1
extreme_069,Extreme,OMP-BranchBoundMRV,4,3,0.037221909,5816,1
extreme_069,Extreme,OMP-BranchBoundMRV,4,4,0.038235903,5831,1
extreme_069,Extreme,OMP-BranchBoundMRV,4,5,0.037506819,5841,1
extreme_069,Extreme,OMP-BranchBoundMRV,8,1,0.035979986,5784,1
extreme_069,Extreme,OMP-BranchBoundMRV,8,2,0.050882101,7039,1
extreme_069,Extreme,OMP-BranchBoundMRV,8,3,0.047785997,6410,1
extreme_069,Extreme,OMP-BranchBoundMRV,8,4,0.039876938,6556,1
extreme_069,Extreme,OMP-BranchBoundMRV,8,5,0.047881126,6382,1
extreme_069,Extreme,OMP-BranchBoundMRV,16,1,0.073068142,5973,1
extreme_069,Extreme,OMP-BranchBoundMRV,16,2,0.118803024,7093,1
extreme_069,Extreme,OMP-BranchBoundMRV,16,3,0.122745037,6559,1
extreme_069,Extreme,OMP-BranchBoundMRV,16,4,0.241397858,7336,1
extreme_069,Extreme,OMP-BranchBoundMRV,16,5,0.104593039,6409,1
extreme_070,Extreme,Serial,1,1,0.092596042,205627,1
extreme_070,Extreme,Serial,1,2,0.091798166,205627,1
extreme_070,Extreme,Serial,1,3,0.094137084,205627,1
extreme_070,Extreme,Serial,1,4,0.090644417,205627,1
extreme_070,Extreme,Serial,1,5,0.092802291,205627,1
extreme_070,Extreme,Serial-MRV,1,1,0.102333125,6639,1
extreme_070,Extreme,Serial-MRV,1,2,0.103810000,6639,1
extreme_070,Extreme,Serial-MRV,1,3,0.102645333,6639,1
extreme_070,Extreme,Serial-MRV,1,4,0.100631667,6639,1
extreme_070,Extreme,Serial-MRV,1,5,0.100920792,6639,1
extreme_070,Extreme,BranchBound,1,1,0.090270875,205627,1
extreme_070,Extreme,BranchBound,1,2,0.090276000,205627,1
extreme_070,Extreme,BranchBound,1,3,0.092037625,205627,1
extreme_070,Extreme,BranchBound,1,4,0.090244958,205627,1
extreme_070,Extreme,BranchBound,1,5,0.091340083,205627,1
extreme_070,Extreme,BranchBoundMRV,1,1,0.112182541,6639,1
extreme_070,Extreme,BranchBoundMRV,1,2,0.112823625,6639,1
extreme_070,Extreme,BranchBoundMRV,1,3,0.113224334,6639,1
extreme_070,Extreme,BranchBoundMRV,1,4,0.111948500,6639,1
extreme_070,Extreme,BranchBoundMRV,1,5,0.111756875,6639,1
extreme_070,Extreme,OpenMP,4,1,0.029414892,5637,1
extreme_070,Extreme,OpenMP,4,2,0.029330015,5607,1
extreme_070,Extreme,OpenMP,4,3,0.029449940,5637,1
extreme_070,Extreme,OpenMP,4,4,0.029356956,5632,1
extreme_070,Extreme,OpenMP,4,5,0.029417038,5632,1
extreme_070,Extreme,OpenMP,8,1,0.063667059,10988,1
extreme_070,Extreme,OpenMP,8,2,0.043879986,8958,1
extreme_070,Extreme,OpenMP,8,3,0.047580004,9502,1
extreme_070,Extreme,OpenMP,8,4,0.044469118,9077,1
extreme_070,Extreme,OpenMP,8,5,0.050188065,10341,1
extreme_070,Extreme,OpenMP,16,1,0.135599136,7275,1
extreme_070,Extreme,OpenMP,16,2,0.103528976,9981,1
extreme_070,Extreme,OpenMP,16,3,0.119664907,10605,1
extreme_070,Extreme,OpenMP,16,4,0.124183893,9390,1
extreme_070,Extreme,OpenMP,16,5,0.122944117,9575,1
extreme_070,Extreme,OMP-BranchBoundMRV,4,1,0.044126987,9542,1
extreme_070,Extreme,OMP-BranchBoundMRV,4,2,0.044319868,9555,1
extreme_070,Extreme,OMP-BranchBoundMRV,4,3,0.044294834,9573,1
extreme_070,Extreme,OMP-BranchBoundMRV,4,4,0.044265985,9546,1
extreme_070,Extreme,OMP-BranchBoundMRV,4,5,0.045928955,9675,1
extreme_070,Extreme,OMP-BranchBoundMRV,8,1,0.047133923,9414,1
extreme_070,Extreme,OMP-BranchBoundMRV,8,2,0.053226948,8380,1
extreme_070,Extreme,OMP-BranchBoundMRV,8,3,0.084748983,11086,1
extreme_070,Extreme,OMP-BranchBoundMRV,8,4,0.064214945,11086,1
extreme_070,Extreme,OMP-BranchBoundMRV,8,5,0.063468933,10360,1
extreme_070,Extreme,OMP-BranchBoundMRV,16,1,0.113399029,9516,1
extreme_070,Extreme,OMP-BranchBoundMRV,16,2,0.094241142,10190,1
extreme_070,Extreme,OMP-BranchBoundMRV,16,3,0.111315012,8956,1
extreme_070,Extreme,OMP-BranchBoundMRV,16,4,0.127119064,11086,1
extreme_070,Extreme,OMP-BranchBoundMRV,16,5,0.133896112,9784,1
extreme_071,Extreme,Serial,1,1,0.026166834,61110,1
extreme_071,Extreme,Serial,1,2,0.025960250,61110,1
extreme_071,Extreme,Serial,1,3,0.025886042,61110,1
extreme_071,Extreme,Serial,1,4,0.026102209,61110,1
extreme_071,Extreme,Serial,1,5,0.026212542,61110,1
extreme_071,Extreme,Serial-MRV,1,1,0.218799333,13586,1
extreme_071,Extreme,Serial-MRV,1,2,0.211057459,13586,1
extreme_071,Extreme,Serial-MRV,1,3,0.211182875,13586,1
extreme_071,Extreme,Serial-MRV,1,4,0.209884959,13586,1
extreme_071,Extreme,Serial-MRV,1,5,0.207738333,13586,1
extreme_071,Extreme,BranchBound,1,1,0.025612708,61110,1
extreme_071,Extreme,BranchBound,1,2,0.025534291,61110,1
extreme_071,Extreme,BranchBound,1,3,0.025554000,61110,1
extreme_071,Extreme,BranchBound,1,4,0.025567166,61110,1
extreme_071,Extreme,BranchBound,1,5,0.025692292,61110,1
extreme_071,Extreme,BranchBoundMRV,1,1,0.244275375,13586,1
extreme_071,Extreme,BranchBoundMRV,1,2,0.242378458,13586,1
extreme_071,Extreme,BranchBoundMRV,1,3,0.242863708,13586,1
extreme_071,Extreme,BranchBoundMRV,1,4,0.243167458,13586,1
extreme_071,Extreme,BranchBoundMRV,1,5,0.240326208,13586,1
extreme_071,Extreme,OpenMP,4,1,0.071529150,12120,1
extreme_071,Extreme,OpenMP,4,2,0.068475008,11223,1
extreme_071,Extreme,OpenMP,4,3,0.067049980,11235,1
extreme_071,Extreme,OpenMP,4,4,0.062620878,11230,1
extreme_071,Extreme,OpenMP,4,5,0.060452938,11225,1
extreme_071,Extreme,OpenMP,8,1,0.076731920,11999,1
extreme_071,Extreme,OpenMP,8,2,0.087707996,12778,1
extreme_071,Extreme,OpenMP,8,3,0.085410118,13042,1
extreme_071,Extreme,OpenMP,8,4,0.094147921,12620,1
extreme_071,Extreme,OpenMP,8,5,0.086271048,12423,1
extreme_071,Extreme,OpenMP,16,1,0.216299057,12385,1
extreme_071,Extreme,OpenMP,16,2,0.193287849,12627,1
extreme_071,Extreme,OpenMP,16,3,0.173411846,12205,1
extreme_071,Extreme,OpenMP,16,4,0.209887028,13959,1
extreme_071,Extreme,OpenMP,16,5,0.218038082,13264,1
extreme_071,Extreme,OMP-BranchBoundMRV,4,1,0.061741829,12079,1
extreme_071,Extreme,OMP-BranchBoundMRV,4,2,0.061119080,12036,1
extreme_071,Extreme,OMP-BranchBoundMRV,4,3,0.060528040,12013,1
extreme_071,Extreme,OMP-BranchBoundMRV,4,4,0.069324970,12063,1
extreme_071,Extreme,OMP-BranchBoundMRV,4,5,0.068974972,12141,1
extreme_071,Extreme,OMP-BranchBoundMRV,8,1,0.098175049,13519,1
extreme_071,Extreme,OMP-BranchBoundMRV,8,2,0.093988895,13083,1
extreme_071,Extreme,OMP-BranchBoundMRV,8,3,0.093945026,13115,1
extreme_071,Extreme,OMP-BranchBoundMRV,8,4,0.098259211,13189,1
extreme_071,Extreme,OMP-BranchBoundMRV,8,5,0.090630054,12737,1
extreme_071,Extreme,OMP-BranchBoundMRV,16,1,0.148067951,11304,1
extreme_071,Extreme,OMP-BranchBoundMRV,16,2,0.176295996,15374,1
extreme_071,Extreme,OMP-BranchBoundMRV,16,3,0.170234919,12588,1
extreme_071,Extreme,OMP-BranchBoundMRV,16,4,0.232784033,12876,1
extreme_071,Extreme,OMP-BranchBoundMRV,16,5,0.170696020,12337,1
extreme_072,Extreme,Serial,1,1,0.008235542,19164,1
extreme_072,Extreme,Serial,1,2,0.008512583,19164,1
extreme_072,Extreme,Serial,1,3,0.008277541,19164,1
extreme_072,Extreme,Serial,1,4,0.008217125,19164,1
extreme_072,Extreme,Serial,1,5,0.008450375,19164,1
extreme_072,Extreme,Serial-MRV,1,1,0.102056875,6598,1
extreme_072,Extreme,Serial-MRV,1,2,0.152588166,6598,1
extreme_072,Extreme,Serial-MRV,1,3,0.132064917,6598,1
extreme_072,Extreme,Serial-MRV,1,4,0.112861583,6598,1
extreme_072,Extreme,Serial-MRV,1,5,0.100883334,6598,1
extreme_072,Extreme,BranchBound,1,1,0.008075209,19164,1
extreme_072,Extreme,BranchBound,1,2,0.008213709,19164,1
extreme_072,Extreme,BranchBound,1,3,0.008050500,19164,1
extreme_072,Extreme,BranchBound,1,4,0.008205417,19164,1
extreme_072,Extreme,BranchBound,1,5,0.008233709,19164,1
extreme_072,Extreme,BranchBoundMRV,1,1,0.117192291,6598,1
extreme_072,Extreme,BranchBoundMRV,1,2,0.132072416,6598,1
extreme_072,Extreme,BranchBoundMRV,1,3,0.123659750,6598,1
extreme_072,Extreme,BranchBoundMRV,1,4,0.122782583,6598,1
extreme_072,Extreme,BranchBoundMRV,1,5,0.147081667,6598,1
extreme_072,Extreme,OpenMP,4,1,0.048100948,5946,1
extreme_072,Extreme,OpenMP,4,2,0.035410166,6598,1
extreme_072,Extreme,OpenMP,4,3,0.034671068,6598,1
extreme_072,Extreme,OpenMP,4,4,0.034155846,6598,1
extreme_072,Extreme,OpenMP,4,5,0.034199953,6598,1
extreme_072,Extreme,OpenMP,8,1,0.038648129,5883,1
extreme_072,Extreme,OpenMP,8,2,0.053989887,6598,1
extreme_072,Extreme,OpenMP,8,3,0.039477110,6173,1
extreme_072,Extreme,OpenMP,8,4,0.051645041,6598,1
extreme_072,Extreme,OpenMP,8,5,0.040169001,5951,1
extreme_072,Extreme,OpenMP,16,1,0.098903179,6212,1
extreme_072,Extreme,OpenMP,16,2,0.134042025,6598,1
extreme_072,Extreme,OpenMP,16,3,0.097434044,6179,1
extreme_072,Extreme,OpenMP,16,4,0.112561941,6598,1
extreme_072,Extreme,OpenMP,16,5,0.115864038,6598,1
extreme_072,Extreme,OMP-BranchBoundMRV,4,1,0.035181046,6598,1
extreme_072,Extreme,OMP-BranchBoundMRV,4,2,0.035280943,6598,1
extreme_072,Extreme,OMP-BranchBoundMRV,4,3,0.035281181,6598,1
extreme_072,Extreme,OMP-BranchBoundMRV,4,4,0.035290956,6598,1
extreme_072,Extreme,OMP-BranchBoundMRV,4,5,0.035508871,6598,1
extreme_072,Extreme,OMP-BranchBoundMRV,8,1,0.051429033,6564,1
extreme_072,Extreme,OMP-BranchBoundMRV,8,2,0.042731047,5836,1
extreme_072,Extreme,OMP-BranchBoundMRV,8,3,0.048291922,5748,1
extreme_072,Extreme,OMP-BranchBoundMRV,8,4,0.064167023,6387,1
extreme_072,Extreme,OMP-BranchBoundMRV,8,5,0.064540148,6589,1
extreme_072,Extreme,OMP-BranchBoundMRV,16,1,0.217107058,5936,1
extreme_072,Extreme,OMP-BranchBoundMRV,16,2,0.114156008,6598,1
extreme_072,Extreme,OMP-BranchBoundMRV,16,3,0.120866060,6598,1
extreme_072,Extreme,OMP-BranchBoundMRV,16,4,0.119855881,6598,1
extreme_072,Extreme,OMP-BranchBoundMRV,16,5,0.145685911,6598,1
extreme_073,Extreme,Serial,1,1,0.003298833,7297,1
extreme_073,Extreme,Serial,1,2,0.003242291,7297,1
extreme_073,Extreme,Serial,1,3,0.003124208,7297,1
extreme_073,Extreme,Serial,1,4,0.003133958,7297,1
extreme_073,Extreme,Serial,1,5,0.003269333,7297,1
extreme_073,Extreme,Serial-MRV,1,1,0.123270667,8081,1
extreme_073,Extreme,Serial-MRV,1,2,0.123584625,8081,1
extreme_073,Extreme,Serial-MRV,1,3,0.122397792,8081,1
extreme_073,Extreme,Serial-MRV,1,4,0.121373708,8081,1
extreme_073,Extreme,Serial-MRV,1,5,0.121095625,8081,1
extreme_073,Extreme,BranchBound,1,1,0.003099375,7297,1
extreme_073,Extreme,BranchBound,1,2,0.003081500,7297,1
extreme_073,Extreme,BranchBound,1,3,0.003062166,7297,1
extreme_073,Extreme,BranchBound,1,4,0.003059333,7297,1
extreme_073,Extreme,BranchBound,1,5,0.003204084,7297,1
extreme_073,Extreme,BranchBoundMRV,1,1,0.135940375,8081,1
extreme_073,Extreme,BranchBoundMRV,1,2,0.138905417,8081,1
extreme_073,Extreme,BranchBoundMRV,1,3,0.135777125,8081,1
extreme_073,Extreme,BranchBoundMRV,1,4,0.135198334,8081,1
extreme_073,Extreme,BranchBoundMRV,1,5,0.135427583,8081,1
extreme_073,Extreme,OpenMP,4,1,0.033522129,7423,1
extreme_073,Extreme,OpenMP,4,2,0.033379078,7338,1
extreme_073,Extreme,OpenMP,4,3,0.033339024,7339,1
extreme_073,Extreme,OpenMP,4,4,0.033435822,7417,1
extreme_073,Extreme,OpenMP,4,5,0.033372879,7339,1
extreme_073,Extreme,OpenMP,8,1,0.045730114,6770,1
extreme_073,Extreme,OpenMP,8,2,0.051850080,7313,1
extreme_073,Extreme,OpenMP,8,3,0.061449051,8007,1
extreme_073,Extreme,OpenMP,8,4,0.033253193,6318,1
extreme_073,Extreme,OpenMP,8,5,0.045747995,7156,1
extreme_073,Extreme,OpenMP,16,1,0.131978989,8081,1
extreme_073,Extreme,OpenMP,16,2,0.097516060,6323,1
extreme_073,Extreme,OpenMP,16,3,0.118114948,7669,1
extreme_073,Extreme,OpenMP,16,4,0.125502825,7333,1
extreme_073,Extreme,OpenMP,16,5,0.119137049,6199,1
extreme_073,Extreme,OMP-BranchBoundMRV,4,1,0.033648968,7461,1
extreme_073,Extreme,OMP-BranchBoundMRV,4,2,0.033488989,7433,1
extreme_073,Extreme,OMP-BranchBoundMRV,4,3,0.033299923,7398,1
extreme_073,Extreme,OMP-BranchBoundMRV,4,4,0.033597946,7421,1
extreme_073,Extreme,OMP-BranchBoundMRV,4,5,0.033598185,7417,1
extreme_073,Extreme,OMP-BranchBoundMRV,8,1,0.040000916,6470,1
extreme_073,Extreme,OMP-BranchBoundMRV,8,2,0.061136007,8081,1
extreme_073,Extreme,OMP-BranchBoundMRV,8,3,0.056574106,7386,1
extreme_073,Extreme,OMP-BranchBoundMRV,8,4,0.057125092,8081,1
extreme_073,Extreme,OMP-BranchBoundMRV,8,5,0.051676035,6575,1
extreme_073,Extreme,OMP-BranchBoundMRV,16,1,0.222877979,8081,1
extreme_073,Extreme,OMP-BranchBoundMRV,16,2,0.109369993,7946,1
extreme_073,Extreme,OMP-BranchBoundMRV,16,3,0.120587111,6694,1
extreme_073,Extreme,OMP-BranchBoundMRV,16,4,0.140820026,7884,1
extreme_073,Extreme,OMP-BranchBoundMRV,16,5,0.119277000,7958,1
extreme_074,Extreme,Serial,1,1,0.058420375,135104,1
extreme_074,Extreme,Serial,1,2,0.055987958,135104,1
extreme_074,Extreme,Serial,1,3,0.055904084,135104,1
extreme_074,Extreme,Serial,1,4,0.057344166,135104,1
extreme_074,Extreme,Serial,1,5,0.056674959,135104,1
extreme_074,Extreme,Serial-MRV,1,1,0.080917084,5779,1
extreme_074,Extreme,Serial-MRV,1,2,0.080816083,5779,1
extreme_074,Extreme,Serial-MRV,1,3,0.082448916,5779,1
extreme_074,Extreme,Serial-MRV,1,4,0.081066667,5779,1
extreme_074,Extreme,Serial-MRV,1,5,0.080737625,5779,1
extreme_074,Extreme,BranchBound,1,1,0.056355333,135104,1
extreme_074,Extreme,BranchBound,1,2,0.056385709,135104,1
extreme_074,Extreme,BranchBound,1,3,0.056323958,135104,1
extreme_074,Extreme,BranchBound,1,4,0.057225000,135104,1
extreme_074,Extreme,BranchBound,1,5,0.057452500,135104,1
extreme_074,Extreme,BranchBoundMRV,1,1,0.090414708,5779,1
extreme_074,Extreme,BranchBoundMRV,1,2,0.090308625,5779,1
extreme_074,Extreme,BranchBoundMRV,1,3,0.092386583,5779,1
extreme_074,Extreme,BranchBoundMRV,1,4,0.090523958,5779,1
extreme_074,Extreme,BranchBoundMRV,1,5,0.090250625,5779,1
extreme_074,Extreme,OpenMP,4,1,0.012115002,2197,1
extreme_074,Extreme,OpenMP,4,2,0.012189150,2207,1
extreme_074,Extreme,OpenMP,4,3,0.012092113,2192,1
extreme_074,Extreme,OpenMP,4,4,0.012103081,2182,1
extreme_074,Extreme,OpenMP,4,5,0.012103081,2197,1
extreme_074,Extreme,OpenMP,8,1,0.017844915,2773,1
extreme_074,Extreme,OpenMP,8,2,0.012200832,2053,1
extreme_074,Extreme,OpenMP,8,3,0.018027067,3114,1
extreme_074,Extreme,OpenMP,8,4,0.014926195,2708,1
extreme_074,Extreme,OpenMP,8,5,0.014961004,2704,1
extreme_074,Extreme,OpenMP,16,1,0.048249006,3168,1
extreme_074,Extreme,OpenMP,16,2,0.023197889,2297,1
extreme_074,Extreme,OpenMP,16,3,0.039300919,2157,1
extreme_074,Extreme,OpenMP,16,4,0.034570932,2457,1
extreme_074,Extreme,OpenMP,16,5,0.029202938,2665,1
extreme_074,Extreme,OMP-BranchBoundMRV,4,1,0.012387991,2906,1
extreme_074,Extreme,OMP-BranchBoundMRV,4,2,0.012220860,2198,1
extreme_074,Extreme,OMP-BranchBoundMRV,4,3,0.012246847,2206,1
extreme_074,Extreme,OMP-BranchBoundMRV,4,4,0.012219906,2199,1
extreme_074,Extreme,OMP-BranchBoundMRV,4,5,0.012230873,2199,1
extreme_074,Extreme,OMP-BranchBoundMRV,8,1,0.020089865,2744,1
extreme_074,Extreme,OMP-BranchBoundMRV,8,2,0.014276981,2626,1
extreme_074,Extreme,OMP-BranchBoundMRV,8,3,0.015800953,2988,1
extreme_074,Extreme,OMP-BranchBoundMRV,8,4,0.015218973,2927,1
extreme_074,Extreme,OMP-BranchBoundMRV,8,5,0.015363932,2771,1
extreme_074,Extreme,OMP-BranchBoundMRV,16,1,0.060564041,4240,1
extreme_074,Extreme,OMP-BranchBoundMRV,16,2,0.030581951,2843,1
extreme_074,Extreme,OMP-BranchBoundMRV,16,3,0.050156116,3494,1
extreme_074,Extreme,OMP-BranchBoundMRV,16,4,0.066635132,2657,1
extreme_074,Extreme,OMP-BranchBoundMRV,16,5,0.116620064,2491,1
extreme_075,Extreme,Serial,1,1,0.043924875,100667,1
extreme_075,Extreme,Serial,1,2,0.044082208,100667,1
extreme_075,Extreme,Serial,1,3,0.043825209,100667,1
extreme_075,Extreme,Serial,1,4,0.043905292,100667,1
extreme_075,Extreme,Serial,1,5,0.044422500,100667,1
extreme_075,Extreme,Serial-MRV,1,1,0.098424333,6202,1
extreme_075,Extreme,Serial-MRV,1,2,0.096958334,6202,1
extreme_075,Extreme,Serial-MRV,1,3,0.099006292,6202,1
extreme_075,Extreme,Serial-MRV,1,4,0.107743209,6202,1
extreme_075,Extreme,Serial-MRV,1,5,0.107747250,6202,1
extreme_075,Extreme,BranchBound,1,1,0.049249542,100667,1
extreme_075,Extreme,BranchBound,1,2,0.048432541,100667,1
extreme_075,Extreme,BranchBound,1,3,0.047167625,100667,1
extreme_075,Extreme,BranchBound,1,4,0.046779375,100667,1
extreme_075,Extreme,BranchBound,1,5,0.047890333,100667,1
extreme_075,Extreme,BranchBoundMRV,1,1,0.116604084,6202,1
extreme_075,Extreme,BranchBoundMRV,1,2,0.112261541,6202,1
extreme_075,Extreme,BranchBoundMRV,1,3,0.111820709,6202,1
extreme_075,Extreme,BranchBoundMRV,1,4,0.110690417,6202,1
extreme_075,Extreme,BranchBoundMRV,1,5,0.110365250,6202,1
extreme_075,Extreme,OpenMP,4,1,0.013504028,2760,1
extreme_075,Extreme,OpenMP,4,2,0.013598919,2778,1
extreme_075,Extreme,OpenMP,4,3,0.013466835,2761,1
extreme_075,Extreme,OpenMP,4,4,0.013448954,2749,1
extreme_075,Extreme,OpenMP,4,5,0.013473988,2696,1
extreme_075,Extreme,OpenMP,8,1,0.019271135,4539,1
extreme_075,Extreme,OpenMP,8,2,0.030863047,6115,1
extreme_075,Extreme,OpenMP,8,3,0.029259920,5362,1
extreme_075,Extreme,OpenMP,8,4,0.022371054,4457,1
extreme_075,Extreme,OpenMP,8,5,0.020884991,4618,1
extreme_075,Extreme,OpenMP,16,1,0.041726112,3610,1
extreme_075,Extreme,OpenMP,16,2,0.071531773,6271,1
extreme_075,Extreme,OpenMP,16,3,0.066312075,6047,1
extreme_075,Extreme,OpenMP,16,4,0.051005840,4334,1
extreme_075,Extreme,OpenMP,16,5,0.062557936,4157,1
extreme_075,Extreme,OMP-BranchBoundMRV,4,1,0.037068844,6466,1
extreme_075,Extreme,OMP-BranchBoundMRV,4,2,0.013580799,2773,1
extreme_075,Extreme,OMP-BranchBoundMRV,4,3,0.036970854,6536,1
extreme_075,Extreme,OMP-BranchBoundMRV,4,4,0.013586044,2784,1
extreme_075,Extreme,OMP-BranchBoundMRV,4,5,0.013600111,2787,1
extreme_075,Extreme,OMP-BranchBoundMRV,8,1,0.020140171,3263,1
extreme_075,Extreme,OMP-BranchBoundMRV,8,2,0.019243002,4386,1
extreme_075,Extreme,OMP-BranchBoundMRV,8,3,0.019495964,4390,1
extreme_075,Extreme,OMP-BranchBoundMRV,8,4,0.019602060,5239,1
extreme_075,Extreme,OMP-BranchBoundMRV,8,5,0.025286913,5052,1
extreme_075,Extreme,OMP-BranchBoundMRV,16,1,0.044110060,4400,1
extreme_075,Extreme,OMP-BranchBoundMRV,16,2,0.040750980,3145,1
extreme_075,Extreme,OMP-BranchBoundMRV,16,3,0.056722879,5479,1
extreme_075,Extreme,OMP-BranchBoundMRV,16,4,0.078403950,6166,1
extreme_075,Extreme,OMP-BranchBoundMRV,16,5,0.044373989,5319,1
extreme_076,Extreme,Serial,1,1,0.052126167,124535,1
extreme_076,Extreme,Serial,1,2,0.051558541,124535,1
extreme_076,Extreme,Serial,1,3,0.051496750,124535,1
extreme_076,Extreme,Serial,1,4,0.051867875,124535,1
extreme_076,Extreme,Serial,1,5,0.052950209,124535,1
extreme_076,Extreme,Serial-MRV,1,1,0.132698916,10211,1
extreme_076,Extreme,Serial-MRV,1,2,0.134446916,10211,1
extreme_076,Extreme,Serial-MRV,1,3,0.132870416,10211,1
extreme_076,Extreme,Serial-MRV,1,4,0.132668459,10211,1
extreme_076,Extreme,Serial-MRV,1,5,0.132604625,10211,1
extreme_076,Extreme,BranchBound,1,1,0.051671750,124535,1
extreme_076,Extreme,BranchBound,1,2,0.051772542,124535,1
extreme_076,Extreme,BranchBound,1,3,0.051738250,124535,1
extreme_076,Extreme,BranchBound,1,4,0.052163458,124535,1
extreme_076,Extreme,BranchBound,1,5,0.053293875,124535,1
extreme_076,Extreme,BranchBoundMRV,1,1,0.153657042,10211,1
extreme_076,Extreme,BranchBoundMRV,1,2,0.155635583,10211,1
extreme_076,Extreme,BranchBoundMRV,1,3,0.153778667,10211,1
extreme_076,Extreme,BranchBoundMRV,1,4,0.153754625,10211,1
extreme_076,Extreme,BranchBoundMRV,1,5,0.153424417,10211,1
extreme_076,Extreme,OpenMP,4,1,0.020986080,5178,1
extreme_076,Extreme,OpenMP,4,2,0.021121979,5215,1
extreme_076,Extreme,OpenMP,4,3,0.021027088,5206,1
extreme_076,Extreme,OpenMP,4,4,0.021205187,5232,1
extreme_076,Extreme,OpenMP,4,5,0.021104097,5194,1
extreme_076,Extreme,OpenMP,8,1,0.036772966,10792,1
extreme_076,Extreme,OpenMP,8,2,0.027369976,8330,1
extreme_076,Extreme,OpenMP,8,3,0.037237883,11403,1
extreme_076,Extreme,OpenMP,8,4,0.025059938,8245,1
extreme_076,Extreme,OpenMP,8,5,0.035902977,11605,1
extreme_076,Extreme,OpenMP,16,1,0.061989069,10178,1
extreme_076,Extreme,OpenMP,16,2,0.065778017,9988,1
extreme_076,Extreme,OpenMP,16,3,0.101067066,10416,1
extreme_076,Extreme,OpenMP,16,4,0.093163013,11631,1
extreme_076,Extreme,OpenMP,16,5,0.091657162,11797,1
extreme_076,Extreme,OMP-BranchBoundMRV,4,1,0.056939840,12052,1
extreme_076,Extreme,OMP-BranchBoundMRV,4,2,0.057003021,12052,1
extreme_076,Extreme,OMP-BranchBoundMRV,4,3,0.057325125,12030,1
extreme_076,Extreme,OMP-BranchBoundMRV,4,4,0.058986187,12069,1
extreme_076,Extreme,OMP-BranchBoundMRV,4,5,0.058401108,12039,1
extreme_076,Extreme,OMP-BranchBoundMRV,8,1,0.033137083,9981,1
extreme_076,Extreme,OMP-BranchBoundMRV,8,2,0.033029795,10436,1
extreme_076,Extreme,OMP-BranchBoundMRV,8,3,0.033218145,8744,1
extreme_076,Extreme,OMP-BranchBoundMRV,8,4,0.027364016,8956,1
extreme_076,Extreme,OMP-BranchBoundMRV,8,5,0.042351961,11348,1
extreme_076,Extreme,OMP-BranchBoundMRV,16,1,0.063645124,9424,1
extreme_076,Extreme,OMP-BranchBoundMRV,16,2,0.060188055,9110,1
extreme_076,Extreme,OMP-BranchBoundMRV,16,3,0.052942038,6806,1
extreme_076,Extreme,OMP-BranchBoundMRV,16,4,0.123908997,11626,1
extreme_076,Extreme,OMP-BranchBoundMRV,16,5,0.047991037,7948,1
extreme_077,Extreme,Serial,1,1,0.039737209,96665,1
extreme_077,Extreme,Serial,1,2,0.039518875,96665,1
extreme_077,Extreme,Serial,1,3,0.039760208,96665,1
extreme_077,Extreme,Serial,1,4,0.040645500,96665,1
extreme_077,Extreme,Serial,1,5,0.039990125,96665,1
extreme_077,Extreme,Serial-MRV,1,1,0.098893250,6598,1
extreme_077,Extreme,Serial-MRV,1,2,0.095626833,6598,1
extreme_077,Extreme,Serial-MRV,1,3,0.095397458,6598,1
extreme_077,Extreme,Serial-MRV,1,4,0.095135250,6598,1
extreme_077,Extreme,Serial-MRV,1,5,0.095259458,6598,1
extreme_077,Extreme,BranchBound,1,1,0.039288166,96665,1
extreme_077,Extreme,BranchBound,1,2,0.039307167,96665,1
extreme_077,Extreme,BranchBound,1,3,0.039227959,96665,1
extreme_077,Extreme,BranchBound,1,4,0.039390750,96665,1
extreme_077,Extreme,BranchBound,1,5,0.039221083,96665,1
extreme_077,Extreme,BranchBoundMRV,1,1,0.109111000,6598,1
extreme_077,Extreme,BranchBoundMRV,1,2,0.105137709,6598,1
extreme_077,Extreme,BranchBoundMRV,1,3,0.105966542,6598,1
extreme_077,Extreme,BranchBoundMRV,1,4,0.104675333,6598,1
extreme_077,Extreme,BranchBoundMRV,1,5,0.104573375,6598,1
extreme_077,Extreme,OpenMP,4,1,0.018991947,3276,1
extreme_077,Extreme,OpenMP,4,2,0.018923044,4412,1
extreme_077,Extreme,OpenMP,4,3,0.018957853,4414,1
extreme_077,Extreme,OpenMP,4,4,0.018882990,3268,1
extreme_077,Extreme,OpenMP,4,5,0.018874884,3301,1
extreme_077,Extreme,OpenMP,8,1,0.030988932,4506,1
extreme_077,Extreme,OpenMP,8,2,0.030642033,5485,1
extreme_077,Extreme,OpenMP,8,3,0.031119108,5042,1
extreme_077,Extreme,OpenMP,8,4,0.037921190,5195,1
extreme_077,Extreme,OpenMP,8,5,0.035384893,4996,1
extreme_077,Extreme,OpenMP,16,1,0.106638908,6548,1
extreme_077,Extreme,OpenMP,16,2,0.098896027,5026,1
extreme_077,Extreme,OpenMP,16,3,0.078496933,5394,1
extreme_077,Extreme,OpenMP,16,4,0.065899134,5151,1
extreme_077,Extreme,OpenMP,16,5,0.104662895,5541,1
extreme_077,Extreme,OMP-BranchBoundMRV,4,1,0.019309998,3287,1
extreme_077,Extreme,OMP-BranchBoundMRV,4,2,0.022244930,3215,1
extreme_077,Extreme,OMP-BranchBoundMRV,4,3,0.030699968,3302,1
extreme_077,Extreme,OMP-BranchBoundMRV,4,4,0.033191919,4287,1
extreme_077,Extreme,OMP-BranchBoundMRV,4,5,0.035032988,5103,1
extreme_077,Extreme,OMP-BranchBoundMRV,8,1,0.074798107,4846,1
extreme_077,Extreme,OMP-BranchBoundMRV,8,2,0.077980995,4017,1
extreme_077,Extreme,OMP-BranchBoundMRV,8,3,0.031323910,3853,1
extreme_077,Extreme,OMP-BranchBoundMRV,8,4,0.043478966,4954,1
extreme_077,Extreme,OMP-BranchBoundMRV,8,5,0.042400122,4222,1
extreme_077,Extreme,OMP-BranchBoundMRV,16,1,0.183326960,4082,1
extreme_077,Extreme,OMP-BranchBoundMRV,16,2,0.140325069,5398,1
extreme_077,Extreme,OMP-BranchBoundMRV,16,3,0.098281860,4738,1
extreme_077,Extreme,OMP-BranchBoundMRV,16,4,0.115556002,4923,1
extreme_077,Extreme,OMP-BranchBoundMRV,16,5,0.080860138,4419,1
extreme_078,Extreme,Serial,1,1,0.017020834,40670,1
extreme_078,Extreme,Serial,1,2,0.017305125,40670,1
extreme_078,Extreme,Serial,1,3,0.016910750,40670,1
extreme_078,Extreme,Serial,1,4,0.016769875,40670,1
extreme_078,Extreme,Serial,1,5,0.017051458,40670,1
extreme_078,Extreme,Serial-MRV,1,1,0.088868791,5971,1
extreme_078,Extreme,Serial-MRV,1,2,0.091519917,5971,1
extreme_078,Extreme,Serial-MRV,1,3,0.090385667,5971,1
extreme_078,Extreme,Serial-MRV,1,4,0.088882583,5971,1
extreme_078,Extreme,Serial-MRV,1,5,0.089171250,5971,1
extreme_078,Extreme,BranchBound,1,1,0.016993334,40670,1
extreme_078,Extreme,BranchBound,1,2,0.016887417,40670,1
extreme_078,Extreme,BranchBound,1,3,0.016960333,40670,1
extreme_078,Extreme,BranchBound,1,4,0.017053625,40670,1
extreme_078,Extreme,BranchBound,1,5,0.017204000,40670,1
extreme_078,Extreme,BranchBoundMRV,1,1,0.102475208,5971,1
extreme_078,Extreme,BranchBoundMRV,1,2,0.106134500,5971,1
extreme_078,Extreme,BranchBoundMRV,1,3,0.103421625,5971,1
extreme_078,Extreme,BranchBoundMRV,1,4,0.103738875,5971,1
extreme_078,Extreme,BranchBoundMRV,1,5,0.102927667,5971,1
extreme_078,Extreme,OpenMP,4,1,0.003154993,542,1
extreme_078,Extreme,OpenMP,4,2,0.003127098,542,1
extreme_078,Extreme,OpenMP,4,3,0.003045082,532,1
extreme_078,Extreme,OpenMP,4,4,0.003127098,542,1
extreme_078,Extreme,OpenMP,4,5,0.003214121,552,1
extreme_078,Extreme,OpenMP,8,1,0.007193089,1345,1
extreme_078,Extreme,OpenMP,8,2,0.003077030,644,1
extreme_078,Extreme,OpenMP,8,3,0.007450104,1383,1
extreme_078,Extreme,OpenMP,8,4,0.003198862,571,1
extreme_078,Extreme,OpenMP,8,5,0.010076046,760,1
extreme_078,Extreme,OpenMP,16,1,0.024033070,1378,1
extreme_078,Extreme,OpenMP,16,2,0.020169973,667,1
extreme_078,Extreme,OpenMP,16,3,0.030063152,985,1
extreme_078,Extreme,OpenMP,16,4,0.034314156,503,1
extreme_078,Extreme,OpenMP,16,5,0.027845144,603,1
extreme_078,Extreme,OMP-BranchBoundMRV,4,1,0.003262043,550,1
extreme_078,Extreme,OMP-BranchBoundMRV,4,2,0.003268003,552,1
extreme_078,Extreme,OMP-BranchBoundMRV,4,3,0.003263950,551,1
extreme_078,Extreme,OMP-BranchBoundMRV,4,4,0.003250837,549,1
extreme_078,Extreme,OMP-BranchBoundMRV,4,5,0.003263950,552,1
extreme_078,Extreme,OMP-BranchBoundMRV,8,1,0.003278971,662,1
extreme_078,Extreme,OMP-BranchBoundMRV,8,2,0.010663033,1602,1
extreme_078,Extreme,OMP-BranchBoundMRV,8,3,0.003297091,637,1
extreme_078,Extreme,OMP-BranchBoundMRV,8,4,0.006913185,1083,1
extreme_078,Extreme,OMP-BranchBoundMRV,8,5,0.003395081,685,1
extreme_078,Extreme,OMP-BranchBoundMRV,16,1,0.028839827,1022,1
extreme_078,Extreme,OMP-BranchBoundMRV,16,2,0.021536112,859,1
extreme_078,Extreme,OMP-BranchBoundMRV,16,3,0.011847973,1284,1
extreme_078,Extreme,OMP-BranchBoundMRV,16,4,0.029814959,756,1
extreme_078,Extreme,OMP-BranchBoundMRV,16,5,0.017114878,952,1
extreme_079,Extreme,Serial,1,1,0.070664250,160061,1
extreme_079,Extreme,Serial,1,2,0.071532792,160061,1
extreme_079,Extreme,Serial,1,3,0.071183417,160061,1
extreme_079,Extreme,Serial,1,4,0.069102916,160061,1
extreme_079,Extreme,Serial,1,5,0.069481917,160061,1
extreme_079,Extreme,Serial-MRV,1,1,0.083933834,5268,1
extreme_079,Extreme,Serial-MRV,1,2,0.082903084,5268,1
extreme_079,Extreme,Serial-MRV,1,3,0.084394916,5268,1
extreme_079,Extreme,Serial-MRV,1,4,0.080633417,5268,1
extreme_079,Extreme,Serial-MRV,1,5,0.080464166,5268,1
extreme_079,Extreme,BranchBound,1,1,0.069649500,160061,1
extreme_079,Extreme,BranchBound,1,2,0.069477750,160061,1
extreme_079,Extreme,BranchBound,1,3,0.069836708,160061,1
extreme_079,Extreme,BranchBound,1,4,0.071247250,160061,1
extreme_079,Extreme,BranchBound,1,5,0.069602625,160061,1
extreme_079,Extreme,BranchBoundMRV,1,1,0.088673208,5268,1
extreme_079,Extreme,BranchBoundMRV,1,2,0.090737333,5268,1
extreme_079,Extreme,BranchBoundMRV,1,3,0.091162625,5268,1
extreme_079,Extreme,BranchBoundMRV,1,4,0.088744417,5268,1
extreme_079,Extreme,BranchBoundMRV,1,5,0.088552917,5268,1
extreme_079,Extreme,OpenMP,4,1,0.058276892,5878,1
extreme_079,Extreme,OpenMP,4,2,0.058386803,5878,1
extreme_079,Extreme,OpenMP,4,3,0.058320999,5878,1
extreme_079,Extreme,OpenMP,4,4,0.059418201,5878,1
extreme_079,Extreme,OpenMP,4,5,0.058860064,5878,1
extreme_079,Extreme,OpenMP,8,1,0.084974051,5878,1
extreme_079,Extreme,OpenMP,8,2,0.070958853,5878,1
extreme_079,Extreme,OpenMP,8,3,0.079258919,5878,1
extreme_079,Extreme,OpenMP,8,4,0.088896990,5878,1
extreme_079,Extreme,OpenMP,8,5,0.107206106,5878,1
extreme_079,Extreme,OpenMP,16,1,0.277871847,5878,1
extreme_079,Extreme,OpenMP,16,2,0.180043936,5878,1
extreme_079,Extreme,OpenMP,16,3,0.198657990,5878,1
extreme_079,Extreme,OpenMP,16,4,0.255635977,5878,1
extreme_079,Extreme,OpenMP,16,5,0.161527872,5878,1
extreme_079,Extreme,OMP-BranchBoundMRV,4,1,0.058438063,5878,1
extreme_079,Extreme,OMP-BranchBoundMRV,4,2,0.059738159,5878,1
extreme_079,Extreme,OMP-BranchBoundMRV,4,3,0.060738087,5878,1
extreme_079,Extreme,OMP-BranchBoundMRV,4,4,0.062894106,5878,1
extreme_079,Extreme,OMP-BranchBoundMRV,4,5,0.061251163,5878,1
extreme_079,Extreme,OMP-BranchBoundMRV,8,1,0.082710028,5878,1
extreme_079,Extreme,OMP-BranchBoundMRV,8,2,0.081819057,5878,1
extreme_079,Extreme,OMP-BranchBoundMRV,8,3,0.093164921,5878,1
extreme_079,Extreme,OMP-BranchBoundMRV,8,4,0.081861973,5878,1
extreme_079,Extreme,OMP-BranchBoundMRV,8,5,0.127315044,5878,1
extreme_079,Extreme,OMP-BranchBoundMRV,16,1,0.121257067,5505,1
extreme_079,Extreme,OMP-BranchBoundMRV,16,2,0.178560972,5878,1
extreme_079,Extreme,OMP-BranchBoundMRV,16,3,0.192751884,5878,1
extreme_079,Extreme,OMP-BranchBoundMRV,16,4,0.185679913,5878,1
extreme_079,Extreme,OMP-BranchBoundMRV,16,5,0.155639172,5878,1
extreme_080,Extreme,Serial,1,1,0.090423916,222307,1
extreme_080,Extreme,Serial,1,2,0.089025458,222307,1
extreme_080,Extreme,Serial,1,3,0.090976708,222307,1
extreme_080,Extreme,Serial,1,4,0.089205500,222307,1
extreme_080,Extreme,Serial,1,5,0.089207625,222307,1
extreme_080,Extreme,Serial-MRV,1,1,0.085467083,7088,1
extreme_080,Extreme,Serial-MRV,1,2,0.085456333,7088,1
extreme_080,Extreme,Serial-MRV,1,3,0.086272291,7088,1
extreme_080,Extreme,Serial-MRV,1,4,0.084529208,7088,1
extreme_080,Extreme,Serial-MRV,1,5,0.084480083,7088,1
extreme_080,Extreme,BranchBound,1,1,0.089465625,222307,1
extreme_080,Extreme,BranchBound,1,2,0.089612916,222307,1
extreme_080,Extreme,BranchBound,1,3,0.091593208,222307,1
extreme_080,Extreme,BranchBound,1,4,0.089548334,222307,1
extreme_080,Extreme,BranchBound,1,5,0.089455500,222307,1
extreme_080,Extreme,BranchBoundMRV,1,1,0.096403208,7088,1
extreme_080,Extreme,BranchBoundMRV,1,2,0.096152917,7088,1
extreme_080,Extreme,BranchBoundMRV,1,3,0.098437917,7088,1
extreme_080,Extreme,BranchBoundMRV,1,4,0.096434292,7088,1
extreme_080,Extreme,BranchBoundMRV,1,5,0.096239292,7088,1
extreme_080,Extreme,OpenMP,4,1,0.012175083,1543,1
extreme_080,Extreme,OpenMP,4,2,0.012036085,1536,1
extreme_080,Extreme,OpenMP,4,3,0.012050152,1538,1
extreme_080,Extreme,OpenMP,4,4,0.012017965,1537,1
extreme_080,Extreme,OpenMP,4,5,0.012016058,1538,1
extreme_080,Extreme,OpenMP,8,1,0.012176037,1450,1
extreme_080,Extreme,OpenMP,8,2,0.014726877,1535,1
extreme_080,Extreme,OpenMP,8,3,0.014931202,1541,1
extreme_080,Extreme,OpenMP,8,4,0.017850161,1573,1
extreme_080,Extreme,OpenMP,8,5,0.012030125,1346,1
extreme_080,Extreme,OpenMP,16,1,0.032679081,1379,1
extreme_080,Extreme,OpenMP,16,2,0.038043022,1742,1
extreme_080,Extreme,OpenMP,16,3,0.030291796,1317,1
extreme_080,Extreme,OpenMP,16,4,0.052919865,1521,1
extreme_080,Extreme,OpenMP,16,5,0.033921957,1420,1
extreme_080,Extreme,OMP-BranchBoundMRV,4,1,0.012165070,1537,1
extreme_080,Extreme,OMP-BranchBoundMRV,4,2,0.012194872,1538,1
extreme_080,Extreme,OMP-BranchBoundMRV,4,3,0.012131929,1539,1
extreme_080,Extreme,OMP-BranchBoundMRV,4,4,0.012129068,1540,1
extreme_080,Extreme,OMP-BranchBoundMRV,4,5,0.012273073,1539,1
extreme_080,Extreme,OMP-BranchBoundMRV,8,1,0.012144804,1445,1
extreme_080,Extreme,OMP-BranchBoundMRV,8,2,0.014649868,1714,1
extreme_080,Extreme,OMP-BranchBoundMRV,8,3,0.015024900,1321,1
extreme_080,Extreme,OMP-BranchBoundMRV,8,4,0.014930964,1730,1
extreme_080,Extreme,OMP-BranchBoundMRV,8,5,0.014981031,1313,1
extreme_080,Extreme,OMP-BranchBoundMRV,16,1,0.078242064,1375,1
extreme_080,Extreme,OMP-BranchBoundMRV,16,2,0.053562164,1540,1
extreme_080,Extreme,OMP-BranchBoundMRV,16,3,0.053618908,1822,1
extreme_080,Extreme,OMP-BranchBoundMRV,16,4,0.026229143,1355,1
extreme_080,Extreme,OMP-BranchBoundMRV,16,5,0.053760052,1567,1
extreme_081,Extreme,Serial,1,1,0.714331292,1616021,1
extreme_081,Extreme,Serial,1,2,0.713385084,1616021,1
extreme_081,Extreme,Serial,1,3,0.712157041,1616021,1
extreme_081,Extreme,Serial,1,4,0.712871750,1616021,1
extreme_081,Extreme,Serial,1,5,0.712427166,1616021,1
extreme_081,Extreme,Serial-MRV,1,1,0.081108209,5636,1
extreme_081,Extreme,Serial-MRV,1,2,0.081094083,5636,1
extreme_081,Extreme,Serial-MRV,1,3,0.082887917,5636,1
extreme_081,Extreme,Serial-MRV,1,4,0.081324875,5636,1
extreme_081,Extreme,Serial-MRV,1,5,0.081098083,5636,1
extreme_081,Extreme,BranchBound,1,1,0.719157041,1616021,1
extreme_081,Extreme,BranchBound,1,2,0.719523542,1616021,1
extreme_081,Extreme,BranchBound,1,3,0.715489708,1616021,1
extreme_081,Extreme,BranchBound,1,4,0.733235208,1616021,1
extreme_081,Extreme,BranchBound,1,5,0.728051125,1616021,1
extreme_081,Extreme,BranchBoundMRV,1,1,0.090218958,5636,1
extreme_081,Extreme,BranchBoundMRV,1,2,0.090155750,5636,1
extreme_081,Extreme,BranchBoundMRV,1,3,0.092281750,5636,1
extreme_081,Extreme,BranchBoundMRV,1,4,0.090030458,5636,1
extreme_081,Extreme,BranchBoundMRV,1,5,0.090383333,5636,1
extreme_081,Extreme,OpenMP,4,1,0.095781088,11315,1
extreme_081,Extreme,OpenMP,4,2,0.098615170,11359,1
extreme_081,Extreme,OpenMP,4,3,0.120258808,11191,1
extreme_081,Extreme,OpenMP,4,4,0.096144199,11297,1
extreme_081,Extreme,OpenMP,4,5,0.095813036,11327,1
extreme_081,Extreme,OpenMP,8,1,0.114320993,9843,1
extreme_081,Extreme,OpenMP,8,2,0.117033005,8926,1
extreme_081,Extreme,OpenMP,8,3,0.190859795,12818,1
extreme_081,Extreme,OpenMP,8,4,0.135211945,11213,1
extreme_081,Extreme,OpenMP,8,5,0.138598919,11326,1
extreme_081,Extreme,OpenMP,16,1,0.201235056,7304,1
extreme_081,Extreme,OpenMP,16,2,0.336812019,11981,1
extreme_081,Extreme,OpenMP,16,3,0.331155777,10727,1
extreme_081,Extreme,OpenMP,16,4,0.311156034,11890,1
extreme_081,Extreme,OpenMP,16,5,0.284276962,10185,1
extreme_081,Extreme,OMP-BranchBoundMRV,4,1,0.096917152,11299,1
extreme_081,Extreme,OMP-BranchBoundMRV,4,2,0.100332022,11329,1
extreme_081,Extreme,OMP-BranchBoundMRV,4,3,0.102309942,11301,1
extreme_081,Extreme,OMP-BranchBoundMRV,4,4,0.099776983,11307,1
extreme_081,Extreme,OMP-BranchBoundMRV,4,5,0.100072861,11306,1
extreme_081,Extreme,OMP-BranchBoundMRV,8,1,0.146585941,11716,1
extreme_081,Extreme,OMP-BranchBoundMRV,8,2,0.132992029,10513,1
extreme_081,Extreme,OMP-BranchBoundMRV,8,3,0.157943010,12462,1
extreme_081,Extreme,OMP-BranchBoundMRV,8,4,0.145190001,11136,1
extreme_081,Extreme,OMP-BranchBoundMRV,8,5,0.145592928,11227,1
extreme_081,Extreme,OMP-BranchBoundMRV,16,1,0.380844116,12089,1
extreme_081,Extreme,OMP-BranchBoundMRV,16,2,0.298946857,10364,1
extreme_081,Extreme,OMP-BranchBoundMRV,16,3,0.304082870,11907,1
extreme_081,Extreme,OMP-BranchBoundMRV,16,4,0.351735115,11949,1
extreme_081,Extreme,OMP-BranchBoundMRV,16,5,0.294698000,10828,1
extreme_082,Extreme,Serial,1,1,0.017182209,38387,1
extreme_082,Extreme,Serial,1,2,0.017037417,38387,1
extreme_082,Extreme,Serial,1,3,0.016692791,38387,1
extreme_082,Extreme,Serial,1,4,0.016491375,38387,1
extreme_082,Extreme,Serial,1,5,0.016404709,38387,1
extreme_082,Extreme,Serial-MRV,1,1,0.074785375,5457,1
extreme_082,Extreme,Serial-MRV,1,2,0.076258875,5457,1
extreme_082,Extreme,Serial-MRV,1,3,0.077246833,5457,1
extreme_082,Extreme,Serial-MRV,1,4,0.074900000,5457,1
extreme_082,Extreme,Serial-MRV,1,5,0.074764000,5457,1
extreme_082,Extreme,BranchBound,1,1,0.016467542,38387,1
extreme_082,Extreme,BranchBound,1,2,0.016487208,38387,1
extreme_082,Extreme,BranchBound,1,3,0.016433292,38387,1
extreme_082,Extreme,BranchBound,1,4,0.016469042,38387,1
extreme_082,Extreme,BranchBound,1,5,0.016475666,38387,1
extreme_082,Extreme,BranchBoundMRV,1,1,0.084753333,5457,1
extreme_082,Extreme,BranchBoundMRV,1,2,0.086382583,5457,1
extreme_082,Extreme,BranchBoundMRV,1,3,0.086019125,5457,1
extreme_082,Extreme,BranchBoundMRV,1,4,0.084301250,5457,1
extreme_082,Extreme,BranchBoundMRV,1,5,0.084585416,5457,1
extreme_082,Extreme,OpenMP,4,1,0.013945103,1619,1
extreme_082,Extreme,OpenMP,4,2,0.013678074,1611,1
extreme_082,Extreme,OpenMP,4,3,0.013676167,1606,1
extreme_082,Extreme,OpenMP,4,4,0.013693094,1612,1
extreme_082,Extreme,OpenMP,4,5,0.013683081,1611,1
extreme_082,Extreme,OpenMP,8,1,0.020929098,1906,1
extreme_082,Extreme,OpenMP,8,2,0.020238876,1606,1
extreme_082,Extreme,OpenMP,8,3,0.020277977,1408,1
extreme_082,Extreme,OpenMP,8,4,0.023468971,2086,1
extreme_082,Extreme,OpenMP,8,5,0.018823147,1596,1
extreme_082,Extreme,OpenMP,16,1,0.074851990,1408,1
extreme_082,Extreme,OpenMP,16,2,0.053852081,1500,1
extreme_082,Extreme,OpenMP,16,3,0.055531979,1546,1
extreme_082,Extreme,OpenMP,16,4,0.136730194,2166,1
extreme_082,Extreme,OpenMP,16,5,0.052541018,1993,1
extreme_082,Extreme,OMP-BranchBoundMRV,4,1,0.013797998,1614,1
extreme_082,Extreme,OMP-BranchBoundMRV,4,2,0.013946056,1614,1
extreme_082,Extreme,OMP-BranchBoundMRV,4,3,0.014189005,1618,1
extreme_082,Extreme,OMP-BranchBoundMRV,4,4,0.014187098,1614,1
extreme_082,Extreme,OMP-BranchBoundMRV,4,5,0.014304876,1616,1
extreme_082,Extreme,OMP-BranchBoundMRV,8,1,0.019830942,1615,1
extreme_082,Extreme,OMP-BranchBoundMRV,8,2,0.018733978,1543,1
extreme_082,Extreme,OMP-BranchBoundMRV,8,3,0.013893127,1470,1
extreme_082,Extreme,OMP-BranchBoundMRV,8,4,0.021979094,1759,1
extreme_082,Extreme,OMP-BranchBoundMRV,8,5,0.018844128,1610,1
extreme_082,Extreme,OMP-BranchBoundMRV,16,1,0.030125856,1405,1
extreme_082,Extreme,OMP-BranchBoundMRV,16,2,0.038488865,1531,1
extreme_082,Extreme,OMP-BranchBoundMRV,16,3,0.038325071,961,1
extreme_082,Extreme,OMP-BranchBoundMRV,16,4,0.044394016,1691,1
extreme_082,Extreme,OMP-BranchBoundMRV,16,5,0.057701111,1899,1
extreme_083,Extreme,Serial,1,1,0.045917166,107727,1
extreme_083,Extreme,Serial,1,2,0.045485084,107727,1
extreme_083,Extreme,Serial,1,3,0.045550625,107727,1
extreme_083,Extreme,Serial,1,4,0.045530834,107727,1
extreme_083,Extreme,Serial,1,5,0.046791959,107727,1
extreme_083,Extreme,Serial-MRV,1,1,0.145842333,9452,1
extreme_083,Extreme,Serial-MRV,1,2,0.146999917,9452,1
extreme_083,Extreme,Serial-MRV,1,3,0.145598584,9452,1
extreme_083,Extreme,Serial-MRV,1,4,0.145530667,9452,1
extreme_083,Extreme,Serial-MRV,1,5,0.145294542,9452,1
extreme_083,Extreme,BranchBound,1,1,0.045788042,107727,1
extreme_083,Extreme,BranchBound,1,2,0.045880667,107727,1
extreme_083,Extreme,BranchBound,1,3,0.045704750,107727,1
extreme_083,Extreme,BranchBound,1,4,0.045729083,107727,1
extreme_083,Extreme,BranchBound,1,5,0.046886000,107727,1
extreme_083,Extreme,BranchBoundMRV,1,1,0.167026458,9452,1
extreme_083,Extreme,BranchBoundMRV,1,2,0.168513584,9452,1
extreme_083,Extreme,BranchBoundMRV,1,3,0.166701292,9452,1
extreme_083,Extreme,BranchBoundMRV,1,4,0.166201750,9452,1
extreme_083,Extreme,BranchBoundMRV,1,5,0.165977458,9452,1
extreme_083,Extreme,OpenMP,4,1,0.004305124,873,1
extreme_083,Extreme,OpenMP,4,2,0.004106998,836,1
extreme_083,Extreme,OpenMP,4,3,0.004158020,845,1
extreme_083,Extreme,OpenMP,4,4,0.004122019,839,1
extreme_083,Extreme,OpenMP,4,5,0.004106998,837,1
extreme_083,Extreme,OpenMP,8,1,0.010208130,1015,1
extreme_083,Extreme,OpenMP,8,2,0.010167837,875,1
extreme_083,Extreme,OpenMP,8,3,0.010264874,2223,1
extreme_083,Extreme,OpenMP,8,4,0.020237923,922,1
extreme_083,Extreme,OpenMP,8,5,0.010203123,1640,1
extreme_083,Extreme,OpenMP,16,1,0.068195820,2002,1
extreme_083,Extreme,OpenMP,16,2,0.027997971,1077,1
extreme_083,Extreme,OpenMP,16,3,0.044434071,3120,1
extreme_083,Extreme,OpenMP,16,4,0.015452862,797,1
extreme_083,Extreme,OpenMP,16,5,0.033830881,1103,1
extreme_083,Extreme,OMP-BranchBoundMRV,4,1,0.004913807,917,1
extreme_083,Extreme,OMP-BranchBoundMRV,4,2,0.004580021,871,1
extreme_083,Extreme,OMP-BranchBoundMRV,4,3,0.004806995,921,1
extreme_083,Extreme,OMP-BranchBoundMRV,4,4,0.004635096,880,1
extreme_083,Extreme,OMP-BranchBoundMRV,4,5,0.004840136,924,1
extreme_083,Extreme,OMP-BranchBoundMRV,8,1,0.016103029,2737,1
extreme_083,Extreme,OMP-BranchBoundMRV,8,2,0.019699097,3885,1
extreme_083,Extreme,OMP-BranchBoundMRV,8,3,0.010228157,2056,1
extreme_083,Extreme,OMP-BranchBoundMRV,8,4,0.013383150,2256,1
extreme_083,Extreme,OMP-BranchBoundMRV,8,5,0.019716024,3469,1
extreme_083,Extreme,OMP-BranchBoundMRV,16,1,0.027420044,2166,1
extreme_083,Extreme,OMP-BranchBoundMRV,16,2,0.018671036,676,1
extreme_083,Extreme,OMP-BranchBoundMRV,16,3,0.079637766,3617,1
extreme_083,Extreme,OMP-BranchBoundMRV,16,4,0.011413097,741,1
extreme_083,Extreme,OMP-BranchBoundMRV,16,5,0.010501862,751,1
extreme_084,Extreme,Serial,1,1,0.008745084,19039,1
extreme_084,Extreme,Serial,1,2,0.008730625,19039,1
extreme_084,Extreme,Serial,1,3,0.008665000,19039,1
extreme_084,Extreme,Serial,1,4,0.008670500,19039,1
extreme_084,Extreme,Serial,1,5,0.008657500,19039,1
extreme_084,Extreme,Serial-MRV,1,1,0.101085167,7284,1
extreme_084,Extreme,Serial-MRV,1,2,0.102067458,7284,1
extreme_084,Extreme,Serial-MRV,1,3,0.102609334,7284,1
extreme_084,Extreme,Serial-MRV,1,4,0.100047750,7284,1
extreme_084,Extreme,Serial-MRV,1,5,0.100091959,7284,1
extreme_084,Extreme,BranchBound,1,1,0.008292792,19039,1
extreme_084,Extreme,BranchBound,1,2,0.008365500,19039,1
extreme_084,Extreme,BranchBound,1,3,0.008258083,19039,1
extreme_084,Extreme,BranchBound,1,4,0.008454333,19039,1
extreme_084,Extreme,BranchBound,1,5,0.008293709,19039,1
extreme_084,Extreme,BranchBoundMRV,1,1,0.114824750,7284,1
extreme_084,Extreme,BranchBoundMRV,1,2,0.117942500,7284,1
extreme_084,Extreme,BranchBoundMRV,1,3,0.116012250,7284,1
extreme_084,Extreme,BranchBoundMRV,1,4,0.115324500,7284,1
extreme_084,Extreme,BranchBoundMRV,1,5,0.114952958,7284,1
extreme_084,Extreme,OpenMP,4,1,0.008408070,1832,1
extreme_084,Extreme,OpenMP,4,2,0.008392096,1832,1
extreme_084,Extreme,OpenMP,4,3,0.008398056,1869,1
extreme_084,Extreme,OpenMP,4,4,0.008389950,1819,1
extreme_084,Extreme,OpenMP,4,5,0.008405209,1835,1
extreme_084,Extreme,OpenMP,8,1,0.008456945,2126,1
extreme_084,Extreme,OpenMP,8,2,0.008491993,2147,1
extreme_084,Extreme,OpenMP,8,3,0.008628130,2167,1
extreme_084,Extreme,OpenMP,8,4,0.008481979,1954,1
extreme_084,Extreme,OpenMP,8,5,0.014271021,3766,1
extreme_084,Extreme,OpenMP,16,1,0.030172825,4780,1
extreme_084,Extreme,OpenMP,16,2,0.040205956,3894,1
extreme_084,Extreme,OpenMP,16,3,0.041388988,3779,1
extreme_084,Extreme,OpenMP,16,4,0.026941061,1676,1
extreme_084,Extreme,OpenMP,16,5,0.017199039,2097,1
extreme_084,Extreme,OMP-BranchBoundMRV,4,1,0.009073973,1885,1
extreme_084,Extreme,OMP-BranchBoundMRV,4,2,0.009783983,2001,1
extreme_084,Extreme,OMP-BranchBoundMRV,4,3,0.009660959,1990,1
extreme_084,Extreme,OMP-BranchBoundMRV,4,4,0.009865046,2047,1
extreme_084,Extreme,OMP-BranchBoundMRV,4,5,0.010177851,2103,1
extreme_084,Extreme,OMP-BranchBoundMRV,8,1,0.014526129,3435,1
extreme_084,Extreme,OMP-BranchBoundMRV,8,2,0.014237165,3266,1
extreme_084,Extreme,OMP-BranchBoundMRV,8,3,0.014358044,3948,1
extreme_084,Extreme,OMP-BranchBoundMRV,8,4,0.014374971,3180,1
extreme_084,Extreme,OMP-BranchBoundMRV,8,5,0.008609056,1667,1
extreme_084,Extreme,OMP-BranchBoundMRV,16,1,0.030562878,1703,1
extreme_084,Extreme,OMP-BranchBoundMRV,16,2,0.030582905,3368,1
extreme_084,Extreme,OMP-BranchBoundMRV,16,3,0.055768967,5462,1
extreme_084,Extreme,OMP-BranchBoundMRV,16,4,0.013909817,2052,1
extreme_084,Extreme,OMP-BranchBoundMRV,16,5,0.031234026,3251,1
extreme_085,Extreme,Serial,1,1,0.003466542,7659,1
extreme_085,Extreme,Serial,1,2,0.003498458,7659,1
extreme_085,Extreme,Serial,1,3,0.003397875,7659,1
extreme_085,Extreme,Serial,1,4,0.003566750,7659,1
extreme_085,Extreme,Serial,1,5,0.003437916,7659,1
extreme_085,Extreme,Serial-MRV,1,1,0.068821667,5165,1
extreme_085,Extreme,Serial-MRV,1,2,0.067741500,5165,1
extreme_085,Extreme,Serial-MRV,1,3,0.068797625,5165,1
extreme_085,Extreme,Serial-MRV,1,4,0.071169167,5165,1
extreme_085,Extreme,Serial-MRV,1,5,0.067853083,5165,1
extreme_085,Extreme,BranchBound,1,1,0.003294625,7659,1
extreme_085,Extreme,BranchBound,1,2,0.003282667,7659,1
extreme_085,Extreme,BranchBound,1,3,0.003312500,7659,1
extreme_085,Extreme,BranchBound,1,4,0.003325583,7659,1
extreme_085,Extreme,BranchBound,1,5,0.003296709,7659,1
extreme_085,Extreme,BranchBoundMRV,1,1,0.079016000,5165,1
extreme_085,Extreme,BranchBoundMRV,1,2,0.078803708,5165,1
extreme_085,Extreme,BranchBoundMRV,1,3,0.080611917,5165,1
extreme_085,Extreme,BranchBoundMRV,1,4,0.080353791,5165,1
extreme_085,Extreme,BranchBoundMRV,1,5,0.079298000,5165,1
extreme_085,Extreme,OpenMP,4,1,0.012486935,2891,1
extreme_085,Extreme,OpenMP,4,2,0.012446880,2879,1
extreme_085,Extreme,OpenMP,4,3,0.012447834,2886,1
extreme_085,Extreme,OpenMP,4,4,0.012521029,2902,1
extreme_085,Extreme,OpenMP,4,5,0.012440920,2885,1
extreme_085,Extreme,OpenMP,8,1,0.018542051,4400,1
extreme_085,Extreme,OpenMP,8,2,0.018346071,4314,1
extreme_085,Extreme,OpenMP,8,3,0.012488842,3355,1
extreme_085,Extreme,OpenMP,8,4,0.018347979,3929,1
extreme_085,Extreme,OpenMP,8,5,0.015460968,3707,1
extreme_085,Extreme,OpenMP,16,1,0.081684113,6456,1
extreme_085,Extreme,OpenMP,16,2,0.039090872,3629,1
extreme_085,Extreme,OpenMP,16,3,0.033558130,3422,1
extreme_085,Extreme,OpenMP,16,4,0.061645031,4857,1
extreme_085,Extreme,OpenMP,16,5,0.061322927,4845,1
extreme_085,Extreme,OMP-BranchBoundMRV,4,1,0.012647152,2897,1
extreme_085,Extreme,OMP-BranchBoundMRV,4,2,0.012537003,2868,1
extreme_085,Extreme,OMP-BranchBoundMRV,4,3,0.012570858,2887,1
extreme_085,Extreme,OMP-BranchBoundMRV,4,4,0.012601852,2898,1
extreme_085,Extreme,OMP-BranchBoundMRV,4,5,0.012565851,2878,1
extreme_085,Extreme,OMP-BranchBoundMRV,8,1,0.012677193,3402,1
extreme_085,Extreme,OMP-BranchBoundMRV,8,2,0.018405199,4439,1
extreme_085,Extreme,OMP-BranchBoundMRV,8,3,0.018578053,3948,1
extreme_085,Extreme,OMP-BranchBoundMRV,8,4,0.017189026,3145,1
extreme_085,Extreme,OMP-BranchBoundMRV,8,5,0.018538952,4370,1
extreme_085,Extreme,OMP-BranchBoundMRV,16,1,0.073396921,4929,1
extreme_085,Extreme,OMP-BranchBoundMRV,16,2,0.032206059,3083,1
extreme_085,Extreme,OMP-BranchBoundMRV,16,3,0.094750166,5770,1
extreme_085,Extreme,OMP-BranchBoundMRV,16,4,0.045339108,3710,1
extreme_085,Extreme,OMP-BranchBoundMRV,16,5,0.048162222,3790,1
extreme_086,Extreme,Serial,1,1,0.073923791,175134,1
extreme_086,Extreme,Serial,1,2,0.073943250,175134,1
extreme_086,Extreme,Serial,1,3,0.075590917,175134,1
extreme_086,Extreme,Serial,1,4,0.075526750,175134,1
extreme_086,Extreme,Serial,1,5,0.074211459,175134,1
extreme_086,Extreme,Serial-MRV,1,1,0.124351625,9712,1
extreme_086,Extreme,Serial-MRV,1,2,0.126585875,9712,1
extreme_086,Extreme,Serial-MRV,1,3,0.125152167,9712,1
extreme_086,Extreme,Serial-MRV,1,4,0.124215834,9712,1
extreme_086,Extreme,Serial-MRV,1,5,0.124193792,9712,1
extreme_086,Extreme,BranchBound,1,1,0.074514458,175134,1
extreme_086,Extreme,BranchBound,1,2,0.074493333,175134,1
extreme_086,Extreme,BranchBound,1,3,0.075644417,175134,1
extreme_086,Extreme,BranchBound,1,4,0.076117084,175134,1
extreme_086,Extreme,BranchBound,1,5,0.074516500,175134,1
extreme_086,Extreme,BranchBoundMRV,1,1,0.142848959,9712,1
extreme_086,Extreme,BranchBoundMRV,1,2,0.145445666,9712,1
extreme_086,Extreme,BranchBoundMRV,1,3,0.143421333,9712,1
extreme_086,Extreme,BranchBoundMRV,1,4,0.143481625,9712,1
extreme_086,Extreme,BranchBoundMRV,1,5,0.143417042,9712,1
extreme_086,Extreme,OpenMP,4,1,0.011408806,2684,1
extreme_086,Extreme,OpenMP,4,2,0.011210918,1978,1
extreme_086,Extreme,OpenMP,4,3,0.011215210,2658,1
extreme_086,Extreme,OpenMP,4,4,0.011229038,1984,1
extreme_086,Extreme,OpenMP,4,5,0.011106968,2642,1
extreme_086,Extreme,OpenMP,8,1,0.017045021,4271,1
extreme_086,Extreme,OpenMP,8,2,0.018361092,4617,1
extreme_086,Extreme,OpenMP,8,3,0.017075062,4331,1
extreme_086,Extreme,OpenMP,8,4,0.017055988,3977,1
extreme_086,Extreme,OpenMP,8,5,0.016942024,4212,1
extreme_086,Extreme,OpenMP,16,1,0.024595022,3423,1
extreme_086,Extreme,OpenMP,16,2,0.053274870,4398,1
extreme_086,Extreme,OpenMP,16,3,0.064168930,4939,1
extreme_086,Extreme,OpenMP,16,4,0.052071095,2958,1
extreme_086,Extreme,OpenMP,16,5,0.075314999,5238,1
extreme_086,Extreme,OMP-BranchBoundMRV,4,1,0.011298895,2752,1
extreme_086,Extreme,OMP-BranchBoundMRV,4,2,0.011256933,2678,1
extreme_086,Extreme,OMP-BranchBoundMRV,4,3,0.011319876,2671,1
extreme_086,Extreme,OMP-BranchBoundMRV,4,4,0.011266232,2676,1
extreme_086,Extreme,OMP-BranchBoundMRV,4,5,0.011265993,2667,1
extreme_086,Extreme,OMP-BranchBoundMRV,8,1,0.016958952,4185,1
extreme_086,Extreme,OMP-BranchBoundMRV,8,2,0.027975082,5811,1
extreme_086,Extreme,OMP-BranchBoundMRV,8,3,0.011306047,3186,1
extreme_086,Extreme,OMP-BranchBoundMRV,8,4,0.017110825,4458,1
extreme_086,Extreme,OMP-BranchBoundMRV,8,5,0.012947083,3234,1
extreme_086,Extreme,OMP-BranchBoundMRV,16,1,0.043199062,5186,1
extreme_086,Extreme,OMP-BranchBoundMRV,16,2,0.062467098,6447,1
extreme_086,Extreme,OMP-BranchBoundMRV,16,3,0.021965981,1953,1
extreme_086,Extreme,OMP-BranchBoundMRV,16,4,0.031990051,3831,1
extreme_086,Extreme,OMP-BranchBoundMRV,16,5,0.033842087,2485,1
extreme_087,Extreme,Serial,1,1,0.043657833,99061,1
extreme_087,Extreme,Serial,1,2,0.042605458,99061,1
extreme_087,Extreme,Serial,1,3,0.042578750,99061,1
extreme_087,Extreme,Serial,1,4,0.042420500,99061,1
extreme_087,Extreme,Serial,1,5,0.042929792,99061,1
extreme_087,Extreme,Serial-MRV,1,1,0.069020375,5169,1
extreme_087,Extreme,Serial-MRV,1,2,0.066881250,5169,1
extreme_087,Extreme,Serial-MRV,1,3,0.066672875,5169,1
extreme_087,Extreme,Serial-MRV,1,4,0.069040083,5169,1
extreme_087,Extreme,Serial-MRV,1,5,0.066923167,5169,1
extreme_087,Extreme,BranchBound,1,1,0.042638834,99061,1
extreme_087,Extreme,BranchBound,1,2,0.042732500,99061,1
extreme_087,Extreme,BranchBound,1,3,0.042786750,99061,1
extreme_087,Extreme,BranchBound,1,4,0.042734917,99061,1
extreme_087,Extreme,BranchBound,1,5,0.043338000,99061,1
extreme_087,Extreme,BranchBoundMRV,1,1,0.076950833,5169,1
extreme_087,Extreme,BranchBoundMRV,1,2,0.075290084,5169,1
extreme_087,Extreme,BranchBoundMRV,1,3,0.076469875,5169,1
extreme_087,Extreme,BranchBoundMRV,1,4,0.076295083,5169,1
extreme_087,Extreme,BranchBoundMRV,1,5,0.075174708,5169,1
extreme_087,Extreme,OpenMP,4,1,0.005646944,953,1
extreme_087,Extreme,OpenMP,4,2,0.005663157,958,1
extreme_087,Extreme,OpenMP,4,3,0.005746126,967,1
extreme_087,Extreme,OpenMP,4,4,0.005647898,956,1
extreme_087,Extreme,OpenMP,4,5,0.005620003,953,1
extreme_087,Extreme,OpenMP,8,1,0.005686045,1559,1
extreme_087,Extreme,OpenMP,8,2,0.011554956,2640,1
extreme_087,Extreme,OpenMP,8,3,0.013454914,3200,1
extreme_087,Extreme,OpenMP,8,4,0.005710125,1159,1
extreme_087,Extreme,OpenMP,8,5,0.011626959,2654,1
extreme_087,Extreme,OpenMP,16,1,0.017776012,1544,1
extreme_087,Extreme,OpenMP,16,2,0.035073042,2657,1
extreme_087,Extreme,OpenMP,16,3,0.026468992,1148,1
extreme_087,Extreme,OpenMP,16,4,0.040513039,2549,1
extreme_087,Extreme,OpenMP,16,5,0.019736052,1140,1
extreme_087,Extreme,OMP-BranchBoundMRV,4,1,0.005980015,1248,1
extreme_087,Extreme,OMP-BranchBoundMRV,4,2,0.006072998,963,1
extreme_087,Extreme,OMP-BranchBoundMRV,4,3,0.005990982,972,1
extreme_087,Extreme,OMP-BranchBoundMRV,4,4,0.005924940,1265,1
extreme_087,Extreme,OMP-BranchBoundMRV,4,5,0.006007910,1247,1
extreme_087,Extreme,OMP-BranchBoundMRV,8,1,0.007880211,1467,1
extreme_087,Extreme,OMP-BranchBoundMRV,8,2,0.005846024,1277,1
extreme_087,Extreme,OMP-BranchBoundMRV,8,3,0.008954048,1635,1
extreme_087,Extreme,OMP-BranchBoundMRV,8,4,0.008893013,1970,1
extreme_087,Extreme,OMP-BranchBoundMRV,8,5,0.008280993,1891,1
extreme_087,Extreme,OMP-BranchBoundMRV,16,1,0.135771990,1794,1
extreme_087,Extreme,OMP-BranchBoundMRV,16,2,0.026154995,1602,1
extreme_087,Extreme,OMP-BranchBoundMRV,16,3,0.016669989,1128,1
extreme_087,Extreme,OMP-BranchBoundMRV,16,4,0.013838053,742,1
extreme_087,Extreme,OMP-BranchBoundMRV,16,5,0.013867855,794,1
extreme_088,Extreme,Serial,1,1,0.475409167,1097038,1
extreme_088,Extreme,Serial,1,2,0.471178750,1097038,1
extreme_088,Extreme,Serial,1,3,0.473242541,1097038,1
extreme_088,Extreme,Serial,1,4,0.471872083,1097038,1
extreme_088,Extreme,Serial,1,5,0.470456042,1097038,1
extreme_088,Extreme,Serial-MRV,1,1,0.125364667,10024,1
extreme_088,Extreme,Serial-MRV,1,2,0.127912875,10024,1
extreme_088,Extreme,Serial-MRV,1,3,0.125990083,10024,1
extreme_088,Extreme,Serial-MRV,1,4,0.125550292,10024,1
extreme_088,Extreme,Serial-MRV,1,5,0.125428000,10024,1
extreme_088,Extreme,BranchBound,1,1,0.477512542,1097038,1
extreme_088,Extreme,BranchBound,1,2,0.474375750,1097038,1
extreme_088,Extreme,BranchBound,1,3,0.476362708,1097038,1
extreme_088,Extreme,BranchBound,1,4,0.474384959,1097038,1
extreme_088,Extreme,BranchBound,1,5,0.474510042,1097038,1
extreme_088,Extreme,BranchBoundMRV,1,1,0.138238208,10024,1
extreme_088,Extreme,BranchBoundMRV,1,2,0.140806292,10024,1
extreme_088,Extreme,BranchBoundMRV,1,3,0.138594459,10024,1
extreme_088,Extreme,BranchBoundMRV,1,4,0.138047708,10024,1
extreme_088,Extreme,BranchBoundMRV,1,5,0.137801791,10024,1
extreme_088,Extreme,OpenMP,4,1,0.009970903,1270,1
extreme_088,Extreme,OpenMP,4,2,0.009899855,1267,1
extreme_088,Extreme,OpenMP,4,3,0.009891033,1268,1
extreme_088,Extreme,OpenMP,4,4,0.009891987,1268,1
extreme_088,Extreme,OpenMP,4,5,0.009883165,1267,1
extreme_088,Extreme,OpenMP,8,1,0.015989065,1444,1
extreme_088,Extreme,OpenMP,8,2,0.010008097,895,1
extreme_088,Extreme,OpenMP,8,3,0.015748024,1632,1
extreme_088,Extreme,OpenMP,8,4,0.009900093,1267,1
extreme_088,Extreme,OpenMP,8,5,0.009920120,1268,1
extreme_088,Extreme,OpenMP,16,1,0.020494938,893,1
extreme_088,Extreme,OpenMP,16,2,0.050191879,1255,1
extreme_088,Extreme,OpenMP,16,3,0.042321920,677,1
extreme_088,Extreme,OpenMP,16,4,0.034467936,999,1
extreme_088,Extreme,OpenMP,16,5,0.035155058,1379,1
extreme_088,Extreme,OMP-BranchBoundMRV,4,1,0.010957003,1324,1
extreme_088,Extreme,OMP-BranchBoundMRV,4,2,0.010479927,1289,1
extreme_088,Extreme,OMP-BranchBoundMRV,4,3,0.010107040,1272,1
extreme_088,Extreme,OMP-BranchBoundMRV,4,4,0.010107040,1277,1
extreme_088,Extreme,OMP-BranchBoundMRV,4,5,0.010029078,1272,1
extreme_088,Extreme,OMP-BranchBoundMRV,8,1,0.016809940,1691,1
extreme_088,Extreme,OMP-BranchBoundMRV,8,2,0.010635853,1282,1
extreme_088,Extreme,OMP-BranchBoundMRV,8,3,0.010020018,1266,1
extreme_088,Extreme,OMP-BranchBoundMRV,8,4,0.010113955,1275,1
extreme_088,Extreme,OMP-BranchBoundMRV,8,5,0.010073900,898,1
extreme_088,Extreme,OMP-BranchBoundMRV,16,1,0.043497086,1276,1
extreme_088,Extreme,OMP-BranchBoundMRV,16,2,0.030208111,1280,1
extreme_088,Extreme,OMP-BranchBoundMRV,16,3,0.052096128,741,1
extreme_088,Extreme,OMP-BranchBoundMRV,16,4,0.032692909,1504,1
extreme_088,Extreme,OMP-BranchBoundMRV,16,5,0.042186975,1567,1
extreme_089,Extreme,Serial,1,1,0.026188459,60774,1
extreme_089,Extreme,Serial,1,2,0.026098084,60774,1
extreme_089,Extreme,Serial,1,3,0.026003417,60774,1
extreme_089,Extreme,Serial,1,4,0.026160417,60774,1
extreme_089,Extreme,Serial,1,5,0.026088250,60774,1
extreme_089,Extreme,Serial-MRV,1,1,0.093214042,6608,1
extreme_089,Extreme,Serial-MRV,1,2,0.096018833,6608,1
extreme_089,Extreme,Serial-MRV,1,3,0.092167792,6608,1
extreme_089,Extreme,Serial-MRV,1,4,0.092036083,6608,1
extreme_089,Extreme,Serial-MRV,1,5,0.091972167,6608,1
extreme_089,Extreme,BranchBound,1,1,0.026284584,60774,1
extreme_089,Extreme,BranchBound,1,2,0.026261125,60774,1
extreme_089,Extreme,BranchBound,1,3,0.026298500,60774,1
extreme_089,Extreme,BranchBound,1,4,0.026262291,60774,1
extreme_089,Extreme,BranchBound,1,5,0.026528834,60774,1
extreme_089,Extreme,BranchBoundMRV,1,1,0.110091833,6608,1
extreme_089,Extreme,BranchBoundMRV,1,2,0.110770292,6608,1
extreme_089,Extreme,BranchBoundMRV,1,3,0.108177583,6608,1
extreme_089,Extreme,BranchBoundMRV,1,4,0.107891583,6608,1
extreme_089,Extreme,BranchBoundMRV,1,5,0.107759250,6608,1
extreme_089,Extreme,OpenMP,4,1,0.045886040,9886,1
extreme_089,Extreme,OpenMP,4,2,0.030411959,6220,1
extreme_089,Extreme,OpenMP,4,3,0.030538082,6228,1
extreme_089,Extreme,OpenMP,4,4,0.030533791,6228,1
extreme_089,Extreme,OpenMP,4,5,0.030504942,6230,1
extreme_089,Extreme,OpenMP,8,1,0.045307875,8855,1
extreme_089,Extreme,OpenMP,8,2,0.046141863,7925,1
extreme_089,Extreme,OpenMP,8,3,0.052671909,9494,1
extreme_089,Extreme,OpenMP,8,4,0.055125952,9461,1
extreme_089,Extreme,OpenMP,8,5,0.044713974,8545,1
extreme_089,Extreme,OpenMP,16,1,0.082847118,8425,1
extreme_089,Extreme,OpenMP,16,2,0.138119221,8940,1
extreme_089,Extreme,OpenMP,16,3,0.094353914,7650,1
extreme_089,Extreme,OpenMP,16,4,0.111469030,9184,1
extreme_089,Extreme,OpenMP,16,5,0.113678932,7717,1
extreme_089,Extreme,OMP-BranchBoundMRV,4,1,0.045840979,9886,1
extreme_089,Extreme,OMP-BranchBoundMRV,4,2,0.045805931,9886,1
extreme_089,Extreme,OMP-BranchBoundMRV,4,3,0.072263956,9886,1
extreme_089,Extreme,OMP-BranchBoundMRV,4,4,0.072501183,9886,1
extreme_089,Extreme,OMP-BranchBoundMRV,4,5,0.046801090,9886,1
extreme_089,Extreme,OMP-BranchBoundMRV,8,1,0.036274910,7149,1
extreme_089,Extreme,OMP-BranchBoundMRV,8,2,0.042213202,7635,1
extreme_089,Extreme,OMP-BranchBoundMRV,8,3,0.053128958,9089,1
extreme_089,Extreme,OMP-BranchBoundMRV,8,4,0.036693811,6734,1
extreme_089,Extreme,OMP-BranchBoundMRV,8,5,0.057171822,8791,1
extreme_089,Extreme,OMP-BranchBoundMRV,16,1,0.190407991,9350,1
extreme_089,Extreme,OMP-BranchBoundMRV,16,2,0.116318941,7936,1
extreme_089,Extreme,OMP-BranchBoundMRV,16,3,0.109610081,9111,1
extreme_089,Extreme,OMP-BranchBoundMRV,16,4,0.102639914,7540,1
extreme_089,Extreme,OMP-BranchBoundMRV,16,5,0.112746000,9489,1
extreme_090,Extreme,Serial,1,1,0.062854542,145945,1
extreme_090,Extreme,Serial,1,2,0.063030417,145945,1
extreme_090,Extreme,Serial,1,3,0.063636292,145945,1
extreme_090,Extreme,Serial,1,4,0.065882875,145945,1
extreme_090,Extreme,Serial,1,5,0.063331500,145945,1
extreme_090,Extreme,Serial-MRV,1,1,0.083611875,5494,1
extreme_090,Extreme,Serial-MRV,1,2,0.083442458,5494,1
extreme_090,Extreme,Serial-MRV,1,3,0.085600750,5494,1
extreme_090,Extreme,Serial-MRV,1,4,0.083846583,5494,1
extreme_090,Extreme,Serial-MRV,1,5,0.083394208,5494,1
extreme_090,Extreme,BranchBound,1,1,0.063219708,145945,1
extreme_090,Extreme,BranchBound,1,2,0.063106000,145945,1
extreme_090,Extreme,BranchBound,1,3,0.063223666,145945,1
extreme_090,Extreme,BranchBound,1,4,0.065386708,145945,1
extreme_090,Extreme,BranchBound,1,5,0.064711000,145945,1
extreme_090,Extreme,BranchBoundMRV,1,1,0.095426125,5494,1
extreme_090,Extreme,BranchBoundMRV,1,2,0.095017750,5494,1
extreme_090,Extreme,BranchBoundMRV,1,3,0.097167209,5494,1
extreme_090,Extreme,BranchBoundMRV,1,4,0.094750625,5494,1
extreme_090,Extreme,BranchBoundMRV,1,5,0.094373000,5494,1
extreme_090,Extreme,OpenMP,4,1,0.035064936,6905,1
extreme_090,Extreme,OpenMP,4,2,0.022404909,4926,1
extreme_090,Extreme,OpenMP,4,3,0.022398949,4924,1
extreme_090,Extreme,OpenMP,4,4,0.022541046,4947,1
extreme_090,Extreme,OpenMP,4,5,0.022428036,4927,1
extreme_090,Extreme,OpenMP,8,1,0.026055098,5803,1
extreme_090,Extreme,OpenMP,8,2,0.009614944,2119,1
extreme_090,Extreme,OpenMP,8,3,0.009707928,2343,1
extreme_090,Extreme,OpenMP,8,4,0.025899172,5757,1
extreme_090,Extreme,OpenMP,8,5,0.009639025,2353,1
extreme_090,Extreme,OpenMP,16,1,0.015626192,2323,1
extreme_090,Extreme,OpenMP,16,2,0.031541109,3819,1
extreme_090,Extreme,OpenMP,16,3,0.045892954,4121,1
extreme_090,Extreme,OpenMP,16,4,0.075690985,5844,1
extreme_090,Extreme,OpenMP,16,5,0.073783159,6247,1
extreme_090,Extreme,OMP-BranchBoundMRV,4,1,0.032372952,6505,1
extreme_090,Extreme,OMP-BranchBoundMRV,4,2,0.035310030,6916,1
extreme_090,Extreme,OMP-BranchBoundMRV,4,3,0.035220146,6913,1
extreme_090,Extreme,OMP-BranchBoundMRV,4,4,0.032094955,6484,1
extreme_090,Extreme,OMP-BranchBoundMRV,4,5,0.035362959,6920,1
extreme_090,Extreme,OMP-BranchBoundMRV,8,1,0.025788784,5250,1
extreme_090,Extreme,OMP-BranchBoundMRV,8,2,0.032341003,5930,1
extreme_090,Extreme,OMP-BranchBoundMRV,8,3,0.024146795,5685,1
extreme_090,Extreme,OMP-BranchBoundMRV,8,4,0.025904894,5861,1
extreme_090,Extreme,OMP-BranchBoundMRV,8,5,0.032772064,6306,1
extreme_090,Extreme,OMP-BranchBoundMRV,16,1,0.094487906,4485,1
extreme_090,Extreme,OMP-BranchBoundMRV,16,2,0.040303946,3403,1
extreme_090,Extreme,OMP-BranchBoundMRV,16,3,0.085991859,6136,1
extreme_090,Extreme,OMP-BranchBoundMRV,16,4,0.032882929,3460,1
extreme_090,Extreme,OMP-BranchBoundMRV,16,5,0.033335924,3869,1
extreme_091,Extreme,Serial,1,1,0.068785666,162184,1
extreme_091,Extreme,Serial,1,2,0.068646541,162184,1
extreme_091,Extreme,Serial,1,3,0.068798000,162184,1
extreme_091,Extreme,Serial,1,4,0.070776166,162184,1
extreme_091,Extreme,Serial,1,5,0.068762042,162184,1
extreme_091,Extreme,Serial-MRV,1,1,0.089010375,6074,1
extreme_091,Extreme,Serial-MRV,1,2,0.088923834,6074,1
extreme_091,Extreme,Serial-MRV,1,3,0.091296000,6074,1
extreme_091,Extreme,Serial-MRV,1,4,0.089121625,6074,1
extreme_091,Extreme,Serial-MRV,1,5,0.089027000,6074,1
extreme_091,Extreme,BranchBound,1,1,0.069031625,162184,1
extreme_091,Extreme,BranchBound,1,2,0.069143083,162184,1
extreme_091,Extreme,BranchBound,1,3,0.069420792,162184,1
extreme_091,Extreme,BranchBound,1,4,0.071218084,162184,1
extreme_091,Extreme,BranchBound,1,5,0.069205250,162184,1
extreme_091,Extreme,BranchBoundMRV,1,1,0.100955583,6074,1
extreme_091,Extreme,BranchBoundMRV,1,2,0.102016459,6074,1
extreme_091,Extreme,BranchBoundMRV,1,3,0.102968083,6074,1
extreme_091,Extreme,BranchBoundMRV,1,4,0.101034459,6074,1
extreme_091,Extreme,BranchBoundMRV,1,5,0.100867792,6074,1
extreme_091,Extreme,OpenMP,4,1,0.002213955,472,1
extreme_091,Extreme,OpenMP,4,2,0.002210855,470,1
extreme_091,Extreme,OpenMP,4,3,0.002182007,468,1
extreme_091,Extreme,OpenMP,4,4,0.002206087,455,1
extreme_091,Extreme,OpenMP,4,5,0.002167940,469,1
extreme_091,Extreme,OpenMP,8,1,0.005174160,947,1
extreme_091,Extreme,OpenMP,8,2,0.005156994,761,1
extreme_091,Extreme,OpenMP,8,3,0.005163908,1112,1
extreme_091,Extreme,OpenMP,8,4,0.005141020,1108,1
extreme_091,Extreme,OpenMP,8,5,0.002223015,356,1
extreme_091,Extreme,OpenMP,16,1,0.013580084,304,1
extreme_091,Extreme,OpenMP,16,2,0.017539978,1099,1
extreme_091,Extreme,OpenMP,16,3,0.028512955,937,1
extreme_091,Extreme,OpenMP,16,4,0.020081043,372,1
extreme_091,Extreme,OpenMP,16,5,0.040310144,458,1
extreme_091,Extreme,OMP-BranchBoundMRV,4,1,0.002408981,485,1
extreme_091,Extreme,OMP-BranchBoundMRV,4,2,0.002328157,459,1
extreme_091,Extreme,OMP-BranchBoundMRV,4,3,0.002325058,475,1
extreme_091,Extreme,OMP-BranchBoundMRV,4,4,0.002318144,474,1
extreme_091,Extreme,OMP-BranchBoundMRV,4,5,0.002371073,482,1
extreme_091,Extreme,OMP-BranchBoundMRV,8,1,0.005343914,934,1
extreme_091,Extreme,OMP-BranchBoundMRV,8,2,0.005455017,1263,1
extreme_091,Extreme,OMP-BranchBoundMRV,8,3,0.005364895,940,1
extreme_091,Extreme,OMP-BranchBoundMRV,8,4,0.002465963,459,1
extreme_091,Extreme,OMP-BranchBoundMRV,8,5,0.002351999,441,1
extreme_091,Extreme,OMP-BranchBoundMRV,16,1,0.046892881,253,1
extreme_091,Extreme,OMP-BranchBoundMRV,16,2,0.017395973,877,1
extreme_091,Extreme,OMP-BranchBoundMRV,16,3,0.014559984,1385,1
extreme_091,Extreme,OMP-BranchBoundMRV,16,4,0.012008905,690,1
extreme_091,Extreme,OMP-BranchBoundMRV,16,5,0.023161888,1463,1
extreme_092,Extreme,Serial,1,1,0.016752792,39349,1
extreme_092,Extreme,Serial,1,2,0.016217542,39349,1
extreme_092,Extreme,Serial,1,3,0.016197000,39349,1
extreme_092,Extreme,Serial,1,4,0.016277125,39349,1
extreme_092,Extreme,Serial,1,5,0.016076916,39349,1
extreme_092,Extreme,Serial-MRV,1,1,0.099405000,6881,1
extreme_092,Extreme,Serial-MRV,1,2,0.103567958,6881,1
extreme_092,Extreme,Serial-MRV,1,3,0.100092708,6881,1
extreme_092,Extreme,Serial-MRV,1,4,0.099107708,6881,1
extreme_092,Extreme,Serial-MRV,1,5,0.099250291,6881,1
extreme_092,Extreme,BranchBound,1,1,0.016223625,39349,1
extreme_092,Extreme,BranchBound,1,2,0.016246750,39349,1
extreme_092,Extreme,BranchBound,1,3,0.016254542,39349,1
extreme_092,Extreme,BranchBound,1,4,0.016207750,39349,1
extreme_092,Extreme,BranchBound,1,5,0.016245417,39349,1
extreme_092,Extreme,BranchBoundMRV,1,1,0.114117292,6881,1
extreme_092,Extreme,BranchBoundMRV,1,2,0.118154791,6881,1
extreme_092,Extreme,BranchBoundMRV,1,3,0.114037375,6881,1
extreme_092,Extreme,BranchBoundMRV,1,4,0.113953625,6881,1
extreme_092,Extreme,BranchBoundMRV,1,5,0.115519208,6881,1
extreme_092,Extreme,OpenMP,4,1,0.017189026,2705,1
extreme_092,Extreme,OpenMP,4,2,0.017250061,2714,1
extreme_092,Extreme,OpenMP,4,3,0.017230034,2716,1
extreme_092,Extreme,OpenMP,4,4,0.017161846,2694,1
extreme_092,Extreme,OpenMP,4,5,0.032418013,5247,1
extreme_092,Extreme,OpenMP,8,1,0.023118973,3834,1
extreme_092,Extreme,OpenMP,8,2,0.023131132,3586,1
extreme_092,Extreme,OpenMP,8,3,0.023031950,3714,1
extreme_092,Extreme,OpenMP,8,4,0.027364969,4080,1
extreme_092,Extreme,OpenMP,8,5,0.031114817,4061,1
extreme_092,Extreme,OpenMP,16,1,0.128616095,5097,1
extreme_092,Extreme,OpenMP,16,2,0.068888903,3341,1
extreme_092,Extreme,OpenMP,16,3,0.084294081,3770,1
extreme_092,Extreme,OpenMP,16,4,0.049615145,3174,1
extreme_092,Extreme,OpenMP,16,5,0.058310986,3773,1
extreme_092,Extreme,OMP-BranchBoundMRV,4,1,0.032614946,5308,1
extreme_092,Extreme,OMP-BranchBoundMRV,4,2,0.018337011,3717,1
extreme_092,Extreme,OMP-BranchBoundMRV,4,3,0.017508030,3561,1
extreme_092,Extreme,OMP-BranchBoundMRV,4,4,0.018409967,3726,1
extreme_092,Extreme,OMP-BranchBoundMRV,4,5,0.017504215,3557,1
extreme_092,Extreme,OMP-BranchBoundMRV,8,1,0.023871899,3764,1
extreme_092,Extreme,OMP-BranchBoundMRV,8,2,0.029268026,4186,1
extreme_092,Extreme,OMP-BranchBoundMRV,8,3,0.027570963,4181,1
extreme_092,Extreme,OMP-BranchBoundMRV,8,4,0.027471066,4154,1
extreme_092,Extreme,OMP-BranchBoundMRV,8,5,0.029597998,4635,1
extreme_092,Extreme,OMP-BranchBoundMRV,16,1,0.051232100,4594,1
extreme_092,Extreme,OMP-BranchBoundMRV,16,2,0.136014938,2644,1
extreme_092,Extreme,OMP-BranchBoundMRV,16,3,0.057193995,4207,1
extreme_092,Extreme,OMP-BranchBoundMRV,16,4,0.088592052,4578,1
extreme_092,Extreme,OMP-BranchBoundMRV,16,5,0.053781033,3992,1
extreme_093,Extreme,Serial,1,1,0.084232917,198598,1
extreme_093,Extreme,Serial,1,2,0.084480916,198598,1
extreme_093,Extreme,Serial,1,3,0.086409125,198598,1
extreme_093,Extreme,Serial,1,4,0.084986166,198598,1
extreme_093,Extreme,Serial,1,5,0.083193500,198598,1
extreme_093,Extreme,Serial-MRV,1,1,0.096946083,7817,1
extreme_093,Extreme,Serial-MRV,1,2,0.096110583,7817,1
extreme_093,Extreme,Serial-MRV,1,3,0.097852250,7817,1
extreme_093,Extreme,Serial-MRV,1,4,0.095967666,7817,1
extreme_093,Extreme,Serial-MRV,1,5,0.095930792,7817,1
extreme_093,Extreme,BranchBound,1,1,0.081726167,198598,1
extreme_093,Extreme,BranchBound,1,2,0.082015333,198598,1
extreme_093,Extreme,BranchBound,1,3,0.083594375,198598,1
extreme_093,Extreme,BranchBound,1,4,0.081934500,198598,1
extreme_093,Extreme,BranchBound,1,5,0.081654625,198598,1
extreme_093,Extreme,BranchBoundMRV,1,1,0.110255833,7817,1
extreme_093,Extreme,BranchBoundMRV,1,2,0.111055833,7817,1
extreme_093,Extreme,BranchBoundMRV,1,3,0.111169375,7817,1
extreme_093,Extreme,BranchBoundMRV,1,4,0.109842416,7817,1
extreme_093,Extreme,BranchBoundMRV,1,5,0.110044834,7817,1
extreme_093,Extreme,OpenMP,4,1,0.025166988,6458,1
extreme_093,Extreme,OpenMP,4,2,0.025111914,6457,1
extreme_093,Extreme,OpenMP,4,3,0.025136948,6456,1
extreme_093,Extreme,OpenMP,4,4,0.025209904,6471,1
extreme_093,Extreme,OpenMP,4,5,0.025120974,6456,1
extreme_093,Extreme,OpenMP,8,1,0.032317162,7589,1
extreme_093,Extreme,OpenMP,8,2,0.032536030,7727,1
extreme_093,Extreme,OpenMP,8,3,0.032994032,7652,1
extreme_093,Extreme,OpenMP,8,4,0.045233011,7817,1
extreme_093,Extreme,OpenMP,8,5,0.041365147,7570,1
extreme_093,Extreme,OpenMP,16,1,0.100147963,7817,1
extreme_093,Extreme,OpenMP,16,2,0.087624073,7195,1
extreme_093,Extreme,OpenMP,16,3,0.068356037,7385,1
extreme_093,Extreme,OpenMP,16,4,0.073292971,6472,1
extreme_093,Extreme,OpenMP,16,5,0.095806837,7241,1
extreme_093,Extreme,OMP-BranchBoundMRV,4,1,0.025265932,6461,1
extreme_093,Extreme,OMP-BranchBoundMRV,4,2,0.025225878,6463,1
extreme_093,Extreme,OMP-BranchBoundMRV,4,3,0.025166988,6461,1
extreme_093,Extreme,OMP-BranchBoundMRV,4,4,0.025155067,6458,1
extreme_093,Extreme,OMP-BranchBoundMRV,4,5,0.025200129,6461,1
extreme_093,Extreme,OMP-BranchBoundMRV,8,1,0.037456036,6920,1
extreme_093,Extreme,OMP-BranchBoundMRV,8,2,0.036972046,7744,1
extreme_093,Extreme,OMP-BranchBoundMRV,8,3,0.044791222,7817,1
extreme_093,Extreme,OMP-BranchBoundMRV,8,4,0.044435978,7764,1
extreme_093,Extreme,OMP-BranchBoundMRV,8,5,0.029460907,7286,1
extreme_093,Extreme,OMP-BranchBoundMRV,16,1,0.131587982,6907,1
extreme_093,Extreme,OMP-BranchBoundMRV,16,2,0.072515011,7345,1
extreme_093,Extreme,OMP-BranchBoundMRV,16,3,0.109247923,7817,1
extreme_093,Extreme,OMP-BranchBoundMRV,16,4,0.068915844,7672,1
extreme_093,Extreme,OMP-BranchBoundMRV,16,5,0.070504904,7491,1
extreme_094,Extreme,Serial,1,1,0.010164917,23277,1
extreme_094,Extreme,Serial,1,2,0.009994041,23277,1
extreme_094,Extreme,Serial,1,3,0.010048833,23277,1
extreme_094,Extreme,Serial,1,4,0.009993250,23277,1
extreme_094,Extreme,Serial,1,5,0.010053292,23277,1
extreme_094,Extreme,Serial-MRV,1,1,0.089021459,5614,1
extreme_094,Extreme,Serial-MRV,1,2,0.089991708,5614,1
extreme_094,Extreme,Serial-MRV,1,3,0.092189833,5614,1
extreme_094,Extreme,Serial-MRV,1,4,0.089051375,5614,1
extreme_094,Extreme,Serial-MRV,1,5,0.088977541,5614,1
extreme_094,Extreme,BranchBound,1,1,0.010117959,23277,1
extreme_094,Extreme,BranchBound,1,2,0.010060709,23277,1
extreme_094,Extreme,BranchBound,1,3,0.010059166,23277,1
extreme_094,Extreme,BranchBound,1,4,0.010062209,23277,1
extreme_094,Extreme,BranchBound,1,5,0.010039208,23277,1
extreme_094,Extreme,BranchBoundMRV,1,1,0.098816875,5614,1
extreme_094,Extreme,BranchBoundMRV,1,2,0.100920750,5614,1
extreme_094,Extreme,BranchBoundMRV,1,3,0.101338375,5614,1
extreme_094,Extreme,BranchBoundMRV,1,4,0.098980584,5614,1
extreme_094,Extreme,BranchBoundMRV,1,5,0.099119917,5614,1
extreme_094,Extreme,OpenMP,4,1,0.008514166,1479,1
extreme_094,Extreme,OpenMP,4,2,0.008501053,1482,1
extreme_094,Extreme,OpenMP,4,3,0.001256943,257,1
extreme_094,Extreme,OpenMP,4,4,0.008522987,1887,1
extreme_094,Extreme,OpenMP,4,5,0.008497953,1802,1
extreme_094,Extreme,OpenMP,8,1,0.002941847,826,1
extreme_094,Extreme,OpenMP,8,2,0.001389980,329,1
extreme_094,Extreme,OpenMP,8,3,0.002888918,819,1
extreme_094,Extreme,OpenMP,8,4,0.001392126,332,1
extreme_094,Extreme,OpenMP,8,5,0.002862930,707,1
extreme_094,Extreme,OpenMP,16,1,0.018799067,830,1
extreme_094,Extreme,OpenMP,16,2,0.020098925,271,1
extreme_094,Extreme,OpenMP,16,3,0.030086994,695,1
extreme_094,Extreme,OpenMP,16,4,0.027974129,2084,1
extreme_094,Extreme,OpenMP,16,5,0.050258160,1217,1
extreme_094,Extreme,OMP-BranchBoundMRV,4,1,0.008667946,1810,1
extreme_094,Extreme,OMP-BranchBoundMRV,4,2,0.009414911,1856,1
extreme_094,Extreme,OMP-BranchBoundMRV,4,3,0.008929014,1754,1
extreme_094,Extreme,OMP-BranchBoundMRV,4,4,0.008975029,1812,1
extreme_094,Extreme,OMP-BranchBoundMRV,4,5,0.009102821,1825,1
extreme_094,Extreme,OMP-BranchBoundMRV,8,1,0.003072023,769,1
extreme_094,Extreme,OMP-BranchBoundMRV,8,2,0.009116888,2174,1
extreme_094,Extreme,OMP-BranchBoundMRV,8,3,0.001760960,275,1
extreme_094,Extreme,OMP-BranchBoundMRV,8,4,0.006377935,1625,1
extreme_094,Extreme,OMP-BranchBoundMRV,8,5,0.010212898,2241,1
extreme_094,Extreme,OMP-BranchBoundMRV,16,1,0.027652979,273,1
extreme_094,Extreme,OMP-BranchBoundMRV,16,2,0.010975122,543,1
extreme_094,Extreme,OMP-BranchBoundMRV,16,3,0.034326792,797,1
extreme_094,Extreme,OMP-BranchBoundMRV,16,4,0.020150900,1590,1
extreme_094,Extreme,OMP-BranchBoundMRV,16,5,0.025968075,1393,1
extreme_095,Extreme,Serial,1,1,0.102228458,227869,1
extreme_095,Extreme,Serial,1,2,0.102068416,227869,1
extreme_095,Extreme,Serial,1,3,0.099590875,227869,1
extreme_095,Extreme,Serial,1,4,0.099668875,227869,1
extreme_095,Extreme,Serial,1,5,0.099697125,227869,1
extreme_095,Extreme,Serial-MRV,1,1,0.142617875,10019,1
extreme_095,Extreme,Serial-MRV,1,2,0.144618042,10019,1
extreme_095,Extreme,Serial-MRV,1,3,0.142996709,10019,1
extreme_095,Extreme,Serial-MRV,1,4,0.142371875,10019,1
extreme_095,Extreme,Serial-MRV,1,5,0.142647250,10019,1
extreme_095,Extreme,BranchBound,1,1,0.100043041,227869,1
extreme_095,Extreme,BranchBound,1,2,0.100123042,227869,1
extreme_095,Extreme,BranchBound,1,3,0.101979334,227869,1
extreme_095,Extreme,BranchBound,1,4,0.100174666,227869,1
extreme_095,Extreme,BranchBound,1,5,0.100120458,227869,1
extreme_095,Extreme,BranchBoundMRV,1,1,0.161127334,10019,1
extreme_095,Extreme,BranchBoundMRV,1,2,0.183734708,10019,1
extreme_095,Extreme,BranchBoundMRV,1,3,0.171391333,10019,1
extreme_095,Extreme,BranchBoundMRV,1,4,0.176739875,10019,1
extreme_095,Extreme,BranchBoundMRV,1,5,0.177188041,10019,1
extreme_095,Extreme,OpenMP,4,1,0.001600027,183,1
extreme_095,Extreme,OpenMP,4,2,0.001576900,182,1
extreme_095,Extreme,OpenMP,4,3,0.001580000,191,1
extreme_095,Extreme,OpenMP,4,4,0.001593113,182,1
extreme_095,Extreme,OpenMP,4,5,0.001569033,183,1
extreme_095,Extreme,OpenMP,8,1,0.017432928,590,1
extreme_095,Extreme,OpenMP,8,2,0.010087967,235,1
extreme_095,Extreme,OpenMP,8,3,0.010063887,212,1
extreme_095,Extreme,OpenMP,8,4,0.010064125,240,1
extreme_095,Extreme,OpenMP,8,5,0.010037899,224,1
extreme_095,Extreme,OpenMP,16,1,0.039554119,495,1
extreme_095,Extreme,OpenMP,16,2,0.034142017,432,1
extreme_095,Extreme,OpenMP,16,3,0.012511015,274,1
extreme_095,Extreme,OpenMP,16,4,0.017445087,263,1
extreme_095,Extreme,OpenMP,16,5,0.041333914,371,1
extreme_095,Extreme,OMP-BranchBoundMRV,4,1,0.001875877,234,1
extreme_095,Extreme,OMP-BranchBoundMRV,4,2,0.002182007,266,1
extreme_095,Extreme,OMP-BranchBoundMRV,4,3,0.001783133,236,1
extreme_095,Extreme,OMP-BranchBoundMRV,4,4,0.001691103,230,1
extreme_095,Extreme,OMP-BranchBoundMRV,4,5,0.001980066,248,1
extreme_095,Extreme,OMP-BranchBoundMRV,8,1,0.001745939,271,1
extreme_095,Extreme,OMP-BranchBoundMRV,8,2,0.002228022,301,1
extreme_095,Extreme,OMP-BranchBoundMRV,8,3,0.001726151,236,1
extreme_095,Extreme,OMP-BranchBoundMRV,8,4,0.002433062,298,1
extreme_095,Extreme,OMP-BranchBoundMRV,8,5,0.002861023,356,1
extreme_095,Extreme,OMP-BranchBoundMRV,16,1,0.007739067,269,1
extreme_095,Extreme,OMP-BranchBoundMRV,16,2,0.008130074,341,1
extreme_095,Extreme,OMP-BranchBoundMRV,16,3,0.007632017,312,1
extreme_095,Extreme,OMP-BranchBoundMRV,16,4,0.007529974,366,1
extreme_095,Extreme,OMP-BranchBoundMRV,16,5,0.010487080,229,1
extreme_096,Extreme,Serial,1,1,0.266461875,638452,1
extreme_096,Extreme,Serial,1,2,0.260383250,638452,1
extreme_096,Extreme,Serial,1,3,0.260154667,638452,1
extreme_096,Extreme,Serial,1,4,0.283712000,638452,1
extreme_096,Extreme,Serial,1,5,0.269178000,638452,1
extreme_096,Extreme,Serial-MRV,1,1,0.204661042,14263,1
extreme_096,Extreme,Serial-MRV,1,2,0.202395250,14263,1
extreme_096,Extreme,Serial-MRV,1,3,0.196905667,14263,1
extreme_096,Extreme,Serial-MRV,1,4,0.307972375,14263,1
extreme_096,Extreme,Serial-MRV,1,5,0.325664125,14263,1
extreme_096,Extreme,BranchBound,1,1,0.268965166,638452,1
extreme_096,Extreme,BranchBound,1,2,0.261910458,638452,1
extreme_096,Extreme,BranchBound,1,3,0.262359000,638452,1
extreme_096,Extreme,BranchBound,1,4,0.261884375,638452,1
extreme_096,Extreme,BranchBound,1,5,0.262773959,638452,1
extreme_096,Extreme,BranchBoundMRV,1,1,0.225504708,14263,1
extreme_096,Extreme,BranchBoundMRV,1,2,0.223227084,14263,1
extreme_096,Extreme,BranchBoundMRV,1,3,0.223884958,14263,1
extreme_096,Extreme,BranchBoundMRV,1,4,0.221132709,14263,1
extreme_096,Extreme,BranchBoundMRV,1,5,0.220844333,14263,1
extreme_096,Extreme,OpenMP,4,1,0.069050074,12562,1
extreme_096,Extreme,OpenMP,4,2,0.068977833,12564,1
extreme_096,Extreme,OpenMP,4,3,0.070461988,12491,1
extreme_096,Extreme,OpenMP,4,4,0.070914030,12528,1
extreme_096,Extreme,OpenMP,4,5,0.069104195,13691,1
extreme_096,Extreme,OpenMP,8,1,0.097072840,13624,1
extreme_096,Extreme,OpenMP,8,2,0.101548910,13821,1
extreme_096,Extreme,OpenMP,8,3,0.106018066,13690,1
extreme_096,Extreme,OpenMP,8,4,0.093801975,13649,1
extreme_096,Extreme,OpenMP,8,5,0.087774038,13044,1
extreme_096,Extreme,OpenMP,16,1,0.142621040,11226,1
extreme_096,Extreme,OpenMP,16,2,0.213912010,12869,1
extreme_096,Extreme,OpenMP,16,3,0.210593224,12570,1
extreme_096,Extreme,OpenMP,16,4,0.180171013,12427,1
extreme_096,Extreme,OpenMP,16,5,0.196645021,12596,1
extreme_096,Extreme,OMP-BranchBoundMRV,4,1,0.069052935,12562,1
extreme_096,Extreme,OMP-BranchBoundMRV,4,2,0.069111824,12584,1
extreme_096,Extreme,OMP-BranchBoundMRV,4,3,0.069503069,12542,1
extreme_096,Extreme,OMP-BranchBoundMRV,4,4,0.070726156,12551,1
extreme_096,Extreme,OMP-BranchBoundMRV,4,5,0.069930077,12537,1
extreme_096,Extreme,OMP-BranchBoundMRV,8,1,0.086349010,11858,1
extreme_096,Extreme,OMP-BranchBoundMRV,8,2,0.106458902,13387,1
extreme_096,Extreme,OMP-BranchBoundMRV,8,3,0.080720901,11551,1
extreme_096,Extreme,OMP-BranchBoundMRV,8,4,0.102324963,13773,1
extreme_096,Extreme,OMP-BranchBoundMRV,8,5,0.091747046,10409,1
extreme_096,Extreme,OMP-BranchBoundMRV,16,1,0.319194078,13544,1
extreme_096,Extreme,OMP-BranchBoundMRV,16,2,0.233973026,14263,1
extreme_096,Extreme,OMP-BranchBoundMRV,16,3,0.213068008,14046,1
extreme_096,Extreme,OMP-BranchBoundMRV,16,4,0.217258930,13503,1
extreme_096,Extreme,OMP-BranchBoundMRV,16,5,0.199285984,12219,1
extreme_097,Extreme,Serial,1,1,0.056373125,125381,1
extreme_097,Extreme,Serial,1,2,0.056306416,125381,1
extreme_097,Extreme,Serial,1,3,0.056916209,125381,1
extreme_097,Extreme,Serial,1,4,0.057817375,125381,1
extreme_097,Extreme,Serial,1,5,0.057125250,125381,1
extreme_097,Extreme,Serial-MRV,1,1,0.124180333,10918,1
extreme_097,Extreme,Serial-MRV,1,2,0.125529042,10918,1
extreme_097,Extreme,Serial-MRV,1,3,0.123905500,10918,1
extreme_097,Extreme,Serial-MRV,1,4,0.123889708,10918,1
extreme_097,Extreme,Serial-MRV,1,5,0.123799000,10918,1
extreme_097,Extreme,BranchBound,1,1,0.056376209,125381,1
extreme_097,Extreme,BranchBound,1,2,0.056323083,125381,1
extreme_097,Extreme,BranchBound,1,3,0.056396041,125381,1
extreme_097,Extreme,BranchBound,1,4,0.057520250,125381,1
extreme_097,Extreme,BranchBound,1,5,0.057145125,125381,1
extreme_097,Extreme,BranchBoundMRV,1,1,0.141525125,10918,1
extreme_097,Extreme,BranchBoundMRV,1,2,0.143349042,10918,1
extreme_097,Extreme,BranchBoundMRV,1,3,0.141509000,10918,1
extreme_097,Extreme,BranchBoundMRV,1,4,0.141853000,10918,1
extreme_097,Extreme,BranchBoundMRV,1,5,0.141410500,10918,1
extreme_097,Extreme,OpenMP,4,1,0.150657892,10918,1
extreme_097,Extreme,OpenMP,4,2,0.152671099,10918,1
extreme_097,Extreme,OpenMP,4,3,0.150479078,10918,1
extreme_097,Extreme,OpenMP,4,4,0.151807785,10918,1
extreme_097,Extreme,OpenMP,4,5,0.152343035,10918,1
extreme_097,Extreme,OpenMP,8,1,0.230296135,10918,1
extreme_097,Extreme,OpenMP,8,2,0.200123072,10918,1
extreme_097,Extreme,OpenMP,8,3,0.166106939,10918,1
extreme_097,Extreme,OpenMP,8,4,0.217804193,10918,1
extreme_097,Extreme,OpenMP,8,5,0.222077131,10918,1
extreme_097,Extreme,OpenMP,16,1,0.441048861,10918,1
extreme_097,Extreme,OpenMP,16,2,0.411915064,10918,1
extreme_097,Extreme,OpenMP,16,3,0.412580967,10918,1
extreme_097,Extreme,OpenMP,16,4,0.425777197,10918,1
extreme_097,Extreme,OpenMP,16,5,0.436639071,10918,1
extreme_097,Extreme,OMP-BranchBoundMRV,4,1,0.153192043,10918,1
extreme_097,Extreme,OMP-BranchBoundMRV,4,2,0.157365084,10918,1
extreme_097,Extreme,OMP-BranchBoundMRV,4,3,0.157174826,10918,1
extreme_097,Extreme,OMP-BranchBoundMRV,4,4,0.158519983,10918,1
extreme_097,Extreme,OMP-BranchBoundMRV,4,5,0.158885956,10918,1
extreme_097,Extreme,OMP-BranchBoundMRV,8,1,0.218687773,10918,1
extreme_097,Extreme,OMP-BranchBoundMRV,8,2,0.194364071,10918,1
extreme_097,Extreme,OMP-BranchBoundMRV,8,3,0.192558050,10918,1
extreme_097,Extreme,OMP-BranchBoundMRV,8,4,0.233851910,10918,1
extreme_097,Extreme,OMP-BranchBoundMRV,8,5,0.226359844,10918,1
extreme_097,Extreme,OMP-BranchBoundMRV,16,1,0.472117901,10918,1
extreme_097,Extreme,OMP-BranchBoundMRV,16,2,0.432929039,10918,1
extreme_097,Extreme,OMP-BranchBoundMRV,16,3,0.448497057,10918,1
extreme_097,Extreme,OMP-BranchBoundMRV,16,4,0.456408978,10918,1
extreme_097,Extreme,OMP-BranchBoundMRV,16,5,0.440680027,10918,1
extreme_098,Extreme,Serial,1,1,0.036259833,82663,1
extreme_098,Extreme,Serial,1,2,0.036473916,82663,1
extreme_098,Extreme,Serial,1,3,0.036170583,82663,1
extreme_098,Extreme,Serial,1,4,0.035453125,82663,1
extreme_098,Extreme,Serial,1,5,0.035460375,82663,1
extreme_098,Extreme,Serial-MRV,1,1,0.079561375,5330,1
extreme_098,Extreme,Serial-MRV,1,2,0.078799625,5330,1
extreme_098,Extreme,Serial-MRV,1,3,0.077043459,5330,1
extreme_098,Extreme,Serial-MRV,1,4,0.077098000,5330,1
extreme_098,Extreme,Serial-MRV,1,5,0.077182625,5330,1
extreme_098,Extreme,BranchBound,1,1,0.035795834,82663,1
extreme_098,Extreme,BranchBound,1,2,0.035695541,82663,1
extreme_098,Extreme,BranchBound,1,3,0.035754958,82663,1
extreme_098,Extreme,BranchBound,1,4,0.035799750,82663,1
extreme_098,Extreme,BranchBound,1,5,0.035730834,82663,1
extreme_098,Extreme,BranchBoundMRV,1,1,0.090493083,5330,1
extreme_098,Extreme,BranchBoundMRV,1,2,0.088795791,5330,1
extreme_098,Extreme,BranchBoundMRV,1,3,0.087445542,5330,1
extreme_098,Extreme,BranchBoundMRV,1,4,0.087550917,5330,1
extreme_098,Extreme,BranchBoundMRV,1,5,0.087288792,5330,1
extreme_098,Extreme,OpenMP,4,1,0.001936197,392,1
extreme_098,Extreme,OpenMP,4,2,0.001874924,388,1
extreme_098,Extreme,OpenMP,4,3,0.001878977,386,1
extreme_098,Extreme,OpenMP,4,4,0.001868010,385,1
extreme_098,Extreme,OpenMP,4,5,0.001890898,390,1
extreme_098,Extreme,OpenMP,8,1,0.004316092,825,1
extreme_098,Extreme,OpenMP,8,2,0.004274130,946,1
extreme_098,Extreme,OpenMP,8,3,0.004367113,965,1
extreme_098,Extreme,OpenMP,8,4,0.001962900,384,1
extreme_098,Extreme,OpenMP,8,5,0.001954794,468,1
extreme_098,Extreme,OpenMP,16,1,0.020066977,380,1
extreme_098,Extreme,OpenMP,16,2,0.021203041,405,1
extreme_098,Extreme,OpenMP,16,3,0.038573980,2001,1
extreme_098,Extreme,OpenMP,16,4,0.032804012,447,1
extreme_098,Extreme,OpenMP,16,5,0.036917925,465,1
extreme_098,Extreme,OMP-BranchBoundMRV,4,1,0.002042055,392,1
extreme_098,Extreme,OMP-BranchBoundMRV,4,2,0.002031088,392,1
extreme_098,Extreme,OMP-BranchBoundMRV,4,3,0.002027988,392,1
extreme_098,Extreme,OMP-BranchBoundMRV,4,4,0.002027035,392,1
extreme_098,Extreme,OMP-BranchBoundMRV,4,5,0.002032042,392,1
extreme_098,Extreme,OMP-BranchBoundMRV,8,1,0.004587889,1030,1
extreme_098,Extreme,OMP-BranchBoundMRV,8,2,0.004438877,961,1
extreme_098,Extreme,OMP-BranchBoundMRV,8,3,0.004594088,1130,1
extreme_098,Extreme,OMP-BranchBoundMRV,8,4,0.004431963,952,1
extreme_098,Extreme,OMP-BranchBoundMRV,8,5,0.002100945,355,1
extreme_098,Extreme,OMP-BranchBoundMRV,16,1,0.026357174,2240,1
extreme_098,Extreme,OMP-BranchBoundMRV,16,2,0.012966871,964,1
extreme_098,Extreme,OMP-BranchBoundMRV,16,3,0.015650988,452,1
extreme_098,Extreme,OMP-BranchBoundMRV,16,4,0.010528088,349,1
extreme_098,Extreme,OMP-BranchBoundMRV,16,5,0.012202024,555,1
extreme_099,Extreme,Serial,1,1,0.007994583,18025,1
extreme_099,Extreme,Serial,1,2,0.007798250,18025,1
extreme_099,Extreme,Serial,1,3,0.007801791,18025,1
extreme_099,Extreme,Serial,1,4,0.007715833,18025,1
extreme_099,Extreme,Serial,1,5,0.007731542,18025,1
extreme_099,Extreme,Serial-MRV,1,1,0.154049750,9753,1
extreme_099,Extreme,Serial-MRV,1,2,0.151835459,9753,1
extreme_099,Extreme,Serial-MRV,1,3,0.150353375,9753,1
extreme_099,Extreme,Serial-MRV,1,4,0.150246625,9753,1
extreme_099,Extreme,Serial-MRV,1,5,0.150551917,9753,1
extreme_099,Extreme,BranchBound,1,1,0.007537250,18025,1
extreme_099,Extreme,BranchBound,1,2,0.007466333,18025,1
extreme_099,Extreme,BranchBound,1,3,0.007482250,18025,1
extreme_099,Extreme,BranchBound,1,4,0.007490042,18025,1
extreme_099,Extreme,BranchBound,1,5,0.007536000,18025,1
extreme_099,Extreme,BranchBoundMRV,1,1,0.172507000,9753,1
extreme_099,Extreme,BranchBoundMRV,1,2,0.179602083,9753,1
extreme_099,Extreme,BranchBoundMRV,1,3,0.172939500,9753,1
extreme_099,Extreme,BranchBoundMRV,1,4,0.171764917,9753,1
extreme_099,Extreme,BranchBoundMRV,1,5,0.171209125,9753,1
extreme_099,Extreme,OpenMP,4,1,0.013330936,2115,1
extreme_099,Extreme,OpenMP,4,2,0.013294935,2121,1
extreme_099,Extreme,OpenMP,4,3,0.013311148,2837,1
extreme_099,Extreme,OpenMP,4,4,0.013303995,2133,1
extreme_099,Extreme,OpenMP,4,5,0.013294935,2125,1
extreme_099,Extreme,OpenMP,8,1,0.019201040,3103,1
extreme_099,Extreme,OpenMP,8,2,0.036031008,4973,1
extreme_099,Extreme,OpenMP,8,3,0.017848969,2792,1
extreme_099,Extreme,OpenMP,8,4,0.023100853,3608,1
extreme_099,Extreme,OpenMP,8,5,0.019663095,2972,1
extreme_099,Extreme,OpenMP,16,1,0.043912888,2403,1
extreme_099,Extreme,OpenMP,16,2,0.082412004,4631,1
extreme_099,Extreme,OpenMP,16,3,0.083456039,4035,1
extreme_099,Extreme,OpenMP,16,4,0.048207998,3827,1
extreme_099,Extreme,OpenMP,16,5,0.071140051,3005,1
extreme_099,Extreme,OMP-BranchBoundMRV,4,1,0.013669014,2806,1
extreme_099,Extreme,OMP-BranchBoundMRV,4,2,0.013375998,2837,1
extreme_099,Extreme,OMP-BranchBoundMRV,4,3,0.013703108,2892,1
extreme_099,Extreme,OMP-BranchBoundMRV,4,4,0.013436079,2848,1
extreme_099,Extreme,OMP-BranchBoundMRV,4,5,0.013411999,2848,1
extreme_099,Extreme,OMP-BranchBoundMRV,8,1,0.018058062,3036,1
extreme_099,Extreme,OMP-BranchBoundMRV,8,2,0.019210100,2591,1
extreme_099,Extreme,OMP-BranchBoundMRV,8,3,0.018179893,2826,1
extreme_099,Extreme,OMP-BranchBoundMRV,8,4,0.013616800,2071,1
extreme_099,Extreme,OMP-BranchBoundMRV,8,5,0.018203974,2789,1
extreme_099,Extreme,OMP-BranchBoundMRV,16,1,0.069397926,3925,1
extreme_099,Extreme,OMP-BranchBoundMRV,16,2,0.090264082,4736,1
extreme_099,Extreme,OMP-BranchBoundMRV,16,3,0.061214209,3388,1
extreme_099,Extreme,OMP-BranchBoundMRV,16,4,0.081787109,1907,1
extreme_099,Extreme,OMP-BranchBoundMRV,16,5,0.075621128,4983,1
extreme_100,Extreme,Serial,1,1,0.004479958,10943,1
extreme_100,Extreme,Serial,1,2,0.004415458,10943,1
extreme_100,Extreme,Serial,1,3,0.004485042,10943,1
extreme_100,Extreme,Serial,1,4,0.004414084,10943,1
extreme_100,Extreme,Serial,1,5,0.004458333,10943,1
extreme_100,Extreme,Serial-MRV,1,1,0.072987125,5632,1
extreme_100,Extreme,Serial-MRV,1,2,0.072863250,5632,1
extreme_100,Extreme,Serial-MRV,1,3,0.074597875,5632,1
extreme_100,Extreme,Serial-MRV,1,4,0.075205250,5632,1
extreme_100,Extreme,Serial-MRV,1,5,0.072813834,5632,1
extreme_100,Extreme,BranchBound,1,1,0.004562625,10943,1
extreme_100,Extreme,BranchBound,1,2,0.004433250,10943,1
extreme_100,Extreme,BranchBound,1,3,0.004456042,10943,1
extreme_100,Extreme,BranchBound,1,4,0.004461000,10943,1
extreme_100,Extreme,BranchBound,1,5,0.004432583,10943,1
extreme_100,Extreme,BranchBoundMRV,1,1,0.082078167,5632,1
extreme_100,Extreme,BranchBoundMRV,1,2,0.082006709,5632,1
extreme_100,Extreme,BranchBoundMRV,1,3,0.084977209,5632,1
extreme_100,Extreme,BranchBoundMRV,1,4,0.083263042,5632,1
extreme_100,Extreme,BranchBoundMRV,1,5,0.082061500,5632,1
extreme_100,Extreme,OpenMP,4,1,0.001157999,239,1
extreme_100,Extreme,OpenMP,4,2,0.001142979,240,1
extreme_100,Extreme,OpenMP,4,3,0.001146078,240,1
extreme_100,Extreme,OpenMP,4,4,0.001154184,240,1
extreme_100,Extreme,OpenMP,4,5,0.001140118,240,1
extreme_100,Extreme,OpenMP,8,1,0.002634048,318,1
extreme_100,Extreme,OpenMP,8,2,0.002719879,424,1
extreme_100,Extreme,OpenMP,8,3,0.001371861,174,1
extreme_100,Extreme,OpenMP,8,4,0.001175880,168,1
extreme_100,Extreme,OpenMP,8,5,0.001176834,194,1
extreme_100,Extreme,OpenMP,16,1,0.020272017,171,1
extreme_100,Extreme,OpenMP,16,2,0.023825884,171,1
extreme_100,Extreme,OpenMP,16,3,0.030069828,407,1
extreme_100,Extreme,OpenMP,16,4,0.011979818,197,1
extreme_100,Extreme,OpenMP,16,5,0.040465832,168,1
extreme_100,Extreme,OMP-BranchBoundMRV,4,1,0.001301050,246,1
extreme_100,Extreme,OMP-BranchBoundMRV,4,2,0.001290083,246,1
extreme_100,Extreme,OMP-BranchBoundMRV,4,3,0.001329184,253,1
extreme_100,Extreme,OMP-BranchBoundMRV,4,4,0.001286030,246,1
extreme_100,Extreme,OMP-BranchBoundMRV,4,5,0.001295090,246,1
extreme_100,Extreme,OMP-BranchBoundMRV,8,1,0.001838923,243,1
extreme_100,Extreme,OMP-BranchBoundMRV,8,2,0.001327991,209,1
extreme_100,Extreme,OMP-BranchBoundMRV,8,3,0.001945019,208,1
extreme_100,Extreme,OMP-BranchBoundMRV,8,4,0.003030062,556,1
extreme_100,Extreme,OMP-BranchBoundMRV,8,5,0.001520157,181,1
extreme_100,Extreme,OMP-BranchBoundMRV,16,1,0.019791126,172,1
extreme_100,Extreme,OMP-BranchBoundMRV,16,2,0.007090092,194,1
extreme_100,Extreme,OMP-BranchBoundMRV,16,3,0.018931150,164,1
extreme_100,Extreme,OMP-BranchBoundMRV,16,4,0.043728113,2557,1
extreme_100,Extreme,OMP-BranchBoundMRV,16,5,0.016189098,1754,1
